source_text,target_text
grande folha caída,sobûerusu
que as veja logo,T'asepîak taûîé!
entrando em tua casa,nde rokype oîkébo
é certo que foi?,Osó ruãpe é?
eu sou hábil em assim agir,Xe popy'i emonã gûitekóbo
levantei-me dormindo,Apakaíb
peço a pedro por roupa,Aîeruré aoba resé Pedro supé
roço a mata,Aka'agûyrok
aquela cidade chamada jerusalém,akûé tabusu Îerusalém 'îaba
resgatei os índios,Aporepŷan apŷaba
como se eu dissesse,Xe 'é îasûaramo n'aé
faço minha futura casa,Aîmonhang oka - Fiz uma casa Xe rokûama aîmonhang
falastes torpemente para vós mesmos?,Penhe'eng poxype pe îoupé?
"quais são, por acaso, as ocasiões de se ter medo da morte?",Mba'e-mba'e-piã te'õ suí nheangûaba?
ouve,Esendu
"adão, nosso primeiro pai, fez-nos perder verdadeiramente","Adão, oré rubypy, oré mokanhemeté"
"um ou outro, porventura, foi mau, às vezes","Oîepé-ĩombé, nipó, i angaîpab amõme é"
estareis aflitos hoje,Peporeaûsu korine
isso dirá somente a ele ou contará ao padre para que o repreenda,Aîpó e'i nhote i xupéne konipó abaré supé i mombe'uû i akakapagûama reséne
faze perdoar a nós,Emoîerekûab orébo
"eu sou uma jibóia, eu sou um socó, eu sou o grande tamoio aimbirê","Xe îyboîa, xe sokó, xe tamuîusu Aîmbiré"
fizeste que uma mulher se pusesse sobre ti para fazer sexo com ela?,Ereîmonhenongype kunhã nde 'arybo sesé eîkóbo?
"jesus cristo, o juiz","Îesu Cristo, tekomonhangara"
"eu estava, mesmo, esquecendo, não que o quisesse omitir","Xe resaraî é gûitekóbo, n'aseîá-potá ruã!"
"eu tenho fôlego apressado, eu tenho muito fôlego",Xe pytubapûan
deleita-me muito,Xe moapysy-katu
miolos de cabeça,a-putu'uma
calos dos pés,mby piru'a
o que é enforcado,i îubykypyra
livra-me tu!,Xe pysyrõ îepé!
"saiu para o pátio, chorando muito dolorosamente","Osem okarype, oîase'o-asy-katûabo"
palavras de quem são aquelas?,Abá nhe'engûerape aîpó?
desde ontem não como nada,Kûesé bé mba'e n'a'uî
antigamente estes habitantes da aldeia sob minhas mãos estavam,Akûeîme kó tabygûara xe pó gûyrybo sekóû
eu desmaiei,Xe re'õ'ar
"para confortar a tua alma, nós o ficamos abraçando","Nde 'anga moapysykápe, oroîaîubã-îubã"
a gente não se esquece do que é saboroso só na aparência,Seba'e-a'uba nhote resé asé na sesaraî
com uma pedra,itá pupé
fazendo-me enxergar,Xe moma'ẽmo
"fugiram dele, deixando-o","Oîabab i xuí, seîá"
que esteja comigo também ao estar eu em ocupação,Xe irũnamo bé t'oîkó marã xe rekóreme
acalmei-me,Aîukatu
obedece bem a mulher a seu marido ao encarregá-la de boas coisas?,Osapîá-katupe kunhã o mena tekó-katu resé o pûaîme?
arrependendo-se ele de ter batido em ti,Nde resé i pûaragûera moasŷabo
vejo meu reflexo,Anhe'angepîak
eu sou sábio,Xe mba'ekugûab
eu sou calvo,Xe 'apytereb
"verdadeira morada de deus, filha de deus","Tupã rendabeté, Tupã raîyra"
sardas do rosto,tobá pinima
saca,aîogûasu
compadece-te de nós,Oré raûsubá îepé
viemos de longe,Îaîu kûepe suí
espiga dele,sara
"transgridem muito a palavra de deus os que se casam, traindo-se um ao outro?",Oîaby-etépe omendaryba'e Tupã nhe'enga o îosuí omondarõmo?
bem com os meus olhos vi que tu as escondeste,Xe resá pupé-katu asepîak nde i mimagûera
"de diante deles ele foi, aos poucos, subindo",Sobaké suí mbegûé-mbegûé i xóû oîeupi
eu sou muito formoso,Xe aysó-katu
acordo de madrugada,Îeîbé apak
"eu estou chagado, eu tenho muitas chagas",Xe îá-xe îaó
glória vã,îerobîá-tenhẽa
estava muito satisfeito na morada deles,Xe apysy-katu sekoápe
os dons do espírito santo,Espírito Santo remime'enga
nós somos gêmeos,Kõîgûera oré
eu tenho cachaço grande,Xe aŷpygûasu
pescador com puçá-guaçu,pysagûasu-eîtykara
a fala de fulano repreendeu-me,Xe momotîasó ahẽ nhe'enga
"esse somente é, de fato, teu nome?",Aîpó nhõ-pipó nde rera?
"além disso, atrai-os o cauim transbordante nas igaçabas",Ygasápe kaûĩ-tuîa a'e ré îamomotá
fui ao encontro do meio das águas,Y pytera asopenhan
soltei as algemas dele,Aîpopûasá-rab
argola de ferro,itá-apynha
com algumas coisas que são saborosas,Amõ seba'e irũmo nhẽ
ferida da cabeça,a-pixapaba
"na verdade, três vezes negarás ser meu discípulo antes de o galo cantar duas vezes",Mosapy ipó xe boîáramo nde rekó ereîkuakub mokõî gûyrá sapukaî'e'ymebéne
fazendo-a estar como presa de aguaixaí,Agûaîxay rembiaramo i moingóbo
curaste os doentes,Eremombûeîrá mara'abora
mas seria difícil para as pessoas comer minha carne,A'e iî abaíbymo abá supé xe ro'o 'u
procedeste segundo a determinação do padre a ti?,Ereîkópe abaré nde moingoaba rupi?
pintei-o,Aîkûatiar
descreve tua terra para mim,Emombe'u nde retama ixébe
"e a mim é que faz vir hoje para vos empurrar, enxotando-vos desta sua terra","Xe-te xe mboú kori pe moanhana, pe mondóbo ikó setama suí"
muitos meninos,kunumĩ-etá
eixo da roda de madeira que gira,ybyrá-pararanga agûeá
confiemos nesses homens,T'i îerobîar apó abá ri
a cobra mordeu a pedro,Mboîa Pedro îaîxu'u
cabelos arrepiados e desgrenhados,a-tyrá-bebó
meu senhor vos mata,Pe îuká xe îara
a que cuida da virtude é a mãe de deus bondosa,Tekokatu angagûara Tupã sy-angaturama
"aonde chegaram com nosso senhor, enfim?",Mamõpe ybŷá Îandé Îara rerobasemi ko'yté?
que venha para nos curar,T'oú îandé posanonga
não me dá possibilidade,Na xe mo'ekatuî
muitas coisas miúdas,ta'yrĩ-rĩ
"ah, quem me dera eu fosse para o céu!",Asó temõ ybakype mã!
"aos tapuias trouxe as velhas de além de magueá então, fiquei descansado",Tapuîpe gûaîbĩ aru amõ Magûeá suí A'ereme aputu'u
"virá de novo jesus cristo do céu, futuramente?",Our-y bépe irã Îesu Cristo ybaka suíne?
"junto do diabo lançando-os, com o qual queimará para sempre",Anhanga pyri seîtyka aûîeramanhẽ i kaîagûama
não serei pecador doravante,Na xe rekopoxyî xûé angiréne
eu tenho olhos tortos,Xe py-bang - Eu tenho os pés tortos Xe resá-bang
é terrível para mim vê-los,I abaeté sepîaka ixébo
deveria eu por bem ensiná-lo,Aîmbo'e be'ĩmo mã
por confundir o inimigo sua alma,O 'anga sumarã o mbo'eaíme
mudo-me,Asem
"miolo, tutano de osso",kanga putu'uma
sendo mãe de deus é que ela é a causa verdadeira da bondade dele,Tupã syramo oîkóbo é i angaturambabetéramo sekóû
querendo que a canoa passe adiante,ygara kûabĩ potá
pedra de beiço pontuda,metarapûá
"o fogo te convém verdadeiramente, para que nele te asses","Tatá nde arõeté, i pupé t'ereîesy"
"sob tuas mãos estamos, em ti apoiando-nos","Nde pó gûyrype oroîkó, nde resé oroîekoka"
nós estamos bem arrasados,Oré tygûé-katu
"à tona d'água, na superfície da água",y-ape'ara rupi
muito escura é a alma do que não é batizado,O pytumimbykamo nhẽ nhemongaraibypyre'yma 'anga rekóû
em sua terra,setãme
para as armadilhas eles levam gente,Mundépe i porerasóû
gastei-o totalmente,Aîmongûy-pab
que vá,T'e'i osóbo
"eu, o diabão assado",Xe anhangusu-mixyra
quem cumpre aquele ?,Abápe aîpoba'e oîmopor?
desemporcalhei-o,Aseîkûaru'umbok
o que tolera o que quer trabalhar nos feriados,Aretéreme i porabyky-potaryba'e mborypara
ficando a tomar poções para não se gerar uma criança,Pitanga nhemonhanga suí oîeposanõ-sanonga
"hei de comê-lo, pois",A'u nhẽne ky
"eia, vai!",-Ene'ĩ esóbo!
a gente o faz ir em busca de padre também?,Abaré abépe asé oîpiamondó?
vem para persegui-lo,Eîori i momosema
"moço que aprende, moço aprendiz",kunumĩ-nhembo'e
sendo mau,O angaîpabamo
"para ele trouxeram, como oferendas, ouro, resina dura que recende e mirra","I xupé ogûeru îetanongabamo itaîuba, ysykatã syapûãba'e, mirra"
o proferir das ladainhas,Ladainhas ra'angaba
aqui estou eu,Kobé aîkó
"meu pai, o que me gerou",xe ruba xe monhangara
para ele mesmo,I xupé é
"jazimento de pedras grandes, penedia",itagûasutyba
eu tenho pintas,Xe pinim
"vem, compadecedor de mim",Eîori xe poraûsubara
faz-te subir consigo hoje,Nde reroîeupi kori
"foram terríveis contra os malditos as flechas de são sebastião, com são lourenço também","I abaeté muru supé São Sebastião ru'uba, São Lourenço pyri bé"
"eis-me aqui, eis que aqui estou",Aîkó
"tu foste gabola, lembrando-te de coisas más?",-Nde nhe'engapaparaípe mba'epoxy resé nde ma'enduaramo?
saltei-o,Aîapyrasab
meios de contar das duas mãos da gente,mokõî asé pó papasaba
que afaste nossa maldade,Îandé aíba t'oîpe'a
crendo na sua ida para o céu,Ybakype i xoagûera rerobîá
ele é azul,Soby
ele te chama particularmente,Nde katu nde renõî
fico-o mastigando,Anhagûã-nhagûãî
vamos comigo,T'îasó xe irũnamo
parto,Aîepabok
ela embarrou nos seus ramos,Sakã resé i îepokoki
no transcorrer de quatro gerações,Oîoirundyk îeapyká sykápe
"sim, esses me satisfazem","Îé, aîpó xe moytarõ"
"coisa muito boa é a confissão, como modo de impedir, também, tua ida para o inferno",Mba'e-eté anhẽ nhemombe'u Anhanga ratápe nde sorambûera morambûesabamono
por que põe sua saliva no nariz da gente?,Mba'erama ripe asé tĩme o endy moíni?
invocam as mulheres o pajé caruara,Osekyî kunhã maîé Karûara
"taquari e tapera, que está diante dela, acreditam em mim","Takûary, sobaîygûara, Tapera, xe rerobîá"
retirei-a,Ano'ẽ
porventura fizeram-se muito maus os homens após se multiplicarem?,Onhemoangaîpabeté serã apŷaba o îeapyká-eté roîré?
aparei-o,Anhopan
"vem, coisa fedorenta!","Eîori, mba'enem!"
eu estou sujo,Xe ky'a
eco de minhas palavras,xe nhe'ẽ-'anga
empurra-o para seu fogo,Oîmoanhã satápe
tornou-te muito bondosa o senhor deus,Nde moangaturameté pa'i Tupã
pedro é maior que tu,Peró turusu-eté nde suí
como criança está nos braços de maria,Pitangamo seni Maria îybápe
eu não tenho resistência,Na xe rosangi
"ao passar minha família, tu cuidavas dela","Xe anama gûatasápe, nde morerekoá sesé"
"no caso de ser difícil frustrar-se essa minha morte, que não se faça minha vontade","Aîpó xe re'õnama rambûera abaíme, t'onhemonhang umẽ xe remimotara"
coisa mirrada ou muito seca,tining-atã
irritam completamente as pessoas,Oporoîrarõ mbá
eu tenho o sangue escorrido,Xe rugûy-syryk
"após aquele revirar-se do mundo, então os anjos vêm",A'e 'ara îepubur'iré a'ereme karaibebé ruri
eu estou com a boca entreaberta,Xe îuru-bok
de modo algum,-N'asé ruã-tepe o emi'urama oîmonhang? - Aani - Mas não é a gente que faz sua comida?
caminhei o dia todo por causa da tua fama,Agûatá ko'arapukuî nde rerapûana resé
"pele esfolada, fora da carne",pirûera
estou bem aûîé aîkó - estou bem,Aûîé aîub
para afugentar o diabo,Anhanga monhegûasemagûama resé
por isso mesmo em tua grande força apóio-me,Nd'a'é te'e nde ratãngatu resé gûiîekoka
vinha com púrpura e espinhos,Aopyranga îu abé ogûerur
teia de aranha,nhandu'i-kesaba
parece investir nossa carne contra nossa alma,Onharõ-berame'ĩ asé ro'o îandé 'anga resé
inclina-se,-Oîerokype asé Cruz supé? -Oîeroky -A gente se inclina junto à cruz?
acreditas no pajé ao fingir assassinar as pessoas?,Ererobîarype paîé porapiti mo'anga'uba?
meteste a mão nas partes erógenas de teu próximo?,Erepo'ẽpe nde rapixara rapupé resé?
não chamando o padre para o doente que está consigo,Mba'easybora o îoesendûara supé abaré renõîe'yma
mais para cá,kokoty bé
"vinde para comer a criança, o cuidado de deus","Peîori pitanga gûabo, Tupana resaetá"
o que a seu filho e a seu escravo faz trabalhar,"O a'yra, o embiaûsuba omoporabykyba'e"
pescador,îeporakasara
furei-o,Aîmokûar
recipientes de pólvora,mokaku'i-uru
"pedaço de roupa, retalho de pano",aopesembûera
ajudante de são lourenço,São Lourenço pytybõana
"ao morrer eu, que venhas","Xe îekyîme, t'ereîu"
as juntas da cabeça,akanga îepotasaba
"tu tens olhos concupiscentes, olhando para alguém?",Nde resá-poropotápe amõ resé ema'ẽmo?
estiro-me,Aîetu'u
está pronto o goitacá ou o filho do guaianá?,Sekoaûîépe gûaîtaká koîpó gûaîanã ra'yra?
algo semelhante a um navio,Ygarusu nungara
vou com ele,Sesé orosó
"por isso mesmo, então, os judeus a puxaram fortemente, fazendo vir junto a pele dele também","Nd'e'i te'e a'ereme Îudeus sykyîatãmo, i pira abé reru"
não querendo que se apague a luz de nossa alma,Asé 'anga resapesaba gûeba potare'yma
uniu-se a nós,Îandé ri oîese'a
"eu mesmo, como se viu, já vos disse isso",Ixé aé ã a'é umûã nakó peẽme
por aqui,kóbo
está cheio teu ventre,I por nde rygé
trabalho com mariscos,Paranãmbora ri aîkó
"eu tenho corcova, eu estou corcunda",Xe kupeasur
hei de cobrir-te,T'oropyk
"vêm em vão para me afastar os ditos ""padres""","Oú tenhẽ xe pe'abo ""abaré"" 'îaba"
"eia, pois, sapo maneta!","Ené, rõ, kururu-asyka!"
eu iria inutilmente,Îepémo asó
desfaleceram os maus,Onhemote'õ'a moxy
após vertê-la dentro de alguma casca de coco,inaîagûasu apepûera amõ pupé i nhang'iré
"como modo de honrar sua vinda, este dia honramos",Turagûera moetesabamo kó 'ara îamoeté
eu seco,Xe rypab
"pelos dias, a cada dia",ara rupi
que vá guaixará para o fogo!,Gûaîxará t'osó tatápe!
quero ir para tua terra,Asó-potá nde retãme
cocei-o,Ase'yĩ
de noite,putunyme
riacho,yekûabusu
"eu tenho bom abrigo, eu estou bem abrigado","Xe 'ang - Eu tenho abrigo, eu estou abrigado Xe 'ãngatu"
anunciando os acontecimentos futuros,Tekorama mombegûabo
nas minhas costas levei-o,Xe aseî arasó
homem muito entendido,abá-tekokugûá-katu
é certo que o comungante comungue algumas vezes sempre?,"A'eboépe Tupã rasara Tupã rari amõme, îepi?"
será que amais vosso salvador?,Pesaûsu ra'upe pe pysyrõana?
o que proclama suas palavras,i nhe'enga mombegûara
tudo faz a aldeia pecar!,Opá taba moangaîpabi!
a água benta é o que faz abrandar também o que os doentes sofrem,Mba'easybora remimborará moarybé-ukasara bé 'ykaraíba
ela teve penca uma vez,Oîepé i pem
"assim como a gente reconhece o dia dos santos, do mesmo modo, também, até mesmo seus ossinhos a gente cultua, tendo-os no pescoço","Oîabo asé santos 'ara kuabi, oîabo bé asé i kangûerĩ tiruã momba'etéû, o aîuri serekóbo"
cortei-lhe o prepúcio,Aî'amopikytĩ
estive por longo tempo,Ymûanĩ xe rekóû
"cumpriste as palavras de teu confessor, a auto-flagelação, os jejuns?","Ereîmoporype nde monhemombegûara nhe'enga, nhenupã, îekuakuba?"
são muitas as grandes igaçabas,Setá nhẽ ygasabusu
"meu nome é ""sapo achatado""","Xe rera ""Kururupeba"""
lamenta-te!,Eîeapirõ!
estou deitado de bruços,Oobapybo aîub
"eu estou-me homiziando, eu estou vivendo fugido",Xe tekoaraibor gûitekóbo
ela é leitosa,I 'aysyk
alimentar os famintos,Ambyasybora poîa
"na verdade, somente estas retirei dos malditos",Kó nhõ anosẽ îepé moxy suí
casa de barro,nhau'umoka
que a gente evoca diante dele como sua esperança?,"Mba'epe asé osenõî i xupé, o îerobîasabamo?"
o que cristo deixa como chefes dos cristãos batizados,Cristãos i mongaraibypyra tekokuaparamo Cristo remieîara
eu sou gritador,Xe nhe'engatãndûer
"logo então a cruz ergueram, fincando-a?",A'eîbépe ybŷá cruz mo'ami i atykábo?
todos os que confessou com os que escondeu voltará a confessar,O emimombe'upûera o emikuakugûera irũmo bé i mombe'uîebyrine
fico-o chacoteando,Aîkurá-kurab
de madrugada levanto-me,Îeîbé apu'am
"assim, desta maneira, na verdade, a gente subirá para o céu, após lançar fora seu grande peso","Nandé rakó asé îeupiri ybakypene, o posyîusu reîtyk'iré"
"cabeça ""enrugada""",akangapixa'ĩ
volta em nossa direção teus olhos compadecedores,Erobak oré koty nde resá-poraûsubara
"eis que também minhas presas hei de dar algumas para ti, para que quebres suas cabeças","Kobé xe rembiaretá t'ame'ẽne amõ endébo, i akanga t'ereîoká"
estou-me agachando,Anhemombeb gûitena
eu sou antigo filho de jetuú,Xe Îetu'u ra'yrûera
como criança gerando-se,pitangamo onhemonhanga
"sábio fingido, pseudo-sábio",mba'ekugûapara'uba
fico escarnecendo das pessoas,Aporoîaî - Escarneço das pessoas Aporoîá-roîaî
certamente! sem dúvida! assim é! tem razão! é verdade!,anhẽ rakó!
"eu vim do rio dos paratis para ver a mãe de deus, ficando a enfeitar-me","Xe Parati 'y suí aîu Tupã sy repîaka, gûinhemoîegûá-îegûaka"
fiquei em pranto,Aîase'o-rekó
"pedra de afiar que gira, pedra de afiar de barbeiro",itaky-nhatimana
"antigamente eu ficava sempre junto de ti, no alto do morro","Akûeîme apytá memẽ nde pyri, ybytyrapûápe"
confessando a gente,Asé monhemombegûabo
a canoa já está pronta,I aûîé umûã ygara
para honrar a deus,Tupã moeteagûama resé
arruinei a todos,Aîmomoxy pabenhẽ
que ele faça deus lembrar-se de nós,A'e îandé resé Tupã t'omoma'enduar
cortei um pedaço,Asykûera aîasy'ab
"sineta de mão, sinozinho manual, campainha",itamaraká-mirĩ
eu estou muito empanturrado,Xe rebykatãgûasu
"o homem desanima, sem mais, de suas danças também",Omanõaibí abá o poraseîtápe bé
"""que se enfraqueça, que amoleça""","""T'onhemomembek, t'onhemoapapu"""
rego d'água,y rapé
não se hão de esvanecer nem um pouco minhas palavras acerca daqueles futuros fatos,N'i rambûé-mirĩî xûé aîpó tekorama resé xe nhe'engane
enfileiramo-nos,Oroîoysyrung
sentou-se em público,Te'yîpe nhẽ i gûapyki
riscaram todo o teu corpo com ferro pontiagudo,Opá nde reté raíri itatîãîa pupé
indo eu para trabalhar,Ûiporabykŷabo gûixóbo
mostram-se a urdir mentiras,E'i mo'ema monhanga
mãos entorpecidas,pó-e'õ
doador de nossa vida,Îandé rekobé me'engara
eu estou liso,Xe sym
desvirginaste alguma menina?,Ereîmombukype kunhataĩ amõ?
sal bento pôs na tua boca para que seja muito saborosa a palavra de deus a ela,Îuky-karaíba oîmondeb nde îurupe ta se'ẽngatu Tupã nhe'enga i xupé
para uma grande escuridão é que iriam,Pytunusupe émo i xóûmo
"será que estais sossegados, sem mais, com vossos montes de maldades?",Pe apysykĩ serã peîkóbo pe rekomemûã aty-atyra pupé?
"tendo saudades do neném, vim de minha casa","Pitangĩ repîaka'upa, aîur xe roka suí"
que o mates para mim diante do pajé ruim,T'ereîuká ixébe paîé-aíba supé
eu sou um jaguaretê comedor de gente!,Xe îagûareteporu!
tipo de corte de cabelo dos índios,andyrá-'aba
pode também tomá-lo algumas vezes em outros dias?,E'ikatu bépe amõ 'ara pupé amõme asé tara?
"ficaste bêbado de cauim, perdendo o juízo?","Eresabeyporype kaûĩ suí, 'ara mokanhema?"
santa maria está pensando na aproximação de seu parto,Santa Maria o membyrá-kakara omo'ã-mo'ang
não ficam receosos os outros de não serem objetos do perdão de deus?,N'oîkotebẽî amõba'e Tupã nhyrõsabe'yma?
o oposto daqueles pecados,aîpó tekoangaîpaba robaîara
"ele, após crescer, entregou-se aos homens maus, fazendo-se matar na cruz","A'e o kakuab'iré, i nheme'engi apŷabaíba supé, oîeîuká-uká ybyraîoasaba resé"
queres teu batismo?,Ereîpotápe nde nhemoîasuka?
eu sou muito pecador,Xe angaîpab-eté
como sem ti,Amba'e-'u nde suí
"são muitos os não conhecidos que deus somente, o criador deles, conhece",Se'yî i kuabypyre'yma Tupã i monhangara remingûaba nhõ
gordura de animal,mba'e-kagûera
mais que a todos os seres humanos embelezou-a,Abá sosé pabẽ i momorangi
entalhe da flecha,u'uba nhã
"sofreu, suportando o fogo, tendo alegria após sua morte","Sosang, tatá porarábo, o manõ riré toryba rerekóbo"
"ah, se viesse!",Tera'ute oú
"tens compaixão de tua mãe e de teu pai quando eles estão deitados, doentes, sendo responsável por eles?","Eresaûsubápe nde sy nde ruba i mba'easy tume, sesé nde morerekoaramo?"
alguns santos,amõ amõ santos
eis que vais vais,Eresó ûĩ
eu estou inchado,Xe pungá
"após resgatares bem tuas maldades antigas, que te regozijes muito com a virtude","Nde rekomemûãagûera repyme'ẽngatu roîré, t'ereîekosubeté tekoporanga resé"
eu não estou sendo fantasioso,Na xe poranguî gûitekóbo
hei de me embebedar para perder o juízo,T'asabeypóne 'ara mokanhema
que estes em quem mandas lancem fora toda a maldade,Kó nde remimbûaîetá t'oîtyk pá tekopoxy
"antigamente frequentavas nossa terra, amando-a","Akûeîme eresapekó oré retama, saûsupa"
sus! ide!,Pene'ĩ pesóbo
"bem cedo, bem de madrugada",îeîbeté
"mas apanha, antes, meu chefe!",Eîá-te xe rubixaba!
pelo sinal da santa cruz livra-nos tu,Santa Cruz ra'angaba resé oré pysyrõ îepé
sou diferente,Aîkoé
o cauim que é preparado para meu recebimento,kaûĩ xe renotara
daqui a pouquinho castigo-o,Aînupã apyri'ĩ
não contém mais nada minha bolsa,N'i pori be'ĩ xe aîó
"e mentindo também aquele que invoca sua alma, que acontece?","O 'anga renõîndara abé o îuraragûaîamo nhẽ, marãpe?"
a mirra de polpa era o anúncio de sua futura morte pela gente,To'o suí mirra moroesé se'õagûama mombegûaba
encosto-me nele,Aîekok sesé
quando cumprirás isso que dizes?,Erimba'epe aîpó nde 'îaba ereîmopóne?
ainda hoje fazendo-os cair,A'ebé kori i mbo'ane
ajuntamento de canas-de-flecha,u'ubá-tyba
"ah, oxalá ele viesse!",Marãîasûaramo turi mã!
diferenciando-a das outras mulheres,Amõ kunhã suí i moingoébo
este é o máximo,Kó-tene i îaeté
deste veneno para uma mulher grávida?,Ereîme'engype mosangygûaba kunhãmuru'abora supé?
trouxe a coragem,Myatã ogûeru
minh'alma faz firme,Xe 'anga moteni
poleiro de aves,gûyrá-kesaba
quantos são os mandamentos dele à gente?,Mobype a'e asé rekomonhangaba?
"ficando a esperar ansiosamente a morte korikorinhẽa'ub 'ara repîaki, i moanhẽmo - deseja logo ver o dia, ficando ansioso por ele",Te'õ moanhẽ-anhẽmo
"o que tu escondeste, na verdade, onde tu roubaste?","Nde remimimbûera, anhẽ, umãmepe nde mondá?"
"é mole, está sob as mãos do diabo","I membek, Anhanga pó gûyrybo nhẽ sekóû"
apaga o fogo,Emogûeb tatá
o assar do pão,miapé îyba
"por isso mesmo, a pessoa que deseja a virtude mirra-se de corpo",Nd'e'i te'e abá tekokatu potasara gûo'opore'yma
as que dizem coisas más,Marã e'îara
é terrível para mim vê-los,I abaeté sepîaka ixébo
rapariga,kunhataĩ-a'uba
e como alguém procederá encontrando aquilo que esqueceu?,A'epe marã abá rekóû a'e o esaraîagûera supé ogûasemane?
eu lhe mordo a cabeça,Aî'asu'u
tendo alegria após sua morte,O manõ riré toryba rerekóbo
para outra coisa que não o pássaro a flecha foi,Gûyrá taté u'uba sóû
"tenho meu modo de ser diferente , oré rekó-rekó-aé oroerekó - temos nossos modos de ser diferentes",Xe rekó-aé arekó
do céu vieste,Ybaka suí ereîur
faço-o doente,Aîmomara'ar
hei de vê-lo,T'asepîáne
eu tenho criações,Xe reîmbab
ali ficai enquanto eu não vos informar acerca de vossa futura volta,Ebapó ta peîkó pe îebyragûama resé ixé nde momorandube'yma pukuî
"capim que fica estalando, junco",kapi'ĩ-pururuka
"vem, nomeia os que tu derrotas por aí","Îori, esenõî angá kûeîbo nde remimoaûîé"
com meu cônjuge verdadeiro somente hei de ter relações sexuais,Xe mendasabeté resé nhõ t'aîkóne
remédio portador de cura,mosanga moeîrabyîara
lanço palavras contra ele,Aîtyk nhe'enga sesé
untei as penas de pássaro,Aîmongy gûyrá-aba
mandei fazer palma,Apindó-pûaî
no fim do mundo,ara papápe
isso o senhor deus não quer,Ianga Pa'i Tupã n'oîpotari
acovardo-me,Amembek
cantinho dela,sûá'ĩ
sempre eu ensinei publicamente as pessoas,Te'yîpe memẽ nhẽ ixé aporombo'e
o homem que come objeto de furto ou que o leva para sua casa,Abá mondarõagûera o'uba'e koîpó og okype ogûerasoba'e
fui sem resultado,Asó biã
hei de flechá-lo!,T'aîybõne!
"fizemo-nos passar uns aos outros, passamos uns com os outros",Oroîoerokûab
tirei o luto,Aîeaibok
"sempre os malditos para nós dizem maldades, mui perversamente",Memẽ nhẽ moxy îandébo marã e'i-memûã-memûã
tenho a carne arrepiada,Xe ro'o-piring
distribuo-os,Aîma'e'ĩ
ela é muito bojuda,I ku'agûasu
tenho vida boa,Tekó-katu arekó
contando as maldades escondidas de alguém para quem não as conhece,Abá angaîpá-nhemima i kuapare'yma supé mombegûabo
olhando na ponta dos teus olhos,Nde resá-popybo ema'ẽmo
"vinde, abraçai o neném compadecedor","Peîori, peîaîubã pitangĩ-moraûsubara"
deus-pai,Tupã Tuba
"então os anjos virão, chamando os mortos, tocando trombetas","A'ereme karaibebé ruri, te'õmbûera renõîa, mimbygûasu pŷabo"
estive assentado no tronco de uma árvore,Ybyrá-ypype aín
estes que estão em ibiapaba,kó Yby'apapesûara
trucidador,morapitîara
"eia tu, avante!",Nde katunhẽ
"do nada fez nossa alma, com sua palavra é que ele a fez","Nama'eruã oîmonhang asé 'angamo, o nhe'enga pupé é i monhangi"
isto pela primeira vez,Ang é
ovo de arinhama,arinhama rupi'a
contaste para alguém que tu ficaste passando a mão em mulheres?,Ereîmombe'upe kunhã resé nde pokó-pokokagûera abá supé?
"acredita, meu padrinho, hão de te apresar hoje","Erobîá, xe rubangab, ta nde moembiá kori"
tu foste desonesto com alguma irmã verdadeira de tua esposa?,Nde poxype nde remirekó asykûereté amõ resé?
"meu senhor, eis que eu não sou digno para que entres em meu coração","Xe îar, na xe angaturami ã a'emo ereîké xe py'ape"
tirante a vermelho,pyrangaíb
fiquei-lhe puxando a cabeça,Aîakangeky-ekyî
eu estou debilitado,Xe aíb
"estorvo do anzol, isto é, corda com que se reata este",pindá-aŷpypûasaba
sua muita bondade engrandecendo,I angaturãngatu moeburusûabo
turvei sua água,Aîmo'ypiting
chegou a nós sua luz para sempre,Osyk oré ri sendy îepi nhẽ
"muito bem, então! que venha","Aûîebeté, rõ! T'oú"
lembrando nós,îandé ma'enduaramo
"levaram-no para um certo palácio, fazendo-o entrar, reunindo soldados fortes ali por sua causa","Ogûerasó amõ okusupe seroîkŷabo, a'epe maranaritekoaratã reŷnhanga sesé"
"""ah, coitadinho de mim"" é o que é ouvido aí","""Xe poreaûsubeté'ĩ mã!"" sendubypyramo a'epe"
os que têm a beatitude são os que apaziguam as pessoas,Tekokatueté rerekoara oporomonhyrõba'e
balanço meu rabo,Aîmobabak xe rûaîa
trava-me a língua esta fruta,Xe apekũ-mombyk ikó 'ybá
reconhecendo que tu és o seu próprio criador,O monhangaramo nde rekó kuapa
igualmente guarda vossa terra,Oîoîá osarõ nhẽ pe retama
"está muito a propósito, está sem mais nem menos",A'eboé tuî
fazendo as pessoas terem ódio umas das outras por causa de alguém,Abá resé nhoamotare'yma rerekouká abá supé
"quem não saberia ter comido algo bom, esquecendo-se da excelência de seu sabor?",Abámo mba'e-katu 'uagûera n'oîkuabi xûé sé katûagûera resé o esaraîamo?
"ah, quem me dera não ter transgredido outrora tuas palavras!",N'aîabŷî xûé temõ erimba'e nde nhe'enga mã!
não morarás com tua gente?,Nd'ereîkóî xópe nde anama irũmo?
eis tua ameaça aqui!,Kó nde momboîtaba kó!
campo limpo,nhũasyma
vencedora,moroîtykara
para além de lisboa,Lisboa akûeakoty
cabeceiras de rio,y-apyra
o próprio pedro mandou-me fazer proceder assim,Pedro aé emonã xe moingó-ukar
enterrando os antigos vícios,Tekopoxypûera tyma
na parte de dentro da embarcação,ygá-pype
eu sou um homem feito,Xe abagûasu
"após entrarem em colapso o sol, a lua, a terra, o mar, então os anjos vêm","Kûarasy, îasy, yby, paranã rekomemûã roiré a'ereme karaibebé ruri"
a seus próprios companheiros não querem bem,O irũ n'oîamotari
apartaste alguma mulher de seu marido?,Ereîmombo'irype kunhã amõ i mena suí?
"vossos avós todos com pranto estavam, recolhendo-se","Pe ramỹîa pabẽ rakó îase'o rerekóû, îemoingeabo"
vai à fonte,Kûãî 'ype
daí virá para julgar todos os que vivem e os que morreram,A'e suí turi oîkobeba'e omanõba'epûera pabẽ rekomonhangane
eu estou muito desfigurado,Xe té xe té
tomei emprestada a canoa do índio,Aîporu abá ygara
"mas, de verdade",anhẽ ruãp'anhẽ
"tupiniquins, habitantes daqui, espiões inimigos","Tupinakyîa, keygûara, tĩapyra moroupîara"
da mesma forma que fulano matou alguém há tempos,Mba'enakó ahẽ amõ îukáû akûeîme
tomei-o em seco,Asa'ubar
de ti a morte não se aproximou,Nde resé te'õ n'osyki
injúria recíproca,îoa'o
"foi pregado na cruz, foi morto, foi sepultado","Ybyraîoasaba resé i moîarypyrûeramo sekóû, i îukapyrûeramo, i tymbyrûeramo"
o sol faz as pessoas terem muita sede,Kûarasy oporomo'y'useîeté
"pedra de amolar que gira, pedra de barbeiro",itakynhatimana
eram bons na totalidade quando deus começou a criá-los?,I angaturam sykype erimba'e Tupã o monhang-ypyreme?
"e o que evoca a deus pelo que não é verdade, que acontece?","A'epe supindûare'yma resé Tupã renõîndara, marã?"
que pareçam juntar-se como um só,T'oîese'ar-y berame'ĩ oîepekaturamo
"lit, tromba comprida, gorgulho, inseto coleóptero",tĩmuku
"ai, por mais que eu esteja procurando alguma pousada, irra, faz-me sair sempre da aldeia o padre","Akaî! Aseká îepé mytasaba amõ gûitekóbo, erĩ!, xe mosẽ memẽ taba suí abaré"
"retiraram-no para o pátio, colocando uma cruz no ombro dele","Okarype senosemi, cruz nonga i ati'yba ri"
deus deixou de amá-los,Tupã osaûsupe'a
escória do ferro,itá repoti
"o que é frito, a fritura",i mosyryrĩmbyra
suas palavras ásperas não cessam,I nhe'engasy n'opabi
"tão logo ao sair a alma da gente de seu próprio corpo, seu envoltório, deus a julga","Ogûeté suí, o uru suí, asé 'anga sẽme bé, Tupã sekomonhangi"
a ti nos apegamos,Oroby'a nde resé
o que conta os pecados escondidos de alguém,Abá angaîpá-nhemima oîmombe'uba'e
eu estou fendido,Xe îurubok
o que foge com uma mulher não pode casar-se com ela,Kunhã reroîabapara nd'e'ikatuî sesé omendá
"para ele trouxeram, como oferendas, ouro, incenso e mirra","I xupé ogûeru îetanongabamo itaîuba, ysykatã syapûãba'e, mirra"
"ele, após crescer, entregou-se aos homens maus, fazendo-se matar na cruz, estirado","A'e o kakuab'iré, i nheme'engi apŷabaíba supé, oîeîuká-uká ybyraîoasaba resé i moatãmbyramo"
para onde será que eu irei?,Mamõ serã xe sóûne?
"após acabar o mundo, fá-los-á voltar a viver","Ara pab'iré, i moingobeîebyri-ne"
por isso mesmo será só chorar sem parar,Nd'e'i te'e îase'o anhõ monhanga i mombyke'ymane
não foi à toa que os feriados surgiram para nós como um intercalação no trabalho,Na tenhẽ ruã 'areté marãtekoaba ri oîoparabamo 'ari îandébo
velha muito maldosa,gûaîbĩ-marã serã-serã
"dentro dele está jesus cristo, sua divindade e seu corpo em inteireza","I pupé Îesu Cristo rekóû, i Tupã, seté abé gûetependûara pupé"
"terra avermelhada, barro",yby-pytanga
os parentes de minha mulher,xe ra'ysé
"vomitaste cauim, brigando por causa dele?","Ereîmoîebype kaûĩ, sesé nde apore'ymamo?"
"não acabam os desejos sensuais, a lascívia, as maledicências","N'opabi moropotara, tesãînana, marã'é"
dei-o por dar,Aîme'engĩ
"se me mandasse, iria","Xe mondórememo, asómo"
levo-o na sua trela,I xama ri arasó
"assim tratada, certamente, uma pessoa chega bem",Emonã serekopyra rakó abá obasẽ-porang
somente um bocado,oîepé îuru nhõ
afio-a,Asaembe'e
"o que informa, o que avisa",momorandupara
"eu tenho uma caminhada ligeira, ando depressa",Xe atá-pûan
eu tenho diarréia,Xe rybykasy
ajuntamento de cipós,ysypó-tyba
remo,Aygapukuî
"portanto, não morri com um pecado sequer!","Irõ, oîepé tiruã pecado n'aromanõî!"
proclamando a lei de deus,Tupã rekó mombegûabo
"é assim, porventura, que respondes as palavras do chefe?",Emonã-pipó morubixaba erenhe'engobaîxûar?
"ameacei, outrora, os tupinambás",Aîmomburu akûeîme tupinambá
"atravessando o oceano, fui para fazer pecar os tupis","Paranãgûasu rasapa, asó tupi moangaîpapa"
confessaste-te antes de nascer teu filho?,Erenhemombe'upe nde memby-kuî îanondé?
do nada fez nossa alma,Nama'eruã oîmonhang asé 'angamo
"estão em grande número, são muitos",Tyk e'i
"caem, às vezes, os frutos das suas árvores, sendo ainda flores",Okuî rakó amũme ybarambûera o 'yba suí ybotyramo oîkóbo bé
"na verdade, três vezes negarás ser meu discípulo antes de o galo cantar duas vezes",Mosapy ipó xe boîáramo nde rekó ereîkuakub mokõî gûyrá sapukaî'e'ymebéne
"será que é um morcego, uma borboleta ou uma cuíca?","Andyrá ruãpe é, panama koîpó gûaîkuíka?"
abortei meu filho,Xe membyrakyrar
"prega-o, prega-o na cruz de madeira","Eîmoîar, eîmoîar ybyrá îoasaba resé"
as boas obras dos que são bons,i angaturamba'e remimonhãngatu
os habitantes do céu,ybakygûara
"não dormi, absolutamente, para procurá-los",N'aker-angáî sekasápe
voa para longe de nós,Obebé îandé suí
eu não tenho dentes,Na xe rãî
já tinha dado judas aos judeus o meio de reconhecer nosso senhor?,Oîkuapá-me'eng umûãpe Îudas Îandé Îara îudeus supé erimba'e?
"de dia, todo o dia",arybo
socador de pilão,ungûá-obaîara
será que é por isso que deus transformou a costela de nosso pai primeiro no corpo de sua esposa?,Emonãnamo serã Tupã îandé rubypy arukangûera nhẽ monhangi semirekó retéramo?
que experimentemos a força dos homens conosco,T'isa'ang apŷaba marã îandé irũ
homem liberal,abá-ekoate'yme'yma
não pode a boca de ninguém contar as coisas muito dolorosas no inferno,Nd'e'ikatuî abá îuru Anhanga ratápe tekó-asyeté mombegûabo
fiz-me homem,Anhemoabá
eu tenho muita felpa,Xe rabusu
limpo-o de ferrugem,Aîkytyngok
não há nada errado,N'i tybi mba'e-memûã
mas minha sujeira era muita,Xe ky'a-te turusu
eu sou coxo,Xe pyte'em
"levaram-no, com suas ataduras, para pilatos, o governador",Pilatos ybyrarerekoara supé i popûasaba resebé serasóû
remanso d'água,y-îebyra
não haverá outra comida?,N'i tybi xûépe amõ mi'u?
"são muito molestos, certamente, os tropeços de nossa caminhada",Iîabaíbeté nhẽ rakó asé atá mysakanga
"já chega, certamente!",Aûîé ipó!
"roçado antigo, onde o mato cresceu de novo",kopûera
"existe meu auxiliar verdadeiro, o grande chefe aimbirê, o pervertedor dos índios","Oîkobé xe pytybõanameté, tubixá-katu Aîmbiré, apŷaba moangaîpapara"
a gente se batiza muitas vezes?,Setápe asé nhemongaraíbi?
assei-me,Aîyb
fazendo estar bem minha alma!,xe 'anga moingó-katûabo!
como será que um habitante do inferno viveria neste mundo se deus o fizesse viver fora dali um mês?,Marãeté'ĩ ra'umope amõ Anhanga ratá pora rekóû ikó 'ara pupé oîepé îasy Tupã ebanoĩ suí o moingobérememo?
"e não confessando ser parente verdadeira de seu marido, que acontece?","A'epe o mena mũetéramo sekó mombe'ue'yma, marã?"
"cinzas do alguidar, da bacia, feitas pelas chamas",nha'ẽpesẽ-uba
bolsa do abdômen,ambé-aîó
"estai aqui esperando-me, junto de mim, não dormindo","Iké nhẽ peîkó xe rarõmo, xe pyri, pekere'yma"
que venha para nos fazer felizes,T'oú oré moorypa
compadeceste-te de tua mãe e de teu pai?,"Eresaûsubápe nde sy, nde ruba?"
"depois de querer vê-lo, em vão, desde muito tempo atrás",Kûesenhe'ym bé sepîá-potá tenhẽ roîré
estou-me recolhendo,Anhenong gûitupa
que venhas para levar-me para o alto,T'ereîu ybaté xe rerasóbo
"ao chegar o oitavo dia, cortaram seu prepúcio",Mokõî oîoirundyk oito 'ara sykeme i 'apira mondoki
fi-la engravidar,Aîmomburu'a
veio bem detrás de mim,Xe pytáî bé turi
"tendo saudades do nenenzinho, vim de minha casa","Pitangĩ repîaka'upa, aîur xe roka suí"
a multidão de nós afastando,Îandé retá îandé pe'abo
uma pessoa em vão enfia a mão num recipiente de água benta,Abá opo'ẽ tenhẽ 'y-karaíba ruru pupé
"eu sou o grande tamoio aimbirê, uma sucuriju","Xe tamuîusu Aîmbiré, sukuriîu"
envelheço,Akakugûabakatã
"farinha puba, farinha d'água, ou seja, de mandioca curtida, que se espremia no tipiti e que se passava pela urupema",u'i-puba
palavra ruim,nhe'engasy
o que fica escarnecendo das pessoas,Oporokurá-kuraba'e
dentro de um túmulo de pedra o puseram,Itá karamemûã pupé i nongi
vai neste dia,Osó kó 'ara pupé
eu tenho um nervo encolhido,Xe raîyîeapar
chamo os homens,Asenõî apŷabetá
"a gente mesma acovarda-se, consentindo-o",Asé aé oîemoabangá i mborypa
"fazem aplacar a deus a si mesmos, ao eliminarem a dívida dos pecados de muitos anos",Tupã oîmonhyrõ o îoupé setá nhẽ seîxutatá tekoangaîpaba repy-mondykápe
"o que é de cada dia, o que está ao longo dos dias",ara rupindûara
eu retomei o bom senso,Xe tekokuabar
todos os bens de meus avós joguei fora,Opá xe ramyîa ma'epûera aîtyk
delato gente,Aporokuaukar
falo irritadamente,Anhe'ẽ-îeaseî
rapamos nesta medida,Nãmo oroapin
assim deve ser,Emonã ruãpe é
hei de mexer hoje as igaçabas,T'aîpobu kori ygasaba
eis que vou,Ebokûé asó
não cometas furto,Emondarõ umẽ
"após vir sarauaia, destruiremos a aldeia, como de costume","Saraûaîa rur'iré, îamombá taba îandune"
eu sou manchado,Xe rabarab
"fui a bom tempo, fui a propósito",Aûîebéramo asó
diante de uma madeira a gente se inclina?,Ybyrá supé nhẽpe asé îerokyû?
"ó! isso não seria possível contar, ainda que o sol se pusesse!","Tó! Aîpó n'i papasabi, kûarasymo oîké îepémo!"
fazendo os homens ficarem espiando,abá momanhã-manhana
a crença no deus verdadeiro encheu meu interior,Tupã-eté rerobîara îaîporaká xe ybỹîa
a consorciação deles em toda a parte,I îogûerekó kûeîkûeîbo
"embora me evoques os atos, daqueles arrependi-me, bem resgatando-os também","Xe rekoekyî îepé, a'epûera aîmoasy, i mboepykatûabo bé"
"sua mãe não teve dor de parto, não sangrou, não ficou doente","I xy n'i membyrasyî, nda sugûyî, n'i mara'ari"
"iria a gente para o céu ao batizar-se, sem mais?",Osó nhẽmope asé ybakype o nhemongaraibireme?
"tu te compadeceste deles quando eles estavam doentes, tirando-lhes fogo?","Eresaûsubarype i mba'easyreme, satá-á"
enfim de volta!,Irõ bé!
"vituperaste teu pai, tua mãe, teu avô, tua avó?","Ereîanga'ope nde ruba, nde sy, nde ramũîa, nde aryîa?"
"rapei-lhe o queixo, barbeei-o",Asendybá-apin
por dois meses,mokõî îasy
"os tupiniquins, habitantes daqui",tupinakyîa keygûara
"em reparação disso, mudaste-te de aldeia","Sepŷápe, ereîakasó"
"basta! falo eu, sarauaia!","Aûîé! Anhe'eng, Saraûaî!"
fundura dele,typy
espero-o no seu caminho,Asapearõ
"nanaú, nanauí, licor de ananás, bebida fermentada que os índios faziam com tal fruta",naná-'y
acenaste com a cabeça para alguma mulher?,Ereîe'aîtykype kunhã amõ supé?
eu não tenho boca sossegada,Na xe îuru-pyki
os homens batizados honram este dia,Apŷá-serokypyra kó 'ara oîmoeté
como tu és mau!,Nde poxy ûĩ!
uma notícia chegou-me aos ouvidos,Xe apysakûaraby moranduba
compadeci-me dele,Aîmomboreaûsub
"como disseram os judeus, seus perseguidores, para ele?",Marã e'ipe Îudeus i piaretá i xupé?
eu estou fendido em diversas partes,Xe îurubó-bok
"estou com muitos furos, estou esburacado",Apu-puk
vinde para pranteá-lo ao entrar ele em vós,Peîori sapirõagûama resé pe pupé seîkéreme
"ah, quem me dera o tivesse matado!",Aîukámo mã!
"matei-os muito, fiz matança",Aîuká-matutenhẽ
homem choramigas,Xe resangá - Eu sou chorão Abá-esangá
ele sempre vai,Memẽ nhẽ i xóû îepi
oponho-me a ele,Asobaîar
"ambas as minhas coxas tremem, endurecendo","Opá xe uba îesyî, oîemoatãmo"
"que lancemos fora nossa maldade, não acreditando nos pajés, em danças e rodopios","T'oroîtyk oré poxy, paîé rerobîare'yma, moraseîa, mbyryryma"
querendo abertos os buracos das orelhas da gente,Asé apysakûá-puka potá
o que tem sede de justiça,tekokatu 'useîtara
ele é mais bonito,Turusueté - Ele é maior I porangeté
queres comer farinha puba?,Ereî'useîpe u'i-puba?
"eis que estorvas muito tua vida, dificultando-a","Ereîmoarûabeté ã nde rekó, i moabaípa"
mas livra-nos tu das coisas más,Oré pysyrõ-te îepé mba'e-aíba suí
estou à parte,Aindé
eu sumi de vista,Xe apykanhem
"que bom que existes, ó meu senhor!",Aûîebeté ereîkó xe îar-y gûé!
como diz a outra petição da gente?,Marã e'ipe amõaé asé îeruresaba?
calos já duros,mbyru'apûera
"com ele, hoje, vamos atacar os temiminós, cercando imediatamente sua terra","I ndi, kori, t'îasó temiminõ repenhana, aûnhenhẽ setama amana"
muito bem! hei de ser castelhano,Aûîé nipó! Kasianamo t'aîkó
tamanduá topetudo,tamandûá-atyrabebó
dar de comer aos famintos,Ambyasybora poîa
acusando uma mulher para seu marido,Kunhã kuauká i mena supé
suas antigas lembranças das coisas aí se retirarão,Mba'e resé o nhemoma'enduaragûera a'epe onhenosẽne
"por isso mesmo a gente, então, o louva assim que o vê",Nd'e'i te'e asé a'ereme i moetébo sepîaka bé
por acaso não chegava seu segundo braço ao lugar de irem os pregos?,Ogûatá îepé serã i îybá mokõîa itapygûá soarama resé?
ele está muito maduro,I apaîé - Ele está maduro I apaîegûasu
gordura de vaca,tapi'i-kaba
"tu és a manhã, causa verdadeira da alegria do dia","Nde ko'ema, 'ara rorypabeté"
vou ao caminho de meu pai,Asó xe ruba rapépe
"multiplicou-nos neste mundo, primeiro",Îandé moîeapykáû ikó 'ara pupé ranhẽ
"cabeça baixa, desânimo",akã-gûyra
eu tenho olhos claros,Xe resá-ting
cutelo de ferro,itá-kysegûasu
segui pelo mar 'y rupi agûatá - andei pelo rio,Paranã rupi agûatá
"e se dividirem seu sangue em pequenas partes, em cada uma delas está?",A'epe sugûy moîa'o-mirĩ-mirĩneme i îabi'õpe i kûáî?
machuco-lhe a cabeça,Aî'apirungá
"como ages embriagando-te de cauim? fazes o que não deves, então?",-Marãpe ereîkó kaûĩ suí esabeypó? Ereîkomemûãpe a'ereme?
"trouxeste muitas coisas, porventura?",Ereruretá serã?
levamo-los uns atrás dos outros,Oroerokûaka'ar
atei-lhe penas,Aîpepó-pûar
palavras desatinadas,nhe'ẽ-tekokugûabe'yma
"ainda que me castigasse, eu falaria",Aûîebé-temo xe nupãû anhe'engĩmo
chefes valentes,morubixá-mosakara
como o viu se ele não tem corpo?,"Marãpe sepîaki, setee'ymba'eramo sekó e'ymeté?"
nosso pai verdadeiro,îandé rubeté
"falando primeiro a seus filhos, que divide",Ogûemimoîa'oka ogûa'yra pé ranhẽ onhe'enga
tornando notórios os vícios das pessoas,Abá rekopoxy mosãîa
"ah, quem me dera o tivesse matado!",Aîuká me'ĩmo mã!
sorvi o caldo,Aîty-kukur
"ainda, ainda me odeia fulano",A'é byter aîpó gûi'îabo - Ainda digo isso E'i byté-byterĩ ahẽ xe amotare'yma
estiraram-no sobre a cruz,Oîpysó ybyraîoasaba 'arybo
"grita tu, lamenta-te!","- Nde rasẽ, eîeapirõ!"
o oposto do desejo sensual é a pureza,Moropotara robaîara moropotare'yma
tomou a casa dos animais de criação como sua pousada,So'o mimbaba roka ogûar og upabamo
"o que tem nome guaixará, o chamado guaixará",Gûaîxará seryba'e
aqueles outros dois deverão ser tomados segundo a vontade das pessoas,Abá remimotara rupi tarypyrama é amoaé mokõî
matamos,Îaîuká
vamos a terra,T'îasó ybyetépe
deixai de me prantear,Peteumẽ xe rapirõmo
"verdadeiramente, eis aqui teu caminho, aquele que tu procuras",Anheté kó nde rapé a'e nde remiekara
derrubei-o,Aîaparaîtyk
minha família fez-me vir,Xe anama xe mbouri
que vá toda a minha doença para longe de minha alma,T'osó-pá xe mara'ara kûepe xe 'anga suí
visito os aposentos dos índios,Aîosub abá koty
fiquei-o simulando,Aîmorã-moran
aoba -marãba'e? -pykasu-aba -que trouxeste dentro de tua caixa? -roupas -de que tipo? -de pena de pomba,-Mba'epe ereru nde karamemûã pupé?
toco-a,Aîopy
este outro,ikó-te
estamos entrecruzados,Oroîekunasab
eu sou fibroso,Xe raîu-raîu
"mandando-o ir, sem problemas, não ages como o que estima teu imperador césar",I mondóbo nhẽ nd'ereîkóî César nde rubixaba raûsuparamo
mas não iríamos para o céu se ele não morresse?,Nd'îasóî xûé-tepemo ybakype se'õe'ỹmemo?
ensoberbeci-me acerca de mim mesmo,Aîerobîá xe îoesé
eu tenho catarata,Xe resaoby
os reis apressados junto ao nenenzinho vieram,Reîá-anhẽ pitangĩ supé oú
trouxeste teu fumo?,Ererupe nde petyma?
madeira é o que falta,Ybyrá angapeẽamẽ
tomai este meu sangue como vosso resgate,Peîar kó niã xe rugûy pe repyramo
eu sou curto,Xe apûa'ĩ
por isso mesmo todos os homens emagrecerão,Nd'e'i te'e opá abá angaîbaramo-ne
defeco,Apoti
roupa de algodão grossa,amyniîu-aó-poanama
mas não tentam esses aprender sempre?,N'osa'angi-te-p'akó nhembo'e ko'arapukuî?
cumpri minha palavra,Aîmopor xe nhe'enga
tem tu compaixão de nós durante nossa vida,Oré raûsubá îepé oré rekobé pukuî
ponta de pedra,itá-atĩ
eu tenho olhos esbugalhados,Xe resá-ynhusu
por ter ele esperança nela e em deus,Sesé Tupã resé bé o îerobîasápe
uma coisa amarga misturaram com vinagre,Mba'e-py'aûpîara kaûĩaîasy resé i monani
"são famosos esses moçacaras, que são uns beberrões","Serapûan kó mosakara, i kaûĩgûasuba'e"
"deus é um só, de fato, sendo santíssimo, sendo poderoso","Tupã oîepé nhõ nhẽ gûekó-karaibetéramo, abaetéramo"
"eis que meu corpo não está disposto, amolecendo","Xe reté ã n'oîkoetéî, omembeka"
vereis também futuramente minha vinda sobre as nuvens,Pesepîak irã ybytinga 'arybo xe rura béne
"e ao partir muitas vezes o padre a hóstia em pedaços, em cada pedaço dela nosso senhor jesus cristo está?",A'epe abaré hóstia pese'õ-etá-etáreme i pese'õmbûera îabi'õ Îandé Îara Îesu Cristo rekóû?
está pronto o guaitacá?,Sekoaûîépe gûaîtaká?
tu mesmo dizes isso,Endé é aîpó eré
"na verdade hei de me enfeitar, pretejando-me","Aûîeté pakó, aîegûak ûinhemoúna"
tiveste relações com uma virgem também?,Ereîkópe kûare'ymano resé?
há de ser o substituto de meu pai,Xe ruba rekobîara é re'ĩ
sangradouro de rio,y-mombukaba
fiquei falando em favor dele,Asepy-sepyk
engasgou-me minha comida,Xe îase'opytym xe remi'u
"ontem, é verdade que alguns sumiram","Kûeîsé, rakó, amõ kanhemi"
"mas os doentes a comem, bem certamente",Mba'easybora-te aîekatu i 'uû
não hei de estar na maldade diante dele,Aîkó umẽpe mba'epoxy resé sobaké ká
nas armadilhas fiz os malditos entrarem,Kotype muru amoingé
em meio de campo repartindo-os,Nhũ-myterype i mbo'îabo
"ah, oxalá eu sofresse por deus muitíssimos infortúnios!",Aîporará temõ Tupã resé mba'easy katupabẽ mã!
folgo muito em ouvi-lo,Asendu-potakatu
fica pisando o maldito,-Muru ri opurũ-purung
grudei penagens nele,Aîgûaîaý-moîar
"o que bebe somente na medida, que acontece?","Oîá nhote kagûarape, marã?"
"sobre os ombros de duas pessoas, de um e do outro ombro",o îoati'yba ri
que queimem em teu fogo,T'okaî nde ratá pupé
eu não sou padre,Na abaré ruã ixé
o pão que apanhou em suas mãos devolveu-o como seu corpo e o vinho como seu sangue,"Miapé o pópe o emiîara i moîebyû o etéramo, kaûĩ og ugûyramo"
invocam ainda o pajé caruara,Osykyî mbyté paîé Karûara
"quando fustigava o sol a terra, eu vim","Ara yby sokeme, xe ruri"
oprime-nos o coração,Oré py'a-pyk
"imaginai, ó meus filhinhos, imaginai que estais deitados em vossa morte","Peîmo'ang ra'u xe ra'yrĩ gûé, peîmo'ang pe re'õ pupé pe ruba"
dar de beber aos sedentos,Useîbora mbo'y'u
roí-o,Aîakarãî
"matá-lo-ei futuramente, com certeza",Aîuká ipó irãne
"excitaste-o, querendo expelir teu sêmen?",Ereîkapyrokype nde ra'y-pupuka potá?
logo que vim,xe rura rupibé
"estava ele despido, sem mais, em público?",Ikatupe nhẽpe sekóû te'yîpe?
"leva-o, olha lá!",Erasó ké raré
faço que não o vejo,N'asepîake'ym-a'ubi
chegou a nós sua luz para sempre,Osyk oré ri sendy îepinhẽ
flechei-os todos,Aîybõ-mbá
eu espumei,Xe rendyîuî
enfeitando minha cabeça,xe akanga moîegûaka
que deus dará para a gente no céu?,Mba'epe Tupã oîme'eng asébe ybakypene?
"tão logo ouvindo o teu nome, o diabo está tremendo","Nde rera rendupa abé, anhanga ryryî okûapa"
enfeitei-me,Anhemongatyrõ
"assim que pôs sua alma em seu corpo, deus a preservou","I 'anga seté pupé i mondepa bé, Tupã i pe'aû"
entraste com ele em teu aposento?,Ereroîképe nde kotype?
quem desobedece àquele?,Abápe aîpoba'e oîmomaran?
pu-los em enfiada,Asysybõ
"aimbirê, vem diante de mim! apressa-te!","Aîmbiré, eîori xe robaké! Nde apûan!"
indo eu voando,gûymaenhẽ gûixóbo
"o que anuncia as coisas, o pregador",mba'e rerosapukaîtara
mas os aracajás deleitam-se com eles,Arakaîá-te ombory
ainda bem que o faz correr consigo!,Iîá muru senonhana!
"lugar em que o sol se põe, poente, oeste",kûarasy reîkeaba
eu estava ainda cansado,Xe pûeraî mbyté
"igualmente a morte está entre os moços e entre os velhos, não distante","Oîoîá te'õ rekóû kunumĩgûasu suí tuîba'e suí bé, n'apûéî"
como um galo te deitas,deitar-se - Gûyrá-sapukaîa îabé ereîetu'u
isso é muito difícil!,Iîabaíbeté aîpó!
arrebentando as coisas de alguém,Abá mba'e mombuka
amando tua grande beleza,Nde porãngatu raûsupa
"que sejamos corajosos, sim, suportando as coisas dolorosas","T'oré pyatã, angá, mba'e-asy porarábo"
não o amo ainda,Nd'a'éî saûsupa ranhẽ
o destino final das coisas dos homens,Abá rekó mondykaba
"logo, vencendo os temiminós, habitantes daqui, frequentá-los-ei","Koromõ, keygûara temiminõ moaûîébo, asapekóne"
tomaste-o depois de comer ou depois de engolir alguma coisa?,Ereîápe nde mba'e 'u roîré koîpó mba'e amõ mokon'iré?
urdiste mentiras contra alguém?,Eresekyîpe îuraragûaîa abá supé?
torno a trazer a roupa,Aroîebyr aoba
"em baixo, na lájea",ybype
ofendeste teu pai?,Ereînhe'engybõpe nde ruba?
temos nossas coisas comuns,Îarekó îandé îomba'e
"ave maria, a que está cheia de graça","Ave Maria, graça resé tynysemba'e"
"ah, um homem pecador há de ter mais coisas boas que eu!",Abá-angaîpabĩ takó mba'e-katu ogûerekó xe suí mã!
eu estou poento,Xe yî
"tu me alegras muito, narrando assim os fatos","Xe moory-katu îepé, inã tekó mombegûabo"
arranca-te o nome por causa dos malditos,Eîerok moxy resé
filho de quem és tu?,Abá ra'yrape nde?
ele está boquiaberto,I îurupukĩ ahẽ oîkóbo
eu sou habilidoso,Xe kyre'ym
"eu não sou resistente, eu não sou firme",Na xe popyatãî
estamos em intercalação,Oîoparabamo orokûab
"por isso mesmo as malditas correm, insultando-se muito umas às outras",Nd'e'i te'e moxy onhana oîoa'o-marangatûabo
cavidade dela,inhanhã
rompeu-se teu coração por amor a ele,Obok nde nhy'ã saûsuba resé
eu sou gago,Xe nhe'ẽrueru
eu hoje o lombo deles,Xe kori i pyîaso'o
todas as pessoas vão fazendo as ladainhas,Opakatu abá sóû ladainhas monhanga
toleraste as pessoas em sua crença no pajé?,Ereîmorype abá paîé rerobîaragûama resé?
eu não sei,Na xe tekokuabi
"oxalá agora alguma pessoa, habitante do fogo do inferno, levantasse aqui na nossa multidão","Temone ko'yr Anhanga ratá pora, abá amõ opu'ama iké îandé re'yîpemo"
se eu o mandasse,Aîmondó-momo
"eia, que eu vá!",Ene'ĩ t'asóne!
basta! tu me matas!,Aûîé! Xe îuká îepé!
"eis que com seu corpo deve estar sua divindade, nos pedacinhos também, inteiramente","I Tupã irũmo bé kó seté rekóû, pesembûeri pupé bé gûetépe-katu re'a"
"suportando a grande noite, estamos muito aflitos","Putunusu porarábo, oroîkotebẽngatu"
nunca mais,aani xûé ko'yténe
não! estou bêbado,Aanumẽne! Asabeypó
nada,-Mba'epe aûîeramanhẽ serekopyrama ikó 'ara pupé? -Aani ã biã - Que é o que será conservado para sempre neste mundo?
fazendo-me erguer o rosto,Xe moobaybaka
levando nossa alma para o céu,Ybakype asé 'anga rerasóbo
cara de onça,îagûarobá
como diz a gente antes de dormir?,Marã e'ipe asé o ké îanondé?
lancei-o no chão,Aîmombor ybype
é o que deve ser expulso da igreja,Tupãoka suí i mosemymbyra
trouxe muitas destas ostras,Aruretá kó reri
gargalo fino,anhurĩ
seu fiho já nasceu,I membyra o'ar umã
dizem que fui?,Asó serãne ra'e?
peço a deus por minha virtude,Aîeruré Tupã supé xe angaturãgûama resé
vôo como este vento,Abebé kó ybytu îá
livra-nos tu,Oré pysyrõ îepé
eu tive vertigem,Xe resagûyryb
tenho-o por costume,Aîpokugûab
pau do casco,apé-'yba
estamos pertinho um do outro,O îoambyî oroîub
"gozador, brincalhão, zombeteiro",nhemosaraîxûera
"ladroeira, palavras ruins, mentiras sobejavam-te","Mondarõ, nhe'engaíba, mo'ema nde resemõ"
quando a guerra for aquilo que é justo,Marana supikatundûaramo sekóreme é
um servo do príncipe esbofeteou sua cara,Morubixaba boîá amõ osobá-petek
então as estrelas cairão completamente,A'ereme îasytatá o apakuîamo
"pensai que, algum dia, a morte virá para bater em vossas portas",Penheangerekó amõ 'ara pupé te'õ pe rokena motaka turagûama resé é
"este meu tacape não está à toa nas minhas mãos, mas, sim, é o instrumento com que vos racharei","Kó xe itangapema xe pópe nd'oîkóî tenhẽ, pe mombokaûama é"
cacos de pedra,itá-pesembûera
lembra-te já do término de tuas coisas,Nde ma'enduar nde rekó pabagûama resé rá
nossas casas estão estabelecidas uma junto da outra,Xe apyri tuî - Ele mora a meu lado O îoapyri oré roka ruî
afasta-te!,Eîepe'a!
"o que é frito, a fritura",i moxyryrykypyra
deram-lhe de beber?,Ose'ymype gûá?
trouxeram pólvora em vão,Mokaba ogûeru tenhẽ
dou laçadas nela,Aîmokusambar
não por me amar,Na xe raûsupeî
antes de irem para lá,a'epe o só îanondé
que recrudesça minha antiga maldade!,T'oîepun xe marandûera!
"ah, como desejo aquela mulher casada!",Aîpotá-te kûé kunhã-mendara mã!
"vem, coisa fedorenta, coisa nojenta, borá!","Eîori, mba'enem, mba'e-poxy, mborá!"
"sentou-se em público, aquecendo-se perto do fogo","Te'yîpe nhẽ i gûapyki, tatá ypype oîepegûabo"
não omiti nada,N'aîkuakubi mba'e
todas as minhas presas de minhas mãos as levou,Opakatu xe rembiara xe pó suí serasóû
é coisa que falta,Mba'e angaba'eamẽ
"teus pecados estando a aumentar, com efeito",Nde rekomemûã rumõ-rumõmo nhẽ
o que sofre febre,akanunduka porarasara
"ele, certamente, faz tirar-lhe o efeito de mim",A'e ipó oîmoarybé-ukar xe suí
afastai-vos daquele que eu guardo!,Pepo'i xe remiarõ suí!
"flor de planta, flor",ybotyra
"ah, eu fui muito pecador!",Xe angaîpabeté'ĩ ra'u mã!
quem me dera eu o fizesse estar deitado comigo assim!,Nã temõ ixé serubi mã!
"obedecei ao padre, vosso mestre","Pesapîá abaré, pe mbo'esara"
"eu, o diabão assado","Xe, anhangusu-mixyra"
mortandade de gente,mbaba
"ali atacando as moças, por desejá-las","A'epe kunhãmuku repenhana, i potasápe"
devem amar-se muito os que se casaram um com o outro?,Oîoaûsu-katupe amẽ oîopopysykyba'epûera?
desencontramo-nos,Oroîopynekûab
ela tem pecados variadíssimos,I angaîpá-pará-pará
"esconde-te, fica quieto","Enhemim, nde kyrirĩ"
tiro a sua ferrugem,Aîkytyngok
esfreguei a pele dele,Aîpi-momemûã
"sê tu guardião de mim, sob tuas mãos colocando-me","Nde morerekoar xe ri, nde pó gûyrype xe nonga"
homem sovina,abá-pûapẽîara
minha herança,xe potaba
"como meus súditos, todos em minhas mãos tenho-os bem",Xe boîáramo pabẽ xe pópe arekó-katu
a mãe de deus está sabendo todas as coisas,Tupã sy opabenhẽ mba'e oîkuab oîkóbo
sobrinho dele,i i'yra → i'yra
"meu ex-marido há de ser certamente, o finado piracaém","Xe mendûera ipó re'ĩ, Piraka'ẽ amyrĩ!"
comecei-o,Aîypymoín
vivendo como se estivessem unidos,T'oîese'ar-y berame'ĩ oîkóbo
três ou quatro anos após os enterrarem,mosapyr koîpó oîoirundyk seîxu ybŷá o tym'iré
cocho de porcos,taîasu remi'uru
querendo nossa preocupação com o futuro estado de nossa alma,Îandé 'anga rekorama resé îandé putupaba potá
apazigua seu filho que está irado,O membyra i nhemoŷrõba'e oîmonhyrõ
"mesmo vingando-se dos que o maltratam, o homem transgride a palavra de deus?",-Ogûerekomemûãsara resé oîepyka tiruãpe abá Tupã nhe'enga abyû?
aparei-lhe o topete,Asetobapy-etab
"oh, que pena que meu pai morreu!",Omanõ tekatunheté xe ruba mã!
de onde? donde?,umã suí?
apenas não me matou,Sa'ĩ xe îukae'ymi
"os chefes velhos falam sempre a eles, repreendendo-os, censurando-os","Morubixaba tuîba'e onhe'eng memẽ i xupé, senonhena, i akakapa"
escapuli das mãos dele,Aîpomogûab
"pintaste-te a boca, sorrindo para os homens?","Ereîeîuru-mopiningype, abá supé epukamirĩamo?"
com seus irmãos não pode ninguém se casar,O asykûera resé nd'e'ikatuî abá omendá
como coisa um do outro estão os que são casados,O îomba'eramo i momendarypyra rekóû
o que é felpudo,i îatyrá-tyraba'e
"por isso mesmo agora, sendo dia santo, eles estão felizes","Nd'e'i te'e ko'yr, onhemo'aretébo, og orybamo"
estamos nos ferros ao pescoço um do outro,Oîoapyri oroîkó itá resé
"a dança é que é boa, enfeitar-se, fumar","Moraseîa é i katu, îegûaka, petymbu"
daqui a pouquinho,koromõ-apyri'ĩ
"as crianças habitantes da aldeia de belém e também as habitantes das suas vizinhanças mandou assassinar, nelas querendo incluir nosso senhor","Taba Belém pora pitanga i amundaba pora abé apitiukari, sesebé Îandé Îara moîese'a-potá"
hospedo-me com pedro,Apytá Pero resé
"o que fia , fiandeira",pobandara
eu lhe pélo a cabeça,Aî'abo'o
o homem que esconde algo,Abá mba'e omimba'e
em vão crêem em ti,E'i tenhẽ nde rerobîá
aquieta-te verdadeiramente este é teu caminho,Nde arybé Anheté kó nde rapé
uma roupa vermelha colocando nele,Amõ aó-pyranga mondepa sesé
bem sozinho estou,Oîepebẽngatu aîkó
"arranca-te o nome por causa dos malditos, para que sejas muito famoso",Eîerok moxy resé ta nde rerapûãngatu
espremi o sumo dela,Anhamĩ - Espremi-o Aty-amĩ
chefe dos que ficaram no céu,Ybakype opytaba'epûera rubixaba
o que é comum é aquela mulher esmagar nossas cabeças,Sekoaba'e kûé kunhã oré akanga i apiti
nela morrendo crucificado,Sesé i moîarypyramo omanõmo
um só é o conteúdo de minha rede,Oîepé xe pysá pora
"a cruz, lugar em que se pregou a cristo, nosso senhor, os judeus a enterraram",Cruz Cristo Îandé Îara moîaragûera îudeus otym erimba'e
mostra o erro de minhas palavras,Eîkuabe'eng xe nhe'engaipaba
"revelou-se a eles somente, alegrando-os",Oîepîakukar i xupé nhõ i moesãîa
fujo,Aîabab
lado a lado seus cadáveres ao longo do mar estavam,O îoybyri se'õmbûera paranã ybyri i kûáî
"ah, se eu tivesse percebido outrora isso, praticando o que dizíeis!","Anhandu beémo erimba'e angûama mã, pe 'erama purûabo!"
queres que ele te coma?,Ereîpotápe nde 'u?
amando tua grande beleza,Nde porãngatu raûsupa
nós somos muitos,Oré retá
por isso mesmo os que conversam com eles transgridem a palavra de deus,Nd'e'i te'e i mongetasara Tupã nhe'enga abŷabo
invocando a deus ou sua própria alma ou a cruz ou algo verdadeiro,Tupã koîpó o 'anga koîpó cruz koîpó anheté renõîa
o ocultamento das coisas,mba'e kuakubagûera
afastará os que são maus dos que são bons?,Oîpe'ape i angaîpaba'e i angaturamba'e suíne?
na sua preocupação com torpezas,poxy resé o nheangerekosápe
"enchendo o mar, levantando-o bem acima do cume das montanhas","Paranã momungábo, ybytyra apyra sosé katu i mopu'ama"
era eu,Ixé rakó
bem feito para o maldito! seus fígados hão de ser minha porção,Iîá muru! I py'apûera xe potabamo t'oîkó
estando eu,gûitekóbo
"depois disto, guarda-te de ser mau",Angyba'e roîré teumẽ nde poxyramo
arrepiei-me,Aîepoká
"vamos, devagar, para fazer o assalto, para queimar a terra dos malditos","T'îasó, mbegûé, îapu'ama, t'ixapy moxy retama"
"eu mesmo, como se viu, já vos disse isso",Ixé aé ã a'é umûã nakó peẽme
em minhas mãos bem os tenho,Xe pópe arekó-katu
ver os doentes,Mba'easybora repîaka
"de manhã, cuidando de sua comida",Ko'ẽme gûemi'urama resé onhemosaînana
quem é o inimigo da gente?,Abápe asé sumarã?
hoje mesmo,Kori é
a respeito dele lembrando-se,Sesé oma'enduaramo
"que confesses a transgressão da palavra de deus, a persistência nisso também","Tupã nhe'enga abŷagûera t'ereîmombe'u, apore'ymagûera béno"
eis que enfim já chega!,Aûîé ã ko'yté!
eu permaneço seu guardião,Aîkobé n'ixé sarõana
"isso é referente a mim, isso é o que me concerne",Xe resendûara ebokûea
fazendo-nos ir para o céu,Ybakype îandé sorama monhanga
"primeiro filho do homem, primogênito",ta'yrypy
grão de farinha,U'i-esakytã
estorva-me o senhor deus!,Xe moarûá Pa'i Tupã!
"tu mentiste acerca de teu próximo, difamando-o?",Nde remo'emype nde rapixara resé i moerapûanaípa?
enquanto eu o levo,Ixé serasó remebé
vou de madrugada,Îeîbé asó
faço-o ficar com firmeza,Ten amo'e
seu sangue era muito,Sugûy turusu
quantas vezes te confessaste ou comungaste?,Mobype erenhemombe'u koîpó eretupãar?
mas ele não era deus?,Na Tupã ruã-tepe a'e?
também não pode aquele excomungado miserável ouvir a missa,Nd'e'ikatu béî aîpó i pe'apyra'uba missa renduba resé
escaparão futuramente os animais quadrúpedes?,Okûabépe irã so'o?
"no meio de, no centro de",pyteri
"por conhecê-lo, agora amo-o","A'e kuapápe, ko'y asaûsu"
eu enviuvei,Xe mene'õ
"hei de frequentar ibioca, revirarei também itaoca e, enfim, jupaoguaó","Ybyoka asapekóne, Itaoka abé aîpobu, rumby, Îupaogûaóne"
"é bonita esta igreja, tendo muitos adornos!","I porang kó tupãoka, îegûakabetá rerupa!"
eu estou úmido,Xe akymaíb
"serão muito fedorentos, serão muito podres, corroídos de vermes e de bernes","I nemeté, i tuîuketé, tasoka, ura remimongûyamone"
oxalá ele viesse!,Our be'ĩmo mã!
não são muitos meus pecados,Na setáî xe angaîpaba
invocam as mulheres o pajé caruara,Osekyî kunhã maîé Karûara
ele é o anjo que encomenda o enforcamento,"Karaibebé a'e, moroîubyka puaîtara"
"no dia de guarda do nascimento dele, acendemos a fogueira chamada ""caminho do salto""",Ara i 'aragûera pîasaba pupé tatá i apyrasabapé 'îaba îaîmondyk
"ah, que atrevido!",Tekatueté mã!
quem ficou ali?,Abápe opytá a'epe?
faça-se tua vontade,T'onhemonhang nde remimotara
o que te põe nu,Ikatupe nde moĩndara
que quebres suas cabeças,I akanga t'ereîoká
eis que esses meus valentões sabem assassinar,Kó a'e xe kyre'ymbaba oîkuá morapiti
para o padre contá-lo-á para que o anuncie na igreja,Abaré supé i mombe'uû Tupãokype seronhe'engaûama rine
inchei-me muito as bochechas,Anhemoatypygûasu
"arrepiando-te, o desejo sensual aumentou teus olhos?","Enhemopiringa, moropotara nde resá moîo'arype?"
"ele, com seu trabalho, ajudou-o",A'e o porabykysaba pupé oîpytybõ
reparti com ele a carne,Aîopoî ahẽ so'o pupé
"esses, na verdade, não honram a deus",A'e ipó Tupã n'omoangaturami
eu somente nesta aldeia morava,Xe anhõ kó taba pupé aîkó
"que estejamos perto de ti, espantando nossos inimigos","T'oroîkó nde ypype nhẽ, oré sumarã mondyîa"
o que cristo deixa como chefes dos cristãos batizados,Cristãos i mongaraibypyra tekokuaparamo Cristo remieîara
os homens estão acostumados comigo,Apŷaba xe pokuá
esgotei a água dele,Aîtyapyî
apalpaste teu ventre para matar teu filho?,Eresungápe nde rygé nde membyra îukábo?
onde deus está?,Mamõpe Tupã rekóû?
dor,mba'e rasy
dei-o à luz,Aîmo'ar
a segunda dele é a satisfação dos cônjuges,I momokõîndûara mendara moîekosupaba
com eles os animais e os pássaros ajuntarei para destruí-los,Sesé so'o gûyrá aîmoîese'a i mokanhemane
"ficaste bêbado de cauim, perdendo o juízo?",Eresabeyporype kaûĩ suí 'ara mokanhema?
cresceram muito as águas,Our paranã - Subiu a água do mar Ourusu 'y
"por isso mesmo é que, em seus corações ficando a refletir, desafiam muito a deus","Nd'ei te'e, o py'a pupé oîemongetá-ngetábo, Tupã momburukatûabo"
tendo medo de que alguém o maltrate muito,abá ogûerekomemûãeté suí onheangûabo
"eles são, realmente, muito fortes",Satãngatu-te nipó
"intervalo de água, ilha",y-pa'ũ
eu sou esquecidiço,Xe resaraîpotar
enruguei-me,Anhynhyng
certo homem branco nobre,amõ karaíba mosakara
vamos ao seu caminho,T'îasó sapépe
eu sou furioso,Xe marãmotar
o desejo de sumir para longe enche seus corações,Mamõ nhẽ kanhẽ-motara i py'a îaîporaká
minha morte não há de ser ainda,Nd'e'i ipó xe re'õnama ranhẽ re'a
estrebuchei,Ababak
hei de me aproximar de minha futura e verdadeira vida,Arokakar xe rekobé-etérama re'ĩ
os padrinhos junto ao padre ou a outra pessoa não podem casar-se com o que batizaram,Abaré koîpó amõ abá pyri morerokarûera nd'e'ikatuî omendá gûemierokûera resé
fiei o algodão,Aamynyîu-poban
por isso mesmo o ladrão é o que deve ser enforcado como pena de seus roubos passados,Nd'e'i te'e abá mondá iî aîubykypyramo oîkóbo o mondarõagûera repyramo nhẽ
eu estou desinchado,Xe rurunhyng
eu sou muito manchado,Xe pará-parab
"querendo devorar suas almas, a noite toda não dormi, absolutamente",I 'anga 'u-potá é pysaré n'aker-angáî
velha maldosa,gûaîbĩ-marã
"está molestando as pessoas, fazendo-as cair em erro","oporomoaîu oîkóbo, oporomotekokuabe'yma"
tua alma é o que tem muito preço,Nde 'anga sepy-etéba'e
quantos são esses deuses?,Mobype a'e Tupã?
ouvir o sermão do padre,abaré nhe'ẽnhe'enga renduba
faze-me tu valente para que eu me oponha ao maldito,"Xe mopyatã îepé, t'apu'am muru resé"
livrou-a do pecado primeiro em que adão nos pôs,I pysyrõû tekoangaîpabypy Adão îandé nongaba suí
aplacando a deus,Tupã moîerekûapa
eu não tenho boca cuidadosa,Na xe îuruposykyîéî
é para mim terrível vê-los,I abaeté sepîaka ixébo
"que não se desvie de deus, seu criador",T'oîaby umẽ Tupã o monhangara
piorei muito de meu grande mal,Aîerekoaibeté xe angaîpá-katu suí
a gente pede a deus somente pelas coisas que deve comer?,Mba'e i 'upyra resé nhõpe asé îeruréû Tupã supé?
não são sem consequências os teus pecados,Na sa'ubi nde rekopoxy
para onde a multidão numerosíssima levou nosso senhor?,Mamõpe erimba'e te'yî-katupabẽ Îandé Îara rerasóû?
"amarraram-no com corda, fazendo-o estar em pé",Oîxamysyk sero'ama
"sob minhas mãos tenho os moços pecadores, os velhos crescidos","Xe pó gûyrype arekó kunumĩgûasu-angaîpaba, tunhãba'e-kakuaba"
faze uma igreja que tenha meu nome,Xe reryîara tupãoka eîmonhang
"eis que era costume, por ocasião disso, pôr nome assim, puseram como nome dele ""jesus""",Ã tekó a'ereme moreroka Ké bŷá Îesus nongi seramo
estou tendo polução,Apu-apuk
que coisas quer o diabo?,Mba'e-mba'epe Anhanga oîpotar?
ele é bom quando o que é contado é mesmo verdade,I marangatu supi é i mombe'upyra rekóreme é
licor de aipim,aîpi 'y
"afastando o diabo, assim como a morte","Anhanga pe'abo, te'õ resebé"
eu estava pendente,Xe apy'am
"mandando fazê-los embarcar numa arca de madeira, semelhante a um navio","Ybyrá karamemûã, ygarusu nungara pupé i mo'ar-uká"
"esteio, alicerce de casa",okytá
feriste alguém também?,Ereî'apixabype amõno?
lembrando-se dele assim que acorda,Opaka bé sesé o ma'enduaramo
o que é felpudo,sabiîuakytãba'e
"que lancemos fora nossa maldade, não acreditando nos pajés, em danças, rodopios com feitiços","T'oroîtyk oré poxy, paîé rerobîare'yma, moraseîa, mbyryryma karaimonhanga ndi"
o desejo sensual que ele não torna costumeiro,moropotara semipokuabe'yma
"na ponta da rede, no punho da rede",api anhãî
"ah, quem me dera comer veneno para que eu morresse disso",- A'u temõ mba'eaíba mã a'emo nhẽ xe re'õû ãûa suí
vem para ver tua futura terra,Eîori nde retamûama repîaka
muitíssimas lorotas invocaram contra ele,Tenhẽngatupabẽ osykyî i xupé
furo orelhas,Anambi-kutuk
"mas quem há semelhante a mim, desafiando até mesmo a deus?","Abá-tepe oîkó xe oîá, Tupã tiruã momburûabo?"
"eis que sofrem muito os que deus repeliu, tendo sua vida envergonhada","Sasyeté niã Tupã remipe'apûera, ogûekó-mara'ara reroína"
licor de mangaba,mangaby
"eia, meu aliado!",Ne'ĩ xe atuasar
"o que caça, caçador",ka'amondoara
arranquei as penas de sua asa,Aîpepó-'ok
fi-lo emagrecer,Aîmoangaîbar
eis que aqui nós estamos,Orokub ikó
fingindo fazer viver as pessoas,Oporomoingobé-mo'anga
"querendo tua virtude, detesto minha cultura antiga","Nde rekokatu potá, aroŷrõ xe rekopûera"
toma um só trago,E'u oîepé îuru nhote
"depois disso, hoje vamos quebrar as cabeças dos reis",A'e ré kori îasó tubixaba akanga kábo
"as porções miúdas dela, o refugo dela",i akytãmbûera
faze como te parece,ne'ĩ n'endé aé
desenfiei-o,Asysymbo'ir
estando tu por longo tempo preguiçoso,nde ate'ỹ-mukuramo
"e, pois, como há isto de ser?",marã-te-p'iã-ne?
"que diz a gente, querendo abrandar a deus?",Marã e'ipe asé Tupã mombu-potá?
"curou-o, somente tocando sua orelha, imediatamente fazendo-a sarar, grudando-a","Oîposanong, i nambi atõîa nhote, aûnhenhẽ i monga'ẽmo, i moîepotá"
"cortei-lhe a garganta, degolei-o",Aîaseó-kytĩ
guarda-te de o levares,Teumẽ ké serasóbo rá
hei de ir,Asóne-ká
minha pele tem titinga,Xe tĩ-titing - Meu nariz tem titinga Xe py-titing - Meus pés têm titinga Xe pi-titing
fazendo-o estar com firmeza,Ten i mo'îabo
"a sem-filhos, a fêmea estéril",membyre'yma
"é no final da missa que entras sempre, manifestamente consciente?","Missa mondykápe épe ereîké îepi, nde îesûere'yîpe?"
faça-se tua vontade,T'onhemonhang nde remimotara
esse é o que eu flechei?,Akó xe remiybõmbûera?
"atacamo-los, prendemo-los, antes que se consolem","Îasepenhan, îaîpysyk, i apysyk' e'ymebé"
colares azuis não vistos,Mo'yrobyeté sepîakypyre'yma
ensina falsamente as pessoas a provarem a palavra de deus,Oporombo'e-a'u Tupã nhe'enga ra'anga
estou prestes a ir,Oebyraîarinhote aîkó
"por isso tão somente nasceu dela, não lhe fazendo rombo","Nd'e'i te'e oá nhote i xuí, nd'i pekábo ruã"
"ataca-o, sarauaia!","Esepenhan, Saraûaî!"
muitíssimas coisas más eles acharão,Mba'e-memûãngatupabẽ resé i îekosubyne
sabem bem de sua futura saída dali?,Oîkuá-katupe a'e suí o semagûama?
rezando a ele no tempo de sua aflição,I xupé o ekotebẽsaba resé oîerurébo
fi-lo mal,Aîmonhã-memûã
salteio,Aporero'ar
é certo isso!,Aûîé a'e!
fiquei carregado com ele,Ambosyî ahẽ resé
detesto minha lei antiga,Aroŷrõ xe rekopûera
meu soltar de grunhidos,xe kororõ-pysyrõ
filhos de quem eram esses?!,Abá ra'yrape ûĩ?!
"tremendo, então, a terra também",Yby abé a'ereme oryryîane
tu te alegras quando um homem apalpa teus seios?,Nde rorype nde kama abá sungáreme?
cortei um pedaço,Asykûera aîasy'ab
surpreendi os pecadores,Angaîpaba aîpokosu
raramente,amõneme nhõ
"como, então, futuramente, os homens dirão, invocando-o, ao circundarem-nos muitíssimos inimigos?",Marã e'ipe irã abá a'ereme tobaîá-katupabẽ o amaneme sekyîabone?
o batizado,i moîasukypyra
"fora, na rua",okarype
agitamo-nos,Orondururuk
tomei-o com ambas as mãos,Oîopobaî aîar
"isso é que deve ser bem amado, isso verdadeiramente","Aîpó saûsukatupyra, aîpó anhẽ"
vou como catador de madeira,Asó ybyrá piaramo
bem aos olhos de deus essas vossas ações são contadas,Tupã resápe-katu kó pe rekó rekóû i paparypyramo
estou na medida,Taé a'e
fibras sujas,pó-ky'a
eu sou fino,Iî aeté - Ele é fino Xe aeté
aguço-a,Asapûapin
"contando-o, digo-o e desdigo-o",Arekorekó i mombegûabo
"aproximando-me da morte, meus grandes pecados antigos farei sair","Te'õ rerobyka é, xe angaîpá-tubixagûera amosẽne"
um prisioneiro fazeis-me sempre libertar,Mundepora amõ îepé peîmosemukar ixébe îepi
eu tenho pés calejados,Xe py-piru'a
dou-lhe pancadas na cabeça,Aî'apurupã
"enfeitaste-te, pintando-te, tendo desejos carnais?",Erenhemoatyrõpe eîegûaka nde poropotaramo?
"estava-se calando, não respondendo as palavras deles","Opyk o'ama, i nhe'engobaîxûare'yma"
detestas completamente suas obras?,Ereroŷrõ-mbápe sekó?
que amemos nosso pai,T'orosaûsu îandé ruba
por nos amar mais do que nossa mãe ama seus próprios filhinhos,Asé sy o membypitanga raûsuba sosé asé raûsume nhẽ
faze-nos tu viver,Oré moingobé îepé
faz-me sair sempre da aldeia o padre,Xe mosẽ memẽ taba suí abaré
resgatar os cativos,I momiaûsubypyra renosema
ali também estando os que guardaram sua alma em sua virtude,A'epe bé ogûekokatu pupé o 'anga nongatusarûera oína
esfreguei-o com cera,Aîkytyk iraîty pupé
"atravessam suas mãos, assim como seus pés, sobre a cruz pregando meu senhor","Îaîpó-asá-sá i py resebé, krusá sosé nhẽ xe Îara moîá"
tomaste poção querendo o aborto de teu filho?,Eremosangu'upe nde membyra akyrara potá?
eu sou rechonchudão,Xe asangusu
o peixe é-me enjoativo,I ting pirá ixébo
estabeleci uma plantação de milho,Atupá-rung abati
e também as esposas de seus filhos,Ta'y-taty abé
andei sumido,Akanhẽ-kanhem
fazendo as pessoas beberem cauim ou dando-lhes de beber,Abá mongagûabo koîpó se'yma
-que é ungido de nós? -nossas ancas,-Mba'e-mba'epe asé suí i pitubypyra? -Asé rumby
enfeixei-os,Anhoman
eu tenho cálculos renais,Xe typa'am
"eis que esta roupa será, adequadamente, de feriado",Ikó aoba niã aûîé-katutenhẽ Tupãnemendarama
aqueles outros grandes chefes em ti confiam,Amõaé tubixá-katu nde resé oîerobîá
"por causa disso, com efeito, agora o amo","Aîpó resé nhẽ, ko'y asaûsu"
ele comeu demais aquela coisa,O'u-eté-eté ahẽ mba'e
"vinde, para comer a criança, engolindo completamente o menino","Peîori pitanga gûabo, kunumĩ mokona mbá"
"o que escurece roupas, o tintureiro",aó-moundara
não oporão resistência um ao outro,N'onherani xûéne o îoupéne
experimentando poções de ervas,ka'a mosanga ra'anga
não! estou bêbado,Aanumẽne! Asabeypó
ferrei-o,Asapy
ajo velhacamente,Aîkó-angaîpab
"já se juntaram por causa disso muitos moços bebedores de cauim, velhas e velhos também","Onheŷnhang umã sesé kunumĩetá kagûara, gûaîbĩ, tuîba'e abé"
mostrando-o aos judeus,Îudeus supé sepîakuká
vai para trazer um pouco dela,Ekûãî îá reru
não há de ser,aani-xûé ipóne
eu sou tísico,Xe angaîbabîar
arranquei o miolo dele,Aîputu'umbok
logo eu estou feliz,Koromõ xe rorybamo
denunciar-me-iam ao meu imperador,Xe kuaukámo xe rubixaba supémo
não trabalhamos neste dia,N'îaporabykyî kó 'ara pupé
aumentaram as riquezas para mim,Ono'ong mba'e ixébo
que lancemos fora nossa maldade,T'oroîtyk oré poxy
ali é o lugar aonde eu vou,A'epe xe soagûama
"ah, eu estou muito quente aqui!",Xe rakubeté kó mã!
"envergonha-se o sol de nascer, diante de teu brilho","Otĩ kûarasy osema, nde beraba robaké"
trouxe todos,Aru-pab
rouba-o aí por perto,Mbype emondarõ sesé
os que não são escondidos perdoa bem a eles,I kuakubypyre'yma i nhyrõngatu i xupé
puxa-o rijamente!,Esekyî-atã!
vem para te compadeceres de nós,"Eîori, oré raûsubá"
pequeno como isto,nãmo-nhõta'ub
o dia está muito escuro,I pytũ-pytun 'ara
o que tem a bem-aventurança é o que não agride,Tekokatueté rerekoara onherane'ymba'e
dei-o em troca,Sekobîaramo aîme'eng
"eles, na verdade, em três pessoas se distinguem, na união de seu único ser divino","A'e anhẽ mosapyr pessoaamo i îa'oki, oîepé og ekó-karaíba îese'ara pupé nhẽ"
minha coragem ainda existe,Oîkó bé xe taŷaíba
"aqui os homens estão, na verdade",Ké abá rekóû anhẽ
muito devagar ele o mata,Nd'e'i ymûanĩ ahẽ i îukábo
"vem, coisa fedorenta, coisa nojenta, borá, maritacaca, sanguessuga, tamarutaca!","Eîori, mba'enem, mba'e-poxy, mborá, miaratakaka, sebo'i, tamarutaka!"
vou à roça,Akopîasó
obedecem-me bem os índios,Xe rapîakatu abá
afasta-te! vai-te daqui já!,Eîepe'a! Ekûá ké suí ra'a!
não foi à toa,Na tenhẽ ruã
"arruinei a todos, fazendo-os roubar também","Aîmomoxy pabenhẽ, i momondarõmo bé"
água doce,y-eté
não me dá vontade de comer,Na xe îuruéî
"mataram, na verdade, a outra pessoa que não aquele assassino",Ahẽ morapitîarûera taté nhẽ anhẽ ybŷá oîuká
dia de guarda e de jejum,"Ara i pîasaba, îekuakupaba"
tenho-o no meu pescoço,Xe îuri arekó
"isto era muito preto, de fato",Moroũ-mbyry nakó
ele nunca acaba de completar as roupas,Nd'e'i ymûanĩ ahẽ aoba moaûîébo
eu sou modesto,Xe kunusãî
há de prantear a gente o desaparecimento de seu pai e de sua mãe,Osapirõ-n'asé og uba o sy kanhemagûera
"dormes, guaixará?","Ereképe, Gûaîxará?"
"queimo-te hoje, como de costume!","Oroapy kori, îandu!"
que afastemos o diabo agora e para sempre,Anhanga t'îaîpe'a ko'yr aûîeramanhẽ
"vinde, levai os malditos, erguendo-os para sapecá-los em nosso fogo, moqueando-os","Peîori, perasó muru, supi îandé ratápe sapeka, i monga'ẽmo"
aqueles serão consolados,A'eba'e i moapysykypyramo sekóûne
"contudo, após sua morte, no terceiro dia voltou a viver","Aûîeté, gûe'õ ré, 'ara mosapyra resé bé sekobeîebyri"
para nos honrarem os índios fazem festa,Îandé moetébo apŷaba nhemosaraî
em que lado porá os que são bons?,Marangotype i angaturamba'e nongine?
logo no terceiro dia voltou a viver,Ara mosapyra riré bé sekobeîebyri
eu sou rechonchudo,Xe asang
não diferem uns dos outros,N'oîkoéî o îosuí
imitando tua virtude,nde rekokatu ra'anga
"estas rãs, que as comas em retribuição por isso",Ikó îu'i t'ere'u sepy resé
estou a latejar,Nyn-nyng a'é
cada vez que tem medo da morte,Te'õ suí o nheangu îabi'õ
amo teu filhinho,Asaûsub nde membyrĩ
aonde ele foi após acabar de comer?,Mamõpe i xóû o mba'e'u-pab'iré?
dizendo palavras más acerca de coisas nojentas,Mba'epoxy koty onhe'engaíbamo
mas sua vida é muito má,Sekó-te i poxyeté
"aimbirê, levemos os malditos logo","Aîmbiré, îarasó muru taûîé"
embarquei,A'ar
"é formosa, certamente, a lua, vindo com sua grande face","I aysó, nipó, îasy, og obagûasu reru"
"se o que deus fez neste mundo é muito belo, quanto mais lá, o céu primeiro","Ikó 'ara pupé abiã Tupã remimonhangûera i porãngatu, memetipó ebapó ybakypy"
cumpriste as palavras do governante da aldeia?,Ereîporakápe taba rerekoara nhe'enga?
por que alguém se casa?,Mba'erama resépe abá mendari?
"pois, se um homem guarda seu próprio filho, quanto mais deus compadecer-se-á de nós","Abá abiã é o a'yra ogûerekó-katu, memetipó Tupã asé raûsubáne"
cortei madeira,Aybyrá-kytĩ
matemos juntos o que diz isso,Îaîuká memẽ aîpó 'îara
como disse aos seus três discípulos após sua entrada no horto?,Marã e'ipe o boîá mosapyr supé mitỹme o iké ré?
quarto traseiro que se parte de um animal ou de uma pessoa,ugûera
"até mesmo seus ossinhos a gente cultua, tendo-os no pescoço","Asé i kangûerĩ tiruã momba'etéû, o aîuri serekóbo"
no meio dos anjos fê-la subir,Karaibebé pyterype supiri
é difícil para mim tentá-los,I abaí xebo sa'anga
pelo chão também escorreu seu sangue?,Yby rupi bépe sugûy syryki?
eram compridas algumas cordas,Iîysapuku sama amõ
retirei as amarras dele,Aîmamã-rok
que tipo de mulher é santa maria?,Marãba'e kunhãpe Santa Maria?
não comas este fruto que me é reservado,E'u umẽ ikó 'ybá xe rekoate'ỹmbaba
"mas não pode a gente, de modo nenhum, contar o procedimento oculto de alguém?",Nd'e'ikatu angáî-tepe asé abá rekó-nhemima mombegûabo?
olha para nós!,Ema'ẽ oré resé!
"confessa-se alguém antes de ir à guerra, antes de embarcar num navio?","Onhemombe'upe abá gûarinĩnamo o só îanondé, ygarusupe o 'ar-y îanondé?"
ele se lembra,I ma'enduar
"destruiu outrora os tamoios, os valentes","Tamũîa, kyre'ymbagûera, omombab erimba'e"
por quê?,mba'e resé?
"tratemo-los bem, junto de nós",T'i rekó-katu îandébe
que eu me lave a boca,T'aîeîuru-eî
todos vão em procissão,Opabenhẽ gûá sóû îebyîebybo
"ah, se eu tivesse ido para o céu!",Asó me'ĩmo ybakype mã!
melado ou mel de cana-de-açúcar,u'ubae'ẽ eíra
impedem os casamentos,Mendara omoarûab
"ao chegar o dia oitavo , cortaram seu prepúcio","Mokõî oîoirundyk oito 'ara sykeme, i 'apira mondoki"
por tuas pegadas há de ir minh'alma sempre,Nde rakypûera rupi t'osó xe 'anga îepi
e de que maneira é homem verdadeiro como nós?,A'epe marã apŷabetéramo sekóû îandé îabé?
"os que foram seus companheiros, seus ex-companheiros",irũmbûera
vou-me esconder!,Asópe ûinhemima ká!
ajudas teu pai e tua mãe?,Ereîpopytybõpe nde ruba nde sy abé?
fica aumentando sua bondade,I angaturama nhẽ oîrumõ-rumõ
armação de leito,inimbebytá
tu tiveste para alguém palavras que violentam?,Nde nhe'ẽ-poroîukaípe abá supé?
"veio de novo, achando-os novamente no sono",Our benhẽ i kera pé nhẽ obasemano
o avesso dele,i py
este outro,kó amoaé
que ele fique dentro de vós como fica com seu estado de feto no ventre de sua mãe,"O sy rygépe o pitanga reropytá îabé, t'opytá pe pupé"
dou de beber às pessoas,Apore'ym
o que é afamado por aí,kûepe i moerapûanymbyra
quando cumprirás isso que tu dizes?,Erimba'epe aîpó nde 'îaba ereîmopóne?
"escaparão futuramente os animais, os pássaros?","Okûabépe irã so'o, gûyrá?"
"eis que, na verdade, esse ato é o que tem o dom de nos fazer fracassar",Anhẽ ã aîpó tekó îandé mopanem-y-îara
"""-entrai na igreja"" disse ele de modo louvável","""-Peîké Tupãokype"" e'i muruangaba"
é terrível minha captura,I abaîté xe rembiasaba
"por os levarem os padres, não os amo","Abaré ogûerasoápe, n'asaûsubi"
"eia, afasta-me depressa!",Ne'ĩ taûîé xe reîyîa!
vem para nos arrebatar,Eîori oré rekyîa
mas acreditais realmente em deus?,Perobîar-y-tepe aé Tupã?
vem para que faças ir de mim a maldade,Eîori t'eremondó xe suí tekoangaîpaba
o que supõe saber as coisas,I mba'e-kuá-mo'anga'uba'e
"não tendes ouvidos, como de costume","Na pe apysáî, îandu"
fiz frustrar aquilo que fulano faria,Aîmorambûerukar ahẽ rekorambûera
eu tenho o interior das pálpebras trêmulo,Xe ropé-py-sysyî
"vinde, levai os malditos, erguendo-os, para sapecá-los em nosso fogo, tostando-os bem","Peîori, perasó muru, supi, îandé ratápe sapeka, saîmbé-katûabo"
a felicidade no céu,Ybakype toryba
não é mesmo?,mba'e-tepe?
que se compadeçam dele os judeus,T'oîporeaûsuberekó îudeus
"filho bastardo, filho do amante",agûasá membyra
esse nome é o que me convém,Aîpó tera xe arõana
ficaste detendo contigo alguma pessoa?,Ererokûé-rokûerype abá amõ?
semelhante a que coisa era o suor dele?,Mba'e abyare'ymape syaîa?
dormiu demais seu cadáver?,Okeretápe se'õmbûera?
segura-o por enquanto,Eîpysyk ranhẽ
bem de acordo com as palavras do chefe dos cristãos,Cristãos rubixaba nhe'enga rupi é
mais que todas as coisas dolorosas que estão neste mundo,Opakatu ikó 'ara pupîara mba'easy sosé
que não esteja o maldito perto de mim,T'oîkó umẽ moxy xe ypybo
"na verdade, três vezes negarás ser meu discípulo antes de o galo cantar duas vezes",Mosapy ipó xe boîáramo nde rekó ereîkuakub mokõî gûyrá sapukaî' e'ymebéne
estou em cilada,Kotype aîub
ai! não há absolutamente servos meus,Akaîgûá! N'i tyb-angáî xe boîá
"depois disso, vamos quebrar as cabeças dos reis",A'e ré kori îasó tubixaba akanga kábo
o que acredita na dança do chocalho,Maraká poraseîa rerobîasara
tu me atormentas,Xe usũî îepé
eh! onde ele está?,Tó! Mamõpe ahẽ rekóû?
suas túnicas ficando a rasgar,O aobusu mondoró-ndoroka
"envergonha-se o sol, nascendo, diante de teu brilho",Otĩ kûarasy osema nde beraba robaké
futuro senhor de suas muitíssimas riquezas,O mba'e-katupabẽ îarama
eu sou muito manchado,Xe rabará-barab
sejamos bons para aqueles homens,T'i marangatu apó abá pé
cavei a terra,Ayby-ybykoî
"eu não tenho visão, eu sou cego",Na xe resapysóî
"lava-o, fazendo brilhar meu coração","Eîmoîasyk, xe py'a moberapa"
"vim, voltando",Aîur gûiîeby
entisnei o rosto dele,Asobaún
eu sou doido,Xe 'angaingaíb
"pé de algodão, algodoeiro",amynyîu-'yba
"instrumento de desvio de água, sangradouro",y-mombîasaba
alegrando todas as velhas,Gûaîbĩ moesãîa mbá
água salgada,y-e'ẽ
dirigi-a,Asebikok
"ah, muito bem, ficai tranquilos!","Erĩ, aûîé, peputu'u!"
para nos ensinar a orar a deus,Tupã mongetá resé îandé mbo'ebo nhẽ
"e por outra parte, semelhantemente, o próprio mar será mais terrível do que é seu costume, fazendo as ondas grande estrondo",Kokoty paranã aé rame'ĩ o abaetéramo erimba'e gûekoagûera sosé yapenunga ryapugûasuramo
há poucos dias mandaste tua esposa como espiã,Kûesé nde remirekó manhanamo ereîmondó
uniram-se os homens maus,I îasear apŷabaíba
moro com pedro,Kó taba pupé aîkó - Moro nesta aldeia Aîkó iké xe roka pupé - Moro aqui em minha casa Aîkó Pero irũnamo
as doenças da alma do homem com ela saram bem,Abá 'anga mara'ara i pupé opûeîrá-katu
lanço a canoa,Aro'ar ygara
"eu sou mediano, eu não sou grande nem pequeno",Xe boîá
os índios atacarás,Apŷaba eresepenhãne
"na casa de quem passaste tomando-as, antes de te esconderes?","Abá rokype erekûá tá, nhemim-y îanondé?"
água corrente,y-syryka
qual outro é guerreiro senão ele?,Maratekoara aé-amẽ ahẽ?
como disse nosso senhor para o que esbofeteou seu rosto?,Marã e'ipe Îandé Îara og obá petekarûera supé?
prendi-os um ao lado do outro,O îoybyri aîmoín
que não vá longe a esposa,T'osó umẽ temirekó kûepe
que vos lembreis deste dia em que descansei após terminá-las todas,Ta pe ma'enduar ikó 'ara ixé i moaûîé pá roîré xe putu'uagûera resé
"que a gente diz, conversando com o anjo seu guardião?","Marã e'ipe asé, karaibebé o arõana mongetábo?"
por que bates em mim?,Marãpe xe ri erepûá?
diante deles passei,Sobabo akûab
"enfim, os moços escondem seus muito maus procedimentos",Aûîé kunumĩgûasu o ekó-aíbeté oîomim
seu fechamento,i 'o
passo jenipapo nele,passo jenipapo Aîîanypá-mongy
vou à caça,Ka'abo asó
"se alguém escondesse os atos passados uma só vez, deus não perdoaria","Oîkuakumo amõ abá tekopûera oîepé'ĩ nhõmo, Tupana n'i nhyrõî xómo"
a maldade fez feder minha alma,Xe 'anga omonem tekoangaîpaba
"lugar de vender carne, açougue",so'o ma'e'ĩndaba
"em que direção eram, pois, meus atos passados?",Marangoty-pakó xe rekopûera é?
ensinamento da palavra de deus,Tupã nhe'enga morombo'esaba
"o que é de cada dia, coisa cotidiana",îepimemẽndûara
o que é comum é aquela mulher quebrar em pedaços nossas cabeças,Sekoaba'e kûé kunhã oré akanga i apiti
óleo de peixe,pirá-nhandy
hei de comer seus miolos,I aputu'uma t'a'u
não desiste nosso inimigo de sempre nos tentar,N'i apori oré sumarã îepinhẽ oré ra'anga
eu sou molengão,Xe rekombegûé
teu poder aquietou este mundo,Nde 'ekatu kó 'ara moapysyki
ainda que eu fosse,Îepémo asó
que fez neste mundo depois que cresceu?,Marãpe sekóû ikó 'ara pupé o kakuab'iré?
"cantemos um pouquinho, primeiro, para festejarmos bem o dia",T'îanhe'engá-mirĩ ranhẽ 'ara momorãngatûabo
eu estou molhado,Xe akym
"embora tentásseis, estivestes deitados só pouco tempo junto a mim","Pesa'ang îepé, peuî korite'ĩ nhote xe pyri"
não conheço esse homem,N'aîkuabi a'e abá
"jorro d'água, itororó, bica d'água",y-tororoma
vou por ir,Asó nhẽ
o juiz mandou desorelhar o ladrão,Morubixaba mondá îaînambi-'okukar
geração da alegria,Toryba nhemonhangaba
prender tapuias,tapuîa rara
dei-o a troco de dinheiro,Itaîuba repyramo aîme'eng
eu sou o que é rico,I mba'eba'e ixé
"por teres misericórdia, nossa alma visitas","Moraûsuberekosápe, asé 'anga ereîosub"
abarquei-o,Aîubykatã
"sofreu, suportando o fogo","Sosang, tatá porarábo"
"ambas estas mãos, o número dez",opá kó mbó
"aprende acerca da palavra de deus, em que crerá",Onhembo'e Tupã nhe'enga o emierobîarama resé
se não fosse a vinda do fulano,Ahẽ ruraba a'eîponomã
"ilha de mato em meio a um descampado, capão",ka'a-pa'ũ
como nosso senhor a cura?,Marãpe Îandé îara i mombûerabi?
"ficamos bradando, como desterrados",Orosapuká-pukaî i pe'apyramo
resto do tronco de árvore que fica na terra após o seu corte,ypypûera
antigamente eu ficava sempre junto de ti,Akûeîme apytá memẽ nde pyri
agora há pouco,korite'ĩ-mbyryb
fico a espojar-me,Anhemonduby-ndubyr
viemos muitos,Oroîurusu
"estando a destilar coisa quente, coisa muito amarga","Mba'e-akuba, mba'e-robeté tukutuku okûapa"
"muito bem, eis que aqui estou, trazendo para ti estes siris","Auîebeté kó aîkó, ndébo ko siri reru"
"com eles não se misturando, não querendo, igualmente, seu modo de ser","Sesé onhemonane'yma, oîabé sekó potare'yma"
hoje mesmo hei de fazer-te ir,Kori é t'oromondóne
eu sou o diabo esquentador de gente,Xe anhanga moropé
anunciando nossa futura felicidade,Asé rekokaturama mombegûabo
"não tendes ouvidos, como de costume, confundindo esta aldeia","Na pe apysáî, îandu, ikó taba apamonana"
cheguei,Agûasem
saiu para o pátio chorando muito dolorosamente,Osem okarype oîase'o-asykatûabo
o que tem a bem-aventurança é o que é pobre por sua própria vontade,Tekokatueté rerekoara o emimotarybo é i mba'ee'ymba'e
aguei-a,Aîamõ
devolve o objeto de seu furto,Ogûeroîebyr o mondasagûera
esse outro,kûé amõaé
para seu fogo arrastando-nos,ogûatápe oré rekyîa
"tão logo ao ouvir o teu nome, o diabo está tremendo","Nde rera rendupa abé, Anhanga ryryî okûapa"
muito a propósito a gente comemorará bem esse dia,A'eboé ebokûé 'ara asé oîmoeté-katune
"detestando seu pecado, a transgressão da palavra de deus","O angaîpaba, Tupã nhe'enga abŷagûera reroŷrõmo"
"que amemos nosso pai, nosso verdadeiro criador","T'orosaûsu îandé ruba, îandé monhangareté"
minhas costas,xe atukupé
convés da embarcação,ygara rokabytera
riscaram todo o teu corpo com ferro pontiagudo,Opá nde reté raíri itatiãîa pupé
bola de madeira,ybyrapu'a
lançaste algum menino que estava aconchegado a ti sobre ti por desejo sensual?,Ereîtykype kunumĩ amõ nde abiîxûara nde 'arybo moropotara suí?
elas estão sempre cheias,Tynysẽ memẽ
desvirginaste alguma menina?,Eresugûykápe kunhataĩ amõ?
"não foste tu, certamente, que te atraíste pelas mulheres?",Na nde ruã-te p'akó kunhã ri ereîemomotá?
castrado,sapi'a'okypyra
não trouxeste foices?,N'ererupe îyapara?
"em reparação disso, mudaste-te de aldeia","Sepyápe, ereîakasó"
irritastes o senhor jesus,Pemoŷrõ Pa'i Îesu
lacei a perna dele,Aîpukuîurar
o nosso chamado à mãe de deus fá-lo sofrer muito,Tupã sy îandé senõîa oîmoasy-katu-eté
eis que a noite toda ele não dormiu,Pysaré kó i kere'ymi
mas eis que minha alma não está aflita,Xe 'anga-t'iã n'i marani
tu não me detestas,Na xe reroŷrõî îepé
quais as novidades? quais as novas?,Marãpe moranduba?
durmo com roupa,Aroker aoba
entreouvi tuas palavras,Asendubaíb nde nhe'enga
vejo-o,A'é sepîaka
"no caso de o desejares muito mesmo, que se faça","Nde i potasábo-katu é, t'onhemonhang"
eu tenho os buracos da orelhas tapados,Xe apysakûá-îe'o
serão muitos os fatos que assustarão as pessoas,Setá tekó oporomondyîba'ene
não querendo que o diabo esteja como seu senhor,Anhanga o îaramo sekó potare'yma
num dia semelhante a este,Kó 'ara nungara pupé
são numerosos os que te procuram,Se'yî nde rekasara
os que estão achegados a ti,Nde resé serosypyra
é muito belo o teu nome,I porãngatu nde rera
eu estou adoentado,Xe rekoruînhẽ
seus antigos companheiros dei para os índios em troca de cauim,"Irũmbûera, kaûĩ repyrama ri, aîme'eng abá supé"
é algum tanto grande,Turusu-pyryb
assim hoje procederei,Emonã kori aîkóne
"o mais cedo possível, em um momento",korite'ĩ-aíb-eté
"aperta a cabeça do maldito, enfraquecendo-o muito","Oîopyk muru akanga, i moatãe'ỹngatûabo"
"a unhada de fulano, a marca das unhas de fulano",ahẽ pûapẽ-mbora
tu trouxeste tua esposa?,Nde ererupe nde remirekó?
"a ele, certamente, beijarei suas faces",A'e ipó asetobapé-pyténe
tu tiveste excitação com teu amante?,-Nde regûyrõpe nde agûasá resé?
"se ele tem muita dor quando o empalidece e quando o deixa doente aquilo que se abrandará, quanto mais aquilo que não se abrandará","O moaîureme o momara'areme a'e i arybeba'erama biã sasyeté, memetipó i arybeba'erame'yma"
"por isso mesmo os moços, por os convidarem os chefes, entram sempre no lugar de beber cauim","Nd'e'i te'e kunumĩgûasu, morubixaba o sogûápe, oîkébo memẽ kagûápe"
por acaso é o lourenço tostado?,Rorẽ-ka'ẽ-piã?
este pajé ruim tem espírito protetor,Supixûar ikó paîé-angaíba
já se juntaram por causa disso muitos moços bebedores de cauim,Onheŷnhang umã sesé kunumĩetá kagûara
apresentei-o,Arokûab
os homens pecadores mataram são mateus,Abá angaîpabora São Mateus îukáû
"eu tenho propensão a esquecer, eu sou esquecidiço",Xe resaraî-potar
fazendo vir à tona seus atos escondidos,Sekó-nhemima monduîa
"os cristãos, na verdade, não pecam pouco","Karaíba, ipó, n'oîkoangaîpá-pyrybi"
como seus discípulos receberam-vos,O boîáramo pe rari
contigo sempre estou,Nde resé memẽ oroîkó
lavro as madeiras,Aybyrá-pan
fica! somente quando bebes cauim tu queres ser valente?,Epytá! Kagûápe nhõ nde ratãngatu-potá?
a morte é a ameaça daqueles que se casam verdadeiramente,Te'õ a'e mendasareté momboîsabamo
"não faz efeito, às vezes, nosso remédio",Sarûab amõme asé posangygûaba
"tu, em teus braços, jesus ergueste","Endé, nde îybápe, Îesu eresupi"
"não me chames pelo nome diante dele, senão me mata!","Xe renõî umẽ îepé i xupé, na xe îukáî!"
parece que é ele,A'e îasûar
aticei-o,Asapynhang
saí há pouco dele,Asẽ amo'ĩ i xuí
"os habitantes do céu, mais ainda, estão bem felizes",Ybaka porá-tene sory-porang
por causa de sua crença nele não duvidando,Serobîara resé o akasange'ymamo
em que parte do corpo ele o flechou?,I mba'epepe i nhybõû?
desfolhei-a,Aîpo'o
não pode uma pessoa casar-se ocultamente?,Nd'e'ikatuîpe abá omendá-nhemima?
"tremo, ambas as minhas coxas adormeceram","Aryryî, opá xe uba îesyî"
manquejo,Xe ate'ẽ
eu me limpo das fezes,Aîeîkûaru'umbok
eu tenho a extremidade pontuda,Xe rapûá-obyr
já se juntaram por causa disso muitos moços bebedores de cauim e as moças que dão de beber às pessoas,"Onheŷnhang umã sesé kunumĩetá kagûara, kunhãmuku i more'ymbara"
morro de morte natural,Te'õ suí amanõ
esbofeteando suas faces,Setobapé sosoka
"mas sempre, com certeza, a vossas almas querem bem","Memẽ-te nipó, pe 'anga amotá"
eu enfeio minh'alma,Xe xe 'anga aîmomoxy
que fazem conosco os que nos batizam?,Marãpe asé rerokara asé rerekóû?
como este,kó îá
ao lado de sua própria mãe a criança está deitada,O sy posé pitanga ruî
eu tenho casca erguida,Xe pé-bur
hei de revirar seu ventre opilado!,T'aîpobu sygé-aponga!
"assa-me o lourenço tostado, embora eu seja um rei","Xe resy Lorẽ-ka'ẽ, xe morubixaba biã"
para cá olhando furtivamente,kûybõ oma'ẽ-nhemima
eu faço bochecha,Xe ratypygûasu
seu próprio corpo incorrupto,gûeté-marane'yma
muitíssimo rechonchudo,asangusugûasu
nesta noite tomou início,Kó pytuna ri sy-ari
"falaste duramente a alguém, irritando-o, fazendo-o odiar as pessoas?","Erenhe'eng-aparatãpe abá supé, i moroŷrõmo, i moporoamotare'yma?"
eu sou vingativo,Xe îepykixûer
comeste terra?,Ere'upe yby?
finalmente ele a levou,Té ahẽ serasóbo ko'yté
algumas e poucas vezes,amõme nhõ
"tu foste chocarreira, estando deitada sobre teu próximo?",Nde arũaípe nde rapixara 'arybo eîupa?
se não fosse ele ter ido,Osó é ahẽ îabynomã
eis que teu filho me fez mudar de idéia,Xe resaekoabok ikó nde ra'yra
"faze-me tu valente, para que eu me oponha ao maldito, para sempre vencendo-o","Xe mopyatã îepé, t'apu'am muru resé, aûîérama i moaûîébo"
contar aos homens a futura felicidade deles,Abá supé sekokatusagûama mombe'u
eu sou sauiaetá famoso é meu nome,Ixé Saûîaetá Serapûã xe renõîndaba
queimou tua alma o fogo dele,Nde 'anga osapy satá
"após arrependerem-se de seus atos, os índios vão confessar-se","O ekó moasy riré, abá sóû îemombegûabo"
como disse pilatos aos seus aprisionadores?,Marã e'ipe Pilatos serekoaretá supé?
enjoa-te de teu velho modo de ser!,Eîmoting nde rekopûera!
arrancando sua orelha,i nambi mondoka
"sobre grelhas de moquear, de ferro, assaram-no",Moka'ẽ itá îurá 'arybo sesyri
cura-se às vezes,Opûerab amõnume
acordo bem de madrugada,Îeîbeté apak
matai-o!,Peîuká!
"marca de espada, sinal de ferimento com espada",itangapẽ-mbora
era muito grande por isso mesmo ficava caindo com ela,Turusukatu Nd'e'i te'e sero'a-ro'a
vendi coisas,Amba'e-ma'e'ĩ
"os que não acreditavam nele trabalharam em conjunto, ficando a flechá-lo",Serobîasare'yma potyrõû iî ybõîybõmo
ser chamado ladrão é característica do homem mau,Sereroĩmbyra abá-mondá apŷabaíba rekoaba é
qual é o outro meio de curar nossa alma?,Marãpe amoaé îandé 'anga posanongaba?
eu resmungo,Xe nhe'ẽkurukuruk
que há aqui semelhante a um canindé azul?,Mba'epe ké kanindé-oby îasûara?
cá vem um barco não faz senão ir,Kó ygara ruri Osó-te
"tu queres ser mau hás de ir, pois, para teu fogo",Nde poxy-potar-a'ub T'eresó rõ nde ratápe
vim do céu para vos ajudar sempre,Aîur ybaka suí îepi nhẽ pe pytybõmo
faço-me matar,Aîeîuká-ukar
farei todos pecarem de novo,Aîmoangaîpá pá benhẽne
hei de ir para cumprir essas palavras,T'asó aîpó nhe'enga mopó
eis que este é discípulo de jesus,Iesus boîá ã ikó
eis que eu sou homem,Xe abá niã ixé
tão logo indo ele,osóbo bé
eu estou com a base com firmeza,Xe ypy ten
tranca da porta,okena kokaba
"escudo-me, defendo-me",Aîepîar
"seus antigos pecados fazendo estar diante deles, seus furtos também",Sekomemûãagûera serekóbone sobaké bé i nhemondá bé
"no meio do caminho, meninos assaltaram-me mesquinhamente","Pé ku'ape, kunumĩ pu'ama'ubi xe ri"
eles se tratam uns aos outros como semelhantes por causa de sua irmandade,O îoasykûera ri îasûaramo i îogûerekóû
assim havemos de nos acariciar!,Nã takó îomomoranga re'a!
eu sou malhado na cabeça,Xe 'apititing
misérias da vida,tekó poreaûsuba
eu estava ainda cansado,Xe pûeraî mbyté
permaneço seu guardião,Aîkobé n'ixé sarõana
"vem para espantar o maldito, para que não invista contra nós","Eîori muru mondyîa, t'opu'am umẽ oré ri"
veio um grande chefe de longe para te procurar,Oú tubixá-katu mamõ suí nde reká
a mim também o flechado bastião derrotou-me não existe mais minha antiga bravura,Xe abé iî ybõmbyrûera Bastião xe moaûîé N'i tybi xe abaetepûera
revezamo-nos uns com os outros,Oroîoporu
mato gente,Aporoîuká
confundindo as aldeias desde a galiléia,Taba moapaîugûá-îugûábo Galilea suí-katu
muito longe,apûé-katu
"se o sol faz as pessoas terem muita sede, tanto mais estando no fogo as pessoas desejam beber","Kûarasy abiã oporomo'y'useî-eté, memetaé tatápe oína abá o'useî-etéramo"
homem membrudo,abá-tubixaba
buraco do chão,yby kûara
forrei-o,Aîapeaob
trazendo o resplendor de deus,Tupã beraba reru
dizendo isso por pequenas coisas,Mba'e-mirĩ resé aîpó o'îabo
jazo de lado,Opemo aîub
o que foi pão,miapepûera
"finjo que o levo, faço que o levo",Arasó-rasó-a'ub
oh! quem aqui dá a cara?,"To, ahẽ! Abápe ké sobasẽ?"
ainda bem que aprendeu,Iîá oîembo'ebo
mas são eles os que mandam fazer cauim,A'e-te kaûĩ pûaîtara
estando como seu guardião,Serekoaramo ûitekóbo
como estas são vossas casas? -diferem muito,-Anga îápe pe roka? -Oîkoé-katu
fica com teus suditozinhos junto de nós,Eropytá nde boîá'ĩ orébo
se tu não endureceres teu coração,Nde nhy'ã nde i moatãnhẽe'ỹme
"o que é líquido, o que é ralo",tykuba'e
eu sou maior que tu,Ixé nde sosé
o que eu ensinei,xe remimbo'epûera
não é que o maldito veio voando?,Ké muru ruri obébo?
"empenadura de flecha, isto é, penas de asas de pássaros que eram atadas às flechas",u'upepó
após vertê-la dentro de alguma casca de coco,Inaîagûasu apepûera amõ pupé i nhang'iré
faço muito barulho ao andar,Xe py-ambugûasu
lanço a canoa,Aîtyk ygara
para o monte chamado calvário,Ybytyra Monte Calvário 'îápe
fizemos procissão,Orotupãerogûatá
"esta aldeia, não disseste maldades a ela ainda?","Ikó tabape, marã nd'eréîpe i xupé ranhẽ?"
"os que não criam nele trabalharam em conjunto, ficando a flechá-lo","Serobîasare'yma potyrõû, iî ybõîybõmo"
a dança é que é boa,Moraseîa é i katu
estavam dormindo por causa da aflição,Oker okûapa tekotebẽ suí nhẽ
"confesso-me a ti, senhor padre, por causa do meu pecar muitas vezes","Anhemombe'u ndebe, pa'i abaré setá nhẽ xe angaîpagûera resé"
pegou-se firmemente sua roupa com que ele foi castigado às suas chagas?,Oîar-atã serã i aoba i nupãsagûera i moperé-perebagûera resé?
"ao se aproximar o doente da agonia, que mandem chamar o padre","Mba'easybora o mara'ara kakareme, t'osenõîukar abaré"
fiz provisões dele,Asesemõ
que ela faça seu mui belo filho perdoar a nós,O memby-porangeté t'omoîerekûab orébo
deverias ter sabido antes do teu agir assim,Ereîkuá ranhẽ meémo emonã nde rekorama
porventura a tentação é algo semelhante a uma juçana?,Îusana abŷare'yma nhẽ serã tentação?
levando os peixes todos,Pirá mondóbo pá
sei-o tão bem como tu,Nde îabé ixé i kugûabi
"queimou tua alma o fogo dele, descendo",Nde 'anga osapy satá ogûeîypa
fiz taipa de pilão,Aybysosok
"há bem pouco tempo, agora há pouco, agorinha mesmo","kûesé-té'ĩ, kûesé-té'ĩ-mbyryb, kûesé-té'ĩbé, kûesé-bé'ĩ, kûesé-pyryb"
o que perseguiu o cão de seu próximo,o apixara reîmbaba îagûara remimomosẽgûera
rapaz,kunumĩ-a'uba
os cabos são achatados,Yba i peb
"a mãe de deus, a que me ameaça","Tupã sy, xe momburûara"
suspeito dele acerca de meu dinheiro,Aîmondar ahẽ xe itaîuba ri
escondendo ser sua parente verdadeira a que ele perverteu,O emimomoxypûera o mũetéramo sekó kuakupa
"das cuias ficando a quebrar as pontas, afrontaste os homens","Kuîa nhẽ i tĩ-ngá-tĩ-ngábo, ereîanga'o abá"
cordão de contas,mbo'yrysy
"vem, coisa fedorenta, coisa nojenta, tamarutaca!","Eîori, mba'enem, mba'e-poxy, tamarutaka!"
põe mais outro,Enhonong-y bé amõ
serra braceira,ybyrakytĩabusu
"por isso mesmo, tendo saudades um do outro, ficam tristes","Nd'e'i te'e oîoepîaka'upa, o karukasyramo"
fiquei estremecendo,Asy-syî
"guarda-te, hoje, de ter guerra comigo",Eteumẽ kori marana rerekóbo xe resé
ainda que eu já tivesse ido,Aûîebé-temo xe só-umani
tiveste relações sexuais com alguma mulher como tua prostituta?,Ereîkópe kunhã amõ resé nde sugûaraîyramo?
tempo de rogar a deus pelas almas,angûera resé Tupã mongetasagûama
a gente não come carne de caça no dia de jejum,Nd'o'uî asé so'o îekuakuba 'ara pupé
fizeste chegar o pagamento como retribuição de um trabalho?,Eresepy-mondykype marãtekó repyramo?
então matarei alguns,A'ereme amõ aîukáne
longamente nosso pai primeiro esteve chorando,Ipuku erimba'e îandé rubypy rekóû îase'o-monhanga
lambi-o,Asereb
"odeiam-te, expulsar-te-ão","Nde reroŷrõ, nde mombóne"
querem afugentar-te,Nde monhegûasẽ-motá
"escondeste algum pecado teu do padre, envergonhando-te dele?","Ereîkuakupe nde angaîpaba amõ abaré suí, senotĩamo nhẽ?"
"havemos de ir à dura guerra, cara a cara uns contra os outros?",T'îasó maranatãûãme o îoupé oîobaúpa?
teço roupas,Aaó-pyasab
poucos moram nesta aldeia,Mokõînhõ kó taba pupé sekóû
"herodes teria entregado este à morte, conhecendo suas maldades",Herodes meémo ikó oîme'eng te'õ supé i angaîpaba kuapa
que farão no céu?,Marãpe sekóû ybakypene?
terá a mulher ciúmes de seu marido?,Sygûyrõpe kunhã o mena reséne?
"entram grandes espinhos, espetando sua cabeça","Oîké îugûasu, i akanga kutuka"
"baixou a cabeça, ficando a gritar",Oîeaŷbyk ogûasem-asemamo
"apresso-me hoje, por causa da tua fama","Xe apuãnamo kori, nde rerapûana resé"
cortaram seu prepúcio,I 'apira mondoki
"vituperaste pelas costas a teu pai, a teu mestre?","Ereîkupeanga'ope nde ruba, nde mbo'esara?"
encaixotei-me as coisas,Anhemba'e-nhang
em abrigo,ãme
"imediatamente, água e sangue dele vazaram, escorrendo","Aûnhenhẽ 'y sugûy abé i xuí i 'emi, osyryka"
estou saltando de alegria,Toryba suí apó-por gûitekóbo
é o modo de ser deles?,Sekoaba nhẽpe?
é difícil essa língua,I abaíb aîpó nhe'enga
o rosto da criança está alegre para eles,Pitanga robá sesãî i xupé
esbofeteio as costas de suas mãos,Aîpokupé-petek
"""ajuntamento de ostras"", nome de um lugar",Rerityba
a gente vê aquela coisa branca e sua redondeza também,"- Akó morotinga, i amandaba bé asé osepîak"
este pajé ruim tem um espírito protetor,Supixûar ikó paîé-angaíba
a santa maria o pecado não chegou,Santa Maria resé tekopoxy nd'obasemi
"não serão somente poucos anos, mas para sempre",Na mboby nhõ ruã akaîu-'aîubane aûîeramanhẽ-te
"será que estais sossegados, sem mais, nos vossos montes de maldades?",Pe apysykĩ serã peîkóbo pe rekomemûã aty-atyra pupé?
"homem parvoeirão, ignorantão",abá-tekokuabe'ymusu
logo ao ouvir o nome dela eu me escondo em outra parte,Serenduba rupibé amongoty xe nhemimi
ele vos fortalece,A'e pe mopyatã
não brigarão?,- Nd'omarãmonhangi xópene?
estava-me agradável meu jogo,I porambyrambyk xe rekó ixébo - São-me agradáveis meus afazeres I porambyrambykĩ xe nhemosaraîa ixébo
"eis que meu corpo não está disposto, amolecendo","Xe reté ã n'oîkoetéî, omembeka"
que há aqui semelhante a um canindé azul?,Mba'epe ké kanindeoby îasûara?
"desesperar-se-ão muito, certamente, os que são maus",I anhamãngatu nipó i angaîpaba'e-ne
que pareçam juntar-se como um só,T'oîese'ar-y berame'ĩ oîepekaturamo
em seu rosto ficando a cuspir,Sobá resé onhenomũ-nomuna
porventura fazes isso à toa?,Aîpó nhẽ-pipó ereîkó?
"ah, quem me dera comer veneno para que eu morresse!",A'u temõ mba'eaíba mã a'emo nhẽ xe re'õû
var de chapéu,akangaó-îepepira
eu sou muito gordo,Xe kyragûasu
por ser coisa que deve ser dividida,Mba'eramo i moîa'okypyra rekóreme
"muito bem, pois! hei de comer todo o banquete de jacaré-guaçu!","Aûîebeté, rõ! T'a'u pá Îakaregûasu pepyra!"
não se compadeceu deus de alguém por causa dos que descenderiam ?,N'osaûsubaripe Tupã amõ abá îeapykaba'erama resé?
estou na penúria,Atyabor
"a terra também, então, agitando-se, tremendo","Yby abé a'ereme onhemonguébo, oryryîane"
como a gente procede para o cumprimento da vontade de deus?,Marãpe asé rekóû Tupã remimotara moporagûama resé
hei de pescar para ti,T'oroporaká
"em tuas mãos sentando-se, vai o menino","Nde pópe ogûapyka, osó kunumĩ"
saqueei-lhe as coisas completamente,Aîmba'e-pysyrõ-mbab
"ainda bem que, ainda outrora, repeli meus pecados",Aûîetéramo erimba'e bé xe angaîpagûera aîpe'a re'a
vou buscar água,A'ypîasó
a cada dez dar um como quinhão de deus,Opá kó mbó îabi'õ moîepé me'enga Tupã potabamo
"salve rainha, mãe de misericórdia, vida, a que é doce","Salve Rainha, moraûsubara sy, tekobé, se'ẽba'e"
"nossa comida, a que é de cada dia, dá hoje para nós",Oré remi'u 'ara îabi'õndûara eîme'eng kori orébe
"de lado, de ilharga",o ykébo
bem nesse momento perdoou a pilatos,A'eîbé Pilatos supé oîerekûabamo
esbofeteei suas nádegas,Sebira aîpetek
uma criancinha és,Pitangĩnamo ereîkó...
as juntas de seus ossos afastando umas das outras,I kanga îepotasaba pe'abo o îosuí
quem aquele transgride?,Abápe aîpoba'e oîaby?
estou de acordo com ele,Supi nhẽ aîkó
por que minha mãe me deu à luz outrora?,Marã-pakó xe sy xe mbo'ari erimba'e?
maltratando-o todos os seus súditos,O boîaetá pabẽ serekomemûãmo
como teus filhos estando nós,Nde membyramo orokupa
dói-me a cabeça,Sasy xe akanga xe suí
eu hei de vingar-te,Ixé t'oroepyk
dizendo que um canto de pássaro ou um urro de onça são agouros,Gûyrá koîpó îagûara nhe'enga supé morangygûana o'îabo
"a seu próprio pedido, na cruz o pregaram","Cruz resé i moîari, i îeruresabo é"
eu tenho a pele quente,Xe pirakubor
eu tenho bens,Xe mba'e
está pronto o guaitacá ou o filho do guaianá?,Sekoaûîépe gûaîtaká koîpó gûaîanã ra'yra?
não mais amarei o diabo,N'asaûsu benhẽî xûé Anhangane
o maldito não difere de uma arara,Nd'oîabyî muru arara
"elas, na verdade, são más, ficando a fazer pajelança","A'e, rakó, i angaîpá, oîemopaîé-paîébo"
não me acostumei,N'aîepokuabi
"estando nós no amor de deus, a verdadeira felicidade temos","Tupã îoaûsuba pupé îaîkóbo, tekokatu-eté îarekó"
não deixes de o querer,Eîpotare'ymumẽ
afirmamos que isso é o que deve ser enaltecido,Îamombe'u aîpó i momorangymbyra
íngua de virilha,akó-a'ynha
meu corpo treme,Xe reté-piring
dia muito bom,Arangaturameté
"enfim, esses temiminós não tomam a lei de deus, não a amam, não a acatam","Aûîé, kó temiminõ nd' ogûari Tupã rekó, nd'osaûsubi, n'omotybi"
debalde vou,Aûîebé-te asó
"o que é viúvo, o viúvo",seremirekoe'õba'e
conhecendo a deus,Tupana kuapa
detestando-os mais que tudo o que deve ser lamentado e o que se deve detestar neste mundo,"Seroŷrõmo opakatu ikó 'ara pupé i moasypyra, seroŷrõmbyra sosé"
todos havemos de convidar,Pabẽ t'îaîxo'o
"eu, em vez disso, quero presas em alguns bêbados","Xe-te, xe rembiá-potá sabeypora amõ resé"
"poucos nesta aldeia moram, estando a salvar-se","Mokõnhõ kó taba pupé sekóû, oîepysyrõ okupa"
o patrimônio dado a mim por meu pai,xe ruba xe mba'eme'engaba
que vá guaixará para o fogo,Gûaîxará t'osó tatápe
eu estou rouco,Xe îase'opyoú
"qual era, mesmo, o nome dele?",Marã-takó ahẽ rera?
tratando-se uns aos outros como que numa fraternidade,Oîoasykûera ri îasûaramo oîoerekóbo
estavas realmente dormindo?,Ereké-pipó eîupa?
podei-a,Aî'ybab
nó da garganta,aseó-kytã
"a gente diz ""quinhão de deus"" para aquilo que é dado?","Asé aîpó i me'engymbyra supé ""Tupã potaba"" i 'éû?"
"deus ama-te muito, enchendo-te de graça","Tupã nde raûsubeté, graça ri nde moynysema"
fi-lo apresador de mim,Aîmoembiaryîar ahẽ xe îoesé
eu sou libertina,Xe resaeté
dorme ao lado de mim,Eké xe porupi
farto-o,Aytarõ
retribuí o que ele escreveu,Aîpoepyk semikûatiara
eu fico salivando,Xe rendy-rendy
qual? aquele lourenço tostado?,Umã? Akó Rorẽ-ka'ẽ?
está molestando as pessoas,Oporomoaîu oîkóbo
eu estou muito quebrantado,Xe pitubarusu
"ora, já agora leve-o",Ne'ĩ serasóbo ko'yté
como que voando muito rapidamente,Korite'ĩ-aibeté obebébo berame'ĩ
"e não confessando ser parente, de fato, de seu marido ou de sua esposa, que acontece?","A'epe o mena koîpó o emirekó mũetéramo sekó mombe'ue'yma, marã?"
"será que estais sossegados, como os que não vêem a morte?",Pe apysykĩ serã peîkóbo te'õ repîakare'yma rame'ĩ?
amarra tua rede de dormir ao lado de mim,Eîotĩ nde kesaba xe porupi
"isso é assim, certamente",Emonã ûĩ re'a
"sua mãe, cobrindo-o bem, defende-o do frio","I xy i aso'ikatûabo, oîopîá ro'y suí"
eu sou hábil,Xe pokarugûar
que ouçam aquilo que tu dizes,T'osendu aîpó nde 'é
o que vai buscar água,ypîasoara
lamentando terem nascido de suas mães,O sy suí o 'aragûera moasŷabo
ele tem a água esgotada,Ty-pab
a união de deus-filho com nossa carne,îandé ro'o resé Tupã-Ta'yra îemonana
"jesus, guardião da alegria",Iesu toryberekoara
"à flor d'água, na superfície da água",y-apé 'arybo
"passaste a mão nas tuas pudendas, abrindo-as?","Erepokokype nde rapopé resé, i pekábo?"
por que a gente põe a cruz na testa?,Marãnamope asé o sybápe îoasaba moíni?
este outro,koba'e-te
"como seus discípulos procederam, vendo tratar assim a seu senhor?",Marãpe i boîá rekóû emonã o îara rerekó repîaka?
eu tenho a carne trêmula,Xe ro'o-sysyî
inimiga do diabo,Anhanga sumarã
dar também o quinhão de deus naquilo que plantou primeiro,O emitymbûerypy pupé Tupã potá-me'engano
eu tenho roça própria,Xe kó-é
ficando a confundir as pessoas,o poromonã-monana
"eis aqui meus chifrões, meus dentes sim, eis aqui também minhas garras","Kó xe 'akusu, xe ranha Îé, kó bé xe pûapẽ"
não me enternecendo eu pelo que morreu para me resgatar,Xe repyramo omanõba'epûera ri xe akyre'ymamo
var de argola de penas,aûã-myranga
não sabia do perdão de deus a mim,N'aîkuabi ixébo Tupã nhyrõagûera
o que é daqui é este,Ikendûara n'ikó
"eu não queria vir , irando os homens brancos","Xe n'aîu-potari biã, karaíba moabaîtébo"
"o sem-orelhas, coisa mocha",nambie'yma
piorou muito a dor de minha cabeça,Oîerekoaíbeté xe akanga rasy xe suí
nem me cruzei as palmas das mãos,N'aîasabi pó-pytera
vem-me à memória minha vida passada em minha terra,I 'ã i 'ang xe retãme xe rekoagûera ixébo
"não tem limite, não tem fim","-N'i sykabi, n'i papabi"
"o nome da terra deles é mboijy, ali assando-os e comendo-os","Setama rera Mboîy, a'epe i moîypa, i gûabo"
há algum homem na condição de seu substituto?,Oîkobépe amõ abá sekobîaramo?
os que confessou com os que escondeu voltará a confessar,O emimombe'upûera o emikuakugûera irũmo bé i mombe'uîebyrine
presumo que ele deve ter ido,"""Osó ipó re'a"" a'é"
"logo, vencendo os temiminós, habitantes daqui, frequentá-los-ei","Koromõ keygûara temiminõ moaûîébo, asapekóne"
que me tratem como a seu próprio deus,O tupãnamo ta xe rerekó
a segunda vez dele,i mokõîa
eu sobrei,Xe rembyr
"um ou outro, porventura, foi mau alguma vez","Oîepé-ĩombé, nipó, i angaîpab amõme é"
detestando sua maldade,I angaîpaba momburûabo
não pode o que não é padre fazer as coisas assim?,Nd'e'ikatuîpe abaréramo oîkoe'ymba'e emonã tekó monhanga?
"ontem, aos brancos deram combate","Kûesé, karaíba ri i pokoki"
mamei,Akambu
dá também deus neste mundo algumas coisas aos que são bons?,Oîme'eng-y bépe Tupã ikó 'ara pupé mba'e amõ i angaturamba'e supéno?
ilha grande,Ypa'ũgûasu
ferimentos mútuos,îoapixaba
digo mal dele,Aîmombe'uaíb
"cara ruim, mau humor",tobasy
a seu pai somente o homem obedece?,Og uba anhõpe abá osapîá?
vestir os nus,Ikatupendûara moaoba
tenho meu modo de ser diferente,Xe rekó-aé arekó
"não querendo comer, venho",Na mba'e 'u potá ruã aîur
fiquei-o esfregando com gordura,Aîkyty-kytyk mba'e-kagûera pupé
eu sou rechonchudinho,Xe apebĩ
"que a maria alegremos, a lei do diabo repelindo","Maria t'îambory, Anhanga rekó reîyîa"
resisti-lhe,Anheran i xupé
"transgridem, certamente, algumas vezes, somente",Oîaby ipó amõme é
não o teríamos trazido a ti se ele não tivesse pecado,N'orogûeruri xûémo ndebe i angaîpabe'ỹmemo
acaso o que será deixado é tudo?,Seîarypyrama ruã-tepe mba'e tetiruã kûáî?
furou também minha cabeça,Omombuk-y bé xe akanga
as crianças que completam dois anos,pitanga mokõî ro'y omoaûîeba'e
"ele está enferrujado, ele tem ferrugem",Sepoti
eu estou ricamente vestido de roupas,Xe aó-mondé-matueté
mas livra-nos tu das coisas más,Oré pysyrõ-te îepé mba'e-aíba suí
"tu mesmo és causa de teu dano, querendo revirar minha casa",Endé aé ereîekûá xe roka pobu-potá
buraco das orelhas tapados,apysakûá-îe'o
que é a morte?,Mba'epe te'õ?
o doente que está ao teu lado,mba'easybora nde kotypendûara
bebi água,A'y-'u
estando aflito,tekotebẽboramo oîkóbo
havemos de chegar ao céu,T'orobasẽne ybakype
atravessam suas mãos juntamente com seus pés,Îaîpó-asá-sá i py resebé
por isso mesmo quiseram igualar-se todos a seu criador?,Nd'e'i te'e serã oîemoîoîá-pá-potá o monhangara resé?
como o nosso perdão aos que nos tratam mal,Oré rerekomemûãsara supé oré nhyrõ îabé
"deleitando-se com as escravas ruins, não quiseram vir aqui","Tapuîpé-poxy mborypa, tupotare'ymi iké"
mas que nós não paremos de chamá-la,Îandé-te îapyk umẽ senõîa
"de dois em dois, dois a dois",mokõ-mokõî
"eu sou um mísero índio, de fato",Xe abá-aîbĩ anhẽ
eu estou-me amancebando,Xe agûasá gûitekóbo
"eu hei de bem apanhar-te, fazendo-te cair no meu mundéu","Xe t'oropysykatu, xe mundépe nde mbo'a"
aqui vêm para nos castigar!,Ké turi îandé nupãmo!
"sofrendo tudo o que é doloroso, que não se mitigará",Opakatu sasyeteba'e i arybeba'erame'yma porarábo
"conhecendo a deus, agora amo meu senhor jesus","Tupana kuapa, ko'y asaûsu xe îara Îesu"
eu sou sauiaetá famoso é meu nome,Ixé Saûîaetá Serapûã xe renoĩndaba
caí doente,Xe mba'easy-'ar
"tenho medo, tremo!","Asykyîé, aryryî!"
"o desejo sensual tornado costumeiro, a janotice, o vício, isso nosso senhor, após o recebermos nós em nossa alma, impede de se querer","Moropotara semipokuabe'yma, arũaíba, tekó-poxy anga Îandé Îara îandé 'angyme îandé ogûar'iré ybŷá potara oîmoaruab"
"eu sou o alegre ibitirapé, do topo da montanha","Xe rory Ybytyrapé, ybytyrapûá suí"
"tempo, lugar, instrumento, causa, modo, companhia, etc de matar",îukasaba
sara mesmo minha alma apenas com tuas palavras,Opûerab é ipó xe 'anga nde nhe'enga pupé nhote
"cura-se algumas vezes, segundo os desígnios de deus para a gente","Opûerab amõnyme, Tupã asé rerekokuapaba rupi é"
como disse a seu pai antes de morrer?,Marã e'ipe og uba supé o îekyî'îanondé?
fiz-me homem,Xe abagûasu
na cintura,ku'aî
lanço puçá,Apysá-îtyk
tinjo-o de vermelho,Aîpitu-pyrang
não está dia,Nd'e'i 'ara
dei-o de graça,Aîme'eng tenhẽ
acreditas em falsas oferendas ou em pajelanças?,Ererobîápe îetanonga'uba koîpó karaimonhanga?
"tempo, lugar, modo, etc de tocar, de bater",mopûaba
desde minha vinda,xe rura agûerabé
eu fui peado,Xe pukusam
"é no final da missa que entras sempre, manifestamente consciente?","Missa mondykápe épe ereîké îepi, nde îesûere'yîpe"
vagem cheia,Topé-pungá
estando a destilar coisa muito amarga,Mba'e-rob-eté tuku-tuku okûapa
"aproximando-se da morte, suou bastante","Te'õ rerobyka, syaî-tekatu"
"atravessei-o, sem mais",Asasá-benhẽ
finjo que vou,Asó-asó-a'ub
veio um grande chefe,Oú tubixá-katu
"jesus, o que eu desejo","Îesu, xe remimotara"
"sim, eis aqui também minhas garras, meu rabo comprido, meus ganchos","Îé, kó bé xe pûapẽ, xe rûaîpuku, xe tyãîa"
"a saída do sol, o nascer do sol",kûarasy sembaba
"guardai-vos de ser maus, doravante",Peteumẽ pe poxyramo angiré
constituímos-te chefe,Oromoingó tubixabamo
braço de rio,y-akã
maltratar a seu próximo,o apixara rerekoaíba
"semelhantemente a isso fizeram com seus pés, pregando-os também com cravos?",A'e rame'ĩpe ybŷá i py rerekóû itapygûá pupé i moîáno?
faze sumir meu tentador,Emokanhem xe ra'angara
o que tocou na irmã mais moça ou na irmã mais velha de sua noiva verdadeira não pode casar-se nem mesmo com sua noiva,O me'engabeté pyky'yra koîpó tykera resé obykyba'e n'e'ikatuî omendá o me'engabeté resé tiruã
ele está salgado demais,Se'ẽ-moxy
até eu vou,Ixé tiruã asó
tornou-te mais formosa que ela,Nde moaysó-eté i xuí
de modo algum os temiminós tiram seus nomes antigos,Nainanĩ temiminõ o erumûana mombó
"ah, que mau é o pecado! que mau que é fulano!",Tieté kó angaîpaba maniîabo mã! Tieté kó ahẽ maniîabomã!
o miolo dele,i apytera
fico a espojar-me,Aîeré-îereb
"olhe bem que, por isso mesmo, o maldito ataca o homem",Nd'e'i te'e moxy keteté abá ropenhana
"que não conheçamos senão a deus, nosso criador","T'îaîkuá-te Tupã, îandé monhangagûera"
para que sejamos dignos do que cristo prometeu,T'oré angaturãne Cristo remienõîûera resé
ensinando tu a ti mesmo,Eîembo'ebo
eu sou airoso,Xe katu
linha grossa de pescar,pindasã-pokuruba
defequei,Aka'apîasó
frustrei-me,Xe rarûab
ele secou,Typab
foi à frente de mim,Osó xe renondé
raízes angulosas,sapopema
"por te fazer trabalhar um homem branco, trabalhaste num dia que deve ser guardado?","Karaíba nde moporabykŷápe, ereporabykype 'ara i momba'etepyra pupé?"
estes habitantes da aldeia sob minhas mãos estavam,Kó tabygûara xe pó gûyrybo sekóû
"ah, quem me dera eu tivesse ido!",Asó me'ĩmo mã!
tu deste à luz por tua vontade?,Nde membyrápe erimba'e nde remimotarybo?
é no final da missa que entras sempre?,Missa mondykápe épe ereîké îepi?
como diz o primeiro deles?,Marã e'ipe iîypy?
o cão é ávido,I mba'e-potar îagûara
"disseste falsamente que ele disse isso, sendo maledicente?","""-E'i kó"" eré tenhẽpe nde îuruaíbamo?"
detestando-os mais que tudo o que se deve detestar neste mundo,Seroŷrõmo opakatu ikó 'ara pupé seroŷrõmbyra sosé
faço pedro ter roupa,Aîmoaob Pedro
são más essas folgadas,I angaîpá kó kena'ĩ
"que queimem em teu fogo, para que os pecados dos malditos tenham retribuição","T'okaî nde ratá pupé, ta sepy muru angaîpaba"
"quando chegou a morte, para junto de deus-pai jesus fez-te subir","Te'õ mbasembápe, Tupã Tuba pyri Îesu nde rupiri"
"se o que tem relações sexuais com uma solteira ou por ela se atrai transgride muito a palavra de deus, tanto mais o que perverte uma casada ou o que se atrai por ela","Mene'yma resé oîkoba'e abiã koîpó sesé onhemomotaryba'e oîaby-eté Tupã nhe'enga, memetipó mendara momoxysara koîpó sesé nhemomotasara"
forno de cal,itaku'i-apŷaba
para ser a futura mãe de deus ela foi feita,Tupã syrama ri i monhangymbyra...
por que deus os deu para a gente?,Mba'erama resépe Tupã i me'engi asébe?
"é muito, com efeito, o grande zelo",Setá nhẽ kunu'umusu
coze algum cauim,Emoîyb kaûĩ amõ
por que não te escondes?,Marãpe nd'erenhemimi?
fico-me espreguiçando,Aîepoká-poká
sua mãe não teve dor de parto,I xy n'i membyrasyî
"caem às vezes os frutos de suas árvores, sendo ainda flores, outras vezes em seu estado verde, outras vezes após amadurecerem caem","Okuî rakó amũme 'ybarambûera o 'yba suí 'ybotyramo oîkóbo bé, amõ rakó ogûakyra pupé i kuî, amõ rakó ogûaîub'iré i kuî"
limpou seu rosto com um pano branco,Osobá-syb aó-tinga pupé
"de alguma parte, dalgures",kûeîpe suí
"tempo, lugar, modo, etc de se lavar, de se batizar",moîasukaba
coisa beiçuda!,Mba'e-embegûasu!
tu foste torpe com alguma irmã de tua esposa ou com sua parente próxima?,Nde poxype nde remirekó asykûereté amõ resé koîpó i mũ-mbyryba?
tiveste amizade com um homem pecador?,-Ereîekotyápe abá-angaîpaba resé?
minha barba branca,xe rendybaá-tinga
"eu sou um espião, um velho poltrão","Xe manhana, manembûera"
anuncia os que serão casados na igreja nos feriados,Ogûeronhe'eng i mendarypyrama Tupãokype marãtekoabe'yma pupé
que o deixem estar,Te'inhẽne oîkóbo ká
"sabendo disso, impedirias a transgressão da palavra de deus","Aîpó kuapamo, ereîmorambûé Tupã nhe'enga abyrambûeramo"
vem para espantar o diabo,Îori anhanga mondyîa
convenço-o,Aîmoapapub
ofereci-lhes comida,Asemi'u-erekûab
"eu, dele perguntando, vim da minha casa","Ixé sesé gûiporandupa, xe roka suí aîu"
como será que um habitante do inferno viveria neste mundo?,Marãeté'ĩ ra'umope amõ Anhanga ratá pora rekóû ikó 'ara pupé?
não comas este fruto,E'u ymẽ ikó 'ybá
conforta-me tu,Xe moapysyk îepé
o que está neste mundo,ikó 'ara pora
"melhor que isso me seria, pois, morrer",I xosémo nã ky xe re'õ
eu estou morno,Xe rakubaíb
faço mingau,Aîapó minga'u
propondo ser bom,xe katurama momboîa
"arrependendo-se de seus pecados, deplorando-os","O angaîpaba moasŷabo, seroîasegûabo"
eis que ela é minha companheira,Xe irũ a'e ã
eu caí de sono,Xe ker-aparar
"espera, eu hei de ir primeiro","Eambé, xe ranhẽ t'akûáne"
quinhão de deus dízimo,Tupã potaba
eu sou ladrão,Xe mondá
não se afligem os outros?,N'oîkotebẽî amõba'e
"que tenhamos, em sua terra, junto de ti, a vida eterna","T'orogûerekó, setãme, nde pyri, tekopuku"
o que foi morto,miîukapûera
"foste para revistar as cisternas de água doce de alguém, tomando seu conteúdo?","Eresópe abá îeky-'ye'ẽ supa, i pora rá?"
o que entrou em vossas almas,Pe 'angyme oîkeba'epûera
aparei-o,Asembe'y-kytĩ
"por isso mesmo, até a terra que a gente pisa detesta os cadáveres daqueles",Nd'e'i te'e yby asé purungaba tiruã aîpoba'e re'õmbûera reroŷrõmo
somos vizinhos uns dos outros,O îoamundabamo oroîub
além do rio,y robaî
amarrei-me o cabelo,Aîe'a-maman
qual é o preço delas?,Mba'epe sepyrama?
constantemente,-Mba'e-mba'eremepe asé îeruréû i xupé? -Îepi nhẽ - Em que ocasiões a gente reza para eles?
disse isso conhecendo o futuro esmagamento dos habitantes daquela cidade chamada jerusalém,Akûeî tabusu Îerusalém 'îaba pora mombebaûama kuapa nhẽ aîpó i 'éû
queimo-o,Asapy
tomamo-lo de ombro a ombro,Oîoybari orogûar
como se eu fosse lá,A'epe xe só îaramẽ
por que a gente se persignará muitas e muitas vezes?,Marãnamope asé îobasabetá-etáûne?
ali ias por ocasião dos feriados,A'epe 'aretéreme eresó
ele é grande,Xe reburusu - Eu sou grande Seburusu
meu braço perdeu a sensibilidade,Omanõ xe îybá
ajuntam-se,Oîerobyk
"tocaste nas tuas pudendas, abrindo-lhes a pele?",Erepokokype nde rapopé resé i pipekábo?
o terceiro deles,i mosapysaba
essas serão as que tu assarás,Aîpó nde remixyrama
nem por isso eu vou para longe,Ndaroîaî mamõ xe sóû
não cozendo sequer sua comida,O emi'urama tiruã moîybe'yma
traze água para mim,Erur 'y ixébe
por isso deus transformou a costela de nosso pai primeiro em sua esposa?,Emonãnamope Tupã îandé rubypy arukanga nhẽ apóû semirekóramo?
faze fugir o diabo,Eîmonhegûasem anhanga
"oh, então assim é, na verdade!","Tó, inã îepé ra'e!"
o oposto da avareza é a liberalidade,Tekate'yma robaîara tekate'yme'yma
o vício atiramos fora,Tekoaíba oromombó
"""sob o sono da bem alta noite"", isto é, nas horas mortas da noite, em que todos dormem",pysaîé-katu ké-gûyrybo
aquele padre que te batiza dá uma vela na tua mão,A'e abaré nde mongaraipara iraîtytataendy me'engi nde pópe
põe a espada na bainha dela,Eîmondeb itangapema surupe
eis que amanheceu,ko'ẽ kó
fogo em que se elimina a dívida de nossos pecados,Tatá asé angaîpaba repy mondykaba
eu tenho muito preço,Xe repy-etá
"o que tem fama, o que é famoso",serapûanyba'e
cuidado ao esconder-lhe o que faz,Tîaté i mĩme i xupé marã oîkóbo
acreditaste nas mentiras de alguém?,Ererobîápe abá remo'ema?
eles mandariam enforcá-los?,A'emo oîubyk-uká?
dizem que é assim,Emonã i'e ra'e
o que é convidado,i xo'opyra
"urdiste mentiras contra alguém, envergonhando-o, fazendo-o ser tratado como mentiroso?",Eresekyîpe îuraragûaîa abá supé i motĩamo nhe'engabamo serekó-uká?
eu sou muito longevo,Xe rekosûé-katu
que eu deteste muito o diabo,T'aroŷrõngatu Anhanga
"eia, levemos adiante deles esta muçurana","Ene'ĩ, t'îarasó senondé kó musurana"
o que te põe a nu,ikatupe nde moĩndara
"eia, hei de ir contigo","Ne'ĩ, t'asó nde irũmo"
"e quanto a ti, boiuçu?","Marãpe nde, Mboîusu?"
louvo-te muito por me teres salvado,Oromoeté-katu nde xe pysyrõagûera resé
"eia, roga por nossa virtude!",Katunhẽ eîerurébo oré katûagûama ri!
parece flutuar,Obebuî-berame'ĩ
como um galo te deitas,Gûyrasapukaîa îabé ereîetu'u
como estava jesus quando ele o fez sair?,Marãete'ĩpe Jesus o enosẽme?
vais neste dia,Eresó kó 'ara ri
vim ainda agora,Aîu ramõ
"aqueles serão os futuros habitantes do fundo do nosso fogo, os que serão queimados","Aîpó îandé ratá gûyra porama, sapypyrama"
vim para ficar de vez,Gûitu aîur
não acato essa sua boa lei,N'aîari kó sekó-angaturama
"vela bem por mim, mandando que não me façam cair","Ema'enãngatu xe ri, xe mbo'are'ym-uká"
em roupas brancas envolveram-no,Aó-tinga pupé i nhubani
esbofeteei suas mãos,Aîpó-petek
eu vou só,Ixé anhõ asó
santa maria está supondo a aproximação de seu parto,Santa Maria o membyrá-kakara omo'ã-mo'ang
"enfim, esses temiminós não acatam a lei de deus","Aûîé, kó temiminõ nd'ogûari Tupã rekó"
"escabelar, desfazer o penteado de, desgrenhar o cabelo de, etc",abo'o-bo'o
não mato,Aîukae'ym
eu tenho o rabo cortado,Xe rûaîasyk
já saíste da grande escuridão,Eresem ymã putunusu suí
"ergueu-se com as feridas de suas mãos, de seus pés e de seu flanco?","O pó, o py, o yké kutukagûera bépe erimba'e ogûeropu'am?"
"estando virgem, mesmo dando-o à luz, antes de dá-lo à luz e, igualmente, após dá-lo à luz","I mbo'a tiruã, i mbo'ar' e'ymebé, a'erame'ĩ i mbo'ar'iré, omarane'ymamo"
1) quê? que dizes?,marã-pipó?
eu fedo,Xe ryapûanusu
curtinho,asangĩ
verdadeiros amaldiçoadores de deus no fogo te assaram,Tupã momburûareté tatá pupé nde resyri
ele tem olhos claros como seu pai,Og uba rupi ahẽ resatingamo
do lado de fora dele,i apé koty
os que assim dizem,Nã e'iba'e
"tentastes em vão, por pouco tempo, não dormir perto de mim",Pesa'ang îepé korite'ĩ nhõte xe pyri pekere'yma
será que é um morcego?,Andyrá ruãpe é?
consolas teu pai e tua mãe em suas aflições?,Ereîmoîekosupe nde ruba nde sy sekotebẽsaba ri?
"hei de ir para o rio dos paratis, ao bando dos tupiniquins","T'asóne parati'ype, tupinakyîa re'yîpe"
"importuna-me bem, irritando-me muitíssimo, aquela lei nova","Xe moaîu-marangatu, xe moŷrõ-etekatûabo, aîpó tekó-pysasu"
pode a gente trocar seu próprio nome?,E'ikatupe asé ogûera rekobîarõmo?
"fonte, água perene",y-pabe'ymba'e
qual é teu nome?,Marãpe nde rera?
por longo espaço de tempo ele se deteve,Ymûanĩ ahẽ rekóû
eu sou redondo,Xe amandab
"eu sou um mísero índio, de fato",Xe abá-aibĩ anhẽ
todos os que estão nas ilhas,opá 'ypa'ũmendûara
meus antigos e grandes pecados farei sair,Xe angaîpá-tubixagûera amosẽne
fiz-lhe uma gaiola,Asuru-monhang
a seus olhos eu hei de estar,Sesápe xe rekóû re'ĩ
cortei seus nervos,Aîpytasã-mondok
"entregando tua alma, que deus dignifica, para o diabo",Nde 'anga Tupã remimomba'eté me'enga anhanga pé
"sendo isso assim, o dia todo e a noite toda tu cuidarás de tua alma","Aîpó e'ymeté, ko'arapukuî, pysaré nde maînanĩ nde 'anga resé-ne"
o sol eclipsa-se,Kuarasy onhemoputun
acalentei-a,Aîmboyî
sua busca de gente nas pessoas das mulheres,Kunhã ri i moreká
eu sou certeiro,Xe pûakatu
o que se iguala às mulheres,Kunhã resé oîemoîoîaba'e
eu sou muito manhoso em palavras,Xe nhe'ẽpokarugûá-katu
"acredita, meu padrinho, hão de te apresar hoje","Erobîá, xe rubangaba, ta nde moembiá kori"
não nos batizam também outras pessoas junto do padre?,N'asé reroki bépe amõ abá abaré pyri?
faço as coisas devagar,A'é umanĩ mba'e monhanga
procedo conforme tua palavra,Aîkó nde nhe'enga rupi
faze-me tu valente,Xe mopyatã îepé
canoa de junco,piripiri-ygara
eis que aí ele vai,Ebokûeî i xóû
"ficou saltando, reconhecendo imediatamente jesus, seu senhorzinho","Opor-oporĩ, Îesu o îarĩ kuapa aûnhenhẽ"
eis meus chifrões,Kó xe 'akusu
pagou outrora por seu proceder assim?,Osepyme'engype erimba'e emonã o ekoagûera?
sujei-o de visgo,Anhomong
"tomaste as coisas de alguém, o objeto do furto de teu próximo ou o que ele esconde?","Ereîarype abá mba'e, nde rapixara mondarõagûera koîpó semimima?"
"ao longo do caminho, todo o caminho",pé pukuî
"mandando fazê-los embarcar numa arca de madeira, semelhante a um navio","Ybyrá karamemûã, ygarusu nungara pupé, i mo'aruká"
"esse, enfim, não é diferente da cobra",Aîpoba'e-tene n'oîabyî mboîa
"sabendo que deus te fez sair daquela escuridão, honra a deus","Aîpó pytunusu suí Tupã nde mosemagûera kuapa, eîmomba'eté Tupã"
eu não estou doente,Na xe marani
vara,ybyrá'ĩ
"em vão eles se esquivam, querendo fazer passar as flechas","E'i tenhẽ onhemoîtỹamo, u'uba mongûá-potá"
troquei-lhe uma criação,Asekobîarõ seîmbaba i xupé
"sol frio, isto é, sol encoberto, tempo nublado",kûarasy-ro'y
quantas vezes o homem transgride aquele após atrair-se por uma mulher ou após conversar com ela enquanto não toca nela?,Mbobype abá aîpoba'e oîaby kunhã resé onhemomotar'iré koîpó i mongetá roîré sesé o byke'yma pukuî?
os daqui,keygûara
tu outrora me salvaste,Nde erimba'e xe pysyrõ îepé
"e os que bebem cauim, como ficam? não transgridem a palavra de deus?",Kagûarape marã? Nd'oîabyîpe Tupã nhe'enga?
linha grossa de pescar,pindasã-muku
"o que está no pote, o conteúdo do pote",kamusi-pora
não é muito forte o homem branco,Na satãngatuî maíra!
tu mesmo és causa de teu dano,Endé aé ereîekûá
prega-o na cruz,Eîmoîar ybyraîoasaba resé
tanto mais porque eles são adversários de agressores,Memeté a'e morero'arupîara
"fez-nos viver, sofrendo a morte","Îandé moingobé, te'õ porarábo"
longamente irritando-se,Kype onhemoŷrõmo nhẽ
o tradutor do padre,abaré nhe'engerekoara
não se cansam de pedir a deus pelos que os resgataram,N'oîeruré-pytubari Tupã supé ogûenosemarûera resé
eu lhe pelo o couro cabeludo,Aî'apirabo'o
"homens, velhas, mulheres sempre serão minhas presas","Apŷaba, gûaîbĩ, kunhãne, ko'arapukuî xe rembiá"
"muitos outeiros, serrania",ybyty-bytyra
ele passou diante de ilhéus,Nhoesembé robabo i kûáî
a morte somente é a causa de afastá-los,Te'õ anhõ i mombo'isaba
encarreguei pedro da lenha,Aîopûaî Pedro îepeaba resé
ponde uma cruz diante deste doente como objeto da visão de seus olhos,Peîmoín amõ cruz oîepé kó mara'abora robaké sesá ma'ẽndabamo
"todo seu sangue deu, morrendo","Opá og ugûy me'engi, omanomõ"
eu arquejo,Xe u'ukûar
pelo menos eu,Ixé te'ĩé
aqueles serão saciados,A'eba'e i moytarõmbyramo sekóûne
os antigos inimigos de são lourenço,São Lourenço rupîarûera
eis que se aproxima minha vida futura,Okakar kó xe rekoberama re'a
transgredirei eu a lei de deus procedendo assim?,Aîabyp'ixé Tupã rekó inã ûitekóbone?
"não era deus espírito santo, mas um sinal da sua vinda","-Tupã Espírito Santo anhẽ a'e tatá? -Nda Tupã Espírito Santo ruã, tura îekuapaba é - Deus Espírito Santo era, na verdade, aquele fogo?"
"os habitantes do céu afligiram-se, vendo-o humilhar-se",Ybakygûara onhemoputupab i nhemomoreaûsuba repîaka
"tu te agitaste, querendo fazer-nos viver","Nde ereîemosusuni, oré moingobé-potá"
evocando a morte de meu senhor,xe îara re'õ renõîa
eu tenho o rosto muito curubento,Xe robá-kuru-kurub
"na verdade, não são conhecedores das coisas","Anhẽ, n'i tekokuabi"
"fá-los-ei correr comigo, fá-los-ei voar comigo","Anonhan, arobebéne"
"tornam-nos famosos também, em suas bocas vilipendiando-os","Oîmoerapûan-y bé, o îurupe i momoxŷabo"
eu estou preto de fumaça,Xe run tatatinga suí
"depois disso, o cauim transbordante nas igaçabas atrai-os","Ygasápe kaûĩ-tuîa, a'e ré, îamomotá"
homem falso,abá-memûã
"abraçando a cintura de teu companheiro, estimulando teu desejo sensual","nde rapixara ku'a îubana, nde poropotá-pokyramamo"
"se uma coisa que é muito saborosa enjoa, comendo-a muito, eis que tanto mais tu expelirás o que não é coisa boa","Mba'e sekatuba'e abiã oîmoting i 'uetébo, memetiã nde nda mba'e-katu ruã euĩ ereîmo'ẽ"
manchas brancas do cabelo,a-titinga
"produtivo, de bom rendimento",ybykûab
não falto à igreja,N'aîmopanemi tupãoka
não nos deixes tu fazer cair em tentação,Oré mo'arukar umẽ îepé tentação pupé
"águas tranquilas, bonança",y-katu
"fico girando em círculos, fico rodeando",Anhatimã-timanĩ
linha delgada para coser,inimbó'i
mudo-me,Aîeakasó
desceu para o meio da terra,Ogûeîyb yby apyterype
meu padrinho,xe rerokarûera
hei de comer todo o banquete de jacaré-guaçu!,T'a'u pá Îakaregûasu pepyra!
então já estava são joão batista no ventre de sua mãe,A'ereme oín uman São João Batista o sy rygépe
que deve ser ungido de nós ?,Mba'e-mba'epe asé suí i pitubypyra?
por aqui,kó rupi
"eis que, como está no céu, nosso senhor está dentro do pão","Akó ybakype ogûekó îakatu, Îandé Îara rekóû miapepûera"
eu mesmo pus gente no desejo sensual,Xe aé aporomoingó moropotara resé
"eu mesmo sou quem o queimou, no tempo em que ele vivia","Ixé aé sapysarûera, sekobeaba resé"
"pensai que, algum dia, a morte virá mesmo para bater em vossas portas, surpreendendo-vos",Penheangerekó amõ 'ara pupé te'õ pe rokena motaka turagûama resé é pe pokosupa
amainei a vela,Aroîyb aoba
crês que o pajé ruim é o que tem o dom dos prodígios?,Ererobîápe paîé-aíba mosangyîaramo sekó?
porventura a tentação é coisa semelhante a um laço?,Îusana abŷare'yma nhẽ serã tentação?
ainda bem que o faz correr consigo!,Iîamuru senonhana!
mas os guardiães da gente são os anjos?,Asé rarõanamo-tepe karaibebé rekóû?
eu não sou medroso,Na xe poropoûsubi
nossa alma visitas,Asé 'anga ereîosub
"por que vieste, ó meu muito amado?",Mba'e resépe ereîur xe remiaûsukatu gûi?
não perdoa,N'i nhyrõî
pó de madeira,ybyrá ku'i
rejo pessoas,Aporoerekó
esse homem e sua esposa também fizeram acabar todas as suas riquezas,Kó abá semirekó abé opá o mba'e mombabi
água é o que não tem essa ilha,Y angaba'eamẽ ebokûé 'ypa'ũ
o fogo te convém verdadeiramente para que nele te asses,"Tatá nde arõ-eté, i pupé t'ereîesy"
sobre ela morrendo nosso senhor para nos resgatar,I 'arybo omanõmo Îandé Îara îandé repyme'engagûera resé
o que não foi morto,I îukapyrûere'yma
"antes que ela saiba, vamos para levar os malditos","I kuab'e'ymebé, îasó muru rerasóbo"
"fogo do cauim, isto é, com que se coze o cauim",kaûĩ ratá
"ilha de mato, capão",ka'a-pa'ũ
eu tenho fôlego comprido,Xe pytu-muku
nomes de quem são esses?,Abá-abá rerape eboinga?
mas não é nossa pátria esta terra em que moramos?,N'asé retama ruã-tepe ikó yby asé rekoaba?
"embora ele fosse nosso pai primeiro, o que foi dito foi ""-não comas este fruto""","Aûîeté a'e îandé rubypy, ""-E'u umẽ ikó 'ybá"" 'îagûera"
por isso mesmo tua grande sujeira estraga as almas dos índios,Nd'e'i te'e nde ru'umusu abá 'anga momoxŷabo
toquei-o,Anhatõî
ele é pequenino ta'yrĩ'i-nhota'ub - ele é pequenino,Ta'yrĩ'ĩ
"homem grosseiro, zombeteiro",abá-memûã
mencionaste o nome de alguém para o padre?,Ereîmombe'upe abá rera abaré supé?
cova de sepultura,Tyby-kûara
mandam que os batizados honrem o domingo após nosso senhor o santificar com seu retorno à vida,Domingo momba'eté-ukari i mongaraibypyretá supé o ekobé îebyragûera pupé Îandé Îara i mongaraib'iré
confessa bem a nós que tu és o filho de deus,Eîmombe'u-katu Tupã ra'yramo nde rekó orébe
maço de flechas,u'u-mana
na casa de quem passaste?,Abá rokype erekûá?
"vim, atravessando o oceano",Paranãgûasu rasapa aîu
"disseste ""-oxalá eu o mate"", fazendo alguém ouvir?","""Aîuká temomã"" erépe abá remiendubamo?"
"enfim, o que não é pranteado ressente-se de não o honrarem",Aûîé sapirõmbyre'yma o moetee'yma oîmoasy
"são joão criancinha, estando no ventre, ao perceber tua vinda, ficou saltando","São João pitangĩ, tygépe o endápe, nde rura andupápe, o por-oporĩ"
extremidades de minhas mãos,xe pó apyra
"são sebastião também, o que cuidava das guerras, destruiu os tamoios, os valentes","São Sebastião abé, marana rerekoarûera, tamũîa, kyre'ymbagûera, omombab erimba'e"
quem fez isso outrora?,Abápe aîpoba'e oîmonhang erimba'e?
confiando na formosura de muitos de si,O matueté aysó resé é oîerobîá
a chuva ficava amanhecendo a cair,Oky-ko'ẽ-ko'ẽ amana
que tipo de coisa será que é isto?,Marãba'ep'iã ri?
fazendo deus descer consigo do céu,Tupã reroîypa ybaka suí
vivo na virtude,Aîkó tekokatu resé
ela está crua,I pyr
por isso mesmo os escravos festejam este dia,Nd'e'i te'e miasûbetá ikó 'ara momoranga
esses teus olhos volta em nossa direção,Eboûĩ nde resá erobak oré koty
nós somos gêmeos,Oré kõî
ensina bem minha alma para que conheça o caminho do céu,Eîmbo'ekatu xe 'anga t'oîkuab ybaka piara
estando com seus cocares brilhantes que são mais brancos que a geada,O akanetá-beraba ro'yrypy'aka sosé morotingyba'e reroína
"remédio contra dor de picada de cobra, antídoto contra veneno de cobra",mboîasy-posanga
nós estamos enfileirados,Oré rysy
os que vivem para isso transgridem muito a lei,Ikoba'e resé tekoara oîaby-eté tekó
são pedro puxou a espada,S Pedro itangapema osekyî
"cantemos um pouquinho, primeiro",T'îanhe'engá-mirĩ ranhẽ
querendo ir tu para o lado de gente,mosé esó-potá
por isso mesmo não tinha maldade antes de se destinar para mãe de deus- filho,Nd'e'i te'e o poxye'ymamo Tupã-Ta'yra syramo o îe'o îanondé
para julgar todos os que vivem e os que morreram,"Oîkobeba'e, omanõba'epûera pabẽ rekomonhanga"
queres que eu te unte com óleo bento?,Ereîpotápe îandy-karaíba pupé ixé nde pixyba?
destruiu outrora os tamoios,Tamũîa omombab erimba'e
"não está em conformidade comigo, não é igual a mim",Na xe îáî
contando os pecados escondidos de alguém para quem não os conhece,Abá angaîpá-nhemima i kuapare'yma supé mombegûabo
mina de ouro,itaîu-kûara
por aí as mulheres casadas ficavas pervertendo,Kûepe kunhã-mendarûera ereîmomoxy-moxy
"nunca acaba de comer, não come fulano completamente as coisas",Nd'o'u-apyî ahẽ mba'e
"no meio da terra fazendo um fogo inextinguível, que não se apagará",Yby apyterype tatá-amororé ogûeba'erame'yma monhanga
"pranteai logo vossa miséria, estai a vos lastimar","Taûîé pe poreaûsubagûama rapirõmo, peîemoangekoaíb peína"
não ficou ninguém no lugar da batalha,N'opytáî amõ abá maranápe
eu tenho bafio,Xe rygynõ
"quem, necessariamente, a gente chama, estando aflita?",Abáp'amẽ asé osenõî oîkotebẽmo?
minhas próprias coisas,Xe mba'e teé
"tu voltas o rosto para trás, olhando com a ponta dos olhos, sorrindo, espreguiçando-te","Nde atybak, nde resá-popybo ema'ẽmo, epukamirĩamo, eîepokábo tenhẽ"
"curou-o, somente tocando sua orelha, imediatamente fazendo-a sarar, colando-a","Oîposanong i nambi atõîa nhote, aûnhenhẽ i monga'ẽmo, i moîepotá"
deste as coisas sumidas que tu achaste para seu dono?,Ereîme'engype mba'e-kanhema nde basemagûera i îara supé?
talvez queira agarrar-me novamente este pássaro grande,Xe pysy-potar-y bé serã kó gûyragûasu
essa fez assim,Emonã ûĩ sekóû
fi-lo rispidamente,Aîmonhang-îeaseî
"alegrai-vos, meus filhos, por minha causa","Pe rory, xe ra'yretá, xe ri"
amarra tua rede de dormir ao longo de mim,Eîotĩ nde kesaba xe porupi
todos vieram?,Opápe turi?
em nossa testa põe a cruz e sobre nosso coração também,Asé sybápe cruz moíni asé nhy'ã 'arybo bé
cria de seus animais,gûeîmbaba îeapyká
teu sêmen ejaculado,nde ra'y-pupuka
encolho-me,Aîeapûapyk
vôo como este vento,Abebé kó ybytu îá
do amor a deus encheu suas almas,Tupã raûsuba resé i 'anga porakari
"mas eu, tendo saudades de ti, quero-te muito bem","Xe-te, nde repîaka'upa, oroamotá-katu"
eu sou mestre,Morombo'esara ixé
a gente o honra mesmo como a seu próprio pai?,Og uba îakatu tenhẽpe asé i moetéû?
deus somente seja a causa de temor ao diabo,Tupã anhõ Anhanga sykyîabamo t'oîkó
"seu sangue era muito, oprimindo sua alma","Sugûy turusu, i 'anga apypyka"
"logo depois de dizer aquilo para ele, lançou o pagamento por seu senhor no templo, indo finalmente enforcar-se","Aîpó oîoupé 'é abé, o îara repypûera reîtyki Tupãokype aûîé osóbo oîeaîubyka"
fez nosso senhor algum diante dele?,Oîmonhangype Îandé Îara amõ sobaké?
"indo para fora, deixando de ouvir missa","Kûepe osóbo, missa renduba reîá"
rapazes muito fortes,kunumĩûasu-atã-atã
eu tenho nome,Xe rer
"detesta-te, emenda-te","Eîeroŷrõ, enhemomotiasó"
os que moram em maratauá acreditam em minhas palavras,Marataûãme tekoara ogûerobîá xe nhe'enga
deixaste de ouvir a missa?,Ereîmopanemype missa renduba?
esbofeteei a nuca dele,Aîatuá-petek
eu babo,Xe rendysyryk
oxalá ela estivesse sem roupa!,Ikatupe nhẽ temõ mã!
amortalhei-os,Aîapyear
faço lisonjas ao homem,Anhemokunu'unu'uma'ub abá resé
eu estou amargo,Xe 'ak
o que entra para junto de mim,xebe teîkeara
"após nossa perdição, deus fez uma mulher bondosa","Îandé kanhem'iré, Tupã amõ kunhãngatu monhangi"
vem para me encontrar,Eîori xe repenhana!
ele está azedo demais,Saîasy
quem foi o que o entregou?,Abápe i me'engarama?
esbofeteaste as têmporas de alguém?,Ereî'atypetekype amõ abá?
ser cordato com um pequeno proceder no mal de alguém,Abá marã sekoagûerĩ resé nherane'yma
"eis que minha condição, na verdade, é assim",Xe rekó anhẽ nhẽ nakó emonã
"entram grandes espinhos, espetando sua cabeça","Oîké îugûasu, i akanga kutuka"
o que perverte uma casada,mendara momoxysara
acreditas na dança do maracá?,Ererobîápe maraká poraseîa?
a crença na dança enche os corações deles,Moraseîa rerobîara i py'a îaîporaká
atrás de mim ele veio,Xe pytaî turi
cuidado para não o levares,Erasó umẽ ké
eu já estou desvirginada,Xe kûar ymûan
desvirginaste alguma menina? segundo tua vontade ou ela resistiu completamente?,Eresugûykápe kunhataĩ amõ? Semimotara rupipe koîpó i popyatã-mbápe?
imediatamente eles se vingam de seu próximo,Aûnhenhẽ o apixarĩ resé îepyki
como reza aquela outra petição nossa?,Marã e'ipe amoaé asé îeruresaba?
eu estou olheirento,Xe resakûarumbyk
benze a gente sua comida?,Osobasápe asé o emi'urama?
esses homens são os que portam riquezas para nós,Aîpó abá ma'e îara îandébe
"por acaso estava com a cintura fendida o maldito, balançando?",I ku'a-bok serã moxy oatimunga?
para fazer passar a hóstia em nossa boca,hóstia mongûapagûama resé asé îuru resé
no vale que tem nome josafat,Ybytygûaîa Îosafat seryba'epe
que sejamos dignos do que cristo prometeu,T'oré angaturãne Cristo remienõîûera resé
eu tenho azia,Xe pusu'umukaî
tanto um como o outro importunavam santa maria ao longo dos dias,Oîoîabenhẽ 'ara rupi Santa Maria moaîuû
eu tenho inclinação a pedir,Xe îeruresûer
"queremos muito amar-te, entregando-nos a ti","Oroaûsu-potá-katu, oroîeme'enga endébo"
"não me faz palpitar o coração o diabo, visitando-me",Na xe mopy'atytyki Anhanga xe rapekóbo
"eu sou enfermiço, doentio",Xe mba'easy-potar îá
não! meu quinhão és tu!,Aã! Xe potaba nde!
onde tatapitera? onde caumondá?,Umãpe Tatapytera? Umãpe Ka'umondá?
"deus, a descoberto, imediatamente revelou-se a eles",Aûnhenhẽ Tupã katupe îepîakukari i xupé
embora eu fosse,Aûîebé-temo asó
as criancinhas também têm somente o pecado de nosso pai primeiro,Pitangĩ abé îandé rubypy angaîpaba nhõ ogûerekó
faço agouros para ele,Asaybõ
"tua alma está muito branca, como roupa lavada","Morotĩngatu nde 'anga, aoba i potukapyra rame'ĩ"
enaltecendo vossos antigos pecados,pe rekopoxypûera momoranga
"dou passos largos, dou grandes passos",Xe rapupa'ũusu
quem és tu?,Abápe nde?
estou em pé,A'amĩote
lado a lado seus cadáveres ao longo do mar estavam,Oîoybyri se'õmbûera paranã ybyri i kûáî
oxalá houvesse uma mulher aqui !,Kunhã iké sekóû biã mã!
eles mentem de cara um para o outro,"Semo'ẽ, oîobaúpa"
manchas diversas,pará-paraba
nas grandes cabeças deles,i akangusuî
eu sou torto do olho,Xe resab
quantas vezes o homem transgride aquele após atrair-se por uma mulher?,Mbobype abá aîpoba'e oîaby kunhã resé o nhemomotar'iré?
sentir o toque nas coisas,Mba'e resé mokoka anduba
transgride também alguém a palavra de deus não mandando comungar a seu filho que é comungante antigo?,Oîaby bépe abá Tupã nhe'enga o a'yra tupãrasarymana supé tupãrarukare'yma?
são um na união de seu ser sagrado,Oîepé og ekó-karaíba îese'ara pupé nhẽ
"invocaste o anhanga, o taguaíba, o curupira, o jurupari ou a morte para alguém?","Eresykyîpe Anhanga, Tagûaíba, Kurupira, Îurupari koîpó te'õ abá supé?"
"vendo-o, somente, é como pão",Sepîaka nhõ miapé berame'ĩ
abraçando a cintura de teu parceiro,nde rapixara ku'a îubana
semelhante a gotas de sangue,Tugûy tykyrûera abŷare'yma
esse homem e sua esposa gastaram todas as suas riquezas,Kó abá semirekó abé opá o mba'e mombabi
homem intolerante,abá-poromborybe'yma
os que têm a bem-aventurança são os que têm pena das pessoas,Tekokatu-eté rerekoara i poraûsubaryba'e
em pedro eu te supunha ver,Pedro resé ixé nde mondari
pensando falsamente que ele é o que tem a saúde,Marane'ymyîaramo sekó mo'anga'upa
escarneceste de alguma pessoa?,Ereîoîaîpe abá amõ?
honrando-o falsamente como seu deus,O Tupãnamo i moeté-a'upa
"para visitar a aldeia, eu fui à serra","Taba supa, ybytyrype xe sóû"
somente deus é a verdade,Tupã anhõ mba'eeté
enruguei-me,Anheãî
todos os cristãos honram-me muito,Opakatu karaíba xe momba'eté-katu
queimar-vos-ão as chamas!,Pe rapy tatá-endyne!
fazendo-me estar sozinho,oîepebẽ xe moingóbo re'ĩ
é muito belo seu proceder,I porãngatu sekó
"na ponta, na extremidade",apyri
culpei-o falsamente,Asenõî tenhẽ
vem para nos guiar,Eîori oré pokoka
eis que eu tenho sede,Xe 'useî ã
esse é meu antigo enforcador,Akó xe îubykarûera
tu costumas levantar-te no lugar em que estás diante de teu pai?,Nde pu'amixûé nde îekûápe nde ruba pé?
"penetram grandes espinhos, espetando sua cabeça","Oîké îugûasu, i akanga kutuka"
adversária da morte,Te'õ rupîara nhẽ
"como os soldados que o agarravam trataram-no, então?",Marãpe gûarinĩetá i pysykara serekóû a'ereme?
estava agradável a mim meu jogo,I porambyrambykĩ xe nhemosaraîa ixébo
gosto de carne,so'o ré
vem para ver tua futura terra,Îandé repîaka our! - Veio para nos ver! Eîori nde retamûama repîaka
cada um daqueles quatro destinos últimos de nossa vida hei de anunciar detidamente,Aîpó îandé rekó oîoirundyk mondykaba îabi'õ t'amombe'u apysagûé
"ladroeiras, palavras más sobejavam-te, danças, diversões, vômitos, bebedeiras, guerras","Mondarõ, nhe'engaíba nde resemõ, moraseîa, nhemoryba, gûe'ena, ka'uaíba, marana"
perguntou novamente a eles nosso senhor?,Oporandu benhẽpe Îandé Îara i xupé?
"escaparão futuramente os animais de caça, os pássaros, os peixes, as matas?","Okûabépe irã so'o, gûyrá, pirá, ka'a?"
apropriaste-te de alguma coisa?,Nde mondápe mba'e amõ resé?
matemos juntos o que diz isso,Îaîuká memẽ aîpó 'îara
hoje o matou,Kori i îukáû
"daqui, certamente, passou para a índia, terra dos indianos",Ké suí serã i asabi India tapyîtinga retãme
fazem aplacar a deus a si mesmos para eliminar a dívida dos pecados de diversos anos,Tupã oîmonhyrõ o îoupé setá nhẽ seîxutatá tekoangaîpaba repy-mondykápe
eu sou manchado,Xe apŷab
"acabado isso, ele se casa",Aûîé-katu i mendari
e com essa tua mentira tornaste alguém famoso?,A'epe ebokûé nde îuraragûaîa pupé eremoerapûã abá amõ?
cabeça de peixe,pirá akangûera
roupa branca mandando colocar nele como meio de maltratá-lo,Aó-tinga mondebuká sesé serekomemûãsabamo
eu tenho inhaca,Xe raby'ak
cunha de fender lenha,îepe'a-kasaba
um dia muito reluzente,aresakangeté
por isso mesmo as malditas correm,Nd'e'i te'e moxy onhana
"por isso, portanto",emonã resé
mais que a roupa batida é a brancura de sua alma,Akó aoba i putukapyra sosé o 'anga tinga
ficando a repreendê-lo por ocasião de seu erro,Sekomemûãneme senonhẽ-nonhena
"""frio coalhado"", isto é, neve, geada",ro'ynhemoapysanga
"eia, agora, contai, pois, os impedimentos dele",Pe'ĩ ko'yr sarûaba mombegûabo rõ
santa maria é o seu nome,"""Santa Maria"" sera"
que a gente manda pôr em seu aposento como objeto de seu olhar?,Mba'epe asé oîmoinukar o kotype o ma'ẽsabamo?
"um pouco , pouco tempo , por pouco tempo",korite'ĩ nhote
"mostram-se a urdir mentiras, ficando a provar poções","E'i mo'ema monhanga, mosanga ra'ã-ra'anga"
dormiste muitas vezes com ódio?,Ereroker-etápe îoamotare'yma?
"ao se aproximar o doente de sua agonia, que mande chamar o padre, o que põe o óleo bento","Mba'easybora o mara'ara kakareme t'osenõîukar abaré, îandykaraíba nongara"
sobram-me sauiás,Xe resemõ saûîá
este é o meu princípio,Kó xe ypy
o que não recebe a deus a cada quaresma,Îekuakubusu îabi'õ Tupã ogûare'ymba'e
obedeceste às palavras do governante da aldeia ou a teu mestre?,Ereîporakápe taba rerekoara nhe'enga koîpó nde mbo'esara?
"ao presentearem-no, alegrou-se teu coração","I îetanongápe, sory nde py'a"
caçador de pacas,paka rupîara
eu tenho hérnia,Xe rapi'agûasu
estendi o arco,Aurapá-pirar
"os anos passaram muitas vezes, causa de atraso da ida do homem para o céu?","Okûabetápe erimba'e seîxu, ybakype abá só moabaîpaba?"
trata-la-á como uma escrava?,Miaûsuba îabépe serekóûne?
levo de má vontade,Arasó-îeaseî
"ele, de costume, agiria de outra maneira",Marandé ipó ahẽ rekóû nhandu
"ficando eles a fazer guerras, ameaçam as cabeças dos índios","Omarãmonhã-monhanga, oîmomboî abá akanga"
visitando o interior de todas as ocas,Opá okybỹnha supa
diz-se que iria,Osómo ra'emo
fiz fogo,Aîatapy
eu sou muito delgado,Xe rembó nhẽ
que se guarde fulano de falar,Te'itenhẽumẽ ahẽ onhe'enga
"os ex-maridos, esses, malditos, não se repreendem",Mendûera kó re'a nd'e'i oîeakakapa
tear de redes,inĩ-ytá
imitei-o fingidamente,Asa'ang-a'ub
afastaste teu filho e teu escravo de suas amantes?,"Ereîpe'ape nde ra'yra, nde remiaûsuba i agûasá suí?"
"eu sou um assassino, causa de se ter medo dos pecados","Morapitîara ixé, angaîpaba sykyîéba"
"o que tem pênis, macho",sakûãîba'e
quem deus fez primeiro como habitantes do céu?,Abá ranhẽpe erimba'e Tupã oîmonhang-ypy ybaka porama?
"amaldiçoa-te, temendo ver tua face","Nde momburu, nde robá repîá-poûsupa"
e como alguém procederá encontrando o que esqueceu?,A'epe marã abá rekóû a'e o esaraîagûera supé ogûasemane?
a ira de deus,Tupã nhemoŷrõama
eia de novo!,Ne'ĩ bé!
"ao comer junto dos seus discípulos, o pão que apanhou em suas mãos devolveu-o","Ogûemimbo'e pyri o karuápe, miapé o pópe gûemiîara i moîebyû"
"eu não queria vir, irando os homens brancos","Xe n'aîu-potari biã, karaíba moabaîtébo"
mas não castigará o homem seu filho e seu escravo?,N'oînupãî xûé-tepe abá o a'yra o embiaûsubane?
tu falaste mal de alguém?,Nde îuru'arype abá amõ resé?
a causa da alegria de minha alma,Xe 'angorypaba
oxalá chegasse então,Temone a'ereme osykamo
entortei-a,Aîapar
todos os seus discípulos para tuas mãos fazendo-os passar,Opá o boîá nde pópe i mongûapa
a palavra de deus,Tupana nhe'enga
eu estou imaturo,Xe kyr
"atiras nele, o dia todo, as palavras mentirosas",Nhe'ẽ-porangu ereîapi ko'arapukuî
eu somente beberei tudo,Xe nhõ a'u pakatune
"hei de me confessar ainda hoje, antes de me surpreender a morte","T'anhemombe'une kori bé, te'õ xe resapy'a e'ymebé"
"o laço está quedo o pássaro é que vai dentro dele, caindo","Îusana oĩ nhote Gûyrá aé osó i pupé, o'á"
mando matá-lo,Aîuká-ukar
a cada dia,ara îabi'õ
"tocaste no teu pênis, excitando-te?",Erepokokype nde rakûãîa resé enhemoagûyrõmo?
"e suas velhas roupas, que fizeram com elas?",I aogûerape marã serekóû?
acreditas nos feitiços do pajé?,Ererobîarype paîé îekaraimonhanga?
o que tem relações sexuais com o que não é seu cônjuge,O mendasabe'yma resé oîkoba'e
"ah, bem parece!",Îasûareté mã!
"eu sou pequeno! engolir-me-á hoje, como de costume","Xe mirĩ! Xe mokõ kori, îandune"
poleiro das aves,gûyrá rendaba
a graça que ele dá não acaba,Graça semime'enga n'opabi
"rio abaixo, a jusante",y-embykoty
"de acolá, dali",ûĩ suí
qual é a causa de nos amar santa maria?,Mba'epe Santa Maria asé raûsupaba?
a ti somente louvando-te muito!,Nde nhõ nde moetekatûabo!
não porque eu fizesse algum mal,Na marã xe rekóreme ruã
nós somos numerosos,Oré re'yî
entra hoje em meu coração,Eîké kori xe nhy'ãme
eu estou rugoso,Xe axixã
façamo-lo cair conosco no fogo para fazê-lo queimar conosco,Îaro'a tatá pupé serokaîa
diante de ti sentando-me eu,Nde robaké ûigûapyka
atrás de uma cerca feita de pedras,ybyrá itá-monhangymbyra kupépe
"eu tenho rosto muito vermelho, eu enrubesço",Xe robá-pyrã-pyrang
"arrepende-se muito de sua maldade, não querendo repeti-la",Oîmboasy-katu o angaîpaba seroîeby-potare'yma
"são famosos esses moçacaras, que esgotam verdadeiramente o cauim","Serapûan kó mosakara, kaûĩ mboapŷareté"
por isso mesmo os moços entram sempre no lugar de beber cauim,Nd'e'i te'e kunumĩgûasu oîkébo memẽ kagûápe
fazendo nosso pai primeiro casar com nossa mãe primeira,Îandé rubypy momendá îandé sy-ypy resé
aqueles velhos reis fedorentos?,Akó tubixanẽmbûera?
eu sou destro,Xe poîabab
eu não sou constante,Na xe rekoposyî
a gente se inclina para os santos que estão no céu também?,Oîerokype asé santos ybakypendûara supé bé?
ele passou defronte de nhoesembé,Sobábo akûab - Diante deles passei Nhoesembé robábo i kûáî
eu tenho diarréia,Xe rebykasy
"sangue verdadeiro de meu senhor jesus cristo, tu, outrora, como resgate, fizeste derramar-te na cruz","Xe îara Îesu Cristo rugûy-eté, nde erimba'e morepyramo ereîemo'ẽukar cruz pupé"
"daí, desse lugar",aîpó suí
"tua casa santa edificamos, amando-te, tua imagem fazendo estar conosco","Nde rokangaturamûama oroîmoĩ, nde raûsupa, nde ra'angaba rerokupa"
a vida ruim lançamos fora,Tekoaíba oromombó
"pessoa garrida, elegante, muito enfeitada com cores alegres e brincos, jocosa",araakasybora
a armadilha caiu,O'ar mundé
desperdiçaste as coisas de alguém?,Ereîmombukápe abá mba'e?
"eu sou muito grosseiro, eu sou grosseirão",Xe ran - Eu sou grosseiro Xe ranusu
ele é muito bom,I katu-pyryb
tu fizeste agressão com palavras a alguém?,Nde nhe'ẽporoîukaípe abá supé?
nós nos misturamos,Oroîese'ar
deus fez vir um anjo no sonho de são josé para o avisar,Tupã karaibebé mbouri São José mosaûsuba pupé i momorandupa
a de protetora dos aflitos é tua fama sempre,Moreaûsuba rerekoara nde rerapûana îepi
confessa-se alguém antes de embarcar num navio?,Onhemombe'upe abá ygarusupe o 'ar-y îanondé?
"depois disso, os malvados estão, a altas horas, atravessando o interior das ocas","A'e ré, moxy rekóû pysaîé okybỹîa asá-asapa"
o julgamento de deus de nós,Tupã asé rekokuapaba
livra-nos tu dos que nos querem mal,Oré pysyrõ îepé oré amotare'ymbara suí
"eia, puxa-o enfim!",Ne'ĩ sekyîa ko'yté!
"imediatamente, água e seu sangue dele vazaram, escorrendo","Aûnhenhẽ 'y sugûy abé i xuí i 'emi, osyryka"
meu pescador,xe porakasara
casca de coco,inaîagûasu apepûera
desceu aonde nós estamos,Ogûeîy îandé rekoápe
assei,Amixyr
"o homem que tenta, sem êxito, ter relações sexuais com uma mulher, não pode casar",Apŷaba kunhã resé o ekó osa'angîepéba'e nd'e'ikatuî omendá
a vida eterna que eles terão no céu é a que mudará?,Oîekûabokyba'eramape tekopuku ybakype semierekorama?
nele as pessoas batem à tua vista,Sesé abá pûari nde resápe nhẽ
ribanceira da terra,yby-esapykanga
"dali, daquele lugar",ûĩinga suí
ensina falsamente as pessoas a pronunciar a palavra de deus,Oporombo'e-a'u Tupã nhe'enga ra'anga
adoeci com ele,Aromara'ar
e todas as coisas futuramente queimarão?,A'epe opá irã mba'e kaîne?
jazo imóvel,Aîubé
não te apropries das coisas de ninguém,Teumẽ abá mba'e resé é mondarõmo
eu fui rendido,Xe aûîé
querendo logo levar-nos,Asé rerasó sapy'a potá
não pode outra pessoa batizar em vez do padre?,Nd'e'ikatuîpe amoaé abá oporomongaraípa abaré suí?
aqueles pregados junto dele também,Aîpó i pyri i moîarypyrûera abé
no seu próprio ombro levanta a cruz,O ati'yba ri krusá osupi
é um modo de assustar o diabo,Anhanga mosykyîaba
deve ter ido,Osó ipó re'a
não poderás doravante juntar-te a tua esposa,Nd'erekatuî xûé angiré nde remirekó rerobyka-ne
não quis em nós o assalto de nosso inimigo,N'oîpotari îandé ri îandé sumarã pu'ama
"por isso mesmo o homem se confessa a seu substituto, o padre",Nd'e'i te'e abá soŷpyra abaré supé onhemombegûabo
por isso mesmo repreendeu a seu companheiro,Nd'e'i te'e o apixara akakapa
"o doente, o que está doente",mara'asara
far-nos-ia remoçar cada vez que nós o comêssemos,Îandé o 'u îabi'õ îandé moybymo
arranca-te o nome para que sejas muito famoso,Eîerok ta nde rerapûãngatu
esconde-te!,Enhemim!
"adão, nosso primeiro pai","Adão, oré rubypy"
"minha nação, outrora, estava segundo a lei primeira","Xe anama, erimba'e, tekó-ypyramo sekóû"
"eia, para não serdes semelhantes a uma maldição a vosso senhor",Pe'ĩ pe îara momburu îasûara suí
quer muito a sua futura santificação,Oîpotá-katu o nhemongaraibagûama
talvez queira agarrar-me novamente este pássaro grande,Xe pysy-potar-y bé serã kó gûyragûasu
vinde para receber as determinações a vós no lugar em que vos ajuntais,Peîori pe nheŷnhangápe pe rekorama rá
tirante a vermelho,pyrã-mbyryb
dourei-o com ouro,Aîmoîub itaîuba pupé
"peca muito o homem, benzendo falsamente as pessoas?",I angaîpabetépe abá oporomongaraiba'upa?
"coisa quente, quentura",mba'e-akuba
"peixão, peixe grande",piragûasu
"suas túnicas ficando a rasgar, estando furiosos",O aobusu mondoró-ndoroka o marãmotaramo
não! irritei-me,Aani! Aîemoŷrõ
por ser nosso senhor jesus cristo o que tira os pecados,Tekoangaîpabokaramo Îandé Îara Îesu Cristo rekóreme
meus pés escorregaram,Xe py-syryk
casa de terra,yby-oka
eu tenho diarréia com sangue,Xe reîkûarugûy
e os rapazes que perseguem mulheres?,A'epe kunumĩgûasu kunhã oîmomosemba'e?
seu senhorzinho reconhecendo imediatamente,O îarĩ kuapa aunhenhẽ
não vens para me vingar?,Nd'ereîuri xe repyka?
"são sebastião destruiu os tamoios, os valentes","São Sebastião tamũîa, kyre'ymbagûera, omombab erimba'e"
vou como teu substituto,Asó nde rekobîaramo
que eu te busque as pegadas,T'oroakypûer-eká
cera dos ouvidos,apysá-ygugûá
conforme o dia,ara rupi
oh! estes são castelhanos?,Tó! Kasîanap'ikó?
"por causa disso, somente, deus os fez ser diabos",Sesé nhõ Tupã i moingóû Anhangamo
calei a boca dele,Aîîuru-pyk
estou pressionado,Gûebirãîari nhote aîkó
querendo que eles se afastem de deus,Tupã suí i îepe'a-potá
"ah, veio mesmo para cá o ostra grande!",Té oureté kybõ Reriûasu mã!
"hei de comer hoje seus braços, caburé, suas pernas","T'a'u kori i îybapûera, Kaburé, setymãmbûera"
como se eu fosse,Xe só serãmona'ẽ
a terceira dele é a satisfação dos cônjuges,I momosapysaba mendara moîekosupaba
"e ainda mais um batizado, transgressor da boa lei, encontrando um padre, alegrar-se-á muito","Memetipó nhemongaraibypyra tekokatu abŷara abaré supé ogûasema, sorybetéûne"
"alguém não reconheceria ter comido algo bom, esquecendo-se da excelência de seu sabor?",Abámo mba'e-katu 'uagûera n'oîkuabi xûé sé katûagûera resé o esaraîamo?
para que deus criou a esposa dele? -para sua futura ajudante,-Mba'erama resépe Tupã semirekorama monhangi? -I pytybõsarama resé
come ainda,Okaru bé
ai! guarda-te de me queimar!,Akaî! Teumẽ xe rapŷabo!
vivo mal,Aîkó-poxy
ter-nos-iam amaldiçoado,îandé momburu meémo
morro com virtude,Aromanõ tekokatu
é muito mal feito aquilo que fazes,I ranusu nhẽ kûé nde remimonhanga
eu não me altero,Na xe amarani
eu sou um homem vadio,Abá-ekotenhẽ ixé
os tupinambás que esfregavam a seu deus arrasamos todos,Tupinambá i Tupã osyba'epûera opakatu îamombá
sossegai longe de mim senão vos queimo,Penhemongatu mamõ xe suí n'opoapyî
"sobra-me dinheiro, certamente",Xe resemõ îepé itaîuba
eu sou um aleijado,Xe ate'ẽ
eu lhe faço ninho,Asayty-monhang
"como o revolutear de um urubu sobre coisas fedorentas, tu voltas o rosto para trás","Urubu mba'enema 'arybo nhemoîereba îabé, nde atybak"
"como a gente se porta, entrando na igreja?",Marangatupe asé rekóû Tupãokype oîkŷabo?
estava nascendo sem ela se desvirginar,I puke'ỹme nhẽ o'a oúpa
fez vir outrora alguma coisa boa do céu para seus discípulos?,Oîmbourype erimba'e mba'e-katu amõ ybaka suí o boîaetá supé?
junto água,Atykûar
escondo-me bem,Aîemĩngatu
é muitíssimo terrível cair o homem nas mãos de deus,I abaeté-tekatueté Tupã pópe abá 'ara
não havia nada antes de deus fazer o mundo?,Nd'oîkóîpe mba'e amõ Tupã 'ara monhang'e'ymebé?
que perguntem ao padre ao se confessarem,T'oporandu abaré supé o nhemombegûápe
"casas do lado, vizinhança",amỹîoka
eis que vou,Asó iã
querendo afastar de si mesmo o transtorno,O îosuí pubura pe'a potá
ele é medianamente grande,Turusu'ĩ
nem mesmo água eu tenho,Y tiruã n'arekóî
o mentiroso perde a vida de sua alma,Temo'emyîara o 'anga rekobesaba mokanhemi
eu estava-me esquecendo mesmo,Xe resaraî é gûitekóbo
enquanto ele não vem,ture'yma pukuî
"aimbirê, levemos os malditos logo para alegrar os que ficaram em nossas casas","Aîmbiré, îarasó muru taûîé îandé roŷpyra moesãîa"
ao lado uns dos outros seus cadáveres estavam ao longo do mar,O îoybyri se'õmbûera paranã ybyri i kûáî
nem por isso vou para longe,Naroîaî mamõ xe sóû
eu tenho palavras sagazes,Xe nhe'ẽpokarugûar
apenas não me fez morrer,Sãî na xe momanõî
coisa ganha com a espada,itangapema pora
não sabes que deus expulsou nosso pai primeiro por causa de um só ato seu?,Nd'ereîkuabipe Tupã îandé rubypy oîepé nhõ sekoaba suí i mosemagûera?
todas as aldeias abrasou,Opabẽ taba mondyki
"maria, mulher bondosa, engravidando, conforme dizem, o vício amaldiçoa","Maria, kunhãngatu, o puru'aramo, ra'e, tekopoxy oîmomburu"
o que é cabeçudo,i apytagûaba'e
quando a ave bate asas,gûyrá pepekeme
"após seres grande, serás mãe de deus","Nde reburusu riré, Tupã syramo ereîkóne"
dei-o a meu pai,Aîme'eng xe ruba pé
"embora eles tenham igrejas para ficar rezando, a todos arruinei","I Tupãok îepé, Tupãmongetá-ngetábo, aîmomoxy pabenhẽ"
por isso mesmo fez nosso pai primeiro como nosso progenitor,Nd'e'i te'e îandé rubypyrama monhanga îandé nhemonhangabamo
"após matarem a são lourenço, que queimem em teu fogo","São Lourenço îuká ré, t'okaî nde ratá pupé"
são famosos esses moçacaras,Serapûã kó mosakara
"o próprio pedro, pedro mesmo",Pedro aé
que desapareça vossa lei antiga,T'okanhẽ pe rekopûera
por que a gente a põe em seu próprio peito?,Marãnamope asé o poti'ape i moíni?
onde tu roubaste?,Umãmepe nde mondá?
"confessam seus pecadilhos somente os que são muito grandes deixam-nos, escondendo-os do padre","Oîmombe'u o angaîpá-mirĩ anhõ Tubixabeté oseîá, abaré suí i mima"
ameacei pedro com um pau,Asenopu'am Pedro ybyrá pupé
quê? que é?,Mba'e-pipó?
eis aqui também meu rabo comprido,Kó bé xe rûaî-puku
"ah, como será a morte do fulano por aí?",Marã îasûaramo ahẽ kûepe se'õ mã?
"não digas por aí, falsamente, a respeito de ninguém",Nd' eré mõ tenhẽ umẽ abá resé
"de três em três, três cada um",mosapy-sapyr
o que é ruivo,i aîuba'e
cercando os miseráveis para encher nosso fogo,Muru rokysyma îandé ratá poraká
parti-o pelo meio,Oîopyterybo rupi aîmombok
escolheu-a para sua futura mãe,I pysyrõû o syrama resé
afastando o diabo,anhanga pe'abo
os franceses trouxeram pólvora em vão,Aîuruîuba mokaba ogûeru tenhẽ
és tolerante com teu próximo ao querer ele trabalhar nos feriados?,Ereîmborype nde rapixara 'aretéreme i porabyky-potareme?
sofrerá também alguma coisa ali estando?,Oîporará abépe mba'e amõ eboûĩme oîkóbone?
"obedeceu, enfim, pilatos à sua palavra, então?",Osapîápe Pilatos i nhe'enga a'ereme ko'yté?
vem espantar o diabo para que não nos vença!,Îori anhanga mondyîa oré moaûîé suí!
hei de comer seus miolos,I 'aputu'uma t'a'u
"um frio que fará as pessoas tremerem muito, fazendo-as chorar","Ro'y oporomoryryîeteba'e, i moîasegûábone"
ficam invocando a morte,Osekyî-sekyî te'õ
já não quero viver neste mundo falso,N'aîkó-potari ymã ikó 'ara'uba pupé
quem é a que fala a deus por nós?,Abápe asé resé Tupã mongetasara sekóû?
enterro-o,Aîatyb
como o saberão?,Marãpe i kugûabine?
"para confortar tua alma, nós o ficamos abraçando","Nde 'anga moapysykápe, oroîaîubã-îubã"
"vim de motu próprio, vim de própria vontade",Aîur é
"enfeitaste-te, tendo desejo sensual?",Erenhemoatyrõpe nde poropotaramo?
não querendo conversar com ele,I mongetá-potare'yma
não já assim,na emonani
a multidão de companheiros do provincial,Pa'igûasu irũndyba
"os temiminós, de dia, confessam seus pecadilhos, somente",Temiminõ 'arybo nhẽ oîmombe'u o angaîpá-mirĩ anhõ
então foi?,Osó-tepe ra'e é?
és um nenenzinho,Pitangĩnamo ereîkó
deixo-o levar,Arasó-ukar
arranca a miséria de minha alma para que esteja firme em ti,"Eporeaûsubok xe 'anga, t'i pyatã nde resé"
"vem para destruir o maldito, em seu fogo lançando-o","Eîori, muru mombapa, satápe seîtyka nhẽ"
"daí, desse lugar",ebanõîa suí
pondo-o dentro de um túmulo de pedra,Itá karamemûã pupé i mondepa
eu estou cansado,Xe kane'õ
palmito de juçara,îeîsaru'ã
celebrando a missa para a gente,Missa ra'anga asébe
veio também sua panela para que os cozinhe adiante de mim,Oú bé senha'ẽpepó t'omoîy xe renondé
"a morte, na verdade, é a ameaça dos que se casam verdadeiramente",Te'õ a'e mendasareté momboîsabamo
prensa de espremer cana-de-açúcar,u'ubae'ẽ kambykaba
quando supõe cair em si a morte,Te'õ o îoesé i 'a-mo'angeme
"mas não foste tu, porventura, que te atraíste pelas mulheres?",Na nde ruã-te-pakó kunhã ri ereîemomotá?
"estava longe tua lembrança das coisas, estando a devanear?",Oîkó kûepe mba'e resé nde ma'enduara enhemongetábo ekupa?
é verdade isso?,Anhẽpe ûĩé?
"embora me interessasse, junto àquelas não cheguei","Anhangerekó îepé, aîpó supé n'abasemi"
escorei-o,Aîokok
ando perdido,Xe ropá-ropar
eu tenho os buracos das orelhas perdidos,Xe apysakûá-kanhem
tu te importas com teu filho?,Nde putupápe nde ra'yra resé?
residente na capuava,kapŷápe tekoara
estou dependurado,Aîasekó
fi-lo muito mal,Aîmonhang serã-serã
também por embriaguez ficando a ferirem-se uns aos outros,Sabeypora suí bé oîoapixá-pixapa
elas são muito altas?,Iîybaté-katupe?
ofendeste tua avó?,Ereîanga'ope nde aryîa?
apavorei-o,Aîangerasó
eu tenho arrepiamentos,Xe aning-aning
devolvendo sua antiga firmeza,Îepytasokûera eroîeby
contigo quero estar,Nde irũnamo aîkó-potá
bem logo nos livremos,Taûîé-te t'îanhembo'i
não ficou ninguém no campo de batalha,N'opytáî amõ abá maranápe
tornando possíveis coisas que são difíceis,Mba'e i abaiba'e moabaibe'yma
eu tenho a base fixa,Xe ypy-ten
"detestaste teu próximo, ficando a pôr-lhe nomes também?","Ereîamotare'ymype nde rapixara, serok-y -bé-kybémo?"
meu senhor jesus sofre pela gente,Xe îara Îesu sosang poresé
fi-lo por fazer,Aîmonhangĩ nhẽ
já transborda o cauim,Tynysẽ umã kaûĩ
eu sou temporão,Xe ranhẽ
não matando,îukae'yma
"tem muito cauim, porventura, meu avô jaguaruna?",I kaûĩgûasu-pipó xe ramũîa Îagûaruna?
estiveste deitada sobre teus amantes?,Ereîubype nde agûasá 'arybo?
diminuto como isto,nãîbe'ĩnhot'a'ub
não tendo nojo de mim,Xe suí oîegûarue'yma
ele dorme não o acordes!,Okerĩ Nd'eremombaki!
desfaleço de fome,Amanõaíb ambyasy suí
estou menstruada,Aîkoaíb
a vaca que crio,xe reîmbaba tapi'ira
eu sou ligeiro de mãos,Xe poapyî
"parti dele, para que não vos corte em pedaços!","Pepo'i i xuí, aîpó n'opoasyk-asykabi"
"em caso de divulgação de sua morte, o próprio padre responsável por ele que o julgue","Se'õagûera rerapûaneme, abaré serekoara aé t'osekokuab"
em terra não os mandando transformar,Ybyramo i moingoukare'yma
eu quero presas nas pessoas de alguns bêbados,Xe rembiá-potá sabeypora amõ resé
"contaste para as pessoas o mau procedimento de alguém, que somente tu viste?",Ereîmombe'upe abá rekopoxŷagûera oîepebẽ nde remiepîakûera abá supé?
não,-Nd'oîporaráî xûémop'asé mba'e amõ 'ara pupé oîkóbomo? - Aani xûémo - Não sofreria a gente coisa alguma vivendo no mundo?
hei de reavivar a velha guerra,T'aîopũne marandûera
que venha deus para nos alegrar,T'oú Tupã oré moorypa
o que minh'alma busca,xe 'anga remiekara
prensa de cana-de-açúcar,u'ubae'ẽ pokasaba
tosei-o bem,Aîmoapererá-katu nhote
convidando os homens todos,apŷaba sogûabo pá
o resto de minhas presas trouxe para a rainha,Xe rembiara rembyrûera arurĩ reîá supé
quebrador de pedras,itá kasara
estou bem estabelecido,Aĩngatu
dou-o em recompensa,Aîme'eng sepyramo
eu fiz confusão,Xe apaxixã
"fi-lo aos trancos, fi-lo confusamente",Aîapixosok
"outro dia, já não agora",irã é irã
para o alto do chamado monte das oliveiras levou sua mãe e seus discípulos,Ybytyra Olivete seryba'e apyterybo o sy o boîá rerasóû
onde está meu caminho?,Umãpe xe raperama?
fachos de luz para iluminar o caminho pela escuridão,Ysysaý putumimbyka rupi pé resapébo
como será que um habitante do inferno viveria neste mundo se deus o fizesse viver fora dali um mês?,Marãete'ĩ ra'umope amõ Anhanga ratá pora rekóû ikó 'ara pupé oîepé îasy Tupã ebanoĩ suí o moingobérememo?
ordenhei-a,Aîkambyamĩ
"todos eles voltaram para trás, caindo no chão de costas","Opá i îeakypûereroîebyri, o atukupé pyterybo o'á ybype"
traze peixe para que o coma,Eru pirá t'a'une
que ajudemos um ao outro para criarmos nossos filhos,T'oroîopytybõne oré poromonhangagûera mongakuapa
jazia ao lado de mim,Xe ybyri tuî
dá anzóis para mim,Eîme'eng pindá ixébe
a que coisa chamamos graça?,Mba'e supépe asé graça i 'éû?
"caiu a chuva sem parar, enchendo o mar, levantando-o bem acima do cume das montanhas","Okyr ko'ẽ-ko'ẽ amana, paranã mopungábo, ybytyra apyra sosé-katu i mopu'ama"
comendo-o ansiosamente sempre,korikoria'u i gûabo îepi
"ora, experimenta-o",Esa'ang ra'u
estiveste deitado outrora sobre tua amante como um rufião?,Ereîubype erimba'e nde agûasá 'arybo nde arãíbamo?
"ah, quem me dera bater nele!",Apûar temõ sesé mã!
não irás futuramente à guerra?,Nd'eresóî xópe irã gûarinĩ?
eu tenho palavras pesadas,Xe nhe'ẽposyî
hei de ir adiante de vós,T'akûáne pe renondé
haveria de morrer certamente a criança de mim após eu querer comer caça,Omanõ îepémo pitanga xe suí ixé so'o 'useî tenhẽ roîrémo re'ĩ
concluo que talvez isso seja assim,Emonã ûĩ re'a a'é
com seu sangue me lavou,Og ugûy pupé xe reî
o padre que é colocado como guardião da gente,Abaré asé rerekoaramo i moingopyra
senhora da vida,Tekobé îara
amarram suas mãos fortemente,Îapopûar-atã
vai por aí,Ebokûé rupi ekûab
ando à caça,Ka'abo aîkó
o que fica aumentando seus pecados,o angaîpaba irumõ-rumõsara
ao transcorrerem quatro gerações,Oîoirundyk îeapyká sykápe
eu sou rugoso,Xe akaraxixã
o que se casa bem contra sua vontade,O emimotare'yma-katu omendaryba'e
amando muito sua santificação,O karaibagûama raûsukatûabo
assento a vila de comprido,Opukubo taba amoín
"compadeceste-te deles, procurando-lhes alimento?",Eresaûsubarype i poraká?
benzi-me a testa,Aîesybasab
a que nos faz viver na virtude,Tekokatu resé îandé moingoara
seu ferrete,i kuapamoindaba
eu sou redondo,Xe apỹî
paga o objeto de seu furto,Oîmoepy o mondasagûera
"deu-me pancada de ponta, somente",Xe sok îõte
devolveu seu pagamento aos príncipes,Oîme'engîeby sepypûera morubixabetá supé
morrendo eu,gûimanõmo
vós lembrais,Pe ma'enduar
eram muitos mesmo todos os que diziam isso,Setá tenhẽ erimba'e opab aîpó 'îarûera
"criancinha muito bela, creio muito em ti","Pitangĩ-porangeté, orogûerobîá-katu"
o que pratica ainda os velhos hábitos dos avós,Tamyîa rekopûera oîporubyteryba'e
"vai para prová-los, para que pratiquem maus atos",Eîori sa'anga t'oîpuru tekó-poxy
"portanto, prantear as pessoas isso as enternece",Irõ moroapirõ a'e oporomomby'ar
"""ele deve ter ido"", disse eu em suposição","""Osó ipó re'a"" a'é angá"
"o que está preso em ferros, o que está peado",i pukusamba'e
tornando afável vosso senhor para vós mesmos,Pe îoesé pe îara moaky
"conhecedor de animais, bom de caça",so'o-kugûaba
"a ponte derrubam, querendo que a canoa passe","Îarybobõ omonguî, ygara kuabĩ potá"
atraio a pedro,Aîmomotar Pedro
corpo morto de peixe,pirá re'õmbûera
e portanto,emonãnamo é
"quando eu morrer, que venhas","Xe îekyîme, t'ereîu"
semelhante a uma roupa de querejuá que brilha mais que o sol,Aó-kereîûá kûarasy sosé oberaba'e nungara
ensaquei a farinha,Au'ipuku-nhang
para mãe de deus é que é feita,Tupã syrama ri i monhangymbyra
o sol certamente brilha após passar a grande noite,Kûarasy nipó oberá putunusu kûab'iré
eu falo demais,Xe nhe'ẽ-mby'i
dou topadas no esteio,Aîapi okytá
tendo o dom da vossa vida,pe rekobé me'engaba rerekóbo
"é formosa, certamente, a lua","Î aysó, nipó, îasy"
que perdoe deus a nós,T'i nhyrõ Tupã orébo
"não era pedro, mas, sim, seu irmão","Na Pero ruã, tybyra a'e"
lêndeas de piolho,mokyrana'yra
fiz-me mulher,Anhemokunhã
"ah, vencer-me-ão hoje!",Xe reîtyk korine mã!
apressam-me estes meus súditos,Xe moanhẽ kó xe boîá
"eram muitos os que estavam a castigá-lo? -eram muitos, ficando a revezar-se uns com os outros nisso","-Setápe i nupã-nupãsara? -Setá, sesé oîoporu-porûabo"
cortei o pé dela,Aî'ybab
"armação de fios, roca de fiar",inimbó-'yba
couraça com lâminas,itaoba i apenhugûã-nhugûanyba'e
feri-o,Aîosok
eu estou úmido,Xe ryby'y
"por causa de sua esposa, o marido dela não temeu comê-lo","Ogûemirekó resé, i mena nd'o'u-poûsubi"
cada vez que se lembra dela,Sesé o ma'enduara îabi'õ
oxalá ela estivesse nua!,Ikatupe nhẽ temõ mûã!
"é aparência, somente, este mundo falso",A'uba nhote ikó 'ara'uba
"queremos amar-te muito, entregando-nos a ti","Oroaûsu-potá-katu, oroîeme'enga endébo"
estamo-nos espalhando,Oronhemosasãî oroîkóbo
"passagem de água, rego para água",y kûapaba
contando as maldades escondidas de alguém,Abá angaîpá-nhemima mombegûabo
tua alma está muito branca,I morotĩngatu nde 'anga
aquele que entrava na igreja,Akó oîké rakó Tupãokype
junto a si fazendo-vos sentar,O pyri pe mogûapyka
faço intervalos em minhas entradas na igreja,Aîmopa'ũ-pa'ũ nhote Tupãokype xe reîké
"ó, hei de ir!","T'asóne, gûy!"
"procedo bem, tendo a intenção de ir para o céu",Aîkó-katu t'asóne ybakype ûi'îabo
segundo o julgamento de nós por deus,Tupã îandé rekomondykaba rupi
pode a gente vê-lo aqui também?,E'ikatupe asé iké bé sepîaka?
"eis meus chifrões, meus dentes","Kó xe 'akusu, xe rãnha"
mas me esconde tu dele!,Xe mĩ-te îepé i xuí!
deseja o menino mamar,I kamu-seî kunumĩ
"reritiba, minha terra, aldeia muito boa","Rerityba, xe retama, tabangaturãngatu"
que mais?,Mba'epe amõ?
faço-o ruim,Aîmoangaîpab
"amarram-lhe as mãos fortemente, fazendo-lhe mal","Îapopûaratã, i moangaîpapa"
alguém,amõ ahẽ
eu tenho flores,Xe potyr
a ponte derrubam,Îarybobõ omonguî
não quero ir para longe,N'asó-potari mamõ
que é mais penoso aos que estão ali?,Mba'epe sasyeté a'epe tekoara supé?
"após morrer seu filho, ama todos os homens",O membyra re'õ ré opabĩ abá raûsubi
eu sou arisco,Xe resaeté
"bola, novelo de lã",inimbó-apu'a
a abertura da saia dela,Iî ikeboka
imitando a queda das frutas maduras,ybá-'apuba kuîa ra'anga
não há absolutamente servos meus,N'i tyb-angáî xe boîá
"são pedro puxou a espada, ferindo um amigo do chefe, chamado malco",S Pedro itangapema osekyî morubixaba rembiaûsuba Malko seryba'e apixapa
eis que também minhas muitas presas hei de dar algumas a ti,Kó bé xe rembiaretá t'ame'ẽne amõ endébo
querendo também que nós afrouxemos nossa carne,îandé ro'o îandé i momby'a-potáno
remédio portador de cura,mosanga mûeîrabyîara
"mulher bondosa, uma virgem",Kunhã-angaturama ababykagûere'yma
eu estou resfolgando,Xe putuẽ-tuẽ
ao entardecer,karukĩneme
eu sou barulhento,Xe ryapu
igualmente a morte está entre os moços e entre os velhos,Oîoîá te'õ rekóû kunumĩgûasu suí tuîba'e suí bé
"fico à espera dele, fico no caminho dele",Aîpiarõ
estragaste as coisas de teu próximo?,Ererekomemûãpe nde rapixara mba'e?
a todos os homens ama para o bem deles,...Opabĩ abá raûsubi i katurama resé
não temos a ver com isso,Nd'oroîkóî aîpó resé
arroto fétido,eú-rema
porto das canoas,ygara îepotasatyba
"que é, porventura, daquele?",Umã-pakó? Umã-takó? ou Umã-pakó akûea?
fiquei-o apodando,Aseró-serok
queimar-vos-ão as chamas de fogo!,Pe rapy tatá-endyne!
batendo numa mulher grávida,Kunhã muru'abora resé opûá
homem covarde,abá-ekoetee'yma
quem é? quem está aí?,Abá-pipó?
vários homens brancos são pecadores,Karaíba amõ amõ i angaîpá
que tipo de caça queres comer?,Marãba'e so'o ereî'useî?
"espremeste-te após alguém fazer sexo contigo, não querendo filhos?",Ereîeamĩpe nde resé abá rekó riré nde memby-potare'ymamo?
desculpei-me,Aîepysyrõsyrõ
faz a cruz em nossa testa com ele,Asé sybasab i pupé
"adivinha, vamos ver, aquele que bateu em ti!",Eîkuá ra'u nde ri opûaryba'e!
"não em vão deus disse isso, não dizendo ""- pode ser""","Nd'e'i te'e Tupã aîpó o'îabo ""re'ĩ"" o'eyma"
a lua foi comida,Îasy mba'e i 'upyra
"assim como tu não queres que alguém furte de ti tuas coisas, guarda-te de furtar as coisas de alguém","Nde îosuí nde mba'e resé abá mondarõ nde i potare'yma îabé, teumẽ abá mba'e resé é mondarõmo"
"flechei todos eles, capturando-os, amarrando-os","Aîybõ mbá, i pysyka, i apytĩamo"
"fica pondo armadilhas, querendo fazer a gente entrar","Oîekotyrũ-tyrung, oporomoingé-potá"
eu estou esfalfado,Xe ra'ypab
"vem, dize o nome, ó sim, dos que tu venceste por aí","Îori, esenõî angá kûeîbo nde remimoaûîé"
faço-o muito apressadamente,Aîapó-anhẽ-anhẽ
eu sou nadador,Xe 'ytab
"eis que percebendo isso, deixei ontem minha casa","Kó anga andupa, aseîá kûesé xe roka"
o que tocou na irmã mais moça ou na irmã mais velha de sua noiva não pode casar-se nem mesmo com sua noiva,O me'engabeté pyky'yra koîpó tykera resé obykyba'e n'e'ikatuî omendá o me'engabeté resé tiruã
"podem também as pessoas casar-se diante de um outro padre, de acordo com a vontade do padre responsável por elas",Ikatu bé abá omendá amoaé abaré robaké abaré ogûerekoara remimotara rupi
"que fizeram, querendo aproximá-los?",Marãpe ybŷá serekóû i mondyka potá?
eu mesmo fiz assim,Ixé aé emonã aîkó
o que enforcou gente,moroîubykarûera
"""o chupa-fogo""",tatá-pytera
vela por nós,Ema'ẽngatu oré ri
não por ir eu,Na xe sopeî
é muito medonho o diabo?,I abaeté-katupe Anhanga?
há de estar ?,E'i nhẽpe oîkóbone?
"pela estrela que os guia, como a que mostra o caminho",Îasytatá serekoarama resé pé kuabe'ẽsaramo
por quantas coisas a gente pede?,Mboby mba'e resépe asé îeruréû?
como recompensa de seu afastamento da vida má,Tekó-angaîpaba suí o îepe'aagûera repyramo
os pagãos esfolaram são bartolomeu,Serokypyre'yma São Bartolomeu piroki
"tempo, lugar, modo, finalidade, etc de comer, de pastar",karûaba
eu estou adoentado,Xe mba'easyaíb
"eu tenho presas, eu faço presas, eu apreso",Xe rembiar
repleta-me minha ira,Xe moîoîá xe îemoŷrõ
o próprio céu é o que deus prepara para nós,Ybaka aé Tupã îandé resé i nhemosako'îaba
"amam-se muito, por dever, os que se casaram?",Oîoaûsu-katupe amẽ oîopopysykyba'epûera?
atravessei rios,A'y-asab
logo então,a'ereme bé
meu destino é a terra de deus,Xe soaba Tupã retama
eu tenho diarréia,Xe rygeaíb
endireitei-o,Aîapengok
injuriando-o,i agûabo
eis aqui minha grande muçurana,Kó xe musuranusu
não ia para o céu outrora a alma de ninguém?,Abá 'angûera amõ soe'ymi ybakype erimba'e?
fá-lo sofrer o frio,Îaîmomboreaûsu ro'y
"estão felizes os anjos, festejando este dia","Sory karaibebé, ikó 'ara momoranga"
eu também danço com meus parentes,Xe abé xe anametá aroporaseî
não foi a meu pai que o dei,Na xe ruba supé ruã aîme'eng
deixei de amá-lo,Asaûsupo'ir
"como modo de honrar sua vinda, comemoramos este dia",Turagûera moetesabamo kó 'ara îamoeté
o dia em que esses fatos se consumaram os cristãos não estavam felizes,Ara kó tekó aûîesaba cristãos rorybe'ymamo
estou pela metade,Xe ragûé rupi aín
cortei a fila deles,Asysy-mondok
eu tinha o pescoço caído,Xe aîurar
não hei de deitar a perder a meu pai,Amote'e umẽpe xe ruba ká
porca fêmea,taîasu-kunhã
cortei-lhe a cabeça,Aîakã-mondok
a alma depois que sai do corpo,angûera
como resgate de todos os que irão para o céu,Opakatu ybakype osoba'erama repyramo
fartei-me de comê-lo,Aî'useîmogûab
todas as línguas dos homens por aí afora fê-los conhecer?,Opakatupe kûeîpe abá nhe'enga kuabukari i xupé?
"apressam-me estes meus súditos, tendo saudades de mim hoje","Xe moanhẽ kó xe boîá, îeí xe repîaka'upa"
"por isso mesmo o homem que quer a virtude se esvazia de corpo, fazendo-o jejuar","Nd'e'i te'e abá tekokatu potasara og o'opore'yma, i moîekuakupa"
eu sou um pouco bochechudo,Xe retobapé-pyryb
aquele mesmo,Apó é
tonsurei-o,Aîmoapytereb
"sem trabalho, comemoramos este dia",Morabykye'yma kó 'ara îaîmoeté
eu tenho puxos,Xe rygeasypu'ãpu'am
ali atacando as moças,A'epe kunhãmuku repenhana
eu estou quebrantado,Xe rasyrõ
encalhemos,T'îaîar
hospedar os peregrinos,Atara mombytá
mas são eles os que mandam fazer cauim,A'e-te kaûĩ pûaîtara
a satisfação dos cônjuges,mendara moîekosupaba
força de minha alma,Xe 'anga taŷaíba
"tem o homem, geralmente, muitas palavras em vão quando se aproxima de sua morte",I nhe'engetá tenhẽ nakamẽ abá ogûe'õ kakareme
"este era, de fato, o meu intento",Aîpó nakó xe rekopotasaba
a que deseja a virtude,Tekokatu potasara
teu costumeiro desejo sensual não se separava verdadeiramente de ti,Nde poropotarixûera nd'o'ir-etéî nde suí
"é bonita esta igreja, contendo muitos enfeites!","I porang kó tupãoka, îegûakabetá rerupa!"
descalcei-me,Aîepyaobok
o que faz também um homem furtar alguma coisa,Oîmomondarõba'e abé abá mba'e resé
"depois disso, os malvados estão alta noite atacando pelas costas os maridos das mulheres","A'e ré, moxy rekóû pysaîé kunhã mena kupea'pa"
moderei-os,Anhonen
este outro,ikoba'e-te
depois que tu sonhaste com uma mulher deleitaste-te no teu sonho com ela?,Kunhã resé nde posaûsub'iré ereîmborype sesé nde posaûsubagûera?
"atravessando o céu foi, deixando-te","Ybaka rasapa osó, nde reîá"
roçado antes de se queimar,kopisaba 'ybapaara
"esconde-te, fica quieto","Enhemim, nde kyrirĩ"
"não encontrei nem um pouquinho, absolutamente, algum ato deste homem no mal",N'abasẽ-mirĩ-angáî marãbirĩ ikó abá rekopûera amõ supé
eu hei de ser bom,Xe katupe ká
mordo-lhe a cabeça,Aî'a-su'u
não me chames tu pelo nome diante dele senão me mata,Xe renõî umẽ îepé i xupé na xe îukáî
todos eles voltaram para trás,Opá i îeakypûereroîebyri
"e os cadáveres da gente, que sucede a eles?","A'epe asé re'õmbûera, marã?"
"ah, nossos avós muito quiseram verdadeiros substitutos seus para nós",Té! Oîpotareté îandé ramuîa o ekobîareté îandébe
cheguei,Aîepotar
"eva, nossa mãe primeira, atraiu-se muito pelo belo fruto","Eva, îandé sy-ypy, onhemomotar-eté 'ybá-poranga resé"
todos os seus discípulos para tuas mãos fazendo passar,Opá o boîá nde pópe i mongûapa
aproxima-se o nascimento de s joão,Okakar S João 'aragûera
jazo acordado,Aîubé
ai! por que bates em mim?,Akaîgûá! Marãpe xe ri erepûá?
tu não me detestas,Na xe reroŷrõî îepé
"os corpos dos que são bons serão sutis, brilhando mais que o sol",I angaturamba'e reté i pokãngatu kûarasy sosé oberapa
morrendo vós,Pemanõmo
vem para derrotar meus inimigos,Eîori xe sumarã reîtyka
"eu sou um guará-guaçu, uma onça","Xe agûaragûasu, îagûara"
"tomou-o como substituto de judas, que entregara deus-filho",Îudas Tupã Ta'yra me'engarûera rekobîaramo tari
não beberás hoje o que eu mastigo,Nd'ere'uî xó kori xe remindu'une!
um homem ladrão que foi posto na prisão como pena de assassinatos,Abá-mondá morapitîagûera repyramo mundeokype i mondebypyrûera
"finalmente abre-se a terra engolindo-os, finalmente com o diabo vão os que pecam","Teîpó yby oîe'apa, i mokona, teîpó Anhanga irũnamo i angaîpaba'e osóbo"
não pode alguém casar-se com seu parente verdadeiro?,Nd'e'ikatuîpe abá o mũeté resé omendá?
meu senhor me mata,Xe îuká xe îara
é por causa do chefe que a aldeia é ótima,Morubixaba ri é taba matuetéramo
obra-prima sou eu,Ixé-tene îaeté
eu tenho um preço baixinho,Xe repy-mokonhõ'ĩ
"mas, então, eu amei isto?",Iang-tepe ixé asaûsub ra'e?
seu criador de verdade,o moîangara tekatu
"quem, hoje, é como eu?",Abápe kori xe îá?
uma coisa amarga com vinagre misturaram,Mba'e-py'aûpîara kaûĩaîasy resé i monani
para nosso encorajamento,asé mopyatãgûama resé
"barco de navio, barco salva-vidas",ygá-membyra
enterrai-me vós,Xe aty peîepé
"eu tenho palavras enganosas, falsas",Xe nhe'ẽ-puraké
"o cauim transbordante nas igaçabas, depois disso, os atrai, e, igualmente, as cuias das velhas","Ygasápe kaûĩ-tuîa a'e ré îamomotá, oîoîá gûaîbĩ rekuîa"
"que quer dizer a gente em seu coração, dizendo isso para ela?",Marã e'ipe asé o py'ape aîpó o'îabo i xupé?
eis que aqui pertinho vem,Kote'ĩ turi kó
eis que aqui ele está deitado,Kó tuî kó
passo raramente,Moîepenhombé akûab
"todos eles voltaram para trás, caindo no chão de costas -","Opá i îeakypûereroîebyri, o atukupé pyterybo o'á ybype"
os que tu apresarás são reis,Nde rembiarama é oîkobé morubixaba
"deus te fez viver, guardando-te, não somente por uma semana, não somente por um ano, mas por muitos anos","Nde moingobé Tupã, nde rerekóbo n'oîepé îasy nhõ ruã, n'oîepé seîxu nhõ ruã, setá nhẽ seîxu-te"
quase que fui,Asó só
ameacei-o,Aropu'am
todas as aldeias abrasou,Opabẽ taba mondyki
sou seu parceiro de dança,I nhandaramo aîkó
"em troca de sua criação, dei-lhe outra",Seîmbaba rekobîáramo amõ aîme'eng i xupé
veio detrás de mim,Xe atuaî turi
não estou acostumado,N'abîari
eis que veio o que me entregará,Aîpó xe me'engarama ruri
não deixarei de o querer,N'aîpotare'ymi xûéne
"e as grávidas ao quererem beber água, que acontece?",A'epe muru'apora 'y 'useîtápe marã?
podem casar-se um com o outro?,E'ikatupe o îoesé omendá?
levei todos,Arasó pab
o que vai,osoba'e
"por isso mesmo repreendeu a seu companheiro, desagravando-o","Nd'e'i te'e o apixara akakapa, sepyka"
e no caso de não acabar sua dívida neste mundo?,A'epe ikó 'ara pupé sepy syke'ỹme?
quando ele defeca,sepotireme
"marca de dentes, sinal de dentada",tãî-mbora
tiveste relações sexuais com uma mulher casada?,Ereîkópe kunhã-mendara resé?
o cão é ávido,I mba'epotar îagûara
que não tenha medo de anunciar a jesus cristo,T'osykyîé umẽ Îesu Cristo mombegûabo
"dessa maneira, vens para afastar nossa escuridão","Emonãnamo, ereîu oré putuna pe'abo"
à medida do que havia delas,i îaîbeĩîé
vou para beber água,Asó 'y gûabo
eu sou fingido,Xe nhe'engyrygûan
detestando-se em seu coração,O py'ape oîeroŷrõmo
eis que ides ides,Pesó ûĩ
o fruto que deus proíbe,ybá Tupã remipysyrõ
medi-o,Asa'ang
fiei o algodão,Aamyniîu-poban
saiu vivendo após o enterrarem,Osem oîkobébo o tym-y roîré
fica! somente quando bebes cauim tu queres ser valente? palermão! centopéia!,Epytá! Kagûápe nhõ nde ratãngatu-potá? Manemusu! Ambu'a!
"que disseram os judeus, acusando-o?","Marã e'ipe îudeus i xupé, i mombegûabo?"
"atravessando o céu foi, deixando-te","Ybaka rasapa, osó, nde reîá"
mulher normal,kunhãeté
peneira rala,urupẽ-mokanga
por que não seriam muito fortes?,Marãmo satãngatue'ymamo?
"existe meu auxiliar verdadeiro, o chefão aimbirê","Oîkobé xe pytybõanameté, tubixakatu Aîmbiré"
amarrei penas de asa nela,Aîpepó-pûar
cutuquei-o,Aîpekãî
fi-lo trabalhar,Aîmoingó-marã
breei o casco dele,Aîapé-kytyk
"é ele o que dá o bem desses, com certeza",A'e aé koba'e katu me'engara re'a
o magro que convido para comer,xe remipoîangaîbara
"três chefes chamados ""reis"" que vêm da direção do oriente","Mosapyr morubixaba ""reis"" 'îaba kûarasysembaba koty suí ouryba'e"
voltou a vir ao lugar em que tinha deixado seus discípulos?,Ouîebype erimba'e o boîá reîasagûerype?
dobrei-o,Aîapapûar
este dia é feriado,Kó 'ara marãtekoabe'yma
sob a areia branca,Ybyku'i-tinga gûyri
"rechonchudão, baixo e largo de corpo",apebusu
"chorai continuamente, pranteando vossos pecados","Pe resangá, pe angaîpaba rapirõmo"
todos gostaram delas,I apysyk pabẽ sesé
sua mãe nem sequer sangrou,I xy na sugûyî tiruã
"retalhador de carne, açougueiro",so'ombo'isara
"sendo igual a deus, está nas alturas","Tupã moîoîapa, sekóû ybaté"
tapei-o,Asesaatyká
se tivesses sido bom,Nde marangatu meémo
pesco com rede,Aîeporakar
"instrumento de enxotar moscas, abano de moscas",mberu mondoaba
já transborda o cauim,Tynysẽ umã kaûĩ
repartimo-nos,Oronhemoîa'ok
fazendo sua esposa trabalhar,O emirekó moporabykŷabo
"por ali, por aí",ebokûea rupi
a crença em deus está somente em suas bocas,I îurupe nhõ Tupã rerobîara ruî
que nos leve para seu lugar de felicidade consigo,T'îandé rerasó o orypápe o îoesé
eu sou de pequeno tamanho,Xe ra'yrĩ-a'ub
eu estou arrasado,Xe robapyka'ẽ
nas roças,kóbo
"o que lavra as madeiras, o carpinteiro",ybyrá pandara
tu és guardião de mim,Nde morerekoar xe ri
vivei verdadeiramente com a rainha graça,Peîkó-eté Grácia rainha ndibé
"fazendo as pessoas beberem cauim ou dando-lhes de beber, fazendo-as embriagar-se","Abá mongagûabo koîpó se'yma, i mondabeypó"
como o trataram ao dizer ele isso?,Marãpe ybŷá serekóû aîpó i 'ereme?
aquele em quem se deve acreditar,serobîarypyra
"ah, vencer-me-ão hoje",Xe reîtyk korine mã!
querendo fazer-nos preparar,îandé monhemosako'i-potá
nas armadilhas fiz os malditos entrarem,Kotype muru amoingé
filha de deus,Tupã raîyra
"como ele, também, curaste os doentes",Supi bé eremombûeîrá mara'abora
"arrepende-te de tuas maldades, após teres comido alguma carne","Eîmoasy nde angaîpagûera, to'o amõ 'u ré"
guarda-te de abandonar tua obra,Teumẽ nde rekó mote'ebo
que puseram sobre sua cabeça?,Mba'epe onong i akanga 'arybo?
teu nome,nde rera
veio para nos ver!,Îandé repîaka our!
"de algum lugar, dalgures, de alguma parte",mamõ suí
no seu próprio ombro levanta a cruz,O ati'yba ri kurusá osupi
"mataram seus corpos, mas suas almas foram-se para encontrar a vida que não acabará","Seté îukáû, i 'anga-te oîeoî tekobé opaba'erame'yma ri oîekosupa"
veio o que está em tua busca,Nde piara our
"desanima, sem mais, de suas diversões também",Omanõaibí o nhemosaraîtápe bé
não mates gente,Eporapiti umẽ
"sim, esses me satisfazem","Îé, aîpó xe moytarõ"
"para onde meus amigos foram, sem mais?",Marãngotype xe îekotyasaba sóû-'ĩ
"contaste a maledicência de alguém, sendo mexeriqueiro?",Ereîmombe'upe abá marã'eagûera nde mba'epûeramo?
são muito temíveis teus chifres,Iîabaeté-katu nde 'aka
"o bondoso são lourenço guarda vossa terra, elevando-vos","São Lourenço-angaturama osarõ nhẽ pe retama, pe mopu'ama"
"eu sou muito bochechudo, eu tenho bochechas grandes",Xe retobapegûasu
aonde ele foi após acabar de comer?,Mamõpe i xóû o mba'e-'u-pab'iré?
dia muito quente,arakubeté
"homem apessoado, gentil-homem",abá-matuetegûasu
"ah, veio de fato para cá o ostra grande!",Té oureté kybõ Reriûasu mã!
"uma moça, não tendo doze anos e um rapaz também, não chegando aos catorze anos, não podem casar-se com ninguém","Kunhãmbuku doze ro'y rerekoare'yma, kunumĩgûasu abé catorze ro'y resé i xyke'yma nd'e'ikatuî abá resé omendá"
"tu me alegras muito, narrando assim os fatos","Xe moory-katu îepé, inã tekó mombegûabo"
"como diz alguém, tendo medo da morte, não querendo fazer estar por longo tempo sua falta de confissão?",Marã e'ipe abá te'õ suí onheangûabo o nhemombe'ue'yma mokûá-puku potare'yma?
mas que faremos com estas muitíssimas riquezas?,Marã-tepe ang mba'e-katupabẽ orogûerekóne?
onde ele mora?,Umãmepe sekóû?
"que amemos a mãe de deus, por ela interessando-nos","Tupã sy t'îasaûsu, sesé îanhemoryryîa"
como o confitente procede?,Marãpe nhemombegûara rekóû?
o que tem barba ruiva,sendybaá-îuba'e
"cantemos um pouquinho, primeiro, para festejar bem o dia","T'îanhe'engá-mirĩ, ranhẽ, 'ara momorãngatûabo"
mandei um homem em busca de pindoba,Aîopûaî amõ abá pindoba resé
afinei-o muito,Aîmoa'yrĩngatu
eu estou amargo,Xe rob
debaixo da pedra,itá gûyrype
"comemoramos este dia, lembrando-nos do tempo em que nô-la fizeram alcançar",Sesé îandé moîekosupagûera resé îandé ma'enduaramo kó 'ara îaîmoeté
meu ex-marido há de ser certamente,Xe mendûera ipó re'ĩ
estou-me agachando,Anhemombé-mombeb gûitekóbo
por isso mesmo todos os homens ficarão pálidos de aflição,Nd'e'i te'e opá abá robaîubamo tekotebẽ suíne
o diabo te detesta,Anhanga nde momburu
"ele estava nu, cobrindo-o sua própria mãe com seu véu","I katupenhẽ, i xy aé ipó opîá o akangaobĩ pupé"
o diabo me importuna,Anhanga xe moaîu
que fez deus outrora com nosso pai primeiro por causa de seu proceder assim?,Marãpe erimba'e Tupã îandé rubypy rerekóû emonã sekoagûera ri?
como será que estão minhas amantes?,Marãngatupakó xe agûasá rekóû ri?
"assim como esta água lava o corpo da gente, também aquela","Akó 'y asé reté moîasuka îabé, akûeîa îabé"
além das montanhas,ybytyra amongoty
"mulheres, além de velhos, meninos e até meninas","Kunhã, marandé tunhaba'e, kunumĩ, kunhataĩ tiruã"
"os que ele torna padres e seus substitutos na missa tomam o pão em suas mãos, benzendo-o",Semimboabaré sekobîara bé missa pupé miapé rari o pópe sobasapa
envergonho-me de minha feiúra,Anotĩ xe aíba
"está segundo minha medida, somente",Xe îá nhote
eu estou ficando pensativo,Apyk gûitekóbo
eu também sou um porco,- Xe abé taîasugûaîa
vou para a casa,Asó okype
"eu, em vez disso, quero presas nas pessoas de alguns bêbados","Xe-te, xe rembiá-potá sabeypora amõ resé"
"o que é igual a algo ou a alguém, a igualha de, o igual de",îabendûara
esforça-te por causa de deus,Enhemopyatã Tupã resé
estou em busca de caça,So'o resé aîkó
ficaste suspeitando de teu próximo em teu interior?,Ereîmondá-mondápe nde rapixara nde py'ape?
que vá sempre minha alma ajuntando virtudes,T'osó xe 'anga îepi tekokatu mono'onga
disse elegantemente,A'é muruangaba
desobedeci a meu pai,Aîmomaran xe ruba
vou para resgatar os índios,Asó apŷaba porepŷana
"que sejamos corajosos, sim, suportando as coisas dolorosas","T'oré pyatã, angá, mba'easy porarábo"
longamente estava nosso pai primeiro chorando,Ipuku erimba'e îandé rubypy rekóû îase'o monhanga
naufraguei,Aîepubuîereb
confiemos nesses homens,T'i îerobîar apó abá ri
não sentindo o peso de suas maldades,O angaîpaba posyîûera andube'yma
"és parecido com um chamusco, ó coisa fedorenta!","Nde rapixara pixé, mba'enem-y îu!"
"eu tenho buzina, eu buzino",Xe remimby
lembrai-vos do que se sofre no inferno,Penhemoma'enduá Anhanga ratápe i porarapyra resé
bocejei,Aîeîurupirar
"ora, quem seria aquele?",Abáp'akó é?
"sede verdadeira, não a de antes de tocar a água","Useîeté, na 'y atõî' îanondé ruã"
vou beber cauim!,T'aka'une!
reatei-o,Aîapytĩatã
esporão de embarcação,ygá-tĩkupeara
o leme da embarcação,ygara ropytaerobakaba
que não te moleste o diabo,Ta nde moangekoaíb umẽ Anhanga
"um par de pares, quatro",oîoirũîrũ
o que toca a quando eu fui,xe soremendûara
"tremo, ambas as minhas coxas adormeceram","Aryryî, opá xe uba îesyî"
"passaste a mão nas tuas pudendas, abrindo-as, alargando-as?","Erepokokype nde rapopé resé i pekábo, i pypirá?"
estou a ponto de ir vou daqui a pouquinho,A'ar apyrĩ - Estou prestes a cair Our apyrĩ - Está já para vir Asó apyri'ĩ
mingau grudento,minga'u-pomonga
fiquei-o apedrejando,Aîapi-api
visitaste o buraco do covo de alguém?,Ereîosubype abá îeke'i kûara?
nossa verdadeira inimiga é a morte,Îandé robaîareté te'õ
querendo conhecer seus casamentos antigos,I mendarymana kuaba potá
"seu companheiro de guerras também é bastião, o flechado",I maranirũ abé Bastião u'uborûera
"acarretar, acarrear",eru-erur
que se alegrem nossos filhos!,Ta sory îandé ra'yra !
"que saia o diabo dela, apartando-se com seu mau proceder","T'osẽ Anhanga i xuí, gûekó-poxy rerosyîa"
invejar as coisas boas de alguém,Abá mba'ekatu moasy
"por isso mesmo alguém, antes de se casar, confessa-se de seus pecados",Nd'e'i te'e abá o mendá îanondé onhemombegûabo o angaîpagûera resé
por acaso ele tinha o sangue escorrido pelo rosto e pelas costas?,Sugûy-syryk serã sobá rupi i atukupé rupi bé?
caso com uma mulher,Aîkó kunhã rupi
replico a pero aînhe'ẽ-poepyk pero - replico as palavras de pero,Aîpoepyk Pero
logo depois que morrerem irão para o céu os que foram semelhantes a algo assim?,O manõ riremẽ serã emonã nungara sóû ybakypene?
perdoa também deus a nós?,I nhyrõ bépe Tupã asébe?
bendita és tu entre as mulheres,I mombe'ukatupyramo ereîkó kunhã suí
pôr o bispo em nossa testa o óleo santo,Asé sybápe abaregûasu nhandy-karaíba nonga
"vivo na mancebia, vivo amancebado",Agûasá pupé aîkó
atraíste alguma mulher para junto de teu próximo?,Ereîmonharõpe kunhã amõ nde rapixara pyri?
saiu vivendo após o enterrarem,"Osem oîkobébo, o tym-y roîré"
ele certamente comete pecado com tua mulher,I angaîpab rakó nde remirekó resé
"oh, eu sou assassino, causa do temor aos pecados, mesmo dos reis","Té! Morapitîara ixé, angaîpaba sykyîeba, morubixaba îepé"
faço-os ser ladrões de cauim,Aîonong ka'umondá
"muito longe, fora ou ao revés do que é",aroane'ỹngatu
"tem muito cauim, por acaso, meu avô jaguaruna?",I kaûĩgûasu-pipó xe ramûĩa Îagûaruna?
"amo-a, por ela tendo cuidado","Asaûsu, sesé gûinhemoryryîa"
mulher corajosa,kunhã-pyatã
com tua realeza temível,nde reîabaîté pupé
todos os lugares preenche,Opakatu mamõ mopori
"para cima mandou pregar suas pernas e, para baixo, sua cabeça","Ybaté koty ogûetymã moîarukari, 'yba koty o akanga"
"o que não honra a deus, seu verdadeiro criador",Tupã o monhangareté moetesare'yma
cuspi-o,Anhomun
o que está no pote,kamusi pora
nado,A'ytab
estejamos pondo armadilhas,T'îaîekotyrung îaîupa
"assim como a nós, deus vê as minúcias de todas as coisas","Îandé îá, Tupã opakatu mba'e rasapy-epîaki"
"a que ingere uma poção, querendo matar seu feto",O puru'a îuká potá mosanga o'uba'e
ficando a chacotear as pessoas,oporokurá-kurapa
virá novamente jesus cristo do céu?,Our-y bépe irã Jesus Cristo ybaka suíne?
ossada,mba'e-kangûera
para cima suas pernas mandou pregar,Ybaté koty ogûetymã moîarukari
"vem no dia de nossa terra, para visitá-la","Eîori oré retama 'ara rupi nhẽ, i xupa"
"embora me interessasse por elas, junto àquelas não cheguei","Anhangerekó îepé, aîpó supé n'abasemi"
caí,Agûyapy
não tenho vida direita,N'akakuabi
"mas eu, amando minh'alma, fico quieto em minha terra","Xe-te, xe 'anga raûsupa, aby'arĩ xe retãme"
e preocupai-vos hoje em dia com as futuras penas de vosso agir assim?,A'epe emonã pe rekopûera repyrama resé koyr-y bé penhemosako'i
rastro da cobra,mboîa kuapagûera
já te ungi com o óleo bento,Oropixyb umã îandy-karaíba pupé
"vinde, para vos voltar para deus, levando-o convosco em vossos corações","Peîori, pebaka Tupã koty, pe py'a pupé serupa"
entristeci-me,Anhemoingotebẽ
guardai-vos de serdes maus doravante,Peteumẽ pe poxyramo angiré
aqui está teu danador,Oîkobé nde arûara é
"tiveste relações sexuais com alguma mulher através das suas veredas na mata, como tua prostituta?",Ereîkópe kunhã amõ resé i ka'asaba rupi nhẽ nde sugûaraîyramo?
estou quieto,Ainĩ
nosso inimigo vencendo para sempre,Oré sumarã reîtyka memẽ
ficaste suspeitando sem motivo de tua esposa por causa de alguém?,Ereîmondá-mondá tenhẽpe nde remirekó abá resé?
por que libertas aquele por quem nos cansamos?,Marãpe ereîpysyrõ oré kane'õagûera?
as moças habitantes das aldeias,kunhãmuku taba pora
"nas minhas mãos, somente, levei-as",Xe pópe nhote arasó
todos os meus pêlos se arrepiaram,Opá xe raba bybyri
armei os laços,Aîusã-moín
bem em frente do mar,paranã robaîkatu
essas não conhecem o pecado,Eboinga tekoaíba nd'oîkuabi
"são muitas, com efeito, as grandes igaçabas",Setá nhẽ ygasabusu
que os comam os que ficaram em nossas casas,T'o'u îandé roŷpyrûera
"passaste à frente de tudo, nosso inimigo vencendo para sempre","Opá ereîopûã, oré sumarã reîtyka memẽ"
"transgridem muito a palavra de deus os que se casam, sendo traidores um do outro?",Oîabyetépe omendaryba'e Tupã nhe'enga o îosuí omondarõmo?
minha lei é muito bela,Xe rekó i porangeté
salvador da gente,moropysyrõana
de madrugada,ka'amutumome
a gente o honra como a seu próprio pai?,Og uba îakatutenhẽpe asé i moetéû?
ainda bem que todos vós queimareis à uma,Iîamuru opabenhẽ pekaî oîepegûarane
"na igreja, publicamente, diante de duas pessoas","-Umãmepe i poromomendari? -Tupãokype, ikatupe nhẽ, mokõî abá robaké -Onde ele casa as pessoas?"
meu coração ficando a revirar,Xe py'a pobu-pobu
mas meu fogo apagou-se,Xe ratá-te ogûé!
pelei-lhe a testa,Asobabo'o
matador de nossa alma,Îandé 'anga îukasara
trouxe-o conforme minhas forças,Xe îaîbeĩé ixé seruri
"descendo com seus choros, indo com seus gritos nem por isso eles acabarão","O îase'o rerogûeîypa, ogûasẽ-gûasema rerasóbo Ndaeroîaî xûé i pabine"
matamo-nos um ao outro,Oroîoîuká
"assim tratado, certamente fica bem, satisfazendo-se com o que o distingue","Emonã serekopyra, rakó opytá-katu, o apysykamo o moingoeara ri"
somente quando bebes cauim tu queres ser valente?,Kagûápe nhõ nde ratãngatu-potá?
"por isso mesmo veio como precursor de nosso senhor, anunciando-o","Nd'e'i te'e oú Îandé Îara renotaramo, i mombegûabo"
pilei-lhe as taipas,Aîybysosok
guarda-te de me estranhares,Teumẽ xe mote'ebo
eu tenho sofrimento de sobra,Xe rosang-esemõ
"assassinaste gente após acabar a guerra, matando prisioneiros?","Ereporapitipe marana pab'iré, mbiarûera nhẽ îukábo?"
na superfície das águas os peixes estavam,Y ape'arybo pirá kûáî
"surpreendeu-me ele, vindo","Xe resapy'a ahẽ, oú"
"dentro dele está jesus cristo, em todo o seu ser e em seu espírito","I pupé Îesu Cristo rekóû, o ekó îakatu tenhẽ i 'anga abé"
"creio que ele retirou também as almas dos nossos primeiros e santos pais , que aí esperavam sua vinda",Arobîar asé rubypy-karaibetá 'angûera a'epe turama osarõba'e renosemagûera bé
eu tinha-me esquecido por causa da muita aflição,Xe resaraî tekotebẽ-eté suí!
qual é o modo verdadeiro de chamar os batizados?,Marãpe i mongaraibypyramo renõîndabeté?
"é formosa, certamente, a lua, vindo com sua grande face","Î aysó, nipó, îasy, og obagûasu reru"
creio na descida dele para o meio da terra,Arobîar yby apyterype i gûeîybagûera
ainda mais eu,Ixé-tene
eu sou leproso,Xe piryty
deixai-os estar deitados,Te'inhẽ oupa
mas esconde-me dele!,Xe mĩ-te îepé i xuí!
escondeste alguma coisa que estava na igreja?,Erenhomimype erimba'e Tupãokygûara mba'e amõ?
alegrando todas as velhas,Gûaîbĩ moesãîa mbá
três de seus discípulos,Mosapyr o boîá
"não vamos, ela nos castiga, fazendo-nos saltar no fogo","Îasó umẽ, îandé nupã, tatápe îandé mombómo"
não se arrependeram alguns de seus vitupérios?,Nd'oîmoasyîpe amõ o nhe'engaibagûera?
"o que é sem mistura, puro, de uma só espécie",oîeperemõndûara
comedor de carne humana!,Mba'e-poru!
com algum neto seu não pode ninguém se casar,O emiarirõ amõ resé nd'e'ikatuî abá omendá
"doença superficial, indisposição, doença fraca",mba'easy-aíba
"tomaste remédio, não querendo ficar grávida?",Ereposangu'upe nde puru'apotare'ymamo?
o que pede ao pajé por trabalhos,Marãtekorama resé paîé mongetasara
que ele não esteja pelas ocas a agitar nossas almas,T'oîkó umẽ oka rupi oré 'anga monguébo
aos tapuias trouxe as velhas de além de magueá,Tapuîpe gûaîbĩ aru amõ Magûeá suí
eis que sofrem muito os que deus repeliu,Sasyeté niã Tupã remipe'apûera
teus olhos misericordiosos volta em minha direção,Nde resá poraûsubara erobak ixé koty
"esse, somente, é de fato teu nome?",Aîpó nhõ-pipó nde rera?
trouxeste tua caixa?,Ererupe nde karamemûã?
eu tenho cabelo crespo,Xe akangaíb
"não sou diferente dele, pareço-me com ele",N'aîabyî
dormita no lugar onde o puseram deitado,Okerĩ o moupápe
para escutar a palavra de deus,Tupã nhe'enga rendubagûama resé
a boa crença em deus de teu coração não se desprendeu,Tupã rerobîá-katu nde py'a suí nd'o'iri
deixei esse cadáver seu,Aseîá kó se'õmbûera
"caem às vezes os frutos de suas árvores, sendo ainda flores, outras vezes caem em seu estado verde","Okuî rakó amũme 'ybarambûera o 'yba suí 'ybotyramo oîkóbo bé, amõ rakó ogûakyra pupé i kuî"
"vamos, conversemos com os que nos procuram",Ne'ĩ t'îamongetá îandé rekasara ri
tinjo as pernas,Aîpitupuku
apanho caranguejos,Ausá-'ok
reparti-os pela metade,Oîopytera rupi aîmoîa'ok
afirmamos que isso é o que deve ser festejado,Îaîmombe'u aîpó i momorangymbyra
"igualmente a morte está entre os moços e entre os velhos, não longe, mas nem por isso deixa de chegar às outras pessoas","Oîoîá te'õ rekóû kunumĩgûasu suí tuîba'e suí bé, napûeî, ndaroîaî amõ abá mopanemi"
pecado que assassina as pessoas,Tekoangaîpaba oporapitiba'e
eu sou pequeno,Xe risi'ĩ
"roga a deus por nós, os que somos pecadores",Etupãmongetá oré i angaîpaba'e resé
sobram-te galinhas e porcos,"Nde resemõ arinhama, taîasu"
"que entres em meu coração, guardando meu interior","Xe nhy'ãme t'ereîké, xe py'a moingatûabo"
meu senhor é que me mandou fazê-lo,Xe îara é xe pûaî sesé
"sequei muito, sequei duramente",Atining-atã
eu tenho papo,Xe rendybagûyaî
"eis que o ajunto há dias, na verdade",Kûeîsé bé nakó aîrumõ
fiquei a penitenciar-me longamente,Kype anhenupã-nupã
ficaram todos gritando com ele,Oposẽ-posẽ pabenhẽ sesé
"com uma lança de ferro espetou seu flanco, estourando suas entranhas","Itamina pupé iî yké kutuki, i nhy'ã moboka"
que chegue logo ao lugar em que o matarão,T'obasem esapy'a o îukaûãme
"tomaste veneno, querendo abortar teu filho?",Eremosangu'upe nde membyra akyrara potá?
poucas vezes,amõamõme é
fio embotado,aembé-koroîa
eu sou leproso,Xe piraíb
folha tenra,sokyra
eu não sou afável,Na xe posykyîéî
que me faça viver longamente,Ta xe moingobé-puku
"tempo, lugar, modo, etc de estar em pé",ambaba
tirei faísca dele,Aîmoendyîab
todos eles voltaram-se para trás,Opá i îeakypûereroîebyri
acaso deus tem vista aguda para me ver?,Sesapysó a'upe é Tupã xe repîaka?
em seu ventre deus tomou seu próprio corpo,Sygépe o eterama Tupã tari
os reis inimigos de deus,Tupã sumarã reîa
ajudando-os sempre,I pytybõmo îepi
de que parte?,mamõ-ngoty suí?
calei minhas palavras,Aîopyk xe nhe'enga
foste à roça no domingo ou em algum dia de guarda?,Erekopîasópe domingo koîpó 'areté amõ pupé?
ele é medianamente grande,Turusu nhote
"meus companheiros, hei de ver o feriado santo","Xe rapixarĩ pabẽ, 'areté-angaturama t'asepîáne!"
"iam mulheres, discípulas dele, pranteando-o",Osó kunhã semimbo'e-etá sapirõmo
estou acordando,Apak gûitupa
a graça que ele dá não acaba,Graça semime'enga n'opabi
não porque não me ama,Na xe raûsube'ỹmbeî
o sol se eclipsa,Kûarasy onhemoputun
cortei a fila deles,Asysy-mondok
a morte estava dentro deles como sua pena,Sepyramo é anhẽ te'õ rekóû i pupé
"eu sou de voz alta, eu levanto a voz",Xe nhe'engapûan
"quem mais não o transgride, não jejuando?",-Abá abépe nd'oîabyî oîekuakube'yma?
fiz-lhe dentes,Asãîngá
abusaste de alguma criança no seu sono?,Ereîapyaípe pitanga amõ i kerype?
desembarcando seu senhor na própria cachoeira,O îara opeá ytupe é
quando ele diz algo acerca do bem proceder de nossa alma,asé 'anga tekokaturama resé marã i 'ereme
estando nós no amor de deus,Tupã îoaûsuba pupé îaîkóbo
anuncia os que serão casados,Ogûeronhe'eng i mendarypyrama
eu tenho olhos zarcos,Xe resá-îub
"ela tem pecados variadíssimos, estando a tremer","Î angaîpá-pará-pará, oîemoryry-ryryîa"
eu estou de luto,Xe anhangyar
"cotidianamente, a cada dia",ara îabi'õ
arrependendo-te fracamente de teus atos passados,nde rekopûera moasy-bebuîa
"eia, amai a jesus, a verdade!","Îesu, mba'eeté, pe'ĩ, pesaûsu!"
eu tenho a mão parcialmente descoberta,Xe robá-seb - Eu tenho o rosto parcialmente descoberto Xe pó-seb
marca antiga de facada,itá-kysé-porûera
nós somos poucos,Oré retapokang
os habitantes da aldeia tenho-os bem em minhas mãos,Tapiîara xe pópe arekó-katu
estão sempre cheias as igaçabas,Tynysẽ memẽ ygasaba
não deixam de ser presas de nossas mãos os que se confessam,N'opyki nhemombegûara îandé pó suí sembiara
eu arquejo,Xe ukûakûar
"brigarão, cuspirão um no outro?","Omarãmonhangype, oîoendyne?"
rarissimamente,marangatuabé é
"detestando-os muito, tratai-los muito mal","I amotare'ym-etébo, perekó-aí-aí"
fui defecar,Ka'ape asó
o que me guarda é o habitante do céu,Xe rarõana ybakygûara
sou inimigo das pessoas,Morobaîaramo aîkó
"dentro dela gerando-se, deus fez-se pequeno","I pupé onhemonhanga, onhemomirĩ Tupã"
"piscaste para alguma, também?",Eresapumimype amõ supéno?
"ficaste impotente diante de tua esposa, detestando-a?","Erenhemote'õ'ape nde remirekó supé, i amotare'yma nhẽ?"
como se eu fosse,Xe só îasûaramo n'aé
eis que ele é mau!,E'i tieté ahẽ maniîabo niã!
não havia nenhuma pessoa que se compadecesse dele?,Nd'oîkóîpe abá amõ i poreaûsuberekosaramo?
os habitantes do céu afligiram-se,Ybakygûara onhemoputupab
"entrando em tua casa, visitando-te imediatamente","Nde rokype oîkébo, nde supa aûnhenhẽ"
agi ordenadamente,Peîkó-aturõ
seguindo o rastro das mulheres,Kunhã rakypûemondóbo
desviei-me,Apîá
o que manda um falso pajé sugar outra pessoa,Paîé-a'uba supé amõ abá oîxuban-ukaryba'e
fecundei-a,Aîmenõ
"perdoa-lhes, ó meu pai!","Nde nhyrõ i xupé, xe rub-y gûy !"
dá-me ânsia de vômito minha comida,Xe mbouk xe remi'u
resisti-lhe,Anheran sesé
var de peneira,urupẽ-mby'i
não o mates tu sozinho,Nde nhõ umẽ eîuká
como modo de fazer voltar em si a virtude,Tekokatu reroîebysabamo
hei de irritar os malditos,"""Aîrarõpe muru ká"
"filho verdadeiro de deus é, de fato, esse homem",Tupã ra'yreté anhẽ ikó abá
remédio portador de cura,mosanga mûeîrabyîara
é usual os bons homens tratarem bem as pessoas,Sekoab apŷabangaturama i porerekó-katu
que se alegre esta vossa terra,Ta sesãî kó pe retama
vou como preparador,Asó morenotaramo
muitas coisas miúdas,mirĩ-mirĩ
"é terrível o senhor jesus, fazendo tremer nosso inimigo","I abaeté pa'i Îesu, îandé sumarã mondyîa"
aqui estou para levar seu ventre e também seus pulmões para minha sogra velha,Kó aîkó sygepûera t'arasó i nhy'ãbebuîa abé xe raîxó-gûaîbĩ supé
"aimbirê, levemos os malditos logo, para alegrar os que ficaram em nossas casas","Aîmbiré, îarasó muru taûîé, îandé roŷpyra moesãîa"
enfim eu vou,Rumby gûixóbo
não pode com ela casar-se enquanto a mantiver em esconderijo,Nd'e'ikatuî sesé omendá mimbápe serekó pukuî
eis que agora eu hei de perecer!,Akanhem kó ixé re'a
"na verdade hei de me enfeitar, pintando-me de preto",Aûîeté-pakó aîegûak ûinhemoúna
eu tenho um buraco grande,Xe kûarusu
nasceu para nós hoje,- O'a îandébo kori
embelezou-te grandemente,Ndaeté nde momorangi
confio muito em mim mesmo,Aîerobîá-katu xe îoesé
"e mentindo aquele que invoca sua própria alma, a alma de alguém ou também algum santo que está no céu, que acontece?","O'anga koîpó abá 'anga koîpó santo amõ ybakype tekoara renõîndara abé o îuraragûaîamo nhẽ, marãpe?"
"para cá vem, trazendo farpas junto com o arco","Ké turi, arupare'aka îurupara ndi seru"
antes de te esconderes,nhemim-y îanondé
"eis que somente ele tem coisas boas, em vez de mim!","Ahẽ nhõ ikó i mba'e-katu, xe suí mã!"
"quando ele mama, ela fica alegre","I kambuneme, sory"
"por causa de minha imensa formosura, deus revelar-se-á a mim","Xe aysó-matueté resé é, Tupã îepîakukari xebene"
o que nos faz estar segundo a vontade de deus,Tupã remimotara rupi asé moingosara
mas que é que procurais nesta minha terra?,Mba'e-tepe peseká kó xe retama pupé?
"quanto mais um caminhante se aflige por um caminho que não conhece, mais deseja logo ver o dia","Memeté rakó pé o eminguabe'yma rupi oguataba'e o angekotebẽnamo, korikorinhẽa'ub 'ara repîaki"
matando as criações de alguém,abá reîmbaba îukábo
"mas tu brilhas mais que ele, iluminando-nos todos com tua virtude","Nde-te ereberá i xosé, oré resapébo pá nde rekokatu pupé"
minha alma fez feder a vida pecaminosa,Xe 'anga omonem tekoangaîpaba
também por embriaguez ficando a ferirem-se uns aos outros,Sabeypora suí bé oîoapixá-pixapa
perguntou herodes sobre qualquer coisa para ele?,Oporandupe Herodes mba'e tetiruã resé i xupé?
as canoas eram muitíssimas,Ygara setá-katu
"eis que sou eu mesmo, já vos disse isso","Ixé aé ã, a'é umã n'akó peẽmo"
confundindo esta aldeia,Ikó taba apamonana
quem não reconheceria ter comido algo bom?,Abámo mba'e-katu 'uagûera n'oîkuabi xûé?
"quantas são, necessariamente, as verdadeiras esposas de um homem?",Mobype amẽ abá remirekó-eté?
"os bem-aventurados e os santos no céu, que vêem a deus, ultrapassam o número dos dias que o ano tem",Marangatuba'e santos ybakype Tupã repîakaretá osasá 'ara ro'y remierekó papasaba
"visitaste o covo de alguém, esvaziando-o?",Ereîosubype abá îeke'a i poroka?
é difícil para mim tentá-los,I abaí xébo sa'anga
eis que grandemente a aflição oprime minha alma,Naetenhẽ ã tekotebẽ xe 'anga apypyki
acende o fogo,Emoendy tatá
algodoal,amynyîu-tyba
que tenhamos estes homens contra nossos inimigos,T'irekó ikó apŷaba îandé robaîara ri
"borbotão d'água, água que brota para cima",y-bura
tirarão suas maldades deles,Oîmbo'ir i angaîpaba i xuíne
"viram somente muitas chamas, parecidas com nossas línguas","Tatá-endy-etá, asé apekũ abŷare'yma anhõ osepîak"
o próprio deus distinguiu o padre como seu substituto,Tupã é abaré oîmoîa'ok gûekobîaramo
que eu lance fora todas as armadilhas,T'aîtyk pá koty
sua remissão foi meu encargo,Sepyrama xe pûaîtaba
vai-te daqui já!,Ekûá ké suí raá!
"neste vale, lugar de choro",Ikó ybytygûaîa îasegûaba pupé
pelo caminho,pé rupi
por ocasião de meu retorno,xe atimandápe
"o fugidor, o que costuma fugir, o fujão",kanhembora
é-lhe natural a valentia,Sekoaba é kyre'ymbaba
vinde todos para festejar a jesus,"Peîó pabẽnhẽ, Îesu momoranga"
eu sou resplandecente,Xe kanugûá
hei de dar ova de peixe para ti,T'ame'ẽne pirá ruba endébo
estava já deus no ventre de santa maria?,Oín uãpe Tupã Santa Maria rygépe?
digo a verdade,Anheté a'é
asperge-se com água benta,Oîeypyî 'y-karaíba pupé
"eu estava-me, mesmo, esquecendo e não querendo omiti-lo","Xe resaraî é gûitekóbo, n'aseîá-potá ruã!"
o magro que convidei,xe remipoîangaîbara
"jogou o pagamento por seu senhor no templo, indo finalmente enforcar-se",O îara repypûera reîtyki Tupãokype aûîé osóbo oîeaîubyka
para um príncipe que tinha nome anás,Morubixaba Anás seryba'e supé
oxalá fosse verdade!,"Anhẽ temõ turi mã - Oxalá ele viesse, de fato Anheté temõ!"
"pensai que, algum dia, a morte virá para bater em vossas portas, em despreparo, surpreendendo-vos","Penheangerekó amõ 'ara pupé te'õ pe rokena motaka turagûama resé é, nhemosako'ie'yma pupé, pe pokosupa"
finjo que não o quero,N'aîpotare'ym-a'ubi
"vi, outrora, a grande batalha de gûaîxará","Asepîak, erimba'e, Gûaîxará maranusu"
trago-o no meu colo,Xe ambyî arekó
mas quem entregou os índios como coisas vossas?,"Abá-tepe erimba'e, pe mba'erama resé apŷaba me'enga'ubi?"
sei lá!,-Abá ra'yrape ûĩ?! -Sé! -Filhos de quem eram esses?!
as marcas delas,i kuapaba
atiro-a,Asa'ang
guarda-te de o levares,Teumẽ teké serasóbo nhandu ruã
fazei a deus nosso senhor perdoar a mim,Peîmonhyrõ Tupã Îandé Îara ixébo
"excitaste-o, esfregando-te no teu companheiro?",Ereîkapyrokype nde rapixarĩ resé eîekytyka?
que ela nos destrua para que vivamos contigo,"Orébe t'oré mondyki, nde irũmo t'oroîkobé"
"do rio dos paratis vim para ver a rainha, enfeitando minha cabeça","Xe parati 'y suí aîu, rainha repîaka, xe akanga moîegûaka"
"que não fique de cara feia para ele, tratando-o bem","Ta sobasy umẽ i xupé, serekokatûabo"
"viram somente muitas chamas, parecidas com as línguas da gente","Tataendy-etá, asé apekũ abŷare'yma anhõ osepîak"
usaste feitiço para que não viessem?,Mosangape ereîpuru ture'ymagûama ri?
logo depois que morrerem irão para o céu os que foram assim desse jeito?,O manõ riremẽ serã emonã nungara sóû ybakypene?
por que não queres chorar nem mesmo um pouquinho?,Marãpe nd'ereîase'o-mirĩngatutenhẽ-motari?
eu tenho amantes,Xe piraty
ali assando-os e comendo-os,"A'epe i moîypa, i gûabo"
um pouco mais para cá,kybõ-ngoty-pyryb
eis que aqui estou para quebrar tua cabeça por causa de tua arrogância,Kó aîkó nde akanga kábo nde îerobîara suí
o nó dela,i puru'ã
fá-lo sofrer o frio,Îaîmomboreaûsu ro'y
tenta-nos demais o diabo?,Asé ra'angetekatu Anhanga?
aproximei-me de guenum,Arokakar Gûenũ
botão da roupa,aoba potãîa
eu sou paciente,Xe putumuku
"ao comer junto dos seus discípulos, o pão que tomou em suas mãos devolveu-o como seu corpo","Gûemimbo'e pyri o karûápe, miapé o pópe gûemiîara i moîebyû gûetéramo"
desfiei-o,Aîorab
eu fui bom antes de ir para o céu,Xe angaturam ybakype xe só îanondé
outra coisa,mba'e-aé
"comedor deles, sobram-me sauiás, causa das caçadas","I gûara, îeporakaba, xe resemõ saûîá"
afasta o jurupari deste mundo,Eîpe'a îurupari kó 'ara suí
induziste alguém a coisas más em seus futuros atos?,Ereîmoîesuerype abá mba'eaíba ri sekorama resé?
fiz confusão,Arekorekó
"dos mandamentos de deus eu era transgressor, na verdade",Tupã tekomonhangaba i abŷaramo ra'e
vou para fazer resgates,Asó gûiporepŷana
o que é feito de barro,nha'uma suí i monhangymbyra
"leva minha alma que te ama, fazendo-a subir contigo",Xe 'anga nde raûsupara erasó seroîeupi
"trouxe muitas destas ostras, com elas querendo alimentar-te","Aruretá kó reri, i pupé nde poî-potá"
vida eterna,tekobé-apyrasye'yma
para a parte traseira dele,i 'anga koty
consentimento na transgressão da palavra de deus,Tupã nhe'engaby morybagûera
para as coisas que costuma sofrer não tendo paciência,Mba'e o emimborará-tyba supé og osange'ymamo
acreditas em falsas oferendas?,Ererobîápe îetanonga'uba?
"surpreendi-o, na verdade",Asesapy'a é nakó
que o tivesse visto!,Asepîak me'ĩmo!
abraçaste alguma mulher?,Ereîaîubãpe kunhã amõ?
não vi os de cá,N'asepîaki kybõygûara
"afastando o pecado original, o que adão lançou na gente",Tekoangaîpab-ypy moroesé Adão remitykûera pe'abo
tendo relações sexuais com mulheres diante de sua companheira,O apixara robaké kunhã resé oîkóbo
lavou-se as mãos à vista da multidão,Oîepó-eî te'yîa remiepîakamo
"haveria de morrer, na verdade, antes de se batizar",Omanõ îepémo oîemongaraíb'e'ymebé re'a
"ah, meu pai!",Xe rubĩ mã!
"vem para arrancar logo, de dentro dela, o tinhoso","Îori sekyîa taûîé, i py suí, serubu"
"assim, verdadeiramente, não cumpriste o que disseste?",Emonã-tekatuetépe nde 'eagûera nd'ereîmopori?
"nem sequer uma pequena coisa, nem um só pequeno ato das pessoas omitir-se-á, então","Mba'emirĩ tiruã, abá rekoagûerĩ oîenosem a'epene"
"quando o sol estava no alto de nossas cabeças, eu vim","Îandé 'apytera 'arybo 'ara rume, xe ruri"
o que me cabe é tomar cauim,Xe potaba kaûĩ rá
vou novamente,Asó benhẽ
"não crêem no padre, bebendo cauim ao longo da noite","Abaré nd'ogûerobîari, putuna rupi okagûabo"
eu sou o grande tupinambá,Xe tupinambagûasu
bem tardiamente,ariré é
"morrendo, chegamos ao fim",Oropab oromanõmo
homem severo,abaposykyîe'yma
em sua própria casa o desejo sensual consentindo,Og okype îopotara repîakĩamo
"que dizes, de costume, ensinando as pessoas?",Marã eré-p'amẽ eporombo'ebo?
enforquei-o,Aîubyk
o que é feito morrer,i momanõmbyra
"mas sempre, com certeza, a vossas almas querem bem, aformoseando-as","Memẽ-te nipó pe 'anga amotá, i moaysóbo"
aí são muitas as mulheres que se estão oferecendo para deus,A'epe se'yî kunhã Tupã supé onheme'engyba'e oîkóbo
suas túnicas ficando a rasgar,o aobusu mondoró-ndoroka
forquilha de madeira,ybyrá kamby
hei de viver bem como eles,Aîkó-katupe i îabé ká
acudi-o,Asopenhan
"esse santo, pela primeira vez, fez verter seu sangue",Kó santo ranhẽ ypy og ugûy mo'ẽ-ukar
"é famosa guaraparim, tendo uma igreja","Serapûan Gûaraparĩ, Tupãoka rerokupa"
bebem muito todos,Oka'ugûasu pabẽ
esfreguei-lhe a caspa,Aîpiku'i-momemûã
quem devoraremos primeiro?,Abápe îa'u raẽne?
ameaçaste alguém?,Ereîmomburupe amõ?
remo a canoa,Aygá-pukuî
"eis aqui meus chifrões, meus dentes","Kó xe 'akusu, xe ranha"
"embora tão somente uma vez uns anjos tenham transgredido a palavra de deus, por causa disso, somente, deus os fez ser diabos","Oîepé nhõngatu erimba'e karaibebé Tupã nhe'enga abyû biã, sesé nhõ Tupã i moingóû Anhangamo"
é mesmo verdade,Supi é
três pessoas vieram,Mosapyr abá our
lembrai-vos da morte,Penhemoma'enduar te'õ resé
var de peneira,urupemusu
fico andando à toa,Agûatá-gûatá-tenhẽ
dei um tombo,Ayapyĩ
pode alguém beber cauim?,E'ikatupe abá okagûabo?
que dê hoje a nós seu filho muito belo,T'oîme'eng kori îandébo o memby-porangeté
"tu, em teus braços, jesus ergueste para alimentá-lo um pouco em teu seio","Endé, nde îybápe, Îesu eresupi i poîa-mirĩ nde kama pupé"
o que se deseja matar,i îuká-potarypyra
trouxe-as para a rainha,Arurĩ reîa supé
o que irá para o céu,ybakype soarama
"vem, espantando o diabo, para não nos vencer","Îori, anhanga mondyîa, oré moaûîé suí!"
foram de novo alguns soldados para quebrar as pernas daqueles dois ladrões,Osó bé amõ maranaritekoara a'e mokõî mondabora retymã mopena
que trouxeste dentro de tua caixa?,Mba'epe ererur nde karamemûã pupé?
todos os bens de meus avós joguei fora,Opá xe ramỹîa ma'epûera aîtyk
nesta semana,kó semana pupé
como seus atos passados serão a causa de vós o derrubardes?,Marãpe sekoagûera peẽ i mbo'aragûama?
pus entradas no rosto dele,Asobagûá-moín
no ventre de uma moça gerando-se como uma criança,Kunhãmuku rygépe pitangamo onhemonhanga
"viram os anjos a deus, seu criador, quando ele começou a criá-los?",Osepîápe karaibebé Tupã o monhangara o monhang-ypyreme?
vendo os pagãos a virtude dos cristãos,Cristãos rekokatu repîaka é ipó imongaraibypyre'yma
não vieram alguns anjos do céu?,Nd'ouripe karaibebé amõ ybaka suí?
"ao passar a quarta-feira das cinzas sagradas, o grande jejum chamado quaresma começa","Quarta-feira tanimbu-karaíba rasápe, îekuakupabusu Quaresma 'îaba nheypyrungi"
eu tenho um buraco oco,Xe kûarybỹî
eu estou bento,I mongaraibypyra ixé
saída de gente,morosema
vem para arrancá-lo logo do interior dela,Îori sekyîa taûîé i py suí
mas que vá pero,Pero-te t'osó
os que se fizeram matar por causa de deus,Tupã resé oîeîuká-ukaba'epûera
"da morte tentando inutilmente livrar-se, amedrontando-se, enfim","Te'õ suí o nhepysyrõ ra'angyîepébo, opiringamo ko'yté"
fedor de boca,îurunema
o que socorre gente,morepenhandara
apoiamo-nos em ti,Oroîekok nde resé
"tua alma elimina a posse do céu com coisas fétidas e más, borrando-a por causa delas","Nde 'anga ybaka rerekoarambûera mba'enẽ-memûã pupé oîmomemûã, sesé i monana"
"tu, talvez para retribuir, atiras nele sempre as carícias desonestas",Nde serã i poepyka îomomorangaíba ereîapi ko'arapukuî
"que fez antes de morrer, estando pronto?",Marãpe erimba'e sekóû o e'õ îanondé o ekoaûîéramo?
verto o sangue dele,Asugûy-mo'ẽ
"logo, então, a cruz ergueram, fincando-a?",A'eîbépe ybŷá cruz mo'ami i atykábo?
os que querem casar-se,omendá-potaryba'e
"nosso espião vá primeiro, à frente de nós",Îandé manhana ranhẽ t'osó îandé renondé
sucedeu-me uma tormenta,O'ar 'yaíba ixébo
comida dos anjos,apŷabebé remi'u
"não que alguém se compadecerá deles, não que alguém vá libertá-los","Na abá o aûsubar-y îanondé ruã, na abá o pysyrõ îanondé ruãne"
"eis meus chifrões, meus dentes","Kó xe 'akusu, xe ranha"
"guardai-vos de inventar impedimentos ao casamento, contando o que não é verdade",Peteumẽ mendara moarupaba mo'anga'upa supindûare'yma mombegûabo
tendo-os no pescoço,O aîuri serekóbo
"assim como a gente reconhece o dia dos santos, do mesmo modo, também, até mesmo seus ossinhos a gente cultua, tendo-os no pescoço","Oîabo asé santos 'ara kuabi, oîabo bé asé i kangûerĩ tiruã momba'etéû, o aîuri serekóbo"
com o bafo de sua boca sopra-nos o rosto,O îuru timbora pupé asé robá peîuû
remédio portador de cura,mosanga mûeîrab-yîara
"enfim, os moços escondem seus muito maus procedimentos","Aûîé, kunumĩgûasu o ekó-aíbeté oîomim"
"vagem seca, pronta para ser colhida",topé-tininga
que estejamos perto de ti,T'oroîkó nde ypype nhẽ
vamos um pouco mais ao longo da costa,Ybyri-pyryb t'îasó
apodreci,Atuîuk
será que a noite toda ages para fazer sumir as galinhas?,Pysaré serã ereîkó arinhama mokanhema?
vida longa de minha alma,xe 'anga rekó-puku
ele tomou os traços dos olhos de seu pai,Og uba resá ahẽ ogûar
que morra!,T'omanõ!
mudei minhas palavras,Asekoabok xe nhe'enga
a força vital das frutas aqui está,Ybá seté kó sekóû
"cepo, o toco da árvore que foi cortada",ybyrá-ypypûera
não porque eu fui veio ele,Na ixé sóreme ruã turi
"de uma só parte, de um só lado",amongoty nhõ
"ó meu filhinho, lembra-te de que os que pereceram são objeto de esquecimento","Xe ra'yrĩ gûé, tesaraîtabamo okanhemba'epûera rekó resé nde ma'enduar"
pus-lhe enfeites no rosto,Asobá-posanong
bem que o chamei,Îepé asenõî
e os rapazes que perseguem mulheres?,A'epe kunumĩgûasu kunhã oîmomosemba'e?
por isso mesmo ficava caindo com ela por causa do seu peso,Nd'e'i te'e sero'a-ro'a i posyîa suí
firmei-o comigo,Aroten
fibras esvoaçantes,pó-bebé
fiz gaiola para eles,Asokaîmonhang
"tu, talvez para retribuir, atiras nele, o dia todo, a prostituição",Nde serã i poepyka sugûaraîy ereîapi ko'arapukuî
pensa em vir para vos espantar,Oú-mo'ang pe mondyîa
"os moços, os homens, as moças, a todos bem os tenho em minhas mãos como meus súditos","Kunumĩgûasu, apŷaba, kunhãmuku, xe boîáramo pabẽ xe pópe arekó-katu"
o que cria mentiras por causa de alguém,Abá resé mo'ema oîmonhangyba'e
animal quadrúpede que não se come,so'o-aíba
"que sejamos corajosos, sim, suportando as coisas dolorosas como tu","T'oré pyatã, angá, mba'easy porarábo nde îá"
transformo o ferro em anzol,Aîmonhang itá pindáramo
"em tuas mãos sentando-se, vai o menino, consolando-te","Nde pópe ogûapyka, osó kunumĩ nde moapysyka"
"tataurana, traze aqui tua muçurana!","Tataûrana, eru ké nde musurana!"
recebemo-nos uns aos outros,Oroîopopysyk
"excitaste teu órgão sexual, lembrando-te de mulheres?","Ereîmoanĩpe nde remimborará, kunhã resé nde ma'enduaramo?"
levei as tuas coisas entre as minhas coisas,Arasó nde mba'e xe mba'e pupé
"portanto, tomou este dia como tempo de honrá-los em conjunto",Emonãnamo kó 'ara rari oîepegûasu i moetesabamo
"a dança é que é boa, enfeitar-se, tingir-se as pernas com urucu","Moraseîa é i katu, îegûaka, îetymã-gûanga"
"há de se me deparar algum, primeiro",T'oîesub amõ ixébo ranhẽ
"ah, eu haveria de queimar verdadeiramente no fogo do diabo!",Ixé tekatu-eté'ĩ ra'u anhanga ratápe akaîmo mã!
"ao longo do dia, todo o dia",ara pukuî
fiz todos os jejuns,Aîá pá îekuakuba
manda pregá-lo na cruz,Eîmoîar-ukar ybyraîoasaba resé
"verdadeiramente, eis aqui teu caminho, o que tu procuras","Anheté, kó nde rapé, a'e nde remiekara"
eu sou muito barulhento,Xe pugûasu
deve ter ido,Osó ipó re'ĩ
"nós assomamos em grande número, nós éramos muitos",Oré akoroí
eu fiz confusão,Xe apererá
aldrava da porta,okena potãîa
que mau é ele!,Tieté maniîabo a'e!
"o que tem corpo, o que é corpóreo",seteba'e
segui adiante,Akûabĩ tenondé
"portanto, nós rezamos aos santos?",Emonãnamope asé îeruréû santos-etá supé?
"passei, somente",Akûab îõte
dizem que irá,Osó ra'ene
desviei-o comigo,Aropîá
tu te alegraste por alguém cometer furto delas?,Nde rorype sesé abá mondarõagûera resé?
sobre a pedra,itá sosé
rapo-lhe a cabeça,Aî'apin
"insultam-se as velhas, odeiam-se","Oîoa'o-a'o gûaîbĩ, oîoamotare'ỹ"
bem nesse momento perdoou a pilatos,A'eîbé Pilatos supé oîerekûabamo
querendo fazer passar as flechas,U'uba mongûá-potá
envergonha-te de ti mesmo,Etĩ nde îosuí
que queres?,Ma'epe ereîpotar?
açoito gente frequentemente,Xe poronupã îaby
vou ao caminho das pessoas,Asó morapépe
ajo mal,Marani aîkó
eu sou mal-encarado,Xe resakûarasy
os homens reconheceram-no como deus verdadeiro?,Abá Tupãetéramo sekokuabi?
sou novato nisto,ikó ramõ - ser novato - Aîkó ramõ anga resé
"embora vos tivésseis esforçado, estivestes deitados só pouco tempo junto a mim, não dormindo","Pesa'ang îepé peuî korite'ĩ nhõte xe pyri, pekere'yma"
"embora seja vinho, tão logo pronuncie o padre as palavras de nosso senhor jesus cristo, é seu sangue, na verdade","Kaûĩ biãaûîé, Îandé Îara Îesu Cristo nhe'engûera abaré sa'angireme, sugûyramo nhẽ sekóû"
"por isso mesmo os moços entram sempre no lugar de beber cauim, ali atacando as moças","Nd'e'i te'e kunumĩgûasu oîkébo memẽ kagûápe, a'epe kunhãmuku repenhana"
todos e quaisquer homens que morreram com o amor a cristo,Pabẽ abá tetiruã Cristo raûsuba bé ogûeromanõba'epûera
os ferros em mim estão presos,Itá xe resé seni
eu ronco muito,Xe kerambugûasu
e finalmente?,Tépe?
lua cheia,îasy-obagûasu
"eis aqui meu arco, eis aqui as farpas","Kobé xe îurupara, kobé arupare'aka"
imediatamente vais para teu terreiro para cantar,Aûnhenhẽ eresó nde rokápe enhe'engá
"vou à guerra, vou como guerreiro",Asó gûarinĩramo
"tocaste nas partes erógenas de uma mulher, atraindo-te por ela?",Erepokokype kunhã rapupé resé sesé enhemomotá?
"os que não acreditavam nele trabalharam em conjunto, ficando a flechá-lo",Serobîasare'yma potyrõû iî ybõîybõmo
obedeço às palavras dele,Aînhe'engapîar
eis que tu mesma me denunciaste,Nde é ã xe kuauká îepé
"como vês, eu sou muito forte, um diabo que domina as guerras","Irõ, xe ratãngatu, anhanga maranyîara"
"há um padrinho meu, velho pervertedor dos tupis","Oîkobé xe rubangaba, tupi moangaîpaparûera"
olha bem para nós!,Ema'ẽngatu oré ri!
procuramos jesus nazareno,Iesu Nazareno orosekar
"preocupam-se conosco, de costume, os nossos padrinhos?",Onhemosaînãpe amẽ asé rerokara asé resé?
"eia, hei de ir contigo!",Ne'ĩ t'asó nde irũmo!
"não faz efeito, às vezes, nosso remédio, fazendo avivar mais a doença","Sarûab amõme asé posangygûaba, mara'ara moîerobu-bé-uká"
todos os impedimentos do casamento já mencionei,Opá mendara moarûapaba aîmombe'u ymã
ele dentro dela está ocultamente,A'e i pupé sekó-nhemimi
sua orelha arrancada,i nambi-mondokypyra
tive a segunda menstruação,Aîeporero'ypok
meu escravo,xe remiaûsuba
sujeira do menino,kunumĩ a'uba
cunha de fender lenha,îepe'a-mobokaba
"o que paga, o que resgata",osepyme'engyba'e
eu tenho mestre,Xe porombo'esar
não quero que os índios deixem isso,N'aîpotari abá seîara
que faz o comungante para fazer deus ficar consigo?,Marãpe Tupã rasara rekóû o îoesé Tupã mombytábo?
comichão da pele,mbiremonã
eis que aí pertinho vem,Ebokûeté'ĩ turi
faço pedro ser padre,Aîmoabaré Pedro
"após passar seu parto, santa maria levou seu filho jesus ao templo","O membyrara kûab'iré, Santa Maria o membyra Îesus rerasóû Tupãokype"
vereis também futuramente minha vinda sobre as nuvens,Pesepîak irã ybytinga 'arybo xe rura béne
peido,Apynõ
levou sua filha maria quando se completaram três anos,O membyra Maria rerasóû mosapyr ro'y sykeme
"qual é a causa de nossa alegria, então?",Mba'epe asé moesãîndaba a'ereme?
"ah, quem me dera esconder alguma coisa do fulano!",Anhomim temõ ahẽ mba'e amõ mã!
completamente ele me revistou,Opá ahẽ xe subi
"eia, enforca-os logo!","Ne'ĩ, taûîé i aîubyka!"
somente o domingo que está no meio dela,Domingo anhõ i pytera rupi okûaba'e
"vinde, levai os malditos, erguendo-os, para sapecá-los em nosso fogo","Peîori, perasó muru, supi, îandé ratápe sapeka"
"os bem-aventurados e os santos no céu, que vêem a deus, ultrapassam o número dos dias que o ano tem","Marangatuba'e, Santos, ybakype Tupã repîakaretá, osasá 'ara ro'y remierekó papasaba"
"saco, teia ou teagem dos miolos",aputu'ũ-aoba
de que lugar?,manõîa suípe?
perdoa tu nossas maldades,Nde nhyrõ oré angaîpaba resé
"por acaso estava o maldito com a cintura fendida, balançando?",I ku'a-bok serã moxy oatimunga?
estou atrás dele,Sakypûeri aîkó
ao longo dos dias,ara rupi
o que está doente,i mara'aryba'e
parei,Apytá
que me livre deus das lembranças ruins,Ta xe pysyrõ Tupã ma'enduasabaíba suí
por que razão eu o levaria?,Marãmope xe serasóû?
espremi mandioca,Amiamĩ
que espécie de mulher é santa maria?,Marãba'e kunhãpe Santa Maria?
fiquei-o oprimindo,Aîopyîopyk
contas o nome de alguém quando te confessa o padre?,Ereîmombe'upe abá rera abaré nde monhemombegûápe?
"o que faz regozijar-se, o que agrada, o que consola, o ajudador",moîekosupara
invocaram falsos ditos contra ele,Marã'etenhẽa osekyî i xupé
meu paizinho,xe rubĩ
corpo morto,Teté-kanhema
envaideço-me sem motivo,Anhemoeté-a'ub
uma púrpura colocando nele,Amõ aopyranga mondepa sesé
que não me atraia a lei antiga de meus avós,Ta xe momotar umẽ xe ramỹîa rekopûera
fazendo alguém ser seu alcoviteiro,O manhanamo abá moingóbo
que se arranquem de mim meus olhos concupiscentes,T'oîe'ok ixé suí xe resá-poropotara
abraçando a cintura de teu companheiro,Nde rapixara ku'a îubana
o que conta o que não sabe bem,O eminguá-katue'yma oîmombe'uba'e
mas não foi nosso pai que fez nosso corpo?,N'asé ruba ruã-tepe asé reté oîmonhang?
"é visto, com efeito, que ela conserva a incorruptibilidade dos cadáveres daqueles",Sepîakypyra niã aîpoba'e re'ombûera o marane'yma rerekó
ficará injuriando seu marido por ele assim proceder?,Oîa'o-îa'ope o mena emonã sekó reséne?
"ah, quem me dera o tivesse matado!",Aîuká me'ĩ mã!
eu vos mato,Ixé opoîuká
eu estou lacrimejando,Xe resa'y-sa'y
acariciaste tua namorada com quem brincaste desonestamente?,Ereîmomorangype nde kunhã'yba nde i moîaruagûera?
essa é uma cidade?,Tabusupe ûĩ?
tragamo-lo!,Îaru!
o que trabalha no domingo,Domingo pupé oporabykyba'e
"mirra, poção de polpa","mirra, mosanga to'o suí"
arreganhei os dentes,Xe rãîbitir
-por isso nós rezamos aos santos? por isso,-Emonãnamope asé îeruréû santos-etá supé? -Emonãnamo
"vamos dar uma volta, primeiro",Îaîebyîeby ranhẽ
a sela dele,sendaba
no terceiro dia,Ara nhemomosapyra pupé
pintura dele,i kûatiara
bem feito que adoeceu!,Iîá omba'easyramo!
fizeram feridas por seu corpo todo?,Seté îakatupe ybŷá i moperé-perebi?
"então, nesse tempo",a'e remengatutenhẽ
a borboleta tornou-se pássaro,Panama onhemogûyrá
dizendo palavras más acerca de coisas nojentas,Mba'e-poxy koty onhe'engaíbamo
eu estou caindo de sono,Xe kerá-kerar
para a coutada do rei ele foi para cortar madeira,Morubixaba ybyragûype ahẽ sóû ybyrá-'apa
"o ouro era o meio de anunciar que ele era um príncipe, um rei","Itaîuba morubixaba, Reiamo sekó mombegûaba"
"não perdoam, não são afáveis","N'i nhyrõî, n'i îerekûabi"
no fundo da água,y pype
"seu sangue era muito, na terra escorrendo, dentro do horto","Sugûy turusu, ybype osyryka, mityma pupé"
não desiste nosso inimigo de sempre nos tentar,N'i apori oré sumarã îepi nhẽ oré ra'anga
trazendo um pouco de linha,Inimbó'i amõ reru
"enfim, o filho de deus nos julgará",Rumby Tupã Ta'yra îandé rekomonhangane
deitando às pressas o capim,Kapi'i anhẽ rerupa
eu sou muito falante,Xe nhe'engetekatu
"raiz fedorenta, saporema, doença que ataca as plantas",sapó-rema
vida longa de minha alma,Xe 'anga rekó-puku
pano de algodão,amynyîu-aoba
arraia pitoca,Îabebyrasyka
chamusquei o casco dela,Aîapé-ereb
tosta alguma farinha,Esapek u'i amõ
diz-se que vou,Asó ra'e
"mudaste, por acaso?",Ereîakasó-piang?
adiantei-me,Akûabĩ
"se o que tem relações sexuais com uma solteira ou por ela se atrai transgride muito a palavra de deus, tanto mais o que perverte uma casada ou o que se atrai por ela","Mene'yma resé oîkoba'e abiã koîpó sesé onhemomotaryba'e oîabyeté Tupã nhe'enga, memetipó mendara momoxysara koîpó sesé nhemomotasara"
quantos são os que recebem compaixão?,Mbobype saûsubarypyra?
"esta agia assim, longe de ti",Emonã rakó sekóû nde suí
"escondo-me bem, estando deitado aqui",Aîemĩngatu kó gûitupa
jazo de costas,Oatukupepyterybo aîub
como se fosse aquele que não morrerá,Akó omanõba'erame'yma berame'ĩ
para o desaparecimento dos vestígios da maldade de nossa alma,Asé 'anga suí asé angaîpaba rakypûera kanhemagûama resé
ralando-o,Seébo
pranteando o que o visita,O supara rapirõmo
eu sou terrível,Xe taŷgaíb
a senhora desta aldeia compadece-se grandemente das pessoas,Kó tabyîara ndaeté i poraûsubari
não queiras que te lance no inferno para se vingar de ti,Eîpotar umẽ nde resé o îepykápe anhanga ratápe nde reîtyka
"a chuva ficava amanhecendo a cair, enchendo o mar","Oky-ko'ẽ-ko'ẽ amana, paranã mopungábo"
ele mesmo certamente me guarda,A'e aé ipó xe rerekó
"que coisas, pois, hoje eu fiz?",Marã-marã-pakó îeí xe rekóû?
o que é moído,i mongu'ipyra
homem luxurioso,abá-poropotara
"despiram-no, amarrando-lhe as mãos numa coluna de pedra, fazendo-o estar de pé","Oîaobok, itá okytá resé i popûá i mo'ama"
princípio da compaixão,Moroaûsubara 'yba
ela fez seu marido comer o fruto de modo vil,A'e o mena supé 'ybá-'u-ukar-a'ubi
"nós, ao contrário, havemos de ir ao encontro da nossa pátria","Îandé-te, îandé retama t'ixepenhan"
"tomaste remédio, não querendo ficar grávida?",Ereposangu'upe nde puru'a-potare'ymamo?
ainda é muito cedo para isso,Nd'e'i-angáî
fui na direção do meio das águas,Y-pytera koty asó
"suas próprias coisas, na verdade, a gente ama em seu coração","O mba'e, nipó, asé o py'a pupé saûsubi"
"o cauim transbordante nas igaçabas, depois disso, os atrai","Ygasápe kaûĩ-tuîa, a'e ré, îamomotá"
"que sejais futuramente os que terão a verdadeira felicidade na nossa terra desejada, no céu","Ta peîkó irã mba'ekatueté rerekoaramo îandé retãpotasápe, ybakype"
durmo amiúde,Aker-akerĩ
"diabo mau, assassino","anhangaíba, morapitîara"
fazer feder esta aldeia com o desejo sensual,Kó taba monema moropotara pupé
mas será que foi mesmo?,Osó-tepe ra'e é?
queimar-vos-ão as chamas!,Pe rapy tataendyne!
antigamente pescava bem os peixes,Akûeîme rakó pirá asekyî-marangatu
faço-as umas atrás das outras,Aîmoîoakypûé-kypûer
ao vir a lua para visitá-la,o supa îasy rureme
quase fui,Asosûé
"coisa manifesta, pública, coisa notória por ser vista",ikatupendûara
"ao comer junto de seus discípulos antes de sua morte, no dia posterior",Oîrã o e'õ îanondé o emimbo'e pyri o karûápe
eu estou com dúvida,Xe 'angetaetá
fiquei-o tocando,Aîakãî-akãî
haveis de bem recobrar o fôlego após vos cansardes,Ta pe putuẽngatuté irã pe îemokane'õ ré
e porventura na hóstia está jesus cristo?,A'e serãne hóstia pupé Îesu Cristo rekóû?
por que haveria eu de o levar?,A'emop'ixé serasó-a'ubi é?
abundar-me-á futuramente toda a felicidade desejada,Xe resemõ irã mba'ekatu-pabẽ i potarypyra
sua mãe o pôs no lugar onde estava a manjedoura deles,Semi'uru rupápe i xy i nongi
"dançaram a noite toda, fazendo feitiçarias","Oporaseî pysaré, oîemopaîeangaípa"
enfrentamo-nos,Oroîobaîar
acaso estava o maldito com a cintura fendida?,I ku'a-bok serã moxy?
"quebrador de pedras, cavouqueiro",itá kasara
santa maria é o nome dela,Santa Maria sera
que olhe para nós o neném compadecedor,T'oma'ẽ îandé resé pitangĩ-moraûsubara
"mas agora, por minha causa, dentro de uma casinha estás","A'e ko'y, xe resé, ó-mirĩ pupé ereîkó"
ferrugem do ferro,itá repoti
dói muito ao homem perceber sua morte,Sasy-eté abá supé ogûe'õnama anduba
tu me alegras muito,Xe moory-katu îepé
querendo furar os buracos das orelhas da gente,Asé apysakûá-puka potá
dei uma cambalhota,Anheatĩapyr
o anjo da guarda está perto?,Karaibebé i ko'ĩ?
"adão, nosso primeiro pai, fez-nos perder verdadeiramente, para nos queimarmos no fogo do diabo","Adão, oré rubypy, oré mokanhemeté, Anhanga ratápe nhẽ oré kaîaûama ri"
minha ausência,xe roŷpyre'yma
eu manquejo,Xe parĩ
"e os rapazes que perseguem mulheres, querendo escravas?","A'epe kunumĩgûasu kunhã oîmomosemba'e, miaûsuba potá nhẽ?"
"ajuntamento de cana-de-açúcar, canavial",u'ubae'ẽndyba
"mas a ti, sobram-te galinhas e porcos","Endé-te, nde resemõ arinhama, taîasu"
eu tenho barba ruiva,Xe rendybaá-îub
"fiz cilada contra o inimigo, matando-o",Aîkupe'ab tobaîara i îukábo
ao te trespassar o vento,ybytu nde rasapápe
orelhas caídas,nambi-xoré
"adversária da morte, senhora da vida","Te'õ rupîara nhẽ, tekobé îara"
dificultando a primeira menstruação,nhemondy'ara mo'ybatatãmo
vivendo para ir ao encontro da virtude,Tekokatu repenhandápe peîkóbo
mas seria difícil para as pessoas comer minha carne,A'e iîabaíbymo abá supé xe ro'o 'u
oponho-me a ele,Asobaîxûar
choravas sempre,Ereîase'o îepi
o namorado de tua filha,nde raîyra aba'yba
tão logo vindo ele,Oú abé
"lanço da ocara, a parte da ocara contida entre, por exemplo, duas ocas",okarapupa'ũ
mas não enfiará a gente a mão em sua boca para parti-lo?,Nd'opo'ẽî xûé-tepe asé o îuru pupé i mbo'iragûama reséne?
"é bonita esta igreja, contendo muitos enfeites!","I porang kó tupãoka, îegûakabetá rerupa!"
a descida dele,seroapy'ambaba
não querendo sua infelicidade,Sekomemûã potare'yma
erra muito o homem que se fica fazendo pajé?,I angaîpabetépe abá onhemopaîé-paîébo?
tu no paraíso para sempre estás,Endé tupãrorypápe aûîeramanhẽ ereîkó
"o que, dizendo em vão ""-eis que é assim, por deus"", não o cumpre","I pore'ymba'e ""-emonã kó Tupã resé"" o'îabo tenhẽ"
desdisse minhas palavras,Asekobîarõ xe nhe'enga
é ele o que dá o bem desses,A'e aé koba'e katu me'engara re'a
"são pedro, com seus companheiros, tomou como apóstolo a são matias, após subir deus-filho ao céu","São Matias, ybakype Tupã Ta'yra îeupir'iré, S Pedro o irũ-etá resebé tari apóstoloramo"
temo por ele,Aronheangu
"sê tu guardião de mim, sob tuas mãos colocando-me","Nde morerekoar xe ri, nde pó gûyrype xe nonga"
campo limpo,nhũ-asyma
leva-o completamente,Ererasó nhetekatunhẽpeũî
"salve rainha, nossa esperança",Salve Rainha oré îerobîasaba
eu chorei até ficar com olhos avermelhados,Xe resaapytãpytang
que te regozijes muito com a virtude,T'ereîekosubeté tekoporanga resé
bebendo cauim durante a noite,Putuna rupi okagûabo
enfeites do rosto,tobá posanga
malha de algodão grossa para a defesa na guerra,amynyîu-aó-poanama
eu tenho secura na garganta,Xe aseó-tining
os que vêm do lado em que nasce o sol,kûarasy sembaba koty suí ouryba'e
eu tenho sorte com animais,Xe mba'e-porang
canavial,takûare'ẽ-ndyba
penteio-o,Aîabyky
certamente vemos sempre as marcas de seus pés,Anhẽ serã îasepîak îepi i py-pora
"são pedro puxou a espada, cortando sua orelha",S Pedro itangapema osekyî i nambi mondoka
a gente morrerá com sua crença também?,Serobîara bépe asé ogûeromanõne?
"um rapaz, não chegando aos catorze anos, não pode casar-se com ninguém","Kunumĩgûasu catorze ro'y resé i xyke'yma, nd'e'ikatuî abá resé omendá"
ainda bem que deus me livrou do diabo!,Aûîeteramo rimba'e Tupã xe pysyrõ Anhanga suí re'a
água sem mistura,y anhẽ
apartá-lo-íamos dele precisamente depois disso?,Îaîpe'a nhẽmope i xuí a'e roîré katu?
"fica muito feliz, de fato, o homem que se defronta com a morte, encontrando o que cura",Sorybeté rakó abá tegûama porarasara moroposanongara supé ogûasema
a mim certamente é que vós procurais,Xe ipó xe rekar peîepé
arrancando suas aflições,I poraûsuboka
homem coitadinho,Abá-poreaûsubĩ
companheiro dele,i irũ → irũ
fui ao caminho dele,Asapependûar
que se abstenha ele de dizer isso,Te'itenhẽumẽ ahẽ aîpó o'îabo
irritando-se com o diabo,Anhanga pé oîemoŷrõmo
mordo-a,Anhagûãî
pus espertadura nela,Aî'atype'apá-moín
picar-me-ia o marigui,- Xe su'umo marigûi
mulher bondosa e estéril,kunhã-marangatu-membyre'yma
todas as nuvens que caem do céu cobrirão a terra,Yby opá ybytinga ybaka suí o'aryba'e i aso'iûne
esse mesmo,ebokûé aé
não se afligem por nada,N'oîkotebẽî ma'e amõ resé
a que ingere veneno,mosangygûaba gûara
"oh, que fulano este!",Te'ĩ kó ahẽ mã!
"o que rompe o sangue de uma moça, o que a desvirgina",kunhataĩ rugûy kasara
colares azuis,mo'yrobyeté
eu tenho muitos,Xe retá
limpou seu rosto com um pano branco,Osobá-syb aó-tinga pupé
apenas não me faz morrer,Sa'ĩ na xe momanõî!
meteu-te pelo pescoço,Nde mondeb o aîurybo
escarneceste de mulheres?,Ereîemoîoîaîpe kunhã resé?
sou muito mocho,Xe aterẽngatu
como ele nos fez?,Marãpe asé monhangi?
penteio-me,Aîeabyky
só isso está acima de tudo o que deve ser desejado,A'e anhõ opakatu i potarypyra sosé
"assim que acaba a vida que deus nos dá, a morte nos derrota","Tekobé îandébe Tupã remime'enga syka bé, te'õ îandé moaûîéû"
"a mãe de deus, senhora desta aldeia, não queirais apresá-la","Tupã sy, kó tabyîara, na pemoembiá-potari"
"salve rainha, mãe de misericórdia","Salve Rainha, moraûsubara sy"
talvez ele fosse se eu dissesse,Osó ipóne re'a gûi'îabo mona'ẽ
querendo confessar-se segundo o que determina a ele a santa madre igreja,Oîemombe'u-potá Santa Madre Igreja i mombe'u rupi
selecionei-o,Aîkatu'ok
"embora me evoques os atos, daqueles arrependo-me","Xe rekó-ekyî îepé, a'epûera aîmoasy"
basta! não me despertes!,Aûîé! Teumẽ xe mombaka!
como criança estando deitado,pitangamo oupa
pescando bem os canapus,kunapu rekyî-etébo
futuros defuntos somos todos nós,Ambyrama pabẽ îandé
tenho jeito para a coisa,A'ekatu mba'e resé
pode a gente não proceder conforme o mandado do padre?,E'ikatupe asé abaré o pûaîtagûera rupi oîkoe'yma?
"sendo assim, de costume, o diabo fica muito insistente pela gente",Nãneme amẽ Anhanga îeîukaibetéû moroesé
"hás de ir, pois, para teu fogo, para que estejas para sempre prostrado no lugar em que se faz sofrer","T'eresó rõ nde ratápe, aûîerama t'ereîub moreaûsuba monhangápe"
assim procede para disfarçar a existência de seus filhotes,O a'yra kuakupa emonã sekóû
toma mais outro,Eîar-y bé amõ
"mostra-se fixo, está fixo, apresenta-se fixo",Ten e'i
eu estou benzido,Xe karaíb
por que põe sal bento na boca da gente?,Mba'e resépe îuky-karaíba mondebi asé îurupe?
maior que esta casa,Kó oka sosé
é muito misericordiosa a mãe de deus,I poraûsubá-katu Tupã sy
bem no teu coração disseste isso?,Nde py'ape-katupe aîpó eré?
"apesar de que sejas rainha, apesar de que sejam muitos os teus servos, eu, não obstante, pesco para ti","Reîamo ereîkó tenhẽ, setá tenhẽ nde boîá, xe-te t'oroporaká"
sendo coisa antiga,o mba'epûeramo
por um triz que não,-sûerĩ
"é doloroso deixar o vício, a vida má, contudo, depois disso, o homem consola-se muito","Sasy tekopoxy, tekomemûã pe'a biã, aûîeté a'e roîré abá apysykaturamo"
o que leva aquele que recebe o óleo santo em sua testa não pode casar-se com ele,O sybápe îandy-karaíba rasara rerasoara nd'e'ikatuî sesé omendá
"daqui, certamente, passou para a índia, terra dos indianos",Ké suí serã i asabi India tapyîtinga retãme
hei de contar os pecados deles para que tu acredites em mim,T'aîpapáne i angaîpaba ta xe rerobîá îepé
estou derrubado,Aîero'ar
estai aqui esperando-me,Iké nhẽ peîkó xe rarõmo
"hei de ir cumprir essas palavras, juntando muitos dos meus servos","T'asó aîpó nhe'enga mopó, xe boîá reŷnhangetábo"
sigo-lhe o rastro,Asakypûemomosem
tua excitação pelas coisas más,Mba'e-poxy resé nde ara'a
"que sejamos corajosos, sim","T'oré pyatã, angá"
que cheire muito bem a palavra de deus a ele,Ta syapûãngatu Tupã rekó i xupé
eis que a cada páscoa um prisioneiro fazeis-me libertar sempre,Aretegûasu îabi'õ ã mundepora amõ îepé peîmosem-ukar ixébe îepi
as criancinhas também têm somente o pecado de nosso pai primeiro,Pitangĩ abé îandé rubypy angaîpaba nhõ ogûerekó
"conhecendo esses teus pecados, sinto que tu queres ir para o fogo do diabo","Iang nde angaîpaba kuapa, anhandub Anhanga ratápe nde só potara"
"por isso, na verdade, é que a gente detesta o pecado mais que a morte?",Nd'e'i te'e ipó asé pecado moabaetébo te'õ sosé?
"a dança é que é boa, enfeitar-se, pintar-se de preto","Moraseîa é i katu, îegûaka, îemoúna"
"mostra-se com firmeza, está fixo",Ten e'i
nem sequer um só homem pode livrar-se da morte,Oîepé tiruã abá nd'e'ikatuî oîepysyrõmo te'õ suí
"ainda bem que vós três, novamente, queimareis juntos",Iîá mosapyr-y bé pekaî oîepegûasune
não indo ao encontro de meu senhor,xe îara robaîxûare'yma
"salve, ó meu mestre!","Eîkobé-katu, xe mbo'esar gûy!"
"eis que minha alma, lugar de tua vinda, há de estar como teu leito","Kó xe 'anga, nde rusaba, nde rupabamo t'oîkó"
afrouxei-o,Aîmokanãî
"irrita-o, empurra-o para seu fogo","Oîrarõ, oîmoanhã satápe"
"ah, eu fui muito pecador!",Xe angaîpabeté'i ra'u mã!
ó! não há modo de contar isso,Tó! Aîpó n'i papasabi!
"é penoso, de fato, remar canoa",Sasy nakó ygá-pukuîa
o que não quer ir para onde está o que ele detesta para não o ver,O emiamotare'yma rekoápe osó-potare'ymba'e sepîaka suí
todos de uma espécie ou qualidade,oîepeixûara
"serão fedorentos, serão muito podres, corroídos de vermes e de bernes","I nem-eté, i tuîuketé, tasoka, ura remimongûyamone"
"caburé, vem correndo!","Kaburé, îori enhana!"
não nos queremos bem,Nd'oronhoamotari
asperge também a gente as sepulturas com água benta?,Osepyî bépe asé tyby 'y-karaíba pupé?
estou quieto,Aîubĩote
dia muito bom,arangaturam-eté
"e aquelas mulheres não resistem, combatendo-os?",A'epe a'e kunhã n'onherani i momarana?
vê bem a tua frente para que não te percas no caminho do céu,Esepîá-katu nde renonderama ybaka pîarype nde ropare'ymamo
chegaste perto junto a eles?,Mbype erebasẽ i xupé?
"amando os homens, nós nos preocupamos com eles",Apŷaba raûsupa nhẽ oré putupá sesé
vingo-me deles,Aîeepyk anhẽ sesé
a cobra deixa sua própria vida ao pisarem sua cabeça,Mboîa o ekobé reîari o akanga patukasagûerype
não sentimos cansaço,N'îaîandubi kane'õ
"morro falsamente, isto é, desmaio, desfaleço",Amanõ-aíb
prendi-o a uma pedra,Aîmoín itá resé
quem aqui dá a cara?,Abápe ké sobasẽ?
"vem para espantar o diabo, para que não me dane","Îori anhanga mondyîa, ta xe momoxy umẽ"
com ele honrando-te,I ndibé nde moetébo
ocupa-me tu,Xe pûaî îepé
meu filho que gerei,xe ra'yra xe remimonhanga
vou como catador de pedras,Asó itá piaramo
"com uma lança espetaram seu flanco, causa de verterem imediatamente dele água e seu sangue",Minusu pupé iî yké kutuki aûnhenhẽ 'y sugûy abé i xuí i 'ẽaûama
"o cauim transbordante nas igaçabas, depois disso, atrai-os","Ygasápe kaûĩ-tuîa, a'e ré, îamomotá"
roda de madeira,ybyrá-babaka
"são muito molestos, certamente, quando a lua está escura, os tropeços de nossa caminhada","Iîabaíb-eté nhẽ rakó îasy putuneme, asé atá mysakanga"
viram seus discípulos a vinda dele?,Osepîakype i boîá tura?
"isso dizendo, eu não estou tíbio","Aîpó gûi'îabo, n'akyî ixé"
sofrerão algo estando ali?,Oîporarápe mba'e amõ a'epe oîkóbone?
açoutei-lhe o irmão,Aîtyby-nupã
refletindo sobre suas maldades,onheangerekóbo o angaîpagûera resé
eia!,ne'ĩ ne'ĩ!
querendo revirar minha casa,Xe roka pobu-potá
"boquitorto, homem da boca torta",abaîuru-apẽ
a respeito de quê conversamos?,Ma'e resé îandé mongetáû?
eu sou um circuncidado,Xe api'a
meteste a mão nas partes erógenas de teu companheiro?,Erepo'ẽpe nde rapixara rapupé resé?
eu estou descoroçoado,Xe akangûyr
"sapecar-te-ei, assar-te-ei","Oroapek, oroesyne"
"o que nossos avós quiseram ver, sem resultado, veio mesmo",Îandé ramỹîa remiepîá-potá tenhẽ our é
a que é alforriada,i mokunhãmbyra
eu estou opilado,Xe apong
esses estão implícitos nos que dizem como?,Marã e'iba'e pupépe aîpoba'e ruî?
eis que a noite toda ele não dormiu para ficar perturbando os índios!,"Pysaré kó i kere'ymi, apŷaba pobu-pobu!"
se tivesse ido hoje,Kori meémo asó
"está molestando as pessoas, ficando a confundir as aldeias",Oporomoaîu oîkóbo taba moapaîugûá-îugûabo
"aproximando-me da morte, meus pecados antigos e grandes farei sair","Te'õ rerobyka é, xe angaîpá-tubixagûera amosẽne"
não deu certo minha ida,I rambûer xe só
de madrugada,ka'amutumo
temos coisas comuns,Îarekó o îomba'e
levando uma outra semelhante a ela,Sapixara rerasóbono
teus atos recentes,nde rekó-pysasu
"levou sua mãe e seus discípulos sobre o cume do monte chamado ""das oliveiras""",Ybytyra Olivete seryba'e apyra 'arybo o sy o boîá rerasóû
lugar onde estará teu filho,nde membyra rendaûama
fizeste incisões em teu filho quando a lua começou a sair?,Eresaírype nde ra'yra îasy semypyreme?
ficaste quebrando a cabeça de teu filho antes de o abortar?,Ereîakangá-ngápe nde membyra i akyrar-y îanondé?
fi-lo emergir comigo,Arobur
chumbada do anzol,pindá posyîtaba
"estava longe tua lembrança das coisas, estando a conversar contigo mesmo?","Oîkó kûepe mba'e resé nde ma'enduara, enhemongetábo ekupa?"
ele mesmo,Ixé aé - Eu mesmo A'e aé
abre a porta de tua casa,Esokendabok nde roka
por que seria que? por que razão haveria de?,marãpemo?
"todos cercaram nosso senhor, achegando-se a ele",Opá Îandé Îara moîari sesé osyka
pôr o bispo em nossa testa o óleo sagrado,Asé sybápe abaregûasu nhandy-karaíba nonga
devolveu seu pagamento aos príncipes,Oîme'eng-îeby sepypûera morubixabetá supé
honra teu pai e tua mãe,Eîmoeté nde ruba nde sy abé
osso de tembetá,metara kanga
aquele outro,akó amõaé
a aldeia está assentada de comprido,Opukubo taba reni
"sobre grelhas de moquear, de ferro, assaram-no",Moka'ẽ itá îurá 'arybo sesyri
"e por outra parte, semelhantemente, o próprio mar será mais terrível do que é seu costume, as ondas fazendo grande estrondo",Kokoty paranã aé rame'ĩ o abaetéramo erimba'e gûekoagûera sosé yapenunga ryapugûasuramo
"margem de rio, praia, ourela de mar ou rio",y-embe'yba
"ainda que os libertes, retirá-los-ei de tua mão","Ereîpysyrõ îepéne, nde pó suí anosẽne"
estão sempre cheias as igaçabas,Tynysẽ memẽ ygasaba
"mas sempre, com certeza, a vossas almas querem bem, guiando-as","Memẽ-te, nipó, pe 'anga amotá, i pokoka"
"toma-nos a dianteira sempre o diabo, ameaçando-nos","Îandé rokesỹ memẽ Anhanga, îandé momboîa"
ficaram fazendo ferimentos em seu corpo todo?,Seté îakatupe ybŷá i moperé-perebi?
que não esteja pelas casas para afrouxar nossas almas,T'oîkó umẽ oka rupi oré 'anga monguébo
não sabes que deus lançou neste mundo também tudo o que a gente sofre costumeiramente?,Nd'ereîkuabype Tupã opakatu ikó 'ara pupé îandé remimborará-tyba abé seîtykagûera?
eu estou feliz por tua ida,Xe roryb nde só resé
rodeei-o,Anhaman
por acaso todos os que estavam ali ficaram a injuriá-lo?,Opabenhẽ serã erimba'e a'epe tekoara iî a'o-îa'oû?
"transgride também o homem aquela palavra de deus invocando para seu próximo, bem em seu coração, o diabo ou a morte ou jurupari?",Oîaby bépe abá aîpó Tupã nhe'enga o py'ape-katu o apixara supé Anhanga koîpó te'õ koîpó Îurupari rekyîa?
"fazemos oferendas às sepulturas, pondo algumas coisas",Îatyby-poî ma'e amõ nonga
"ao fustigar o sol a terra, eu vim","Ara yby sokeme, xe ruri"
como as coisas devagar,A'é umanĩ mba'e gûabo
envergonhaste à toa tua esposa?,Ereîmomara'a tenhẽpe nde remirekó?
quanto foi o pagamento?,Mbobype sepy?
os cristãos não eram muitos,Karaíba na setáî
"meus guardiães opor-se-ão a vós, como de costume",Xe rarõana opoapypyk îandune
"tenhamos, de fato, as coisas boas, apartando-as do que é mau",Îarekó é rakó mba'e-katu i poxyba'e suí i mouruébo
tão somente uma vez,oîepé nhõngatu
"ó meu filhinho, em um momento desapareceste de mim!","Xe membyrĩ mã, korite'ĩ-aíb-eté erekanhem xe suí"
o que tem a bem-aventurança é o que não agride,Tekokatueté rerekoara onherane'ymba'e
eu sou fedorento,Xe nem
pegou-se fortemente sua roupa com que ele foi castigado por o ficarem ferindo?,Oîaratã serã i aoba i nupãsagûera i moperé-perebagûera resé?
enxota-os de vossas almas,pe 'anga suí i mondóû
não há modo de contá-los,N'i papasabi
entreouvi tuas palavras,Asendub-aíb nde nhe'enga
invocando o anhanga ou a morte ou o jurupari,Anhanga koîpó te'õ koîpó Îurupari rekyîa
tu te entregaste ao imaginar em teu sono que um homem fazia sexo contigo?,Erenhemoaûîépe nde kerype nde resé abá rekó mo'angeme?
faço-me estalar as mãos,Aîepó-mopiririk
vou para arrancar lenha,Asó îepe'abá
dizendo a um canto de pássaro ou a um urro de onça que são agouros,Gûyrá koîpó îagûara nhe'enga supé morangygûana o'îabo
tenho jeito de o saber,Aîkugûab-arõan
passagem costumeira de rio,Y-asapá-tyba
"levaram-no para um certo palácio, fazendo-o entrar consigo",Ogûerasó amõ okusupe seroîkŷabo
lume das águas,y rendyîaba
os opostos daqueles pecados assim se enunciam,Aîpó tekoangaîpaba robaîara nã e'i
confessa bem a nós que és o filho de deus,Eîmombe'u-katu Tupã ra'yramo nde rekó orébe
de que parte? de que lado?,marãngoty suí?
o que tem relações sexuais com uma solteira transgride muito a palavra de deus,Mene'yma resé oîkoba'e oîaby-eté Tupã nhe'enga
"como um cão, atacou-me",Îagûara rame'ĩ xe repenhani
eu sou um fujão,Xe îababixûer
afago-lhe a cabeça,Aî'apixyb
milho de que se faz pão,abati-tinga
"eis meus chifrões, meus dentes","Kó xe 'akusu, xe rãnha"
compadece-te de minha alma,Eporeaûsubok xe 'anga
estão queimando para sempre como pena de dizerem isso somente em suas bocas,Okaî oupa aûîeramanhẽ o îurupe nhote aîpó o 'eagûera repyramo
não querendo repetir seu pecado que ele detestava,O angaîpagûera o emieroŷrõagûera reroîeby-potare'yma
engolir-me-á por aí alguma cobra grande,Xe mokõ kûepe mboîusu amõne
agradando-se com o que o hospeda,O apysykamo o momytasara ri
"foi, porventura?",Osó ruã-tepe é?
a descida dele,serogûeîypaba
meu entendimento todo fiz desaparecer,Xe tekokuaba opá amokanhem
"na ponta, no punho da rede",apy anhãî
que se lembre bem de que deus branqueou sua alma,T'onhemoma'enduá-katu Tupã o 'anga momorotingûera resé
o cauim está pela metade da vasilha somente,Kamusi ku'a rupi nhote kaûĩ reni
fá-los-ei voar comigo,Arobebéne
"tendo inveja por seu próximo ter coisas boas, entristecendo-se por isso","O apixara mba'e-katu rerekó moasŷabo, sesé onhemoangekoaípa"
para nos honrar os índios fazem festa,Îandé moetébo apŷaba nhemosaraî
"ah, tão somente eu, na verdade, sofrerei isto!",Xe nhõngatueté koba'e aîporaráne mã!
eis que vou,Asó ã
deixei ontem minha casa,Aseîá kûesé xe roka
"sendo isso assim como é, vós também não reconheceis que vos enterrarão?",Aîpó e'ymetépe peẽ bé ybŷa pe tymagûama na peîkuabi?
não os temos desde nossos avós,- Marãpe pe rubixabetae'ym? - Nd'oroerekóî nhẽ oré ramuîa abé - Por que vós não tendes muitos reis?
o que tem beiço grande,sembegûasuba'e
"vão oco de alguma coisa, o vazio do meio de alguma coisa",apyterybỹîa
ir para a guerra,marãmonhangápe só
perdendo o entendimento por causa de bebedeira,Sabeypora suí 'ara mokanhema
com sabão esfreguei-o,Itayîuîa pupé aîkytyk
fi-lo enriquecer,Aîmomba'e
"antes dessas mortes, um certo homem muito mau, chamado anti-cristo, virá, exaltando-se",Aîpó te'õ îanondé irã amõ abá-angaîpabeté Anti-Cristo seryba'e ruri onhemoetébo
a gente é parecida à criança que não tem pecado?,Pitanga i angaîpabe'ymba'e rapixaramo nhẽpe asé rekóû?
faço-a soar,Aîmimby
"com um neto ou uma neta, com algum descendente não pode ninguém se casar",O emiminõ koîpó o emiarirõ amõ îeapyká resé nd'e'ikatuî abá omendá
"aproximando-me da morte, meus antigos e grandes pecados farei sair","Te'õ rerobyka é, xe angaîpá-tubixagûera amosẽne"
um frio que faz as pessoas tremerem muito,Ro'y oporomoryryîeteba'e
ó coisa fedorenta!,Mba'enem-y îu!
eu estou roxo furta-cor,Xe roby-kanugûá
é natural dele,Sekoaba nhẽ
ela é boníssima porque lhe abunda a virtude,"I angaturãngatueté, tekokatu o esemõneme"
"-quem és tu? -sarauaia, adversário antigo de franceses","-Abápe nde? -Saraûaîa, aîuruîubupîarûera"
sua lei pôs ordem em nossa antiga vida má,Sekó omongaturõ îandé rekó-poxypûera
"por isso mesmo deus te repeliu, desde então o fogo para sempre queimando-te","Nd'e'i te'e Tupã nde pe'abo, a'epûerype tatá aûîerama nde rapŷabo"
"desvirginaste alguma menina, furando-a?","Ereîmombukype kunhataĩ amõ, i mokûá?"
"eis que era costume, então, dar nome às pessoas",Ã tekó a'ereme moreroka
que será que a gente detestará?,Mba'epe asé ogûeroŷrõ ra'ene?
ele é muito bom,I katu-pyryb
aparei as pontas deles,Aîapyr-etab
preparai-vos!,Peîemosako'i!
"não tem limite, não tem fim","N'i sykabi, n'i papabi"
outro dia o contarei mesmo,T'aîmombe'u é îrã
comer um ao outro,îo'u
"somente desejando-a, nela tocando também","I potá nhote, sesé opokoka abé"
tremeram após te matarem,Oryryî nde îuká ré
acaso trouxeste muitas coisas?,Ereruretá serã?
"parida, mulher que gerou filhos",membyrasara
"a que ingere uma poção, querendo matar seu feto",O puru'a îuká-potá mosanga o'uba'e
"sim, eis aqui também minhas garras","Îé, kó bé xe pûãpẽ"
levanto-me,Abyr
chegamos sucessivamente,Orosy-syk
"ainda bem que não fui, pois",Aûîeté pakó xe soe'ymi é
saiu para o pátio,Osem okarype
dentro de tuas entranhas como criança estando,Nde ybỹîa pupé pitangamo oúpa
que alegremos a maria,Maria t'îambory
eu sou alto,Xe puku
"somente estas, na verdade, retirei dos malditos","Kó nhõ anosẽ, îepé, moxy suí"
envolvendo com véus seu rosto,Aobybĩ pupé sobá ubana
para a coutada do rei ele foi para cortar madeira,Morubixaba ybyragûype ahẽ sóû ybyrá 'apa
lacei a perna dele,Asetymã-maman
eu tenho as orelhas cortadas,Xe nambi-asyk
eu tenho penduricalhos,Xe renembaî
já agora deve ter vindo,Our ipó ko'yté
eis que eu faço as pessoas estarem na bebedeira sempre,Ixé kó ka'u resé aporomoingó îepi
não me desterres tu,Xe pe'a umẽ îepé
imediatamente ficaram gritando,Aûnhenhẽ sasẽ-sasemamo
cubro-o,Aîaob
ao lado de sua mãe a criança está deitada,O sy posé pitanga ruî
vem para nos arrancar o visgo,Eîori oré mongoka
"o que é morto, o que deve ser morto, o morto",i îukapyra
ainda o faço,A'é byter i monhanga
indo eu de noite,putũ gûixóbo
"embora não agisse ela velhacamente, bateste com o pau na tua esposa","Marani n'oîkóî îepé, ereropûar ybyrá nde remirekó resé!"
"hei de dar ovas de peixe para ti, retribuindo","T'ame'ẽne pirá ruba endébo, ûiîepyme'enga"
nomeia tudo,Esenõî mbá
não é longe,N'apûéî
"cabeleira, peruca",agûera
foi agora de primeira vez,Aramõ
vou para fora,Asó kûeîpe
hei de contar os pecados deles,T'aîpapáne i angaîpaba
sobre a cruz pregando meu senhor,Krusá sosé nhẽ xe îara moîá
alimentei-o rispidamente,Aîopoî-îeaseî
não ouço tuas palavras,N'asendubi nde nhe'enga
roupa branca põe na gente,Aó-tinga onong asé resé
lançando fora a sujeira de minha alma,Xe 'anga ky'a reîtyka
"este dia honramos nele, os judeus agiram em conjunto, com pedras, ficando a atirar em santo estêvão, quebrando sua cabeça","Kó 'ara îamoeté I pupé îudeus itá reropotyrõû, Santo Estevão apîá-apîábo, i akanga kábo"
"enfim, tendo-se vingado, obedeceram-me","Rumby oîeepyka, xe rapîá"
apenas não me matou o terror ao nome da mãe de deus,Sãî xe îukae'ymi Tupã sy rera abaîté
vou mesmo castigar-te,A'e tenhẽ nde nupãmone
vomitaste cauim quando te encheu?,Ereîmoîebyrype kaûĩ nde poesemõneme?
não houve sangue em teu parto,N'i tybi tugûy nde membyrasápe
que estejas prostrado no lugar de se fazerem sofrimentos,T'ereîub moreaûsuba monhangápe
homem soberbo,abá-poroîukaíba
para quem a gente reza?,Abá supépe asé îeruréû?
"vamos para assaltá-la, atacando pelas costas a mãe de deus","Îasó sesé îapu'ama, Tupana sy kupe'apa"
"ai, quem me dera ir com ele hoje!",Asó temõ kori ahẽ irũmo mã!
moro com pedro,Aîkó Pero irũnamo
hei de obedecer bem a ele,Asapîakatupe ká
em mim confiam,Xe resé oîerobîá
"são joão criancinha, ao estar no ventre, ficou saltando","São João pitangĩ, tygépe o endápe opor-oporĩ"
"conforme seu próprio pedido, na cruz o pregaram","Cruz resé i moîari, i îeruresabo é"
o que dá a eles a virtude,i xupé tekokatu me'engara
"tu, em teus braços, jesus ergueste","Endé, nde îybápe, Îesu eresupi"
eu dou à luz,Xe membyrar
que ele deseje muito a lei de deus,T'oî'useî-katu Tupã rekó
"mas foi, porventura?",Osó ruã-tepe é?
"na casa de quem passaste, tomando-as , antes de te esconderes?","Abá rokype erekûá, tá, nhemim-y îanondé?"
eu sou velho,Xe ymûan
"o que está preso em ferros, o que está amarrado pelos pés",i pukusãmoinymbyra
"a poeira dos pés arranca de minha casa, tua pousada sempre","Eîpytybyrok xe roka, nde pytasaba îepi"
que habitante do mundo há como tu?,Abápe 'ara pora oîkó nde îabé?
"que disse deus, vendo seu frouxo pudor?",Marã e'ipe Tupã i tĩîeraba repîaka?
que sejais futuramente os que terão a verdadeira felicidade na nossa terra prometida,Ta peîkó irã mba'ekatu-eté rerekoaramo îandé retãme'engápe
hei de ver tua face,T'asepîáne nde robá
encurtei-o,Aîapûapyk
não querendo espaçar longamente a falta de sua confissão,o nhemombe'ue'yma mopa'ũ-muku potare'yma
"lourenço tostado atou minhas mãos, queimando-me, oprimindo-me","Rorẽ-ka'ẽ xe popûá, xe rapŷabo, xe apypyka"
homem fugido,abá-kanhema
nós estamos juntos,Oré apûanã
ela requeima,Taî
"daqui, talvez, passou para a índia, terra dos indianos",Ké suí serã i asabi India tapyîtinga retãme
temos algum remédio como meio de nos curarmos?,Îarekópe mosanga amõ îandé pûerasabamo?
o oposto da ira é a paciência,Nhemoŷrõ robaîara tosanga
"quando tu vieste, já o tinha matado",Nde rureme aîuká umûan
tendo alegria,Toryba rerekóbo
hei de comer hoje seus braços,T'a'u kori i îybapûera
feri-o,Aîkutuk
"eis que a todos nós vence, como também já venceu os antepassados",Opá ã îandé moaûîéû tamyîpagûama moaûîé ymã îabé bé
assa-me o lourenço tostado,Xe resy Lorẽ-ka'ẽ
planejando maldades,tekomemûã momboîa
"o que é aumentado, multiplicado, etc",irumõmbyra
eu não tenho anzol,Na xe pindáî
pano de linho,ybyraoba
olhando detidamente para alguma que foi casada,Mendarûera amõ resé enhemosapysóbo
matam,Îaîuká
afligiu-se por se ter frustrado sua ida,O sorambûera resé sekotebẽû
vi-o em meus sonhos,Xe posaûsupe asepîak
a que mata seu marido,o mena îukasara
não estaremos mais aflitos,Nd'oroîkotebẽ béî xóne
eu espirro,Xe atîam
fiz oferenda para o pajé,Anhetanong paîé resé
princípio da compaixão,moroaûsubara 'yba
"que rezem por mim a deus como retribuição de eu os amar, de eu os honrar","T'otupã-mongetá xe resé ixé o aûsuba, ixé o moeté repyramo"
morro eu próprio,Amanõ teé
"se tivesses vindo, já o teria matado","Nde rurememo, aîuká umûãmo"
com seu próprio irmão não pode ninguém se casar,O kybyra resé nd'e'ikatuî abá omendá
"ele é lampeiro como uma onça, seguindo nosso rastro","I ara'a îagûara îá, îandé rakypûemboú"
pus entradas nele,Aî'atybakã-moín
"irra, gambá!","Erĩ, sarigûeîa é!"
este dia deu para nós,Kó 'ara oîme'eng îandébe
estejamos em união,Oîepegûasu t'îaîkó
calcei-me os sapatos,Aîepyapasá-mondeb
alimento muitos,Aîopoîusu
eis que não obedeço a meu pai verdadeiro,N'asapîari kó xe rubeté
veio também sua panela para que os cozinhe adiante de mim,"Oú bé senha'ẽpepó, t'omoîy xe renondé"
jejuaste por causa da primeira menstruação de tua filha?,Ereîekuakupe nde raîyra nhemondy'ara resé?
"buscando seu senhor, ao chegarem os reis, alegrou-se teu coração","O îara reká, reîá mbasembápe sory nde py'a"
nós nos igualamos um ao outro,Oronhomoîoîá
os que andam pelo caminho,pé rupi ogûataba'e
não me mexo,N'amyĩ
tiveste relações sexuais com algum sodomita?,Ereîkópe tebira amõ resé?
eu sou magro,Xe angaîbor
resvalou em mim o fulano com a espada,Xe apan ahẽ itaingapema pupé
estou como mensageiro,Paresaramo aîkó
jesus fez-te subir,Îesu nde rupiri
empobrecendo os índios,apŷaba mondyabó
nós estamos amontoados,Oré atyr
"num pano branco, por nossa causa, a imagem de seu rosto tomou",Aó-tinga pupé asé resé sobá ra'anga rari
fiz minas,Aîekûarybykoî
"tu te preocupaste com que teu filho, os que estão em tua casa, teus vizinhos ouvissem a missa desde o começo dela?","Erenhemosaînanype nde ra'yra, nde roka pora nde rambyagûá missa iî ypyrungápe sendubagûama ri?"
"e o que, torpemente, tem relações sexuais com sua parenta verdadeira?",A'epe o mũeté resé oîkopoxyba'e?
não poderás doravante juntar-te a tua esposa por ser isso um procedimento muitíssimo inconveniente,"Nd'erékatuî xûé angiré nde remirekó rerobyka, ã tekó-abaíbeté-katureme"
tendo dor de suas queimaduras,O kaîa moasŷabo
urdiste mentiras contra alguém?,Eresekyîpe îuraragûaîa abá supé?
então também as almas de todos os que morreram virão quando forem chamadas,A'ereme bé opá omanõba'epûera 'angûera ruri o enõîndápe
eu não tenho sapatos,Na xe pyapasabi
"dizendo maldades à toa para alguém, dando-lhe má fama","Abá supé marã o'îabo tenhẽ, i moerapûana"
suas almas e seus corpos fez,I 'anga seté monhangi
eu sou mandão,Xe poropûaîxûer
morrendo nós,Oromanõmo
"por isso mesmo, amando-a, não a fez carecer de nenhuma virtude",Nd'e'i te'e tekokatu amõ resé i mopaneme'ymi saûsupa
este sonho é o modo de se reconhecer que ela é o que eu quero,Kó mosaûsuba xe remimotaramo sekó kuapaba
igualmente essa mãe de deus nos maltrata,Oîoîá kó Tupã sy îandé rerekomemûã
ergui a espinhela,Aîpusu'ã-mogûyr
pescaria com puçá-guaçu,pysagûasu-eîtykaba
minha presa,xe pu'amagûera
os que põem armadilhas bem nos caminhos das fontes,nhãîmbiara pupé-katu oîekotyrungyba'e
"por sua vontade é que ele se entregou aos seus adversários, não resistindo?",O emimotarybo épe erimba'e i nheme'engi og upîarama pé onherane'yma?
"portanto, prendo-te!","Irõ, oropokosub!"
igualmente fazem o mal,Oîoîá marã sekóû
traze os habitantes do paraíba para aumentar nossa terra,Eru Paraibygûara oré retama irumõmo
"não encontro nem um pouco, absolutamente, algum ato passado deste homem no mal",N'abasẽ-mirĩ-angáî marãbirĩ ikó abá rekopûera amõ supé
após vertê-la dentro do recipiente em que a bebe ou de alguma casca de coco,I gûaburu koîpó inaîagûasu apepûera amõ pupé i nhang'iré
morrendo nós,Îamanõmo
não cessarão de dizer maldades,Marã 'é n'opyki xóne
eis que esse vem,Aîpó turi
perdendo o entendimento por causa de sua bebedeira,Sabeypora suí 'ara mokanhema
eis que ele sempre vai,Osó memẽ n'akó îepi
"sendo ignorantes, sem mais, assim me tratam",O tekokuabe'ymamo nhẽ emonã xe rerekóû
aqui estamos alegrando-nos para festejarmos teu dia,Kó oroîkó oronhemborypa nde 'ara momorangápe
"batendo sem motivo na tua esposa, tratando-a sempre como objeto maldito de pancada","Nde remirekó resé epûá tenhẽmo, mûasá-mbururamo serekóbo îepi"
experimentemos a força dos homens conosco,T'isa'ang apŷaba marã îandé irũ
levou-o com suas ataduras,I popûasaba resebé serasóû
"eu sou fleumático, eu sou vagaroso",Xe mbegûé
reunindo seus ossos no chamado vale de josafat,I kangûera reŷnhanga ybytygûaîa Îosaphat 'îápe
um pouquinho mais,pyrybĩ
alarguei meus passos,Aîmoatã xe rapupa'ũ
digo que não,Aan a'é ipó ixé re'a
eu sou mais que tu,Nde sosé ixé
peneirei a farinha,Au'i-mogûab
para as armadilhas eles levam gente,Mundépe i porerasóû
qual é a causa da sujeira de nossa alma?,Mba'epe asé 'anga ky'asabamo?
"para acalmar aquele, como nós ele se fez homem verdadeiro",A'epûera nongatûabo é îandé îabé apŷabetéramo i nhemonhangi erimba'e
selo-o,Asendamoín
eis aqui meu arco,Kobé xe îurupara
"que me livre deus de meus inimigos, em toda parte, em minhas dificuldades",Ta xe pysyrõ Tupã xe sumarã suí kûepe marã xe rekoápe
"como a gente faz à tarde, antes de dormir?","Marãpe asé rekóû karukeme, o ker-y îanondé?"
"lembra-te já de teus destinos últimos, do fim de tuas coisas","Nde ma'enduar nde rekosykagûama, nde rekó pabagûama resé rá"
a gente os tem cada um o seu próprio ?,O îabi'õpe asé serekóû?
eu sou semelhante aos selvagens,Xe rapixá saraûaîa
bem à sua semelhança o fez?,Gûupi-katupe i monhangi?
que tu dês para nós teu belo filho,Nde t'ereîme'eng orébo nde membyporanga
dando para ele alguma semelhante a si,I xupé o apixara amõ me'enga
queres sair em vão de debaixo de nossas mãos,Eresẽ-potá tenhẽ oré pó gûyra suí
"vieram para consolá-lo, confortando-o","Our i moapysyka, i motagaypa"
"o que delata, o delator",kuaukasara
virei-o ao contrário,Arobak
chegando com sua ferocidade,o nharõ rerobasema
a união à nossa carne,îandé ro'o resé îese'aragûera
"beijou suas faces, nele tocando também?","Osetobapé-pytépe erimba'e, sesé obyka bé?"
mostrai bem o que é essa santíssima trindade,Peîmoîekuakatu aîpó Santíssima Trindade rekó
"suportando o choro, o menino belo está deitado","Îase'o porarasápe, kunumĩ-poranga ruî"
cortei-lhe a garganta,Aîaseó-mondok
eu sou amarelo,I îub - Ele é amarelo Xe îub
dou-lhe os filhos de pedro,Aîta'y-me'eng Pedro
com quais mulheres um homem não se casará?,Umãba'e kunhã resépe abá nd'omendari xûéne?
aceitaste as palavras deles?,Ereîmorype i nhe'enga?
mudei-a,Aseyî
nasci,Anhemonhang
"ah, é muito bonito o menino que poderia ser um escravozinho!","I porangeté kunumĩ, miaûsubambûerĩ mã!"
sempre atam as mãos dos diabos quando querem em vós suas presas,Memẽ anhanga popûari pe ri sembiá-potasápe
colar de ouro,itaîu-po'yra
tu tiveste palavras muito resmungonas?,Nde nhe'ẽ-kuru-kurukype?
este santo faz aquele que roga a ele alcançar suas coisas sumidas,Kó santo o mongetasara oîmoîekosub i mba'e i kanhembyra
eu sou inchado,Xe susu'a
aqui estamos alegrando-nos para festejar teu dia,Kó oroîkó oronhemborypa nde 'ara momorangápe
"eis que, enfim, chega meu pai",Rumby xe ruba obasema
são muitas as coisas que são causa de impossibilitar os casamentos,Setá mba'e mendara moabaipaba
assim havemos de nos acariciar?,Nã takó îomomoranga re'a?
para onde a multidão numerosíssima levou nosso senhor da casa de caifás após o amanhecer?,Mamõpe erimba'e te'yî-katupabẽ Îandé Îara rerasóû Kaiphás roka suí ko'em'iré?
eis que vou,Asó ikó
"derrama tuas lágrimas, pranteando a vergonha de tua alma","Eîmo'ẽ nde resa'y, nde 'anga i momara'aragûera rapirõmo"
agora mesmo suas almas quero matar,Ko'yr é i 'anga aîuká-potá
entro na igreja só de vez em quando,Aîké-pa'ũpa'ũ nhote Tupãokype
sofrem a dor de não verem a deus,Oîporará Tupã repîake'yma rasy
sob a areia branca,ybyku'i-tinga gûyri
morrendo na cruz,Ybyrá pupé omanõmo
por que mais a gente reconhece o dia dos santos?,Mba'erama ri bépe asé santos 'ara kuabi?
achaste-os por perto?,Mbype erebasẽ i xupé?
qual o teu nome de batismo que o padre pôs?,Marãpe nde rerokaba abaré reminongûera?
comunhão a cada páscoa,Páscoa îabi'õ tupãrara
vomitei,Agûe'en
"tornaste-te pajé, fazendo sucções?",Erenhemopaîépe eposubana?
"se longamente ficas pranteando teus amigos ou teus parentes, por que não queres chorar nem um pouquinho por causa de teus antigos pecados?",Kype rakó ereín nde raûsupara koîpó nde mũ rapirõmo marãpe nde rekoangaîpagûera resé é nd'ereîase'o-mirĩngatutenhẽ-motari?
frustrei-me,Xe rambûer
"esse é meu antigo enforcador, querendo enforcar-me novamente!",Akó xe îubykarûera xe îubyk benhẽ potá!
trouxeste algumas facas de ferro?,Ererupe itá kysé amõ?
elas são grandes?,Turusupe?
o que tem jeito para ele sou eu,Iî arõana ixé
vem para me alimentar bem,Eîori xe poîkatûabo
fiz enfiada de peixes,Aîmoapytam pirá
"eram muitos, para se revezarem uns aos outros nisso, ficando cansados","Setá, sesé oîopuru-purûabo o kane'õ-ne'õnamo"
o que tem seu próprio nome,ogûer-y îara
o que é temido,iî abaeteba'e
eu tenho terçol,Xe ropepirekó
seus matadores repartiram-nas uns com os outros,I îukasarama oîmoîa'ok o îoupé
"meu nome de meninice, meu nome de infância",xe kunumĩ-era
"eu, o diabão assado, o que tem nome guaixará, o que é afamado por aí","Xe, anhangusu-mixyra, Gûaîxará seryba'e, kûepe i moerapûanymbyra"
esforço-me muito,Anhemoatãngatu
eis que são vistos os cadáveres daqueles manterem sua incorruptibilidade,Sepîakypyra niã aîpoba'e re'õmbûera o marane'yma rerekó
caminhei o dia todo,Agûatá ko'arapukuî
"que se frustre esse meu futuro sofrimento, que eu o faça passar","T'i rambûer iã xe remimborarama, t'amongûabyne"
jazi atravessado na rede,Asasab pé gûitupa - Estava atravessado no caminho Aînĩ-asab
"serão bons, doravante","I angaturam, ko'yré"
dois e dois no total,mokõ-mokõî syk
não dando para seu dono a coisa sumida que ele achou,Mba'e-kanhema o basemagûera i îara supé i me'enge'yma
onde a gente se reunirá?,Umãmepe asé nheŷnhangi-ne?
"creio em deus pai, o que pode fazer todas e quaisquer coisas","Arobîar Tupã Tuba, opakatu mba'e tetiruã monhanga e'ikatuba'e"
eu tenho muito pitiú,Xe pyti'ugûasu
ficando a tomar poções para não gerar uma criança,Pitanga nhemonhanga suí oîeposanõ-sanonga
antigamente pescava bem os peixes,"Akûeîme, rakó, pirá asekyî-marangatu"
hei de tirar-lhe as dificuldades,T'aîabaíbokyne
por que a gente em sua boca a assinala também ?,Marãnamope asé o îurupe sa'angino?
"eia, vamos logo!","Ene'ĩ, t'îasó taûîé!"
lacei-lhe as pernas,Aîkupyîurar
futuro marido,menama
meu quinhão és tu!,Xe potaba nde!
ele há de ser teu espião!,Nde manhanamo t'oîkóne!
não são muitos meus pecados,Na setáî xe angaîpaba
"após fazer a são joão batista, seu primo, batizá-lo",São João Batista o i'yra pé onhemoîasuk-ukar'iré
andaste pelos caminhos de fontes com mulheres?,Eregûatápe nhaîmbiara rupi kunhã resé?
invocaste a deus em vão ao mentires?,Eresenõî tenhẽpe Tupã nde îuraragûaîtápe?
já veio,Our ugûan
o que será morto,miîukarama
toleraste o desejo sensual em direção a ti?,Eresepîakĩpe îopotara nde kotype?
abrasou tua alma o fogo dele,Nde 'anga osapy satá
aquento-o,Aîopé
quando virá?,Moîrãpe turine?
curral de vacas,tapi'irokaîa
mas quando a gente se benzerá?,Marãneme-tepe asé îobasabine?
choremos sempre,T'oroîase'o memẽ
ameaço-o muito,Aîmomboî-katu
nele os judeus juntaram-se para ficar atirando pedras em santo estêvão,I pupé Îudeus nheŷnhangi Santo Estêvão apîá-apîábo
"tempo, lugar, modo, etc de aparar, de rapar, etc",pindaba
enxada de ferro,itá-syra
"que conheça o caminho do céu, obra de deus","T'oîkuab ybaka piara, Tupana remimonhanga"
os pássaros eram relativamente poucos,Gûyrá setapokang
eu não me afasto deles,Ixé n'aîeîyî i xuí
na ponta da flecha,u'uba anhãî
acaso todo o seu intestino caiu pela fissura de sua cintura?,Opakatu serã sygeapûá-kuîamo i ku'a sorokaba rupi?
"prenseiro, o que prensa",pokasara
"conversemos baixo, para que não o percebam os índios","Mbegûé îaîomongetá, t'onhandu umẽ abá"
eu estou muito melancólico,Xe pytubarusu
"pronto, meu senhor, voei","Irõ, xe îar, abebé"
pão que porta a vida para os amigos de deus,Miapé tekobé îara Tupã raûsupara pé
mulher de baixa estatura,kunhã-mirĩ
tenho-o como meu par para dança,Xe andaramo arekó
dois ladrões,mokõî mondabora
tu te preocupaste com que teus vizinhos ouvissem a missa ao começar ela?,Erenhemosaînanype nde rambyagûá missa iîypyrungápe sendubagûama ri?
"a noite toda não durmo, absolutamente",Pysaré n'aker-angáî
e os judeus a um homem não mandaram tomar aquela cruz?,Nd'ogûar-ukarype Îudeus a'e cruz abá supé?
o que fica urdindo as palavras de alguém,Abá oînhe'ẽmonhã-monhangyba'e
sua cerviz ficando a esmurrar,I aŷpy atyká-tykábo
"como a esses, matarei os que costumam pecar, fazendo-os cair comigo em meu fogo","Anga îá, angaîpabora aîuká, xe ratápe sero'ane"
o que é cabeçudo,i akangagûaba'e
"morreu na velhice , o tuîba'e pupé te'õ kuapa - conhecendo a morte em sua velhice",Tuîba'epe se'õû
o que se masturba,I pupukyba'e
"brigarão, cuspir-se-ão?","Omarãmonhangype, oîoendyne?"
"quem, hoje, é como eu? irra, ninguém!","Abápe kori xe îá? Erĩ, aani!"
jazo de lado,Oykébo aîub
trazendo farpas junto com o arco,arupare'aka îurupara ndi seru
"tocaste nas tuas virilhas, abrindo as pernas, masturbando-te?","Erepokokype nde rapopé resé epypekábo, eîeîukábo?"
contaste a maldade de alguém?,Ereîmombe'upe abá rekopoxŷagûera?
rocei,Aka'anupã
"que era, mesmo, aquilo?",Mba'e-takó?
eu estou amontoado,Xe rapûá
como peregrinos é que a gente mora nesta terra,Ataramo é asé rekóû ikó yby pupé
faze transformar os moradores do rio,Eîmonhangukar 'ygûara
"tudo, mesmo o que está no coração da gente, deus vê?",Opakatupe Tupã asé py'apendûara tiruã repîaki?
entregando-me à morte tu me beijas o rosto,Te'õ supé xe me'enga xe robá-pyter îepé
trouxeste tua caixa?,Ererupe nde karamemûã?
"a vida de minha alma, que eu perdi, fará devolver a mim",Xe 'anga rekobepûera xe remimokanhẽûera oîmoîebyrukar ixébone
"ah, muito bem!","Erĩ, aûîé!"
que ela nos destrua para que vivamos contigo,"Orébe t'oré mondyki, nde irũmo t'oroîkobé"
"instrumento de aquentar o fogo, abano, abanador",tatá pegûaba
lamento tua ida,Aîmoasy nde só
a gente obedece também a seu próprio chefe,Og ubixaba abé asé osapîá
eu sou o grande tamoio aimbirê,Xe tamũîusu Aîmbiré
companheiro de são sebastião,São Sebastião irũ
"hei de comer hoje seus braços, jaguaruçu, suas coxas","T'a'u kori i îybapûera, Îagûarusu, i ugûera"
eis que eu vou,Té ixé gûixóbo
estraguei-a,Aîmoaikatu
piquei-o,Aîopi
vamos ver se vem!,Tera'umo ou!
eis que aqui estou,Aín
aqueles serão os futuros habitantes do fundo de nosso fogo,Aîpó îandé ratá gûyra porama
"quem aqui dá a cara, para cá olhando furtivamente?","Abápe ké sobasẽ, kûybõ oma'ẽ-nhemima?"
"depois disso, o cauim transbordante nas igaçabas atrai-os",Ygasápe kaûĩ-tuîa a'e ré îamomotá
tu és sempre nosso remédio,Nde îepi oré posanga
eu sou mau de costume,Xe memûã îá
pena de gavião,gûyragûasu-aba
remédio que é a causa da cura de nossa alma,mosanga asé 'anga mombûerasaba
"os bem-aventurados e os santos no céu, que vêem a deus, ultrapassam o número dos dias que o ano tem","Marangatuba'e santos ybakype, Tupã repîakaretá, osasá 'ara ro'y remierekó papasaba"
"oh, muito bem!","Té, aûîé nipó!"
"haveis de bem recobrar o fôlego no futuro, após vos cansardes",Ta pe putu'ẽngatuté irã pe îemokane'õ ré
converti-me num pássaro,Anhemonhang a'eramo - Converti-me naquilo Anhemonhang gûyráramo
"mostrando-o aos judeus, querendo fazê-lo ir, sem mais","Îudeus supé sepîakuká, i mondó-nhẽ-motá"
aqui estou para levar seu ventre e também seus pulmões para minha sogra velha,Kó aîkó sygepûera t'arasó i nhy'ãbebuîa abé xe raîxó-gûaîbĩ supé
não há coisa alguma de que ele não conte os detalhes,Nd'oîkóî mba'e amõ semiasapy-papare'yma re'a
e confessaste que tu as roubaste?,A'epe ereîmombe'u a'e resé nde mondá?
"que suas almas caiam logo, deixando seu criador, apegando-se, pois, a nós","I 'anga t'o'a taûîé, o monhangara reîá, rõ oby'a îandé resé"
"despiram-no, amarrando-lhe as mãos numa coluna de pedra","Oîaobok, itá-okytá resé i popûá"
tapei-lhe a boca,Aîputupyk
concluí que ele está querendo matar alguém,Amõ îuká-potá ûĩ sekóû a'é
coisas que costuma sofrer,mba'e o emimboraratyba
estou só,Oîepebẽ aîkó
eu tusso,Xe u'u
"de cada dez, repartir uma de nossas coisas com deus",Opá kombó îabi'õ Tupã supé oîepé asé mba'e moîa'oka
"se meter a mão neste nosso fogo é terrível, quanto mais ali","Ikó îandé ratá pupé asé po'ema biã iî abaeté, memetaé a'epe"
seu senhor,i îara
"quando chegou o dia oito, cortaram seu prepúcio","Oito 'ara sykeme, i 'apira mondoki"
diante de duas pessoas,Mokõî abá robaké
"graça é seu nome, eis que esta é a que deve ser chamada ""tua rainha""","Grácia sera, kó nde rainhamo senõîmbyra"
"eva, nossa mãe primeira, atraiu-se muito pelo belo fruto, de acordo com a palavra da serpente","Eva, îandé sy-ypy, onhemomotareté 'ybá-poranga resé, mboîa nhe'enga rupi"
ai! por acaso é o lourenço tostado?,Kaî! Rorẽ-ka'ẽ-piã?
"mas eu a deus, meu pai, rezava sempre, propondo ser bom, pranteando meus pecados","Ixé-te, Tupã, xe ruba, aîmongetá memẽ nhẽ, xe katurama momboîa, xe angaîpaba rapirõmo"
em vão o padre quer fazê-la voltar para deus,E'i tenhẽ abaré Tupã resé serobaka potara'upa
vergôntea de cará,kará-embó
"tomando o diabo, o maldito fica pisando","Serubu rá, muru ri opurũ-purung"
lua nova,îasy-semamo
cria dos campos,nhũygûana
"aprende acerca da palavra de deus em que crerá, que cumprirá também",Onhembo'e Tupã nhe'enga o emierobîarama resé o emiporama resé bé
tenho-o bem na minha cintura,Xe ku'aî bé arekó
fazendo-me mudar de direção por aí,Kûeîbo nhẽ xe rerobaka
cerquei-os,Aîopîar
"-que queres? -batata-doce, favas","-Ma'epe ereîpotar? -Îetyka, komandaûasu"
como o fogo do diabo o fogo dele é penoso?,Anhanga ratá îabépe satá rasyramo?
eu estou febril,Xe rakûar
flechar gente,moro-ybõ
hoje mesmo havemos de fazê-lo sumir,Kori bé t'i mokanhẽ
pelas matas,ka'abo
"alcovitice, prostituição - não quero que ninguém as deixe","Manhana, sygûaraîy - n'aîpotari abá seîara"
"apanhai-o bem hoje, dele tomando conta",Peîpysy-katu kori sesé pemaînãngatûabo
"todo o céu preenches, o mar e a terra firme também","Opá ybaka ereîmopó, paranã, yby abé"
ferrei-o,Aîpyapasamoín
eu estou muito úmido,Xe rygûasu
"ergueu-se com as feridas de suas mãos, de seus pés e de seu flanco?","O pó, o py o yké kutukagûera bépe erimba'e ogûeropu'am?"
"faval, plantação de favas",komandagûasu-tyba
eu sou confuso,Xe abaíb
ela é muito larga,I popebusu
de mim comendo-as todas,Xe suí i gûabo pá
"junto a ela, primeiramente, os padres foram, anunciando a deus","I xupé, ranhẽ, abaré, Tupã mombegûabo, i xóû"
com eles alio-me,Sesé nhẽ aîekotyá
um ladrão que fora posto na prisão,Abá-mondá mundeokype i mondebypyrûera
eis que aqui estou,Kó é aîkó
usaste um homem como mulher ou usou-te como mulher um homem?,Ereîmotebirype abá koîpó nde motebirype abá?
inventei-o,Aîypymonhang
maltrato-o,Arekomarã
caprichei nele,Aîmomatueté
separemos os que assim procederam,Emonã tekoarûera îaîpe'a
"tu te permitiste cobri-la, sendo tua parenta?",Ereîeîopyk-ukarype nde maranungaramo?
"portanto, eu vim","Emonãnamo, xe ruri"
não me faças demorar,Xe mombuku umẽ îepé
voltou a vir aonde tinha deixado seus discípulos?,Oú-îebype erimba'e o boîá reîasagûerype?
o grande chefe aimbirê,tubixá-katu Aîmbiré
"hei de me confessar ainda hoje, antes de me surpreender a morte","T'anhemombe'une kori bé, te'õ xe resapy'a e'ymebé ká"
para fazer-te festa minha família fez-me vir,Ndebo toryba monhanga xe anama xe mbouri
eu tenho fala rápida,Xe nhe'ẽ-mby'i
arredondei-o,Aîmoamandab
eu tenho papo grande,eu tenho papo Xe aîusu
"assim, por causa de seu procedimento, os aracajás os frequentam",Emonã sekó suí arakaîá sapekóû
rio dos robalos,kamuri-'y
"coisas que se criam no mar, a fauna marítima",paranãmbora
esta aldeia transtorno sempre,Kó taba aîpobu memẽ
"no meio do caminho, meninos fizeram assalto a mim","Pé ku'ape, kunumĩ pu'ama'ubi xe ri"
tiro-lhe a pele,Aîpirok
perguntei a pero por seu pai,Aporandub Pero supé tuba resé
ajuntamo-nos,Oronhemondysyk
o que é cego,sesabyba'e
"cobrindo-o sua própria mãe, na verdade, com seu véu",I xy aé ipó opîá o akangaobĩ pupé
casando-se com alguém que não seja ele,I xuí amõ resé omendá
sou desprezível,Aîkomemûã
vieste do céu,Ybaka suí ereîur
comeste gente?,Ereporupe?
evita ir,Eteumẽ esóbo
teriam ido para longe?,Osó meémo mamõ?
e como a gente procede para amar seu próximo como ama a si mesmo?,A'epe marã asé rekóû o îeaûsuba îabé-katu o apixara raûsupa?
multiplico-o,Aîrumõ
eu tenho o pé adormecido,Xe py-îesyî
"logo, decerto, passarás no lugar em que moro",Koromõ ipó eregûatá xe rekoápe
homem verdadeiro como nós,apŷab-eté îandé îabé
os que devem ser honrados,i moetepyra
leio-o,Aîmongetá
tenho-te como meu filho,Orogûerekó xe ra'yramo
"rompeu-se teu coração, por amor a ele","Obok nde nhy'ã, saûsuba resé"
são muitos os peixes que são gostosos?,Setápe pirá seba'e?
outras aldeias frequentando,amõ taba rapekóbo
moqueei-o,Aîmoka'ẽ
algum diabão espião sempre me ameaça,Amõ anhangusu-manhana îepimemẽ xe momboî
como será que um habitante do inferno viveria neste mundo se deus o fizesse viver fora dali um mês?,Marãeté'ĩ ra'umope amõ Anhanga ratá pora rekóû ikó 'ara pupé oîepé îasy Tupã ebanõî suí o moingobérememo?
instrumento de fender lenha,îepe'a-mobokaba
o senhor deus,Pa'i Tupã
"meu clítoris, meu tamatiá",Xe ramati'ã
mais para cá,kybõ-ngoty bé
é enjoativa minha comida,I ting xe remi'u
deus fez uma certa mulher bondosa,Tupã amõ kunhãngatu monhangi
"ah, sobra-me alegria","Té, xe resemõ toryba"
varri os ciscos,Aytypeir
escondo-me bem estando deitado aqui,Aîemĩngatu kó gûitupa
"enfim, de volta!",Irõ bé!
"és parecido com um chamusco, ó coisa fedorenta!","-Nde rapixara pixé, mba'enem-y îu!"
"amarram suas mãos firmemente, fazendo-lhe mal","Îapopûar-atã, i moangaîpapa"
"vem, mãe de meu senhor, para fazê-lo estar contigo dentro de minh'alma","Eîori, xe îara sy, xe 'anga pupé serupa!"
fibras muito grossas,pó-anamusu
"por isso mesmo o maldito ataca os homens, fazendo piorar muito a maldade das pessoas","Nd'e'i te'e moxy abá ropenhana, abá angaîpaba moîerekoaibetébo"
guardando-nos,Îandé rarõmo
o que está vestido,iî aoba'e
teus olhos misericordiosos volta em minha direção,Nde resá-poraûsubara erobak ixé koty
"rio acima, a montante",y-apyrakoty
eu tenho as cavidades dos olhos encovadas,Xe resakûá-rorẽ
"coisa cotidiana, o que é de cada dia",ara-îabi'õndûara
"ainda sendo criancinha aquele nosso senhor jesus cristo era conhecedor de quaisquer coisas, como em sua idade adulta?",O pitangĩnamo bépe a'e Îandé Îara Îesu Cristo mba'e tetiruã kuaparamo sekóû o kakuaba îabé?
irrito-me habitualmente,Xe îemoŷrõndûer îá
hoje mesmo os malditos queimam,Oîeí bé muru kaî
morador de pacatá,Pakataygûara
"segundo seu costume, certamente deus perdoará a ti, afinal",O poekûabo ipó Tupã nhyrõnamo ndebe ko'yténe
"finquei-me, fiz pé firme",Aîeatyká
pélo a testa a mim mesma,Aîobabo'o
o que é de dia,arybondûara
tiveste relação sexual com pessoa solteira?,Ereîkópe abá-mendare'yma resé?
"por que, quando os inimigos cercam tua terra, o dia todo e a noite toda, estás preocupando-te com eles, não dormindo?","Marãnamo-pakó tobaîara nde retama pîareme ko'arapukuî pysaré ereîkó sesé enhemosako'îabo, ekere'yma?"
eis que a todos nós vence,Opá ã îandé moaûîéû
penetram os cravos dentro de tua alma,Oîké itapygûá nde 'anga pupé
"margem de rio, beira do mar",y-embe'yba
não querendo proceder segundo a vontade de sua própria carne,Og o'o remimotara rupi oîkó-potare'yma
todo seu sangue fazendo derramar,Og ugûy-tekatu i mo'ẽ-uká
"levou-me alguém consigo, por acaso, para longe me levando do meu bom caminho?","Xe reropîápe abá ri, kûepe nhẽ xe rerasóbo xe rapé-katu suí?"
"hei de levar todos para meu fogo, com seus amigos",T'arasó pá xe ratápe sembiaûsuba resebé
"abri-me a boca, bocejei",Aîeîuru-pirar
eu estou muito arrepiado,Xe pita'i-ta'i
"aqui estou, não me afasto deles","Aîkobé, n'aîepe'aî i xuí"
trago muitos,Arurusu
fazendo as pessoas detestarem umas às outras,Abá moîoamotare'ymuká
"a gente adora, com efeito, o que é feito de barro?",Nha'uma i monhangymbyra nhẽpe asé oîmoeté?
reformei seus atos,Asekó-nongatu
eu sou melhor,Ixé xe katueté
fiz uma cerca de moirões,Aybyrá-monhang
eu sou risonho,Xe pukasûer
vou para mandar fazer farinha,Asó u'i pûaîa
cera de ouvidos,apysakûarygugûá
ainda estou de pé,A'ã bé
caiu-me uma tormenta,O'ar yaíba ixébo
o que arde comigo,xe irũnamo okaîba'e
eu estou animoso,Xe rakubor
e a aproximação das dores de parto de uma grávida não é causa de se ter medo também?,"A'epe muruapora membyrasy kakara, na nheangûaba bé ruã?"
por causa da estrela sua guardiã,Îasytatá serekoarama resé
não te denunciarei,Nd'oromombe'uî xóne
"pensai que, nalgum dia, a morte virá para bater em vossas portas",Penheangerekó amõ 'ara pupé te'õ pe rokena motaka turagûama resé
"passar rápido, correr",kûab-apûan
o que foge com uma mulher contra sua vontade não pode casar-se com ela,Kunhã reroîabapara semimotare'yma rupi nd'e'ikatuî sesé omendá
fazendo-me mudar de direção por aí,Kûeîbo nhẽ xe rerobaka
"reritiba, minha terra, dela venho aqui","Rerityba, xe retama, i xuí xe ruri ké"
"ponta de topete, pontinha aguda de cabelo que alguns têm na testa",Tetobapy-apûá
tomou o pão em suas mãos,miapé rari o pópe
não trouxe nenhum parati,Nd'aruri amõ parati
sei fazê-lo,A'ekatu sesé
junto de si mesmo ninguém lhes dá de comer,O pyri abá n'omomba'e'uî
vós sois avaros com ele,Pe rekate'ym sesé
eu sou arredio,Xe îeîaî
que cheguemos ao alto,Ybaté t'orobasẽ
"o que é totalmente conhecido, coisa notória por fama",i kugûabypypabẽ
"de fato, quiseste matar mesmo o bondoso são lourenço","Supi é, ereîuká-potar é São Lourenço-angaturama"
dia muito bom surgiu para nós hoje,Arangaturameté o'a îandébo kori
onde deixou os outros?,Umãmepe amoaé reîari?
"em dois dias e no tempo de se fazer o terceiro, voltou a viver",Ara mokõî i momosapysaba pupé o ekobeîebyri
que disse a mulher que guardava a porta a são pedro?,Marã e'ipe kunhã okena rerekoara S Pedro supé?
protetora dos aflitos,moreaûsuba rerekoara
ias ali para ouvir a missa,"A'epe missa rendupa, eresó"
"estando doente, de verdade, não a ouviste, ou sendo preguiçoso?",Nde mba'easyramo épe nd'eresendubi koîpó nde ate'ymamo nhẽ?
conhecendo a morte ainda em sua primeira infância,O pitangĩ pupé bé te'õ kuapa
cabelo desgrenhado,a-bebó
eu sou liberal,Xe mosakar
sou um novato,Aîkó pysasuramo
"esse é meu antigo enforcador, uma taturana, um tamanduá","Akó xe îubykarûera, tataûrana, tamandûá !"
sob tuas mãos estamos,Nde pó gûyrype oroîkó
mexi-as,Aîapamonan
em que situações a gente reza para ele?,Mba'e-mba'eremepe asé îeruréû i xupé?
que habitante do mundo há como tu?,Abápe 'ara pora oîkó nde îabé?
importuna-me bem aquela lei nova,Xe moaîu-marangatu aîpó tekó-pysasu
não doutro modo eles me combaterão,Na marandé ruã i pokoki xe rine
creio na vida que não acabará,Arobîar tekobé opaba'erame'yma
colher de madeira,ybyrá pesẽ
cerca da aldeia,taba pîasaba
capim às pressas colocando,Kapi'ĩ anhẽ rerupa
fulano está muito atrás de mim,Xe resé-katu ahẽ rekóû
matei já os tupis,Aîuká umûã tupi
"comeu aquele fruto, causa de morte?","O'u nhẽpe a'e 'ybá, tegûama?"
marca antiga de pedrada,itá-porûera
"sua mãe, cobrindo-o bem, defende-o do frio","I xy, i aso'ikatûabo, oîopîá ro'y suí"
hei de viver assim,Emonã takó aîkó
minhas palavras somente cumprirás,Xe nhe'enga nhõ ereîporaká
arranco lenha,Aîepe'abar
quero muito mesmo todas as aldeias destruir,Aîpotá-katutenhẽ opabĩ taba mondyka
"não parece bem fazer ele a defesa da morte fora de jesus cristo, mas faz sentido que sua morte fosse a finalidade com que seu pai o fez viver","N'i aîarõî Îesu Cristo taté é te'õ suí i îepirapûana, tuba i moingoaba se'õ a'e i aîarõ"
pele imunda,piryty
sou feito,Aîemonhang
"o cauim está pela metade da vasilha, somente",Kamusi ku'a rupi nhote kaûĩ reni
"mulher bondosa, não tocada por homem",kunhã-angaturama abá bykagûere'yma
à direita de jesus tu somente estás,Îesu 'ekatuápe nde nhõ ereîmbé
faço roça,Akopir
narrar as coisas segundo o modo em que deus o instruiu,Tupã o motekokuapaba rupi mba'e mombe'u
à direita de jesus somente tu estás,Îesu 'ekatûápe nde nhõ ereimbé
"excitaste-o, querendo ejacular teu sêmen?",Ereîkapyrokype nde ra'y-pupuka potá?
embarco contigo,A'ar nde pupé
"contaste o mau procedimento de alguém, que somente tu viste, para as pessoas?",Ereîmombe'upe abá rekopoxŷagûera oîepebẽ nde remiepîakûera abá supé?
não queiras nem um pouquinho que eu vá para o fogo,Eîpotá-mirĩ umẽ tatápe xe soaûama
nossos cadáveres levantar-se-ão todos?,Asé re'õmbûera pu'am-pabine?
"que venha, por teus pedidos, deus para nos fazer felizes","T'oú, nde îeruresápe, Tupã oré moorypa"
mais de vinte,vinte sosé
com uma lança espetou seu flanco,Itamina pupé iî yké kutuki
"vamos, devagar, para queimar a terra dos malditos","T'îasó, mbegûé t'ixapy moxy retama"
o que se batiza,oîasukyba'e
depressa haja minha comida!,Keremẽ xe remi'u rekoaba!
"são um único e mesmo deus esse deus-pai, deus-filho e deus-espírito santo?","Oîepé Tupã memẽpe a'e Tupã-Tuba, Tupã-Ta'yra, Tupã-Espírito Santo?"
untei as penas nele,Asá-mongy
"o que é circuncidado, o que tem o prepúcio cortado",i 'amopikytĩpyra
cingi-me,Aîeku'apûar
castrei-o,Asapi'a'yĩ'ok
eu estou menstruada,Xe rugûy
que esteja tudo o que está na terra segundo a tua vontade,T'oîkó pabẽ ybypesûara nde remimotara rupi
"a dança é que é boa, enfeitar-se, pintar-se de vermelho","Moraseîa é i katu, îegûaka, îemopyranga"
"embora eles tenham igrejas, a todos arruinei",I tupãok îepé aîmomoxy pabenhẽ
"dali, daquela parte",akûea suí
"aqui os homens estão, na verdade, para me ficar ameaçando",Ké abá rekóû anhẽ xe renopu'ã-pu'ama
"eis que aqui estou, o que vos enxota",Aîkobé pe mondoarama
arrancando nossos vícios,Oré rekopoxy 'oka
"tão logo indo eu, ele veio",Xe só abé turi
estou sendo um tanto arrogante,Aîerobîá-pyryb gûitekóbo
somos desiguais um do outro,Oroîoaby
ele é fundo,Typy
eis que estas tuas futuras presas são muitas,Aîpó kó nde rembiarama setá
"não há ali choro, não há doença, não há fome, sede também não há","N'i tybi a'epe îase'o, mba'easy n'i tybi, n'i tybi ambyasy, 'useîa bé n'i tybi"
"eis que eu amo vossas almas, modificando os costumes antigos",Xe ikó asaûsu pe 'anga tekopûera rekoaboka
"outro dia, já não agora",karamosé é
foste traidor de tua esposa?,Eremondarõpe nde remirekó suí?
"de fora, do lado da rua",okara koty
eu sou curvadinho,Xe aparĩ
beco ou rua estreita,onhoba'ũ-mirĩ
estou-me sentando,Agûapyk gûitena
eu sou travesso,Xe resakûé-kûé
fico fazendo mimos,Anhemopoîá-poîaî
querendo ser servo de deus somente,Tupã boîáramo nhõ oîkó-potá
palavras vãs,nhe'ẽ-tenhẽa
passou a aflição,I pûer tekoaíba
"querendo que ele entre para junto de vós mesmos, lançai fora vossas maldades","Pe îoupé seîké potá, peîtyk pe angaîpaba"
ele o faz em muito tempo,E'i ymuanĩ ahẽ i monhanga
"ah, mas como me importuna o fedor dele!",Xe moaîu-te i nema mã!
o que é louvado,i mombe'uporangymbyra
"o forte, o bravo",tatã
como criança está sentado nos braços de maria,Pitangamo seni Maria îybápe
"hei de ir junto de ti, hoje, para comer aqueles reis","T'asó nde pyri, kori, aîpó tubixaba gûabo"
"eu, tatapitera, assim como meu grande fogo, inflamo os antigos ódios","Xe, Tatapytera, xe tatagûasu îabé, asapy nhemoŷrõmbûera"
aquentam-me,Xe pé
o bom do pedro,Pero angaba
"jesus, senhor da virtude","Îesu, tekokatu îara"
"quiseste embebedar-te outrora, impregnando-te de cauim?",Eresabeypó-potarype erimba'e kaûĩ pupé enhemomungábo?
desejando ardentemente ver tua face,Nde robá repîaka'upa
tocam na cabeça da gente,Opokok asé akanga resé
"vai, por acaso?",Osó nipó?
"possivelmente, provavelmente",emonã ipó re'a
catorze são aquelas coisas em que creremos,Catorze asé remierobîarama
comi,Akaru
eu sou risonho,Xe nhearõ
"ah, que bom seria a morte do fulano por aí!",Marãîasûaramo ahẽ kûepe se'õ mã!
fez-nos viver,Îandé moingobé
esses homens são os que portam riquezas para nós,Aîpó abá ma'e îara îandébe
afilei-o bem fininho,Aîmopoîĩ
não me detestam as prostitutas,Na xe reroŷrõî sygûaraîybora
apartei-os,Aîmoîa'ok
"trespassaram suas mãos juntamente com seus pés, sobre a cruz pregando meu senhor","Îaîpó-asá-sá i py resébe, krusá sosé nhẽ xe îara moîá"
"neste vale, lugar de chorar",ikó ybytygûaîa îasegûaba pupé
meu pensamento,xe 'anga
"fizeste o pajé ser feiticeiro, acreditando nele?","Ereîmoupixûarype paîé, serobîá?"
"o forro que se casou com uma escrava verdadeira, pensando falsamente ""-eis que esta é forra"", não se casou","Mbiaûsube'yma mbiaûsubeté resé omendaryba'e ""-miaûsube'yma kó"" o'îaba'upa, n'omendari"
prender escravos,tapuîa rara
"eia, roga por nossa virtude!",Katunhẽ eîerurébo oré katûagûama ri
"apoio-me sobre o braço, estando deitado",Aîeatyrung gûitupa
quantas vezes disse isso?,Mbobype aîpó i 'éû?
que tenha reparação teu roubo,Ta sepy nde mondagûera
o que manda a um falso pajé ficar defumando a si,Paîea'uba supé onhemotimbó-timborukaryba'e
"peso de orelha, orelheira",nambi-paîa
"embora eles fossem obra d'ele, alguns anjos tornaram-se maus","Aûîeté a'e semimonhangûera, karaibebé amõ amõ oîemoangaîpab"
eu sou redondo,Xe apu'a
"por causa disso, agora amo a meu senhor jesus","Aîpoba'e ri, ko'y asaûsu xe îara Îesu"
"quando morre seu cônjuge verdadeiro, uma pessoa não pode casar-se com algum irmão ou irmã dele","O me'engabeté re'õneme, abá nd'e'ikatuî omendá i asykûera amõ resé"
"ah, que velhaco!",Angaîpaba maniîabo mã!
"ambos tremerão hoje, assim que me virem","Mokõîbé osyî kori, xe repîaka rupibéne"
já fica ansiosa por vê-lo,Omoanhẽ ymã sepîakûama
deleitando-se com sua polução em seu sono,O kera pupé o pupukûera morypa
não me desterres tu,Xe pe'a umẽ îepé
aguço a ponta dela,Asapûá-mobyr
casa assobradada,okybaté
não sabe o senhor que eu sou um beberrão?,Nd'oîkuabipe ta'a kagûaramo xe rekó?
"não te convém o riso, não te fica bem o riso",Na nde arõî nde puká
"a gente confessa totalmente, de costume, seus próprios pecados?",Oîmombe'u pakatupe amẽ asé o angaîpagûera?
bico de pássaro fora do corpo,tĩmbûera
forno para potes,kamusi rapŷaba
"ah, bom tempo aquele em que lá fui!",Kûesenhe'ymĩkaé xe sóû a'epe mã!
"eis que sobre o capim ele está deitado, no lugar de comer da vaca","Kapi'ĩ sosé kó tuî, tapi'irusu karuápe"
o pai de meus filhos,xe membyra ruba
vem para fazê-lo experimentar o sofrimento,Eîori i moporaraa'anga
já se juntaram a eles muitos moços bebedores de cauim,Onheŷnhang umã sesé kunumĩetá kagûara
"são tiago, primo de jesus cristo, apóstolo, entregou sua cabeça e sua vida","S Tiago, Îesu Cristo ri'yra, Apóstolo, o akanga o ekobé me'engi"
qual outro é conhecedor senão ele?,Ma'e-kugûapara aé-amẽ ahẽ?
homem maduro na idade e no juízo,apŷabusu
mas que procurais nesta minha terra?,Mba'e-tepe peseká kó xe retama pupé?
tu vives?,-Endépe ereîkó?
"para uma grande escuridão, na verdade, iriam",Pytunusupe émo i xóûmo
que índios são esses?,Mba'e apŷabap'aîpó?
"do lado da superfície de, do lado de fora de",i apé koty
tomei-o às costas,Aîar xe aseî
a mim também o flechado bastião derrotou-me,Xe abé iî ybõmbyrûera Bastião xe moaûîé
o anjo revelou-se a ela como um rapaz muito belo,Karaibebé îepîakukari i xupé kunumĩgûasu-porãngaturamo nhẽ
eles bem sabem que não mudarão?,Oîkuá-katupe i îekûaboke'ymagûama?
o que estava à sua direita,i 'ekatûaba kotysaba é
que ele me leve para seu lugar de felicidade,Ta xe rerasó og orypápe
fi-lo ter vontade de comer,Aîmoîurué
"serão bons, doravante, os que eu guardo de costume",I angaturam ko'yré xe remiarõ îandune
ajudaste alguém num roubo?,Ereîpytybõpe abá mondá resé?
"o que deus faz, o feito de deus",Tupana remimonhanga
"ah, se tivesse percebido isso outrora!",Anhandu beémo erimba'e angûama mã!
"no meio do caminho, meninos assaltaram-me","Pé ku'ape, kunumĩ pu'ama'ubi xe ri"
ajudei-o em suas palavras,Aînhe'ẽ-pytybõ
"antigamente eu estava aflito, praticando meus vícios","Akûeîme aîkotebẽ, xe rekopoxy purûabo"
"coisa manifesta, pública, coisa notória por ser vista",ikatupesûara
"vem, ó meu senhorzinho!","Eîori, xe îarĩ gûé!"
regurgitei,Atuî
"eu, tatapitera, inflamo os antigos ódios","Xe, Tatapytera asapy nhemoŷrõmbûera"
movi-o,Aîmomỹî
mostrando-lhe certa árvore que estava no meio do seu jardim,Amõ 'yba gûemityma pyterype o'amba'e kuabe'enga
para o vosso encontro da virtude verdadeira,Tekokatueté pé pe gûasemagûama resé
como herodes mandou tratá-lo então?,Marãpe Herodes serekó-ukari a'epe?
estando de cor preta,Moroún oîkóbo
"eu estou febril, eu tenho febre",Xe akanunduk
todos os homens foram,Opá abá sóû
bebe cauim também minha sogra,Oka'u bé xe raîxó
"eis que minh' alma, à qual tu vens, há de estar como teu leito","Kó xe 'anga, nde rusaba, nde rupabamo t'oîkó"
arei-a,Aîybyyby'ab
faço sua futura casa,Aîmonhang sokûama
"que se alegrem, descansando","Ta soryb, oputugûabo"
"o que toca o tambor, o tamborileiro",gûarará mopusara
hei de obedecer muito a ele doravante,Asapîá-katupe angiré ká
deus-pai fez-te vir,Tupã Tuba nde mbouri
fazendo-o transformar-se em seu próprio sangue,Og ugûyramo i monhemonhanga
"ao morrer eu, que tu venhas para levar-me para o alto","Xe îekyîme, t'ereîu ybaté xe rerasóbo"
leva-o depressa,Erasó esapy'a
felizes estão todos os homens,Sory pakatu apŷaba
os homens batem nele à tua vista,Sesé abá pûari nde resápe nhẽ
lembrando-se de que deus os honra muito no céu,Ybakype Tupã i moeté-katu resé o ma'enduaramo
mataste?,Ereîukápe?
"que tenhamos, em sua morada, junto de ti, a vida eterna","T'orogûerekó, setã-me, nde pyri, tekó-puku"
pode o padrinho casar-se com aquele que batiza?,E'ikatupe morerokarûera omendá o emierokûera resé?
parede de casa,ó-pyá
"após acabar o mundo, fará voltar a viver , levando-os para junto de si para sempre",Ara pab'iré i moingobeîebyri o pyri serasóbo aûîeramanhẽne
"ah, quem me dera uma mulher viesse para o meu lado!",Our temõ kunhã xe posé mã!
eu tenho muitas bolhas,Xe piru'a-ru'a
ficando a observar o procedimento das pessoas,abá rekó andu-andupa
que deus te coloque nas alturas como sua própria filha,T'e'i Tupã nde moingóbo o aîyramo ybaté
"casarão, casa grande",okusu
o que é medido,sa'angymbyra
"que eles gritem, chorando!","Ta sasẽ, oîasegûabo!"
madeira ou armação para futura casa,ó-kangûama
quando ele peida,sepynõneme
"meu irmão gêmeo, o que nasceu juntamente comigo",xe kõîgûera
meu preço é pouquinho,Xe repy mokonhõ'ĩ
o que é malquisto,i amotare'ymymbyra
vou como alcoviteiro,Asó manhanamo
"eu sou guaixará, bebedor de cauim, grande boicininga","Gûaîxará kagûara ixé, mboîtiningusu"
adversária da morte,Te'õ rupîara nhẽ
ela tem folhas,Sob
tenho-a como minha namorada,Xe kunhã'ybamo arekó
o período anterior ao dia dele é dia em que se jejua,I 'ara renondesaba 'ara îekuakupaba
como estava orando a seu pai?,Marãpe seni og uba mongetábo?
em terra não os fazendo transformar,Ybyramo i moingó-ukare'yma
foram de novo alguns soldados para quebrar as pernas daqueles dois ladrões,Osó bé amõ maranaritekoara a'e mokõî mondá retymã mopena
"após passar o seu parto, santa maria levou seu filho jesus para o templo","O membyraragûera kûab'iré, Santa Maria o membyra Îesus rerasóû Tupãokype"
por acaso arrancaram sua roupa?,Oîaobok serã gûá?
fica aflito o padre por passar ali,Oîkotebẽ abaré uĩ gûasapaûama ri
"vai para prová-los, pois, para que transgridam a palavra de deus","Eîori sa'anga, rõ, t'otupã-nhe'engaby"
"tu, talvez, para retribuir, a vida má, o desejo sensual atiras nele o dia todo","Nde serã i poepyka tekomemûã, poropotara ereîapi ko'arapukuî"
"vinde, levai os malditos, erguendo-os, embrulhando-os","Peîori, perasó muru, supi i pokeka"
prendi-os um no pescoço do outro,O îoaîuri aîmoín
"está alegre, como eu, meu pai tupiniquim","Soryb, xe îabé, xe ruba tupinakyîa"
eu tenho garganta seca,Xe ase'o-tining
foi ela feita para ser a futura mãe de deus,Tupã syrama ri i monhangymbyra
e agora?,ko'yr é-katuetépe?
deseja ardentemente ver o nascimento de seu filho,O membyra 'arama osepîaka'ub
mostrando-lhe uma certa árvore que estava no meio do seu jardim,Amõ 'yba gûemityma pyterype o'amba'e kuabe'enga
vim de novo para externar minha alegria,Aîur-y bé xe roryba mombegûabo
amarrei-lhe os calcanhares,Aîpytá-pûar
o que come terra ou outra coisa,Yby koîpó mba'e amõ gûara
puni-o,Arekomarã
eu estou em guerra,Xe marãmotar
por sua morte deus-pai bem perdoa a nós?,Se'õagûera resépe Tupã tuba nhyrõngaturamo asébo?
peixe imprestável,pirá-poxy
a que amamenta,mokambûara
"e, principalmente, eles são adversários de agressores",Memeté a'e morero'arupîara
tinjo-lhe os pés,Aîpy-gûang
eu sou antigo filho de jetuú criei-me dentro dela,Xe Îetu'u ra'yrûera Anhemonhang i pupé
aceitaste suas palavras ao dar ordens a ti para alguma coisa boa?,Ereîmorype i nhe'enga mba'e-katu resé nde pûaîme?
fiz fogueira,Aîatapygûasu
"estai com pranto, como modo de honrar o que entra para junto de vós",Îase'o rakó perekó peẽmo teîkeara moetesabamo
minha família te ama,Xe anama nde raûsu
"eis que ontem trucidei gente, matando europeus","Kûeîsé kó aporapiti, aîuruîuba îukábo"
o resto de minhas presas trouxe para a rainha,Xe rembiara rembyrûera arurĩ reîa supé
"viram somente muitas chamas de fogo, parecidas com nossas línguas","Tatá-endy-etá, asé apekũ-abyare'yma anhõ osepîak"
hoje eu deveria ir,Kori temone asómo
meu filho que mama,Xe membykambu
ia de costume,Asó amẽîepi
bateste com o pau na tua esposa!,Ereropûar ybyrá nde remirekó resé!
"ainda mais nosso corpo tem saudades de sua alma, sua verdadeira companheira, a que o faz viver",Memetipó îandé reté o irũeté o moingobesara o 'anga repîaka'upa
se eu arrotar,xe eúme
"ah, ai de mim, o fogo do diabo sofrerei para sempre!","Ixé tekatuete'ĩ ra'u, Anhanga ratá aîporará aûîeramanhẽne mã!"
vê tu a variedade de coisas,Esepîak tekó paraba
paralelo a ele eu estava deitado,I porupy aîub
os cristãos como uma unidade,I mongaraibypyretá oîepegûasu îasûá
trouxe muitas destas ostras,Aruretá kó reri
surpreendeu-te deus a deleitar-te com nossas palavras,Nde resapy'ari Tupã oré nhe'enga morypa
maldizendo a lei de deus,Tupã rekó momburûabo
uns com os outros também o mataram,O îoirũmo bé i îukáû
levando uma outra semelhante a ela tão logo se consuma muito,I îaroketé rupibé amoaé sapixara rerasóbono
por isso mesmo todos os homens estarão secos,Nd'e'i te'e opá abá tiningamo
"nossa companheira de guerras, causa de nossa bravura","Îandé maranirũ, îandé abaîtéba"
não que não soubesse o que buscava,Na sekasaba kuabe'yma ruã
enxuguei-o,Aîmoaku'i
que pesa mais ao que está ali do que tudo o que sofre?,Mba'epe sasyeté a'epe tekoara supé opakatu semiporará sosé?
"com cravos espetando suas mãos, pregando-as","Itapygûá pupé i pó kutuka, i moîá"
fiz-me rapaz,Akakuab
sara mesmo minha alma somente com tuas palavras,opûerab é ipó xe 'anga nde nhe'enga pupé nhote
da mesma forma que o laço está parado e é o pássaro que vai para dentro dele,"Ma'etakó nhusana oín nhote, gûyrá aé osó i pupé"
terceiro,momosapysara
"conhece bem as guerras, ficando a esperar escondido as pessoas","Oîkuá-katu marana, morapearõ-arõmo"
"portanto, essa é a primeira finalidade de se aspergir a gente com água benta",Irõ aîpó 'y-karaíba pupé asé îeepyîtabypy
todo seu sangue deu,Opá og ugûy me'engi
cume de casa,okapyra
por longo tempo ele se deteve,Ymûanĩ ahẽ rekóû
eu dou tropeçada,Xe pysakang
levo uma vida boa,Tekó-katu aîporará
veio de novo ao lugar em que estavam deitados seus discípulos?,Our benhẽpe o boîá rupápe?
vem para o meu lado!,Eîori xe posé
logo o vento se levantará,Koromõ ybytu pu'amine
"portanto, eu vim a ti","Emonãnamo, xe ruri ndébo"
couraça que tem muitas lâminas,itaoba i apenhugûã-nhugûanyba'e
haste sem os grãos,ygûera
eu estou triste,Xe karukasy
sua remissão foi minha determinação,Sepyrama xe pûaîtaba
palavras de quem são essas?,Abá nhe'engûerape aîpó?
tive alento,Xe 'ãur
"agiste como não devias, certamente",Marandé ipó ereîkó
fez-me arder as pernas,Xe retymã-moîosar
"vem, coisa fedorenta, coisa nojenta!","Eîori, mba'enem, mba'e-poxy!"
"o que é comum é aquela mulher espedaçar nossas cabeças, ficando a derrubar-nos",Sekoaba'e kûé kunhã oré akanga i apiti oré moapará-pará
o resgate de minha alma,xe 'anga repymondykaba
"assim, de fato, eu determinei",Emonã nakó xe rekopotari
"entram grandes espinhos, espetando sua cabeça, furando-a toda","Oîké îugûasu i akanga kutuka, opá i mombuka"
"ontem, é verdade, alguns sumiram","Kûeîsé, rakó, amõ kanhemi"
que mal eu agi outrora,Akûere'õ xe rekóû rimba'e re'ĩ
semelhante a uma roupa de querejuá que brilha mais que o sol,Aó-kereîûá kûarasy sosé oberaba'e nungara
atraiu-se minha alma pela beleza de tua alma,Onhemomotá xe 'anga nde 'anga poranga ri
vem para amedrontá-lo,Eîori i mosykyîébo
"eis que, como está no céu, nosso senhor está dentro do pão nas mãos do padre, com certeza","Akó ybakype ogûekó îakatu, Îandé Îara rekóû miapepûera pupé nhẽ abaré pópe re'a"
eu soluço,Xe îeîok
"ao lado uns dos outros seus cadáveres estavam, ao longo do mar",O îoybyri se'õmbûera paranã ybyri i kûáî
a água benta seja o meio de viver de minha alma,Y i mongaraibypyra t'oîkó xe 'anga rekobesabamo
sumiu a canoa de mim,Okanhem ygara xe suí
"assim eu procederei, tendo saúde futuramente",Akûeîkó xe rekóû xe marane'yma rerekóbo rimba'e re'a
"ah, que atrevido é esse fulano!",Tekatunheté kó ahẽ mã!
"por amar muito vossas almas, como seus discípulos vos tomaram","Pe 'anga raûsukatûápe, o boîáramo pe rari"
estou atrás de caça,So'o resé aîkó
vespa pontuda,kabatĩ
"atrás de uma cerca feita de pedras, tomou a casa dos animais de criação como sua pousada",Ybyrá itá monhangymbyra kupépe so'o mimbaba roka ogûar og upabamo
"que nada! vou vencê-los, como sempre",Erĩ! Aîmoaûîé îandune
nosso anjo da guarda,îandé karaibebé
eu sou todo manchado,Xe pinĩ-pinim
"calava-se, estando de pé, não respondendo as palavras deles","Opyk o'ama, i nhe'engobaxûare'yma"
ambas as minhas coxas adormeceram,Opá xe uba îesyî
"pois se levas cães, se estiverem eles ao lado um do outro da sua própria raça, acolhem-se um pouco mais","Îagûara biãé ererasó, gûa'ysé o îoesé posé o ẽme, oîepysyrõ bé'ĩ"
aqui é minha casa,Iké xe roka
emendou também aquelas suas palavras?,Oîmoîoapyr-y bépe aîpó o nhe'enga?
"esse santo a vida de seu mestre escreveu para nós, deixando-a","Kó santo o mbo'esara rekopûera erimba'e oîkûatiar îandébo, seîá"
a lã em roupa transformamos,So'o ragûera aobamo îaîmonhang
"que venha logo o que me guarda para me livrar dele, combatendo-o","T'oú taûîé xe rarõana xe pysyrõmo i xuí, i momarana!"
ele há de morrer!,T'omanõ ká!
lugar em que estará fundada a igreja,Tupãokupagûama
emplumei-o,Asamongy
vou com pedro,Orosó Pedro pabẽ
na dor dos ciúmes ficaste suspeitando das mulheres?,Tygûyrõ rasype é kunhã eremondá-mondá?
não pode outra pessoa batizar em vez do padre?,Nd'e'ikatupe amõaé abá oporomongaraípa abaré suí?
o que ama verdadeiramente a deus não tem dificuldades em viver segundo os mandamentos de deus,Tupã raûsupareté n'oîmoabaíbi Tupã asé rekomonhangaba rupi o ekó
veio para visitar esta minha terra outrora,Our kó xe yby supa rimba'e
o que é o único filho dele,ta'yra oîepeba'e
como viajantes é que nós estamos nesta terra,Ataramo é asé rekóû ikó yby pupé
afasta o diabo deste dia em diante,Eîpe'a Îurupari kó 'ara suí
espevitei-o,Asatapyĩ'ok
fio embotado,aembé-korõîa
amarrei-lhe a cabeça,Aîakã-mbûar
acreditas na dança do guajupiá?,Ererobîarype Gûaîupîá moraseîa?
"imaginai, em vossa morte, estardes vós deitados",Peîmo'ang pe re'õ pupé pe ruba
"a gente diz ""anjos"" para eles por irem eles por sua vontade para longe, como que voando, muito rapidamente","Korite'ĩ-aíbeté obebébo berameĩ kûepe o emimotarybo i xóreme ""karaibebé "" asé i 'éû i xupé"
"corrige-os, censura-os, para que queiram livrar-se do inferno","Enonhẽ, eîakaká, t'oîepysyrõ-motá anhanga ratá suí"
numa certa noite,Putuna amõ resé
quando foi para visitá-la?,Erimba'epe i xóû i xupa?
"eu sou aquele em quem se deve acreditar, o que tem nome guaixará","Ixé serobîarypyra, Gûaîxará seryba'e"
"eu estou cansado, eu estou com sono!","Xe pûeraî, xe ropesyî!"
"o homem desanima, sem mais, de comer também",Omanõaibí abá o mba'e gûápe bé
que fizeram com ele antes de o enterrarem?,Marãpe serekóû i tym-y îanondé?
"conforme ela, curaste os doentes",Supibé eremombûeîrá mara'abora
eu estou feliz por causa de tua ida,Xe roryb nde só resé
seu corpo somente verão,Seté anhõ osepîakyne
levanto-me,A'am
"honra a gente também outros dias, neles não trabalhando","Oîmoeté bé asé amõ amõ 'ara, i pupé oporabykye'yma"
sendo também odiados,Seroŷrõmbyramo oîkóbo bé
hei de ir obedecer a essas palavras,T'asó aîpó nhe'enga mopó
o que está junto de deus,Tupã pyri oîkoba'e
estou quieto,Aîubĩ
tomaste o animal que a onça matou?,Ereîápe so'o îagûara remiîukapûera?
pedindo para nos ajudarem,Îandé pytybõagûama resé oîerurébo
preocupam-se todos os cristãos em saber isso?,-Onhemosaînan pabẽpe cristãos aîpoba'e kuabaûama resé?
quer perdoar muito a nós,I nhyrõngatu-potá îandébo
lembra-te bem de deus-filho ter-se feito menino por tua causa,Nde ma'enduá-katu nde resé Tupã Ta'yra nhemokunumĩagûera resé
carpi-as,Aîkapir
ele é muito grosso,Tubixabeté
vem novamente para curá-los todos!,Eîorino i mombûeîrá pá!
faze estar muito longamente esta aldeia em deus,Eîmoingó-puku-katu kó taba Tupã resé
"os moradores da aldeia, velhos, velhas, moços, homens, moças, como meus súditos todos em minhas mãos os tenho","Tapiîara, tuîba'e, gûaîbĩ, kunumĩgûasu, apŷaba, kunhãmuku, xe boîáramo pabẽ xe pópe arekó-katu"
"não te envergonhas, porventura, de ti mesmo, ao dominar-te o desejo sensual da carne podre?",Nd'eretĩ-piã nde îosuí so'o-aíba poropotara apyrasápe?
peca muito o homem que fica fazendo as pessoas fumarem?,I angaîpabetépe abá oporomopetymbûabo?
é certeiro esse maldito,I pûakatu kó muru
como a gente procederá para obedecer a deus?,Marãngatupe asé rekóû Tupã o apîaraûama rine?
os guardadores de cabra querem visitar seu senhor,Sygûasumé rerekoara oîosu-potá o îara
"daqui vou para longe, outras aldeias frequentando","Kûé suí asó mamõ, amõ taba rapekóbo"
"certo judeu velho mostrou o lugar em que ela foi enterrada, fazendo-nos alcançá-la","Amõ îudeu tuîba'e i tymagûera kuabe'engi, sesé îandé moîekosupa"
eu afrouxei,Xe apapub
recusando uma criança,Pitanga kuakupa
sobre quê será nossa conversa?,Ma'e resé îandé nhomongetá?
"desviaste de alguém, detestando-o, para não o ver?",Ereîpynekûápe abá i amotare'yma nhẽ sepîaka suí?
hei de me esconder bem,Aîemĩngatupe ká
que venha para levá-los todos,T'oú serasóbo pá
"tijucal, grande atoleiro, pântano",tuîukusu
"madeira fina, ótima",ybyrá-eté
fazendo escorrer o sangue dele,Sugûy mosyryka i xuí
"igualmente, após dá-lo à luz, estando virgem","A'erame'ĩ i mbo'ar'iré, omarane'ymamo"
"com uma lança de ferro espetou seu flanco, estourando suas entranhas","Itamina pupé iî yké kutuki, i nhy'ã moboka"
"dizendo algo, digo asneiras",A'é tenhẽ marã gûi'îabo
queimemo-lo!,T'ixapy! ou Ixapy!
atrai-me a roupa daquele,Xe momotar ahẽ aoba
"após nascer deus-filho de sua mãe, os judeus cortaram seu prepúcio",Tupã Ta'yra o sy suí i 'ar'iré îudeus i 'apira mondoki
"no meio, no centro, pelo meio, pela metade",oîopyterybo
deveria ir,Asó temonemo
eu estou esquelético,Xe kangûer
uns atrás dos outros,o îoakypûé-kypûeri
saiu-me de través,Xe raîé i xemi
"eis que era famosa, certamente, a bela vida de maria","Anhẽté, kó serapûan Maria rekó-poranga"
desviei as águas,Aty-mombîá
castrado,sapi'a'ỹî'okypyra
"eu hei de bem apanhar-te, na minha armadilha fazendo-te cair","Xe t'oropysy-katu, xe mundépe nde mbo'a"
enquanto houver o mundo o homem a bendirá?,Ara rekó pukuîpe abá i mombe'ukatune?
eu sou visitador,Xe posubixûer
gritei com ele,Aîakab
tua bondade não cessa,Nde angaturama n'opyki
"não, não os derrotarás","Aan, nd'ereîtyki xóne"
eu sou agradável,Xe matueté
"caem algumas vezes os frutos de suas árvores, sendo ainda flores, outras vezes em seu estado verde, outras vezes caem após seu amadurecimento","Okuî rakó amũme 'ybarambûera o 'yba suí 'ybotyramo oîkóbo bé, amõ rakó ogûakyra pupé i kuî, amõ rakó ogûaîub'iré i kuî"
ele não é fundo,Na typyî
não parece bem fazer ele a defesa da morte fora de jesus cristo,N'i aîarõî Îesu Cristo taté é te'õ suí i îepirapûana
monte de terra,yby-atyra
eu estou com dúvida,Xe akasang
"ai, que enfadonho és tu, de fato!",Tekatunheté rakûé endé hegûy!
como que para ele ficaste gritando hoje,I xupé îasûá oîeí eresapuká-pukaî
hei de levar todos para meu fogo,T'arasó pá xe ratápe
pus as bordas dela,Asembe'y-rung
"o próprio deus a gente honra, de costume",Tupã aé namẽ asé oîmoeté
"eu estou no cio, eu estou saída",Xe kûaruru
"antigamente, morrendo eu, o diabo, de repente, minha alma mataria com o pecado","Akûeîme, gûimanõmo, anhanga, esapy'a, xe 'anga oîuká angaîpaba irũmomo"
se eu tivesse ido,Mba'emeémo asó
"é muito feliz, certamente, o homem, após alcançar alguma verdade",Sorybeté rakó abá mba'eeté amõ resé o îekosub'iré
"vinde índios, em uníssono","Peîori apŷabetá, oîepé"
o molengão que convido,xe remipoîmembeka
eu sou uma pessoa desprezível,Xe abangaíba
o que reflete sobre sua morte,Se'õagûera resé onheangerekoba'e
tentando inutilmente o modo antigo de falar,o nhe'engabûera ra'angyîepébo
"eu estava de pés soltos, meus pés soltaram-se",Xe py-'ir
"como quando olhais para o céu, vedes sua beleza","Pema'ẽ rame'ĩ ybaka resé, pesepîak i poranga"
deixa que venha,T'oúne turi
"e, por outra parte, semelhantemente, o próprio mar será mais terrível do que foi seu costume",Kokoty paranã aé rame'ĩ o abaetéramo erimba'e gûekoagûera sosé
fui uma vez,Oîepé asó
será que me perdi?,Xe ropá serã?
"desvirginaste alguma menina, furando-a, estuprando-a?","Ereîmombukype kunhataĩ amõ, i mokûá, i mondoroka?"
confia em mim,Eîerobîá xe resé
que deram à sua mão direita?,Mba'epe oîme'eng i 'ekatuápe?
tendo falta do acompanhamento da farinha,U'i tyrama resé ekotebẽmo
eu sou pecador como meu pai,Xe ruba rupi é xe angaîpabamo
veio a aurora,Our ko'emytanga
"transtorno o coração das velhas, irritando-as, fazendo-as brigar","Aîpobu gûaîbĩ py'a, i moŷrõmo, i momarana"
que me livre deus do pecado,Ta xe pe'a Tupã tekoangaîpaba suí
mostra o erro de minhas palavras,Eîkuabe'eng xe nhe'engaipaba
farinha da mesma água da mandioca crua coalhada,typy'o-ku'i
"o inimigo da gente, o diabo","Morosumarã, Anhanga"
danei-me,Anhemoaíb
não é mais pão,Nd'oîkóî rakó miapéramo
"eu estou febril, eu tenho febre",Xe rakub
"talvez seja o anjo, guardião verdadeiro desta aldeia","-Karaibebé serã, kó taba rarõaneté"
"como dirá a gente em seu coração, olhando para o céu?",Marã e'ipe asé o py'ape ybaka resé oma'ẽmone?
ele conosco caminharia,A'emo îandé resé i atarimo
"serão bons, doravante, os que eu guardo de costume","I angaturam, ko'yré, xe remiarõ îandune"
"para ele trouxeram, como oferendas, ouro, incenso e mirra","I xupé ogûeru îetanongabamo itaîuba, ysykatã syapûãba'e, mirra"
era muito grande aquela cruz?,Turusu-katupe a'e cruz erimba'e?
toco de braço,îybá-asyka
as juntas de seus ossos afastando umas das outras,I kanga îepotasaba pe'abo o îosuí
forrei-o,Aîapŷuban
qual foi o primeiro?,Umãba'e ranhẽpe erimba'e oîkó?
varri os ciscos,Aytypeir
o que vê um homem furtar sem se importar,Abá mondarõ osepîakĩba'e
eu tenho palavras afáveis,Xe nhe'engangaturam
moro de parede-meia,Apyri aîkó
atiça o fogo para o que cozinhas,Esatapy nde remimõîa
acredita a gente nisso?,Ogûerobîarype asé eboûinga?
minha antiga região,xe retãmbûera
eu estou corcunda,Xe aŷpyasur
"sarauaia, vem para beber cauim","Saraûaî, îori ekagûabo"
usaste feitiço?,Mosangape ereîpuru?
estou há longo tempo,Oîeí aîkó
deixa que eu vá para tentá-los,T'asó sa'anga tenhẽ
um homem ladrão que foi posto na prisão como pena de chacinas,Abá-mondá morapitîagûera repyramo mundeokype i mondebypyrûera
comemoramos seu nascimento,I 'aragûera îaîmoeté
dentro dela está sua divindade?,I pupépe i tupã rekóû?
chego-me ao fogo,Arobyk tatá
"e pois, como há de ser?",marã-tepene?
água salgada estagnada,ye'ẽ-mbyka
para o inferno,-A'epe i 'anga mamõ i xóû? -Anhanga ratápe - E sua alma para onde foi?
eu sou calvo,Xe 'akuî
"não vitupereis as pessoas, ó meus filhos, para que tenhais seus bens","Pe poroanga'o umẽ, xe ra'yr-y gûé, ta perekó i mba'e"
"deus-pai tem mãos, tem mão direita, tem mão esquerda?","I pópe Tupã-Tuba, i 'ekatuápe, i asupe?"
reformo-o nos costumes,Asekonongatu
deverias ter sabido antes o que fazias,Ereîkuá ranhẽ meémo emonã nde rekorama
"compadece-te um pouco de mim, ó morte!",Xe raûsubá-mirĩ îepé te'õ gûé!
terão bernes e terão vermes os corpos miseráveis dos homens pecadores e das mulheres pecadoras,"I ur, sasok abá-angaîpaba, kunhã-angaîpaba reté-a'ubane"
tranca da porta,okena potãîa
"apressa-te, corre, vem!","Nde apûan, enhan, eîu!"
lançando palavras contra a lei de deus,Tupã rekó koty nhe'enga reîtyka
minha vaca que crio,Xe reîmbaba tapi'ira
estou desleixando,Atumbé-tumbek
sovei-a,Aîaîuká
a mim é como que pedra,Itá berame'ĩ ixébo
"bateste numa mulher grávida, matando o feto dela?","Erepûarype kunhã muru'abora resé, pitanga îukábo i xuí?"
a ti é que matam?,Ndepe nde îuká?
torci-me a mão,Aîepó-mongaraû
costumo alimentar gente,Xe poropoîxûer
trazei também o tacape!,Ingapema bé peru!
farta-me o peixe,Xe ytarõ pirá
faca de taquara,takûá-kysé
poeira da terra,yby tubyra
"falaste duramente a alguém, irritando-o?","Erenhe'eng-aparatãpe abá supé, i moŷrõmo?"
já vou,A'é uman ûixóbo
sou um menor de idade,Xe gûyrigûana
"não faz mal, não há problema",Na sasyî
eu sou trepador,Xe rybobõ
não estão casados os que não se casam diante de duas outras pessoas também,Amõ abá abé mokõî robaké omendare'ymba'e n'omendari
começando-os logo,Taûîé iîypyrunga
"zune como o vento, tremendo por causa de sua bravura","Ybytu îabé osunung, i abaeté suí osyîa"
deveria mandá-lo,Aîmondó-monẽmo
apressei-me muito,Anhemoaîu-katu
vai-te daqui já!,Ekûá ké suí ra'a!
"honro tua casa, dentro dela dançando","Aîmomba'eté nde roka, i pupé gûiporaseîa"
que aumenteis o amor a deus neste mundo,Ikó 'ara pupé Tupã raûsubagûera ta pemoîoapyr
ralo mandioca,Amie'ẽ
"tu não sossegas, não sabendo as ações dos inimigos","Na nde apysyki, tobaîara rekorama kuabe'yma"
que conheça o caminho do céu,T'oîkuab ybaka piara
"oxalá eu esteja muito bela, para que os homens me desejem","Xe porangeté temomã, a'emo abá xe potari"
morro subitamente,Amanõ-memûã
"compadeceste-te deles por ocasião de sua doença, acendendo seu fogo, alimentando-os, procurando-lhes alimento?","Eresaûsubarype i mba'easyreme, satá-á, i poîa, i poraká?"
"mandando fazê-los embarcar numa arca de madeira, semelhante a um navio","Ybyrá karamemûã, ygarusu nungara pupé i mo'aruká"
antecipei sua fala,Aînhe'engenondear
três chefes,mosapyr morubixaba
