source_text,target_text
grande folha caída,sobûerusu
que as veja logo,T'asepîak taûîé!
entrando em sua casa,nde rokype oîkébo
é certo que foi?,Osó ruãpe é?
eu sou hábil em agir assim,Xe popy'i emonã gûitekóbo
levantei-me enquanto dormia,Apakaíb
peço roupa a pedro,Aîeruré aoba resé Pedro supé
roço a mata,Aka'agûyrok
aquela cidade chamada jerusalém,akûé tabusu Îerusalém 'îaba
resgatei os índios,Aporepŷan apŷaba
como se eu dissesse,Xe 'é îasûaramo n'aé
faço minha futura casa,Aîmonhang oka - Fiz uma casa Xe rokûama aîmonhang
vocês falaram torpemente para vocês mesmos?,Penhe'eng poxype pe îoupé?
"quais são, por acaso, as ocasiões para ter medo da morte?",Mba'e-mba'e-piã te'õ suí nheangûaba?
ouve,Esendu
"adão, nosso primeiro pai, realmente nos fez perder","Adão, oré rubypy, oré mokanhemeté"
"um ou outro, porventura, foi mau às vezes","Oîepé-ĩombé, nipó, i angaîpab amõme é"
vocês estarão aflitos hoje,Peporeaûsu korine
você dirá isso somente a ele ou contará ao padre para que ele o repreenda?,Aîpó e'i nhote i xupéne konipó abaré supé i mombe'uû i akakapagûama reséne
perdoe-nos,Emoîerekûab orébo
"eu sou uma jibóia, eu sou um socó, eu sou o grande tamoio aimbirê","Xe îyboîa, xe sokó, xe tamuîusu Aîmbiré"
você fez com que uma mulher se pusesse sobre você para fazer sexo com ela?,Ereîmonhenongype kunhã nde 'arybo sesé eîkóbo?
"jesus cristo, o juiz","Îesu Cristo, tekomonhangara"
"eu estava mesmo esquecendo, não que eu quisesse omiti-lo","Xe resaraî é gûitekóbo, n'aseîá-potá ruã!"
tenho respiração acelerada; tenho muito fôlego,Xe pytubapûan
me agrada muito,Xe moapysy-katu
miolos da cabeça,a-putu'uma
calos nos pés,mby piru'a
aquele que foi enforcado,i îubykypyra
livra-me!,Xe pysyrõ îepé!
saiu para o pátio chorando muito dolorosamente,"Osem okarype, oîase'o-asy-katûabo"
de quem são aquelas palavras?,Abá nhe'engûerape aîpó?
desde ontem não como nada,Kûesé bé mba'e n'a'uî
"antigamente, estes habitantes da aldeia estavam sob minhas mãos.",Akûeîme kó tabygûara xe pó gûyrybo sekóû
eu desmaiei,Xe re'õ'ar
"para confortar a sua alma, nós o abraçamos","Nde 'anga moapysykápe, oroîaîubã-îubã"
a gente não se esquece do que é saboroso só na aparência,Seba'e-a'uba nhote resé asé na sesaraî
com uma pedra.,itá pupé
fazendo-me enxergar,Xe moma'ẽmo
"fugiram dele, deixando-o","Oîabab i xuí, seîá"
que esteja comigo também quando eu estiver em ocupação,Xe irũnamo bé t'oîkó marã xe rekóreme
acalmei-me,Aîukatu
a mulher obedece bem ao seu marido quando ele lhe confia boas coisas?,Osapîá-katupe kunhã o mena tekó-katu resé o pûaîme?
arrependendo-se de ter batido em ti,Nde resé i pûaragûera moasŷabo
vejo meu reflexo,Anhe'angepîak
eu sou sábio,Xe mba'ekugûab
eu sou calvo,Xe 'apytereb
"verdadeira morada de deus, filha de deus","Tupã rendabeté, Tupã raîyra"
sardas no rosto,tobá pinima
saca,aîogûasu
tem compaixão de nós.,Oré raûsubá îepé
viemos de longe,Îaîu kûepe suí
espiga dele,sara
"os que se casam transgridem muito a palavra de deus, traindo-se um ao outro?",Oîaby-etépe omendaryba'e Tupã nhe'enga o îosuí omondarõmo?
vi bem com os meus olhos que você as escondeu,Xe resá pupé-katu asepîak nde i mimagûera
"diante deles, ele foi subindo aos poucos",Sobaké suí mbegûé-mbegûé i xóû oîeupi
eu sou muito bonito,Xe aysó-katu
acordo de madrugada,Îeîbé apak
"eu estou ferido, eu tenho muitas feridas",Xe îá-xe îaó
glória vã,îerobîá-tenhẽa
estava muito satisfeito na morada deles,Xe apysy-katu sekoápe
os dons do espírito santo,Espírito Santo remime'enga
nós somos gêmeos,Kõîgûera oré
eu tenho um cachaço grande,Xe aŷpygûasu
pescador com puçá-guaçu,pysagûasu-eîtykara
a fala de fulano me repreendeu,Xe momotîasó ahẽ nhe'enga
esse realmente é seu nome?,Aîpó nhõ-pipó nde rera?
"além disso, o cauim transbordante nas igaçabas os atrai",Ygasápe kaûĩ-tuîa a'e ré îamomotá
fui ao encontro no meio das águas,Y pytera asopenhan
soltei as algemas dele,Aîpopûasá-rab
argola de ferro,itá-apynha
com algumas coisas saborosas,Amõ seba'e irũmo nhẽ
ferida na cabeça,a-pixapaba
"na verdade, você negará três vezes ser meu discípulo antes que o galo cante duas vezes",Mosapy ipó xe boîáramo nde rekó ereîkuakub mokõî gûyrá sapukaî'e'ymebéne
fazendo-a estar como presa de aguaixaí,Agûaîxay rembiaramo i moingóbo
você curou os doentes,Eremombûeîrá mara'abora
mas seria difícil para as pessoas comerem minha carne,A'e iî abaíbymo abá supé xe ro'o 'u
você procedeu segundo a determinação do padre para você?,Ereîkópe abaré nde moingoaba rupi?
pintei-o,Aîkûatiar
descreva sua terra para mim,Emombe'u nde retama ixébe
"e a mim é que faz vir hoje para empurrar vocês, enxotando vocês desta sua terra","Xe-te xe mboú kori pe moanhana, pe mondóbo ikó setama suí"
muitos meninos,kunumĩ-etá
o eixo da roda de madeira que gira,ybyrá-pararanga agûeá
vamos confiar nesses homens,T'i îerobîar apó abá ri
a cobra mordeu pedro,Mboîa Pedro îaîxu'u
cabelos arrepiados e desgrenhados,a-tyrá-bebó
meu senhor mata vocês,Pe îuká xe îara
"a mãe de deus, que cuida da virtude, é bondosa",Tekokatu angagûara Tupã sy-angaturama
"aonde chegaram com nosso senhor, afinal?",Mamõpe ybŷá Îandé Îara rerobasemi ko'yté?
que venha nos curar,T'oú îandé posanonga
não me dá oportunidade,Na xe mo'ekatuî
muitas coisas miúdas,ta'yrĩ-rĩ
"ah, quem me dera que eu fosse para o céu!",Asó temõ ybakype mã!
"aos tapuias trouxe as velhas de além de magueá; então, fiquei descansado",Tapuîpe gûaîbĩ aru amõ Magûeá suí A'ereme aputu'u
"jesus cristo virá de novo do céu, no futuro?",Our-y bépe irã Îesu Cristo ybaka suíne?
"lançando-os junto do diabo, com o qual queimará para sempre",Anhanga pyri seîtyka aûîeramanhẽ i kaîagûama
não serei pecador daqui em diante,Na xe rekopoxyî xûé angiréne
tenho os olhos tortos,Xe py-bang - Eu tenho os pés tortos Xe resá-bang
é terrível para mim vê-los,I abaeté sepîaka ixébo
deveria eu considerar apropriado ensiná-lo,Aîmbo'e be'ĩmo mã
para confundir a alma do inimigo,O 'anga sumarã o mbo'eaíme
me mudo,Asem
"miolo, tutano do osso",kanga putu'uma
"sendo mãe de deus, ela é a causa verdadeira da bondade dele",Tupã syramo oîkóbo é i angaturambabetéramo sekóû
querendo que a canoa passe adiante,ygara kûabĩ potá
pedra de beiço pontuda,metarapûá
"o fogo lhe convém verdadeiramente, para que nele se asse","Tatá nde arõeté, i pupé t'ereîesy"
"estamos sob suas mãos, apoiando-nos em você","Nde pó gûyrype oroîkó, nde resé oroîekoka"
nós estamos bem arrasados,Oré tygûé-katu
"à tona da água, na superfície da água",y-ape'ara rupi
muito escura é a alma de quem não é batizado,O pytumimbykamo nhẽ nhemongaraibypyre'yma 'anga rekóû
na sua terra,setãme
eles levam gente para as armadilhas,Mundépe i porerasóû
gastei-o totalmente,Aîmongûy-pab
que vá,T'e'i osóbo
"eu, o diabão assado",Xe anhangusu-mixyra
quem cumpre aquele?,Abápe aîpoba'e oîmopor?
eu o limpei.,Aseîkûaru'umbok
aquele que tolera quem quer trabalhar nos feriados,Aretéreme i porabyky-potaryba'e mborypara
ficando a tomar poções para que não se gerasse uma criança,Pitanga nhemonhanga suí oîeposanõ-sanonga
"vou comê-lo, pois",A'u nhẽne ky
vai!,-Ene'ĩ esóbo!
a gente o faz ir em busca de um padre também?,Abaré abépe asé oîpiamondó?
vem para persegui-lo,Eîori i momosema
"moço que aprende, moço aprendiz",kunumĩ-nhembo'e
sendo mau,O angaîpabamo
"trouxeram-lhe, como oferendas, ouro, resina dura que exala perfume, e mirra","I xupé ogûeru îetanongabamo itaîuba, ysykatã syapûãba'e, mirra"
a recitação das ladainhas,Ladainhas ra'angaba
aqui estou eu,Kobé aîkó
"meu pai, que me gerou",xe ruba xe monhangara
para ele mesmo,I xupé é
"jazimento de grandes pedras, penedia",itagûasutyba
eu tenho pintas,Xe pinim
"vem, compadece de mim",Eîori xe poraûsubara
faz você subir com ele hoje,Nde reroîeupi kori
"as flechas de são sebastião foram terríveis contra os malditos, assim como as de são lourenço","I abaeté muru supé São Sebastião ru'uba, São Lourenço pyri bé"
"aqui estou, eis que aqui estou",Aîkó
"você foi gabola, lembrando-se de coisas más?",-Nde nhe'engapaparaípe mba'epoxy resé nde ma'enduaramo?
o saltei,Aîapyrasab
meios de contar nas duas mãos das pessoas,mokõî asé pó papasaba
que afaste nossa maldade,Îandé aíba t'oîpe'a
crendo na sua ida para o céu.,Ybakype i xoagûera rerobîá
ele é azul,Soby
ele te chama em particular,Nde katu nde renõî
continuo mastigando-o.,Anhagûã-nhagûãî
venha comigo,T'îasó xe irũnamo
parto,Aîepabok
ela se enredou nos seus ramos,Sakã resé i îepokoki
no decorrer de quatro gerações,Oîoirundyk îeapyká sykápe
"sim, esses me satisfazem","Îé, aîpó xe moytarõ"
"coisa muito boa é a confissão, também como modo de impedir sua ida para o inferno",Mba'e-eté anhẽ nhemombe'u Anhanga ratápe nde sorambûera morambûesabamono
por que põe sua saliva no nariz da gente?,Mba'erama ripe asé tĩme o endy moíni?
as mulheres invocam o pajé caruara,Osekyî kunhã maîé Karûara
"taquari e tapera, que estão diante dela, acreditam em mim","Takûary, sobaîygûara, Tapera, xe rerobîá"
retirei-a.,Ano'ẽ
"porventura, os homens se tornaram muito maus depois de se multiplicarem?",Onhemoangaîpabeté serã apŷaba o îeapyká-eté roîré?
o aparei,Anhopan
"vem, coisa fedorenta!","Eîori, mba'enem!"
eu estou sujo,Xe ky'a
eco de minhas palavras,xe nhe'ẽ-'anga
empurre-o para o seu fogo.,Oîmoanhã satápe
o senhor deus te tornou muito bondosa,Nde moangaturameté pa'i Tupã
pedro é maior que você,Peró turusu-eté nde suí
como uma criança está nos braços de maria,Pitangamo seni Maria îybápe
eu não tenho resistência,Na xe rosangi
"ao passar pela minha família, você cuidava dela.","Xe anama gûatasápe, nde morerekoá sesé"
"se for difícil impedir essa minha morte, que a minha vontade não seja cumprida","Aîpó xe re'õnama rambûera abaíme, t'onhemonhang umẽ xe remimotara"
coisa mirrada ou muito seca,tining-atã
irritam completamente as pessoas,Oporoîrarõ mbá
eu tenho o sangue escorrendo,Xe rugûy-syryk
"após aquele revirar do mundo, os anjos vêm",A'e 'ara îepubur'iré a'ereme karaibebé ruri
eu estou com a boca entreaberta,Xe îuru-bok
de modo algum,-N'asé ruã-tepe o emi'urama oîmonhang? - Aani - Mas não é a gente que faz sua comida?
caminhei o dia todo por causa da tua fama,Agûatá ko'arapukuî nde rerapûana resé
"pele esfolada, fora da carne",pirûera
estou bem aûîé aîkó - estou bem,Aûîé aîub
para afugentar o diabo,Anhanga monhegûasemagûama resé
por isso mesmo me apoio em tua grande força,Nd'a'é te'e nde ratãngatu resé gûiîekoka
vinha com púrpura e espinhos,Aopyranga îu abé ogûerur
teia de aranha,nhandu'i-kesaba
parece que a nossa carne se volta contra a nossa alma,Onharõ-berame'ĩ asé ro'o îandé 'anga resé
inclina-se,-Oîerokype asé Cruz supé? -Oîeroky -A gente se inclina junto à cruz?
você acredita no pajé quando ele finge assassinar as pessoas?,Ererobîarype paîé porapiti mo'anga'uba?
você meteu a mão nas partes erógenas do seu próximo?,Erepo'ẽpe nde rapixara rapupé resé?
não chamar o padre para o doente que está consigo,Mba'easybora o îoesendûara supé abaré renõîe'yma
mais para cá,kokoty bé
"venham para comer a criança, o cuidado de deus","Peîori pitanga gûabo, Tupana resaetá"
o que faz trabalhar o seu filho e o seu escravo,"O a'yra, o embiaûsuba omoporabykyba'e"
pescador,îeporakasara
eu o furei,Aîmokûar
recipientes de pólvora,mokaku'i-uru
"pedaço de roupa, retalho de pano",aopesembûera
ajudante de são lourenço,São Lourenço pytybõana
"quando eu morrer, venha","Xe îekyîme, t'ereîu"
as juntas da cabeça,akanga îepotasaba
"você tem olhos cobiçosos, olhando para alguém?",Nde resá-poropotápe amõ resé ema'ẽmo?
me estiro,Aîetu'u
o goitacá ou o filho do guaianá está pronto?,Sekoaûîépe gûaîtaká koîpó gûaîanã ra'yra?
algo semelhante a um navio,Ygarusu nungara
vou com ele,Sesé orosó
"por isso mesmo, então, os judeus a puxaram com força, fazendo vir junto também a pele dele","Nd'e'i te'e a'ereme Îudeus sykyîatãmo, i pira abé reru"
não querendo que a luz de nossa alma se apague,Asé 'anga resapesaba gûeba potare'yma
uniu-se a nós,Îandé ri oîese'a
"eu mesmo, como se viu, já disse isso a vocês",Ixé aé ã a'é umûã nakó peẽme
por aqui,kóbo
teu ventre está cheio,I por nde rygé
trabalho com mariscos,Paranãmbora ri aîkó
"tenho corcova, estou corcunda",Xe kupeasur
vou cobrir você.,T'oropyk
"vêm em vão para me afastar os chamados ""padres""","Oú tenhẽ xe pe'abo ""abaré"" 'îaba"
"ei, pois, sapo maneta!","Ené, rõ, kururu-asyka!"
eu iria inutilmente,Îepémo asó
os maus desfaleceram,Onhemote'õ'a moxy
após vertê-la em alguma casca de coco,inaîagûasu apepûera amõ pupé i nhang'iré
"como modo de honrar sua vinda, honramos este dia",Turagûera moetesabamo kó 'ara îamoeté
eu seco,Xe rypab
"ao longo dos dias, a cada dia",ara rupi
que vá guaixará para o fogo!,Gûaîxará t'osó tatápe!
quero ir para sua terra,Asó-potá nde retãme
eu o cocei,Ase'yĩ
à noite,putunyme
riacho,yekûabusu
"tenho bom abrigo, estou bem abrigado","Xe 'ang - Eu tenho abrigo, eu estou abrigado Xe 'ãngatu"
anunciando os acontecimentos futuros,Tekorama mombegûabo
levei-o nas minhas costas,Xe aseî arasó
homem muito entendido,abá-tekokugûá-katu
é certo que o comungante deva comungar sempre algumas vezes?,"A'eboépe Tupã rasara Tupã rari amõme, îepi?"
será que vocês amam o seu salvador?,Pesaûsu ra'upe pe pysyrõana?
o que suas palavras proclamam,i nhe'enga mombegûara
tudo faz a aldeia pecar!,Opá taba moangaîpabi!
a água benta também faz abrandar o que os doentes sofrem,Mba'easybora remimborará moarybé-ukasara bé 'ykaraíba
ela teve uma penca uma vez,Oîepé i pem
"assim como as pessoas celebram o dia dos santos, do mesmo modo também cultuam até mesmo seus ossinhos, tendo-os no pescoço.","Oîabo asé santos 'ara kuabi, oîabo bé asé i kangûerĩ tiruã momba'etéû, o aîuri serekóbo"
cortei o prepúcio dele,Aî'amopikytĩ
estive por muito tempo,Ymûanĩ xe rekóû
"você cumpriu as palavras do seu confessor — a autoflagelação, os jejuns?","Ereîmoporype nde monhemombegûara nhe'enga, nhenupã, îekuakuba?"
são muitas as grandes igaçabas,Setá nhẽ ygasabusu
"meu nome é ""sapo achatado"".","Xe rera ""Kururupeba"""
lamente-se!,Eîeapirõ!
estou deitado de bruços,Oobapybo aîub
estou me escondendo; estou vivendo como fugitivo,Xe tekoaraibor gûitekóbo
ela está leitosa,I 'aysyk
alimentar os famintos,Ambyasybora poîa
"na verdade, só estas retirei dos malditos",Kó nhõ anosẽ îepé moxy suí
casa de barro,nhau'umoka
o que a gente evoca diante dele como sua esperança?,"Mba'epe asé osenõî i xupé, o îerobîasabamo?"
o que cristo deixa como chefes dos cristãos batizados,Cristãos i mongaraibypyra tekokuaparamo Cristo remieîara
eu sou gritador.,Xe nhe'engatãndûer
"então ergueram a cruz, fincando-a?",A'eîbépe ybŷá cruz mo'ami i atykábo?
voltará a confessar todos os que confessou e também os que escondeu,O emimombe'upûera o emikuakugûera irũmo bé i mombe'uîebyrine
fico zombando dele,Aîkurá-kurab
de madrugada eu me levanto,Îeîbé apu'am
"assim, dessa maneira, a gente subirá para o céu, depois de lançar fora seu grande peso","Nandé rakó asé îeupiri ybakypene, o posyîusu reîtyk'iré"
"cabeça ""enrugada""",akangapixa'ĩ
volta teus olhos compadecidos para nós,Erobak oré koty nde resá-poraûsubara
"eis que também darei algumas das minhas presas para ti, para que quebres suas cabeças","Kobé xe rembiaretá t'ame'ẽne amõ endébo, i akanga t'ereîoká"
estou me agachando,Anhemombeb gûitena
eu sou antigo filho de jetuú,Xe Îetu'u ra'yrûera
como uma criança nascendo,pitangamo onhemonhanga
"sábio fingido, pseudo-sábio",mba'ekugûapara'uba
fico zombando das pessoas,Aporoîaî - Escarneço das pessoas Aporoîá-roîaî
certamente! sem dúvida! assim é! tem razão! é verdade!,anhẽ rakó!
"eu vim do rio dos paratis para ver a mãe de deus, ficando a me enfeitar","Xe Parati 'y suí aîu Tupã sy repîaka, gûinhemoîegûá-îegûaka"
fiquei em pranto,Aîase'o-rekó
pedra de afiar que gira; pedra de afiar de barbeiro.,itaky-nhatimana
"antigamente eu ficava sempre junto de você, no alto do morro","Akûeîme apytá memẽ nde pyri, ybytyrapûápe"
confessando a gente,Asé monhemombegûabo
a canoa já está pronta,I aûîé umûã ygara
para honrar a deus,Tupã moeteagûama resé
arruinei a todos,Aîmomoxy pabenhẽ
que ele faça com que deus se lembre de nós,A'e îandé resé Tupã t'omoma'enduar
cortei um pedaço,Asykûera aîasy'ab
"sineta de mão, sinozinho manual, campainha",itamaraká-mirĩ
eu estou muito empanturrado,Xe rebykatãgûasu
o homem simplesmente desanima também das suas danças,Omanõaibí abá o poraseîtápe bé
"""que se enfraqueça, que amoleça""","""T'onhemomembek, t'onhemoapapu"""
rego de água,y rapé
minhas palavras sobre aqueles fatos futuros não vão se esvanecer nem um pouco,N'i rambûé-mirĩî xûé aîpó tekorama resé xe nhe'engane
nos enfileiramos,Oroîoysyrung
sentou-se em público,Te'yîpe nhẽ i gûapyki
riscaram todo o seu corpo com ferro pontiagudo,Opá nde reté raíri itatîãîa pupé
indo trabalhar,Ûiporabykŷabo gûixóbo
mostram-se a tramar mentiras,E'i mo'ema monhanga
mãos entorpecidas.,pó-e'õ
doador de nossa vida,Îandé rekobé me'engara
eu estou liso,Xe sym
você desvirginou alguma menina?,Ereîmombukype kunhataĩ amõ?
sal bento pôs na sua boca para que a palavra de deus lhe seja muito saborosa,Îuky-karaíba oîmondeb nde îurupe ta se'ẽngatu Tupã nhe'enga i xupé
iriam para uma grande escuridão,Pytunusupe émo i xóûmo
"será que vocês estão sossegados, sem mais, com seus montes de maldades?",Pe apysykĩ serã peîkóbo pe rekomemûã aty-atyra pupé?
"com saudades do neném, vim da minha casa","Pitangĩ repîaka'upa, aîur xe roka suí"
mate-o para mim diante do pajé ruim,T'ereîuká ixébe paîé-aíba supé
eu sou um jaguaretê comedor de gente!,Xe îagûareteporu!
tipo de corte de cabelo dos índios,andyrá-'aba
você também pode tomá-lo algumas vezes em outros dias?,E'ikatu bépe amõ 'ara pupé amõme asé tara?
"ficaste bêbado de cauim, perdendo o juízo?","Eresabeyporype kaûĩ suí, 'ara mokanhema?"
santa maria está pensando na aproximação do seu parto,Santa Maria o membyrá-kakara omo'ã-mo'ang
os outros não ficam receosos de não serem objetos do perdão de deus?,N'oîkotebẽî amõba'e Tupã nhyrõsabe'yma?
o oposto daqueles pecados,aîpó tekoangaîpaba robaîara
"ele, depois de crescer, entregou-se aos homens maus, deixando-se matar na cruz","A'e o kakuab'iré, i nheme'engi apŷabaíba supé, oîeîuká-uká ybyraîoasaba resé"
você quer seu batismo?,Ereîpotápe nde nhemoîasuka?
eu sou muito pecador,Xe angaîpab-eté
como sem você,Amba'e-'u nde suí
"são muitos os desconhecidos que somente deus, o criador deles, conhece",Se'yî i kuabypyre'yma Tupã i monhangara remingûaba nhõ
gordura animal,mba'e-kagûera
a embelezou mais do que a todos os seres humanos,Abá sosé pabẽ i momorangi
entalhe da flecha,u'uba nhã
"sofreu, suportando o fogo, e teve alegria depois da sua morte","Sosang, tatá porarábo, o manõ riré toryba rerekóbo"
"ah, se viesse!",Tera'ute oú
"você tem compaixão da sua mãe e do seu pai quando eles estão deitados, doentes, e é responsável por eles?","Eresaûsubápe nde sy nde ruba i mba'easy tume, sesé nde morerekoaramo?"
alguns santos,amõ amõ santos
eis que vais,Eresó ûĩ
eu estou inchado,Xe pungá
"depois de resgatar bem suas antigas maldades, regozije-se muito com a virtude","Nde rekomemûãagûera repyme'ẽngatu roîré, t'ereîekosubeté tekoporanga resé"
eu não estou sendo fantasioso,Na xe poranguî gûitekóbo
vou me embebedar para perder o juízo,T'asabeypóne 'ara mokanhema
"que estes, em quem mandas, lancem fora toda a maldade",Kó nde remimbûaîetá t'oîtyk pá tekopoxy
"antigamente você frequentava nossa terra, amando-a","Akûeîme eresapekó oré retama, saûsupa"
sus! vão!,Pene'ĩ pesóbo
"bem cedo, bem de madrugada",îeîbeté
"mas apanhe primeiro, meu chefe!",Eîá-te xe rubixaba!
pelo sinal da santa cruz livra-nos tu,Santa Cruz ra'angaba resé oré pysyrõ îepé
sou diferente,Aîkoé
o cauim que é preparado para me receber,kaûĩ xe renotara
daqui a pouquinho vou castigá-lo,Aînupã apyri'ĩ
minha bolsa não contém mais nada,N'i pori be'ĩ xe aîó
"e também, mentindo, o que acontece com aquele que invoca sua alma?","O 'anga renõîndara abé o îuraragûaîamo nhẽ, marãpe?"
a mirra de polpa era o anúncio de sua futura morte pelo povo,To'o suí mirra moroesé se'õagûama mombegûaba
eu me encosto nele,Aîekok sesé
quando você cumprirá isso que diz?,Erimba'epe aîpó nde 'îaba ereîmopóne?
ainda hoje fazendo-os cair,A'ebé kori i mbo'ane
ajuntamento de canas-de-flecha,u'ubá-tyba
"ah, oxalá ele viesse!",Marãîasûaramo turi mã!
diferenciando-a das outras mulheres,Amõ kunhã suí i moingoébo
este é o máximo,Kó-tene i îaeté
deste veneno para uma mulher grávida?,Ereîme'engype mosangygûaba kunhãmuru'abora supé?
trouxe coragem,Myatã ogûeru
minha alma fica firme,Xe 'anga moteni
poleiro de aves,gûyrá-kesaba
quantos são os mandamentos dele para a gente?,Mobype a'e asé rekomonhangaba?
"ficando ansiosamente à espera da morte korikorinhẽa'ub 'ara repîaki, i moanhẽmo — deseja logo ver o dia, ficando ansioso por ele",Te'õ moanhẽ-anhẽmo
"o que você escondeu, na verdade? onde você roubou?","Nde remimimbûera, anhẽ, umãmepe nde mondá?"
"é mole, está nas mãos do diabo.","I membek, Anhanga pó gûyrybo nhẽ sekóû"
apaga o fogo,Emogûeb tatá
o assar do pão,miapé îyba
"por isso mesmo, a pessoa que deseja a virtude mirra-se de corpo.",Nd'e'i te'e abá tekokatu potasara gûo'opore'yma
aquelas que dizem coisas más,Marã e'îara
é terrível para mim vê-los,I abaeté sepîaka ixébo
rapariga,kunhataĩ-a'uba
e como alguém procederá ao encontrar aquilo que esqueceu?,A'epe marã abá rekóû a'e o esaraîagûera supé ogûasemane?
eu mordo a cabeça dele,Aî'asu'u
tendo alegria depois de sua morte,O manõ riré toryba rerekóbo
a flecha foi para outra coisa que não era o pássaro,Gûyrá taté u'uba sóû
"tenho meu modo de ser diferente, oré rekó-rekó-aé oroerekó - temos nossos modos de ser diferentes",Xe rekó-aé arekó
você veio do céu,Ybaka suí ereîur
faço-o ficar doente,Aîmomara'ar
vou vê-lo,T'asepîáne
eu tenho criações,Xe reîmbab
ali fiquem enquanto eu não os informar acerca de seu futuro retorno,Ebapó ta peîkó pe îebyragûama resé ixé nde momorandube'yma pukuî
"capim que estala, junco",kapi'ĩ-pururuka
"venha, nomeie os que você derrota por aí","Îori, esenõî angá kûeîbo nde remimoaûîé"
terei relações sexuais somente com meu cônjuge verdadeiro,Xe mendasabeté resé nhõ t'aîkóne
remédio curativo,mosanga moeîrabyîara
lanço palavras contra ele,Aîtyk nhe'enga sesé
untei as penas de pássaro,Aîmongy gûyrá-aba
mandei fazer palma,Apindó-pûaî
no fim do mundo,ara papápe
isso o senhor deus não quer,Ianga Pa'i Tupã n'oîpotari
me acovardo,Amembek
cantinho dela,sûá'ĩ
eu sempre ensinei as pessoas publicamente,Te'yîpe memẽ nhẽ ixé aporombo'e
o homem que consome um objeto furtado ou que o leva para sua casa,Abá mondarõagûera o'uba'e koîpó og okype ogûerasoba'e
fui sem resultado,Asó biã
vou flechá-lo!,T'aîybõne!
fizemo-nos passar uns pelos outros; passamos uns com os outros,Oroîoerokûab
tirei o luto,Aîeaibok
"sempre os malditos nos dizem maldades, muito perversamente",Memẽ nhẽ moxy îandébo marã e'i-memûã-memûã
tenho a pele arrepiada,Xe ro'o-piring
eu os distribuo,Aîma'e'ĩ
ela é muito bojuda,I ku'agûasu
tenho uma vida boa,Tekó-katu arekó
contando as maldades escondidas de alguém para quem não as conhece,Abá angaîpá-nhemima i kuapare'yma supé mombegûabo
olhando pela ponta dos seus olhos,Nde resá-popybo ema'ẽmo
"venham, abracem o neném compadecedor","Peîori, peîaîubã pitangĩ-moraûsubara"
deus-pai,Tupã Tuba
"então os anjos virão, chamarão os mortos e tocarão trombetas","A'ereme karaibebé ruri, te'õmbûera renõîa, mimbygûasu pŷabo"
estive sentado no tronco de uma árvore,Ybyrá-ypype aín
estes que estão em ibiapaba,kó Yby'apapesûara
trucidador,morapitîara
"eia, avante!",Nde katunhẽ
do nada ele fez nossa alma; foi com sua palavra que ele a fez,"Nama'eruã oîmonhang asé 'angamo, o nhe'enga pupé é i monhangi"
isto pela primeira vez,Ang é
ovo de arinhama,arinhama rupi'a
você contou a alguém que ficou passando a mão em mulheres?,Ereîmombe'upe kunhã resé nde pokó-pokokagûera abá supé?
"acredite, meu padrinho, vão te prender hoje","Erobîá, xe rubangab, ta nde moembiá kori"
você foi desonesto com alguma irmã verdadeira de sua esposa?,Nde poxype nde remirekó asykûereté amõ resé?
"meu senhor, eis que não sou digno de que entres em meu coração","Xe îar, na xe angaturami ã a'emo ereîké xe py'ape"
exceto o vermelho,pyrangaíb
fiquei puxando a cabeça dele.,Aîakangeky-ekyî
eu estou debilitado,Xe aíb
"estorvo do anzol, isto é, a corda com que se reata este",pindá-aŷpypûasaba
sua muita bondade se engrandecendo,I angaturãngatu moeburusûabo
tornei a água sua turva,Aîmo'ypiting
sua luz chegou até nós para sempre,Osyk oré ri sendy îepi nhẽ
"muito bem, então! que venha","Aûîebeté, rõ! T'oú"
lembrando-nos,îandé ma'enduaramo
"levaram-no para um certo palácio, fizeram-no entrar e reuniram ali soldados fortes por sua causa","Ogûerasó amõ okusupe seroîkŷabo, a'epe maranaritekoaratã reŷnhanga sesé"
"""ah, coitadinho de mim"" é o que se ouve ali","""Xe poreaûsubeté'ĩ mã!"" sendubypyramo a'epe"
os que têm a bem-aventurança são os que promovem a paz entre as pessoas,Tekokatueté rerekoara oporomonhyrõba'e
balanço o meu rabo,Aîmobabak xe rûaîa
esta fruta me trava a língua,Xe apekũ-mombyk ikó 'ybá
reconhecendo que você é o seu próprio criador,O monhangaramo nde rekó kuapa
"igualmente, guardem a terra de vocês",Oîoîá osarõ nhẽ pe retama
"está muito a propósito, está sem mais nem menos",A'eboé tuî
fazendo com que as pessoas sintam ódio umas das outras por causa de alguém,Abá resé nhoamotare'yma rerekouká abá supé
"quem não saberia ter comido algo bom, esquecendo a excelência do seu sabor?",Abámo mba'e-katu 'uagûera n'oîkuabi xûé sé katûagûera resé o esaraîamo?
"ah, quem me dera não ter transgredido antes suas palavras!",N'aîabŷî xûé temõ erimba'e nde nhe'enga mã!
você não vai morar com sua gente?,Nd'ereîkóî xópe nde anama irũmo?
eis sua ameaça aqui!,Kó nde momboîtaba kó!
campo limpo,nhũasyma
vencedora,moroîtykara
para além de lisboa,Lisboa akûeakoty
cabeceiras de rio,y-apyra
o próprio pedro me mandou agir assim,Pedro aé emonã xe moingó-ukar
enterrando os antigos vícios,Tekopoxypûera tyma
no interior da embarcação,ygá-pype
sou um homem feito,Xe abagûasu
"após o sol, a lua, a terra e o mar entrarem em colapso, então os anjos vêm","Kûarasy, îasy, yby, paranã rekomemûã roiré a'ereme karaibebé ruri"
eles não querem bem aos seus próprios companheiros,O irũ n'oîamotari
você apartou alguma mulher de seu marido?,Ereîmombo'irype kunhã amõ i mena suí?
"todos os seus avós estavam em pranto, recolhendo-se","Pe ramỹîa pabẽ rakó îase'o rerekóû, îemoingeabo"
vai à fonte,Kûãî 'ype
daí virá para julgar todos os que vivem e os que morreram,A'e suí turi oîkobeba'e omanõba'epûera pabẽ rekomonhangane
estou muito desfigurado,Xe té xe té
tomei emprestada a canoa do índio,Aîporu abá ygara
"mas, de verdade",anhẽ ruãp'anhẽ
"tupiniquins, habitantes daqui, espiões inimigos","Tupinakyîa, keygûara, tĩapyra moroupîara"
da mesma forma que fulano matou alguém há tempos,Mba'enakó ahẽ amõ îukáû akûeîme
peguei-o de surpresa,Asa'ubar
a morte não se aproximou de você,Nde resé te'õ n'osyki
injúria recíproca,îoa'o
"foi pregado na cruz, foi morto e foi sepultado","Ybyraîoasaba resé i moîarypyrûeramo sekóû, i îukapyrûeramo, i tymbyrûeramo"
o sol faz com que as pessoas sintam muita sede,Kûarasy oporomo'y'useîeté
"pedra de amolar giratória, pedra de barbeiro",itakynhatimana
eram completamente bons quando deus começou a criá-los?,I angaturam sykype erimba'e Tupã o monhang-ypyreme?
"e o que invoca a deus por algo que não é verdade, o que acontece?","A'epe supindûare'yma resé Tupã renõîndara, marã?"
que pareçam se juntar como um só,T'oîese'ar-y berame'ĩ oîepekaturamo
"lit., tromba comprida, gorgulho, inseto coleóptero",tĩmuku
"ai, por mais que eu esteja procurando alguma pousada, irra, o padre sempre me faz sair da aldeia","Akaî! Aseká îepé mytasaba amõ gûitekóbo, erĩ!, xe mosẽ memẽ taba suí abaré"
"retiraram-no para o pátio, colocando uma cruz em seu ombro","Okarype senosemi, cruz nonga i ati'yba ri"
deus deixou de amá-los,Tupã osaûsupe'a
escória do ferro,itá repoti
o que é frito: a fritura,i mosyryrĩmbyra
suas palavras ásperas não cessam,I nhe'engasy n'opabi
"logo que a alma da gente sai de seu próprio corpo, seu envoltório, deus a julga","Ogûeté suí, o uru suí, asé 'anga sẽme bé, Tupã sekomonhangi"
nos apegamos a você,Oroby'a nde resé
o que conta os pecados escondidos de alguém,Abá angaîpá-nhemima oîmombe'uba'e
eu estou fendido,Xe îurubok
quem foge com uma mulher não pode casar-se com ela,Kunhã reroîabapara nd'e'ikatuî sesé omendá
"para ele trouxeram, como oferendas, ouro, incenso e mirra","I xupé ogûeru îetanongabamo itaîuba, ysykatã syapûãba'e, mirra"
"ele, após crescer, entregou-se aos homens maus, deixando-se matar na cruz, estendido","A'e o kakuab'iré, i nheme'engi apŷabaíba supé, oîeîuká-uká ybyraîoasaba resé i moatãmbyramo"
para onde será que eu irei?,Mamõ serã xe sóûne?
"após acabar o mundo, os fará voltar a viver","Ara pab'iré, i moingobeîebyri-ne"
"por isso mesmo, só restará chorar sem parar",Nd'e'i te'e îase'o anhõ monhanga i mombyke'ymane
não foi à toa que os feriados surgiram para nós como uma intercalação no trabalho,Na tenhẽ ruã 'areté marãtekoaba ri oîoparabamo 'ari îandébo
velha muito maldosa,gûaîbĩ-marã serã-serã
"dentro dele está jesus cristo, sua divindade e seu corpo por inteiro","I pupé Îesu Cristo rekóû, i Tupã, seté abé gûetependûara pupé"
"terra avermelhada, barro",yby-pytanga
os parentes da minha mulher,xe ra'ysé
"você vomitou cauim, brigando por causa dele?","Ereîmoîebype kaûĩ, sesé nde apore'ymamo?"
"os desejos sensuais, a lascívia e as maledicências não acabam","N'opabi moropotara, tesãînana, marã'é"
dei-o por dar,Aîme'engĩ
"se me mandasse, eu iria","Xe mondórememo, asómo"
levo-o na sua trela,I xama ri arasó
"tratada assim, certamente uma pessoa fica bem",Emonã serekopyra rakó abá obasẽ-porang
só um bocado.,oîepé îuru nhõ
a afio,Asaembe'e
"o que informa, o que avisa",momorandupara
"eu tenho uma caminhada ligeira, ando depressa",Xe atá-pûan
eu tenho diarreia,Xe rybykasy
amontoado de cipós,ysypó-tyba
remo,Aygapukuî
"portanto, não morri com um pecado sequer!","Irõ, oîepé tiruã pecado n'aromanõî!"
proclamando a lei de deus,Tupã rekó mombegûabo
"é assim, porventura, que você responde às palavras do chefe?",Emonã-pipó morubixaba erenhe'engobaîxûar?
ameacei outrora os tupinambás,Aîmomburu akûeîme tupinambá
"atravessando o oceano, fui para fazer os tupis pecarem","Paranãgûasu rasapa, asó tupi moangaîpapa"
você se confessou antes de seu filho nascer?,Erenhemombe'upe nde memby-kuî îanondé?
nossa alma foi feita do nada,Nama'eruã oîmonhang asé 'angamo
estão em grande número; são muitos,Tyk e'i
"às vezes, os frutos das suas árvores caem quando ainda são flores",Okuî rakó amũme ybarambûera o 'yba suí ybotyramo oîkóbo bé
"na verdade, três vezes você negará ser meu discípulo antes do galo cantar duas vezes",Mosapy ipó xe boîáramo nde rekó ereîkuakub mokõî gûyrá sapukaî'e'ymebéne
"será que é um morcego, uma borboleta ou uma cuíca?","Andyrá ruãpe é, panama koîpó gûaîkuíka?"
abortei meu filho,Xe membyrakyrar
"pregue-o, pregue-o na cruz de madeira","Eîmoîar, eîmoîar ybyrá îoasaba resé"
as boas obras dos que são bons,i angaturamba'e remimonhãngatu
os habitantes do céu,ybakygûara
não dormi absolutamente para procurá-los,N'aker-angáî sekasápe
voa para longe de nós,Obebé îandé suí
eu não tenho dentes,Na xe rãî
judas já tinha dado aos judeus o meio de reconhecer nosso senhor?,Oîkuapá-me'eng umûãpe Îudas Îandé Îara îudeus supé erimba'e?
"de dia, o dia todo",arybo
socador de pilão,ungûá-obaîara
"será que é por isso que deus transformou, primeiro, a costela de nosso pai no corpo de sua esposa?",Emonãnamo serã Tupã îandé rubypy arukangûera nhẽ monhangi semirekó retéramo?
que experimentemos a força dos homens conosco.,T'isa'ang apŷaba marã îandé irũ
homem liberal,abá-ekoate'yme'yma
ninguém pode contar as coisas muito dolorosas do inferno,Nd'e'ikatuî abá îuru Anhanga ratápe tekó-asyeté mombegûabo
tornei-me homem,Anhemoabá
eu tenho muita felpa,Xe rabusu
limpo-o da ferrugem,Aîkytyngok
não há nada errado,N'i tybi mba'e-memûã
mas minha sujeira era muita,Xe ky'a-te turusu
eu sou coxo,Xe pyte'em
"levaram-no, com suas ataduras, a pilatos, o governador",Pilatos ybyrarerekoara supé i popûasaba resebé serasóû
remanso de água,y-îebyra
não haverá outra comida?,N'i tybi xûépe amõ mi'u?
"certamente, os tropeços em nossa caminhada são muito incômodos.",Iîabaíbeté nhẽ rakó asé atá mysakanga
"já chega, certamente!",Aûîé ipó!
"roçado antigo, onde o mato cresceu de novo",kopûera
"existe meu auxiliar verdadeiro, o grande chefe aimbirê, o pervertedor dos índios","Oîkobé xe pytybõanameté, tubixá-katu Aîmbiré, apŷaba moangaîpapara"
a gente se batiza muitas vezes?,Setápe asé nhemongaraíbi?
sentei-me,Aîyb
fazendo bem à minha alma!,xe 'anga moingó-katûabo!
como seria que um habitante do inferno viveria neste mundo se deus o fizesse viver fora dali por um mês?,Marãeté'ĩ ra'umope amõ Anhanga ratá pora rekóû ikó 'ara pupé oîepé îasy Tupã ebanoĩ suí o moingobérememo?
"e não confessando ser parente verdadeira de seu marido, o que acontece?","A'epe o mena mũetéramo sekó mombe'ue'yma, marã?"
"cinzas do alguidar, da bacia, feitas pelas chamas",nha'ẽpesẽ-uba
bolsa abdominal,ambé-aîó
"fiquem aqui me esperando, junto a mim, sem dormir","Iké nhẽ peîkó xe rarõmo, xe pyri, pekere'yma"
que venha nos fazer felizes,T'oú oré moorypa
você compadeceu-se de sua mãe e de seu pai?,"Eresaûsubápe nde sy, nde ruba?"
"depois de querer vê-lo, em vão, há muito tempo",Kûesenhe'ym bé sepîá-potá tenhẽ roîré
estou me recolhendo,Anhenong gûitupa
que você venha para me levar para o alto,T'ereîu ybaté xe rerasóbo
"quando chegou o oitavo dia, cortaram seu prepúcio",Mokõî oîoirundyk oito 'ara sykeme i 'apira mondoki
a engravidei,Aîmomburu'a
veio bem atrás de mim,Xe pytáî bé turi
"com saudades do nenenzinho, vim da minha casa","Pitangĩ repîaka'upa, aîur xe roka suí"
a multidão de nós se afastando,Îandé retá îandé pe'abo
uma pessoa enfia a mão em vão num recipiente de água benta,Abá opo'ẽ tenhẽ 'y-karaíba ruru pupé
"eu sou o grande tamoio aimbirê, uma sucuri","Xe tamuîusu Aîmbiré, sukuriîu"
envelheço,Akakugûabakatã
"farinha puba, farinha d'água, ou seja, de mandioca curtida, que se espremia no tipiti e se passava pela urupema",u'i-puba
palavra ruim,nhe'engasy
aquele que fica zombando das pessoas,Oporokurá-kuraba'e
o puseram dentro de um túmulo de pedra,Itá karamemûã pupé i nongi
vá neste dia,Osó kó 'ara pupé
tenho um nervo encolhido,Xe raîyîeapar
chamo os homens,Asenõî apŷabetá
"a própria gente se acovarda, consentindo-o",Asé aé oîemoabangá i mborypa
"fazem com que deus se apazigue com eles, ao eliminarem a dívida dos pecados de muitos anos",Tupã oîmonhyrõ o îoupé setá nhẽ seîxutatá tekoangaîpaba repy-mondykápe
"o que é diário, o que perdura ao longo dos dias",ara rupindûara
eu recuperei o bom senso,Xe tekokuabar
joguei fora todos os bens dos meus avós,Opá xe ramyîa ma'epûera aîtyk
delato gente,Aporokuaukar
falo irritadamente,Anhe'ẽ-îeaseî
rapamos nessa medida,Nãmo oroapin
assim deve ser,Emonã ruãpe é
vou mexer hoje nas igaçabas,T'aîpobu kori ygasaba
estou indo,Ebokûé asó
não cometa furto,Emondarõ umẽ
"depois que sarauaia vier, destruiremos a aldeia, como de costume","Saraûaîa rur'iré, îamombá taba îandune"
eu estou manchado,Xe rabarab
"fui a tempo, fui de propósito",Aûîebéramo asó
a gente se inclina diante de uma madeira?,Ybyrá supé nhẽpe asé îerokyû?
"ó! isso não seria possível contar, ainda que o sol se pusesse!","Tó! Aîpó n'i papasabi, kûarasymo oîké îepémo!"
fazendo com que os homens ficassem espiando,abá momanhã-manhana
a crença no deus verdadeiro encheu meu interior,Tupã-eté rerobîara îaîporaká xe ybỹîa
a conspiração deles por toda parte,I îogûerekó kûeîkûeîbo
"embora me invoques os atos, arrependi-me deles e também os resgatei bem","Xe rekoekyî îepé, a'epûera aîmoasy, i mboepykatûabo bé"
"sua mãe não teve dor de parto, não sangrou, não ficou doente","I xy n'i membyrasyî, nda sugûyî, n'i mara'ari"
a gente iria para o céu só por se batizar?,Osó nhẽmope asé ybakype o nhemongaraibireme?
"você se compadeceu deles quando estavam doentes, tirando-lhes o fogo?","Eresaûsubarype i mba'easyreme, satá-á"
"enfim, de volta!",Irõ bé!
"você vituperou seu pai, sua mãe, seu avô, sua avó?","Ereîanga'ope nde ruba, nde sy, nde ramũîa, nde aryîa?"
"raspei o queixo dele, barbeei-o",Asendybá-apin
por dois meses,mokõî îasy
"os tupiniquins, habitantes daqui",tupinakyîa keygûara
"como reparação por isso, você mudou-se de aldeia.","Sepŷápe, ereîakasó"
"basta! eu falo, sarauaia!","Aûîé! Anhe'eng, Saraûaî!"
profundidade dele,typy
espero por ele em seu caminho,Asapearõ
"nanaú, nanauí: licor de ananás, bebida fermentada que os índios faziam com tal fruta",naná-'y
você acenou com a cabeça para alguma mulher?,Ereîe'aîtykype kunhã amõ supé?
não consigo ficar calado.,Na xe îuru-pyki
os homens batizados honram este dia,Apŷá-serokypyra kó 'ara oîmoeté
como você é mau!,Nde poxy ûĩ!
uma notícia chegou aos meus ouvidos,Xe apysakûaraby moranduba
compadeci-me dele,Aîmomboreaûsub
"o que disseram os judeus, seus perseguidores, a ele?",Marã e'ipe Îudeus i piaretá i xupé?
estou fendido em diversas partes,Xe îurubó-bok
"estou cheio de furos, estou esburacado",Apu-puk
venham para pranteá-lo quando ele entrar em vocês,Peîori sapirõagûama resé pe pupé seîkéreme
"ah, quem me dera que o tivesse matado!",Aîukámo mã!
"matei muitos deles, fiz matança",Aîuká-matutenhẽ
homem choramigas,Xe resangá - Eu sou chorão Abá-esangá
ele sempre vai,Memẽ nhẽ i xóû îepi
me oponho a ele,Asobaîar
minhas duas coxas tremem e endurecem,"Opá xe uba îesyî, oîemoatãmo"
"lançemos fora nossa maldade, não acreditando nos pajés, nem nas danças e nos rodopios","T'oroîtyk oré poxy, paîé rerobîare'yma, moraseîa, mbyryryma"
querendo os buracos das orelhas das pessoas abertos,Asé apysakûá-puka potá
quem tem sede de justiça,tekokatu 'useîtara
ele é mais bonito,Turusueté - Ele é maior I porangeté
você quer comer farinha puba?,Ereî'useîpe u'i-puba?
"eis que você prejudica muito a sua vida, dificultando-a","Ereîmoarûabeté ã nde rekó, i moabaípa"
mas livra-nos das coisas más,Oré pysyrõ-te îepé mba'e-aíba suí
estou à parte,Aindé
eu desapareci,Xe apykanhem
"que bom que você existe, ó meu senhor!",Aûîebeté ereîkó xe îar-y gûé!
como diz a outra petição nossa?,Marã e'ipe amõaé asé îeruresaba?
calos já duros,mbyru'apûera
"com ele hoje vamos atacar os temiminós, cercando imediatamente sua terra","I ndi, kori, t'îasó temiminõ repenhana, aûnhenhẽ setama amana"
muito bem! vou ser castelhano,Aûîé nipó! Kasianamo t'aîkó
tamanduá-topetudo,tamandûá-atyrabebó
dar de comer aos famintos,Ambyasybora poîa
acusando uma mulher ao seu marido,Kunhã kuauká i mena supé
as suas antigas lembranças das coisas ali se retirarão,Mba'e resé o nhemoma'enduaragûera a'epe onhenosẽne
por isso mesmo a gente o louva assim que o vê,Nd'e'i te'e asé a'ereme i moetébo sepîaka bé
por acaso o seu segundo braço não chegava ao lugar onde iam os pregos?,Ogûatá îepé serã i îybá mokõîa itapygûá soarama resé?
ele está muito maduro,I apaîé - Ele está maduro I apaîegûasu
gordura de vaca,tapi'i-kaba
"você é a manhã, causa verdadeira da alegria do dia","Nde ko'ema, 'ara rorypabeté"
vou ao caminho de meu pai,Asó xe ruba rapépe
multiplicou-nos primeiro neste mundo,Îandé moîeapykáû ikó 'ara pupé ranhẽ
"cabeça baixa, desânimo",akã-gûyra
eu tenho olhos claros,Xe resá-ting
cutelo de ferro,itá-kysegûasu
segui pelo mar 'y rupi agûatá - andei pelo rio,Paranã rupi agûatá
"e se dividirem seu sangue em pequenas partes, estará em cada uma delas?",A'epe sugûy moîa'o-mirĩ-mirĩneme i îabi'õpe i kûáî?
machuco-lhe a cabeça,Aî'apirungá
"como você age, embriagando-se com cauim? você faz o que não deve, então?",-Marãpe ereîkó kaûĩ suí esabeypó? Ereîkomemûãpe a'ereme?
"você trouxe muitas coisas, por acaso?",Ereruretá serã?
levamo-los um atrás do outro,Oroerokûaka'ar
atei-lhe penas,Aîpepó-pûar
palavras desatinadas,nhe'ẽ-tekokugûabe'yma
"ainda que me castigasse, eu falaria",Aûîebé-temo xe nupãû anhe'engĩmo
chefes valentes,morubixá-mosakara
"como o viu, se ele não tem corpo?","Marãpe sepîaki, setee'ymba'eramo sekó e'ymeté?"
nosso pai verdadeiro,îandé rubeté
"falando primeiro aos seus filhos, que ele divide",Ogûemimoîa'oka ogûa'yra pé ranhẽ onhe'enga
tornando os vícios das pessoas notórios,Abá rekopoxy mosãîa
"ah, quem me dera que o tivesse matado!",Aîuká me'ĩmo mã!
bebi o caldo,Aîty-kukur
"ainda, ainda me odeia, fulano",A'é byter aîpó gûi'îabo - Ainda digo isso E'i byté-byterĩ ahẽ xe amotare'yma
estenderam-no sobre a cruz.,Oîpysó ybyraîoasaba 'arybo
"grita, lamenta-te!","- Nde rasẽ, eîeapirõ!"
o oposto do desejo sensual é a pureza,Moropotara robaîara moropotare'yma
tomou a casa dos animais como sua pousada,So'o mimbaba roka ogûar og upabamo
"o que tem o nome guaixará, o chamado guaixará",Gûaîxará seryba'e
aqueles outros dois deverão ser tomados segundo a vontade das pessoas.,Abá remimotara rupi tarypyrama é amoaé mokõî
matamos,Îaîuká
vamos à terra.,T'îasó ybyetépe
deixem de me prantear,Peteumẽ xe rapirõmo
"verdadeiramente, eis aqui o teu caminho, aquele que procuras",Anheté kó nde rapé a'e nde remiekara
derrubei-o,Aîaparaîtyk
minha família me fez vir,Xe anama xe mbouri
que vá toda a minha doença para longe da minha alma,T'osó-pá xe mara'ara kûepe xe 'anga suí
visito os aposentos dos índios,Aîosub abá koty
fiquei simulando-o,Aîmorã-moran
aoba - marãba'e? - pykasu-aba - que você trouxe dentro da sua caixa? - roupas - de que tipo? - de pena de pomba,-Mba'epe ereru nde karamemûã pupé?
toco-a,Aîopy
este outro,ikó-te
estamos entrecruzados,Oroîekunasab
eu sou fibroso,Xe raîu-raîu
"ao mandá-lo ir, sem problemas, não aja como quem estima o seu imperador césar",I mondóbo nhẽ nd'ereîkóî César nde rubixaba raûsuparamo
mas não iríamos para o céu se ele não morresse?,Nd'îasóî xûé-tepemo ybakype se'õe'ỹmemo?
orgulhei-me de mim mesmo,Aîerobîá xe îoesé
eu tenho catarata,Xe resaoby
os reis apressados vieram até o nenenzinho,Reîá-anhẽ pitangĩ supé oú
você trouxe seu fumo?,Ererupe nde petyma?
o que falta é madeira,Ybyrá angapeẽamẽ
tomem este meu sangue como seu resgate,Peîar kó niã xe rugûy pe repyramo
eu sou curto,Xe apûa'ĩ
por isso mesmo todos os homens emagrecerão,Nd'e'i te'e opá abá angaîbaramo-ne
defeco,Apoti
roupa grossa de algodão,amyniîu-aó-poanama
mas esses não tentam aprender sempre?,N'osa'angi-te-p'akó nhembo'e ko'arapukuî?
cumpri minha palavra,Aîmopor xe nhe'enga
tu tens compaixão de nós durante nossa vida,Oré raûsubá îepé oré rekobé pukuî
ponta de pedra,itá-atĩ
tenho os olhos esbugalhados,Xe resá-ynhusu
por ele ter esperança nela e em deus,Sesé Tupã resé bé o îerobîasápe
misturaram uma coisa amarga com vinagre,Mba'e-py'aûpîara kaûĩaîasy resé i monani
"esses moçacaras são famosos, são uns beberrões","Serapûan kó mosakara, i kaûĩgûasuba'e"
"deus é um só, de fato, santíssimo e poderoso.","Tupã oîepé nhõ nhẽ gûekó-karaibetéramo, abaetéramo"
"eis que meu corpo não está disposto, está amolecendo","Xe reté ã n'oîkoetéî, omembeka"
vocês verão também futuramente minha vinda sobre as nuvens,Pesepîak irã ybytinga 'arybo xe rura béne
"e, ao partir muitas vezes o padre a hóstia em pedaços, está nosso senhor jesus cristo em cada pedaço?",A'epe abaré hóstia pese'õ-etá-etáreme i pese'õmbûera îabi'õ Îandé Îara Îesu Cristo rekóû?
o guaitacá está pronto?,Sekoaûîépe gûaîtaká?
você mesmo diz isso,Endé é aîpó eré
"na verdade vou me enfeitar, pretejando-me","Aûîeté pakó, aîegûak ûinhemoúna"
você teve relações com uma virgem também?,Ereîkópe kûare'ymano resé?
deverá ser o substituto do meu pai,Xe ruba rekobîara é re'ĩ
sangradouro do rio,y-mombukaba
fiquei falando em favor dele,Asepy-sepyk
engasguei com a minha comida,Xe îase'opytym xe remi'u
"ontem, é verdade, alguns sumiram","Kûeîsé, rakó, amõ kanhemi"
"mas os doentes a comem, com certeza",Mba'easybora-te aîekatu i 'uû
não estarei na maldade diante dele,Aîkó umẽpe mba'epoxy resé sobaké ká
fiz os malditos entrar nas armadilhas,Kotype muru amoingé
"no meio do campo, repartindo-os",Nhũ-myterype i mbo'îabo
"ah, oxalá eu sofresse por deus muitíssimos infortúnios!",Aîporará temõ Tupã resé mba'easy katupabẽ mã!
fico muito feliz em ouvi-lo,Asendu-potakatu
fica pisando no maldito,-Muru ri opurũ-purung
apliquei penitências a ele,Aîgûaîaý-moîar
o que acontece com quem bebe somente na medida?,"Oîá nhote kagûarape, marã?"
"sobre os ombros de duas pessoas, de um ombro e do outro",o îoati'yba ri
que queimem no seu fogo,T'okaî nde ratá pupé
eu não sou padre,Na abaré ruã ixé
"o pão que pegou em suas mãos, o devolveu como seu corpo, e o vinho como seu sangue","Miapé o pópe o emiîara i moîebyû o etéramo, kaûĩ og ugûyramo"
ainda invocam o pajé caruara,Osykyî mbyté paîé Karûara
"quando o sol fustigava a terra, eu vim","Ara yby sokeme, xe ruri"
oprime o nosso coração,Oré py'a-pyk
"imaginem, ó meus filhinhos, imaginem que estão deitados em sua morte","Peîmo'ang ra'u xe ra'yrĩ gûé, peîmo'ang pe re'õ pupé pe ruba"
dar de beber aos sedentos,Useîbora mbo'y'u
eu o roí,Aîakarãî
"vou matá-lo futuramente, com certeza",Aîuká ipó irãne
"você o excitou, querendo expelir seu sêmen?",Ereîkapyrokype nde ra'y-pupuka potá?
logo que cheguei,xe rura rupibé
"estava ele despido, simplesmente, em público?",Ikatupe nhẽpe sekóû te'yîpe?
"leva ele, olha lá!",Erasó ké raré
finjo que não o vejo,N'asepîake'ym-a'ubi
sua luz chegou até nós para sempre,Osyk oré ri sendy îepinhẽ
flechei todos eles,Aîybõ-mbá
eu espumei,Xe rendyîuî
enfeitando minha cabeça,xe akanga moîegûaka
que deus dará para a gente no céu?,Mba'epe Tupã oîme'eng asébe ybakypene?
"assim que ouve seu nome, o diabo treme","Nde rera rendupa abé, anhanga ryryî okûapa"
me enfeitei,Anhemongatyrõ
"assim que pôs sua alma em seu corpo, deus a preservou","I 'anga seté pupé i mondepa bé, Tupã i pe'aû"
você entrou com ele no seu aposento?,Ereroîképe nde kotype?
quem desobedece àquele?,Abápe aîpoba'e oîmomaran?
pus-os em fila,Asysybõ
"aimbirê, venha diante de mim! apresse-se!","Aîmbiré, eîori xe robaké! Nde apûan!"
indo eu voando,gûymaenhẽ gûixóbo
"o que anuncia as coisas, o pregador",mba'e rerosapukaîtara
mas os aracajás se deleitam com eles,Arakaîá-te ombory
ainda bem que o faz correr consigo!,Iîá muru senonhana!
"lugar onde o sol se põe, poente, oeste",kûarasy reîkeaba
eu ainda estava cansado,Xe pûeraî mbyté
"igualmente, a morte está entre os jovens e os velhos, não está distante.","Oîoîá te'õ rekóû kunumĩgûasu suí tuîba'e suí bé, n'apûéî"
"como um galo, você se deita",deitar-se - Gûyrá-sapukaîa îabé ereîetu'u
isso é muito difícil!,Iîabaíbeté aîpó!
arrebentando as coisas de alguém,Abá mba'e mombuka
amando a tua grande beleza,Nde porãngatu raûsupa
"que sejamos corajosos, sim, suportando as coisas dolorosas","T'oré pyatã, angá, mba'e-asy porarábo"
ainda não o amo,Nd'a'éî saûsupa ranhẽ
o destino final das coisas dos homens,Abá rekó mondykaba
"logo, vencendo os temiminós, habitantes daqui, os frequentarei","Koromõ, keygûara temiminõ moaûîébo, asapekóne"
você o tomou depois de comer ou depois de engolir alguma coisa?,Ereîápe nde mba'e 'u roîré koîpó mba'e amõ mokon'iré?
você urdiu mentiras contra alguém?,Eresekyîpe îuraragûaîa abá supé?
volto a trazer a roupa,Aroîebyr aoba
"embaixo, na laje",ybype
você ofendeu seu pai?,Ereînhe'engybõpe nde ruba?
temos coisas em comum,Îarekó îandé îomba'e
"ave maria, a que está cheia de graça","Ave Maria, graça resé tynysemba'e"
"ah, um homem pecador terá mais coisas boas do que eu!",Abá-angaîpabĩ takó mba'e-katu ogûerekó xe suí mã!
eu estou poento,Xe yî
você me alegra muito ao narrar assim os fatos,"Xe moory-katu îepé, inã tekó mombegûabo"
arranca-te o nome por causa dos malditos,Eîerok moxy resé
de quem és tu filho?,Abá ra'yrape nde?
ele está boquiaberto,I îurupukĩ ahẽ oîkóbo
eu sou habilidoso,Xe kyre'ym
"eu não sou resistente, eu não sou firme",Na xe popyatãî
estamos intercalados,Oîoparabamo orokûab
"por isso mesmo as malditas correm, insultando-se muito umas às outras",Nd'e'i te'e moxy onhana oîoa'o-marangatûabo
cavidade dela,inhanhã
seu coração se rompeu por amor a ele,Obok nde nhy'ã saûsuba resé
eu sou gago,Xe nhe'ẽrueru
"eu, hoje, o lombo deles",Xe kori i pyîaso'o
todas as pessoas vão fazendo as ladainhas,Opakatu abá sóû ladainhas monhanga
você tolerou as pessoas em sua crença no pajé?,Ereîmorype abá paîé rerobîaragûama resé?
eu não sei,Na xe tekokuabi
"oxalá agora alguma pessoa, habitante do fogo do inferno, se levantasse aqui na nossa multidão","Temone ko'yr Anhanga ratá pora, abá amõ opu'ama iké îandé re'yîpemo"
se eu o mandasse,Aîmondó-momo
"pois bem, que eu vá!",Ene'ĩ t'asóne!
basta! você me mata!,Aûîé! Xe îuká îepé!
"eis que sua divindade deve estar com seu corpo, também em pedacinhos, inteiramente","I Tupã irũmo bé kó seté rekóû, pesembûeri pupé bé gûetépe-katu re'a"
"suportando a grande noite, estamos muito aflitos","Putunusu porarábo, oroîkotebẽngatu"
nunca mais,aani xûé ko'yténe
não! estou bêbado,Aanumẽne! Asabeypó
nada,-Mba'epe aûîeramanhẽ serekopyrama ikó 'ara pupé? -Aani ã biã - Que é o que será conservado para sempre neste mundo?
fazendo-me levantar o rosto,Xe moobaybaka
levando nossa alma ao céu,Ybakype asé 'anga rerasóbo
cara de onça,îagûarobá
o que a gente diz antes de dormir?,Marã e'ipe asé o ké îanondé?
lancei-o no chão,Aîmombor ybype
é quem deve ser expulso da igreja,Tupãoka suí i mosemymbyra
trouxe muitas destas ostras,Aruretá kó reri
gargalo fino,anhurĩ
seu filho já nasceu,I membyra o'ar umã
dizem que fui?,Asó serãne ra'e?
peço a deus pela minha virtude,Aîeruré Tupã supé xe angaturãgûama resé
voo como este vento,Abebé kó ybytu îá
"livra-nos, você",Oré pysyrõ îepé
eu tive vertigem,Xe resagûyryb
tenho isso por costume,Aîpokugûab
pau do casco,apé-'yba
estamos pertinho um do outro,O îoambyî oroîub
"gozador, brincalhão, zombeteiro",nhemosaraîxûera
"ladroeira, palavras ruins e mentiras sobravam para você","Mondarõ, nhe'engaíba, mo'ema nde resemõ"
quando a guerra for o que é justo,Marana supikatundûaramo sekóreme é
um servo do príncipe esbofeteou sua cara,Morubixaba boîá amõ osobá-petek
então as estrelas cairão completamente,A'ereme îasytatá o apakuîamo
"pensem que, algum dia, a morte virá bater às suas portas",Penheangerekó amõ 'ara pupé te'õ pe rokena motaka turagûama resé é
"este meu tacape não está à toa nas minhas mãos; é, sim, o instrumento com o qual vou rachá-los.","Kó xe itangapema xe pópe nd'oîkóî tenhẽ, pe mombokaûama é"
cacos de pedra,itá-pesembûera
lembre-se já do término das suas coisas,Nde ma'enduar nde rekó pabagûama resé rá
nossas casas estão estabelecidas umas junto das outras,Xe apyri tuî - Ele mora a meu lado O îoapyri oré roka ruî
afaste-se!,Eîepe'a!
"o que é frito, a fritura",i moxyryrykypyra
deram-lhe de beber?,Ose'ymype gûá?
trouxeram pólvora em vão,Mokaba ogûeru tenhẽ
dou laçadas nela,Aîmokusambar
não por me amar,Na xe raûsupeî
antes de irem para lá,a'epe o só îanondé
que recrudesça a minha antiga maldade!,T'oîepun xe marandûera!
"ah, como desejo aquela mulher casada!",Aîpotá-te kûé kunhã-mendara mã!
"vem, coisa fedorenta, coisa nojenta, bora!","Eîori, mba'enem, mba'e-poxy, mborá!"
"sentou-se em público, aquecendo-se perto do fogo","Te'yîpe nhẽ i gûapyki, tatá ypype oîepegûabo"
não omiti nada,N'aîkuakubi mba'e
levou todas as presas das minhas mãos,Opakatu xe rembiara xe pó suí serasóû
é algo que falta,Mba'e angaba'eamẽ
"seus pecados, estando a aumentar, de fato",Nde rekomemûã rumõ-rumõmo nhẽ
quem sofre de febre,akanunduka porarasara
"ele, certamente, faz tirar-lhe o efeito de mim",A'e ipó oîmoarybé-ukar xe suí
afastem-se daquele que eu guardo!,Pepo'i xe remiarõ suí!
"flor da planta, flor",ybotyra
"ah, eu fui muito pecador!",Xe angaîpabeté'ĩ ra'u mã!
quem me dera que eu o fizesse deitar comigo assim!,Nã temõ ixé serubi mã!
"obedeçam ao padre, seu mestre","Pesapîá abaré, pe mbo'esara"
"eu, o diabão assado.","Xe, anhangusu-mixyra"
mortandade de pessoas,mbaba
ali atacando as moças por desejá-las,"A'epe kunhãmuku repenhana, i potasápe"
devem amar-se muito os que se casaram entre si?,Oîoaûsu-katupe amẽ oîopopysykyba'epûera?
nos desencontramos,Oroîopynekûab
ela tem pecados muito variados,I angaîpá-pará-pará
"esconda-se, fique quieto","Enhemim, nde kyrirĩ"
tiro a sua ferrugem,Aîkytyngok
esfreguei a pele dele,Aîpi-momemûã
"seja você meu guardião, colocando-me sob suas mãos","Nde morerekoar xe ri, nde pó gûyrype xe nonga"
homem sovina,abá-pûapẽîara
minha herança,xe potaba
"como meus súditos, todos os tenho bem em minhas mãos",Xe boîáramo pabẽ xe pópe arekó-katu
a mãe de deus sabe todas as coisas,Tupã sy opabenhẽ mba'e oîkuab oîkóbo
sobrinho dele.,i i'yra → i'yra
meu ex-marido certamente deve ser o finado piracaém,"Xe mendûera ipó re'ĩ, Piraka'ẽ amyrĩ!"
o comecei,Aîypymoín
vivendo como se estivessem unidos,T'oîese'ar-y berame'ĩ oîkóbo
três ou quatro anos depois de os terem enterrado,mosapyr koîpó oîoirundyk seîxu ybŷá o tym'iré
cocho para porcos,taîasu remi'uru
querendo nossa preocupação com o estado futuro de nossa alma,Îandé 'anga rekorama resé îandé putupaba potá
"apazigue seu filho, que está irado",O membyra i nhemoŷrõba'e oîmonhyrõ
"o homem, mesmo vingando-se dos que o maltratam, transgride a palavra de deus?",-Ogûerekomemûãsara resé oîepyka tiruãpe abá Tupã nhe'enga abyû?
aparei-lhe o topete,Asetobapy-etab
"oh, que pena que meu pai morreu!",Omanõ tekatunheté xe ruba mã!
de onde?,umã suí?
apenas não me matou,Sa'ĩ xe îukae'ymi
"os chefes velhos sempre lhes falam, repreendendo-os, censurando-os","Morubixaba tuîba'e onhe'eng memẽ i xupé, senonhena, i akakapa"
escapei das mãos dele,Aîpomogûab
"você pintou a boca, sorrindo para os homens?","Ereîeîuru-mopiningype, abá supé epukamirĩamo?"
ninguém pode se casar com seus irmãos,O asykûera resé nd'e'ikatuî abá omendá
os que são casados são como uma coisa um para o outro,O îomba'eramo i momendarypyra rekóû
o que é felpudo,i îatyrá-tyraba'e
"por isso, agora que é dia santo, eles estão felizes","Nd'e'i te'e ko'yr, onhemo'aretébo, og orybamo"
estamos com ferros ao pescoço um do outro,Oîoapyri oroîkó itá resé
"o que é bom é dançar, enfeitar-se e fumar","Moraseîa é i katu, îegûaka, petymbu"
daqui a pouquinho.,koromõ-apyri'ĩ
"mandou assassinar as crianças que habitavam a aldeia de belém e também as que habitavam suas vizinhanças, querendo nelas incluir nosso senhor","Taba Belém pora pitanga i amundaba pora abé apitiukari, sesebé Îandé Îara moîese'a-potá"
me hospedo com pedro,Apytá Pero resé
"o que fia, fiandeira?",pobandara
eu lhe pelo a cabeça,Aî'abo'o
o homem que esconde algo,Abá mba'e omimba'e
em vão creem em você,E'i tenhẽ nde rerobîá
aquiete-se; verdadeiramente este é o seu caminho,Nde arybé Anheté kó nde rapé
vestindo-o com uma roupa vermelha,Amõ aó-pyranga mondepa sesé
estou bem sozinho,Oîepebẽngatu aîkó
"arranca teu nome por causa dos malditos, para que sejas muito famoso",Eîerok moxy resé ta nde rerapûãngatu
espremei o sumo dela,Anhamĩ - Espremi-o Aty-amĩ
chefe dos que ficaram no céu,Ybakype opytaba'epûera rubixaba
o que é comum é que aquela mulher esmague nossas cabeças,Sekoaba'e kûé kunhã oré akanga i apiti
morrendo crucificado nela,Sesé i moîarypyramo omanõmo
o conteúdo da minha rede é um só.,Oîepé xe pysá pora
"a cruz, lugar onde se pregou a cristo, nosso senhor, os judeus a enterraram",Cruz Cristo Îandé Îara moîaragûera îudeus otym erimba'e
mostre o erro das minhas palavras,Eîkuabe'eng xe nhe'engaipaba
"revelou-se somente a eles, alegrando-os",Oîepîakukar i xupé nhõ i moesãîa
fujo,Aîabab
seus cadáveres estavam lado a lado ao longo do mar,O îoybyri se'õmbûera paranã ybyri i kûáî
"ah, se eu tivesse percebido isso antes, praticando o que vocês diziam!","Anhandu beémo erimba'e angûama mã, pe 'erama purûabo!"
você quer que ele te coma?,Ereîpotápe nde 'u?
amando sua grande beleza,Nde porãngatu raûsupa
nós somos muitos,Oré retá
"por isso mesmo, os que conversam com eles transgridem a palavra de deus",Nd'e'i te'e i mongetasara Tupã nhe'enga abŷabo
"invocando a deus, ou a sua própria alma, ou a cruz, ou algo verdadeiro",Tupã koîpó o 'anga koîpó cruz koîpó anheté renõîa
o ocultamento das coisas,mba'e kuakubagûera
afastará os maus dos bons?,Oîpe'ape i angaîpaba'e i angaturamba'e suíne?
na sua preocupação com torpezas,poxy resé o nheangerekosápe
"enchendo o mar, fazendo-o subir bem acima do cume das montanhas","Paranã momungábo, ybytyra apyra sosé katu i mopu'ama"
era eu,Ixé rakó
bem feito para o maldito! seus fígados serão minha porção,Iîá muru! I py'apûera xe potabamo t'oîkó
estando eu,gûitekóbo
"depois disso, cuide-se para não ser mau",Angyba'e roîré teumẽ nde poxyramo
eu me arrepiei,Aîepoká
"vamos devagar para fazer o assalto, para queimar a terra dos malditos","T'îasó, mbegûé, îapu'ama, t'ixapy moxy retama"
"eu mesmo, como se viu, já lhes disse isso",Ixé aé ã a'é umûã nakó peẽme
tenho-os bem em minhas mãos,Xe pópe arekó-katu
ver os doentes,Mba'easybora repîaka
"de manhã, cuidando de sua comida",Ko'ẽme gûemi'urama resé onhemosaînana
quem é o inimigo da gente?,Abápe asé sumarã?
hoje mesmo,Kori é
lembrando-se dele,Sesé oma'enduaramo
que você confesse a transgressão da palavra de deus e também a persistência nisso,"Tupã nhe'enga abŷagûera t'ereîmombe'u, apore'ymagûera béno"
eis que enfim já chega!,Aûîé ã ko'yté!
eu continuo sendo seu guardião,Aîkobé n'ixé sarõana
"isso me diz respeito, é o que me concerne",Xe resendûara ebokûea
fazendo-nos ir ao céu,Ybakype îandé sorama monhanga
"primeiro filho do homem, primogênito",ta'yrypy
grão de farinha,U'i-esakytã
que o senhor deus me estorve!,Xe moarûá Pa'i Tupã!
"você mentiu sobre o seu próximo, difamando-o?",Nde remo'emype nde rapixara resé i moerapûanaípa?
enquanto eu o levo,Ixé serasó remebé
vou de madrugada,Îeîbé asó
faço com que ele fique firme,Ten amo'e
havia muito sangue dele,Sugûy turusu
quantas vezes você se confessou ou comungou?,Mobype erenhemombe'u koîpó eretupãar?
mas ele não era deus?,Na Tupã ruã-tepe a'e?
"além disso, esse miserável excomungado também não pode ouvir missa",Nd'e'ikatu béî aîpó i pe'apyra'uba missa renduba resé
os animais quadrúpedes escaparão futuramente?,Okûabépe irã so'o?
"no meio de, no centro de",pyteri
"por conhecê-lo, agora o amo","A'e kuapápe, ko'y asaûsu"
eu fiquei viúvo,Xe mene'õ
"vou frequentar ibioca, revirarei também itaoca e, enfim, jupaoguaó","Ybyoka asapekóne, Itaoka abé aîpobu, rumby, Îupaogûaóne"
"esta igreja é bonita, com muitos adornos!","I porang kó tupãoka, îegûakabetá rerupa!"
eu estou úmido,Xe akymaíb
"serão muito fedorentos e muito podres, corroídos de vermes e de bernes","I nemeté, i tuîuketé, tasoka, ura remimongûyamone"
oxalá ele viesse!,Our be'ĩmo mã!
meus pecados não são muitos,Na setáî xe angaîpaba
as mulheres invocam o pajé caruara,Osekyî kunhã maîé Karûara
ele é o anjo que ordena o enforcamento,"Karaibebé a'e, moroîubyka puaîtara"
"no dia de guarda do nascimento dele, acendemos a fogueira chamada ""caminho do salto""",Ara i 'aragûera pîasaba pupé tatá i apyrasabapé 'îaba îaîmondyk
"ah, que atrevido!",Tekatueté mã!
quem ficou ali?,Abápe opytá a'epe?
faça-se a tua vontade,T'onhemonhang nde remimotara
o que te põe nu,Ikatupe nde moĩndara
quebre suas cabeças,I akanga t'ereîoká
veja que esses meus valentões sabem assassinar,Kó a'e xe kyre'ymbaba oîkuá morapiti
contá-lo-á ao padre para que o anuncie na igreja,Abaré supé i mombe'uû Tupãokype seronhe'engaûama rine
minhas bochechas incharam muito,Anhemoatypygûasu
"ao se arrepiar, o desejo sensual fez com que seus olhos aumentassem?","Enhemopiringa, moropotara nde resá moîo'arype?"
ele o ajudou com o seu trabalho,A'e o porabykysaba pupé oîpytybõ
dividi a carne com ele,Aîopoî ahẽ so'o pupé
"esses, na verdade, não honram a deus",A'e ipó Tupã n'omoangaturami
eu morava apenas nesta aldeia,Xe anhõ kó taba pupé aîkó
"que estejamos perto de você, espantando nossos inimigos","T'oroîkó nde ypype nhẽ, oré sumarã mondyîa"
o que cristo deixa como chefes dos cristãos batizados,Cristãos i mongaraibypyra tekokuaparamo Cristo remieîara
os homens estão acostumados comigo,Apŷaba xe pokuá
esgotei a água dele,Aîtyapyî
você apalpou o seu ventre para matar seu filho?,Eresungápe nde rygé nde membyra îukábo?
onde deus está?,Mamõpe Tupã rekóû?
dor,mba'e rasy
dei à luz a ele,Aîmo'ar
a segunda dele é a satisfação dos cônjuges,I momokõîndûara mendara moîekosupaba
com eles ajuntarei os animais e os pássaros para destruí-los,Sesé so'o gûyrá aîmoîese'a i mokanhemane
"você ficou bêbado de cauim, perdendo o juízo?",Eresabeyporype kaûĩ suí 'ara mokanhema?
as águas cresceram muito,Our paranã - Subiu a água do mar Ourusu 'y
"por isso mesmo, ao refletirem em seus corações, desafiam muito a deus","Nd'ei te'e, o py'a pupé oîemongetá-ngetábo, Tupã momburukatûabo"
tendo medo de que alguém o maltrate muito,abá ogûerekomemûãeté suí onheangûabo
eles são realmente muito fortes,Satãngatu-te nipó
"intervalo de água, ilha",y-pa'ũ
sou esquecido,Xe resaraîpotar
eu me enruguei,Anhynhyng
certo homem branco e nobre,amõ karaíba mosakara
vamos ao seu caminho,T'îasó sapépe
estou furioso,Xe marãmotar
o desejo de sumir para longe enche seus corações,Mamõ nhẽ kanhẽ-motara i py'a îaîporaká
minha morte ainda não acontecerá,Nd'e'i ipó xe re'õnama ranhẽ re'a
estrebuchei,Ababak
vou me aproximar da minha futura e verdadeira vida,Arokakar xe rekobé-etérama re'ĩ
"os padrinhos, junto com o padre ou com outra pessoa, não podem casar-se com aqueles que batizaram",Abaré koîpó amõ abá pyri morerokarûera nd'e'ikatuî omendá gûemierokûera resé
fiei o algodão,Aamynyîu-poban
"por isso mesmo, o ladrão é quem deve ser enforcado como pena por seus roubos passados",Nd'e'i te'e abá mondá iî aîubykypyramo oîkóbo o mondarõagûera repyramo nhẽ
eu estou desinchado,Xe rurunhyng
estou muito manchado,Xe pará-parab
"querendo devorar suas almas, não dormi a noite toda, absolutamente",I 'anga 'u-potá é pysaré n'aker-angáî
velha maldosa,gûaîbĩ-marã
"está molestando as pessoas, fazendo-as cair em erro","oporomoaîu oîkóbo, oporomotekokuabe'yma"
sua alma é o que tem muito valor,Nde 'anga sepy-etéba'e
quantos são esses deuses?,Mobype a'e Tupã?
ouvir o sermão do padre,abaré nhe'ẽnhe'enga renduba
faça-me valente para que eu me oponha ao maldito,"Xe mopyatã îepé, t'apu'am muru resé"
livrou-a do primeiro pecado em que adão nos pôs,I pysyrõû tekoangaîpabypy Adão îandé nongaba suí
aplacando a deus,Tupã moîerekûapa
eu não tenho a boca cuidadosa,Na xe îuruposykyîéî
para mim é terrível vê-los,I abaeté sepîaka ixébo
"que não se desvie de deus, seu criador",T'oîaby umẽ Tupã o monhangara
piorei muito por causa do meu grande mal,Aîerekoaibeté xe angaîpá-katu suí
a gente pede a deus somente pelas coisas que deve comer?,Mba'e i 'upyra resé nhõpe asé îeruréû Tupã supé?
seus pecados não são sem consequências,Na sa'ubi nde rekopoxy
para onde a multidão muito numerosa levou nosso senhor?,Mamõpe erimba'e te'yî-katupabẽ Îandé Îara rerasóû?
"amarraram-no com corda, deixando-o em pé",Oîxamysyk sero'ama
"sob minhas mãos tenho os jovens pecadores, os velhos crescidos","Xe pó gûyrype arekó kunumĩgûasu-angaîpaba, tunhãba'e-kakuaba"
faça uma igreja que tenha meu nome,Xe reryîara tupãoka eîmonhang
"eis que era costume, por ocasião disso, pôr nome assim; puseram-lhe o nome ""jesus""",Ã tekó a'ereme moreroka Ké bŷá Îesus nongi seramo
estou tendo uma polução,Apu-apuk
o que quer o diabo?,Mba'e-mba'epe Anhanga oîpotar?
ele é bom quando o que é contado é realmente verdade,I marangatu supi é i mombe'upyra rekóreme é
licor de aipim,aîpi 'y
"afastando o diabo, assim como a morte","Anhanga pe'abo, te'õ resebé"
eu estava pendente,Xe apy'am
mandando fazê-los embarcar numa arca de madeira semelhante a um navio,"Ybyrá karamemûã, ygarusu nungara pupé i mo'ar-uká"
"esteio, alicerce da casa",okytá
você feriu alguém também?,Ereî'apixabype amõno?
lembrando-se dele assim que acorda,Opaka bé sesé o ma'enduaramo
o que é felpudo?,sabiîuakytãba'e
"que lancemos fora a nossa maldade, não acreditando nos pajés, nas danças e nos rodopios com feitiços","T'oroîtyk oré poxy, paîé rerobîare'yma, moraseîa, mbyryryma karaimonhanga ndi"
o desejo sensual que ele não costuma ter,moropotara semipokuabe'yma
"na ponta da rede, no punho da rede",api anhãî
"ah, quem me dera comer veneno para morrer disso.",- A'u temõ mba'eaíba mã a'emo nhẽ xe re'õû ãûa suí
venha ver sua futura terra,Eîori nde retamûama repîaka
muitíssimas mentiras foram invocadas contra ele,Tenhẽngatupabẽ osykyî i xupé
furo as orelhas,Anambi-kutuk
"mas quem é semelhante a mim, desafiando até mesmo a deus?","Abá-tepe oîkó xe oîá, Tupã tiruã momburûabo?"
"eis que sofrem muito os que deus repeliu, com a vida envergonhada","Sasyeté niã Tupã remipe'apûera, ogûekó-mara'ara reroína"
licor de mangaba,mangaby
"vamos, meu aliado!",Ne'ĩ xe atuasar
quem caça é caçador,ka'amondoara
arranquei as penas da sua asa,Aîpepó-'ok
o fiz emagrecer,Aîmoangaîbar
eis que estamos aqui,Orokub ikó
fingindo dar vida às pessoas,Oporomoingobé-mo'anga
"querendo a sua virtude, detesto minha cultura antiga","Nde rekokatu potá, aroŷrõ xe rekopûera"
tome apenas um trago,E'u oîepé îuru nhote
"depois disso, hoje vamos quebrar as cabeças dos reis",A'e ré kori îasó tubixaba akanga kábo
"as porções pequenas dela, o refugo dela",i akytãmbûera
faça como te parece,ne'ĩ n'endé aé
desenfiei-o,Asysymbo'ir
se você ficar preguiçoso por muito tempo,nde ate'ỹ-mukuramo
"e então, como isso pode ser?",marã-te-p'iã-ne?
"o que a gente diz, querendo abrandar a deus?",Marã e'ipe asé Tupã mombu-potá?
"curou-o apenas tocando sua orelha, fazendo-a sarar imediatamente, grudando-a","Oîposanong, i nambi atõîa nhote, aûnhenhẽ i monga'ẽmo, i moîepotá"
cortei-lhe a garganta; degolei-o,Aîaseó-kytĩ
cuidado para não levá-lo,Teumẽ ké serasóbo rá
vou ir,Asóne-ká
minha pele tem titinga,Xe tĩ-titing - Meu nariz tem titinga Xe py-titing - Meus pés têm titinga Xe pi-titing
fazendo com que ele fique firme.,Ten i mo'îabo
"a sem filhos, a fêmea estéril",membyre'yma
"é no final da missa que você sempre entra, manifestamente consciente?","Missa mondykápe épe ereîké îepi, nde îesûere'yîpe?"
faça-se a sua vontade,T'onhemonhang nde remimotara
esse é o que eu flechei?,Akó xe remiybõmbûera?
"os atacamos, os prendemos, antes que se consolem","Îasepenhan, îaîpysyk, i apysyk' e'ymebé"
colares azuis não vistos,Mo'yrobyeté sepîakypyre'yma
ensina às pessoas falsamente a provar a palavra de deus,Oporombo'e-a'u Tupã nhe'enga ra'anga
estou prestes a partir,Oebyraîarinhote aîkó
"por isso, tão somente, nasceu dela, sem lhe fazer rombo","Nd'e'i te'e oá nhote i xuí, nd'i pekábo ruã"
"ataca-o, sarauaia!","Esepenhan, Saraûaî!"
eles acharão muitíssimas coisas más,Mba'e-memûãngatupabẽ resé i îekosubyne
sabem bem da sua futura saída dali?,Oîkuá-katupe a'e suí o semagûama?
rezando a ele em seu tempo de aflição,I xupé o ekotebẽsaba resé oîerurébo
fiz isso mal.,Aîmonhã-memûã
salteio,Aporero'ar
isso é certo!,Aûîé a'e!
fiquei sobrecarregado por causa dele,Ambosyî ahẽ resé
detesto minha lei antiga,Aroŷrõ xe rekopûera
meu soltar de grunhidos,xe kororõ-pysyrõ
de quem eram esses filhos?!,Abá ra'yrape ûĩ?!
"tremendo, então, a terra também",Yby abé a'ereme oryryîane
você se alegra quando um homem apalpa seus seios?,Nde rorype nde kama abá sungáreme?
cortei um pedaço,Asykûera aîasy'ab
surpreendi os pecadores.,Angaîpaba aîpokosu
raramente,amõneme nhõ
"como, então, futuramente, dirão os homens, invocando-o, quando muitos inimigos os cercarem?",Marã e'ipe irã abá a'ereme tobaîá-katupabẽ o amaneme sekyîabone?
o batizado,i moîasukypyra
"fora, na rua",okarype
nos agitamos,Orondururuk
peguei-o com as duas mãos,Oîopobaî aîar
"isso é o que deve ser bem amado, verdadeiramente","Aîpó saûsukatupyra, aîpó anhẽ"
vou como catador de madeira,Asó ybyrá piaramo
"aos olhos de deus, essas suas ações são bem contadas.",Tupã resápe-katu kó pe rekó rekóû i paparypyramo
estou na medida,Taé a'e
fibras sujas.,pó-ky'a
eu sou fino,Iî aeté - Ele é fino Xe aeté
eu a aguço,Asapûapin
"conto-o, digo-o e desdigo-o",Arekorekó i mombegûabo
"ao me aproximar da morte, farei sair meus grandes pecados antigos","Te'õ rerobyka é, xe angaîpá-tubixagûera amosẽne"
vocês sempre me fazem libertar um prisioneiro,Mundepora amõ îepé peîmosemukar ixébe îepi
tenho os pés calejados,Xe py-piru'a
dou pancadas na cabeça dele,Aî'apurupã
"você se enfeitou, pintando-se, tendo desejos carnais?",Erenhemoatyrõpe eîegûaka nde poropotaramo?
"ele estava se calando, não respondendo às palavras deles","Opyk o'ama, i nhe'engobaîxûare'yma"
você detesta completamente suas obras?,Ereroŷrõ-mbápe sekó?
que amemos nosso pai,T'orosaûsu îandé ruba
por nos amar mais do que nossa mãe ama seus próprios filhos,Asé sy o membypitanga raûsuba sosé asé raûsume nhẽ
faça-nos viver,Oré moingobé îepé
o padre sempre me faz sair da aldeia,Xe mosẽ memẽ taba suí abaré
resgatar os cativos,I momiaûsubypyra renosema
ali também estavam os que guardaram sua alma em sua virtude,A'epe bé ogûekokatu pupé o 'anga nongatusarûera oína
esfreguei-o com cera.,Aîkytyk iraîty pupé
"pregam suas mãos e seus pés na cruz, meu senhor","Îaîpó-asá-sá i py resebé, krusá sosé nhẽ xe Îara moîá"
você tomou poção querendo o aborto do seu filho?,Eremosangu'upe nde membyra akyrara potá?
eu sou rechonchudão,Xe asangusu
o peixe me enjoa,I ting pirá ixébo
estabeleci uma plantação de milho,Atupá-rung abati
e também as esposas de seus filhos,Ta'y-taty abé
andei sumido,Akanhẽ-kanhem
fazendo as pessoas beberem cauim ou dando-lhes de beber,Abá mongagûabo koîpó se'yma
-quem é ungido entre nós? -nossas ancas,-Mba'e-mba'epe asé suí i pitubypyra? -Asé rumby
eu os enfeixei,Anhoman
eu tenho cálculos renais,Xe typa'am
eis que esta roupa será adequada para feriado,Ikó aoba niã aûîé-katutenhẽ Tupãnemendarama
aqueles outros grandes chefes confiam em você,Amõaé tubixá-katu nde resé oîerobîá
"por causa disso, de fato, agora o amo","Aîpó resé nhẽ, ko'y asaûsu"
ele comeu demais aquela coisa,O'u-eté-eté ahẽ mba'e
"venham, para comer a criança, engolindo completamente o menino","Peîori pitanga gûabo, kunumĩ mokona mbá"
o que escurece roupas é o tintureiro,aó-moundara
não oporão resistência uns aos outros,N'onherani xûéne o îoupéne
experimentando poções de ervas,ka'a mosanga ra'anga
não! estou bêbado,Aanumẽne! Asabeypó
eu o ferrei,Asapy
ajo de modo vil,Aîkó-angaîpab
"já se juntaram por causa disso muitos moços bebedores de cauim, velhas e velhos também","Onheŷnhang umã sesé kunumĩetá kagûara, gûaîbĩ, tuîba'e abé"
mostrando-o aos judeus,Îudeus supé sepîakuká
vai trazer um pouco dela,Ekûãî îá reru
não será,aani-xûé ipóne
eu tenho tuberculose,Xe angaîbabîar
arranquei o miolo dele,Aîputu'umbok
logo eu estou feliz,Koromõ xe rorybamo
me denunciariam ao meu imperador,Xe kuaukámo xe rubixaba supémo
não trabalhamos neste dia,N'îaporabykyî kó 'ara pupé
aumentaram minhas riquezas,Ono'ong mba'e ixébo
que lancemos fora a nossa maldade,T'oroîtyk oré poxy
ali é o lugar para onde eu vou.,A'epe xe soagûama
"ah, estou com muito calor aqui!",Xe rakubeté kó mã!
"o sol se envergonha de nascer, diante do seu brilho","Otĩ kûarasy osema, nde beraba robaké"
trouxe todos,Aru-pab
roube-o aí por perto,Mbype emondarõ sesé
perdoa bem aqueles que não estão escondidos,I kuakubypyre'yma i nhyrõngatu i xupé
puxe-o com força!,Esekyî-atã!
vem para se compadecer de nós,"Eîori, oré raûsubá"
pequeno assim,nãmo-nhõta'ub
o dia está muito escuro,I pytũ-pytun 'ara
aquele que tem bem-aventurança é o que não agride,Tekokatueté rerekoara onherane'ymba'e
dei-o em troca,Sekobîaramo aîme'eng
"eles, na verdade, distinguem-se em três pessoas, na unidade de seu único ser divino","A'e anhẽ mosapyr pessoaamo i îa'oki, oîepé og ekó-karaíba îese'ara pupé nhẽ"
minha coragem ainda existe,Oîkó bé xe taŷaíba
"na verdade, aqui estão os homens",Ké abá rekóû anhẽ
"muito devagar, ele o mata",Nd'e'i ymûanĩ ahẽ i îukábo
"vem, coisa fedorenta, coisa nojenta, borá, maritacaca, sanguessuga, tamarutaca!","Eîori, mba'enem, mba'e-poxy, mborá, miaratakaka, sebo'i, tamarutaka!"
vou à roça,Akopîasó
os índios me obedecem bem,Xe rapîakatu abá
afaste-se! vá embora daqui agora!,Eîepe'a! Ekûá ké suí ra'a!
não foi à toa,Na tenhẽ ruã
"arruinei a todos, fazendo com que também roubassem","Aîmomoxy pabenhẽ, i momondarõmo bé"
água doce,y-eté
não tenho vontade de comer.,Na xe îuruéî
"mataram, na verdade, outra pessoa que não era aquele assassino",Ahẽ morapitîarûera taté nhẽ anhẽ ybŷá oîuká
dia de guarda e de jejum,"Ara i pîasaba, îekuakupaba"
o tenho no meu pescoço,Xe îuri arekó
"isto era muito preto, de fato",Moroũ-mbyry nakó
ele nunca termina de completar as roupas,Nd'e'i ymûanĩ ahẽ aoba moaûîébo
eu sou modesto,Xe kunusãî
a gente vai prantear o desaparecimento de seu pai e de sua mãe,Osapirõ-n'asé og uba o sy kanhemagûera
"você dorme, guaixará?","Ereképe, Gûaîxará?"
"queimo você hoje, como de costume!","Oroapy kori, îandu!"
que afastemos o diabo agora e para sempre,Anhanga t'îaîpe'a ko'yr aûîeramanhẽ
"venham, levem os malditos, erguendo-os para sapecá-los em nosso fogo, zombando deles","Peîori, perasó muru, supi îandé ratápe sapeka, i monga'ẽmo"
aqueles serão consolados,A'eba'e i moapysykypyramo sekóûne
"contudo, após sua morte, no terceiro dia voltou a viver","Aûîeté, gûe'õ ré, 'ara mosapyra resé bé sekobeîebyri"
"para nos honrarem, os índios fazem festa",Îandé moetébo apŷaba nhemosaraî
em que lado colocará os que são bons?,Marangotype i angaturamba'e nongine?
logo no terceiro dia voltou a viver,Ara mosapyra riré bé sekobeîebyri
eu sou rechonchudo,Xe asang
não diferem entre si,N'oîkoéî o îosuí
imitando sua virtude,nde rekokatu ra'anga
"essas rãs, coma-as em retribuição por isso",Ikó îu'i t'ere'u sepy resé
estou latejando,Nyn-nyng a'é
cada vez que tem medo da morte,Te'õ suí o nheangu îabi'õ
amo seu filhinho,Asaûsub nde membyrĩ
aonde ele foi depois de acabar de comer?,Mamõpe i xóû o mba'e'u-pab'iré?
falando mal de coisas nojentas,Mba'epoxy koty onhe'engaíbamo
mas sua vida é muito má,Sekó-te i poxyeté
"aimbirê, levemos logo os malditos","Aîmbiré, îarasó muru taûîé"
embarquei,A'ar
"a lua é, certamente, formosa, vindo com sua grande face","I aysó, nipó, îasy, og obagûasu reru"
"se o que deus fez neste mundo é muito belo, quanto mais lá, no céu primeiro","Ikó 'ara pupé abiã Tupã remimonhangûera i porãngatu, memetipó ebapó ybakypy"
você cumpriu as palavras do governante da aldeia?,Ereîporakápe taba rerekoara nhe'enga?
por que alguém se casa?,Mba'erama resépe abá mendari?
"pois, se um homem guarda seu próprio filho, quanto mais deus se compadecerá de nós","Abá abiã é o a'yra ogûerekó-katu, memetipó Tupã asé raûsubáne"
cortei madeira,Aybyrá-kytĩ
matemos juntos o que isto diz,Îaîuká memẽ aîpó 'îara
o que disse aos seus três discípulos após sua entrada no horto?,Marã e'ipe o boîá mosapyr supé mitỹme o iké ré?
parte traseira que se separa de um animal ou de uma pessoa,ugûera
"até mesmo seus ossinhos a gente cultua, tendo-os ao pescoço.","Asé i kangûerĩ tiruã momba'etéû, o aîuri serekóbo"
no meio dos anjos a fez subir,Karaibebé pyterype supiri
é difícil para mim tentá-los,I abaí xebo sa'anga
também escorreu seu sangue pelo chão?,Yby rupi bépe sugûy syryki?
havia algumas cordas compridas,Iîysapuku sama amõ
retirei as amarras dele,Aîmamã-rok
que tipo de mulher é santa maria?,Marãba'e kunhãpe Santa Maria?
não coma este fruto que me é reservado,E'u umẽ ikó 'ybá xe rekoate'ỹmbaba
"mas a gente não pode, de modo nenhum, contar o procedimento oculto de alguém?",Nd'e'ikatu angáî-tepe asé abá rekó-nhemima mombegûabo?
olha para nós!,Ema'ẽ oré resé!
"alguém se confessa antes de ir à guerra, antes de embarcar num navio?","Onhemombe'upe abá gûarinĩnamo o só îanondé, ygarusupe o 'ar-y îanondé?"
ele se lembra,I ma'enduar
"destruiu outrora os tamoios, os valentes","Tamũîa, kyre'ymbagûera, omombab erimba'e"
por quê?,mba'e resé?
"vamos tratá-los bem, junto a nós",T'i rekó-katu îandébe
que eu lave a boca,T'aîeîuru-eî
todos vão em procissão,Opabenhẽ gûá sóû îebyîebybo
"ah, se eu tivesse ido para o céu!",Asó me'ĩmo ybakype mã!
melado ou mel de cana-de-açúcar,u'ubae'ẽ eíra
impedem os casamentos,Mendara omoarûab
"ao chegar o oitavo dia, cortaram seu prepúcio","Mokõî oîoirundyk oito 'ara sykeme, i 'apira mondoki"
por tuas pegadas minha alma sempre irá,Nde rakypûera rupi t'osó xe 'anga îepi
e de que maneira é um homem verdadeiro como nós?,A'epe marã apŷabetéramo sekóû îandé îabé?
"os que foram seus companheiros, seus ex-companheiros",irũmbûera
vou me esconder!,Asópe ûinhemima ká!
você ajuda seu pai e sua mãe?,Ereîpopytybõpe nde ruba nde sy abé?
vai aumentando sua bondade,I angaturama nhẽ oîrumõ-rumõ
armação de cama,inimbebytá
você teve para alguém palavras que violentam?,Nde nhe'ẽ-poroîukaípe abá supé?
"veio de novo, encontrando-os novamente adormecidos",Our benhẽ i kera pé nhẽ obasemano
o avesso dele,i py
este outro,kó amoaé
que ele fique dentro de vocês como fica no estado de feto no ventre de sua mãe,"O sy rygépe o pitanga reropytá îabé, t'opytá pe pupé"
dou bebida às pessoas,Apore'ym
o que é conhecido por aí,kûepe i moerapûanymbyra
quando você cumprirá isso que diz?,Erimba'epe aîpó nde 'îaba ereîmopóne?
"escaparão, no futuro, os animais e os pássaros?","Okûabépe irã so'o, gûyrá?"
"eis que, na verdade, esse ato é o que tem o poder de nos fazer fracassar",Anhẽ ã aîpó tekó îandé mopanem-y-îara
"""-entrem na igreja"" disse ele de modo louvável","""-Peîké Tupãokype"" e'i muruangaba"
minha captura é terrível,I abaîté xe rembiasaba
"porque os padres os levam, eu não os amo","Abaré ogûerasoápe, n'asaûsubi"
"eia, afasta-me depressa!",Ne'ĩ taûîé xe reîyîa!
venha para nos arrebatar,Eîori oré rekyîa
mas vocês acreditam realmente em deus?,Perobîar-y-tepe aé Tupã?
vem para afastar de mim a maldade,Eîori t'eremondó xe suí tekoangaîpaba
o que supõe saber as coisas,I mba'e-kuá-mo'anga'uba'e
"vocês não têm ouvidos, como de costume","Na pe apysáî, îandu"
frustrei aquilo que fulano faria,Aîmorambûerukar ahẽ rekorambûera
o interior das minhas pálpebras está trêmulo,Xe ropé-py-sysyî
"venham, levem os malditos, erguendo-os para assá-los em nosso fogo, tostando-os bem","Peîori, perasó muru, supi, îandé ratápe sapeka, saîmbé-katûabo"
a felicidade no céu,Ybakype toryba
não é mesmo?,mba'e-tepe?
que os judeus se compadeçam dele,T'oîporeaûsuberekó îudeus
"filho bastardo, filho do amante",agûasá membyra
esse nome é o que me convém,Aîpó tera xe arõana
você reteve alguma pessoa consigo?,Ererokûé-rokûerype abá amõ?
a que se assemelhava o suor dele?,Mba'e abyare'ymape syaîa?
seu cadáver dormiu demais?,Okeretápe se'õmbûera?
segura-o por enquanto,Eîpysyk ranhẽ
de acordo com as palavras do chefe dos cristãos,Cristãos rubixaba nhe'enga rupi é
mais do que todas as coisas dolorosas que estão neste mundo,Opakatu ikó 'ara pupîara mba'easy sosé
que o maldito não esteja perto de mim,T'oîkó umẽ moxy xe ypybo
"na verdade, você negará três vezes ser meu discípulo antes que o galo cante duas vezes.",Mosapy ipó xe boîáramo nde rekó ereîkuakub mokõî gûyrá sapukaî' e'ymebéne
estou em uma cilada,Kotype aîub
ai! não há absolutamente servos meus,Akaîgûá! N'i tyb-angáî xe boîá
"depois disso, vamos quebrar as cabeças dos reis",A'e ré kori îasó tubixaba akanga kábo
o que acredita na dança do chocalho,Maraká poraseîa rerobîasara
você me atormenta,Xe usũî îepé
eh! onde ele está?,Tó! Mamõpe ahẽ rekóû?
suas túnicas ficando rasgadas,O aobusu mondoró-ndoroka
o sol se envergonha ao nascer diante do seu brilho,Otĩ kûarasy osema nde beraba robaké
futuro senhor de suas muitíssimas riquezas.,O mba'e-katupabẽ îarama
estou muito manchado,Xe rabará-barab
sejamos bons com aqueles homens,T'i marangatu apó abá pé
cavei a terra,Ayby-ybykoî
eu não tenho visão; sou cego,Na xe resapysóî
"lave-o, fazendo brilhar meu coração","Eîmoîasyk, xe py'a moberapa"
voltei,Aîur gûiîeby
entisnei o rosto dele,Asobaún
eu sou doido,Xe 'angaingaíb
"pé de algodão, algodoeiro",amynyîu-'yba
"instrumento para desviar água, sangradouro",y-mombîasaba
alegrando todas as idosas,Gûaîbĩ moesãîa mbá
água salgada,y-e'ẽ
dirigi-a,Asebikok
"ah, muito bem, fiquem tranquilos!","Erĩ, aûîé, peputu'u!"
para nos ensinar a orar a deus,Tupã mongetá resé îandé mbo'ebo nhẽ
"por outro lado, da mesma forma, o próprio mar será mais terrível do que costuma ser, fazendo as ondas grande estrondo",Kokoty paranã aé rame'ĩ o abaetéramo erimba'e gûekoagûera sosé yapenunga ryapugûasuramo
há poucos dias você mandou sua esposa como espiã,Kûesé nde remirekó manhanamo ereîmondó
os homens maus se uniram,I îasear apŷabaíba
moro com pedro,Kó taba pupé aîkó - Moro nesta aldeia Aîkó iké xe roka pupé - Moro aqui em minha casa Aîkó Pero irũnamo
as doenças da alma do homem se curam bem com ela,Abá 'anga mara'ara i pupé opûeîrá-katu
lanço a canoa,Aro'ar ygara
"sou mediano, não sou nem grande nem pequeno",Xe boîá
você atacará os índios,Apŷaba eresepenhãne
"na casa de quem você passou tomando-as, antes de se esconder?","Abá rokype erekûá tá, nhemim-y îanondé?"
água corrente,y-syryka
qual outro é guerreiro senão ele?,Maratekoara aé-amẽ ahẽ?
o que nosso senhor disse a quem esbofeteou seu rosto?,Marã e'ipe Îandé Îara og obá petekarûera supé?
prendi-os lado a lado,O îoybyri aîmoín
que a esposa não vá longe,T'osó umẽ temirekó kûepe
que vocês lembrem deste dia em que descansei depois de terminar todas elas,Ta pe ma'enduar ikó 'ara ixé i moaûîé pá roîré xe putu'uagûera resé
"o que a gente diz, conversando com o seu anjo guardião?","Marã e'ipe asé, karaibebé o arõana mongetábo?"
por que você me bate?,Marãpe xe ri erepûá?
passei diante deles,Sobabo akûab
"enfim, os moços escondem seus procedimentos muito maus",Aûîé kunumĩgûasu o ekó-aíbeté oîomim
seu fechamento,i 'o
passo jenipapo nele,passo jenipapo Aîîanypá-mongy
vou à caça,Ka'abo asó
"se alguém escondesse os atos passados uma só vez, deus não perdoaria","Oîkuakumo amõ abá tekopûera oîepé'ĩ nhõmo, Tupana n'i nhyrõî xómo"
a maldade fez minha alma feder,Xe 'anga omonem tekoangaîpaba
lugar para vender carne: açougue,so'o ma'e'ĩndaba
"em que direção, pois, foram meus atos passados?",Marangoty-pakó xe rekopûera é?
ensinamento da palavra de deus,Tupã nhe'enga morombo'esaba
"o que é de cada dia, algo cotidiano",îepimemẽndûara
o que é comum é que aquela mulher quebre nossas cabeças em pedaços,Sekoaba'e kûé kunhã oré akanga i apiti
óleo de peixe,pirá-nhandy
vou comer seus miolos,I aputu'uma t'a'u
nosso inimigo não deixa de nos tentar.,N'i apori oré sumarã îepinhẽ oré ra'anga
eu sou molengão,Xe rekombegûé
teu poder aquietou este mundo,Nde 'ekatu kó 'ara moapysyki
ainda que eu fosse,Îepémo asó
o que fez neste mundo depois que cresceu?,Marãpe sekóû ikó 'ara pupé o kakuab'iré?
"cantemos um pouco primeiro, para festejarmos bem o dia",T'îanhe'engá-mirĩ ranhẽ 'ara momorãngatûabo
eu estou molhado,Xe akym
"embora vocês tenham tentado, ficaram deitados apenas pouco tempo junto a mim","Pesa'ang îepé, peuî korite'ĩ nhote xe pyri"
não conheço esse homem,N'aîkuabi a'e abá
"jorro de água, itororó, bica de água",y-tororoma
vou ir,Asó nhẽ
o juiz mandou cortar as orelhas do ladrão,Morubixaba mondá îaînambi-'okukar
geração da alegria,Toryba nhemonhangaba
prender tapuias,tapuîa rara
dei-o em troca de dinheiro,Itaîuba repyramo aîme'eng
eu sou aquele que é rico,I mba'eba'e ixé
"por tua misericórdia, visitas nossa alma","Moraûsuberekosápe, asé 'anga ereîosub"
eu o abarquei,Aîubykatã
"sofreu, suportando o fogo","Sosang, tatá porarábo"
"ambas estas mãos, o número dez",opá kó mbó
"aprenda sobre a palavra de deus, na qual crerá",Onhembo'e Tupã nhe'enga o emierobîarama resé
se não fosse a vinda do fulano,Ahẽ ruraba a'eîponomã
"ilha de mato em meio a um descampado, capão",ka'a-pa'ũ
como nosso senhor a cura?,Marãpe Îandé îara i mombûerabi?
"ficamos gritando, como desterrados",Orosapuká-pukaî i pe'apyramo
resto do tronco de árvore que fica no chão após o seu corte,ypypûera
antigamente eu ficava sempre junto de você,Akûeîme apytá memẽ nde pyri
agora há pouco,korite'ĩ-mbyryb
fico a me espojar,Anhemonduby-ndubyr
viemos em grande número,Oroîurusu
"quando se destila algo quente, muito amargo","Mba'e-akuba, mba'e-robeté tukutuku okûapa"
"muito bem, eis que aqui estou, trazendo para você estes siris","Auîebeté kó aîkó, ndébo ko siri reru"
"sem se misturar com eles, e igualmente não querendo o seu modo de ser","Sesé onhemonane'yma, oîabé sekó potare'yma"
hoje mesmo vou fazê-lo ir,Kori é t'oromondóne
"eu sou o diabo, esquentador de gente.",Xe anhanga moropé
anunciando nossa futura felicidade,Asé rekokaturama mombegûabo
"vocês não têm ouvidos, como de costume, confundindo esta aldeia","Na pe apysáî, îandu, ikó taba apamonana"
cheguei,Agûasem
saiu para o pátio chorando dolorosamente,Osem okarype oîase'o-asykatûabo
aquele que é pobre por sua própria vontade é quem tem a bem-aventurança,Tekokatueté rerekoara o emimotarybo é i mba'ee'ymba'e
aguei-a,Aîamõ
devolve o objeto de seu furto,Ogûeroîebyr o mondasagûera
esse outro,kûé amõaé
arrastando-nos para seu fogo,ogûatápe oré rekyîa
"tão logo, ao ouvir o seu nome, o diabo treme","Nde rera rendupa abé, Anhanga ryryî okûapa"
a gente vai comemorar bem este dia.,A'eboé ebokûé 'ara asé oîmoeté-katune
"detestando o seu pecado, a transgressão da palavra de deus","O angaîpaba, Tupã nhe'enga abŷagûera reroŷrõmo"
"que amemos nosso pai, nosso verdadeiro criador","T'orosaûsu îandé ruba, îandé monhangareté"
minhas costas,xe atukupé
convés da embarcação,ygara rokabytera
riscaram todo o seu corpo com ferro pontiagudo,Opá nde reté raíri itatiãîa pupé
bola de madeira,ybyrapu'a
você lançou algum menino que estava aconchegado a você sobre você por desejo sensual?,Ereîtykype kunumĩ amõ nde abiîxûara nde 'arybo moropotara suí?
elas estão sempre cheias,Tynysẽ memẽ
você desvirginou alguma menina?,Eresugûykápe kunhataĩ amõ?
"não foi você, certamente, que se atraiu pelas mulheres?",Na nde ruã-te p'akó kunhã ri ereîemomotá?
castrado,sapi'a'okypyra
você não trouxe foices?,N'ererupe îyapara?
"em reparação por isso, você se mudou de aldeia","Sepyápe, ereîakasó"
você irritou o senhor jesus,Pemoŷrõ Pa'i Îesu
lacei a perna dele,Aîpukuîurar
o nosso chamado à mãe de deus faz com que ele sofra muito,Tupã sy îandé senõîa oîmoasy-katu-eté
ele não dormiu a noite toda,Pysaré kó i kere'ymi
mas eis que minha alma não está aflita,Xe 'anga-t'iã n'i marani
você não me detesta,Na xe reroŷrõî îepé
quais são as novidades? quais são as novas?,Marãpe moranduba?
durmo com roupa,Aroker aoba
entreouvi suas palavras.,Asendubaíb nde nhe'enga
o vejo,A'é sepîaka
"no caso de você o desejar muito mesmo, que se faça","Nde i potasábo-katu é, t'onhemonhang"
tenho os furos das orelhas tapados,Xe apysakûá-îe'o
serão muitos os fatos que assustarão as pessoas,Setá tekó oporomondyîba'ene
não querendo que o diabo seja seu senhor,Anhanga o îaramo sekó potare'yma
num dia semelhante a este,Kó 'ara nungara pupé
são numerosos os que procuram por você,Se'yî nde rekasara
os que estão próximos de ti,Nde resé serosypyra
teu nome é muito belo,I porãngatu nde rera
estou doente,Xe rekoruînhẽ
dei seus antigos companheiros aos índios em troca de cauim,"Irũmbûera, kaûĩ repyrama ri, aîme'eng abá supé"
é um tanto grande,Turusu-pyryb
assim procederei hoje,Emonã kori aîkóne
"o mais cedo possível, num instante",korite'ĩ-aíb-eté
"aperta a cabeça do maldito, enfraquecendo-o muito","Oîopyk muru akanga, i moatãe'ỹngatûabo"
"a unhada de fulano, a marca das unhas de fulano",ahẽ pûapẽ-mbora
você trouxe sua esposa?,Nde ererupe nde remirekó?
"certamente, lhe beijarei as faces.",A'e ipó asetobapé-pyténe
você se excitou com seu amante?,-Nde regûyrõpe nde agûasá resé?
"se ele sente muita dor quando aquilo que o empalidece e o deixa doente se abrandar, quanto mais quando aquilo que não se abrandar","O moaîureme o momara'areme a'e i arybeba'erama biã sasyeté, memetipó i arybeba'erame'yma"
"por isso mesmo, os moços, quando são convidados pelos chefes, entram sempre no lugar de beber cauim","Nd'e'i te'e kunumĩgûasu, morubixaba o sogûápe, oîkébo memẽ kagûápe"
será que é o lourenço tostado?,Rorẽ-ka'ẽ-piã?
este pajé ruim tem espírito protetor,Supixûar ikó paîé-angaíba
muitos moços bebedores de cauim já se juntaram por causa disso,Onheŷnhang umã sesé kunumĩetá kagûara
o apresentei,Arokûab
os homens pecadores mataram são mateus,Abá angaîpabora São Mateus îukáû
tenho tendência a esquecer; sou esquecido.,Xe resaraî-potar
trazendo à tona seus atos escondidos,Sekó-nhemima monduîa
"os cristãos, na verdade, não pecam pouco","Karaíba, ipó, n'oîkoangaîpá-pyrybi"
como seus discípulos receberam vocês,O boîáramo pe rari
estou sempre com você,Nde resé memẽ oroîkó
trabalho as madeiras,Aybyrá-pan
fique! só quando você bebe cauim é que quer ser valente?,Epytá! Kagûápe nhõ nde ratãngatu-potá?
a morte é a ameaça daqueles que realmente se casam,Te'õ a'e mendasareté momboîsabamo
às vezes nosso remédio não faz efeito,Sarûab amõme asé posangygûaba
você ergueu jesus em seus braços.,"Endé, nde îybápe, Îesu eresupi"
"não me chame pelo nome diante dele, senão ele me mata!","Xe renõî umẽ îepé i xupé, na xe îukáî!"
parece que é ele,A'e îasûar
o aticei,Asapynhang
saí dele há pouco,Asẽ amo'ĩ i xuí
os habitantes do céu estão ainda mais felizes,Ybaka porá-tene sory-porang
"por causa de sua crença nele, sem duvidar",Serobîara resé o akasange'ymamo
em que parte do corpo ele o flechou?,I mba'epepe i nhybõû?
a desfolhei,Aîpo'o
uma pessoa não pode casar-se ocultamente?,Nd'e'ikatuîpe abá omendá-nhemima?
tremo; ambas as minhas coxas adormeceram,"Aryryî, opá xe uba îesyî"
estou mancando,Xe ate'ẽ
eu me limpo das fezes,Aîeîkûaru'umbok
eu tenho a extremidade pontuda,Xe rapûá-obyr
"por causa disso, já se reuniram muitos rapazes bebedores de cauim e as moças que servem bebidas às pessoas","Onheŷnhang umã sesé kunumĩetá kagûara, kunhãmuku i more'ymbara"
morro de morte natural,Te'õ suí amanõ
esbofeteando suas faces,Setobapé sosoka
"mas sempre, com certeza, suas almas querem o bem","Memẽ-te nipó, pe 'anga amotá"
eu enfeio minha alma,Xe xe 'anga aîmomoxy
o que fazem conosco os que nos batizam?,Marãpe asé rerokara asé rerekóû?
como este,kó îá
a criança está deitada ao lado de sua própria mãe,O sy posé pitanga ruî
tenho a casca erguida.,Xe pé-bur
vou revirar seu ventre opilado!,T'aîpobu sygé-aponga!
"asse para mim o lourenço tostado, embora eu seja um rei","Xe resy Lorẽ-ka'ẽ, xe morubixaba biã"
olhando furtivamente para cá,kûybõ oma'ẽ-nhemima
eu faço bochecha,Xe ratypygûasu
seu próprio corpo incorrupto,gûeté-marane'yma
muitíssimo rechonchudo,asangusugûasu
nesta noite teve início,Kó pytuna ri sy-ari
"você falou duramente com alguém, irritando-o e fazendo-o odiar as pessoas?","Erenhe'eng-aparatãpe abá supé, i moroŷrõmo, i moporoamotare'yma?"
eu sou vingativo,Xe îepykixûer
você comeu terra?,Ere'upe yby?
finalmente ele a levou,Té ahẽ serasóbo ko'yté
algumas poucas vezes.,amõme nhõ
"tu foste chocarreira, estando deitada sobre teu próximo?",Nde arũaípe nde rapixara 'arybo eîupa?
se ele não tivesse ido,Osó é ahẽ îabynomã
eis que seu filho me fez mudar de ideia,Xe resaekoabok ikó nde ra'yra
"faça-me valente, para que eu me oponha ao maldito, vencendo-o para sempre","Xe mopyatã îepé, t'apu'am muru resé, aûîérama i moaûîébo"
contar aos homens a felicidade futura deles,Abá supé sekokatusagûama mombe'u
"eu sou sauiaetá, famoso é meu nome",Ixé Saûîaetá Serapûã xe renõîndaba
o fogo dele queimou a sua alma.,Nde 'anga osapy satá
"após arrependerem-se de seus atos, os índios vão se confessar","O ekó moasy riré, abá sóû îemombegûabo"
como pilatos disse aos seus aprisionadores?,Marã e'ipe Pilatos serekoaretá supé?
enjoe do seu velho modo de ser!,Eîmoting nde rekopûera!
arrancando sua orelha.,i nambi mondoka
assaram-no sobre grelhas de moquear de ferro,Moka'ẽ itá îurá 'arybo sesyri
cura-se às vezes,Opûerab amõnume
acordo bem de madrugada,Îeîbeté apak
matem-no!,Peîuká!
marca de espada; sinal de ferimento por espada,itangapẽ-mbora
"era tão grande que, por isso mesmo, ficava caindo com ela",Turusukatu Nd'e'i te'e sero'a-ro'a
vendi coisas,Amba'e-ma'e'ĩ
os que não acreditavam nele trabalharam em conjunto e passaram a atirar flechas nele,Serobîasare'yma potyrõû iî ybõîybõmo
ser chamado de ladrão é característica do homem mau,Sereroĩmbyra abá-mondá apŷabaíba rekoaba é
qual é o outro meio de curar a nossa alma?,Marãpe amoaé îandé 'anga posanongaba?
eu resmungo,Xe nhe'ẽkurukuruk
o que há aqui semelhante a um canindé azul?,Mba'epe ké kanindé-oby îasûara?
aqui vem um barco que não faz senão ir,Kó ygara ruri Osó-te
"se você quer ser mau, terá de ir, pois, para o seu fogo",Nde poxy-potar-a'ub T'eresó rõ nde ratápe
vim do céu para ajudá-los sempre,Aîur ybaka suí îepi nhẽ pe pytybõmo
faço com que me matem,Aîeîuká-ukar
farei com que todos pequem de novo,Aîmoangaîpá pá benhẽne
hei de ir cumprir essas palavras,T'asó aîpó nhe'enga mopó
eis que este é discípulo de jesus,Iesus boîá ã ikó
eis que eu sou homem,Xe abá niã ixé
logo que ele foi,osóbo bé
estou firmemente com a base,Xe ypy ten
tranca da porta,okena kokaba
"eu me protejo, me defendo.",Aîepîar
"seus antigos pecados estão diante deles, assim como seus furtos",Sekomemûãagûera serekóbone sobaké bé i nhemondá bé
"no meio do caminho, meninos me assaltaram mesquinhamente","Pé ku'ape, kunumĩ pu'ama'ubi xe ri"
eles se tratam uns aos outros como semelhantes por causa de sua irmandade,O îoasykûera ri îasûaramo i îogûerekóû
assim vamos nos acariciar!,Nã takó îomomoranga re'a!
eu sou malhado na cabeça,Xe 'apititing
misérias da vida,tekó poreaûsuba
eu ainda estava cansado,Xe pûeraî mbyté
permaneço seu guardião,Aîkobé n'ixé sarõana
"vem para espantar o maldito, para que não invista contra nós","Eîori muru mondyîa, t'opu'am umẽ oré ri"
veio de longe um grande chefe para te procurar,Oú tubixá-katu mamõ suí nde reká
"a mim também, o bastião flechado me derrotou; não existe mais a minha antiga bravura",Xe abé iî ybõmbyrûera Bastião xe moaûîé N'i tybi xe abaetepûera
revezamo-nos uns aos outros.,Oroîoporu
eu mato pessoas,Aporoîuká
confundindo as aldeias desde a galileia,Taba moapaîugûá-îugûábo Galilea suí-katu
muito longe,apûé-katu
"se o sol já faz as pessoas terem muita sede, com ainda mais razão, quando estão no fogo elas desejam beber","Kûarasy abiã oporomo'y'useî-eté, memetaé tatápe oína abá o'useî-etéramo"
homem musculoso,abá-tubixaba
buraco no chão,yby kûara
eu o forrei,Aîapeaob
trazendo o resplendor de deus,Tupã beraba reru
dizendo isso por pequenas coisas,Mba'e-mirĩ resé aîpó o'îabo
jaz de lado,Opemo aîub
o que era pão,miapepûera
"finjo que o levo, faço de conta que o levo.",Arasó-rasó-a'ub
oh! quem aqui dá a cara?,"To, ahẽ! Abápe ké sobasẽ?"
ainda bem que aprendeu,Iîá oîembo'ebo
mas são eles que mandam fazer cauim,A'e-te kaûĩ pûaîtara
sendo seu guardião,Serekoaramo ûitekóbo
como são estas suas casas? - diferem muito,-Anga îápe pe roka? -Oîkoé-katu
fique com seus súditos junto de nós,Eropytá nde boîá'ĩ orébo
se você não endurecer seu coração,Nde nhy'ã nde i moatãnhẽe'ỹme
"o que é líquido, o que é ralo",tykuba'e
eu sou maior do que você,Ixé nde sosé
o que eu ensinei,xe remimbo'epûera
não é que o maldito veio voando?,Ké muru ruri obébo?
"empenadura de flecha, isto é, penas das asas de pássaros que eram atadas às flechas",u'upepó
após derramá-la dentro de alguma casca de coco,Inaîagûasu apepûera amõ pupé i nhang'iré
faço muito barulho ao andar,Xe py-ambugûasu
lanço a canoa,Aîtyk ygara
para o monte chamado calvário,Ybytyra Monte Calvário 'îápe
fizemos uma procissão,Orotupãerogûatá
esta aldeia: você ainda não lhe disse maldades?,"Ikó tabape, marã nd'eréîpe i xupé ranhẽ?"
"os que não acreditavam nele trabalharam juntos, preparando-se para flechá-lo","Serobîasare'yma potyrõû, iî ybõîybõmo"
a dança é boa,Moraseîa é i katu
estavam dormindo por causa da aflição,Oker okûapa tekotebẽ suí nhẽ
"confesso-me a você, senhor padre, por ter pecado muitas vezes","Anhemombe'u ndebe, pa'i abaré setá nhẽ xe angaîpagûera resé"
pegou-se firmemente à sua roupa com que ele foi castigado às suas chagas?,Oîar-atã serã i aoba i nupãsagûera i moperé-perebagûera resé?
"quando o doente se aproximar da agonia, mandem chamar o padre","Mba'easybora o mara'ara kakareme, t'osenõîukar abaré"
fiz provisões dele.,Asesemõ
que ela faça seu muito belo filho nos perdoar,O memby-porangeté t'omoîerekûab orébo
você deveria ter sabido antes de agir assim,Ereîkuá ranhẽ meémo emonã nde rekorama
será que a tentação é algo semelhante a uma juçana?,Îusana abŷare'yma nhẽ serã tentação?
levando todos os peixes,Pirá mondóbo pá
sei disso tão bem quanto você,Nde îabé ixé i kugûabi
"o fogo dele, ao descer, queimou tua alma",Nde 'anga osapy satá ogûeîypa
fiz taipa de pilão,Aybysosok
"há bem pouco tempo, agora há pouco, agorinha mesmo","kûesé-té'ĩ, kûesé-té'ĩ-mbyryb, kûesé-té'ĩbé, kûesé-bé'ĩ, kûesé-pyryb"
o que perseguiu o cão do seu próximo,o apixara reîmbaba îagûara remimomosẽgûera
rapaz,kunumĩ-a'uba
os cabos são achatados,Yba i peb
"a mãe de deus, que me ameaça","Tupã sy, xe momburûara"
desconfio dele por causa do meu dinheiro,Aîmondar ahẽ xe itaîuba ri
"escondendo que era sua verdadeira parente, a quem ele perverteu",O emimomoxypûera o mũetéramo sekó kuakupa
"enquanto as cuias iam quebrando as pontas, você afrontou os homens","Kuîa nhẽ i tĩ-ngá-tĩ-ngábo, ereîanga'o abá"
cordão de contas,mbo'yrysy
"vem, coisa fedorenta, coisa nojenta, tamarutaca!","Eîori, mba'enem, mba'e-poxy, tamarutaka!"
põe mais um,Enhonong-y bé amõ
serra braceira,ybyrakytĩabusu
"por isso mesmo, quando sentem saudades um do outro, ficam tristes.","Nd'e'i te'e oîoepîaka'upa, o karukasyramo"
fiquei estremecido,Asy-syî
cuide-se hoje para não ter guerra comigo,Eteumẽ kori marana rerekóbo xe resé
ainda que eu já tivesse ido,Aûîebé-temo xe só-umani
você teve relações sexuais com alguma mulher como sua prostituta?,Ereîkópe kunhã amõ resé nde sugûaraîyramo?
tempo de rogar a deus pelas almas,angûera resé Tupã mongetasagûama
a gente não come carne de caça no dia de jejum,Nd'o'uî asé so'o îekuakuba 'ara pupé
você fez chegar o pagamento como retribuição por um trabalho?,Eresepy-mondykype marãtekó repyramo?
então matarei alguns,A'ereme amõ aîukáne
"nosso pai esteve chorando por muito tempo, primeiro",Ipuku erimba'e îandé rubypy rekóû îase'o-monhanga
o lambi,Asereb
"odeiam você, expulsarão você","Nde reroŷrõ, nde mombóne"
querem te afugentar,Nde monhegûasẽ-motá
"você escondeu algum pecado seu do padre, envergonhando-se disso?","Ereîkuakupe nde angaîpaba amõ abaré suí, senotĩamo nhẽ?"
"teremos de ir à dura guerra, cara a cara uns contra os outros?",T'îasó maranatãûãme o îoupé oîobaúpa?
teço roupas,Aaó-pyasab
poucas pessoas moram nesta aldeia,Mokõînhõ kó taba pupé sekóû
"herodes teria entregado este à morte, conhecendo suas maldades",Herodes meémo ikó oîme'eng te'õ supé i angaîpaba kuapa
que farão no céu?,Marãpe sekóû ybakypene?
terá a mulher ciúmes de seu marido?,Sygûyrõpe kunhã o mena reséne?
"grandes espinhos entram, espetando sua cabeça.","Oîké îugûasu, i akanga kutuka"
baixou a cabeça e ficou gritando,Oîeaŷbyk ogûasem-asemamo
me apresso hoje por causa da sua fama,"Xe apuãnamo kori, nde rerapûana resé"
cortaram seu prepúcio,I 'apira mondoki
"você vituperou pelas costas o seu pai, o seu mestre?","Ereîkupeanga'ope nde ruba, nde mbo'esara?"
encaixoteei as minhas coisas,Anhemba'e-nhang
em abrigo,ãme
"imediatamente, água e sangue dele vazaram, escorrendo","Aûnhenhẽ 'y sugûy abé i xuí i 'emi, osyryka"
estou pulando de alegria,Toryba suí apó-por gûitekóbo
é o modo de ser deles?,Sekoaba nhẽpe?
essa língua é difícil,I abaíb aîpó nhe'enga
o rosto da criança está alegre para eles.,Pitanga robá sesãî i xupé
esbofeteio as costas de suas mãos,Aîpokupé-petek
"""ajuntamento de ostras"", nome de um lugar",Rerityba
a gente vê aquela coisa branca e também os arredores dela,"- Akó morotinga, i amandaba bé asé osepîak"
este pajé ruim tem um espírito protetor,Supixûar ikó paîé-angaíba
o pecado não chegou à santa maria,Santa Maria resé tekopoxy nd'obasemi
"não serão apenas alguns anos, mas para sempre",Na mboby nhõ ruã akaîu-'aîubane aûîeramanhẽ-te
"será que vocês estão sossegados, simplesmente, em seus montes de maldades?",Pe apysykĩ serã peîkóbo pe rekomemûã aty-atyra pupé?
"homem tolo, ignorante",abá-tekokuabe'ymusu
"logo que ouço o nome dela, eu me escondo em outro lugar",Serenduba rupibé amongoty xe nhemimi
ele os fortalece,A'e pe mopyatã
não brigarão?,- Nd'omarãmonhangi xópene?
meu jogo me agradava,I porambyrambyk xe rekó ixébo - São-me agradáveis meus afazeres I porambyrambykĩ xe nhemosaraîa ixébo
"eis que meu corpo não está disposto, está amolecendo","Xe reté ã n'oîkoetéî, omembeka"
há aqui algo semelhante a um canindé azul?,Mba'epe ké kanindeoby îasûara?
certamente os que são maus vão se desesperar muito.,I anhamãngatu nipó i angaîpaba'e-ne
que pareçam juntar-se como um só,T'oîese'ar-y berame'ĩ oîepekaturamo
cuspindo em seu rosto,Sobá resé onhenomũ-nomuna
por acaso você faz isso à toa?,Aîpó nhẽ-pipó ereîkó?
"ah, quem me dera comer veneno para morrer!",A'u temõ mba'eaíba mã a'emo nhẽ xe re'õû
var de chapéu,akangaó-îepepira
eu sou muito gordo,Xe kyragûasu
por ser uma coisa que deve ser dividida,Mba'eramo i moîa'okypyra rekóreme
"muito bem, pois! vou comer todo o banquete de jacaré-guaçu!","Aûîebeté, rõ! T'a'u pá Îakaregûasu pepyra!"
não se compadeceu deus de alguém por causa dos que descenderiam?,N'osaûsubaripe Tupã amõ abá îeapykaba'erama resé?
estou na penúria,Atyabor
"a terra também, então, agitando-se e tremendo","Yby abé a'ereme onhemonguébo, oryryîane"
como a gente procede para cumprir a vontade de deus?,Marãpe asé rekóû Tupã remimotara moporagûama resé
vou pescar para você,T'oroporaká
"o menino vai, sentando-se em suas mãos","Nde pópe ogûapyka, osó kunumĩ"
saqueei completamente as coisas dele.,Aîmba'e-pysyrõ-mbab
"ainda bem que, outrora, afastei meus pecados",Aûîetéramo erimba'e bé xe angaîpagûera aîpe'a re'a
vou buscar água,A'ypîasó
dar um a cada dez como quinhão de deus,Opá kó mbó îabi'õ moîepé me'enga Tupã potabamo
"salve rainha, mãe de misericórdia, vida, a quem é doce","Salve Rainha, moraûsubara sy, tekobé, se'ẽba'e"
dá-nos hoje nossa comida de cada dia,Oré remi'u 'ara îabi'õndûara eîme'eng kori orébe
"de lado, pela ilharga",o ykébo
nesse exato momento perdoou pilatos,A'eîbé Pilatos supé oîerekûabamo
esbofeteei suas nádegas,Sebira aîpetek
você é uma criancinha,Pitangĩnamo ereîkó...
as juntas dos seus ossos se afastando umas das outras,I kanga îepotasaba pe'abo o îosuí
a quem aquele transgride?,Abápe aîpoba'e oîaby?
estou de acordo com ele,Supi nhẽ aîkó
por que minha mãe me deu à luz antigamente?,Marã-pakó xe sy xe mbo'ari erimba'e?
todos os seus súditos o maltratam,O boîaetá pabẽ serekomemûãmo
"como, estando nós teus filhos?",Nde membyramo orokupa
me dói a cabeça,Sasy xe akanga xe suí
eu hei de vingar você,Ixé t'oroepyk
dizendo que o canto de um pássaro ou o urro de uma onça são agouros,Gûyrá koîpó îagûara nhe'enga supé morangygûana o'îabo
"a seu próprio pedido, na cruz o pregaram","Cruz resé i moîari, i îeruresabo é"
eu tenho a pele quente,Xe pirakubor
eu tenho bens,Xe mba'e
"está pronto o guaitacá, ou o filho do guaianá?",Sekoaûîépe gûaîtaká koîpó gûaîanã ra'yra?
não amarei mais o diabo,N'asaûsu benhẽî xûé Anhangane
o maldito não difere de uma arara,Nd'oîabyî muru arara
"elas, na verdade, são más, ficam fazendo pajelança","A'e, rakó, i angaîpá, oîemopaîé-paîébo"
não me acostumei,N'aîepokuabi
"quando estamos no amor de deus, temos a verdadeira felicidade","Tupã îoaûsuba pupé îaîkóbo, tekokatu-eté îarekó"
não deixe de querê-lo,Eîpotare'ymumẽ
afirmamos que isso é o que deve ser enaltecido,Îamombe'u aîpó i momorangymbyra
íngua na virilha,akó-a'ynha
meu corpo treme,Xe reté-piring
dia muito bom,Arangaturameté
"enfim, esses temiminós não seguem a lei de deus, não a amam, não a acatam","Aûîé, kó temiminõ nd' ogûari Tupã rekó, nd'osaûsubi, n'omotybi"
vou em vão,Aûîebé-te asó
"o que é viúvo, o viúvo",seremirekoe'õba'e
conhecendo a deus,Tupana kuapa
detestando-os mais do que todas as coisas que devem ser lamentadas e detestadas neste mundo,"Seroŷrõmo opakatu ikó 'ara pupé i moasypyra, seroŷrõmbyra sosé"
todos teremos de convidar,Pabẽ t'îaîxo'o
"eu, em vez disso, quero presas em alguns bêbados","Xe-te, xe rembiá-potá sabeypora amõ resé"
poucos moram nesta aldeia; estão se salvando.,"Mokõnhõ kó taba pupé sekóû, oîepysyrõ okupa"
o patrimônio que meu pai me deu,xe ruba xe mba'eme'engaba
que vá guaixará para o fogo,Gûaîxará t'osó tatápe
estou rouco,Xe îase'opyoú
qual era mesmo o nome dele?,Marã-takó ahẽ rera?
tratando-se uns aos outros como se estivessem numa fraternidade,Oîoasykûera ri îasûaramo oîoerekóbo
você estava realmente dormindo?,Ereké-pipó eîupa?
podei-a,Aî'ybab
nó na garganta,aseó-kytã
"a gente diz ""quinhão de deus"" para aquilo que é dado?","Asé aîpó i me'engymbyra supé ""Tupã potaba"" i 'éû?"
"deus te ama muito, enchendo-te de graça","Tupã nde raûsubeté, graça ri nde moynysema"
fiz dele meu captor,Aîmoembiaryîar ahẽ xe îoesé
eu sou libertina,Xe resaeté
durma ao meu lado,Eké xe porupi
farto-o,Aytarõ
retribuí o que ele escreveu,Aîpoepyk semikûatiara
eu fico salivando,Xe rendy-rendy
qual? aquele lourenço tostado?,Umã? Akó Rorẽ-ka'ẽ?
está perturbando as pessoas,Oporomoaîu oîkóbo
estou muito abatido,Xe pitubarusu
"ora, já agora, leve-o",Ne'ĩ serasóbo ko'yté
como se voasse muito rapidamente,Korite'ĩ-aibeté obebébo berame'ĩ
"e não confessando ser parente, de fato, do seu marido ou da sua esposa, o que acontece?","A'epe o mena koîpó o emirekó mũetéramo sekó mombe'ue'yma, marã?"
"será que vocês estão sossegados, como os que não veem a morte?",Pe apysykĩ serã peîkóbo te'õ repîakare'yma rame'ĩ?
amarre sua rede de dormir ao meu lado,Eîotĩ nde kesaba xe porupi
"isso é assim, com certeza",Emonã ûĩ re'a
"sua mãe, cobrindo-o bem, o protege do frio","I xy i aso'ikatûabo, oîopîá ro'y suí"
eu sou hábil,Xe pokarugûar
que ouçam aquilo que você diz,T'osendu aîpó nde 'é
o que vai buscar água,ypîasoara
lamentando terem nascido de suas mães,O sy suí o 'aragûera moasŷabo
ele está com a água esgotada,Ty-pab
a união de deus-filho com nossa carne,îandé ro'o resé Tupã-Ta'yra îemonana
"jesus, guardião da alegria",Iesu toryberekoara
"à flor d'água, na superfície da água",y-apé 'arybo
"você passou a mão nas suas pudendas, abrindo-as?","Erepokokype nde rapopé resé, i pekábo?"
por que a gente põe a cruz na testa?,Marãnamope asé o sybápe îoasaba moíni?
este outro,koba'e-te
como seus discípulos procederam ao verem tratar assim o seu senhor?,Marãpe i boîá rekóû emonã o îara rerekó repîaka?
minha carne está trêmula.,Xe ro'o-sysyî
inimiga do diabo,Anhanga sumarã
dar também o quinhão de deus naquilo que plantou primeiro,O emitymbûerypy pupé Tupã potá-me'engano
eu tenho uma roça própria,Xe kó-é
confundindo as pessoas,o poromonã-monana
"eis aqui meus chifrões, meus dentes, sim; eis aqui também minhas garras","Kó xe 'akusu, xe ranha Îé, kó bé xe pûapẽ"
não me enterneço por aquele que morreu para me resgatar,Xe repyramo omanõba'epûera ri xe akyre'ymamo
var de argola de penas,aûã-myranga
não sabia do perdão de deus para comigo,N'aîkuabi ixébo Tupã nhyrõagûera
o que é daqui é este,Ikendûara n'ikó
"eu não queria vir, irritando os homens brancos","Xe n'aîu-potari biã, karaíba moabaîtébo"
"o sem-orelhas, coisa mocha",nambie'yma
a dor da minha cabeça piorou muito.,Oîerekoaíbeté xe akanga rasy xe suí
nem cruzei as palmas das mãos,N'aîasabi pó-pytera
minha vida passada em minha terra vem à minha memória,I 'ã i 'ang xe retãme xe rekoagûera ixébo
não tem limite nem fim,"-N'i sykabi, n'i papabi"
o nome da terra deles é mboijy; ali os assam e os comem,"Setama rera Mboîy, a'epe i moîypa, i gûabo"
há algum homem na condição de seu substituto?,Oîkobépe amõ abá sekobîaramo?
voltará a confessar os que confessou e os que escondeu,O emimombe'upûera o emikuakugûera irũmo bé i mombe'uîebyrine
presumo que ele deve ter ido,"""Osó ipó re'a"" a'é"
"logo, vencendo os temiminós, habitantes daqui, eu os frequentarei","Koromõ keygûara temiminõ moaûîébo, asapekóne"
que me tratem como seu próprio deus,O tupãnamo ta xe rerekó
a segunda vez dele,i mokõîa
eu sobrevivi,Xe rembyr
algum deles foi mau alguma vez?,"Oîepé-ĩombé, nipó, i angaîpab amõme é"
detestando sua maldade.,I angaîpaba momburûabo
não pode quem não é padre fazer as coisas assim?,Nd'e'ikatuîpe abaréramo oîkoe'ymba'e emonã tekó monhanga?
ontem deram combate aos brancos,"Kûesé, karaíba ri i pokoki"
mamei,Akambu
deus também dá neste mundo algumas coisas aos que são bons?,Oîme'eng-y bépe Tupã ikó 'ara pupé mba'e amõ i angaturamba'e supéno?
ilha grande,Ypa'ũgûasu
ferimentos mútuos,îoapixaba
falo mal dele,Aîmombe'uaíb
"cara ruim, mau humor",tobasy
somente o homem obedece ao seu pai?,Og uba anhõpe abá osapîá?
vestir os nus,Ikatupendûara moaoba
tenho meu modo de ser diferente,Xe rekó-aé arekó
"não querendo comer, eu venho",Na mba'e 'u potá ruã aîur
fiquei esfregando-o com gordura,Aîkyty-kytyk mba'e-kagûera pupé
eu sou rechonchudinho,Xe apebĩ
"que a maria alegremos, repelindo a lei do diabo","Maria t'îambory, Anhanga rekó reîyîa"
lhe resisti,Anheran i xupé
"transgridem, certamente, apenas algumas vezes",Oîaby ipó amõme é
não o teríamos trazido a você se ele não tivesse pecado,N'orogûeruri xûémo ndebe i angaîpabe'ỹmemo
será que o que será deixado é tudo?,Seîarypyrama ruã-tepe mba'e tetiruã kûáî?
também furou minha cabeça,Omombuk-y bé xe akanga
as crianças que completam dois anos,pitanga mokõî ro'y omoaûîeba'e
"ele está enferrujado, tem ferrugem",Sepoti
estou ricamente vestido,Xe aó-mondé-matueté
mas livra-nos das coisas más,Oré pysyrõ-te îepé mba'e-aíba suí
"você mesmo é a causa do seu dano, querendo revirar minha casa",Endé aé ereîekûá xe roka pobu-potá
os buracos das orelhas estão tampados,apysakûá-îe'o
o que é a morte?,Mba'epe te'õ?
o doente que está ao teu lado,mba'easybora nde kotypendûara
bebi água,A'y-'u
estando aflito,tekotebẽboramo oîkóbo
vamos chegar ao céu,T'orobasẽne ybakype
atravessam as suas mãos juntamente com os seus pés,Îaîpó-asá-sá i py resebé
"por isso mesmo, todos quiseram igualar-se ao seu criador?",Nd'e'i te'e serã oîemoîoîá-pá-potá o monhangara resé?
como o nosso perdão aos que nos tratam mal,Oré rerekomemûãsara supé oré nhyrõ îabé
"deleitando-se com as escravas más, não quiseram vir aqui","Tapuîpé-poxy mborypa, tupotare'ymi iké"
mas que não paremos de chamá-la,Îandé-te îapyk umẽ senõîa
"de dois em dois, dois a dois",mokõ-mokõî
"eu sou um mísero índio, de fato",Xe abá-aîbĩ anhẽ
estou me amancebando,Xe agûasá gûitekóbo
"eu vou te apanhar bem, fazendo você cair no meu mundéu","Xe t'oropysykatu, xe mundépe nde mbo'a"
vêm aqui para nos castigar!,Ké turi îandé nupãmo!
"sofrendo tudo o que é doloroso, e que não se mitigará",Opakatu sasyeteba'e i arybeba'erame'yma porarábo
"conhecendo a deus, agora amo meu senhor jesus","Tupana kuapa, ko'y asaûsu xe îara Îesu"
"eu sou sauiaetá, meu nome é famoso",Ixé Saûîaetá Serapûã xe renoĩndaba
caí doente,Xe mba'easy-'ar
tenho medo; tremo!,"Asykyîé, aryryî!"
"o desejo sensual, tornado costumeiro — a janotice, o vício —, conforme nosso senhor, depois que o recebemos em nossa alma, impede-nos de querer.","Moropotara semipokuabe'yma, arũaíba, tekó-poxy anga Îandé Îara îandé 'angyme îandé ogûar'iré ybŷá potara oîmoaruab"
"eu sou o alegre ibitirapé, do topo da montanha","Xe rory Ybytyrapé, ybytyrapûá suí"
"tempo, lugar, instrumento, causa, modo, companhia, etc. de matar",îukasaba
cure minha alma somente com suas palavras.,Opûerab é ipó xe 'anga nde nhe'enga pupé nhote
"cura-se algumas vezes, segundo os desígnios de deus para a gente","Opûerab amõnyme, Tupã asé rerekokuapaba rupi é"
como disse ao seu pai antes de morrer?,Marã e'ipe og uba supé o îekyî'îanondé?
me tornei homem,Xe abagûasu
na cintura,ku'aî
lanço puçá,Apysá-îtyk
tingo-o de vermelho,Aîpitu-pyrang
não é dia.,Nd'e'i 'ara
o dei de graça,Aîme'eng tenhẽ
você acredita em falsas oferendas ou em pajelanças?,Ererobîápe îetanonga'uba koîpó karaimonhanga?
"tempo, lugar, modo, etc. de tocar, de bater",mopûaba
desde a minha vinda,xe rura agûerabé
eu fui peado,Xe pukusam
"é no final da missa que você sempre entra, manifestamente consciente?","Missa mondykápe épe ereîké îepi, nde îesûere'yîpe"
vagem cheia,Topé-pungá
destilando algo muito amargo,Mba'e-rob-eté tuku-tuku okûapa
"aproximando-se da morte, suou bastante","Te'õ rerobyka, syaî-tekatu"
"o atravessei, sem mais",Asasá-benhẽ
finjo que vou,Asó-asó-a'ub
veio um grande chefe,Oú tubixá-katu
"jesus, o que eu desejo","Îesu, xe remimotara"
"sim, aqui estão também minhas garras, meu rabo comprido, meus ganchos","Îé, kó bé xe pûapẽ, xe rûaîpuku, xe tyãîa"
"a saída do sol, o nascer do sol",kûarasy sembaba
"guardem-se de ser maus, doravante",Peteumẽ pe poxyramo angiré
constituímos você chefe,Oromoingó tubixabamo
braço de rio,y-akã
maltratar o seu próximo,o apixara rerekoaíba
"da mesma forma, fizeram isso com os seus pés, pregando-os também com cravos?",A'e rame'ĩpe ybŷá i py rerekóû itapygûá pupé i moîáno?
faça desaparecer meu tentador,Emokanhem xe ra'angara
quem tocou na irmã mais nova ou na irmã mais velha de sua noiva verdadeira não pode casar nem mesmo com a sua noiva,O me'engabeté pyky'yra koîpó tykera resé obykyba'e n'e'ikatuî omendá o me'engabeté resé tiruã
ele está salgado demais,Se'ẽ-moxy
eu também vou,Ixé tiruã asó
você se tornou mais formosa que ela,Nde moaysó-eté i xuí
de modo algum os temiminós deixam de usar seus nomes antigos,Nainanĩ temiminõ o erumûana mombó
"ah, como o pecado é mau! como fulano é mau!",Tieté kó angaîpaba maniîabo mã! Tieté kó ahẽ maniîabomã!
o miolo dele,i apytera
fico a me espojar,Aîeré-îereb
"veja bem que, por isso mesmo, o maldito ataca o homem",Nd'e'i te'e moxy keteté abá ropenhana
"que não conheçamos senão a deus, nosso criador","T'îaîkuá-te Tupã, îandé monhangagûera"
para que sejamos dignos do que cristo prometeu,T'oré angaturãne Cristo remienõîûera resé
ensinando você a si mesmo,Eîembo'ebo
eu sou elegante,Xe katu
linha grossa de pescar,pindasã-pokuruba
evacuei,Aka'apîasó
me frustrei,Xe rarûab
ele secou,Typab
foi à minha frente,Osó xe renondé
raízes angulosas,sapopema
"por causa de um homem branco ter te feito trabalhar, trabalhaste num dia que deve ser guardado?","Karaíba nde moporabykŷápe, ereporabykype 'ara i momba'etepyra pupé?"
estes habitantes da aldeia estavam sob minhas mãos,Kó tabygûara xe pó gûyrybo sekóû
"ah, quem me dera ter ido!",Asó me'ĩmo mã!
você deu à luz por sua vontade?,Nde membyrápe erimba'e nde remimotarybo?
é no final da missa que você sempre entra?,Missa mondykápe épe ereîké îepi?
o que diz o primeiro deles?,Marã e'ipe iîypy?
o cão é ávido,I mba'e-potar îagûara
"você disse falsamente que ele disse isso, sendo maledicente?","""-E'i kó"" eré tenhẽpe nde îuruaíbamo?"
detestando-os mais do que tudo o que se deve detestar neste mundo,Seroŷrõmo opakatu ikó 'ara pupé seroŷrõmbyra sosé
faço com que pedro tenha roupa,Aîmoaob Pedro
essas folgadas são más,I angaîpá kó kena'ĩ
"que queimem no seu fogo, para que os pecados dos malditos tenham retribuição","T'okaî nde ratá pupé, ta sepy muru angaîpaba"
"quando chegou a morte, jesus te fez subir para junto de deus-pai","Te'õ mbasembápe, Tupã Tuba pyri Îesu nde rupiri"
"se aquele que tem relações sexuais com uma solteira, ou que se atrai por ela, transgride gravemente a palavra de deus, quanto mais aquele que perverte uma casada ou que se atrai por ela","Mene'yma resé oîkoba'e abiã koîpó sesé onhemomotaryba'e oîaby-eté Tupã nhe'enga, memetipó mendara momoxysara koîpó sesé nhemomotasara"
forno de cal,itaku'i-apŷaba
ela foi feita para ser a futura mãe de deus,Tupã syrama ri i monhangymbyra...
por que deus os deu para a gente?,Mba'erama resépe Tupã i me'engi asébe?
"é, com efeito, um grande zelo.",Setá nhẽ kunu'umusu
cozinha um pouco de cauim,Emoîyb kaûĩ amõ
por que você não se esconde?,Marãpe nd'erenhemimi?
fico me espreguiçando,Aîepoká-poká
sua mãe não teve dor de parto,I xy n'i membyrasyî
"às vezes os frutos de suas árvores caem ainda sendo flores, outras vezes quando estão verdes, outras vezes caem depois de amadurecerem","Okuî rakó amũme 'ybarambûera o 'yba suí 'ybotyramo oîkóbo bé, amõ rakó ogûakyra pupé i kuî, amõ rakó ogûaîub'iré i kuî"
limpou seu rosto com um pano branco,Osobá-syb aó-tinga pupé
"de alguma parte, de algum lugar",kûeîpe suí
"tempo, lugar, modo, etc. de se lavar, de se batizar",moîasukaba
coisa beiçuda!,Mba'e-embegûasu!
você foi torpe com alguma irmã da sua esposa ou com alguma parente próxima dela?,Nde poxype nde remirekó asykûereté amõ resé koîpó i mũ-mbyryba?
você teve amizade com um homem pecador?,-Ereîekotyápe abá-angaîpaba resé?
minha barba branca.,xe rendybaá-tinga
"eu sou um espião, um velho poltrão","Xe manhana, manembûera"
anuncia os que serão casados na igreja nos feriados,Ogûeronhe'eng i mendarypyrama Tupãokype marãtekoabe'yma pupé
que o deixem ficar,Te'inhẽne oîkóbo ká
"sabendo disso, impedirias a transgressão da palavra de deus","Aîpó kuapamo, ereîmorambûé Tupã nhe'enga abyrambûeramo"
vem para espantar o diabo,Îori anhanga mondyîa
o convenço,Aîmoapapub
ofereci-lhes comida,Asemi'u-erekûab
"eu, perguntando por ele, vim da minha casa","Ixé sesé gûiporandupa, xe roka suí aîu"
como será que um habitante do inferno viveria neste mundo?,Marãeté'ĩ ra'umope amõ Anhanga ratá pora rekóû ikó 'ara pupé?
não coma este fruto,E'u ymẽ ikó 'ybá
conforte-me,Xe moapysyk îepé
o que existe neste mundo,ikó 'ara pora
"para mim, seria melhor morrer",I xosémo nã ky xe re'õ
estou morno,Xe rakubaíb
faço mingau,Aîapó minga'u
propondo-se a ser bom,xe katurama momboîa
"arrependendo-se de seus pecados, deplorando-os","O angaîpaba moasŷabo, seroîasegûabo"
eis que ela é minha companheira,Xe irũ a'e ã
adormeci,Xe ker-aparar
"espere, eu vou ir primeiro","Eambé, xe ranhẽ t'akûáne"
"quinhão de deus, dízimo",Tupã potaba
eu sou ladrão,Xe mondá
os outros não se afligem?,N'oîkotebẽî amõba'e
"que tenhamos, em sua terra, junto a você, a vida eterna","T'orogûerekó, setãme, nde pyri, tekopuku"
o que foi morto,miîukapûera
"você foi revistar as cisternas de água doce de alguém, tomando seu conteúdo?","Eresópe abá îeky-'ye'ẽ supa, i pora rá?"
o que entrou em suas almas,Pe 'angyme oîkeba'epûera
eu o aparei,Asembe'y-kytĩ
"por isso mesmo, até a terra que pisamos detesta os cadáveres daqueles",Nd'e'i te'e yby asé purungaba tiruã aîpoba'e re'õmbûera reroŷrõmo
somos vizinhos uns dos outros,O îoamundabamo oroîub
além do rio,y robaî
amarrei o cabelo,Aîe'a-maman
qual é o preço delas?,Mba'epe sepyrama?
constantemente,-Mba'e-mba'eremepe asé îeruréû i xupé? -Îepi nhẽ - Em que ocasiões a gente reza para eles?
"disse isso, conhecendo o futuro esmagamento dos habitantes daquela cidade chamada jerusalém",Akûeî tabusu Îerusalém 'îaba pora mombebaûama kuapa nhẽ aîpó i 'éû
eu o queimo,Asapy
o tomamos de ombro a ombro,Oîoybari orogûar
como se eu fosse lá,A'epe xe só îaramẽ
por que a gente vai se persignar muitas e muitas vezes?,Marãnamope asé îobasabetá-etáûne?
você ia ali por ocasião dos feriados,A'epe 'aretéreme eresó
ele é grande,Xe reburusu - Eu sou grande Seburusu
meu braço perdeu a sensibilidade,Omanõ xe îybá
ajuntam-se,Oîerobyk
"tocou nas suas pudendas, abrindo-lhes a pele?",Erepokokype nde rapopé resé i pipekábo?
o terceiro deles,i mosapysaba
essas serão as que você assará,Aîpó nde remixyrama
nem por isso eu vou para longe,Ndaroîaî mamõ xe sóû
sem sequer cozinhar sua comida,O emi'urama tiruã moîybe'yma
traga água para mim.,Erur 'y ixébe
por isso deus transformou primeiro a costela do nosso pai na sua esposa?,Emonãnamope Tupã îandé rubypy arukanga nhẽ apóû semirekóramo?
faz o diabo fugir,Eîmonhegûasem anhanga
"oh, então é assim, na verdade!","Tó, inã îepé ra'e!"
o oposto da avareza é a liberalidade,Tekate'yma robaîara tekate'yme'yma
atiramos o vício fora,Tekoaíba oromombó
"""sob o sono da bem alta noite"", isto é, nas horas mortas da noite, em que todos dormem",pysaîé-katu ké-gûyrybo
aquele padre que te batiza dá uma vela na sua mão,A'e abaré nde mongaraipara iraîtytataendy me'engi nde pópe
põe a espada na bainha dela,Eîmondeb itangapema surupe
eis que amanheceu,ko'ẽ kó
fogo em que se elimina a dívida dos nossos pecados,Tatá asé angaîpaba repy mondykaba
eu tenho muito valor,Xe repy-etá
"o que tem fama, o que é famoso",serapûanyba'e
cuidado ao esconder-lhe o que faz,Tîaté i mĩme i xupé marã oîkóbo
você acreditou nas mentiras de alguém?,Ererobîápe abá remo'ema?
eles mandariam enforcá-los?,A'emo oîubyk-uká?
dizem que é assim,Emonã i'e ra'e
o que é convidado,i xo'opyra
"você urdiu mentiras contra alguém, envergonhando-o e fazendo com que fosse tratado como mentiroso?",Eresekyîpe îuraragûaîa abá supé i motĩamo nhe'engabamo serekó-uká?
eu sou muito longevo,Xe rekosûé-katu
que eu deteste muito o diabo,T'aroŷrõngatu Anhanga
"ei, vamos levá-la na frente deles, esta muçurana","Ene'ĩ, t'îarasó senondé kó musurana"
o que te deixa nu,ikatupe nde moĩndara
"ei, vou ir com você","Ne'ĩ, t'asó nde irũmo"
"e quanto a você, boiuçu?","Marãpe nde, Mboîusu?"
louvo muito a você por me ter salvado,Oromoeté-katu nde xe pysyrõagûera resé
"ei, rogue por nossa virtude!",Katunhẽ eîerurébo oré katûagûama ri!
parece flutuar,Obebuî-berame'ĩ
como um galo você se deita.,Gûyrasapukaîa îabé ereîetu'u
como estava jesus quando ele o fez sair?,Marãete'ĩpe Jesus o enosẽme?
você vai neste dia,Eresó kó 'ara ri
vim agora mesmo,Aîu ramõ
"aqueles serão os futuros habitantes do fundo do nosso fogo, os que serão queimados","Aîpó îandé ratá gûyra porama, sapypyrama"
vim para ficar de vez,Gûitu aîur
não acato essa sua boa lei,N'aîari kó sekó-angaturama
"vigie bem por mim, mandando que não me deixem cair","Ema'enãngatu xe ri, xe mbo'are'ym-uká"
o envolveram em roupas brancas,Aó-tinga pupé i nhubani
esbofeteei suas mãos,Aîpó-petek
eu vou só,Ixé anhõ asó
santa maria supõe a aproximação de seu parto,Santa Maria o membyrá-kakara omo'ã-mo'ang
"enfim, esses temiminós não acatam a lei de deus","Aûîé, kó temiminõ nd'ogûari Tupã rekó"
"escabelar: desfazer o penteado, desgrenhar o cabelo, etc",abo'o-bo'o
não mato,Aîukae'ym
meu rabo está cortado,Xe rûaîasyk
você já saiu da grande escuridão,Eresem ymã putunusu suí
"ergueu-se com as feridas de suas mãos, de seus pés e de seu flanco?","O pó, o py, o yké kutukagûera bépe erimba'e ogûeropu'am?"
"sendo virgem, mesmo dando-o à luz, antes de o dar à luz e, igualmente, depois de o dar à luz","I mbo'a tiruã, i mbo'ar' e'ymebé, a'erame'ĩ i mbo'ar'iré, omarane'ymamo"
1) o quê? que dizes?,marã-pipó?
eu cheiro mal,Xe ryapûanusu
curtinho,asangĩ
verdadeiros amaldiçoadores de deus te assaram no fogo,Tupã momburûareté tatá pupé nde resyri
ele tem olhos claros como seu pai,Og uba rupi ahẽ resatingamo
do lado de fora dele,i apé koty
os que assim dizem,Nã e'iba'e
"vocês tentaram em vão, por pouco tempo, não dormir perto de mim",Pesa'ang îepé korite'ĩ nhõte xe pyri pekere'yma
será que é um morcego?,Andyrá ruãpe é?
você consola seu pai e sua mãe em suas aflições?,Ereîmoîekosupe nde ruba nde sy sekotebẽsaba ri?
"vou ao rio dos paratis, ao bando dos tupiniquins","T'asóne parati'ype, tupinakyîa re'yîpe"
"aquela lei nova me importuna muito, irritando-me muitíssimo","Xe moaîu-marangatu, xe moŷrõ-etekatûabo, aîpó tekó-pysasu"
a gente pode trocar o próprio nome?,E'ikatupe asé ogûera rekobîarõmo?
"fonte, água perene",y-pabe'ymba'e
qual é o seu nome?,Marãpe nde rera?
ele se deteve por longo espaço de tempo.,Ymûanĩ ahẽ rekóû
eu sou redondo,Xe amandab
"eu sou um mísero índio, de fato",Xe abá-aibĩ anhẽ
todos os que estão nas ilhas,opá 'ypa'ũmendûara
farei sair meus antigos e grandes pecados,Xe angaîpá-tubixagûera amosẽne
fiz-lhe uma gaiola,Asuru-monhang
estarei aos seus olhos,Sesápe xe rekóû re'ĩ
cortei seus nervos,Aîpytasã-mondok
"entregando sua alma, que deus dignifica, ao diabo",Nde 'anga Tupã remimomba'eté me'enga anhanga pé
"sendo assim, dia e noite você cuidará da sua alma","Aîpó e'ymeté, ko'arapukuî, pysaré nde maînanĩ nde 'anga resé-ne"
o sol se eclipsa,Kuarasy onhemoputun
eu a acalentei,Aîmboyî
sua busca por pessoas entre as mulheres,Kunhã ri i moreká
eu sou certeiro,Xe pûakatu
o que se iguala às mulheres,Kunhã resé oîemoîoîaba'e
eu sou muito manhoso com as palavras,Xe nhe'ẽpokarugûá-katu
"acredite, meu padrinho, vão te prender hoje","Erobîá, xe rubangaba, ta nde moembiá kori"
não nos batizam também outras pessoas junto ao padre?,N'asé reroki bépe amõ abá abaré pyri?
faço as coisas devagar,A'é umanĩ mba'e monhanga
procedo conforme sua palavra.,Aîkó nde nhe'enga rupi
faça-me valente,Xe mopyatã îepé
canoa de junco,piripiri-ygara
eis que ele vai aí,Ebokûeî i xóû
"ficou pulando, reconhecendo imediatamente jesus, seu senhorzinho","Opor-oporĩ, Îesu o îarĩ kuapa aûnhenhẽ"
aqui estão meus chifrões,Kó xe 'akusu
pagou alguma vez por seu comportamento assim?,Osepyme'engype erimba'e emonã o ekoagûera?
eu o sujei de visgo,Anhomong
"você tomou as coisas de alguém, o objeto do furto do seu próximo, ou o que ele esconde?","Ereîarype abá mba'e, nde rapixara mondarõagûera koîpó semimima?"
ao longo de todo o caminho,pé pukuî
mandando fazê-los embarcar numa arca de madeira semelhante a um navio,"Ybyrá karamemûã, ygarusu nungara pupé, i mo'aruká"
"esse, enfim, não é diferente da cobra",Aîpoba'e-tene n'oîabyî mboîa
"sabendo que deus fez você sair daquela escuridão, honre a deus","Aîpó pytunusu suí Tupã nde mosemagûera kuapa, eîmomba'eté Tupã"
eu não estou doente,Na xe marani
vara,ybyrá'ĩ
"em vão eles se esquivam, querendo fazer passar as flechas","E'i tenhẽ onhemoîtỹamo, u'uba mongûá-potá"
lhe troquei uma criação,Asekobîarõ seîmbaba i xupé
"sol frio, isto é, sol encoberto, tempo nublado",kûarasy-ro'y
quantas vezes o homem transgride aquele depois de se deixar atrair por uma mulher ou depois de conversar com ela sem tocá-la?,Mbobype abá aîpoba'e oîaby kunhã resé onhemomotar'iré koîpó i mongetá roîré sesé o byke'yma pukuî?
os daqui.,keygûara
você outrora me salvou,Nde erimba'e xe pysyrõ îepé
"e os que bebem cauim, como ficam? não transgridem a palavra de deus?",Kagûarape marã? Nd'oîabyîpe Tupã nhe'enga?
linha grossa de pesca.,pindasã-muku
"o que está no pote, o conteúdo do pote",kamusi-pora
o homem branco não é muito forte,Na satãngatuî maíra!
você mesmo é causa do seu dano,Endé aé ereîekûá
pregue-o na cruz,Eîmoîar ybyraîoasaba resé
tanto mais porque eles são adversários dos agressores,Memeté a'e morero'arupîara
"fez-nos viver, sofrendo a morte","Îandé moingobé, te'õ porarábo"
irritando-se por muito tempo,Kype onhemoŷrõmo nhẽ
o tradutor do padre,abaré nhe'engerekoara
não se cansam de pedir a deus pelos que os resgataram,N'oîeruré-pytubari Tupã supé ogûenosemarûera resé
eu lhe pelo o couro cabeludo,Aî'apirabo'o
"homens, mulheres e velhas sempre serão minhas presas","Apŷaba, gûaîbĩ, kunhãne, ko'arapukuî xe rembiá"
"muitos outeiros, serra",ybyty-bytyra
ele passou diante de ilhéus,Nhoesembé robabo i kûáî
só a morte é a causa de afastá-los,Te'õ anhõ i mombo'isaba
encarreguei pedro de cuidar da lenha,Aîopûaî Pedro îepeaba resé
coloque uma cruz diante deste doente como objeto da visão de seus olhos,Peîmoín amõ cruz oîepé kó mara'abora robaké sesá ma'ẽndabamo
deu todo o seu sangue ao morrer,"Opá og ugûy me'engi, omanomõ"
estou ofegante,Xe u'ukûar
pelo menos eu,Ixé te'ĩé
aqueles serão saciados,A'eba'e i moytarõmbyramo sekóûne
os antigos inimigos de são lourenço,São Lourenço rupîarûera
eis que se aproxima a minha vida futura,Okakar kó xe rekoberama re'a
vou transgredir a lei de deus procedendo assim?,Aîabyp'ixé Tupã rekó inã ûitekóbone?
"não era deus, o espírito santo, mas um sinal da sua vinda","-Tupã Espírito Santo anhẽ a'e tatá? -Nda Tupã Espírito Santo ruã, tura îekuapaba é - Deus Espírito Santo era, na verdade, aquele fogo?"
os habitantes do céu afligiram-se ao vê-lo humilhar-se,Ybakygûara onhemoputupab i nhemomoreaûsuba repîaka
"você se agitou, querendo nos fazer viver","Nde ereîemosusuni, oré moingobé-potá"
evocando a morte do meu senhor,xe îara re'õ renõîa
eu tenho o rosto muito curubento,Xe robá-kuru-kurub
"na verdade, não conhecem as coisas","Anhẽ, n'i tekokuabi"
farei-os correr comigo; farei-os voar comigo,"Anonhan, arobebéne"
"também os tornam famosos, vilipendiando-os com suas bocas","Oîmoerapûan-y bé, o îurupe i momoxŷabo"
estou coberto de fumaça,Xe run tatatinga suí
"depois disso, o cauim transbordante nas igaçabas os atrai","Ygasápe kaûĩ-tuîa, a'e ré, îamomotá"
homem falso,abá-memûã
"abraçando a cintura do teu companheiro, estimulando teu desejo sensual","nde rapixara ku'a îubana, nde poropotá-pokyramamo"
"se uma coisa muito saborosa enjoa quando se come muito, quanto mais você a comer, mais você expelirá o que não é bom","Mba'e sekatuba'e abiã oîmoting i 'uetébo, memetiã nde nda mba'e-katu ruã euĩ ereîmo'ẽ"
manchas brancas no cabelo,a-titinga
"produtivo, de bom rendimento.",ybykûab
não falto à igreja,N'aîmopanemi tupãoka
não nos deixes cair em tentação,Oré mo'arukar umẽ îepé tentação pupé
"águas tranquilas, bonança",y-katu
"fico girando em círculos, fico dando voltas",Anhatimã-timanĩ
linha delgada para costurar,inimbó'i
mudo-me,Aîeakasó
desceu para o meio da terra,Ogûeîyb yby apyterype
meu padrinho,xe rerokarûera
vou comer todo o banquete de jacaré-guaçu!,T'a'u pá Îakaregûasu pepyra!
então já estava são joão batista no ventre de sua mãe,A'ereme oín uman São João Batista o sy rygépe
quem deve ser ungido por nós ?,Mba'e-mba'epe asé suí i pitubypyra?
por aqui,kó rupi
"eis que, como está no céu, nosso senhor está dentro do pão","Akó ybakype ogûekó îakatu, Îandé Îara rekóû miapepûera"
eu mesmo coloquei pessoas no desejo sensual,Xe aé aporomoingó moropotara resé
"eu mesmo sou quem o queimou, quando ele vivia","Ixé aé sapysarûera, sekobeaba resé"
"pensem que, algum dia, a morte virá mesmo para bater em suas portas, surpreendendo vocês",Penheangerekó amõ 'ara pupé te'õ pe rokena motaka turagûama resé é pe pokosupa
amainei a vela,Aroîyb aoba
você acha que o pajé ruim é aquele que tem o dom dos prodígios?,Ererobîápe paîé-aíba mosangyîaramo sekó?
será que a tentação é algo semelhante a um laço?,Îusana abŷare'yma nhẽ serã tentação?
ainda bem que o faz correr consigo!,Iîamuru senonhana!
mas os guardiões da gente são os anjos?,Asé rarõanamo-tepe karaibebé rekóû?
não sou medroso,Na xe poropoûsubi
visita nossa alma,Asé 'anga ereîosub
"por que você veio, ó meu muito amado?",Mba'e resépe ereîur xe remiaûsukatu gûi?
não perdoa,N'i nhyrõî
pó de madeira,ybyrá ku'i
rejo pessoas,Aporoerekó
esse homem e sua esposa também acabaram com todas as suas riquezas,Kó abá semirekó abé opá o mba'e mombabi
essa ilha não tem água,Y angaba'eamẽ ebokûé 'ypa'ũ
o fogo realmente te convém para que você nele se asse,"Tatá nde arõ-eté, i pupé t'ereîesy"
"sobre ela morrendo, nosso senhor para nos resgatar",I 'arybo omanõmo Îandé Îara îandé repyme'engagûera resé
o que não foi morto,I îukapyrûere'yma
vamos levar os malditos antes que ela saiba,"I kuab'e'ymebé, îasó muru rerasóbo"
"fogo do cauim, isto é, com que se cozinha o cauim",kaûĩ ratá
"ilha de mato, capão",ka'a-pa'ũ
eu tenho fôlego comprido,Xe pytu-muku
de quem são esses nomes?,Abá-abá rerape eboinga?
mas esta terra em que moramos não é nossa pátria?,N'asé retama ruã-tepe ikó yby asé rekoaba?
"embora ele fosse nosso pai primeiro, o que foi dito foi: ""-não comas este fruto""","Aûîeté a'e îandé rubypy, ""-E'u umẽ ikó 'ybá"" 'îagûera"
"por isso mesmo, sua grande sujeira estraga as almas dos índios",Nd'e'i te'e nde ru'umusu abá 'anga momoxŷabo
toquei-o,Anhatõî
ele é pequenino ta'yrĩ'i-nhota'ub - ele é pequenino,Ta'yrĩ'ĩ
"homem grosseiro, zombeteiro",abá-memûã
você mencionou o nome de alguém para o padre?,Ereîmombe'upe abá rera abaré supé?
cova de sepultura,Tyby-kûara
mandam que os batizados honrem o domingo após nosso senhor o santificar com seu retorno à vida,Domingo momba'eté-ukari i mongaraibypyretá supé o ekobé îebyragûera pupé Îandé Îara i mongaraib'iré
confessa para nós que tu és o filho de deus,Eîmombe'u-katu Tupã ra'yramo nde rekó orébe
maço de flechas,u'u-mana
na casa de quem você passou?,Abá rokype erekûá?
vim atravessando o oceano,Paranãgûasu rasapa aîu
"você disse ""oxalá eu o mate"", fazendo alguém ouvir?","""Aîuká temomã"" erépe abá remiendubamo?"
"enfim, o que não é lamentado se ressente por não ser honrado",Aûîé sapirõmbyre'yma o moetee'yma oîmoasy
"são joão, como criancinha no ventre, ao perceber sua vinda, ficou saltando","São João pitangĩ, tygépe o endápe, nde rura andupápe, o por-oporĩ"
extremidades das minhas mãos,xe pó apyra
"são sebastião também, que cuidava das guerras, destruiu os tamoios, os valentes","São Sebastião abé, marana rerekoarûera, tamũîa, kyre'ymbagûera, omombab erimba'e"
quem fez isso outrora?,Abápe aîpoba'e oîmonhang erimba'e?
confiando na formosura de muitos em si,O matueté aysó resé é oîerobîá
todas as nuvens que caem do céu cobrirão a terra,Oky-ko'ẽ-ko'ẽ amana
que tipo de coisa é isto?,Marãba'ep'iã ri?
fazendo com que deus descesse consigo do céu,Tupã reroîypa ybaka suí
vivo na virtude,Aîkó tekokatu resé
ela está crua,I pyr
por isso mesmo os escravos festejam este dia,Nd'e'i te'e miasûbetá ikó 'ara momoranga
esses seus olhos voltam em nossa direção,Eboûĩ nde resá erobak oré koty
nós somos gêmeos,Oré kõî
ensina bem minha alma para que conheça o caminho do céu,Eîmbo'ekatu xe 'anga t'oîkuab ybaka piara
"estando com seus cocares brilhantes, que são mais brancos que a geada",O akanetá-beraba ro'yrypy'aka sosé morotingyba'e reroína
remédio para dor de picada de cobra; antídoto para veneno de cobra,mboîasy-posanga
nós estamos enfileirados,Oré rysy
os que vivem para isso violam muito a lei,Ikoba'e resé tekoara oîaby-eté tekó
são pedro puxou a espada,S Pedro itangapema osekyî
"vamos cantar um pouquinho, primeiro",T'îanhe'engá-mirĩ ranhẽ
você quer ir para o lado das pessoas?,mosé esó-potá
por isso mesmo não tinha maldade antes de se destinar a ser mãe do filho de deus,Nd'e'i te'e o poxye'ymamo Tupã-Ta'yra syramo o îe'o îanondé
para julgar todos os que vivem e os que morreram,"Oîkobeba'e, omanõba'epûera pabẽ rekomonhanga"
você quer que eu te unte com óleo bento?,Ereîpotápe îandy-karaíba pupé ixé nde pixyba?
destruiu outrora os tamoios,Tamũîa omombab erimba'e
não está de acordo comigo; não é igual a mim.,Na xe îáî
contando os pecados escondidos de alguém a quem não os conhece,Abá angaîpá-nhemima i kuapare'yma supé mombegûabo
mina de ouro,itaîu-kûara
você andava por aí corrompendo mulheres casadas,Kûepe kunhã-mendarûera ereîmomoxy-moxy
nunca acaba de comer; fulano não come completamente as coisas,Nd'o'u-apyî ahẽ mba'e
"no meio da terra fazendo um fogo inextinguível, que não se apagará",Yby apyterype tatá-amororé ogûeba'erame'yma monhanga
pranteiem logo a vossa miséria; comecem a se lamentar,"Taûîé pe poreaûsubagûama rapirõmo, peîemoangekoaíb peína"
não ficou ninguém no lugar da batalha,N'opytáî amõ abá maranápe
eu tenho mau hálito,Xe rygynõ
"quem, necessariamente, a gente chama quando está aflita?",Abáp'amẽ asé osenõî oîkotebẽmo?
minhas próprias coisas,Xe mba'e teé
"você vira o rosto para trás, olhando de canto de olho, sorrindo e espreguiçando-se","Nde atybak, nde resá-popybo ema'ẽmo, epukamirĩamo, eîepokábo tenhẽ"
"curou-o apenas tocando sua orelha, fazendo-a sarar imediatamente, colando-a","Oîposanong i nambi atõîa nhote, aûnhenhẽ i monga'ẽmo, i moîepotá"
deu as coisas desaparecidas que você achou para seu dono?,Ereîme'engype mba'e-kanhema nde basemagûera i îara supé?
talvez este pássaro grande queira me agarrar novamente,Xe pysy-potar-y bé serã kó gûyragûasu
ela fez assim,Emonã ûĩ sekóû
eu o fiz de forma ríspida.,Aîmonhang-îeaseî
"alegrem-se, meus filhos, por minha causa","Pe rory, xe ra'yretá, xe ri"
amarre sua rede de dormir ao lado de mim,Eîotĩ nde kesaba xe porupi
todos vieram?,Opápe turi?
coloque a cruz em nossa testa e também sobre nosso coração,Asé sybápe cruz moíni asé nhy'ã 'arybo bé
cria de seus animais,gûeîmbaba îeapyká
teu sêmen ejaculado,nde ra'y-pupuka
me encolho,Aîeapûapyk
voo como este vento,Abebé kó ybytu îá
o amor a deus encheu suas almas,Tupã raûsuba resé i 'anga porakari
"mas eu, sentindo saudades suas, gosto muito de você","Xe-te, nde repîaka'upa, oroamotá-katu"
eu sou mestre,Morombo'esara ixé
a gente o honra mesmo como se fosse seu próprio pai?,Og uba îakatu tenhẽpe asé i moetéû?
que somente deus seja a causa de temor ao diabo,Tupã anhõ Anhanga sykyîabamo t'oîkó
"havia muito sangue, oprimindo sua alma","Sugûy turusu, i 'anga apypyka"
"logo depois de dizer aquilo a ele, lançou o pagamento por seu senhor no templo, indo finalmente enforcar-se","Aîpó oîoupé 'é abé, o îara repypûera reîtyki Tupãokype aûîé osóbo oîeaîubyka"
fez nosso senhor algum diante dele?,Oîmonhangype Îandé Îara amõ sobaké?
"saindo, deixando de assistir à missa","Kûepe osóbo, missa renduba reîá"
rapazes muito fortes,kunumĩûasu-atã-atã
eu tenho nome,Xe rer
deteste a si mesmo; emende-se,"Eîeroŷrõ, enhemomotiasó"
os que moram em maratauá acreditam nas minhas palavras,Marataûãme tekoara ogûerobîá xe nhe'enga
você deixou de ouvir a missa?,Ereîmopanemype missa renduba?
esbofeteei a nuca dele,Aîatuá-petek
eu babo,Xe rendysyryk
oxalá ela estivesse sem roupa!,Ikatupe nhẽ temõ mã!
eu os envolvi em mortalhas,Aîapyear
faço lisonjas ao homem.,Anhemokunu'unu'uma'ub abá resé
eu estou amargo,Xe 'ak
o que entra junto de mim,xebe teîkeara
"após a nossa perdição, deus criou uma mulher bondosa","Îandé kanhem'iré, Tupã amõ kunhãngatu monhangi"
vem me encontrar,Eîori xe repenhana!
ele está azedo demais,Saîasy
quem o entregou?,Abápe i me'engarama?
você esbofeteou as têmporas de alguém?,Ereî'atypetekype amõ abá?
ser indulgente com um pequeno ato de maldade de alguém,Abá marã sekoagûerĩ resé nherane'yma
"eis que minha condição, na verdade, é assim",Xe rekó anhẽ nhẽ nakó emonã
"grandes espinhos entram, espetando sua cabeça","Oîké îugûasu, i akanga kutuka"
o que perverte uma casada,mendara momoxysara
você acredita na dança do maracá?,Ererobîápe maraká poraseîa?
a crença na dança enche os corações deles,Moraseîa rerobîara i py'a îaîporaká
ele veio atrás de mim,Xe pytaî turi
cuidado para não levá-lo,Erasó umẽ ké
eu já não sou mais virgem,Xe kûar ymûan
você desvirginou alguma menina? segundo sua vontade ou ela resistiu completamente?,Eresugûykápe kunhataĩ amõ? Semimotara rupipe koîpó i popyatã-mbápe?
imediatamente eles se vingam do seu próximo,Aûnhenhẽ o apixarĩ resé îepyki
como se lê aquela outra petição nossa?,Marã e'ipe amoaé asé îeruresaba?
estou com olheiras,Xe resakûarumbyk
a gente benze a sua comida?,Osobasápe asé o emi'urama?
esses homens são os que nos trazem riquezas,Aîpó abá ma'e îara îandébe
"por acaso o maldito estava com a cintura fendida, balançando?",I ku'a-bok serã moxy oatimunga?
para colocar a hóstia em nossa boca,hóstia mongûapagûama resé asé îuru resé
no vale que tem o nome josafat,Ybytygûaîa Îosafat seryba'epe
que sejamos dignos do que cristo prometeu,T'oré angaturãne Cristo remienõîûera resé
tenho azia.,Xe pusu'umukaî
tanto um quanto o outro importunavam santa maria ao longo dos dias,Oîoîabenhẽ 'ara rupi Santa Maria moaîuû
tenho inclinação para pedir,Xe îeruresûer
"queremos muito amar você, entregando-nos a você","Oroaûsu-potá-katu, oroîeme'enga endébo"
"o diabo, ao me visitar, não faz meu coração palpitar",Na xe mopy'atytyki Anhanga xe rapekóbo
"eu sou enfermo, doentio",Xe mba'easy-potar îá
não! você é o meu quinhão!,Aã! Xe potaba nde!
onde tatapitera? onde caumondá?,Umãpe Tatapytera? Umãpe Ka'umondá?
"deus, abertamente, revelou-se a eles imediatamente",Aûnhenhẽ Tupã katupe îepîakukari i xupé
embora eu fosse,Aûîebé-temo asó
as criancinhas também têm apenas o pecado de nosso primeiro pai,Pitangĩ abé îandé rubypy angaîpaba nhõ ogûerekó
faço agouros por ele,Asaybõ
"sua alma está muito branca, como roupa lavada","Morotĩngatu nde 'anga, aoba i potukapyra rame'ĩ"
enaltecendo seus antigos pecados,pe rekopoxypûera momoranga
"dou passos largos, dou grandes passos",Xe rapupa'ũusu
quem é você?,Abápe nde?
estou em pé,A'amĩote
seus cadáveres estavam lado a lado ao longo do mar,Oîoybyri se'õmbûera paranã ybyri i kûáî
oxalá houvesse uma mulher aqui!,Kunhã iké sekóû biã mã!
eles mentem na cara um do outro,"Semo'ẽ, oîobaúpa"
manchas diversas,pará-paraba
nas grandes cabeças deles,i akangusuî
tenho um olho torto,Xe resab
quantas vezes o homem transgride aquilo depois de se deixar atrair por uma mulher?,Mbobype abá aîpoba'e oîaby kunhã resé o nhemomotar'iré?
sentir o toque nas coisas,Mba'e resé mokoka anduba
"transgride também alguém a palavra de deus ao não mandar comungar seu filho, que é comungante antigo?",Oîaby bépe abá Tupã nhe'enga o a'yra tupãrasarymana supé tupãrarukare'yma?
são um na união do seu ser sagrado,Oîepé og ekó-karaíba îese'ara pupé nhẽ
"você invocou o anhanga, o taguaíba, o curupira, o jurupari ou a morte para alguém?","Eresykyîpe Anhanga, Tagûaíba, Kurupira, Îurupari koîpó te'õ abá supé?"
vendo-o somente é como pão,Sepîaka nhõ miapé berame'ĩ
abraçando a cintura do seu parceiro,nde rapixara ku'a îubana
semelhante a gotas de sangue,Tugûy tykyrûera abŷare'yma
esse homem e sua esposa gastaram todas as suas riquezas,Kó abá semirekó abé opá o mba'e mombabi
homem intolerante,abá-poromborybe'yma
os que são bem-aventurados são os que têm compaixão pelas pessoas,Tekokatu-eté rerekoara i poraûsubaryba'e
em pedro eu supunha te ver,Pedro resé ixé nde mondari
pensando falsamente que ele é quem tem saúde,Marane'ymyîaramo sekó mo'anga'upa
você zombou de alguém?,Ereîoîaîpe abá amõ?
honrando-o falsamente como seu deus,O Tupãnamo i moeté-a'upa
fui à serra para visitar a aldeia,"Taba supa, ybytyrype xe sóû"
somente deus é a verdade,Tupã anhõ mba'eeté
me enruguei,Anheãî
todos os cristãos me honram muito,Opakatu karaíba xe momba'eté-katu
as chamas vão queimar vocês!,Pe rapy tatá-endyne!
fazendo-me ficar sozinho,oîepebẽ xe moingóbo re'ĩ
seu proceder é muito belo,I porãngatu sekó
"na ponta, na extremidade",apyri
culpei-o falsamente.,Asenõî tenhẽ
vem nos guiar.,Eîori oré pokoka
eis que tenho sede,Xe 'useî ã
esse é meu antigo carrasco,Akó xe îubykarûera
você costuma se levantar no lugar em que está diante de seu pai?,Nde pu'amixûé nde îekûápe nde ruba pé?
"grandes espinhos penetram, cravando-se em sua cabeça","Oîké îugûasu, i akanga kutuka"
adversária da morte,Te'õ rupîara nhẽ
"como os soldados que o agarravam o trataram, então?",Marãpe gûarinĩetá i pysykara serekóû a'ereme?
meu jogo me agradava,I porambyrambykĩ xe nhemosaraîa ixébo
gosto de carne,so'o ré
venha ver sua futura terra.,Îandé repîaka our! - Veio para nos ver! Eîori nde retamûama repîaka
vou anunciar detidamente cada um daqueles quatro destinos finais da nossa vida,Aîpó îandé rekó oîoirundyk mondykaba îabi'õ t'amombe'u apysagûé
"ladroeiras, palavras más te sobravam, danças, diversões, vômitos, bebedeiras, guerras","Mondarõ, nhe'engaíba nde resemõ, moraseîa, nhemoryba, gûe'ena, ka'uaíba, marana"
nosso senhor perguntou-lhes novamente?,Oporandu benhẽpe Îandé Îara i xupé?
"escaparão, futuramente, os animais de caça, os pássaros, os peixes e as matas?","Okûabépe irã so'o, gûyrá, pirá, ka'a?"
você se apropriou de alguma coisa?,Nde mondápe mba'e amõ resé?
vamos matar juntos quem diz isso,Îaîuká memẽ aîpó 'îara
hoje o matou,Kori i îukáû
"daqui, certamente, passou para a índia, terra dos indianos",Ké suí serã i asabi India tapyîtinga retãme
fazem com que deus se apazigue com eles para eliminar a dívida dos pecados de diversos anos,Tupã oîmonhyrõ o îoupé setá nhẽ seîxutatá tekoangaîpaba repy-mondykápe
eu estou manchado,Xe apŷab
"depois disso, ele se casa",Aûîé-katu i mendari
e com essa sua mentira você tornou alguém famoso?,A'epe ebokûé nde îuraragûaîa pupé eremoerapûã abá amõ?
cabeça de peixe,pirá akangûera
mandaram colocar uma roupa branca nele como meio de maltratá-lo,Aó-tinga mondebuká sesé serekomemûãsabamo
eu tenho inhaca,Xe raby'ak
cunha para fender lenha,îepe'a-kasaba
um dia muito brilhante,aresakangeté
"por isso mesmo, as malditas correm",Nd'e'i te'e moxy onhana
por isso,emonã resé
a brancura de sua alma é maior do que a da roupa batida,Akó aoba i putukapyra sosé o 'anga tinga
ficando a repreendê-lo por causa de seu erro,Sekomemûãneme senonhẽ-nonhena
"""frio coalhado"", isto é, neve, geada",ro'ynhemoapysanga
"eia, agora contem os impedimentos dele",Pe'ĩ ko'yr sarûaba mombegûabo rõ
santa maria é o seu nome,"""Santa Maria"" sera"
que a gente manda colocar em seu aposento como objeto do seu olhar?,Mba'epe asé oîmoinukar o kotype o ma'ẽsabamo?
"um pouco, pouco tempo, por pouco tempo",korite'ĩ nhote
mostram-se urdindo mentiras e ficam a provar poções,"E'i mo'ema monhanga, mosanga ra'ã-ra'anga"
você dormiu muitas vezes com ódio?,Ereroker-etápe îoamotare'yma?
"quando o doente se aproximar da sua agonia, que mande chamar o padre que põe o óleo bento","Mba'easybora o mara'ara kakareme t'osenõîukar abaré, îandykaraíba nongara"
sobram-me sauiás,Xe resemõ saûîá
este é o meu princípio,Kó xe ypy
quem não recebe a deus a cada quaresma,Îekuakubusu îabi'õ Tupã ogûare'ymba'e
você obedeceu às palavras do governante da aldeia ou ao seu mestre?,Ereîporakápe taba rerekoara nhe'enga koîpó nde mbo'esara?
"ao presentearem-no, seu coração se alegrou.","I îetanongápe, sory nde py'a"
caçador de pacas,paka rupîara
eu tenho hérnia,Xe rapi'agûasu
estendi o arco,Aurapá-pirar
os anos que passaram muitas vezes são causa de atraso na ida do homem para o céu?,"Okûabetápe erimba'e seîxu, ybakype abá só moabaîpaba?"
vai tratá-la como uma escrava?,Miaûsuba îabépe serekóûne?
levo de má vontade,Arasó-îeaseî
"ele, normalmente, agiria de outra maneira",Marandé ipó ahẽ rekóû nhandu
"enquanto eles fazem guerras, ameaçam as cabeças dos índios.","Omarãmonhã-monhanga, oîmomboî abá akanga"
visitando o interior de todas as ocas,Opá okybỹnha supa
dizem que iria,Osómo ra'emo
acendi fogo,Aîatapy
eu sou muito magro,Xe rembó nhẽ
que fulano se guarde de falar,Te'itenhẽumẽ ahẽ onhe'enga
"os ex-maridos, esses malditos, não se repreendem",Mendûera kó re'a nd'e'i oîeakakapa
tear para redes,inĩ-ytá
imitei-o fingindo,Asa'ang-a'ub
você afastou seu filho e seu escravo de suas amantes?,"Ereîpe'ape nde ra'yra, nde remiaûsuba i agûasá suí?"
"sou um assassino, motivo para temer os pecados","Morapitîara ixé, angaîpaba sykyîéba"
"o que tem pênis, macho",sakûãîba'e
quem deus fez primeiro como habitantes do céu?,Abá ranhẽpe erimba'e Tupã oîmonhang-ypy ybaka porama?
"amaldiçoa você, temendo ver seu rosto","Nde momburu, nde robá repîá-poûsupa"
e como alguém procederá ao encontrar o que esqueceu?,A'epe marã abá rekóû a'e o esaraîagûera supé ogûasemane?
a ira de deus,Tupã nhemoŷrõama
"ah, de novo!",Ne'ĩ bé!
"ao comer com seus discípulos, devolveu o pão que apanhara em suas mãos","Ogûemimbo'e pyri o karuápe, miapé o pópe gûemiîara i moîebyû"
"eu não queria vir, irritando os homens brancos","Xe n'aîu-potari biã, karaíba moabaîtébo"
mas o homem não castigará seu filho e seu escravo?,N'oînupãî xûé-tepe abá o a'yra o embiaûsubane?
você falou mal de alguém?,Nde îuru'arype abá amõ resé?
a causa da alegria da minha alma,Xe 'angorypaba
oxalá chegasse então,Temone a'ereme osykamo
entortei-a,Aîapar
fazendo passar todos os seus discípulos para suas mãos,Opá o boîá nde pópe i mongûapa
a palavra de deus,Tupana nhe'enga
eu estou imaduro,Xe kyr
"você lhe atira, o dia todo, palavras mentirosas",Nhe'ẽ-porangu ereîapi ko'arapukuî
só eu beberei tudo,Xe nhõ a'u pakatune
"hei de me confessar ainda hoje, antes que a morte me surpreenda","T'anhemombe'une kori bé, te'õ xe resapy'a e'ymebé"
"o laço está quieto; é o pássaro que vai dentro dele, caindo","Îusana oĩ nhote Gûyrá aé osó i pupé, o'á"
mando matá-lo,Aîuká-ukar
a cada dia,ara îabi'õ
"você tocou no seu pênis, se excitando?",Erepokokype nde rakûãîa resé enhemoagûyrõmo?
"e suas roupas velhas, o que fizeram com elas?",I aogûerape marã serekóû?
você acredita nos feitiços do pajé?,Ererobîarype paîé îekaraimonhanga?
quem tem relações sexuais com alguém que não é seu cônjuge,O mendasabe'yma resé oîkoba'e
"ah, parece mesmo!",Îasûareté mã!
"eu sou pequeno! me engolirá hoje, como de costume","Xe mirĩ! Xe mokõ kori, îandune"
poleiro das aves,gûyrá rendaba
a graça que ele dá não acaba,Graça semime'enga n'opabi
"rio abaixo, a jusante",y-embykoty
"de acolá, dali",ûĩ suí
"qual é a causa de nos amar, santa maria?",Mba'epe Santa Maria asé raûsupaba?
"somente a ti, louvando-te muito!",Nde nhõ nde moetekatûabo!
não porque eu tenha feito algum mal,Na marã xe rekóreme ruã
nós somos numerosos,Oré re'yî
entra hoje no meu coração,Eîké kori xe nhy'ãme
eu estou rugoso,Xe axixã
façamos-no cair conosco no fogo para fazê-lo queimar conosco,Îaro'a tatá pupé serokaîa
sentando-me diante de ti,Nde robaké ûigûapyka
atrás de uma cerca de pedras,ybyrá itá-monhangymbyra kupépe
"tenho o rosto muito vermelho, eu fico ruborizado",Xe robá-pyrã-pyrang
arrepende-se muito de sua maldade e não quer repeti-la,Oîmboasy-katu o angaîpaba seroîeby-potare'yma
"esses moçacaras são famosos, que esgotam verdadeiramente o cauim","Serapûan kó mosakara, kaûĩ mboapŷareté"
por isso mesmo os jovens entram sempre no lugar para beber cauim,Nd'e'i te'e kunumĩgûasu oîkébo memẽ kagûápe
fazendo nosso pai casar primeiro com nossa primeira mãe,Îandé rubypy momendá îandé sy-ypy resé
aqueles velhos reis fedorentos?,Akó tubixanẽmbûera?
eu sou destro,Xe poîabab
eu não sou constante,Na xe rekoposyî
a gente também se inclina para os santos que estão no céu?,Oîerokype asé santos ybakypendûara supé bé?
ele passou em frente de nhoesembé,Sobábo akûab - Diante deles passei Nhoesembé robábo i kûáî
eu tenho diarreia,Xe rebykasy
"sangue verdadeiro de meu senhor jesus cristo, tu, outrora, como resgate, te derramaste na cruz","Xe îara Îesu Cristo rugûy-eté, nde erimba'e morepyramo ereîemo'ẽukar cruz pupé"
"daí, desse lugar",aîpó suí
"edificamos tua casa santa, amando-te, fazendo com que tua imagem esteja conosco","Nde rokangaturamûama oroîmoĩ, nde raûsupa, nde ra'angaba rerokupa"
nós jogamos fora a vida ruim,Tekoaíba oromombó
"pessoa vistosa, elegante, muito enfeitada com cores alegres e brincos, brincalhona",araakasybora
a armadilha caiu,O'ar mundé
você desperdiçou as coisas de alguém?,Ereîmombukápe abá mba'e?
sou muito grosseiro; sou grosseirão,Xe ran - Eu sou grosseiro Xe ranusu
ele é muito bom,I katu-pyryb
você agrediu alguém com palavras?,Nde nhe'ẽporoîukaípe abá supé?
nós nos misturamos,Oroîese'ar
deus fez vir um anjo no sonho de são josé para avisá-lo,Tupã karaibebé mbouri São José mosaûsuba pupé i momorandupa
sua fama é sempre a de protetora dos aflitos,Moreaûsuba rerekoara nde rerapûana îepi
alguém se confessa antes de embarcar num navio?,Onhemombe'upe abá ygarusupe o 'ar-y îanondé?
"depois disso, os malvados, a altas horas, atravessam o interior das ocas","A'e ré, moxy rekóû pysaîé okybỹîa asá-asapa"
o julgamento de deus sobre nós,Tupã asé rekokuapaba
livra-nos dos que nos querem mal,Oré pysyrõ îepé oré amotare'ymbara suí
"ei, puxe-o, afinal!",Ne'ĩ sekyîa ko'yté!
"imediatamente, água e sangue dele vazaram, escorrendo","Aûnhenhẽ 'y sugûy abé i xuí i 'emi, osyryka"
meu pescador,xe porakasara
casca de coco,inaîagûasu apepûera
desceu até onde nós estamos,Ogûeîy îandé rekoápe
assei,Amixyr
"o homem que tenta, sem êxito, ter relações sexuais com uma mulher, não pode se casar",Apŷaba kunhã resé o ekó osa'angîepéba'e nd'e'ikatuî omendá
a vida eterna que eles terão no céu é a que mudará?,Oîekûabokyba'eramape tekopuku ybakype semierekorama?
nele as pessoas aparecem à sua vista,Sesé abá pûari nde resápe nhẽ
ribanceira da terra,yby-esapykanga
"dali, daquele lugar",ûĩinga suí
ensina falsamente as pessoas a pronunciar a palavra de deus,Oporombo'e-a'u Tupã nhe'enga ra'anga
adoeci por causa dele,Aromara'ar
e todas as coisas futuramente queimarão?,A'epe opá irã mba'e kaîne?
jaz imóvel,Aîubé
não se aproprie das coisas de ninguém,Teumẽ abá mba'e resé é mondarõmo
eu fui rendido,Xe aûîé
querendo logo nos levar,Asé rerasó sapy'a potá
não pode outra pessoa batizar em vez do padre?,Nd'e'ikatuîpe amoaé abá oporomongaraípa abaré suí?
aqueles pregados junto a ele também,Aîpó i pyri i moîarypyrûera abé
levanta a cruz sobre o seu próprio ombro,O ati'yba ri krusá osupi
é uma maneira de assustar o diabo,Anhanga mosykyîaba
deve ter ido,Osó ipó re'a
daqui em diante não poderá se juntar à sua esposa,Nd'erekatuî xûé angiré nde remirekó rerobyka-ne
não quis que o nosso inimigo nos assaltasse,N'oîpotari îandé ri îandé sumarã pu'ama
"por isso mesmo, o homem se confessa ao seu substituto, o padre",Nd'e'i te'e abá soŷpyra abaré supé onhemombegûabo
por isso mesmo repreendeu seu companheiro,Nd'e'i te'e o apixara akakapa
"o doente, o que está doente.",mara'asara
nos faria rejuvenescer cada vez que o comêssemos,Îandé o 'u îabi'õ îandé moybymo
arranca o teu nome para que você seja muito famoso,Eîerok ta nde rerapûãngatu
esconde-se!,Enhemim!
"adão, nosso primeiro pai","Adão, oré rubypy"
"minha nação, outrora, estava segundo a primeira lei","Xe anama, erimba'e, tekó-ypyramo sekóû"
"vamos, para que vocês não sejam como uma maldição para o seu senhor.",Pe'ĩ pe îara momburu îasûara suí
quer muito a sua futura santificação,Oîpotá-katu o nhemongaraibagûama
talvez este pássaro grande queira me agarrar novamente,Xe pysy-potar-y bé serã kó gûyragûasu
venham para receber as determinações a vocês no lugar em que vocês se reuniam,Peîori pe nheŷnhangápe pe rekorama rá
exceto o vermelho,pyrã-mbyryb
dorei-o com ouro,Aîmoîub itaîuba pupé
o homem peca muito abençoando falsamente as pessoas?,I angaîpabetépe abá oporomongaraiba'upa?
"coisa quente, calor",mba'e-akuba
"peixão, peixe grande",piragûasu
"suas túnicas rasgavam-se, estando furiosos",O aobusu mondoró-ndoroka o marãmotaramo
não! eu me irritei,Aani! Aîemoŷrõ
"por ser nosso senhor jesus cristo, que tira os pecados",Tekoangaîpabokaramo Îandé Îara Îesu Cristo rekóreme
meus pés escorregaram,Xe py-syryk
casa de terra,yby-oka
eu tenho diarreia com sangue,Xe reîkûarugûy
e os rapazes que perseguem mulheres?,A'epe kunumĩgûasu kunhã oîmomosemba'e?
seu senhorzinho reconheceu imediatamente,O îarĩ kuapa aunhenhẽ
você não vem para me vingar?,Nd'ereîuri xe repyka?
"são sebastião destruiu os tamoios, os valentes","São Sebastião tamũîa, kyre'ymbagûera, omombab erimba'e"
vou como seu substituto,Asó nde rekobîaramo
que eu busque as suas pegadas,T'oroakypûer-eká
cera nos ouvidos,apysá-ygugûá
conforme o dia,ara rupi
oh! estes são castelhanos?,Tó! Kasîanap'ikó?
"por causa disso, somente, deus os fez ser diabos",Sesé nhõ Tupã i moingóû Anhangamo
calei a boca dele,Aîîuru-pyk
estou pressionado,Gûebirãîari nhote aîkó
querendo que eles se afastem de deus,Tupã suí i îepe'a-potá
"ah, veio mesmo para cá o ostra grande!",Té oureté kybõ Reriûasu mã!
"vou comer hoje seus braços, caburé, suas pernas","T'a'u kori i îybapûera, Kaburé, setymãmbûera"
como se eu fosse,Xe só serãmona'ẽ
a terceira dele é a satisfação dos cônjuges,I momosapysaba mendara moîekosupaba
"e, ainda mais, um batizado, transgressor da boa lei, ao encontrar um padre, se alegrará muito","Memetipó nhemongaraibypyra tekokatu abŷara abaré supé ogûasema, sorybetéûne"
"alguém não reconheceria ter comido algo bom, esquecendo-se da excelência de seu sabor?",Abámo mba'e-katu 'uagûera n'oîkuabi xûé sé katûagûera resé o esaraîamo?
para que deus criou a esposa dele? - para sua futura ajudante,-Mba'erama resépe Tupã semirekorama monhangi? -I pytybõsarama resé
ainda come,Okaru bé
ai! cuidado para não me queimar!,Akaî! Teumẽ xe rapŷabo!
vivo mal,Aîkó-poxy
teriam nos amaldiçoado,îandé momburu meémo
morro com virtude,Aromanõ tekokatu
o que você faz está muito mal feito,I ranusu nhẽ kûé nde remimonhanga
eu não me altero,Na xe amarani
eu sou um homem vadio,Abá-ekotenhẽ ixé
arrasamos todos os tupinambás que esfregavam o seu deus,Tupinambá i Tupã osyba'epûera opakatu îamombá
"fiquem longe de mim, senão eu os queimo",Penhemongatu mamõ xe suí n'opoapyî
certamente me sobra dinheiro,Xe resemõ îepé itaîuba
eu sou um aleijado,Xe ate'ẽ
eu lhe faço um ninho,Asayty-monhang
"como o revolteio de um urubu sobre coisas fedorentas, você vira o rosto para trás","Urubu mba'enema 'arybo nhemoîereba îabé, nde atybak"
como a gente se comporta ao entrar na igreja?,Marangatupe asé rekóû Tupãokype oîkŷabo?
estava nascendo sem que ela perdesse a virgindade,I puke'ỹme nhẽ o'a oúpa
fez vir alguma vez alguma coisa boa do céu para seus discípulos?,Oîmbourype erimba'e mba'e-katu amõ ybaka suí o boîaetá supé?
junto à água,Atykûar
me escondo bem,Aîemĩngatu
é muitíssimo terrível o homem cair nas mãos de deus,I abaeté-tekatueté Tupã pópe abá 'ara
não havia nada antes de deus criar o mundo?,Nd'oîkóîpe mba'e amõ Tupã 'ara monhang'e'ymebé?
que perguntem ao padre quando se confessarem,T'oporandu abaré supé o nhemombegûápe
"casas ao lado, vizinhança",amỹîoka
estou indo,Asó iã
querendo afastar o transtorno de si mesmo,O îosuí pubura pe'a potá
ele é de tamanho médio,Turusu'ĩ
eu nem mesmo tenho água,Y tiruã n'arekóî
o mentiroso perde a vida de sua alma,Temo'emyîara o 'anga rekobesaba mokanhemi
eu estava me esquecendo mesmo,Xe resaraî é gûitekóbo
enquanto ele não vem,ture'yma pukuî
"aimbirê, vamos levar logo os malditos para alegrar os que ficaram em nossas casas","Aîmbiré, îarasó muru taûîé îandé roŷpyra moesãîa"
seus cadáveres estavam uns ao lado dos outros ao longo do mar,O îoybyri se'õmbûera paranã ybyri i kûáî
nem por isso vou para longe,Naroîaî mamõ xe sóû
tenho palavras sagazes,Xe nhe'ẽpokarugûar
apenas não me matou,Sãî na xe momanõî
coisa ganha com a espada,itangapema pora
você não sabe que deus expulsou nosso primeiro pai por causa de um único ato seu?,Nd'ereîkuabipe Tupã îandé rubypy oîepé nhõ sekoaba suí i mosemagûera?
abrasou todas as aldeias,Opabẽ taba mondyki
"maria, mulher bondosa, ao engravidar, conforme dizem, é amaldiçoada pelo vício","Maria, kunhãngatu, o puru'aramo, ra'e, tekopoxy oîmomburu"
o que é cabeçudo?,i apytagûaba'e
quando a ave bate as asas,gûyrá pepekeme
"após você crescer, será mãe de deus","Nde reburusu riré, Tupã syramo ereîkóne"
dei-o ao meu pai.,Aîme'eng xe ruba pé
"embora eles tenham igrejas para rezar, eu arruinei todos","I Tupãok îepé, Tupãmongetá-ngetábo, aîmomoxy pabenhẽ"
por isso mesmo nosso pai fez primeiro como nosso progenitor,Nd'e'i te'e îandé rubypyrama monhanga îandé nhemonhangabamo
"depois de matarem são lourenço, queimem-no no teu fogo","São Lourenço îuká ré, t'okaî nde ratá pupé"
esses moçacaras são famosos,Serapûã kó mosakara
"o próprio pedro, pedro mesmo",Pedro aé
que desapareça sua lei antiga,T'okanhẽ pe rekopûera
por que a gente a coloca em seu próprio peito?,Marãnamope asé o poti'ape i moíni?
onde você roubou?,Umãmepe nde mondá?
"somente confessam seus pecadilhos aqueles que são muito grandes; eles os deixam, escondendo-os do padre","Oîmombe'u o angaîpá-mirĩ anhõ Tubixabeté oseîá, abaré suí i mima"
ameacei pedro com um pau,Asenopu'am Pedro ybyrá pupé
que? o que é?,Mba'e-pipó?
eis aqui também meu rabo comprido,Kó bé xe rûaî-puku
"ah, como será a morte do fulano por aí?",Marã îasûaramo ahẽ kûepe se'õ mã?
"não diga por aí, falsamente, a respeito de ninguém",Nd' eré mõ tenhẽ umẽ abá resé
"em grupos de três, três para cada um",mosapy-sapyr
o que é ruivo,i aîuba'e
cercando os miseráveis para encherem o nosso fogo,Muru rokysyma îandé ratá poraká
parti-o ao meio,Oîopyterybo rupi aîmombok
escolheu-a para ser sua futura mãe,I pysyrõû o syrama resé
afastando o diabo,anhanga pe'abo
os franceses trouxeram pólvora em vão,Aîuruîuba mokaba ogûeru tenhẽ
você é tolerante com o seu próximo ao querer que ele trabalhe nos feriados?,Ereîmborype nde rapixara 'aretéreme i porabyky-potareme?
sofrerá também alguma coisa estando ali?,Oîporará abépe mba'e amõ eboûĩme oîkóbone?
"pilatos, enfim, obedeceu à sua palavra, então?",Osapîápe Pilatos i nhe'enga a'ereme ko'yté?
venha espantar o diabo para que não nos vença!,Îori anhanga mondyîa oré moaûîé suí!
vou comer seus miolos.,I 'aputu'uma t'a'u
um frio que fará as pessoas tremerem muito e as fará chorar,"Ro'y oporomoryryîeteba'e, i moîasegûábone"
ficam invocando a morte,Osekyî-sekyî te'õ
já não quero viver neste mundo falso,N'aîkó-potari ymã ikó 'ara'uba pupé
quem é a que fala a deus por nós?,Abápe asé resé Tupã mongetasara sekóû?
enterro-o,Aîatyb
como o saberão?,Marãpe i kugûabine?
"para confortar sua alma, nós ficamos abraçando-o","Nde 'anga moapysykápe, oroîaîubã-îubã"
"vim por iniciativa própria, vim por própria vontade",Aîur é
você se enfeitou por desejo sensual?,Erenhemoatyrõpe nde poropotaramo?
por não querer conversar com ele,I mongetá-potare'yma
não mais assim,na emonani
a multidão de companheiros do provincial,Pa'igûasu irũndyba
os temiminós só confessam seus pecadilhos durante o dia,Temiminõ 'arybo nhẽ oîmombe'u o angaîpá-mirĩ anhõ
então foi?,Osó-tepe ra'e é?
você é um nenenzinho,Pitangĩnamo ereîkó
deixo que ele leve,Arasó-ukar
arranca a miséria da minha alma para que ela esteja firme em ti,"Eporeaûsubok xe 'anga, t'i pyatã nde resé"
"vem para destruir o maldito, lançando-o em seu fogo","Eîori, muru mombapa, satápe seîtyka nhẽ"
"daí, desse lugar",ebanõîa suí
colocando-o dentro de um túmulo de pedra,Itá karamemûã pupé i mondepa
estou cansado.,Xe kane'õ
palmito de juçara,îeîsaru'ã
celebrando a missa para a gente,Missa ra'anga asébe
veio também sua panela para que os cozinhe à minha frente,Oú bé senha'ẽpepó t'omoîy xe renondé
"a morte, na verdade, é a ameaça para os que se casam verdadeiramente",Te'õ a'e mendasareté momboîsabamo
prensa para espremer cana-de-açúcar,u'ubae'ẽ kambykaba
quando se supõe que a morte vá cair sobre si,Te'õ o îoesé i 'a-mo'angeme
"mas não foi você, porventura, que se deixou atrair pelas mulheres?",Na nde ruã-te-pakó kunhã ri ereîemomotá?
sua lembrança das coisas estava longe; você estava devaneando?,Oîkó kûepe mba'e resé nde ma'enduara enhemongetábo ekupa?
isso é verdade?,Anhẽpe ûĩé?
"embora me interessasse, não cheguei junto daquelas","Anhangerekó îepé, aîpó supé n'abasemi"
escorei-o,Aîokok
estou perdido,Xe ropá-ropar
eu perdi os furos das orelhas,Xe apysakûá-kanhem
você se importa com seu filho?,Nde putupápe nde ra'yra resé?
residente na capuava,kapŷápe tekoara
estou pendurado,Aîasekó
fiz isso muito mal,Aîmonhang serã-serã
"também, por embriaguez, feriam-se uns aos outros",Sabeypora suí bé oîoapixá-pixapa
elas são muito altas?,Iîybaté-katupe?
você ofendeu sua avó?,Ereîanga'ope nde aryîa?
eu o apavorei,Aîangerasó
tenho arrepios,Xe aning-aning
devolvendo sua antiga firmeza,Îepytasokûera eroîeby
quero estar com você,Nde irũnamo aîkó-potá
que logo nos livremos,Taûîé-te t'îanhembo'i
não ficou ninguém no campo de batalha,N'opytáî amõ abá maranápe
tornando possíveis coisas difíceis,Mba'e i abaiba'e moabaibe'yma
eu tenho a base fixa,Xe ypy-ten
você detestou o seu próximo e ainda passou a chamá-lo por nomes?,"Ereîamotare'ymype nde rapixara, serok-y -bé-kybémo?"
meu senhor jesus sofre pela gente,Xe îara Îesu sosang poresé
fiz isso por fazer,Aîmonhangĩ nhẽ
já transborda o cauim,Tynysẽ umã kaûĩ
sou temporão,Xe ranhẽ
não matando,îukae'yma
"será que tem muito cauim, meu avô jaguaruna?",I kaûĩgûasu-pipó xe ramũîa Îagûaruna?
você esteve deitada sobre seus amantes?,Ereîubype nde agûasá 'arybo?
diminuto como isto,nãîbe'ĩnhot'a'ub
não tendo nojo de mim,Xe suí oîegûarue'yma
ele está dormindo; não o acorde!,Okerĩ Nd'eremombaki!
desmaio de fome,Amanõaíb ambyasy suí
estou menstruada,Aîkoaíb
a vaca que crio,xe reîmbaba tapi'ira
sou ágil com as mãos,Xe poapyî
"afastei-me dele, para que ele não os corte em pedaços!","Pepo'i i xuí, aîpó n'opoasyk-asykabi"
"em caso de divulgação de sua morte, que o próprio padre responsável por ele o julgue","Se'õagûera rerapûaneme, abaré serekoara aé t'osekokuab"
sem mandá-los transformar em terra,Ybyramo i moingoukare'yma
eu quero presas nas pessoas de alguns bêbados,Xe rembiá-potá sabeypora amõ resé
"você contou para as pessoas o mau comportamento de alguém, que só você viu?",Ereîmombe'upe abá rekopoxŷagûera oîepebẽ nde remiepîakûera abá supé?
não,-Nd'oîporaráî xûémop'asé mba'e amõ 'ara pupé oîkóbomo? - Aani xûémo - Não sofreria a gente coisa alguma vivendo no mundo?
vou reavivar a velha guerra,T'aîopũne marandûera
que deus venha para nos alegrar,T'oú Tupã oré moorypa
o que minha alma busca,xe 'anga remiekara
prensa de cana-de-açúcar,u'ubae'ẽ pokasaba
tosei bem,Aîmoapererá-katu nhote
convidando todos os homens,apŷaba sogûabo pá
trouxe o resto das minhas presas para a rainha,Xe rembiara rembyrûera arurĩ reîá supé
quebrador de pedras,itá kasara
estou bem estabelecido,Aĩngatu
dou-o como recompensa,Aîme'eng sepyramo
eu fiz confusão,Xe apaxixã
fiz isso aos trancos; fiz isso confusamente,Aîapixosok
"outro dia, não agora",irã é irã
levou sua mãe e seus discípulos para o alto do chamado monte das oliveiras,Ybytyra Olivete seryba'e apyterybo o sy o boîá rerasóû
onde está meu caminho?,Umãpe xe raperama?
fachos de luz para iluminar o caminho na escuridão,Ysysaý putumimbyka rupi pé resapébo
como será que um habitante do inferno viveria neste mundo se deus o fizesse viver fora dali um mês?,Marãete'ĩ ra'umope amõ Anhanga ratá pora rekóû ikó 'ara pupé oîepé îasy Tupã ebanoĩ suí o moingobérememo?
eu a ordenhei,Aîkambyamĩ
"todos eles voltaram para trás, caindo de costas no chão","Opá i îeakypûereroîebyri, o atukupé pyterybo o'á ybype"
traga peixe para que o coma,Eru pirá t'a'une
para que nos ajudem um ao outro a criar nossos filhos,T'oroîopytybõne oré poromonhangagûera mongakuapa
jazia ao meu lado,Xe ybyri tuî
me dá anzóis,Eîme'eng pindá ixébe
o que chamamos de graça?,Mba'e supépe asé graça i 'éû?
"caiu a chuva sem parar, enchendo o mar, levantando-o bem acima do cume das montanhas","Okyr ko'ẽ-ko'ẽ amana, paranã mopungábo, ybytyra apyra sosé-katu i mopu'ama"
comendo-o sempre ansiosamente,korikoria'u i gûabo îepi
"ora, experimente-o",Esa'ang ra'u
você esteve deitado outrora sobre sua amante como um rufião?,Ereîubype erimba'e nde agûasá 'arybo nde arãíbamo?
"ah, quem me dera bater nele!",Apûar temõ sesé mã!
você não irá futuramente à guerra?,Nd'eresóî xópe irã gûarinĩ?
tenho palavras pesadas.,Xe nhe'ẽposyî
irei à frente de vocês,T'akûáne pe renondé
a minha criança certamente teria de morrer depois que eu quisesse comer caça,Omanõ îepémo pitanga xe suí ixé so'o 'useî tenhẽ roîrémo re'ĩ
concluo que talvez seja assim,Emonã ûĩ re'a a'é
com seu sangue me lavou,Og ugûy pupé xe reî
o padre que é colocado como guardião do povo,Abaré asé rerekoaramo i moingopyra
senhora da vida,Tekobé îara
amarram fortemente suas mãos,Îapopûar-atã
vai por aí,Ebokûé rupi ekûab
estou à caça,Ka'abo aîkó
o que continua aumentando os seus pecados,o angaîpaba irumõ-rumõsara
ao decorrer de quatro gerações,Oîoirundyk îeapyká sykápe
eu sou rugoso,Xe akaraxixã
o que se casa bem contra sua vontade,O emimotare'yma-katu omendaryba'e
amando muito sua santificação,O karaibagûama raûsukatûabo
assento a vila de comprido,Opukubo taba amoín
"você se compadeceu deles, procurando alimento para eles?",Eresaûsubarype i poraká?
benzi a testa,Aîesybasab
a que nos faz viver na virtude,Tekokatu resé îandé moingoara
seu ferrete,i kuapamoindaba
eu sou redondo,Xe apỹî
pague o objeto do seu furto,Oîmoepy o mondasagûera
me deu apenas uma pancada de ponta,Xe sok îõte
devolveu seu pagamento aos príncipes,Oîme'engîeby sepypûera morubixabetá supé
quando eu morrer,gûimanõmo
vocês lembram,Pe ma'enduar
eram realmente muitos todos os que diziam isso,Setá tenhẽ erimba'e opab aîpó 'îarûera
"criancinha muito bela, acredito muito em você","Pitangĩ-porangeté, orogûerobîá-katu"
quem ainda pratica os velhos hábitos dos avós,Tamyîa rekopûera oîporubyteryba'e
"vai para prová-los, para que pratiquem maus atos",Eîori sa'anga t'oîpuru tekó-poxy
"portanto, ao prantear as pessoas, isso as enternece",Irõ moroapirõ a'e oporomomby'ar
"""ele deve ter ido"", disse eu, supondo","""Osó ipó re'a"" a'é angá"
"o que está preso em ferros, o que está peado",i pukusamba'e
tornando o seu senhor afável para vocês mesmos,Pe îoesé pe îara moaky
"entendedor de animais, bom caçador",so'o-kugûaba
derrubam a ponte para que a canoa passe,"Îarybobõ omonguî, ygara kuabĩ potá"
atraio pedro,Aîmomotar Pedro
corpo morto de peixe,pirá re'õmbûera
"e, portanto,",emonãnamo é
"quando eu morrer, que você venha","Xe îekyîme, t'ereîu"
semelhante a uma roupa de querejuá que brilha mais do que o sol,Aó-kereîûá kûarasy sosé oberaba'e nungara
ensaquei a farinha,Au'ipuku-nhang
é feita para a mãe de deus,Tupã syrama ri i monhangymbyra
o sol certamente brilha depois de passar a grande noite,Kûarasy nipó oberá putunusu kûab'iré
eu falo demais,Xe nhe'ẽ-mby'i
dou topadas no esteio,Aîapi okytá
tendo o dom da sua vida,pe rekobé me'engaba rerekóbo
"certamente, a lua é formosa","Î aysó, nipó, îasy"
que deus nos perdoe,T'i nhyrõ Tupã orébo
"não era pedro, mas sim seu irmão.","Na Pero ruã, tybyra a'e"
lêndeas de piolho,mokyrana'yra
tornei-me mulher,Anhemokunhã
"ah, vão me vencer hoje!",Xe reîtyk korine mã!
estes meus súditos me apressam,Xe moanhẽ kó xe boîá
"eram muitos os que o estavam castigando? -eram muitos, revezando-se uns com os outros nisso","-Setápe i nupã-nupãsara? -Setá, sesé oîoporu-porûabo"
cortei o pé dela,Aî'ybab
"armação de fios, roca de fiar",inimbó-'yba
couraça com lâminas,itaoba i apenhugûã-nhugûanyba'e
o feri,Aîosok
estou úmido,Xe ryby'y
"por causa de sua esposa, o marido dela não teve medo de comê-lo","Ogûemirekó resé, i mena nd'o'u-poûsubi"
cada vez que se lembra dela,Sesé o ma'enduara îabi'õ
oxalá ela estivesse nua!,Ikatupe nhẽ temõ mûã!
este mundo falso é apenas aparência,A'uba nhote ikó 'ara'uba
"queremos amá-lo muito, entregando-nos a ti","Oroaûsu-potá-katu, oroîeme'enga endébo"
estamos nos espalhando,Oronhemosasãî oroîkóbo
"passagem de água, rego para água",y kûapaba
contando as maldades escondidas de alguém,Abá angaîpá-nhemima mombegûabo
sua alma está muito branca,I morotĩngatu nde 'anga
aquele que entrava na igreja,Akó oîké rakó Tupãokype
"junto a si, fazendo-os sentar",O pyri pe mogûapyka
faço intervalos nas minhas entradas na igreja,Aîmopa'ũ-pa'ũ nhote Tupãokype xe reîké
"ó, hei de ir!","T'asóne, gûy!"
"procedo bem, com a intenção de ir para o céu",Aîkó-katu t'asóne ybakype ûi'îabo
segundo o julgamento de deus sobre nós,Tupã îandé rekomondykaba rupi
a gente pode vê-lo aqui também?,E'ikatupe asé iké bé sepîaka?
"eis meus chifrões, meus dentes","Kó xe 'akusu, xe rãnha"
mas você me esconde dele!,Xe mĩ-te îepé i xuí!
o menino deseja mamar,I kamu-seî kunumĩ
"reritiba, minha terra, aldeia muito boa","Rerityba, xe retama, tabangaturãngatu"
que mais?,Mba'epe amõ?
o faço ruim,Aîmoangaîpab
"amarram as mãos dele com força, machucando-o","Îapopûaratã, i moangaîpapa"
alguém,amõ ahẽ
eu tenho flores,Xe potyr
derrubam a ponte,Îarybobõ omonguî
não quero ir para longe,N'asó-potari mamõ
o que é mais penoso para os que estão ali?,Mba'epe sasyeté a'epe tekoara supé?
"depois que seu filho morreu, ama todos os homens",O membyra re'õ ré opabĩ abá raûsubi
eu sou arisco,Xe resaeté
"bola, novelo de lã",inimbó-apu'a
a abertura da saia dela,Iî ikeboka
imitando a queda das frutas maduras,ybá-'apuba kuîa ra'anga
não há absolutamente servos meus.,N'i tyb-angáî xe boîá
"são pedro puxou a espada, ferindo um amigo do chefe, chamado malco",S Pedro itangapema osekyî morubixaba rembiaûsuba Malko seryba'e apixapa
eis que também darei a você algumas das minhas muitas presas,Kó bé xe rembiaretá t'ame'ẽne amõ endébo
querendo também que afrouxemos nossa carne,îandé ro'o îandé i momby'a-potáno
remédio curativo,mosanga mûeîrabyîara
"mulher bondosa, uma virgem",Kunhã-angaturama ababykagûere'yma
eu estou resfolegando,Xe putuẽ-tuẽ
ao entardecer,karukĩneme
eu sou barulhento.,Xe ryapu
igualmente a morte está entre os jovens e entre os velhos,Oîoîá te'õ rekóû kunumĩgûasu suí tuîba'e suí bé
"fico à espera dele, fico no caminho dele",Aîpiarõ
você estragou as coisas do seu próximo?,Ererekomemûãpe nde rapixara mba'e?
ama a todos os homens para o bem deles,...Opabĩ abá raûsubi i katurama resé
não temos a ver com isso,Nd'oroîkóî aîpó resé
arroto fétido,eú-rema
porto das canoas,ygara îepotasatyba
"o que é, porventura, daquele?",Umã-pakó? Umã-takó? ou Umã-pakó akûea?
deixei-o apodrecer,Aseró-serok
as chamas de fogo vão queimá-los!,Pe rapy tatá-endyne!
batendo numa mulher grávida,Kunhã muru'abora resé opûá
homem covarde,abá-ekoetee'yma
quem é? quem está aí?,Abá-pipó?
vários homens brancos são pecadores,Karaíba amõ amõ i angaîpá
que tipo de caça você quer comer?,Marãba'e so'o ereî'useî?
"você se espremeu depois que alguém fez sexo com você, não querendo ter filhos?",Ereîeamĩpe nde resé abá rekó riré nde memby-potare'ymamo?
desculpe-me,Aîepysyrõsyrõ
faça a cruz em nossa testa com ele,Asé sybasab i pupé
"adivinha, vamos ver, aquele que bateu em você!",Eîkuá ra'u nde ri opûaryba'e!
"não em vão deus disse isso, não dizendo ""pode ser""","Nd'e'i te'e Tupã aîpó o'îabo ""re'ĩ"" o'eyma"
a lua foi comida,Îasy mba'e i 'upyra
"assim como você não quer que alguém lhe furte suas coisas, cuide para não furtar as coisas de outra pessoa","Nde îosuí nde mba'e resé abá mondarõ nde i potare'yma îabé, teumẽ abá mba'e resé é mondarõmo"
"flechei todos eles, capturei-os, amarrei-os","Aîybõ mbá, i pysyka, i apytĩamo"
"fica armando armadilhas, querendo fazer a gente entrar","Oîekotyrũ-tyrung, oporomoingé-potá"
eu estou exausto,Xe ra'ypab
"vem, diz o nome, ó sim, dos que você venceu por aí","Îori, esenõî angá kûeîbo nde remimoaûîé"
o faço muito apressadamente,Aîapó-anhẽ-anhẽ
eu sou nadador,Xe 'ytab
"ao perceber isso, ontem deixei minha casa","Kó anga andupa, aseîá kûesé xe roka"
quem tocou na irmã mais nova ou na irmã mais velha da sua noiva não pode casar nem mesmo com sua noiva,O me'engabeté pyky'yra koîpó tykera resé obykyba'e n'e'ikatuî omendá o me'engabeté resé tiruã
"as pessoas também podem se casar diante de outro padre, de acordo com a vontade do padre responsável por elas",Ikatu bé abá omendá amoaé abaré robaké abaré ogûerekoara remimotara rupi
o que fizeram querendo aproximá-los?,Marãpe ybŷá serekóû i mondyka potá?
eu mesmo fiz assim,Ixé aé emonã aîkó
o que enforcou gente,moroîubykarûera
"""o chupa-fogo""",tatá-pytera
vela por nós,Ema'ẽngatu oré ri
não por eu ir,Na xe sopeî
o diabo é muito medonho?,I abaeté-katupe Anhanga?
há de estar?,E'i nhẽpe oîkóbone?
"pela estrela que os guia, como aquela que mostra o caminho",Îasytatá serekoarama resé pé kuabe'ẽsaramo
por quantas coisas a gente pede?,Mboby mba'e resépe asé îeruréû?
como recompensa pelo seu afastamento da vida má,Tekó-angaîpaba suí o îepe'aagûera repyramo
os pagãos esfolaram são bartolomeu,Serokypyre'yma São Bartolomeu piroki
"tempo, lugar, modo, finalidade etc. de comer, de pastar",karûaba
eu estou doente,Xe mba'easyaíb
"eu tenho presas, eu faço presas, eu aprisiono.",Xe rembiar
minha ira me enche.,Xe moîoîá xe îemoŷrõ
o próprio céu é o que deus prepara para nós,Ybaka aé Tupã îandé resé i nhemosako'îaba
os que se casaram amam-se muito por dever?,Oîoaûsu-katupe amẽ oîopopysykyba'epûera?
atravessei rios,A'y-asab
logo,a'ereme bé
meu destino é a terra de deus,Xe soaba Tupã retama
eu tenho diarreia,Xe rygeaíb
endireitei-o,Aîapengok
injuriando-o,i agûabo
eis aqui minha grande muçurana,Kó xe musuranusu
"antigamente, a alma de ninguém não ia para o céu?",Abá 'angûera amõ soe'ymi ybakype erimba'e?
faz com que ele sofra o frio.,Îaîmomboreaûsu ro'y
"os anjos estão felizes, festejando este dia","Sory karaibebé, ikó 'ara momoranga"
eu também danço com meus parentes,Xe abé xe anametá aroporaseî
não o dei ao meu pai.,Na xe ruba supé ruã aîme'eng
deixei de amá-lo,Asaûsupo'ir
"como forma de honrar sua vinda, comemoramos este dia",Turagûera moetesabamo kó 'ara îamoeté
"no dia em que esses fatos se consumaram, os cristãos não estavam felizes.",Ara kó tekó aûîesaba cristãos rorybe'ymamo
estou pela metade,Xe ragûé rupi aín
cortei a fila deles,Asysy-mondok
eu tinha o pescoço caído,Xe aîurar
não hei de deitar a perder meu pai,Amote'e umẽpe xe ruba ká
porca fêmea,taîasu-kunhã
cortei-lhe a cabeça,Aîakã-mondok
a alma depois que sai do corpo,angûera
como resgate de todos os que irão ao céu,Opakatu ybakype osoba'erama repyramo
me fartei de comê-lo,Aî'useîmogûab
todas as línguas dos homens por aí afora os fizeram conhecer?,Opakatupe kûeîpe abá nhe'enga kuabukari i xupé?
"estes meus súditos me apressam, sentindo saudades de mim hoje","Xe moanhẽ kó xe boîá, îeí xe repîaka'upa"
"por isso mesmo, o homem que busca a virtude esvazia seu corpo, fazendo-o jejuar","Nd'e'i te'e abá tekokatu potasara og o'opore'yma, i moîekuakupa"
eu sou um pouco bochechudo,Xe retobapé-pyryb
aquele mesmo,Apó é
tonsurei-o,Aîmoapytereb
"sem trabalho, comemoramos este dia.",Morabykye'yma kó 'ara îaîmoeté
eu tenho puxos,Xe rygeasypu'ãpu'am
"ali, atacando as moças",A'epe kunhãmuku repenhana
eu estou quebrantado,Xe rasyrõ
vamos encalhar,T'îaîar
hospedar os peregrinos,Atara mombytá
mas são eles que mandam fazer cauim,A'e-te kaûĩ pûaîtara
a satisfação dos cônjuges,mendara moîekosupaba
força da minha alma,Xe 'anga taŷaíba
"o homem, geralmente, tem muitas palavras em vão quando se aproxima da sua morte",I nhe'engetá tenhẽ nakamẽ abá ogûe'õ kakareme
"este era, de fato, o meu intento",Aîpó nakó xe rekopotasaba
a que deseja a virtude,Tekokatu potasara
o seu costumeiro desejo sensual não se separava verdadeiramente de você,Nde poropotarixûera nd'o'ir-etéî nde suí
"esta igreja é bonita, contém muitos enfeites!","I porang kó tupãoka, îegûakabetá rerupa!"
descalcei-me,Aîepyaobok
o que também leva um homem a furtar alguma coisa,Oîmomondarõba'e abé abá mba'e resé
"depois disso, os malvados atacam durante a noite, pelas costas, os maridos das mulheres","A'e ré, moxy rekóû pysaîé kunhã mena kupea'pa"
eu os moderei,Anhonen
este outro,ikoba'e-te
"depois que você sonhou com uma mulher, você se deleitou com ela no sonho?",Kunhã resé nde posaûsub'iré ereîmborype sesé nde posaûsubagûera?
"atravessou o céu, deixando você","Ybaka rasapa osó, nde reîá"
roçado antes de ser queimado,kopisaba 'ybapaara
"esconde-se, fique quieto","Enhemim, nde kyrirĩ"
não encontrei absolutamente nenhum ato mau neste homem,N'abasẽ-mirĩ-angáî marãbirĩ ikó abá rekopûera amõ supé
eu vou ser bom,Xe katupe ká
mordo a cabeça dele,Aî'a-su'u
"não me chame pelo nome na presença dele, senão ele me mata",Xe renõî umẽ îepé i xupé na xe îukáî
todos eles voltaram para trás,Opá i îeakypûereroîebyri
"e os cadáveres da gente, o que lhes acontece?","A'epe asé re'õmbûera, marã?"
"ah, nossos avós desejaram muito verdadeiros substitutos seus para nós",Té! Oîpotareté îandé ramuîa o ekobîareté îandébe
cheguei,Aîepotar
"eva, nossa primeira mãe, se atraiu muito pelo belo fruto","Eva, îandé sy-ypy, onhemomotar-eté 'ybá-poranga resé"
fazendo com que todos os seus discípulos passassem para as suas mãos.,Opá o boîá nde pópe i mongûapa
o nascimento de s joão está se aproximando,Okakar S João 'aragûera
está acordado,Aîubé
ai! por que você me bate?,Akaîgûá! Marãpe xe ri erepûá?
você não me detesta,Na xe reroŷrõî îepé
"os corpos dos que são bons serão sutis, brilhando mais do que o sol",I angaturamba'e reté i pokãngatu kûarasy sosé oberapa
vocês morrendo,Pemanõmo
vem para derrotar meus inimigos,Eîori xe sumarã reîtyka
"eu sou um guará-guaçu, uma onça","Xe agûaragûasu, îagûara"
"o tomou como substituto de judas, que entregara deus-filho",Îudas Tupã Ta'yra me'engarûera rekobîaramo tari
você não beberá hoje o que eu mastigo,Nd'ere'uî xó kori xe remindu'une!
um homem ladrão que foi preso como pena por assassinatos,Abá-mondá morapitîagûera repyramo mundeokype i mondebypyrûera
"finalmente a terra se abre, engolindo-os; finalmente, com o diabo vão os que pecam","Teîpó yby oîe'apa, i mokona, teîpó Anhanga irũnamo i angaîpaba'e osóbo"
alguém não pode casar com seu parente verdadeiro?,Nd'e'ikatuîpe abá o mũeté resé omendá?
meu senhor me mata,Xe îuká xe îara
a aldeia é ótima por causa do chefe,Morubixaba ri é taba matuetéramo
sou uma obra-prima,Ixé-tene îaeté
eu tenho um preço bem baixo,Xe repy-mokonhõ'ĩ
"mas, então, eu amei isto?",Iang-tepe ixé asaûsub ra'e?
seu verdadeiro criador,o moîangara tekatu
"quem, hoje, é como eu?",Abápe kori xe îá?
misturaram algo amargo com vinagre,Mba'e-py'aûpîara kaûĩaîasy resé i monani
para nos encorajar,asé mopyatãgûama resé
"bote do navio, bote salva-vidas",ygá-membyra
enterrem-me,Xe aty peîepé
tenho palavras enganosas e falsas,Xe nhe'ẽ-puraké
"o cauim, transbordando nas igaçabas, depois disso os atrai, e igualmente as cuias das velhas","Ygasápe kaûĩ-tuîa a'e ré îamomotá, oîoîá gûaîbĩ rekuîa"
o que 'a gente' quer dizer em seu coração ao dizer isso para ela?,Marã e'ipe asé o py'ape aîpó o'îabo i xupé?
eis que vem aqui pertinho,Kote'ĩ turi kó
aqui ele está deitado.,Kó tuî kó
passo raramente,Moîepenhombé akûab
"todos eles voltaram para trás, caindo no chão de costas.","Opá i îeakypûereroîebyri, o atukupé pyterybo o'á ybype"
os que você prenderá são reis,Nde rembiarama é oîkobé morubixaba
"deus fez você viver, guardando você, não somente por uma semana, não somente por um ano, mas por muitos anos","Nde moingobé Tupã, nde rerekóbo n'oîepé îasy nhõ ruã, n'oîepé seîxu nhõ ruã, setá nhẽ seîxu-te"
quase fui,Asó só
ameacei-o,Aropu'am
devastou todas as aldeias.,Opabẽ taba mondyki
sou seu parceiro de dança,I nhandaramo aîkó
"em troca de sua criação, dei-lhe outra",Seîmbaba rekobîáramo amõ aîme'eng i xupé
veio atrás de mim,Xe atuaî turi
não estou acostumado,N'abîari
eis que veio aquele que me entregará,Aîpó xe me'engarama ruri
não deixarei de querê-lo,N'aîpotare'ymi xûéne
e o que acontece quando as grávidas querem beber água?,A'epe muru'apora 'y 'useîtápe marã?
podem casar um com o outro?,E'ikatupe o îoesé omendá?
levei todos,Arasó pab
o que vai,osoba'e
"por isso mesmo repreendeu seu companheiro, desagravando-o","Nd'e'i te'e o apixara akakapa, sepyka"
"e se, no caso, não quitar sua dívida neste mundo?",A'epe ikó 'ara pupé sepy syke'ỹme?
quando ele defeca,sepotireme
"marca de dentes, sinal de dentada",tãî-mbora
você teve relações sexuais com uma mulher casada?,Ereîkópe kunhã-mendara resé?
o cão é voraz,I mba'epotar îagûara
que não tenha medo de anunciar a jesus cristo,T'osykyîé umẽ Îesu Cristo mombegûabo
"dessa maneira, você vem para afastar nossa escuridão","Emonãnamo, ereîu oré putuna pe'abo"
à medida do que havia delas,i îaîbeĩîé
vou beber água,Asó 'y gûabo
sou fingido,Xe nhe'engyrygûan
detestando-se em seu coração,O py'ape oîeroŷrõmo
"eis que vocês vão, vão",Pesó ûĩ
o fruto que deus proíbe,ybá Tupã remipysyrõ
medi-o,Asa'ang
fiei o algodão,Aamyniîu-poban
saiu vivo depois que o enterraram,Osem oîkobébo o tym-y roîré
fica! só quando você bebe cauim você quer ser valente? palermão! centopéia!,Epytá! Kagûápe nhõ nde ratãngatu-potá? Manemusu! Ambu'a!
o que disseram os judeus ao acusá‐lo?,"Marã e'ipe îudeus i xupé, i mombegûabo?"
"foi atravessando o céu, deixando você","Ybaka rasapa, osó, nde reîá"
mulher comum,kunhãeté
peneira fina,urupẽ-mokanga
por que não seriam muito fortes?,Marãmo satãngatue'ymamo?
"existe meu auxiliar verdadeiro, o chefão aimbirê","Oîkobé xe pytybõanameté, tubixakatu Aîmbiré"
amarrei penas de asa nela,Aîpepó-pûar
eu o cutuquei,Aîpekãî
fiz-o trabalhar,Aîmoingó-marã
breei o casco dele,Aîapé-kytyk
"é ele quem dá, com certeza, o bem desses.",A'e aé koba'e katu me'engara re'a
o magro que convido para comer,xe remipoîangaîbara
"três chefes chamados ""reis"" que vêm do oriente","Mosapyr morubixaba ""reis"" 'îaba kûarasysembaba koty suí ouryba'e"
voltou ao lugar onde havia deixado seus discípulos?,Ouîebype erimba'e o boîá reîasagûerype?
eu o dobrei,Aîapapûar
este dia é feriado,Kó 'ara marãtekoabe'yma
sob a areia branca,Ybyku'i-tinga gûyri
"rechonchudão, baixo e de corpo largo",apebusu
"chorem continuamente, pranteando seus pecados","Pe resangá, pe angaîpaba rapirõmo"
todos gostaram delas,I apysyk pabẽ sesé
sua mãe nem sequer sangrou,I xy na sugûyî tiruã
"retalhador de carne, açougueiro",so'ombo'isara
"sendo igual a deus, está nas alturas","Tupã moîoîapa, sekóû ybaté"
tapei-o,Asesaatyká
se você tivesse sido bom,Nde marangatu meémo
pesco com rede,Aîeporakar
"instrumento para enxotar moscas, abano de moscas",mberu mondoaba
o cauim já transborda,Tynysẽ umã kaûĩ
nos repartimos,Oronhemoîa'ok
fazendo sua esposa trabalhar,O emirekó moporabykŷabo
"por ali, por aí",ebokûea rupi
a crença em deus está somente em suas bocas,I îurupe nhõ Tupã rerobîara ruî
que nos leve ao seu lugar de felicidade com ele,T'îandé rerasó o orypápe o îoesé
sou de pequeno tamanho,Xe ra'yrĩ-a'ub
eu estou arrasado,Xe robapyka'ẽ
nas roças,kóbo
"o que trabalha a madeira, o carpinteiro",ybyrá pandara
você é meu guardião,Nde morerekoar xe ri
vivam verdadeiramente com a rainha graça,Peîkó-eté Grácia rainha ndibé
"fazendo as pessoas beber cauim ou dando-lhes de beber, fazendo-as embriagar","Abá mongagûabo koîpó se'yma, i mondabeypó"
como o trataram quando ele disse isso?,Marãpe ybŷá serekóû aîpó i 'ereme?
aquele em quem devemos acreditar,serobîarypyra
"ah, hoje me vencerão",Xe reîtyk korine mã!
querendo nos fazer preparar,îandé monhemosako'i-potá
fiz os malditos entrar nas armadilhas,Kotype muru amoingé
filha de deus,Tupã raîyra
"como ele, você também curou os doentes",Supi bé eremombûeîrá mara'abora
arrepende-se de suas maldades depois de ter comido alguma carne,"Eîmoasy nde angaîpagûera, to'o amõ 'u ré"
cuida para não abandonar tua obra,Teumẽ nde rekó mote'ebo
o que puseram sobre sua cabeça?,Mba'epe onong i akanga 'arybo?
seu nome,nde rera
veio para nos ver!,Îandé repîaka our!
"de algum lugar, de alguma parte",mamõ suí
a cruz se levanta em seu próprio ombro,O ati'yba ri kurusá osupi
"mataram seus corpos, mas suas almas foram encontrar a vida que não acabará","Seté îukáû, i 'anga-te oîeoî tekobé opaba'erame'yma ri oîekosupa"
veio quem está à sua procura,Nde piara our
"também se desanima, sem mais, de suas diversões",Omanõaibí o nhemosaraîtápe bé
não mate pessoas,Eporapiti umẽ
"sim, esses me satisfazem","Îé, aîpó xe moytarõ"
"para onde foram meus amigos, sem mais?",Marãngotype xe îekotyasaba sóû-'ĩ
"você contou a maledicência de alguém, sendo mexeriqueiro?",Ereîmombe'upe abá marã'eagûera nde mba'epûeramo?
seus chifres são muito temíveis,Iîabaeté-katu nde 'aka
"o bondoso são lourenço guarda sua terra, elevando vocês","São Lourenço-angaturama osarõ nhẽ pe retama, pe mopu'ama"
"sou muito bochechudo, tenho bochechas grandes",Xe retobapegûasu
para onde ele foi depois de acabar de comer?,Mamõpe i xóû o mba'e-'u-pab'iré?
dia muito quente,arakubeté
"homem apessoado, gentil homem",abá-matuetegûasu
"ah, veio de fato para cá a grande ostra!",Té oureté kybõ Reriûasu mã!
uma moça que não tem doze anos e um rapaz que também não chegou aos catorze anos não podem se casar com ninguém,"Kunhãmbuku doze ro'y rerekoare'yma, kunumĩgûasu abé catorze ro'y resé i xyke'yma nd'e'ikatuî abá resé omendá"
você me alegra muito ao narrar os fatos assim,"Xe moory-katu îepé, inã tekó mombegûabo"
"como alguém diz, por medo da morte, não querendo ficar por muito tempo sem se confessar?",Marã e'ipe abá te'õ suí onheangûabo o nhemombe'ue'yma mokûá-puku potare'yma?
mas o que faremos com estas muitíssimas riquezas?,Marã-tepe ang mba'e-katupabẽ orogûerekóne?
onde ele mora?,Umãmepe sekóû?
"que amemos a mãe de deus, porque ela nos interessa.","Tupã sy t'îasaûsu, sesé îanhemoryryîa"
como procede o confitente?,Marãpe nhemombegûara rekóû?
o que tem barba ruiva,sendybaá-îuba'e
"vamos cantar um pouquinho primeiro, para festejar bem o dia","T'îanhe'engá-mirĩ, ranhẽ, 'ara momorãngatûabo"
enviei um homem à procura de pindoba,Aîopûaî amõ abá pindoba resé
o afinei muito,Aîmoa'yrĩngatu
eu estou amargo,Xe rob
debaixo da pedra,itá gûyrype
"comemoramos este dia, lembrando-nos do tempo em que nos a fizeram alcançar",Sesé îandé moîekosupagûera resé îandé ma'enduaramo kó 'ara îaîmoeté
meu ex-marido certamente será,Xe mendûera ipó re'ĩ
estou me agachando,Anhemombé-mombeb gûitekóbo
por isso mesmo todos os homens ficarão pálidos de aflição,Nd'e'i te'e opá abá robaîubamo tekotebẽ suíne
o diabo te detesta,Anhanga nde momburu
ele estava nu; sua própria mãe o cobria com seu véu,"I katupenhẽ, i xy aé ipó opîá o akangaobĩ pupé"
o diabo me importuna,Anhanga xe moaîu
que fez deus outrora com nosso primeiro pai por causa de seu proceder assim?,Marãpe erimba'e Tupã îandé rubypy rerekóû emonã sekoagûera ri?
como estarão minhas amantes?,Marãngatupakó xe agûasá rekóû ri?
"assim como esta água lava o corpo da gente, também aquela","Akó 'y asé reté moîasuka îabé, akûeîa îabé"
além das montanhas,ybytyra amongoty
"mulheres, além de idosos, meninos e até meninas","Kunhã, marandé tunhaba'e, kunumĩ, kunhataĩ tiruã"
"os que ele torna padres e seus substitutos na missa pegam o pão com as mãos, abençoando-o",Semimboabaré sekobîara bé missa pupé miapé rari o pópe sobasapa
envergonho-me da minha feiúra,Anotĩ xe aíba
"está segundo a minha medida, somente",Xe îá nhote
eu estou ficando pensativo,Apyk gûitekóbo
eu também sou um porco,- Xe abé taîasugûaîa
vou para a casa,Asó okype
"eu, em vez disso, quero presas nas pessoas de alguns bêbados","Xe-te, xe rembiá-potá sabeypora amõ resé"
o que é igual a algo ou a alguém; a igualha de; o igual de,îabendûara
esforce-se por causa de deus,Enhemopyatã Tupã resé
estou à procura de caça,So'o resé aîkó
você ficou suspeitando do seu próximo no seu íntimo?,Ereîmondá-mondápe nde rapixara nde py'ape?
que minha alma vá sempre juntando virtudes,T'osó xe 'anga îepi tekokatu mono'onga
disse com elegância,A'é muruangaba
desobedeci ao meu pai,Aîmomaran xe ruba
vou resgatar os índios,Asó apŷaba porepŷana
"que sejamos corajosos, sim, suportando as coisas dolorosas","T'oré pyatã, angá, mba'easy porarábo"
nosso primeiro pai ficou chorando por muito tempo,Ipuku erimba'e îandé rubypy rekóû îase'o monhanga
naufraguei,Aîepubuîereb
confiemos nesses homens,T'i îerobîar apó abá ri
não sentindo o peso de suas maldades,O angaîpaba posyîûera andube'yma
"você é parecido com um chamusco, ó coisa fedorenta!","Nde rapixara pixé, mba'enem-y îu!"
eu tenho buzina; eu buzino,Xe remimby
lembrem-se do que se sofre no inferno,Penhemoma'enduá Anhanga ratápe i porarapyra resé
bocejei,Aîeîurupirar
"ora, quem seria aquele?",Abáp'akó é?
"sede verdadeira, não a de antes de tocar a água","Useîeté, na 'y atõî' îanondé ruã"
vou beber cauim!,T'aka'une!
reatei-o,Aîapytĩatã
esporão de embarcação,ygá-tĩkupeara
o leme da embarcação,ygara ropytaerobakaba
que o diabo não te moleste,Ta nde moangekoaíb umẽ Anhanga
"um par de pares, quatro",oîoirũîrũ
o que toca a quando eu fui,xe soremendûara
tremo; ambas as minhas coxas adormeceram,"Aryryî, opá xe uba îesyî"
"você passou a mão nas suas partes íntimas, abrindo-as, alargando-as?","Erepokokype nde rapopé resé i pekábo, i pypirá?"
estou a ponto de ir; vou daqui a pouquinho,A'ar apyrĩ - Estou prestes a cair Our apyrĩ - Está já para vir Asó apyri'ĩ
mingau grudento,minga'u-pomonga
fiquei apedrejando-o,Aîapi-api
você visitou o buraco do covo de alguém?,Ereîosubype abá îeke'i kûara?
nossa verdadeira inimiga é a morte,Îandé robaîareté te'õ
querendo conhecer seus antigos casamentos,I mendarymana kuaba potá
"seu companheiro de guerras também é um bastião, o flechado",I maranirũ abé Bastião u'uborûera
"acarretar, acarrear",eru-erur
que nossos filhos se alegrem!,Ta sory îandé ra'yra !
"que o diabo saia dela, afastando-se com seu mau proceder","T'osẽ Anhanga i xuí, gûekó-poxy rerosyîa"
invejar as coisas boas de alguém,Abá mba'ekatu moasy
"por isso mesmo, alguém, antes de se casar, confessa seus pecados",Nd'e'i te'e abá o mendá îanondé onhemombegûabo o angaîpagûera resé
por acaso ele tinha sangue escorrendo pelo rosto e pelas costas?,Sugûy-syryk serã sobá rupi i atukupé rupi bé?
me caso com uma mulher,Aîkó kunhã rupi
replico a pero: aînhe'ẽ-poepyk pero — replico as palavras de pero,Aîpoepyk Pero
"logo depois que morrerem, irão para o céu os que foram semelhantes a algo assim?",O manõ riremẽ serã emonã nungara sóû ybakypene?
deus também nos perdoa?,I nhyrõ bépe Tupã asébe?
você é bendita entre as mulheres,I mombe'ukatupyramo ereîkó kunhã suí
o bispo pôr o óleo santo em nossa testa,Asé sybápe abaregûasu nhandy-karaíba nonga
"vivo em concubinato, vivo amancebado",Agûasá pupé aîkó
você atraiu alguma mulher para junto do seu próximo?,Ereîmonharõpe kunhã amõ nde rapixara pyri?
ele saiu vivo depois que o enterraram,"Osem oîkobébo, o tym-y roîré"
ele certamente comete pecado com sua mulher,I angaîpab rakó nde remirekó resé
"oh, eu sou assassino, causa do temor aos pecados, até mesmo dos reis","Té! Morapitîara ixé, angaîpaba sykyîeba, morubixaba îepé"
faço deles ladrões de cauim,Aîonong ka'umondá
"muito longe, fora ou ao contrário do que é",aroane'ỹngatu
"tem muito cauim, por acaso, meu avô jaguaruna?",I kaûĩgûasu-pipó xe ramûĩa Îagûaruna?
amo-a por ela ter cuidado,"Asaûsu, sesé gûinhemoryryîa"
mulher corajosa,kunhã-pyatã
com tua temível realeza,nde reîabaîté pupé
preenche todos os lugares,Opakatu mamõ mopori
mandou pregar suas pernas para cima e sua cabeça para baixo,"Ybaté koty ogûetymã moîarukari, 'yba koty o akanga"
"o que não honra a deus, seu verdadeiro criador",Tupã o monhangareté moetesare'yma
cuspí-o,Anhomun
o que está no pote,kamusi pora
nado,A'ytab
vamos armar armadilhas,T'îaîekotyrung îaîupa
"assim como a nós, deus vê as minúcias de todas as coisas","Îandé îá, Tupã opakatu mba'e rasapy-epîaki"
a que ingere uma poção com a intenção de matar seu feto,O puru'a îuká potá mosanga o'uba'e
ficando a zombar das pessoas,oporokurá-kurapa
virá novamente jesus cristo do céu?,Our-y bépe irã Jesus Cristo ybaka suíne?
ossada,mba'e-kangûera
mandou pregar suas pernas para cima,Ybaté koty ogûetymã moîarukari
vem no dia da nossa terra para visitá-la,"Eîori oré retama 'ara rupi nhẽ, i xupa"
"embora eu me interessasse por elas, não cheguei perto daquelas","Anhangerekó îepé, aîpó supé n'abasemi"
caí,Agûyapy
não tenho uma vida direita,N'akakuabi
"mas eu, amando minha alma, fico quieto em minha terra","Xe-te, xe 'anga raûsupa, aby'arĩ xe retãme"
e vocês se preocupam hoje em dia com as futuras penas de agir assim?,A'epe emonã pe rekopûera repyrama resé koyr-y bé penhemosako'i
rastro da cobra,mboîa kuapagûera
já ungi você com o óleo bento,Oropixyb umã îandy-karaíba pupé
"venham, voltem para deus, levando-o com vocês em seus corações","Peîori, pebaka Tupã koty, pe py'a pupé serupa"
fiquei triste,Anhemoingotebẽ
guardem-se para não serem maus daqui em diante,Peteumẽ pe poxyramo angiré
aqui está seu danador,Oîkobé nde arûara é
"você teve relações sexuais com alguma mulher pelas suas veredas na mata, como sua prostituta?",Ereîkópe kunhã amõ resé i ka'asaba rupi nhẽ nde sugûaraîyramo?
estou quieto,Ainĩ
nosso inimigo vencerá para sempre,Oré sumarã reîtyka memẽ
você ficou suspeitando sem motivo da sua esposa por causa de alguém?,Ereîmondá-mondá tenhẽpe nde remirekó abá resé?
por que libertas aquele por quem nos cansamos?,Marãpe ereîpysyrõ oré kane'õagûera?
as moças que vivem nas aldeias,kunhãmuku taba pora
somente as levei nas minhas mãos,Xe pópe nhote arasó
todos os meus pelos se arrepiaram,Opá xe raba bybyri
coloquei os laços,Aîusã-moín
bem em frente ao mar,paranã robaîkatu
elas não conhecem o pecado,Eboinga tekoaíba nd'oîkuabi
"com efeito, são muitas as grandes igaçabas",Setá nhẽ ygasabusu
que os comam os que ficaram em nossas casas,T'o'u îandé roŷpyrûera
"você passou à frente de tudo, vencendo para sempre o nosso inimigo","Opá ereîopûã, oré sumarã reîtyka memẽ"
os que se casam e são traidores um do outro transgridem muito a palavra de deus?,Oîabyetépe omendaryba'e Tupã nhe'enga o îosuí omondarõmo?
minha lei é muito bela,Xe rekó i porangeté
salvador do povo,moropysyrõana
de madrugada,ka'amutumome
a gente o honra como ao próprio pai?,Og uba îakatutenhẽpe asé i moetéû?
ainda bem que todos vocês queimarão à uma,Iîamuru opabenhẽ pekaî oîepegûarane
"na igreja, publicamente, diante de duas pessoas","-Umãmepe i poromomendari? -Tupãokype, ikatupe nhẽ, mokõî abá robaké -Onde ele casa as pessoas?"
meu coração estava revirando,Xe py'a pobu-pobu
mas meu fogo se apagou,Xe ratá-te ogûé!
pelei-lhe a testa,Asobabo'o
matador de nossa alma,Îandé 'anga îukasara
o trouxe conforme minhas forças,Xe îaîbeĩé ixé seruri
"descendo com seus choros, indo com seus gritos, nem por isso eles acabarão","O îase'o rerogûeîypa, ogûasẽ-gûasema rerasóbo Ndaeroîaî xûé i pabine"
matamos um ao outro,Oroîoîuká
"assim tratado, certamente fica satisfeito com aquilo que o distingue","Emonã serekopyra, rakó opytá-katu, o apysykamo o moingoeara ri"
só quando você bebe cauim quer ser valente?,Kagûápe nhõ nde ratãngatu-potá?
"por isso mesmo veio como precursor de nosso senhor, anunciando-o","Nd'e'i te'e oú Îandé Îara renotaramo, i mombegûabo"
pilei-lhe as taipas,Aîybysosok
tome cuidado para não me achar estranho.,Teumẽ xe mote'ebo
eu tenho sofrimento de sobra,Xe rosang-esemõ
"você assassinou gente após acabar a guerra, matando prisioneiros?","Ereporapitipe marana pab'iré, mbiarûera nhẽ îukábo?"
os peixes estavam na superfície das águas,Y ape'arybo pirá kûáî
ele me surpreendeu quando veio,"Xe resapy'a ahẽ, oú"
"dentro dele está jesus cristo, em todo o seu ser e em seu espírito","I pupé Îesu Cristo rekóû, o ekó îakatu tenhẽ i 'anga abé"
"creio que ele também retirou as almas dos nossos primeiros e santos pais, que aí esperavam sua vinda",Arobîar asé rubypy-karaibetá 'angûera a'epe turama osarõba'e renosemagûera bé
eu tinha me esquecido por causa da muita aflição,Xe resaraî tekotebẽ-eté suí!
qual é o modo correto de chamar os batizados?,Marãpe i mongaraibypyramo renõîndabeté?
"a lua é certamente formosa, vindo com sua grande face","Î aysó, nipó, îasy, og obagûasu reru"
creio na descida dele ao interior da terra,Arobîar yby apyterype i gûeîybagûera
ainda mais eu,Ixé-tene
eu sou leproso,Xe piryty
deixem-nos deitados,Te'inhẽ oupa
mas me esconda dele!,Xe mĩ-te îepé i xuí!
você escondeu alguma coisa que estava na igreja?,Erenhomimype erimba'e Tupãokygûara mba'e amõ?
alegrando todas as velhas,Gûaîbĩ moesãîa mbá
três de seus discípulos,Mosapyr o boîá
"não vamos; ela nos castiga, fazendo-nos saltar no fogo","Îasó umẽ, îandé nupã, tatápe îandé mombómo"
alguns não se arrependeram de seus vitupérios?,Nd'oîmoasyîpe amõ o nhe'engaibagûera?
"o que é sem mistura, puro, de uma só espécie",oîeperemõndûara
comedor de carne humana!,Mba'e-poru!
ninguém pode se casar com algum neto seu,O emiarirõ amõ resé nd'e'ikatuî abá omendá
"doença superficial, indisposição, enfermidade leve",mba'easy-aíba
você tomou remédio porque não queria ficar grávida?,Ereposangu'upe nde puru'apotare'ymamo?
o que pede ao pajé por trabalhos,Marãtekorama resé paîé mongetasara
que ele não esteja pelas ocas a agitar nossas almas,T'oîkó umẽ oka rupi oré 'anga monguébo
trouxe aos tapuias as velhas de além de magueá,Tapuîpe gûaîbĩ aru amõ Magûeá suí
eis que sofrem muito os que deus repeliu.,Sasyeté niã Tupã remipe'apûera
que teus olhos misericordiosos se voltem para mim.,Nde resá poraûsubara erobak ixé koty
"esse, somente, é de fato o seu nome?",Aîpó nhõ-pipó nde rera?
você trouxe sua caixa?,Ererupe nde karamemûã?
tenho o cabelo crespo,Xe akangaíb
não sou diferente dele; pareço com ele,N'aîabyî
dorme no lugar onde o colocaram deitado,Okerĩ o moupápe
para escutar a palavra de deus,Tupã nhe'enga rendubagûama resé
a boa crença em deus do seu coração não se desprendeu,Tupã rerobîá-katu nde py'a suí nd'o'iri
deixei esse seu cadáver,Aseîá kó se'õmbûera
às vezes os frutos de suas árvores caem ainda quando são flores; outras vezes caem verdes.,"Okuî rakó amũme 'ybarambûera o 'yba suí 'ybotyramo oîkóbo bé, amõ rakó ogûakyra pupé i kuî"
vamos conversar com quem nos procura,Ne'ĩ t'îamongetá îandé rekasara ri
tinjo as pernas,Aîpitupuku
apanho caranguejos,Ausá-'ok
dividi-os ao meio,Oîopytera rupi aîmoîa'ok
afirmamos que isso é o que deve ser festejado,Îaîmombe'u aîpó i momorangymbyra
"igualmente, a morte está entre os jovens e os velhos; não está longe, mas ainda assim não deixa de chegar às outras pessoas","Oîoîá te'õ rekóû kunumĩgûasu suí tuîba'e suí bé, napûeî, ndaroîaî amõ abá mopanemi"
pecado que assassina as pessoas,Tekoangaîpaba oporapitiba'e
eu sou pequeno,Xe risi'ĩ
"roga a deus por nós, os que somos pecadores",Etupãmongetá oré i angaîpaba'e resé
sobram para você galinhas e porcos,"Nde resemõ arinhama, taîasu"
"que você entre no meu coração, guardando meu interior","Xe nhy'ãme t'ereîké, xe py'a moingatûabo"
meu senhor foi quem me mandou fazê-lo,Xe îara é xe pûaî sesé
"sequei muito, sequei duramente",Atining-atã
eu tenho papo,Xe rendybagûyaî
"eis que, na verdade, o junto há dias",Kûeîsé bé nakó aîrumõ
fiquei me penitenciando por muito tempo,Kype anhenupã-nupã
ficaram todos gritando com ele,Oposẽ-posẽ pabenhẽ sesé
"com uma lança de ferro, espetou o seu flanco, estourando suas entranhas","Itamina pupé iî yké kutuki, i nhy'ã moboka"
que chegue logo ao lugar onde o matarão,T'obasem esapy'a o îukaûãme
"você tomou veneno, querendo abortar seu filho?",Eremosangu'upe nde membyra akyrara potá?
poucas vezes,amõamõme é
fio embotado,aembé-koroîa
eu sou leproso,Xe piraíb
folha tenra,sokyra
eu não sou afável,Na xe posykyîéî
que me faça viver por muito tempo,Ta xe moingobé-puku
"tempo, lugar, modo, etc. de estar em pé",ambaba
tirei uma faísca dele,Aîmoendyîab
todos eles se voltaram para trás,Opá i îeakypûereroîebyri
acaso deus tem vista aguda para me ver?,Sesapysó a'upe é Tupã xe repîaka?
"no seu ventre, deus tomou seu próprio corpo",Sygépe o eterama Tupã tari
os reis inimigos de deus,Tupã sumarã reîa
ajudando-os sempre,I pytybõmo îepi
de que parte?,mamõ-ngoty suí?
calei minhas palavras,Aîopyk xe nhe'enga
você foi à roça no domingo ou em algum dia de guarda?,Erekopîasópe domingo koîpó 'areté amõ pupé?
ele é moderadamente grande,Turusu nhote
"meus companheiros, vou ver o feriado santo","Xe rapixarĩ pabẽ, 'areté-angaturama t'asepîáne!"
"iam mulheres, discípulas dele, pranteando-o",Osó kunhã semimbo'e-etá sapirõmo
estou acordando,Apak gûitupa
a graça que ele dá não acaba,Graça semime'enga n'opabi
não porque não me ama,Na xe raûsube'ỹmbeî
o sol se eclipsa,Kûarasy onhemoputun
cortei a fila deles,Asysy-mondok
a morte estava dentro deles como sua pena,Sepyramo é anhẽ te'õ rekóû i pupé
tenho voz alta; levanto a voz.,Xe nhe'engapûan
quem mais não o transgride por não jejuar?,-Abá abépe nd'oîabyî oîekuakube'yma?
lhe fiz dentes,Asãîngá
você abusou de alguma criança enquanto ela dormia?,Ereîapyaípe pitanga amõ i kerype?
desembarcando o seu senhor na própria cachoeira,O îara opeá ytupe é
quando ele diz algo sobre o bom proceder de nossa alma,asé 'anga tekokaturama resé marã i 'ereme
estando nós no amor de deus,Tupã îoaûsuba pupé îaîkóbo
anuncia os que vão se casar,Ogûeronhe'eng i mendarypyrama
eu tenho olhos zarcos,Xe resá-îub
ela tem pecados variadíssimos e está tremendo,"Î angaîpá-pará-pará, oîemoryry-ryryîa"
eu estou de luto,Xe anhangyar
"cotidianamente, a cada dia",ara îabi'õ
arrependendo-se fracamente de seus atos passados,nde rekopûera moasy-bebuîa
"eia, amai a jesus, a verdade!","Îesu, mba'eeté, pe'ĩ, pesaûsu!"
minha mão está parcialmente descoberta,Xe robá-seb - Eu tenho o rosto parcialmente descoberto Xe pó-seb
marca antiga de facada,itá-kysé-porûera
nós somos poucos,Oré retapokang
tenho os habitantes da aldeia bem nas minhas mãos,Tapiîara xe pópe arekó-katu
as igaçabas estão sempre cheias,Tynysẽ memẽ ygasaba
os que se confessam não deixam de ser presas de nossas mãos,N'opyki nhemombegûara îandé pó suí sembiara
eu arquejo,Xe ukûakûar
brigarão e cuspirão um no outro?,"Omarãmonhangype, oîoendyne?"
raramente,marangatuabé é
"detestando-os muito, tratem-nos muito mal","I amotare'ym-etébo, perekó-aí-aí"
fui defecar,Ka'ape asó
quem me guarda é o habitante do céu,Xe rarõana ybakygûara
sou inimigo das pessoas,Morobaîaramo aîkó
"dentro dela, gerando-se, deus fez-se pequeno","I pupé onhemonhanga, onhemomirĩ Tupã"
você piscou para alguém também?,Eresapumimype amõ supéno?
"você ficou impotente diante de sua esposa, detestando-a?","Erenhemote'õ'ape nde remirekó supé, i amotare'yma nhẽ?"
como se eu fosse,Xe só îasûaramo n'aé
eis que ele é mau!,E'i tieté ahẽ maniîabo niã!
não havia nenhuma pessoa que se compadecesse dele?,Nd'oîkóîpe abá amõ i poreaûsuberekosaramo?
os habitantes do céu se afligiram,Ybakygûara onhemoputupab
"entrando em sua casa, visitando você imediatamente","Nde rokype oîkébo, nde supa aûnhenhẽ"
agi ordenadamente,Peîkó-aturõ
seguindo o rastro das mulheres.,Kunhã rakypûemondóbo
me desviei,Apîá
o que leva um falso pajé a sugar outra pessoa,Paîé-a'uba supé amõ abá oîxuban-ukaryba'e
a fecundei,Aîmenõ
"perdoe-lhes, ó meu pai!","Nde nhyrõ i xupé, xe rub-y gûy !"
minha comida me dá ânsia de vômito,Xe mbouk xe remi'u
resisti a ele,Anheran sesé
var de peneira,urupẽ-mby'i
não o mates sozinho,Nde nhõ umẽ eîuká
como forma de fazer a virtude voltar a si,Tekokatu reroîebysabamo
vou irritar os malditos,"""Aîrarõpe muru ká"
"esse homem é, de fato, filho verdadeiro de deus",Tupã ra'yreté anhẽ ikó abá
remédio curativo,mosanga mûeîrabyîara
é comum que os bons homens tratem bem as pessoas,Sekoab apŷabangaturama i porerekó-katu
que esta sua terra se alegre,Ta sesãî kó pe retama
vou como preparador.,Asó morenotaramo
muitas coisas pequenas,mirĩ-mirĩ
"o senhor jesus é terrível, fazendo nosso inimigo tremer","I abaeté pa'i Îesu, îandé sumarã mondyîa"
estou aqui para levar seu ventre e também seus pulmões para minha sogra velha,Kó aîkó sygepûera t'arasó i nhy'ãbebuîa abé xe raîxó-gûaîbĩ supé
"aimbirê, vamos levar os malditos logo, para alegrar os que ficaram em nossas casas","Aîmbiré, îarasó muru taûîé, îandé roŷpyra moesãîa"
"enfim, eu vou",Rumby gûixóbo
não pode casar com ela enquanto a mantiver escondida,Nd'e'ikatuî sesé omendá mimbápe serekó pukuî
agora vou perecer!,Akanhem kó ixé re'a
"na verdade vou me enfeitar, pintando-me de preto.",Aûîeté-pakó aîegûak ûinhemoúna
eu tenho um buraco grande,Xe kûarusu
nasceu hoje para nós.,- O'a îandébo kori
embelezou você grandemente,Ndaeté nde momorangi
confio muito em mim mesmo,Aîerobîá-katu xe îoesé
"e, se aquele que invoca sua própria alma, a alma de alguém ou mesmo algum santo que está no céu, mente, o que acontece?","O'anga koîpó abá 'anga koîpó santo amõ ybakype tekoara renõîndara abé o îuraragûaîamo nhẽ, marãpe?"
"vem para cá, trazendo farpas junto com o arco","Ké turi, arupare'aka îurupara ndi seru"
antes de você se esconder,nhemim-y îanondé
"eis que somente ele tem coisas boas, em vez de mim!","Ahẽ nhõ ikó i mba'e-katu, xe suí mã!"
"quando ele mama, ela fica alegre","I kambuneme, sory"
"por causa de minha imensa formosura, deus se revelará a mim","Xe aysó-matueté resé é, Tupã îepîakukari xebene"
o que nos faz estar segundo a vontade de deus,Tupã remimotara rupi asé moingosara
mas o que vocês procuram nesta minha terra?,Mba'e-tepe peseká kó xe retama pupé?
"quanto mais um caminhante se aflige por um caminho que não conhece, mais deseja ver logo o dia","Memeté rakó pé o eminguabe'yma rupi oguataba'e o angekotebẽnamo, korikorinhẽa'ub 'ara repîaki"
matando as criações de alguém,abá reîmbaba îukábo
"mas você brilha mais que ele, iluminando a todos nós com sua virtude","Nde-te ereberá i xosé, oré resapébo pá nde rekokatu pupé"
minha alma fez a vida pecaminosa feder,Xe 'anga omonem tekoangaîpaba
"também, por embriaguez, acabam ferindo-se uns aos outros",Sabeypora suí bé oîoapixá-pixapa
perguntou herodes sobre qualquer coisa para ele?,Oporandupe Herodes mba'e tetiruã resé i xupé?
havia muitíssimas canoas,Ygara setá-katu
"eis que sou eu mesmo, já lhes disse isso","Ixé aé ã, a'é umã n'akó peẽmo"
confundindo esta aldeia,Ikó taba apamonana
quem não reconheceria que comeu algo bom?,Abámo mba'e-katu 'uagûera n'oîkuabi xûé?
quantas são necessariamente as verdadeiras esposas de um homem?,Mobype amẽ abá remirekó-eté?
"os bem-aventurados e os santos no céu, que veem a deus, ultrapassam o número dos dias que o ano tem",Marangatuba'e santos ybakype Tupã repîakaretá osasá 'ara ro'y remierekó papasaba
"você visitou o covo de alguém, esvaziando-o?",Ereîosubype abá îeke'a i poroka?
é difícil para mim tentá-los,I abaí xébo sa'anga
eis que a aflição oprime grandemente minha alma,Naetenhẽ ã tekotebẽ xe 'anga apypyki
acende o fogo,Emoendy tatá
algodoal,amynyîu-tyba
que tenhamos estes homens contra nossos inimigos,T'irekó ikó apŷaba îandé robaîara ri
"borbotão de água, água que brota para cima",y-bura
tirarão deles suas maldades,Oîmbo'ir i angaîpaba i xuíne
"viram apenas muitas chamas, parecidas com nossas línguas","Tatá-endy-etá, asé apekũ abŷare'yma anhõ osepîak"
o próprio deus distinguiu o padre como seu substituto,Tupã é abaré oîmoîa'ok gûekobîaramo
que eu lance fora todas as armadilhas.,T'aîtyk pá koty
sua remissão foi meu encargo,Sepyrama xe pûaîtaba
sai daqui já!,Ekûá ké suí raá!
"neste vale, lugar de choro.",Ikó ybytygûaîa îasegûaba pupé
pelo caminho,pé rupi
por ocasião do meu retorno,xe atimandápe
"o fugitivo, o que costuma fugir, o fujão",kanhembora
a valentia é natural para ela,Sekoaba é kyre'ymbaba
venham todos para festejar a jesus,"Peîó pabẽnhẽ, Îesu momoranga"
eu sou resplandecente,Xe kanugûá
hei de dar ova de peixe para você.,T'ame'ẽne pirá ruba endébo
deus já estava no ventre de santa maria?,Oín uãpe Tupã Santa Maria rygépe?
digo a verdade,Anheté a'é
asperja-se com água benta,Oîeypyî 'y-karaíba pupé
eu estava mesmo me esquecendo e não queria omiti-lo,"Xe resaraî é gûitekóbo, n'aseîá-potá ruã!"
o magro que convidei,xe remipoîangaîbara
jogou o pagamento por seu senhor no templo e finalmente se enforcou,O îara repypûera reîtyki Tupãokype aûîé osóbo oîeaîubyka
para um príncipe chamado anás,Morubixaba Anás seryba'e supé
oxalá fosse verdade!,"Anhẽ temõ turi mã - Oxalá ele viesse, de fato Anheté temõ!"
"pensem que, algum dia, a morte virá bater às portas de vocês, pegando-os despreparados, surpreendendo-os","Penheangerekó amõ 'ara pupé te'õ pe rokena motaka turagûama resé é, nhemosako'ie'yma pupé, pe pokosupa"
finjo que não o quero,N'aîpotare'ym-a'ubi
"vi, outrora, a grande batalha de gûaîxará","Asepîak, erimba'e, Gûaîxará maranusu"
o trago ao meu colo,Xe ambyî arekó
mas quem entregou os índios como coisas de vocês?,"Abá-tepe erimba'e, pe mba'erama resé apŷaba me'enga'ubi?"
sei lá!,-Abá ra'yrape ûĩ?! -Sé! -Filhos de quem eram esses?!
as marcas delas,i kuapaba
atiro-a,Asa'ang
cuidado para não levá-lo,Teumẽ teké serasóbo nhandu ruã
façam com que deus nosso senhor me perdoe,Peîmonhyrõ Tupã Îandé Îara ixébo
"você o excitou, esfregando-se no seu companheiro?",Ereîkapyrokype nde rapixarĩ resé eîekytyka?
que ela nos destrua para que vivamos contigo,"Orébe t'oré mondyki, nde irũmo t'oroîkobé"
"vim do rio dos paratis para ver a rainha, enfeitando minha cabeça","Xe parati 'y suí aîu, rainha repîaka, xe akanga moîegûaka"
não faça cara feia para ele; trate-o bem,"Ta sobasy umẽ i xupé, serekokatûabo"
"viram somente muitas chamas, parecidas com as línguas das pessoas","Tataendy-etá, asé apekũ abŷare'yma anhõ osepîak"
você usou feitiço para que não viessem?,Mosangape ereîpuru ture'ymagûama ri?
"logo depois de morrerem, irão para o céu os que foram assim desse jeito?",O manõ riremẽ serã emonã nungara sóû ybakypene?
por que você não quer chorar nem mesmo um pouquinho?,Marãpe nd'ereîase'o-mirĩngatutenhẽ-motari?
eu tenho amantes,Xe piraty
"ali, assando-os e comendo-os","A'epe i moîypa, i gûabo"
um pouco mais para cá,kybõ-ngoty-pyryb
eis que aqui estou para quebrar a tua cabeça por causa de tua arrogância,Kó aîkó nde akanga kábo nde îerobîara suí
o nó dela,i puru'ã
fazê-lo sofrer o frio,Îaîmomboreaûsu ro'y
o diabo nos tenta demais?,Asé ra'angetekatu Anhanga?
aproximei-me de guenum,Arokakar Gûenũ
botão da roupa,aoba potãîa
eu sou paciente,Xe putumuku
"ao comer com seus discípulos, o pão que tomou em suas mãos ele devolveu como seu corpo","Gûemimbo'e pyri o karûápe, miapé o pópe gûemiîara i moîebyû gûetéramo"
eu o desfiei,Aîorab
eu fui bom antes de ir para o céu,Xe angaturam ybakype xe só îanondé
outra coisa,mba'e-aé
"comedor deles, sobram-me sauiás, causa das caçadas","I gûara, îeporakaba, xe resemõ saûîá"
afasta o jurupari deste mundo,Eîpe'a îurupari kó 'ara suí
você induziu alguém a coisas más em seus atos futuros?,Ereîmoîesuerype abá mba'eaíba ri sekorama resé?
fiz confusão,Arekorekó
"eu, na verdade, era transgressor dos mandamentos de deus",Tupã tekomonhangaba i abŷaramo ra'e
vou fazer resgates,Asó gûiporepŷana
o que é feito de barro,nha'uma suí i monhangymbyra
"leva a minha alma que te ama, fazendo-a subir com você",Xe 'anga nde raûsupara erasó seroîeupi
"trouxe muitas destas ostras, querendo alimentá-lo com elas","Aruretá kó reri, i pupé nde poî-potá"
vida eterna,tekobé-apyrasye'yma
para a parte de trás dele,i 'anga koty
consentimento na transgressão da palavra de deus,Tupã nhe'engaby morybagûera
para as coisas que costuma sofrer por não ter paciência,Mba'e o emimborará-tyba supé og osange'ymamo
você acredita em falsas oferendas?,Ererobîápe îetanonga'uba?
"na verdade, eu o surpreendi",Asesapy'a é nakó
que o tivesse visto!,Asepîak me'ĩmo!
você abraçou alguma mulher?,Ereîaîubãpe kunhã amõ?
não vi os daqui,N'asepîaki kybõygûara
"afastando o pecado original, que adão lançou sobre nós",Tekoangaîpab-ypy moroesé Adão remitykûera pe'abo
tendo relações sexuais com mulheres na frente de sua companheira,O apixara robaké kunhã resé oîkóbo
lavou as mãos à vista da multidão,Oîepó-eî te'yîa remiepîakamo
"teria de morrer, na verdade, antes de se batizar",Omanõ îepémo oîemongaraíb'e'ymebé re'a
"ah, meu pai!",Xe rubĩ mã!
vem para arrancar logo de dentro dela o tinhoso,"Îori sekyîa taûîé, i py suí, serubu"
"assim, verdadeiramente, você não cumpriu o que disse?",Emonã-tekatuetépe nde 'eagûera nd'ereîmopori?
"nem sequer uma pequena coisa, nem um único pequeno ato das pessoas ficará omitido, então","Mba'emirĩ tiruã, abá rekoagûerĩ oîenosem a'epene"
"quando o sol estava no alto de nossas cabeças, eu vim","Îandé 'apytera 'arybo 'ara rume, xe ruri"
o que me cabe é tomar cauim.,Xe potaba kaûĩ rá
vou novamente,Asó benhẽ
"não acreditam no padre, bebendo cauim durante a noite toda","Abaré nd'ogûerobîari, putuna rupi okagûabo"
eu sou o grande tupinambá,Xe tupinambagûasu
muito tarde,ariré é
"ao morrer, chegamos ao fim",Oropab oromanõmo
homem severo,abaposykyîe'yma
"na sua própria casa, o desejo sensual consentia",Og okype îopotara repîakĩamo
o que você costuma dizer quando ensina as pessoas?,Marã eré-p'amẽ eporombo'ebo?
o enforquei,Aîubyk
o que é feito morrer,i momanõmbyra
"mas sempre, com certeza, querem o bem de suas almas, embelezando-as","Memẽ-te nipó pe 'anga amotá, i moaysóbo"
aí há muitas mulheres que estão se oferecendo a deus,A'epe se'yî kunhã Tupã supé onheme'engyba'e oîkóbo
suas túnicas começavam a rasgar,o aobusu mondoró-ndoroka
forquilha de madeira,ybyrá kamby
vou viver bem como eles,Aîkó-katupe i îabé ká
eu o socorri,Asopenhan
"esse santo, pela primeira vez, derramou seu sangue",Kó santo ranhẽ ypy og ugûy mo'ẽ-ukar
"é famosa guaraparim, e tem uma igreja","Serapûan Gûaraparĩ, Tupãoka rerokupa"
todos bebem muito,Oka'ugûasu pabẽ
esfreguei a caspa dele,Aîpiku'i-momemûã
quem devoraremos primeiro?,Abápe îa'u raẽne?
você ameaçou alguém?,Ereîmomburupe amõ?
remo a canoa,Aygá-pukuî
"eis aqui meus chifrões, meus dentes","Kó xe 'akusu, xe ranha"
"embora apenas uma vez alguns anjos tenham transgredido a palavra de deus, por causa disso apenas deus os tornou demônios","Oîepé nhõngatu erimba'e karaibebé Tupã nhe'enga abyû biã, sesé nhõ Tupã i moingóû Anhangamo"
é mesmo verdade.,Supi é
três pessoas vieram,Mosapyr abá our
lembrem-se da morte,Penhemoma'enduar te'õ resé
vara de peneira,urupemusu
fico andando à toa,Agûatá-gûatá-tenhẽ
dei um tombo,Ayapyĩ
alguém pode beber cauim?,E'ikatupe abá okagûabo?
que nos dê hoje seu filho muito belo,T'oîme'eng kori îandébo o memby-porangeté
"você, em seus braços, ergueu jesus para alimentá-lo um pouco em seu seio","Endé, nde îybápe, Îesu eresupi i poîa-mirĩ nde kama pupé"
o que se deseja matar,i îuká-potarypyra
trouxe-as para a rainha,Arurĩ reîa supé
o que vai para o céu,ybakype soarama
"venha, espantando o diabo, para que ele não nos vença.","Îori, anhanga mondyîa, oré moaûîé suí!"
alguns soldados foram de novo para quebrar as pernas daqueles dois ladrões,Osó bé amõ maranaritekoara a'e mokõî mondabora retymã mopena
o que você trouxe dentro da sua caixa?,Mba'epe ererur nde karamemûã pupé?
joguei fora todos os bens dos meus avós,Opá xe ramỹîa ma'epûera aîtyk
nesta semana,kó semana pupé
como os seus atos passados serão a causa de vocês o derrubarem?,Marãpe sekoagûera peẽ i mbo'aragûama?
coloquei entradas no rosto dele,Asobagûá-moín
"no ventre de uma moça, gerando-se como uma criança",Kunhãmuku rygépe pitangamo onhemonhanga
"viram os anjos a deus, seu criador, quando ele começou a criá-los?",Osepîápe karaibebé Tupã o monhangara o monhang-ypyreme?
vendo os pagãos a virtude dos cristãos,Cristãos rekokatu repîaka é ipó imongaraibypyre'yma
não vieram alguns anjos do céu?,Nd'ouripe karaibebé amõ ybaka suí?
"ao passar a quarta-feira de cinzas, começa o grande jejum chamado quaresma","Quarta-feira tanimbu-karaíba rasápe, îekuakupabusu Quaresma 'îaba nheypyrungi"
tenho um buraco oco,Xe kûarybỹî
eu estou abençoado,I mongaraibypyra ixé
saída de gente,morosema
vem para arrancá-lo logo do interior dela,Îori sekyîa taûîé i py suí
"mas que vá, porém",Pero-te t'osó
os que se fizeram matar por causa de deus,Tupã resé oîeîuká-ukaba'epûera
"tentando inutilmente livrar-se da morte, amedrontando-se, enfim","Te'õ suí o nhepysyrõ ra'angyîepébo, opiringamo ko'yté"
mau hálito,îurunema
o que socorre a gente,morepenhandara
apoiamo-nos em você,Oroîekok nde resé
"sua alma elimina a posse do céu com coisas fétidas e más, manchando-a por causa delas","Nde 'anga ybaka rerekoarambûera mba'enẽ-memûã pupé oîmomemûã, sesé i monana"
"você, talvez para retribuir, sempre lhe dirige carícias desonestas",Nde serã i poepyka îomomorangaíba ereîapi ko'arapukuî
"que fez antes de morrer, estando pronto?",Marãpe erimba'e sekóû o e'õ îanondé o ekoaûîéramo?
derramo o sangue dele,Asugûy-mo'ẽ
"então ergueram a cruz, fincando-a?",A'eîbépe ybŷá cruz mo'ami i atykábo?
os que querem se casar,omendá-potaryba'e
"nosso espião vá primeiro, à nossa frente",Îandé manhana ranhẽ t'osó îandé renondé
aconteceu-me uma tormenta,O'ar 'yaíba ixébo
comida dos anjos,apŷabebé remi'u
"não que alguém se compadeça deles, nem que alguém vá libertá-los","Na abá o aûsubar-y îanondé ruã, na abá o pysyrõ îanondé ruãne"
"aqui estão meus chifrões, meus dentes","Kó xe 'akusu, xe ranha"
"guardem-se de inventar impedimentos ao casamento, contando o que não é verdade",Peteumẽ mendara moarupaba mo'anga'upa supindûare'yma mombegûabo
tendo-os ao pescoço,O aîuri serekóbo
"assim como se reconhece o dia dos santos, do mesmo modo também se cultuam até mesmo seus ossinhos, tendo-os no pescoço","Oîabo asé santos 'ara kuabi, oîabo bé asé i kangûerĩ tiruã momba'etéû, o aîuri serekóbo"
"com o bafo de sua boca, sopra em nosso rosto",O îuru timbora pupé asé robá peîuû
remédio portador de cura,mosanga mûeîrab-yîara
"enfim, os jovens escondem seus maus comportamentos","Aûîé, kunumĩgûasu o ekó-aíbeté oîomim"
"vagem seca, pronta para ser colhida",topé-tininga
que estejamos perto de você,T'oroîkó nde ypype nhẽ
vamos um pouco mais ao longo da costa,Ybyri-pyryb t'îasó
apodreci,Atuîuk
será que a noite toda você age para fazer as galinhas sumirem?,Pysaré serã ereîkó arinhama mokanhema?
vida longa de minha alma,xe 'anga rekó-puku
ele tomou os traços dos olhos de seu pai,Og uba resá ahẽ ogûar
que morra!,T'omanõ!
mudei minhas palavras,Asekoabok xe nhe'enga
a força vital das frutas está aqui,Ybá seté kó sekóû
cepo: o toco da árvore que foi cortada,ybyrá-ypypûera
"não porque eu fui, ele veio",Na ixé sóreme ruã turi
"de uma só parte, de um só lado",amongoty nhõ
"ó meu filhinho, lembre-se de que os que pereceram são objeto de esquecimento","Xe ra'yrĩ gûé, tesaraîtabamo okanhemba'epûera rekó resé nde ma'enduar"
lhe pus enfeites no rosto,Asobá-posanong
bem que eu o chamei,Îepé asenõî
e os rapazes que perseguem mulheres?,A'epe kunumĩgûasu kunhã oîmomosemba'e?
"por isso mesmo, ficava caindo com ela por causa do seu peso",Nd'e'i te'e sero'a-ro'a i posyîa suí
o firmei a mim,Aroten
fibras esvoaçantes,pó-bebé
fiz uma gaiola para eles,Asokaîmonhang
"você, talvez para retribuir, lança sobre ele a prostituição o dia todo",Nde serã i poepyka sugûaraîy ereîapi ko'arapukuî
pensa em vir para assustar vocês?,Oú-mo'ang pe mondyîa
"os moços, os homens, as moças: a todos os tenho bem em minhas mãos como meus súditos","Kunumĩgûasu, apŷaba, kunhãmuku, xe boîáramo pabẽ xe pópe arekó-katu"
o que inventa mentiras por causa de alguém,Abá resé mo'ema oîmonhangyba'e
animal quadrúpede que não se come.,so'o-aíba
"que sejamos corajosos, sim, suportando as coisas dolorosas como você","T'oré pyatã, angá, mba'easy porarábo nde îá"
transformo o ferro em anzol,Aîmonhang itá pindáramo
"sentando-se em suas mãos, vai o menino, consolando você","Nde pópe ogûapyka, osó kunumĩ nde moapysyka"
"tataurana, traz aqui tua muçurana!","Tataûrana, eru ké nde musurana!"
nós nos recebemos uns aos outros,Oroîopopysyk
"você excitou seu órgão sexual, lembrando-se de mulheres?","Ereîmoanĩpe nde remimborará, kunhã resé nde ma'enduaramo?"
levei as suas coisas entre as minhas,Arasó nde mba'e xe mba'e pupé
"portanto, tomou este dia como tempo para honrá-los em conjunto",Emonãnamo kó 'ara rari oîepegûasu i moetesabamo
"a dança é que é boa: se enfeitar, tingir as pernas com urucu","Moraseîa é i katu, îegûaka, îetymã-gûanga"
há de me deparar algum primeiro,T'oîesub amõ ixébo ranhẽ
"ah, eu teria de queimar verdadeiramente no fogo do diabo!",Ixé tekatu-eté'ĩ ra'u anhanga ratápe akaîmo mã!
"ao longo do dia, todo o dia.",ara pukuî
fiz todos os jejuns,Aîá pá îekuakuba
manda pregá-lo na cruz,Eîmoîar-ukar ybyraîoasaba resé
"verdadeiramente, eis aqui o caminho que você procura","Anheté, kó nde rapé, a'e nde remiekara"
eu sou muito barulhento,Xe pugûasu
deve ter ido,Osó ipó re'ĩ
aparecemos em grande número; éramos muitos,Oré akoroí
eu fiz confusão,Xe apererá
aldaba da porta,okena potãîa
que mau é ele!,Tieté maniîabo a'e!
"o que tem corpo, o que é corpóreo",seteba'e
segui adiante,Akûabĩ tenondé
"então, nós rezamos aos santos?",Emonãnamope asé îeruréû santos-etá supé?
passei apenas,Akûab îõte
dizem que vai,Osó ra'ene
o desviei comigo,Aropîá
você se alegrou por alguém cometer furto delas?,Nde rorype sesé abá mondarõagûera resé?
sobre a pedra,itá sosé
rapo a cabeça dele,Aî'apin
"as velhas se insultam, se odeiam","Oîoa'o-a'o gûaîbĩ, oîoamotare'ỹ"
bem nesse momento perdoou pilatos,A'eîbé Pilatos supé oîerekûabamo
querendo fazer passar as flechas,U'uba mongûá-potá
envergonhe-se de si mesmo,Etĩ nde îosuí
o que você quer?,Ma'epe ereîpotar?
açoito pessoas frequentemente,Xe poronupã îaby
vou ao caminho das pessoas,Asó morapépe
me comporto mal,Marani aîkó
eu sou mal-encarado,Xe resakûarasy
os homens o reconheceram como deus verdadeiro?,Abá Tupãetéramo sekokuabi?
sou novato nisso,ikó ramõ - ser novato - Aîkó ramõ anga resé
"embora vocês tivessem se esforçado, ficaram deitados ao meu lado por pouco tempo e não dormiram.","Pesa'ang îepé peuî korite'ĩ nhõte xe pyri, pekere'yma"
"embora seja vinho, tão logo o padre pronuncie as palavras de nosso senhor jesus cristo, é, na verdade, seu sangue","Kaûĩ biãaûîé, Îandé Îara Îesu Cristo nhe'engûera abaré sa'angireme, sugûyramo nhẽ sekóû"
"por isso mesmo os rapazes sempre entram no lugar para beber cauim, ali atacando as moças","Nd'e'i te'e kunumĩgûasu oîkébo memẽ kagûápe, a'epe kunhãmuku repenhana"
todos e quaisquer homens que morreram com amor a cristo,Pabẽ abá tetiruã Cristo raûsuba bé ogûeromanõba'epûera
os ferros estão presos em mim,Itá xe resé seni
eu ronco muito,Xe kerambugûasu
e finalmente?,Tépe?
lua cheia,îasy-obagûasu
aqui está meu arco; aqui estão as farpas,"Kobé xe îurupara, kobé arupare'aka"
você vai imediatamente para o seu terreiro para cantar,Aûnhenhẽ eresó nde rokápe enhe'engá
vou para a guerra; vou como guerreiro,Asó gûarinĩramo
"você tocou nas partes erógenas de uma mulher, sendo atraído por ela?",Erepokokype kunhã rapupé resé sesé enhemomotá?
os que não acreditavam nele trabalharam juntos e passaram a flechá-lo,Serobîasare'yma potyrõû iî ybõîybõmo
obedeço às palavras dele,Aînhe'engapîar
eis que você mesma me denunciou,Nde é ã xe kuauká îepé
"como você vê, eu sou muito forte, um diabo que domina as guerras.","Irõ, xe ratãngatu, anhanga maranyîara"
"tenho um padrinho, velho pervertedor dos tupis","Oîkobé xe rubangaba, tupi moangaîpaparûera"
olhe bem para nós!,Ema'ẽngatu oré ri!
procuramos jesus nazareno,Iesu Nazareno orosekar
nossos padrinhos costumam preocupar-se conosco?,Onhemosaînãpe amẽ asé rerokara asé resé?
"ei, vou ir com você!",Ne'ĩ t'asó nde irũmo!
"às vezes nosso remédio não faz efeito, avivando ainda mais a doença","Sarûab amõme asé posangygûaba, mara'ara moîerobu-bé-uká"
já mencionei todos os impedimentos do casamento.,Opá mendara moarûapaba aîmombe'u ymã
ele está oculto dentro dela,A'e i pupé sekó-nhemimi
sua orelha arrancada,i nambi-mondokypyra
tive a segunda menstruação,Aîeporero'ypok
meu escravo,xe remiaûsuba
sujeira do menino,kunumĩ a'uba
cunha para fender lenha.,îepe'a-mobokaba
"o que paga, o que resgata",osepyme'engyba'e
eu tenho um mestre,Xe porombo'esar
não quero que os índios deixem isso,N'aîpotari abá seîara
o que faz o comungante para fazer deus ficar com ele?,Marãpe Tupã rasara rekóû o îoesé Tupã mombytábo?
coceira na pele,mbiremonã
eis que vem ali pertinho,Ebokûeté'ĩ turi
faço pedro ser padre,Aîmoabaré Pedro
"depois de dar à luz, santa maria levou seu filho jesus ao templo","O membyrara kûab'iré, Santa Maria o membyra Îesus rerasóû Tupãokype"
"vocês também verão, no futuro, a minha vinda sobre as nuvens",Pesepîak irã ybytinga 'arybo xe rura béne
peido,Apynõ
levou sua filha maria quando completou três anos,O membyra Maria rerasóû mosapyr ro'y sykeme
"qual é, então, a causa de nossa alegria?",Mba'epe asé moesãîndaba a'ereme?
"ah, quem me dera esconder alguma coisa do fulano!",Anhomim temõ ahẽ mba'e amõ mã!
ele me revistou completamente,Opá ahẽ xe subi
"ei, enforque-os logo!","Ne'ĩ, taûîé i aîubyka!"
somente o domingo que está no meio dela,Domingo anhõ i pytera rupi okûaba'e
"venham, levem os malditos, erguendo-os, para queimá-los em nosso fogo","Peîori, perasó muru, supi, îandé ratápe sapeka"
"os bem-aventurados e os santos no céu, que veem a deus, ultrapassam o número dos dias que o ano tem","Marangatuba'e, Santos, ybakype Tupã repîakaretá, osasá 'ara ro'y remierekó papasaba"
"saco, teia ou trama dos miolos",aputu'ũ-aoba
de que lugar?,manõîa suípe?
perdoa nossas maldades,Nde nhyrõ oré angaîpaba resé
"por acaso o maldito estava com a cintura fendida, balançando?",I ku'a-bok serã moxy oatimunga?
estou atrás dele,Sakypûeri aîkó
ao longo dos dias,ara rupi
quem está doente,i mara'aryba'e
parei,Apytá
que deus me livre das lembranças ruins,Ta xe pysyrõ Tupã ma'enduasabaíba suí
por que razão eu o levaria?,Marãmope xe serasóû?
espremi mandioca,Amiamĩ
que tipo de mulher é santa maria?,Marãba'e kunhãpe Santa Maria?
continuei oprimindo-o,Aîopyîopyk
você conta o nome de alguém quando o padre lhe confessa?,Ereîmombe'upe abá rera abaré nde monhemombegûápe?
"o que alegra, o que agrada, o que consola, o ajudador",moîekosupara
invocaram alegações falsas contra ele,Marã'etenhẽa osekyî i xupé
meu paizinho,xe rubĩ
corpo morto,Teté-kanhema
me envaideço sem motivo,Anhemoeté-a'ub
uma púrpura colocada nele,Amõ aopyranga mondepa sesé
que a antiga lei dos meus avós não me atraia,Ta xe momotar umẽ xe ramỹîa rekopûera
fazendo alguém tornar-se seu alcoviteiro,O manhanamo abá moingóbo
que me arranquem os olhos concupiscentes,T'oîe'ok ixé suí xe resá-poropotara
abraçando a cintura do seu companheiro,Nde rapixara ku'a îubana
quem conta o que não sabe bem,O eminguá-katue'yma oîmombe'uba'e
mas não foi nosso pai quem fez nosso corpo?,N'asé ruba ruã-tepe asé reté oîmonhang?
"vê-se, com efeito, que ela conserva a incorruptibilidade dos cadáveres daqueles",Sepîakypyra niã aîpoba'e re'ombûera o marane'yma rerekó
vai ficar injuriando o marido por ele agir assim?,Oîa'o-îa'ope o mena emonã sekó reséne?
"ah, quem me dera que o tivesse matado!",Aîuká me'ĩ mã!
eu mato vocês,Ixé opoîuká
estou lacrimejando,Xe resa'y-sa'y
você acariciou sua namorada com quem brincou desonestamente?,Ereîmomorangype nde kunhã'yba nde i moîaruagûera?
essa é uma cidade?,Tabusupe ûĩ?
vamos trazê-lo!,Îaru!
quem trabalha no domingo,Domingo pupé oporabykyba'e
"mirra, poção de polpa","mirra, mosanga to'o suí"
mostrei os dentes,Xe rãîbitir
- por isso nós rezamos aos santos? por isso?,-Emonãnamope asé îeruréû santos-etá supé? -Emonãnamo
"vamos dar uma volta, primeiro",Îaîebyîeby ranhẽ
a sela dele,sendaba
no terceiro dia,Ara nhemomosapyra pupé
pintura dele,i kûatiara
bem feito por ele ter adoecido!,Iîá omba'easyramo!
fizeram feridas por todo o seu corpo?,Seté îakatupe ybŷá i moperé-perebi?
"então, naquela época",a'e remengatutenhẽ
a borboleta virou pássaro,Panama onhemogûyrá
dizendo palavras más sobre coisas nojentas,Mba'e-poxy koty onhe'engaíbamo
eu estou caindo de sono,Xe kerá-kerar
ele foi para a coutada do rei para cortar madeira,Morubixaba ybyragûype ahẽ sóû ybyrá-'apa
"o ouro servia para anunciar que ele era um príncipe, um rei","Itaîuba morubixaba, Reiamo sekó mombegûaba"
"não perdoam, não são amáveis","N'i nhyrõî, n'i îerekûabi"
no fundo da água,y pype
"o seu sangue era muito, escorrendo pela terra dentro do horto","Sugûy turusu, ybype osyryka, mityma pupé"
nosso inimigo nunca deixa de nos tentar,N'i apori oré sumarã îepi nhẽ oré ra'anga
trazendo um pouco de linha,Inimbó'i amõ reru
"enfim, o filho de deus nos julgará",Rumby Tupã Ta'yra îandé rekomonhangane
deitando o capim às pressas,Kapi'i anhẽ rerupa
eu sou muito falante.,Xe nhe'engetekatu
"raiz fedorenta, saporema, doença que ataca as plantas",sapó-rema
vida longa à minha alma,Xe 'anga rekó-puku
pano de algodão,amynyîu-aoba
arraia pitoca,Îabebyrasyka
chamusquei o casco dela,Aîapé-ereb
tostar alguma farinha,Esapek u'i amõ
dizem que eu vou,Asó ra'e
"você mudou, por acaso?",Ereîakasó-piang?
adiantei-me,Akûabĩ
"se aquele que tem relações sexuais com uma solteira, ou se sente atraído por ela, transgride muito a palavra de deus, tanto mais aquele que perverte uma casada ou se sente atraído por ela","Mene'yma resé oîkoba'e abiã koîpó sesé onhemomotaryba'e oîabyeté Tupã nhe'enga, memetipó mendara momoxysara koîpó sesé nhemomotasara"
quantos são os que recebem compaixão?,Mbobype saûsubarypyra?
"esta agia assim, longe de você",Emonã rakó sekóû nde suí
"me escondo bem, deitado aqui",Aîemĩngatu kó gûitupa
jaz de costas,Oatukupepyterybo aîub
como se fosse aquele que não morrerá,Akó omanõba'erame'yma berame'ĩ
para o desaparecimento dos vestígios da maldade de nossa alma,Asé 'anga suí asé angaîpaba rakypûera kanhemagûama resé
o ralando,Seébo
lamentando o que o visita,O supara rapirõmo
eu sou terrível,Xe taŷgaíb
a senhora desta aldeia compadece-se muito das pessoas,Kó tabyîara ndaeté i poraûsubari
não queiras que eu te lance no inferno para me vingar de ti,Eîpotar umẽ nde resé o îepykápe anhanga ratápe nde reîtyka
"a chuva começava a cair ao amanhecer, enchendo o mar","Oky-ko'ẽ-ko'ẽ amana, paranã mopungábo"
ele mesmo certamente me guarda,A'e aé ipó xe rerekó
"que coisas, pois, eu fiz hoje?",Marã-marã-pakó îeí xe rekóû?
o que é moído,i mongu'ipyra
homem luxurioso,abá-poropotara
"despiram-no, amarrando-lhe as mãos a uma coluna de pedra, obrigando-o a ficar de pé.","Oîaobok, itá okytá resé i popûá i mo'ama"
princípio da compaixão,Moroaûsubara 'yba
ela fez seu marido comer o fruto de modo vil,A'e o mena supé 'ybá-'u-ukar-a'ubi
"nós, ao contrário, iremos ao encontro da nossa pátria","Îandé-te, îandé retama t'ixepenhan"
você tomou remédio para não ficar grávida?,Ereposangu'upe nde puru'a-potare'ymamo?
ainda é muito cedo para isso,Nd'e'i-angáî
fui em direção ao meio das águas,Y-pytera koty asó
"suas próprias coisas, na verdade, a gente ama no seu coração","O mba'e, nipó, asé o py'a pupé saûsubi"
"o cauim, transbordando nas igaçabas, depois disso os atrai","Ygasápe kaûĩ-tuîa, a'e ré, îamomotá"
"que vocês sejam, no futuro, os que terão a verdadeira felicidade em nossa terra desejada, no céu","Ta peîkó irã mba'ekatueté rerekoaramo îandé retãpotasápe, ybakype"
durmo frequentemente,Aker-akerĩ
"diabo mau, assassino","anhangaíba, morapitîara"
fazer esta aldeia feder por desejo sensual,Kó taba monema moropotara pupé
mas será que foi mesmo?,Osó-tepe ra'e é?
as chamas vão queimar vocês!,Pe rapy tataendyne!
antigamente pescava bem os peixes,Akûeîme rakó pirá asekyî-marangatu
faço-as uma após a outra,Aîmoîoakypûé-kypûer
quando a lua vem visitá-la,o supa îasy rureme
quase fui,Asosûé
"coisa manifesta, pública, coisa notória por ser vista",ikatupendûara
"ao comer com seus discípulos antes de sua morte, no dia seguinte",Oîrã o e'õ îanondé o emimbo'e pyri o karûápe
estou em dúvida,Xe 'angetaetá
fiquei tocando-o,Aîakãî-akãî
vocês vão recuperar bem o fôlego depois de se cansarem,Ta pe putuẽngatuté irã pe îemokane'õ ré
e por acaso na hóstia está jesus cristo?,A'e serãne hóstia pupé Îesu Cristo rekóû?
por que eu haveria de levá-lo?,A'emop'ixé serasó-a'ubi é?
no futuro me abundará toda a felicidade desejada,Xe resemõ irã mba'ekatu-pabẽ i potarypyra
sua mãe o pôs no lugar onde estava a manjedoura deles,Semi'uru rupápe i xy i nongi
"dançaram a noite toda, fazendo feitiçarias","Oporaseî pysaré, oîemopaîeangaípa"
nos enfrentamos,Oroîobaîar
acaso o maldito estava com a cintura fendida?,I ku'a-bok serã moxy?
"quebrador de pedras, cavouqueiro",itá kasara
santa maria é o nome dela,Santa Maria sera
que o neném compadecedor olhe por nós,T'oma'ẽ îandé resé pitangĩ-moraûsubara
"mas agora, por minha causa, você está dentro de uma casinha","A'e ko'y, xe resé, ó-mirĩ pupé ereîkó"
ferrugem do ferro,itá repoti
dói muito ao homem perceber a própria morte,Sasy-eté abá supé ogûe'õnama anduba
você me alegra muito,Xe moory-katu îepé
querendo furar os buracos das nossas orelhas,Asé apysakûá-puka potá
dei uma cambalhota,Anheatĩapyr
o anjo da guarda está perto?,Karaibebé i ko'ĩ?
"adão, nosso primeiro pai, fez-nos realmente perder, para que nos queimássemos no fogo do diabo","Adão, oré rubypy, oré mokanhemeté, Anhanga ratápe nhẽ oré kaîaûama ri"
minha ausência,xe roŷpyre'yma
eu manco,Xe parĩ
"e os rapazes que perseguem mulheres, querendo torná-las escravas?","A'epe kunumĩgûasu kunhã oîmomosemba'e, miaûsuba potá nhẽ?"
"plantação de cana-de-açúcar, canavial",u'ubae'ẽndyba
mas a você sobram galinhas e porcos,"Endé-te, nde resemõ arinhama, taîasu"
eu tenho barba ruiva,Xe rendybaá-îub
"fiz uma cilada contra o inimigo, matando-o",Aîkupe'ab tobaîara i îukábo
quando o vento te trespassar,ybytu nde rasapápe
orelhas caídas,nambi-xoré
"adversária da morte, senhora da vida","Te'õ rupîara nhẽ, tekobé îara"
dificultando a primeira menstruação,nhemondy'ara mo'ybatatãmo
vivendo para buscar a virtude,Tekokatu repenhandápe peîkóbo
mas seria difícil para as pessoas comerem minha carne,A'e iîabaíbymo abá supé xe ro'o 'u
oponho-me a ele,Asobaîxûar
você chorava sempre,Ereîase'o îepi
o namorado da sua filha,nde raîyra aba'yba
logo que ele veio,Oú abé
"lanço da ocara: a parte da ocara contida, por exemplo, entre duas ocas",okarapupa'ũ
mas alguém não enfiará a mão na sua boca para parti-la?,Nd'opo'ẽî xûé-tepe asé o îuru pupé i mbo'iragûama reséne?
"esta igreja é bonita, com muitos enfeites!","I porang kó tupãoka, îegûakabetá rerupa!"
a descida dele,seroapy'ambaba
não querendo sua infelicidade,Sekomemûã potare'yma
erra muito o homem que fica se fazendo pajé?,I angaîpabetépe abá onhemopaîé-paîébo?
você está no paraíso para sempre,Endé tupãrorypápe aûîeramanhẽ ereîkó
"aquele que, dizendo em vão ""eis que é assim, por deus"", não o cumpre","I pore'ymba'e ""-emonã kó Tupã resé"" o'îabo tenhẽ"
desdisse as minhas palavras,Asekobîarõ xe nhe'enga
é ele quem dá o bem desses,A'e aé koba'e katu me'engara re'a
"são pedro, com seus companheiros, escolheu são matias como apóstolo, depois que o deus-filho subiu ao céu","São Matias, ybakype Tupã Ta'yra îeupir'iré, S Pedro o irũ-etá resebé tari apóstoloramo"
temo por ele.,Aronheangu
"seja você meu guardião, colocando-me sob suas mãos","Nde morerekoar xe ri, nde pó gûyrype xe nonga"
campo limpo,nhũ-asyma
leva-o completamente,Ererasó nhetekatunhẽpeũî
"salve rainha, nossa esperança",Salve Rainha oré îerobîasaba
eu chorei até ficar com os olhos avermelhados,Xe resaapytãpytang
que te regozijes muito com a virtude,T'ereîekosubeté tekoporanga resé
bebendo cauim durante a noite,Putuna rupi okagûabo
enfeites do rosto,tobá posanga
malha grossa de algodão para a defesa na guerra,amynyîu-aó-poanama
eu tenho secura na garganta,Xe aseó-tining
os que vêm do lado onde nasce o sol,kûarasy sembaba koty suí ouryba'e
eu tenho sorte com animais,Xe mba'e-porang
canavial,takûare'ẽ-ndyba
eu o penteio,Aîabyky
certamente vemos sempre as marcas de seus pés,Anhẽ serã îasepîak îepi i py-pora
"são pedro puxou a espada, cortando-lhe a orelha",S Pedro itangapema osekyî i nambi mondoka
a gente vai morrer com sua crença também?,Serobîara bépe asé ogûeromanõne?
um rapaz que não tenha chegado aos catorze anos não pode casar com ninguém,"Kunumĩgûasu catorze ro'y resé i xyke'yma, nd'e'ikatuî abá resé omendá"
ainda bem que deus me livrou do diabo!,Aûîeteramo rimba'e Tupã xe pysyrõ Anhanga suí re'a
água sem mistura,y anhẽ
o apartaríamos dele precisamente depois disso?,Îaîpe'a nhẽmope i xuí a'e roîré katu?
"o homem que se defronta com a morte, encontrando o que cura, fica muito feliz, de fato",Sorybeté rakó abá tegûama porarasara moroposanongara supé ogûasema
certamente é a mim que vocês procuram,Xe ipó xe rekar peîepé
arrancando suas aflições,I poraûsuboka
homem coitadinho,Abá-poreaûsubĩ
companheiro dele,i irũ → irũ
fui ao caminho dele,Asapependûar
que ele se abstenha de dizer isso,Te'itenhẽumẽ ahẽ aîpó o'îabo
irritando-se com o diabo,Anhanga pé oîemoŷrõmo
mordo-a,Anhagûãî
pus esperteza nela,Aî'atype'apá-moín
o marigui me picaria,- Xe su'umo marigûi
mulher bondosa e estéril,kunhã-marangatu-membyre'yma
todas as nuvens que caem do céu cobrirão a terra,Yby opá ybytinga ybaka suí o'aryba'e i aso'iûne
esse mesmo,ebokûé aé
não se afligem por nada,N'oîkotebẽî ma'e amõ resé
a que ingere veneno,mosangygûaba gûara
"oh, que fulano é este!",Te'ĩ kó ahẽ mã!
"o que rompe o sangue de uma moça, o que a desvirgina",kunhataĩ rugûy kasara
colares azuis,mo'yrobyeté
eu tenho muitos,Xe retá
limpou seu rosto com um pano branco,Osobá-syb aó-tinga pupé
apenas não me faça morrer,Sa'ĩ na xe momanõî!
meteu você pelo pescoço,Nde mondeb o aîurybo
você escarneceu das mulheres?,Ereîemoîoîaîpe kunhã resé?
sou muito mocho.,Xe aterẽngatu
como ele nos fez?,Marãpe asé monhangi?
me penteio,Aîeabyky
só isso está acima de tudo o que se deve desejar,A'e anhõ opakatu i potarypyra sosé
"assim que termina a vida que deus nos dá, a morte nos vence","Tekobé îandébe Tupã remime'enga syka bé, te'õ îandé moaûîéû"
"a mãe de deus, senhora desta aldeia, não a prendam","Tupã sy, kó tabyîara, na pemoembiá-potari"
"salve rainha, mãe de misericórdia","Salve Rainha, moraûsubara sy"
"talvez ele fosse, se eu dissesse",Osó ipóne re'a gûi'îabo mona'ẽ
querendo confessar-se segundo o que a santa madre igreja lhe determina,Oîemombe'u-potá Santa Madre Igreja i mombe'u rupi
selecionei-o,Aîkatu'ok
"embora me evoques os atos, arrependo-me daqueles","Xe rekó-ekyî îepé, a'epûera aîmoasy"
basta! não me desperte!,Aûîé! Teumẽ xe mombaka!
como uma criança deitada,pitangamo oupa
pescando bem os canapus,kunapu rekyî-etébo
somos todos futuros defuntos,Ambyrama pabẽ îandé
tenho jeito para isso,A'ekatu mba'e resé
a gente pode não proceder conforme o mandado do padre?,E'ikatupe asé abaré o pûaîtagûera rupi oîkoe'yma?
"sendo assim, de costume, o diabo fica muito insistente com a gente",Nãneme amẽ Anhanga îeîukaibetéû moroesé
"você terá de ir, pois, para o seu fogo, para que esteja para sempre prostrado no lugar em que se faz sofrer","T'eresó rõ nde ratápe, aûîerama t'ereîub moreaûsuba monhangápe"
faz isso para disfarçar a existência de seus filhotes,O a'yra kuakupa emonã sekóû
toma mais um,Eîar-y bé amõ
"mostra-se fixo, está fixo, apresenta-se fixo",Ten e'i
eu estou abençoado,Xe karaíb
por que põe sal bento na boca da gente?,Mba'e resépe îuky-karaíba mondebi asé îurupe?
maior que esta casa,Kó oka sosé
a mãe de deus é muito misericordiosa,I poraûsubá-katu Tupã sy
você disse isso bem no seu coração?,Nde py'ape-katupe aîpó eré?
"mesmo que sejas rainha, mesmo que teus servos sejam muitos, eu, contudo, pesco para ti","Reîamo ereîkó tenhẽ, setá tenhẽ nde boîá, xe-te t'oroporaká"
por ser algo antigo,o mba'epûeramo
por um triz não,-sûerĩ
"é doloroso deixar o vício e a má vida; contudo, depois disso, o homem se consola muito","Sasy tekopoxy, tekomemûã pe'a biã, aûîeté a'e roîré abá apysykaturamo"
aquele que recebe o óleo santo na testa não pode casar-se com ele,O sybápe îandy-karaíba rasara rerasoara nd'e'ikatuî sesé omendá
"daqui, certamente, passou para a índia, terra dos indianos",Ké suí serã i asabi India tapyîtinga retãme
vou contar os pecados deles para que você acredite em mim,T'aîpapáne i angaîpaba ta xe rerobîá îepé
estou derrubado,Aîero'ar
fiquem aqui me esperando,Iké nhẽ peîkó xe rarõmo
"vou cumprir essas palavras, reunindo muitos dos meus servos","T'asó aîpó nhe'enga mopó, xe boîá reŷnhangetábo"
sigo o rastro dele,Asakypûemomosem
sua excitação pelas coisas más,Mba'e-poxy resé nde ara'a
"que sejamos corajosos, sim","T'oré pyatã, angá"
que a palavra de deus lhe cheire muito bem,Ta syapûãngatu Tupã rekó i xupé
eis que a cada páscoa vocês sempre me fazem libertar um prisioneiro,Aretegûasu îabi'õ ã mundepora amõ îepé peîmosem-ukar ixébe îepi
as criancinhas também têm somente o pecado de nosso primeiro pai,Pitangĩ abé îandé rubypy angaîpaba nhõ ogûerekó
"conhecendo esses teus pecados, sinto que você quer ir para o fogo do diabo","Iang nde angaîpaba kuapa, anhandub Anhanga ratápe nde só potara"
"por isso, na verdade, é que a gente detesta o pecado mais do que a morte?",Nd'e'i te'e ipó asé pecado moabaetébo te'õ sosé?
"a dança é que é boa: se enfeitar, se pintar de preto","Moraseîa é i katu, îegûaka, îemoúna"
"mostra-se firme, está fixo",Ten e'i
nenhum homem pode se livrar da morte,Oîepé tiruã abá nd'e'ikatuî oîepysyrõmo te'õ suí
"ainda bem que vocês três, novamente, queimarão juntos.",Iîá mosapyr-y bé pekaî oîepegûasune
não indo ao encontro do meu senhor,xe îara robaîxûare'yma
"salve, ó meu mestre!","Eîkobé-katu, xe mbo'esar gûy!"
"eis que minha alma, lugar de sua vinda, estará como seu leito","Kó xe 'anga, nde rusaba, nde rupabamo t'oîkó"
o afrouxei,Aîmokanãî
"o irrita, o empurra para o seu fogo","Oîrarõ, oîmoanhã satápe"
"ah, eu fui um grande pecador!",Xe angaîpabeté'i ra'u mã!
ó! não há como contar isso,Tó! Aîpó n'i papasabi!
"de fato, é penoso remar uma canoa",Sasy nakó ygá-pukuîa
"quem não quer ir para onde está aquele que ele detesta, para não o ver",O emiamotare'yma rekoápe osó-potare'ymba'e sepîaka suí
todos da mesma espécie ou qualidade,oîepeixûara
"serão fedorentos, muito podres, corroídos de vermes e de bernes","I nem-eté, i tuîuketé, tasoka, ura remimongûyamone"
"caburé, vem correndo!","Kaburé, îori enhana!"
não nos damos bem,Nd'oronhoamotari
também asperge-se as sepulturas com água benta?,Osepyî bépe asé tyby 'y-karaíba pupé?
estou quieto,Aîubĩote
dia muito bom.,arangaturam-eté
"e aquelas mulheres não resistem, lutando contra eles?",A'epe a'e kunhã n'onherani i momarana?
veja bem à sua frente para que não se perca no caminho do céu,Esepîá-katu nde renonderama ybaka pîarype nde ropare'ymamo
você chegou perto deles?,Mbype erebasẽ i xupé?
"amando os homens, nós nos preocupamos com eles",Apŷaba raûsupa nhẽ oré putupá sesé
me vingo deles,Aîeepyk anhẽ sesé
a cobra perde sua própria vida quando pisam em sua cabeça,Mboîa o ekobé reîari o akanga patukasagûerype
não sentimos cansaço,N'îaîandubi kane'õ
"morro falsamente, isto é, desmaio, desfaleço",Amanõ-aíb
o prendi a uma pedra,Aîmoín itá resé
quem aqui mostra a cara?,Abápe ké sobasẽ?
"vem para espantar o diabo, para que não me prejudique","Îori anhanga mondyîa, ta xe momoxy umẽ"
honrando-te com ele,I ndibé nde moetébo
ocupa-te de mim,Xe pûaî îepé
meu filho que gerei,xe ra'yra xe remimonhanga
vou como catador de pedras,Asó itá piaramo
"com uma lança, espetaram o seu flanco, fazendo com que imediatamente dele saíssem água e sangue",Minusu pupé iî yké kutuki aûnhenhẽ 'y sugûy abé i xuí i 'ẽaûama
"o cauim transbordante nas igaçabas, depois disso, os atrai","Ygasápe kaûĩ-tuîa, a'e ré, îamomotá"
roda de madeira,ybyrá-babaka
"certamente, os tropeços da nossa caminhada são muito incômodos quando a lua está escura.","Iîabaíb-eté nhẽ rakó îasy putuneme, asé atá mysakanga"
seus discípulos viram a vinda dele?,Osepîakype i boîá tura?
"dito isso, eu não sou indiferente","Aîpó gûi'îabo, n'akyî ixé"
sofrerão algo se estiverem ali?,Oîporarápe mba'e amõ a'epe oîkóbone?
açoitei o irmão dele,Aîtyby-nupã
refletindo sobre suas maldades,onheangerekóbo o angaîpagûera resé
ei!,ne'ĩ ne'ĩ!
querendo revirar minha casa,Xe roka pobu-potá
"boquitorto, homem de boca torta",abaîuru-apẽ
sobre o que conversamos?,Ma'e resé îandé mongetáû?
eu sou circuncidado,Xe api'a
você colocou a mão nas partes erógenas do seu companheiro?,Erepo'ẽpe nde rapixara rapupé resé?
estou desanimado,Xe akangûyr
"vou te sapecar, vou te assar","Oroapek, oroesyne"
"o que nossos avós quiseram ver, sem resultado, veio mesmo",Îandé ramỹîa remiepîá-potá tenhẽ our é
a que é alforriada,i mokunhãmbyra
eu estou opilado,Xe apong
"esses estão implícitos naqueles que dizem ""como?""",Marã e'iba'e pupépe aîpoba'e ruî?
a noite inteira ele não dormiu para ficar perturbando os índios!,"Pysaré kó i kere'ymi, apŷaba pobu-pobu!"
se tivesse ido hoje,Kori meémo asó
está molestando as pessoas e confundindo as aldeias,Oporomoaîu oîkóbo taba moapaîugûá-îugûabo
"ao me aproximar da morte, farei sair meus pecados antigos e grandes","Te'õ rerobyka é, xe angaîpá-tubixagûera amosẽne"
minha ida não deu certo.,I rambûer xe só
de madrugada,ka'amutumo
temos coisas em comum,Îarekó o îomba'e
levando outra semelhante a ela,Sapixara rerasóbono
seus atos recentes,nde rekó-pysasu
"levou sua mãe e seus discípulos ao cume do monte chamado ""das oliveiras""",Ybytyra Olivete seryba'e apyra 'arybo o sy o boîá rerasóû
o lugar onde estará seu filho,nde membyra rendaûama
você fez incisões em seu filho quando a lua começou a aparecer?,Eresaírype nde ra'yra îasy semypyreme?
você ficou quebrando a cabeça de seu filho antes de abortá-lo?,Ereîakangá-ngápe nde membyra i akyrar-y îanondé?
fiz-o emergir comigo,Arobur
chumbada do anzol,pindá posyîtaba
"sua lembrança das coisas estava longe, enquanto você conversava consigo mesmo?","Oîkó kûepe mba'e resé nde ma'enduara, enhemongetábo ekupa?"
ele mesmo,Ixé aé - Eu mesmo A'e aé
abra a porta da sua casa,Esokendabok nde roka
por que seria? por que razão haveria?,marãpemo?
"todos cercaram nosso senhor, aproximando-se dele",Opá Îandé Îara moîari sesé osyka
o bispo pôr o óleo sagrado em nossa testa,Asé sybápe abaregûasu nhandy-karaíba nonga
devolveu o seu pagamento aos príncipes,Oîme'eng-îeby sepypûera morubixabetá supé
honra teu pai e tua mãe,Eîmoeté nde ruba nde sy abé
osso de tembetá,metara kanga
aquele outro,akó amõaé
a aldeia está assentada de comprido,Opukubo taba reni
"assaram-no sobre grelhas de moquear, de ferro",Moka'ẽ itá îurá 'arybo sesyri
"por outro lado, o próprio mar será mais terrível do que costuma ser, e as ondas farão grande estrondo",Kokoty paranã aé rame'ĩ o abaetéramo erimba'e gûekoagûera sosé yapenunga ryapugûasuramo
"margem de rio, praia, orla de mar ou rio",y-embe'yba
"ainda que os libertes, eu os retirarei da tua mão","Ereîpysyrõ îepéne, nde pó suí anosẽne"
as igaçabas estão sempre cheias,Tynysẽ memẽ ygasaba
"mas sempre, com certeza, querem o bem de suas almas, guiando-as","Memẽ-te, nipó, pe 'anga amotá, i pokoka"
"o diabo sempre nos toma a dianteira, ameaçando-nos","Îandé rokesỹ memẽ Anhanga, îandé momboîa"
ficaram provocando ferimentos em todo o seu corpo?,Seté îakatupe ybŷá i moperé-perebi?
que não esteja pelas casas para afrouxar nossas almas,T'oîkó umẽ oka rupi oré 'anga monguébo
você não sabe que deus lançou neste mundo também tudo o que a gente costuma sofrer?,Nd'ereîkuabype Tupã opakatu ikó 'ara pupé îandé remimborará-tyba abé seîtykagûera?
eu estou feliz pela sua ida,Xe roryb nde só resé
rodeei-o,Anhaman
por acaso todos os que estavam ali começaram a injuriá-lo?,Opabenhẽ serã erimba'e a'epe tekoara iî a'o-îa'oû?
"transgride também o homem aquela palavra de deus, invocando para seu próximo, bem em seu coração, o diabo, a morte ou jurupari?",Oîaby bépe abá aîpó Tupã nhe'enga o py'ape-katu o apixara supé Anhanga koîpó te'õ koîpó Îurupari rekyîa?
"fazemos oferendas às sepulturas, colocando algumas coisas",Îatyby-poî ma'e amõ nonga
"ao fustigar o sol a terra, vim","Ara yby sokeme, xe ruri"
como as coisas andam devagar,A'é umanĩ mba'e gûabo
você envergonhou à toa sua esposa?,Ereîmomara'a tenhẽpe nde remirekó?
quanto foi o pagamento?,Mbobype sepy?
os cristãos não eram muitos,Karaíba na setáî
"meus guardiões se oporão a vocês, como de costume",Xe rarõana opoapypyk îandune
"tenhamos, de fato, as coisas boas, apartando-as do que é mau",Îarekó é rakó mba'e-katu i poxyba'e suí i mouruébo
apenas uma vez,oîepé nhõngatu
"ó meu filhinho, em um momento você desapareceu de mim!","Xe membyrĩ mã, korite'ĩ-aíb-eté erekanhem xe suí"
a bem-aventurança é para quem não agride,Tekokatueté rerekoara onherane'ymba'e
eu sou fedorento,Xe nem
pegou-se fortemente sua roupa com a qual ele foi castigado por o ferirem?,Oîaratã serã i aoba i nupãsagûera i moperé-perebagûera resé?
expulsem-nos de suas almas.,pe 'anga suí i mondóû
não há como contá-los,N'i papasabi
entreouvi suas palavras,Asendub-aíb nde nhe'enga
invocando o anhangá ou a morte ou o jurupari,Anhanga koîpó te'õ koîpó Îurupari rekyîa
"você se entregou a imaginar, em seu sono, que um homem fazia sexo com você?",Erenhemoaûîépe nde kerype nde resé abá rekó mo'angeme?
faço estalar as mãos,Aîepó-mopiririk
vou arrancar lenha,Asó îepe'abá
dizendo que um canto de pássaro ou um urro de onça são agouros,Gûyrá koîpó îagûara nhe'enga supé morangygûana o'îabo
parece que sei,Aîkugûab-arõan
passagem costumeira de rio,Y-asapá-tyba
"levaram-no para um certo palácio, fazendo-o entrar com eles",Ogûerasó amõ okusupe seroîkŷabo
luz das águas,y rendyîaba
os opostos desses pecados se manifestam assim,Aîpó tekoangaîpaba robaîara nã e'i
confesse bem a nós que você é o filho de deus,Eîmombe'u-katu Tupã ra'yramo nde rekó orébe
de que parte? de que lado?,marãngoty suí?
quem tem relações sexuais com uma solteira transgride muito a palavra de deus,Mene'yma resé oîkoba'e oîaby-eté Tupã nhe'enga
"como um cão, me atacou",Îagûara rame'ĩ xe repenhani
eu sou um fujão,Xe îababixûer
afago-lhe a cabeça,Aî'apixyb
milho com que se faz pão,abati-tinga
"eis meus chifrões, meus dentes","Kó xe 'akusu, xe rãnha"
compadece de minha alma,Eporeaûsubok xe 'anga
estão queimando para sempre como pena por dizerem isso apenas em suas bocas,Okaî oupa aûîeramanhẽ o îurupe nhote aîpó o 'eagûera repyramo
não querendo repetir o pecado que ele detestava,O angaîpagûera o emieroŷrõagûera reroîeby-potare'yma
alguma cobra grande me engolirá por aí?,Xe mokõ kûepe mboîusu amõne
agradando-se com o que o hospeda,O apysykamo o momytasara ri
"foi, porventura?",Osó ruã-tepe é?
a descida dele,serogûeîypaba
fiz desaparecer todo o meu entendimento,Xe tekokuaba opá amokanhem
"na ponta, no cabo da rede",apy anhãî
que se lembre bem de que deus branqueou sua alma,T'onhemoma'enduá-katu Tupã o 'anga momorotingûera resé
o cauim está apenas pela metade da vasilha,Kamusi ku'a rupi nhote kaûĩ reni
os farei voar comigo,Arobebéne
"tendo inveja do seu próximo por ter coisas boas, entristecendo-se por isso","O apixara mba'e-katu rerekó moasŷabo, sesé onhemoangekoaípa"
"para nos honrar, os índios fazem festa",Îandé moetébo apŷaba nhemosaraî
"ah, somente eu, na verdade, sofrerei isto!",Xe nhõngatueté koba'e aîporaráne mã!
estou indo,Asó ã
deixei minha casa ontem,Aseîá kûesé xe roka
"sendo assim como é, vocês também não reconhecem que serão enterrados?",Aîpó e'ymetépe peẽ bé ybŷa pe tymagûama na peîkuabi?
não os temos desde os nossos avós,- Marãpe pe rubixabetae'ym? - Nd'oroerekóî nhẽ oré ramuîa abé - Por que vós não tendes muitos reis?
o que tem lábio grande,sembegûasuba'e
"vão, oco de alguma coisa; o vazio no interior de algo",apyterybỹîa
ir para a guerra,marãmonhangápe só
perdendo o entendimento por causa da bebedeira,Sabeypora suí 'ara mokanhema
esfreguei-o com sabão.,Itayîuîa pupé aîkytyk
fiz-o enriquecer,Aîmomba'e
"antes dessas mortes, um certo homem muito mau, chamado anticristo, virá, exaltando-se",Aîpó te'õ îanondé irã amõ abá-angaîpabeté Anti-Cristo seryba'e ruri onhemoetébo
a gente é parecida com a criança que não tem pecado?,Pitanga i angaîpabe'ymba'e rapixaramo nhẽpe asé rekóû?
faço-a soar,Aîmimby
"ninguém pode se casar com um neto, uma neta ou outro descendente",O emiminõ koîpó o emiarirõ amõ îeapyká resé nd'e'ikatuî abá omendá
"aproximando-me da morte, farei sair meus antigos e grandes pecados","Te'õ rerobyka é, xe angaîpá-tubixagûera amosẽne"
um frio que faz as pessoas tremerem muito,Ro'y oporomoryryîeteba'e
ó coisa fedorenta!,Mba'enem-y îu!
"eu estou roxo, furta-cor",Xe roby-kanugûá
é natural dele,Sekoaba nhẽ
ela é muito boa porque tem muita virtude,"I angaturãngatueté, tekokatu o esemõneme"
"— quem é você? — sarauaia, antigo adversário dos franceses","-Abápe nde? -Saraûaîa, aîuruîubupîarûera"
sua lei pôs ordem em nossa antiga vida má,Sekó omongaturõ îandé rekó-poxypûera
"por isso mesmo, deus rejeitou você; desde então o fogo queima você para sempre.","Nd'e'i te'e Tupã nde pe'abo, a'epûerype tatá aûîerama nde rapŷabo"
"você desvirginou alguma menina, perfurando-a?","Ereîmombukype kunhataĩ amõ, i mokûá?"
então era costume dar nome às pessoas,Ã tekó a'ereme moreroka
o que será que a gente detestará?,Mba'epe asé ogûeroŷrõ ra'ene?
ele é muito bom,I katu-pyryb
aparei as pontas deles,Aîapyr-etab
preparem-se!,Peîemosako'i!
não tem limite nem fim,"N'i sykabi, n'i papabi"
outro dia eu o contarei,T'aîmombe'u é îrã
comer um ao outro,îo'u
"somente desejando-a, tocando-a também","I potá nhote, sesé opokoka abé"
tremeram depois de matarem você,Oryryî nde îuká ré
você trouxe muitas coisas?,Ereruretá serã?
"parida, mulher que deu à luz",membyrasara
"aquela que ingere uma poção, com a intenção de matar seu feto",O puru'a îuká-potá mosanga o'uba'e
"sim, aqui estão também minhas garras","Îé, kó bé xe pûãpẽ"
me levanto,Abyr
chegamos sucessivamente,Orosy-syk
"ainda bem que não fui, pois",Aûîeté pakó xe soe'ymi é
saiu para o pátio,Osem okarype
estando como criança dentro de suas entranhas,Nde ybỹîa pupé pitangamo oúpa
que alegremos a maria,Maria t'îambory
eu sou alto,Xe puku
"somente estas, na verdade, eu retirei dos malditos","Kó nhõ anosẽ, îepé, moxy suí"
envolvendo seu rosto com véus,Aobybĩ pupé sobá ubana
ele foi para a coutada do rei para cortar madeira,Morubixaba ybyragûype ahẽ sóû ybyrá 'apa
lacei a perna dele,Asetymã-maman
eu tenho as orelhas cortadas,Xe nambi-asyk
eu tenho penduricalhos,Xe renembaî
deve ter vindo agora,Our ipó ko'yté
eis que faço com que as pessoas estejam sempre na bebedeira.,Ixé kó ka'u resé aporomoingó îepi
não me expulse,Xe pe'a umẽ îepé
imediatamente começaram a gritar,Aûnhenhẽ sasẽ-sasemamo
o cubro,Aîaob
a criança está deitada ao lado de sua mãe,O sy posé pitanga ruî
vem nos arrancar o visgo,Eîori oré mongoka
"o que está morto, o que deve ser morto, o morto",i îukapyra
ainda o faço,A'é byter i monhanga
indo eu à noite,putũ gûixóbo
"embora ela não agisse velhacamente, você bateu com o pau na sua esposa","Marani n'oîkóî îepé, ereropûar ybyrá nde remirekó resé!"
vou te dar ovas de peixe em retribuição,"T'ame'ẽne pirá ruba endébo, ûiîepyme'enga"
nomeia tudo,Esenõî mbá
não é longe,N'apûéî
"cabeleira, peruca",agûera
foi agora pela primeira vez,Aramõ
vou para fora,Asó kûeîpe
vou contar os pecados deles,T'aîpapáne i angaîpaba
meu senhor pregado sobre a cruz,Krusá sosé nhẽ xe îara moîá
alimentei-o de forma ríspida,Aîopoî-îeaseî
não ouço suas palavras,N'asendubi nde nhe'enga
põe roupa branca em nós,Aó-tinga onong asé resé
lançando fora a sujeira da minha alma,Xe 'anga ky'a reîtyka
"neste dia em que o honramos, os judeus agiram em conjunto: atiraram pedras em santo estêvão, quebrando-lhe a cabeça","Kó 'ara îamoeté I pupé îudeus itá reropotyrõû, Santo Estevão apîá-apîábo, i akanga kábo"
"enfim, depois de se vingarem, me obedeceram","Rumby oîeepyka, xe rapîá"
apenas o terror ao nome da mãe de deus não me matou,Sãî xe îukae'ymi Tupã sy rera abaîté
vou mesmo te castigar,A'e tenhẽ nde nupãmone
você vomitou cauim quando se encheu?,Ereîmoîebyrype kaûĩ nde poesemõneme?
não houve sangue no seu parto,N'i tybi tugûy nde membyrasápe
que você esteja prostrado no lugar onde se infligem sofrimentos,T'ereîub moreaûsuba monhangápe
homem soberbo,abá-poroîukaíba
para quem a gente reza?,Abá supépe asé îeruréû?
"vamos assaltá-la, atacando pelas costas a mãe de deus","Îasó sesé îapu'ama, Tupana sy kupe'apa"
"ai, quem me dera ir com ele hoje!",Asó temõ kori ahẽ irũmo mã!
moro com pedro,Aîkó Pero irũnamo
vou obedecê-lo bem,Asapîakatupe ká
confiam em mim,Xe resé oîerobîá
"são joão, quando estava no ventre, ficou saltando.","São João pitangĩ, tygépe o endápe opor-oporĩ"
"conforme seu próprio pedido, o pregaram na cruz","Cruz resé i moîari, i îeruresabo é"
o que lhes dá a virtude,i xupé tekokatu me'engara
você ergueu jesus em seus braços,"Endé, nde îybápe, Îesu eresupi"
eu dou à luz,Xe membyrar
que ele deseje muito a lei de deus,T'oî'useî-katu Tupã rekó
"mas foi, por acaso?",Osó ruã-tepe é?
"na casa de quem você passou, tomando-as, antes de se esconder?","Abá rokype erekûá, tá, nhemim-y îanondé?"
eu sou velho,Xe ymûan
"o que está preso em ferros, o que está amarrado pelos pés",i pukusãmoinymbyra
a poeira dos pés arranca sempre de minha casa a tua pousada,"Eîpytybyrok xe roka, nde pytasaba îepi"
que habitante do mundo há como você?,Abápe 'ara pora oîkó nde îabé?
"que disse deus, ao ver seu frouxo pudor?",Marã e'ipe Tupã i tĩîeraba repîaka?
que vocês sejam futuramente os que terão a verdadeira felicidade na nossa terra prometida,Ta peîkó irã mba'ekatu-eté rerekoaramo îandé retãme'engápe
vou ver seu rosto,T'asepîáne nde robá
eu o encurtei,Aîapûapyk
não querendo prolongar muito a falta de sua confissão,o nhemombe'ue'yma mopa'ũ-muku potare'yma
"lourenço tostado amarrou minhas mãos, queimando-me, oprimindo-me","Rorẽ-ka'ẽ xe popûá, xe rapŷabo, xe apypyka"
homem fugitivo,abá-kanhema
nós estamos juntos,Oré apûanã
ela requeima,Taî
"daqui, talvez, passou para a índia, terra dos indianos",Ké suí serã i asabi India tapyîtinga retãme
temos algum remédio para nos curarmos?,Îarekópe mosanga amõ îandé pûerasabamo?
o oposto da ira é a paciência,Nhemoŷrõ robaîara tosanga
"quando você veio, eu já o tinha matado",Nde rureme aîuká umûan
tendo alegria,Toryba rerekóbo
vou comer hoje seus braços,T'a'u kori i îybapûera
o feri,Aîkutuk
"eis que nos vence a todos, como também já venceu os antepassados",Opá ã îandé moaûîéû tamyîpagûama moaûîé ymã îabé bé
asse para mim o lourenço tostado,Xe resy Lorẽ-ka'ẽ
planejando maldades,tekomemûã momboîa
"o que é aumentado, multiplicado, etc",irumõmbyra
eu não tenho anzol,Na xe pindáî
pano de linho,ybyraoba
olhando detidamente para alguma mulher que já foi casada,Mendarûera amõ resé enhemosapysóbo
matam,Îaîuká
afligiu-se por sua ida ter sido frustrada,O sorambûera resé sekotebẽû
o vi em meus sonhos,Xe posaûsupe asepîak
a que mata seu marido,o mena îukasara
não estaremos mais aflitos,Nd'oroîkotebẽ béî xóne
eu espirro,Xe atîam
fiz oferenda ao pajé,Anhetanong paîé resé
princípio da compaixão,moroaûsubara 'yba
"que rezem por mim a deus como retribuição por eu os amar, por eu os honrar","T'otupã-mongetá xe resé ixé o aûsuba, ixé o moeté repyramo"
eu próprio morro,Amanõ teé
"se você tivesse vindo, eu já o teria matado","Nde rurememo, aîuká umûãmo"
ninguém pode casar com seu próprio irmão.,O kybyra resé nd'e'ikatuî abá omendá
"ele é veloz como uma onça, seguindo nosso rastro","I ara'a îagûara îá, îandé rakypûemboú"
coloquei entradas nele,Aî'atybakã-moín
"irra, gambá!","Erĩ, sarigûeîa é!"
este dia nos foi dado,Kó 'ara oîme'eng îandébe
estejamos unidos.,Oîepegûasu t'îaîkó
calcei os sapatos,Aîepyapasá-mondeb
alimento muitos,Aîopoîusu
eis que não obedeço ao meu pai verdadeiro,N'asapîari kó xe rubeté
veio também a sua panela para que os cozinhe diante de mim,"Oú bé senha'ẽpepó, t'omoîy xe renondé"
você jejuou por causa da primeira menstruação da sua filha?,Ereîekuakupe nde raîyra nhemondy'ara resé?
teu coração alegrou-se ao chegarem os reis buscando seu senhor,"O îara reká, reîá mbasembápe sory nde py'a"
nós nos igualamos uns aos outros,Oronhomoîoîá
os que andam pelo caminho,pé rupi ogûataba'e
não me mexo,N'amyĩ
você teve relações sexuais com algum sodomita?,Ereîkópe tebira amõ resé?
eu sou magro,Xe angaîbor
o fulano resvalou em mim com a espada,Xe apan ahẽ itaingapema pupé
estou como mensageiro,Paresaramo aîkó
jesus fez você subir.,Îesu nde rupiri
empobrecendo os indígenas,apŷaba mondyabó
nós estamos amontoados,Oré atyr
"em um pano branco, por nossa causa, ficou a imagem de seu rosto",Aó-tinga pupé asé resé sobá ra'anga rari
fiz minas,Aîekûarybykoî
"você se preocupou em fazer com que seu filho, os que estão em sua casa, seus vizinhos ouvissem a missa desde o começo?","Erenhemosaînanype nde ra'yra, nde roka pora nde rambyagûá missa iî ypyrungápe sendubagûama ri?"
"e o que, torpemente, tem relações sexuais com sua parente verdadeira?",A'epe o mũeté resé oîkopoxyba'e?
"você não poderá doravante juntar-se à sua esposa, porque isso é um procedimento muitíssimo inconveniente","Nd'erékatuî xûé angiré nde remirekó rerobyka, ã tekó-abaíbeté-katureme"
sentindo dor por suas queimaduras,O kaîa moasŷabo
você urdiu mentiras contra alguém?,Eresekyîpe îuraragûaîa abá supé?
então também as almas de todos os que morreram virão quando forem chamadas,A'ereme bé opá omanõba'epûera 'angûera ruri o enõîndápe
eu não tenho sapatos,Na xe pyapasabi
"dizendo maldades à toa sobre alguém, dando-lhe má fama.","Abá supé marã o'îabo tenhẽ, i moerapûana"
fez suas almas e seus corpos,I 'anga seté monhangi
eu sou mandão,Xe poropûaîxûer
nós morrendo,Oromanõmo
"por isso mesmo, amando-a, não a deixou carecer de nenhuma virtude",Nd'e'i te'e tekokatu amõ resé i mopaneme'ymi saûsupa
este sonho é a maneira de reconhecer que ela é o que eu quero,Kó mosaûsuba xe remimotaramo sekó kuapaba
essa mãe de deus também nos maltrata,Oîoîá kó Tupã sy îandé rerekomemûã
ergui a espinhela,Aîpusu'ã-mogûyr
pescaria com puçá-guaçu,pysagûasu-eîtykaba
minha presa,xe pu'amagûera
os que põem armadilhas bem nos caminhos das fontes,nhãîmbiara pupé-katu oîekotyrungyba'e
"foi por vontade dele que ele se entregou aos seus adversários, sem resistir?",O emimotarybo épe erimba'e i nheme'engi og upîarama pé onherane'yma?
"portanto, eu te prendo!","Irõ, oropokosub!"
fazem o mal igualmente,Oîoîá marã sekóû
traga os habitantes do paraíba para aumentar nossa terra,Eru Paraibygûara oré retama irumõmo
não encontro absolutamente nenhum ato passado deste homem no mal,N'abasẽ-mirĩ-angáî marãbirĩ ikó abá rekopûera amõ supé
após derramá-la no recipiente do qual ela bebe ou em alguma casca de coco,I gûaburu koîpó inaîagûasu apepûera amõ pupé i nhang'iré
nós estamos morrendo,Îamanõmo
não cessarão de dizer maldades,Marã 'é n'opyki xóne
eis que ele vem,Aîpó turi
perdendo o entendimento por causa de sua bebedeira,Sabeypora suí 'ara mokanhema
"veja, ele sempre vai",Osó memẽ n'akó îepi
"por serem ignorantes, simplesmente me tratam assim",O tekokuabe'ymamo nhẽ emonã xe rerekóû
aqui estamos nos alegrando para festejar seu dia,Kó oroîkó oronhemborypa nde 'ara momorangápe
"batendo sem motivo na sua esposa, tratando-a sempre como um objeto maldito de pancadas","Nde remirekó resé epûá tenhẽmo, mûasá-mbururamo serekóbo îepi"
experimentemos a força dos homens conosco,T'isa'ang apŷaba marã îandé irũ
levou-o com suas ataduras,I popûasaba resebé serasóû
"sou fleumático, sou vagaroso",Xe mbegûé
reunindo seus ossos no chamado vale de josafat,I kangûera reŷnhanga ybytygûaîa Îosaphat 'îápe
um pouquinho mais,pyrybĩ
acelerei o passo,Aîmoatã xe rapupa'ũ
digo que não,Aan a'é ipó ixé re'a
eu sou mais do que você,Nde sosé ixé
peneirei a farinha,Au'i-mogûab
eles levam gente para as armadilhas,Mundépe i porerasóû
qual é a causa da sujeira da nossa alma?,Mba'epe asé 'anga ky'asabamo?
"para acalmar aquele, assim como nós, ele se fez homem verdadeiro",A'epûera nongatûabo é îandé îabé apŷabetéramo i nhemonhangi erimba'e
selo-o,Asendamoín
aqui está o meu arco,Kobé xe îurupara
"que deus me livre de meus inimigos, em toda parte, nas minhas dificuldades",Ta xe pysyrõ Tupã xe sumarã suí kûepe marã xe rekoápe
"como a gente faz à tarde, antes de dormir?","Marãpe asé rekóû karukeme, o ker-y îanondé?"
"lembre-se já de seus destinos últimos, do fim de suas coisas","Nde ma'enduar nde rekosykagûama, nde rekó pabagûama resé rá"
"a gente os tem, cada um o seu próprio?",O îabi'õpe asé serekóû?
sou semelhante aos selvagens.,Xe rapixá saraûaîa
fez-o bem à sua semelhança?,Gûupi-katupe i monhangi?
que você nos dê seu belo filho,Nde t'ereîme'eng orébo nde membyporanga
dando a ele alguma coisa semelhante a si,I xupé o apixara amõ me'enga
você quer sair em vão debaixo de nossas mãos?,Eresẽ-potá tenhẽ oré pó gûyra suí
"vieram para consolá-lo, confortando-o","Our i moapysyka, i motagaypa"
"o que delata, o delator",kuaukasara
o virei ao contrário,Arobak
chegando com sua ferocidade,o nharõ rerobasema
a união com a nossa carne,îandé ro'o resé îese'aragûera
"beijou suas faces, tocando-o também?","Osetobapé-pytépe erimba'e, sesé obyka bé?"
mostrem bem o que é essa santíssima trindade,Peîmoîekuakatu aîpó Santíssima Trindade rekó
"o menino belo está deitado, suportando o choro","Îase'o porarasápe, kunumĩ-poranga ruî"
cortei-lhe a garganta,Aîaseó-mondok
eu sou amarelo,I îub - Ele é amarelo Xe îub
dou a ele os filhos de pedro,Aîta'y-me'eng Pedro
com quais mulheres um homem não se casará?,Umãba'e kunhã resépe abá nd'omendari xûéne?
você aceitou as palavras deles?,Ereîmorype i nhe'enga?
a mudei.,Aseyî
nasci,Anhemonhang
"ah, é muito bonito o menino que poderia ser um escravinho!","I porangeté kunumĩ, miaûsubambûerĩ mã!"
"os diabos sempre atam as mãos quando querem, em vocês, suas presas",Memẽ anhanga popûari pe ri sembiá-potasápe
colar de ouro,itaîu-po'yra
você teve palavras muito resmungonas?,Nde nhe'ẽ-kuru-kurukype?
este santo faz com que aquele que lhe roga recupere suas coisas perdidas,Kó santo o mongetasara oîmoîekosub i mba'e i kanhembyra
eu estou inchado,Xe susu'a
aqui estamos nos alegrando para festejar o seu dia,Kó oroîkó oronhemborypa nde 'ara momorangápe
eis que enfim chega meu pai,Rumby xe ruba obasema
há muitas coisas que impedem os casamentos,Setá mba'e mendara moabaipaba
assim vamos nos acariciar?,Nã takó îomomoranga re'a?
para onde a multidão numerosíssima levou nosso senhor da casa de caifás após o amanhecer?,Mamõpe erimba'e te'yî-katupabẽ Îandé Îara rerasóû Kaiphás roka suí ko'em'iré?
eis que vou,Asó ikó
"derrame suas lágrimas, lamentando a vergonha de sua alma","Eîmo'ẽ nde resa'y, nde 'anga i momara'aragûera rapirõmo"
agora mesmo quero matar as suas almas,Ko'yr é i 'anga aîuká-potá
entro na igreja só de vez em quando,Aîké-pa'ũpa'ũ nhote Tupãokype
sofrem a dor de não ver a deus,Oîporará Tupã repîake'yma rasy
sob a areia branca,ybyku'i-tinga gûyri
morrendo na cruz,Ybyrá pupé omanõmo
por que a gente reconhece mais o dia dos santos?,Mba'erama ri bépe asé santos 'ara kuabi?
você os achou por perto?,Mbype erebasẽ i xupé?
qual é o teu nome de batismo que o padre pôs?,Marãpe nde rerokaba abaré reminongûera?
comunhão a cada páscoa,Páscoa îabi'õ tupãrara
vomitei,Agûe'en
"tornaste pajé, fazendo sucções?",Erenhemopaîépe eposubana?
"se você fica longamente lamentando seus amigos ou seus parentes, por que não quer chorar nem um pouco por causa dos seus antigos pecados?",Kype rakó ereín nde raûsupara koîpó nde mũ rapirõmo marãpe nde rekoangaîpagûera resé é nd'ereîase'o-mirĩngatutenhẽ-motari?
me frustrei,Xe rambûer
"esse é meu antigo enforcador, querendo me enforcar novamente!",Akó xe îubykarûera xe îubyk benhẽ potá!
você trouxe algumas facas de ferro?,Ererupe itá kysé amõ?
elas são grandes?,Turusupe?
sou eu quem tem jeito para ele,Iî arõana ixé
vem me alimentar bem,Eîori xe poîkatûabo
fiz uma enfiada de peixes,Aîmoapytam pirá
"eram muitos, de modo que se revezavam nisso, ficando cansados","Setá, sesé oîopuru-purûabo o kane'õ-ne'õnamo"
o que tem seu próprio nome,ogûer-y îara
o que é temido,iî abaeteba'e
estou com um terçol,Xe ropepirekó
seus matadores as repartiram entre si,I îukasarama oîmoîa'ok o îoupé
"meu nome de meninice, meu nome de infância",xe kunumĩ-era
"eu, o diabão assado, o que tem nome guaixará, o que é afamado por aí","Xe, anhangusu-mixyra, Gûaîxará seryba'e, kûepe i moerapûanymbyra"
me esforço muito,Anhemoatãngatu
veem-se os cadáveres daqueles que mantêm sua incorruptibilidade,Sepîakypyra niã aîpoba'e re'õmbûera o marane'yma rerekó
caminhei o dia todo,Agûatá ko'arapukuî
"que esse meu sofrimento futuro se frustre, que eu o faça passar","T'i rambûer iã xe remimborarama, t'amongûabyne"
estava atravessado na rede,Asasab pé gûitupa - Estava atravessado no caminho Aînĩ-asab
serão bons daqui em diante,"I angaturam, ko'yré"
"dois e dois, no total",mokõ-mokõî syk
não dando ao seu dono a coisa sumida que ele achou,Mba'e-kanhema o basemagûera i îara supé i me'enge'yma
onde a gente se reunirá?,Umãmepe asé nheŷnhangi-ne?
"creio em deus pai, que pode fazer todas e quaisquer coisas","Arobîar Tupã Tuba, opakatu mba'e tetiruã monhanga e'ikatuba'e"
eu tenho muito pitiú,Xe pyti'ugûasu
tomando poções para não conceber uma criança,Pitanga nhemonhanga suí oîeposanõ-sanonga
antigamente pescava bem os peixes,"Akûeîme, rakó, pirá asekyî-marangatu"
vou tirar-lhe as dificuldades,T'aîabaíbokyne
por que a gente também a assinala em sua boca?,Marãnamope asé o îurupe sa'angino?
vamos logo!,"Ene'ĩ, t'îasó taûîé!"
amarrei-lhe as pernas.,Aîkupyîurar
futuro marido,menama
meu quinhão é você!,Xe potaba nde!
ele será seu espião!,Nde manhanamo t'oîkóne!
meus pecados não são muitos,Na setáî xe angaîpaba
"após fazer com que são joão batista, seu primo, o batizasse",São João Batista o i'yra pé onhemoîasuk-ukar'iré
você andou pelos caminhos de fontes com mulheres?,Eregûatápe nhaîmbiara rupi kunhã resé?
você invocou a deus em vão ao mentir?,Eresenõî tenhẽpe Tupã nde îuraragûaîtápe?
já veio,Our ugûan
aquele que será morto,miîukarama
você tolerou o desejo sensual em sua direção?,Eresepîakĩpe îopotara nde kotype?
o fogo dele abrasou sua alma,Nde 'anga osapy satá
eu o aqueço,Aîopé
quando virá?,Moîrãpe turine?
curral de vacas,tapi'irokaîa
mas quando é que a gente se benzerá?,Marãneme-tepe asé îobasabine?
vamos chorar sempre,T'oroîase'o memẽ
eu o ameaço muito,Aîmomboî-katu
néle os judeus se juntaram para atirar pedras em santo estêvão,I pupé Îudeus nheŷnhangi Santo Estêvão apîá-apîábo
"tempo, lugar, modo, etc., de aparar, de rapar, etc.",pindaba
enxada de ferro,itá-syra
"que conheça o caminho do céu, obra de deus","T'oîkuab ybaka piara, Tupana remimonhanga"
os pássaros eram relativamente poucos,Gûyrá setapokang
não me afasto deles,Ixé n'aîeîyî i xuí
na ponta da flecha,u'uba anhãî
será que todo o seu intestino caiu pela fenda da sua cintura?,Opakatu serã sygeapûá-kuîamo i ku'a sorokaba rupi?
prenseiro: o que prensa,pokasara
"conversemos em voz baixa, para que os índios não o percebam","Mbegûé îaîomongetá, t'onhandu umẽ abá"
estou muito melancólico,Xe pytubarusu
"pronto, meu senhor, voei","Irõ, xe îar, abebé"
pão que traz a vida aos amigos de deus,Miapé tekobé îara Tupã raûsupara pé
mulher de baixa estatura,kunhã-mirĩ
tenho-o como meu par de dança,Xe andaramo arekó
dois ladrões.,mokõî mondabora
você se preocupou em que seus vizinhos ouvissem a missa quando ela começasse?,Erenhemosaînanype nde rambyagûá missa iîypyrungápe sendubagûama ri?
"não durmo a noite toda, absolutamente",Pysaré n'aker-angáî
e os judeus não mandaram a um homem tomar aquela cruz?,Nd'ogûar-ukarype Îudeus a'e cruz abá supé?
o que fica tramando as palavras de alguém,Abá oînhe'ẽmonhã-monhangyba'e
sua nuca sendo esmurrada,I aŷpy atyká-tykábo
"quanto a esses, matarei os que costumam pecar, fazendo-os cair comigo no meu fogo","Anga îá, angaîpabora aîuká, xe ratápe sero'ane"
aquele que é cabeçudo,i akangagûaba'e
"morreu na velhice, o tuîba'e pupé te'õ kuapa - conhecendo a morte em sua velhice",Tuîba'epe se'õû
o que se masturba.,I pupukyba'e
"brigarão, se cuspirão?","Omarãmonhangype, oîoendyne?"
"quem, hoje, é como eu? irra, ninguém!","Abápe kori xe îá? Erĩ, aani!"
jazo de lado,Oykébo aîub
trazendo farpas junto com o arco,arupare'aka îurupara ndi seru
"você tocou nas suas virilhas, abrindo as pernas, masturbando-se?","Erepokokype nde rapopé resé epypekábo, eîeîukábo?"
você contou a maldade de alguém?,Ereîmombe'upe abá rekopoxŷagûera?
rocei,Aka'anupã
"o que era aquilo, mesmo?",Mba'e-takó?
eu estou amontoado,Xe rapûá
"como peregrinos, a gente mora nesta terra",Ataramo é asé rekóû ikó yby pupé
faz com que os moradores do rio se transformem,Eîmonhangukar 'ygûara
"deus vê tudo, mesmo o que está em nosso coração?",Opakatupe Tupã asé py'apendûara tiruã repîaki?
"entregando-me à morte, tu me beijas o rosto",Te'õ supé xe me'enga xe robá-pyter îepé
você trouxe sua caixa?,Ererupe nde karamemûã?
"a vida da minha alma, que perdi, será devolvida a mim.",Xe 'anga rekobepûera xe remimokanhẽûera oîmoîebyrukar ixébone
"ah, muito bem!","Erĩ, aûîé!"
que ela nos destrua para que vivamos contigo,"Orébe t'oré mondyki, nde irũmo t'oroîkobé"
"instrumento para aquecer o fogo, abano, abanador",tatá pegûaba
lamento sua partida,Aîmoasy nde só
a gente também obedece ao seu próprio chefe,Og ubixaba abé asé osapîá
eu sou o grande tamoio aimbirê,Xe tamũîusu Aîmbiré
companheiro de são sebastião,São Sebastião irũ
"vou comer hoje seus braços, jaguaruçu, suas coxas","T'a'u kori i îybapûera, Îagûarusu, i ugûera"
eis que vou,Té ixé gûixóbo
eu a estraguei,Aîmoaikatu
eu o piquei,Aîopi
vamos ver se vem!,Tera'umo ou!
aqui estou,Aín
aqueles serão os futuros habitantes do fundo do nosso fogo,Aîpó îandé ratá gûyra porama
"quem aqui dá a cara, olhando furtivamente para cá?","Abápe ké sobasẽ, kûybõ oma'ẽ-nhemima?"
"depois disso, o cauim transbordante nas igaçabas os atrai",Ygasápe kaûĩ-tuîa a'e ré îamomotá
você é sempre o nosso remédio,Nde îepi oré posanga
costumo ser mau,Xe memûã îá
pena de gavião,gûyragûasu-aba
remédio que causa a cura de nossa alma,mosanga asé 'anga mombûerasaba
"os bem-aventurados e os santos no céu, que veem a deus, ultrapassam o número dos dias que o ano tem","Marangatuba'e santos ybakype, Tupã repîakaretá, osasá 'ara ro'y remierekó papasaba"
"oh, muito bem!","Té, aûîé nipó!"
"vocês recobrarão bem o fôlego no futuro, depois que se cansarem",Ta pe putu'ẽngatuté irã pe îemokane'õ ré
converti-me em um pássaro,Anhemonhang a'eramo - Converti-me naquilo Anhemonhang gûyráramo
"mostrando-o aos judeus, querendo fazê-lo ir sem mais","Îudeus supé sepîakuká, i mondó-nhẽ-motá"
aqui estou para levar o seu ventre e também os seus pulmões para minha sogra velha,Kó aîkó sygepûera t'arasó i nhy'ãbebuîa abé xe raîxó-gûaîbĩ supé
não há nada cujos detalhes ele não conte,Nd'oîkóî mba'e amõ semiasapy-papare'yma re'a
e você confessou que as roubou?,A'epe ereîmombe'u a'e resé nde mondá?
"que suas almas caiam logo, deixando seu criador e apegando-se a nós","I 'anga t'o'a taûîé, o monhangara reîá, rõ oby'a îandé resé"
"o despiram, amarrando-lhe as mãos numa coluna de pedra","Oîaobok, itá-okytá resé i popûá"
tapei a boca dele,Aîputupyk
concluí que ele quer matar alguém,Amõ îuká-potá ûĩ sekóû a'é
coisas que costuma sofrer,mba'e o emimboraratyba
estou só,Oîepebẽ aîkó
eu tusso,Xe u'u
"de cada dez, repartir uma das nossas coisas com deus",Opá kombó îabi'õ Tupã supé oîepé asé mba'e moîa'oka
"se é terrível meter a mão neste nosso fogo, quanto mais ali","Ikó îandé ratá pupé asé po'ema biã iî abaeté, memetaé a'epe"
seu senhor,i îara
"quando chegou o oitavo dia, cortaram seu prepúcio","Oito 'ara sykeme, i 'apira mondoki"
diante de duas pessoas,Mokõî abá robaké
"graça é seu nome; eis que esta é a que deve ser chamada ""tua rainha""","Grácia sera, kó nde rainhamo senõîmbyra"
"eva, nossa primeira mãe, deixou-se atrair muito pelo belo fruto, conforme a palavra da serpente","Eva, îandé sy-ypy, onhemomotareté 'ybá-poranga resé, mboîa nhe'enga rupi"
ai! por acaso é o lourenço tostado?,Kaî! Rorẽ-ka'ẽ-piã?
"mas eu rezava sempre a deus, meu pai, propondo ser bom, lamentando meus pecados","Ixé-te, Tupã, xe ruba, aîmongetá memẽ nhẽ, xe katurama momboîa, xe angaîpaba rapirõmo"
"em vão, o padre quer fazê-la voltar para deus",E'i tenhẽ abaré Tupã resé serobaka potara'upa
vergôntea de cará,kará-embó
"tomando o diabo, o maldito fica pisando","Serubu rá, muru ri opurũ-purung"
lua nova,îasy-semamo
cria dos campos,nhũygûana
aprenda sobre a palavra de deus na qual crerá e que também cumprirá,Onhembo'e Tupã nhe'enga o emierobîarama resé o emiporama resé bé
o tenho bem na minha cintura,Xe ku'aî bé arekó
fazendo-me mudar de direção por aí,Kûeîbo nhẽ xe rerobaka
os cerquei,Aîopîar
"- o que você quer? - batata-doce, favas","-Ma'epe ereîpotar? -Îetyka, komandaûasu"
como é penoso o fogo do diabo!,Anhanga ratá îabépe satá rasyramo?
eu estou febril,Xe rakûar
flechar pessoas,moro-ybõ
hoje mesmo vamos fazê-lo sumir,Kori bé t'i mokanhẽ
pelas matas,ka'abo
"alcovitice, prostituição - não quero que ninguém as deixe","Manhana, sygûaraîy - n'aîpotari abá seîara"
cuidem bem dele hoje,Peîpysy-katu kori sesé pemaînãngatûabo
"você preenche todo o céu, o mar e a terra firme também","Opá ybaka ereîmopó, paranã, yby abé"
ferrei-o,Aîpyapasamoín
estou muito molhado.,Xe rygûasu
"ergueu-se com as feridas das suas mãos, dos seus pés e do seu flanco?","O pó, o py o yké kutukagûera bépe erimba'e ogûeropu'am?"
"faval, plantação de favas",komandagûasu-tyba
estou confuso,Xe abaíb
ela é muito larga,I popebusu
por eu comê-las todas,Xe suí i gûabo pá
"primeiramente, os padres foram até ela, anunciando a deus","I xupé, ranhẽ, abaré, Tupã mombegûabo, i xóû"
me alio a eles,Sesé nhẽ aîekotyá
um ladrão que foi preso,Abá-mondá mundeokype i mondebypyrûera
aqui estou,Kó é aîkó
você usou um homem como mulher ou um homem usou você como mulher?,Ereîmotebirype abá koîpó nde motebirype abá?
o inventei,Aîypymonhang
eu o maltrato,Arekomarã
gostei dele,Aîmomatueté
vamos separar os que assim procederam,Emonã tekoarûera îaîpe'a
"você se permitiu cobri-la, sendo sua parente?",Ereîeîopyk-ukarype nde maranungaramo?
"portanto, vim.","Emonãnamo, xe ruri"
não me faça demorar,Xe mombuku umẽ îepé
voltou a vir ao lugar onde tinha deixado seus discípulos?,Oú-îebype erimba'e o boîá reîasagûerype?
o grande chefe aimbirê,tubixá-katu Aîmbiré
"vou me confessar ainda hoje, antes que a morte me surpreenda","T'anhemombe'une kori bé, te'õ xe resapy'a e'ymebé ká"
"para fazer festa para você, minha família me fez vir",Ndebo toryba monhanga xe anama xe mbouri
falo rápido,Xe nhe'ẽ-mby'i
eu o arredondei,Aîmoamandab
eu tenho papo grande,eu tenho papo Xe aîusu
"assim, por causa de seu comportamento, os aracajás os frequentam",Emonã sekó suí arakaîá sapekóû
rio dos robalos,kamuri-'y
"coisas que se criam no mar, a fauna marítima",paranãmbora
esta aldeia está sempre transtornada,Kó taba aîpobu memẽ
"no meio do caminho, meninos me assaltaram","Pé ku'ape, kunumĩ pu'ama'ubi xe ri"
tiro-lhe a pele,Aîpirok
perguntei a pero sobre seu pai.,Aporandub Pero supé tuba resé
nos ajuntamos,Oronhemondysyk
o que é cego,sesabyba'e
"sua própria mãe o cobria, na verdade, com seu véu",I xy aé ipó opîá o akangaobĩ pupé
casando-se com alguém que não seja ele,I xuí amõ resé omendá
sou desprezível,Aîkomemûã
você veio do céu,Ybaka suí ereîur
você comeu gente?,Ereporupe?
evita ir,Eteumẽ esóbo
teriam ido embora?,Osó meémo mamõ?
e como a gente procede para amar o próximo como ama a si mesmo?,A'epe marã asé rekóû o îeaûsuba îabé-katu o apixara raûsupa?
o multiplico,Aîrumõ
meu pé está dormente,Xe py-îesyî
"logo, certamente, você passará no lugar em que moro",Koromõ ipó eregûatá xe rekoápe
homem verdadeiro como nós,apŷab-eté îandé îabé
os que devem ser honrados,i moetepyra
eu o leio,Aîmongetá
tenho você como meu filho,Orogûerekó xe ra'yramo
"o seu coração se rompeu, por amor a ele","Obok nde nhy'ã, saûsuba resé"
há muitos peixes que são gostosos?,Setápe pirá seba'e?
frequentando outras aldeias,amõ taba rapekóbo
zombei dele,Aîmoka'ẽ
algum diabo espião sempre me ameaça,Amõ anhangusu-manhana îepimemẽ xe momboî
como será que um habitante do inferno viveria neste mundo se deus o fizesse viver fora dali por um mês?,Marãeté'ĩ ra'umope amõ Anhanga ratá pora rekóû ikó 'ara pupé oîepé îasy Tupã ebanõî suí o moingobérememo?
instrumento para fender lenha,îepe'a-mobokaba
o senhor deus,Pa'i Tupã
"meu clítoris, meu tamatiá",Xe ramati'ã
mais para cá,kybõ-ngoty bé
minha comida é enjoativa,I ting xe remi'u
deus fez uma certa mulher bondosa,Tupã amõ kunhãngatu monhangi
"ah, ainda me resta alegria","Té, xe resemõ toryba"
varri os ciscos,Aytypeir
me escondo bem estando deitado aqui,Aîemĩngatu kó gûitupa
"enfim, de volta!",Irõ bé!
"você é parecido com um chamusco, ó coisa fedorenta!","-Nde rapixara pixé, mba'enem-y îu!"
"amarram-lhe as mãos firmemente, fazendo-lhe mal","Îapopûar-atã, i moangaîpapa"
"venha, mãe do meu senhor, para fazê-lo estar contigo dentro da minha alma","Eîori, xe îara sy, xe 'anga pupé serupa!"
fibras muito grossas,pó-anamusu
"por isso mesmo o maldito ataca os homens, fazendo com que a maldade das pessoas piore muito","Nd'e'i te'e moxy abá ropenhana, abá angaîpaba moîerekoaibetébo"
guardando-nos,Îandé rarõmo
o que está vestido,iî aoba'e
teus olhos misericordiosos voltem em minha direção,Nde resá-poraûsubara erobak ixé koty
"rio acima, a montante",y-apyrakoty
eu tenho as cavidades dos olhos encovadas,Xe resakûá-rorẽ
"algo cotidiano, do dia a dia",ara-îabi'õndûara
"ainda sendo criancinha, aquele nosso senhor jesus cristo era conhecedor de quaisquer coisas, como na sua idade adulta?",O pitangĩnamo bépe a'e Îandé Îara Îesu Cristo mba'e tetiruã kuaparamo sekóû o kakuaba îabé?
habitualmente me irrito,Xe îemoŷrõndûer îá
hoje mesmo os malditos queimam,Oîeí bé muru kaî
morador de pacatá,Pakataygûara
"segundo seu costume, certamente deus te perdoará, afinal",O poekûabo ipó Tupã nhyrõnamo ndebe ko'yténe
finquei-me; fiz pé firme,Aîeatyká
pelo a testa a mim mesma,Aîobabo'o
o que é de dia,arybondûara
você teve relação sexual com pessoa solteira?,Ereîkópe abá-mendare'yma resé?
"por que, quando os inimigos cercam sua terra, dia e noite, você fica preocupado com eles e não dorme?","Marãnamo-pakó tobaîara nde retama pîareme ko'arapukuî pysaré ereîkó sesé enhemosako'îabo, ekere'yma?"
eis que nos vence a todos,Opá ã îandé moaûîéû
os cravos penetram na sua alma,Oîké itapygûá nde 'anga pupé
"margem do rio, beira do mar",y-embe'yba
não querendo agir segundo a vontade de sua própria carne,Og o'o remimotara rupi oîkó-potare'yma
fazendo derramar todo o seu sangue,Og ugûy-tekatu i mo'ẽ-uká
"alguém me levou consigo, por acaso, afastando-me do meu bom caminho?","Xe reropîápe abá ri, kûepe nhẽ xe rerasóbo xe rapé-katu suí?"
"vou levar todos para o meu fogo, com seus amigos",T'arasó pá xe ratápe sembiaûsuba resebé
abri a boca e bocejei,Aîeîuru-pirar
estou muito arrepiado,Xe pita'i-ta'i
"aqui estou, não me afasto deles","Aîkobé, n'aîepe'aî i xuí"
trago muitos,Arurusu
fazendo com que as pessoas se detestem.,Abá moîoamotare'ymuká
"a gente adora, com efeito, o que é feito de barro?",Nha'uma i monhangymbyra nhẽpe asé oîmoeté?
reformei seus atos,Asekó-nongatu
eu sou melhor,Ixé xe katueté
fiz uma cerca de mourões,Aybyrá-monhang
eu sou risonho,Xe pukasûer
vou mandar fazer farinha,Asó u'i pûaîa
cera de ouvido,apysakûarygugûá
ainda estou de pé,A'ã bé
uma tormenta caiu sobre mim,O'ar yaíba ixébo
o que arde em mim.,xe irũnamo okaîba'e
eu estou animado,Xe rakubor
e a aproximação das dores de parto de uma grávida não é motivo para ter medo também?,"A'epe muruapora membyrasy kakara, na nheangûaba bé ruã?"
por causa da sua estrela guardiã,Îasytatá serekoarama resé
não vou te denunciar,Nd'oromombe'uî xóne
"pensem que, algum dia, a morte virá bater às suas portas.",Penheangerekó amõ 'ara pupé te'õ pe rokena motaka turagûama resé
"passar rápido, correr",kûab-apûan
quem foge com uma mulher contra a vontade dela não pode casar-se com ela,Kunhã reroîabapara semimotare'yma rupi nd'e'ikatuî sesé omendá
fazendo-me mudar de direção por aí,Kûeîbo nhẽ xe rerobaka
"reritiba, minha terra, venho aqui dela","Rerityba, xe retama, i xuí xe ruri ké"
"ponta de topete, pontinha aguda de cabelo que alguns têm na testa",Tetobapy-apûá
pegou o pão com as mãos,miapé rari o pópe
não trouxe nenhum para ti,Nd'aruri amõ parati
sei fazer isso,A'ekatu sesé
"perto deles, ninguém lhes dá de comer",O pyri abá n'omomba'e'uî
vocês são avarentos com ele,Pe rekate'ym sesé
eu sou arisco,Xe îeîaî
que cheguemos ao alto,Ybaté t'orobasẽ
"o que é totalmente conhecido, coisa notória por fama",i kugûabypypabẽ
"de fato, quiseste mesmo matar o bondoso são lourenço","Supi é, ereîuká-potar é São Lourenço-angaturama"
hoje surgiu para nós um dia muito bom,Arangaturameté o'a îandébo kori
onde você deixou os outros?,Umãmepe amoaé reîari?
"em dois dias e, quando chegou o terceiro, voltou a viver",Ara mokõî i momosapysaba pupé o ekobeîebyri
o que disse a mulher que guardava a porta a são pedro?,Marã e'ipe kunhã okena rerekoara S Pedro supé?
protetora dos aflitos,moreaûsuba rerekoara
você ia ali para ouvir a missa,"A'epe missa rendupa, eresó"
"estando doente de verdade, você não a ouviu, ou foi preguiçoso?",Nde mba'easyramo épe nd'eresendubi koîpó nde ate'ymamo nhẽ?
conhecendo a morte ainda na sua primeira infância,O pitangĩ pupé bé te'õ kuapa
cabelo desgrenhado,a-bebó
eu sou liberal,Xe mosakar
sou um novato,Aîkó pysasuramo
"esse é meu antigo enforcador: uma taturana, um tamanduá","Akó xe îubykarûera, tataûrana, tamandûá !"
estamos sob as suas mãos,Nde pó gûyrype oroîkó
as mexi,Aîapamonan
em que situações a gente reza para ele?,Mba'e-mba'eremepe asé îeruréû i xupé?
que habitante do mundo há como você?,Abápe 'ara pora oîkó nde îabé?
aquela lei nova me incomoda bastante,Xe moaîu-marangatu aîpó tekó-pysasu
não de outro modo eles me combaterão,Na marandé ruã i pokoki xe rine
creio na vida que não terá fim,Arobîar tekobé opaba'erame'yma
colher de madeira,ybyrá pesẽ
cerca da aldeia,taba pîasaba
colocando capim às pressas,Kapi'ĩ anhẽ rerupa
fulano está muito atrás de mim,Xe resé-katu ahẽ rekóû
já matei os tupis,Aîuká umûã tupi
"comeram aquele fruto, causa de morte?","O'u nhẽpe a'e 'ybá, tegûama?"
marca antiga de pedrada,itá-porûera
"sua mãe, cobrindo-o bem, o protege do frio","I xy, i aso'ikatûabo, oîopîá ro'y suí"
vou viver assim,Emonã takó aîkó
você somente cumprirá minhas palavras,Xe nhe'enga nhõ ereîporaká
arranco lenha,Aîepe'abar
quero mesmo destruir todas as aldeias,Aîpotá-katutenhẽ opabĩ taba mondyka
"não parece bem que ele defenda a morte fora de jesus cristo, mas faz sentido que sua morte fosse a finalidade com que seu pai o fez viver","N'i aîarõî Îesu Cristo taté é te'õ suí i îepirapûana, tuba i moingoaba se'õ a'e i aîarõ"
pele imunda,piryty
sou feito,Aîemonhang
o cauim está apenas pela metade da vasilha,Kamusi ku'a rupi nhote kaûĩ reni
"mulher bondosa, não tocada por homem",kunhã-angaturama abá bykagûere'yma
à direita de jesus tu somente estás,Îesu 'ekatuápe nde nhõ ereîmbé
faço roça,Akopir
narrar as coisas segundo o modo como deus o instruiu,Tupã o motekokuapaba rupi mba'e mombe'u
"à direita de jesus, somente você está",Îesu 'ekatûápe nde nhõ ereimbé
"você o excitou, querendo ejacular seu sêmen?",Ereîkapyrokype nde ra'y-pupuka potá?
embarco com você,A'ar nde pupé
"você contou o mau comportamento de alguém, que só você viu, para as pessoas?",Ereîmombe'upe abá rekopoxŷagûera oîepebẽ nde remiepîakûera abá supé?
não deseje nem um pouco que eu vá para o fogo,Eîpotá-mirĩ umẽ tatápe xe soaûama
nossos cadáveres todos se levantarão?,Asé re'õmbûera pu'am-pabine?
"que venha, por seus pedidos, deus para nos fazer felizes","T'oú, nde îeruresápe, Tupã oré moorypa"
mais de vinte,vinte sosé
espetou seu flanco com uma lança,Itamina pupé iî yké kutuki
vamos devagar para queimar a terra dos malditos,"T'îasó, mbegûé t'ixapy moxy retama"
o que se batiza,oîasukyba'e
que minha comida chegue depressa!,Keremẽ xe remi'u rekoaba!
"esse deus-pai, deus-filho e deus-espírito santo são um só e o mesmo deus?","Oîepé Tupã memẽpe a'e Tupã-Tuba, Tupã-Ta'yra, Tupã-Espírito Santo?"
untei as penas nele,Asá-mongy
"o que é circuncidado, o que tem o prepúcio cortado",i 'amopikytĩpyra
eu me cingi,Aîeku'apûar
o castrei,Asapi'a'yĩ'ok
estou menstruada,Xe rugûy
que tudo o que está na terra esteja de acordo com a sua vontade.,T'oîkó pabẽ ybypesûara nde remimotara rupi
a dança é boa; enfeitar-se e pintar-se de vermelho.,"Moraseîa é i katu, îegûaka, îemopyranga"
"embora eles tenham igrejas, eu arruinei todos eles",I tupãok îepé aîmomoxy pabenhẽ
"dali, daquela parte",akûea suí
"aqui os homens estão, na verdade, me ameaçando",Ké abá rekóû anhẽ xe renopu'ã-pu'ama
"eis que estou aqui, o que expulsa vocês",Aîkobé pe mondoarama
arrancando nossos vícios,Oré rekopoxy 'oka
"assim que eu fui, ele veio",Xe só abé turi
estou sendo um tanto arrogante,Aîerobîá-pyryb gûitekóbo
somos desiguais uns dos outros,Oroîoaby
ele é profundo,Typy
eis que essas tuas futuras presas são muitas,Aîpó kó nde rembiarama setá
"lá não há choro, não há doença, não há fome, e também não há sede","N'i tybi a'epe îase'o, mba'easy n'i tybi, n'i tybi ambyasy, 'useîa bé n'i tybi"
"eis que eu amo vossas almas, modificando os costumes antigos",Xe ikó asaûsu pe 'anga tekopûera rekoaboka
"outro dia, não agora",karamosé é
você foi traidor de sua esposa?,Eremondarõpe nde remirekó suí?
"de fora, ao lado da rua",okara koty
eu sou curvadinho,Xe aparĩ
beco ou rua estreita,onhoba'ũ-mirĩ
estou me sentando,Agûapyk gûitena
eu sou travesso,Xe resakûé-kûé
fico fazendo mimos,Anhemopoîá-poîaî
querendo ser servo somente de deus,Tupã boîáramo nhõ oîkó-potá
palavras vãs,nhe'ẽ-tenhẽa
a aflição passou,I pûer tekoaíba
"querendo que ele entre junto de vocês mesmos, lancem fora suas maldades","Pe îoupé seîké potá, peîtyk pe angaîpaba"
ele o faz há muito tempo,E'i ymuanĩ ahẽ i monhanga
"ah, como o fedor dele me incomoda!",Xe moaîu-te i nema mã!
o que é louvado,i mombe'uporangymbyra
"o forte, o bravo",tatã
"como uma criança, está sentado nos braços de maria",Pitangamo seni Maria îybápe
vou ir com você hoje para comer aqueles reis,"T'asó nde pyri, kori, aîpó tubixaba gûabo"
"eu, tatapitera, assim como meu grande fogo, inflamo os antigos ódios","Xe, Tatapytera, xe tatagûasu îabé, asapy nhemoŷrõmbûera"
me aquecem,Xe pé
o bom do pedro,Pero angaba
"jesus, senhor da virtude","Îesu, tekokatu îara"
"você quis se embebedar antes, impregnando-se de cauim?",Eresabeypó-potarype erimba'e kaûĩ pupé enhemomungábo?
desejando ardentemente ver o seu rosto,Nde robá repîaka'upa
tocam na cabeça da gente,Opokok asé akanga resé
"vai, por acaso?",Osó nipó?
"possivelmente, provavelmente",emonã ipó re'a
catorze são as coisas em que creremos,Catorze asé remierobîarama
comi,Akaru
eu sou risonho,Xe nhearõ
"ah, como seria bom se esse fulano morresse por aí!",Marãîasûaramo ahẽ kûepe se'õ mã!
fez-nos viver,Îandé moingobé
esses homens são os que nos trazem riquezas,Aîpó abá ma'e îara îandébe
afilei-o bem fininho,Aîmopoîĩ
as prostitutas não me detestam,Na xe reroŷrõî sygûaraîybora
eu os separei,Aîmoîa'ok
"trespassaram suas mãos e seus pés na cruz, pregando meu senhor","Îaîpó-asá-sá i py resébe, krusá sosé nhẽ xe îara moîá"
"neste vale, lugar de chorar.",ikó ybytygûaîa îasegûaba pupé
meu pensamento,xe 'anga
"você fez o pajé ser feiticeiro, acreditando nele?","Ereîmoupixûarype paîé, serobîá?"
"o forro que se casou com uma escrava verdadeira, pensando falsamente ""eis que esta é forra"", não se casou","Mbiaûsube'yma mbiaûsubeté resé omendaryba'e ""-miaûsube'yma kó"" o'îaba'upa, n'omendari"
prender escravos,tapuîa rara
"eia, roga por nossa virtude!",Katunhẽ eîerurébo oré katûagûama ri
me apoio sobre o braço enquanto estou deitado,Aîeatyrung gûitupa
quantas vezes eu disse isso?,Mbobype aîpó i 'éû?
que teu roubo tenha reparação,Ta sepy nde mondagûera
o que manda a um falso pajé ficar defumando a si mesmo,Paîea'uba supé onhemotimbó-timborukaryba'e
"peso de orelha, orelheira",nambi-paîa
"embora eles fossem obra dele, alguns anjos tornaram-se maus","Aûîeté a'e semimonhangûera, karaibebé amõ amõ oîemoangaîpab"
sou redondo,Xe apu'a
"por causa disso, agora amo meu senhor jesus","Aîpoba'e ri, ko'y asaûsu xe îara Îesu"
"quando morre seu cônjuge verdadeiro, uma pessoa não pode casar com algum irmão ou irmã dele","O me'engabeté re'õneme, abá nd'e'ikatuî omendá i asykûera amõ resé"
"ah, que velhaco!",Angaîpaba maniîabo mã!
"ambos tremerão hoje, assim que me virem","Mokõîbé osyî kori, xe repîaka rupibéne"
já está ansiosa para vê-lo,Omoanhẽ ymã sepîakûama
deleitando-se com sua polução enquanto dormia,O kera pupé o pupukûera morypa
não me expulse você,Xe pe'a umẽ îepé
aguço a ponta dela,Asapûá-mobyr
casa assobradada,okybaté
o senhor não sabe que eu sou um beberrão?,Nd'oîkuabipe ta'a kagûaramo xe rekó?
"o riso não te convém, o riso não te fica bem",Na nde arõî nde puká
a gente costuma confessar totalmente os próprios pecados?,Oîmombe'u pakatupe amẽ asé o angaîpagûera?
bico de pássaro fora do corpo,tĩmbûera
forno para potes,kamusi rapŷaba
"ah, que bom tempo aquele em que fui lá!",Kûesenhe'ymĩkaé xe sóû a'epe mã!
"eis que ele está deitado sobre o capim, em vez de comer como a vaca","Kapi'ĩ sosé kó tuî, tapi'irusu karuápe"
o pai dos meus filhos,xe membyra ruba
vem para fazê-lo experimentar o sofrimento,Eîori i moporaraa'anga
muitos jovens bebedores de cauim já se juntaram a eles,Onheŷnhang umã sesé kunumĩetá kagûara
"são tiago, primo de jesus cristo, apóstolo, entregou sua cabeça e sua vida","S Tiago, Îesu Cristo ri'yra, Apóstolo, o akanga o ekobé me'engi"
quem mais conhece senão ele?,Ma'e-kugûapara aé-amẽ ahẽ?
homem maduro na idade e no juízo,apŷabusu
mas o que procuram nesta minha terra?,Mba'e-tepe peseká kó xe retama pupé?
você vive?,-Endépe ereîkó?
"na verdade, iriam para uma grande escuridão",Pytunusupe émo i xóûmo
que índios são esses?,Mba'e apŷabap'aîpó?
"do lado da superfície, do lado de fora",i apé koty
carreguei-o às costas,Aîar xe aseî
a mim também o flechado bastião me derrotou,Xe abé iî ybõmbyrûera Bastião xe moaûîé
o anjo se revelou a ela como um rapaz muito belo,Karaibebé îepîakukari i xupé kunumĩgûasu-porãngaturamo nhẽ
eles bem sabem que não vão mudar?,Oîkuá-katupe i îekûaboke'ymagûama?
o que estava à sua direita,i 'ekatûaba kotysaba é
que ele me leve ao seu lugar de felicidade,Ta xe rerasó og orypápe
fiz com que ele tivesse vontade de comer,Aîmoîurué
doravante serão bons os que eu costumo guardar,I angaturam ko'yré xe remiarõ îandune
você ajudou alguém em um roubo?,Ereîpytybõpe abá mondá resé?
"o que deus faz, o feito de deus",Tupana remimonhanga
"ah, se eu tivesse percebido isso outrora!",Anhandu beémo erimba'e angûama mã!
"no meio do caminho, meninos me assaltaram","Pé ku'ape, kunumĩ pu'ama'ubi xe ri"
ajudei-o em suas palavras,Aînhe'ẽ-pytybõ
"antigamente eu estava aflito, praticando meus vícios.","Akûeîme aîkotebẽ, xe rekopoxy purûabo"
"coisa manifesta, pública, coisa notória por ser vista",ikatupesûara
"venha, ó meu senhorzinho!","Eîori, xe îarĩ gûé!"
regurgitei,Atuî
"eu, tatapitera, inflamo os antigos ódios","Xe, Tatapytera asapy nhemoŷrõmbûera"
o movi,Aîmomỹî
mostrando-lhe certa árvore que estava no meio do seu jardim,Amõ 'yba gûemityma pyterype o'amba'e kuabe'enga
para o encontro de vocês com a verdadeira virtude,Tekokatueté pé pe gûasemagûama resé
como herodes mandou tratá-lo então?,Marãpe Herodes serekó-ukari a'epe?
sendo de cor preta,Moroún oîkóbo
"estou febril, tenho febre",Xe akanunduk
todos os homens foram,Opá abá sóû
minha sogra também bebe cauim,Oka'u bé xe raîxó
"eis que minha alma, à qual você vem, há de estar como seu leito","Kó xe 'anga, nde rusaba, nde rupabamo t'oîkó"
arei-a,Aîybyyby'ab
faço a sua futura casa,Aîmonhang sokûama
que se alegrem descansando,"Ta soryb, oputugûabo"
quem toca o tambor é o tamborileiro,gûarará mopusara
daqui em diante vou obedecer muito a ele,Asapîá-katupe angiré ká
deus-pai fez você vir,Tupã Tuba nde mbouri
fazendo com que ele se transformasse em seu próprio sangue,Og ugûyramo i monhemonhanga
"quando eu morrer, que você venha me levar para o alto","Xe îekyîme, t'ereîu ybaté xe rerasóbo"
leve-o depressa,Erasó esapy'a
todos os homens estão felizes,Sory pakatu apŷaba
os homens batem nele à sua vista,Sesé abá pûari nde resápe nhẽ
lembrando-se de que deus os honra muito no céu,Ybakype Tupã i moeté-katu resé o ma'enduaramo
você matou?,Ereîukápe?
que tenhamos em sua morada junto de ti a vida eterna,"T'orogûerekó, setã-me, nde pyri, tekó-puku"
pode o padrinho casar com aquele que batiza?,E'ikatupe morerokarûera omendá o emierokûera resé?
parede da casa,ó-pyá
"após acabar o mundo, fará voltar a viver, levando-os para junto de si para sempre",Ara pab'iré i moingobeîebyri o pyri serasóbo aûîeramanhẽne
"ah, quem me dera que uma mulher viesse para o meu lado!",Our temõ kunhã xe posé mã!
tenho muitas bolhas,Xe piru'a-ru'a
ficando a observar o comportamento das pessoas,abá rekó andu-andupa
que deus te coloque nas alturas como sua própria filha,T'e'i Tupã nde moingóbo o aîyramo ybaté
"casarão, casa grande",okusu
o que é medido,sa'angymbyra
"que eles gritem, chorando!","Ta sasẽ, oîasegûabo!"
madeira ou armação para futura casa,ó-kangûama
quando ele peida,sepynõneme
"meu irmão gêmeo, que nasceu junto comigo",xe kõîgûera
meu preço é pouquinho,Xe repy mokonhõ'ĩ
o que é malvisto,i amotare'ymymbyra
vou como alcoviteiro,Asó manhanamo
"eu sou guaixará, bebedor de cauim, grande boicininga","Gûaîxará kagûara ixé, mboîtiningusu"
adversária da morte,Te'õ rupîara nhẽ
ela tem folhas,Sob
considero-a minha namorada,Xe kunhã'ybamo arekó
o período anterior ao dia dele é um dia em que se jejua,I 'ara renondesaba 'ara îekuakupaba
como estava orando ao seu pai?,Marãpe seni og uba mongetábo?
sem fazê-los transformar na terra,Ybyramo i moingó-ukare'yma
alguns soldados foram novamente para quebrar as pernas daqueles dois ladrões,Osó bé amõ maranaritekoara a'e mokõî mondá retymã mopena
"depois do parto, santa maria levou seu filho jesus ao templo","O membyraragûera kûab'iré, Santa Maria o membyra Îesus rerasóû Tupãokype"
por acaso arrancaram sua roupa?,Oîaobok serã gûá?
o padre fica aflito ao passar ali,Oîkotebẽ abaré uĩ gûasapaûama ri
vai prová-los para que transgridam a palavra de deus,"Eîori sa'anga, rõ, t'otupã-nhe'engaby"
"tu, talvez, para retribuir, atiras nele a má vida, o desejo sensual, o dia todo","Nde serã i poepyka tekomemûã, poropotara ereîapi ko'arapukuî"
"venham, levem os malditos, erguendo-os, embrulhando-os","Peîori, perasó muru, supi i pokeka"
"prendi-os, um ao pescoço do outro",O îoaîuri aîmoín
"meu pai tupiniquim está alegre, como eu.","Soryb, xe îabé, xe ruba tupinakyîa"
tenho a garganta seca,Xe ase'o-tining
ela foi feita para ser a futura mãe de deus,Tupã syrama ri i monhangymbyra
e agora?,ko'yr é-katuetépe?
deseja ardentemente ver o nascimento de seu filho,O membyra 'arama osepîaka'ub
mostrando-lhe uma certa árvore que ficava no meio do seu jardim,Amõ 'yba gûemityma pyterype o'amba'e kuabe'enga
vim novamente para expressar minha alegria,Aîur-y bé xe roryba mombegûabo
amarrei os calcanhares dele,Aîpytá-pûar
o que come terra ou outra coisa,Yby koîpó mba'e amõ gûara
o puni,Arekomarã
eu estou em guerra,Xe marãmotar
"por sua morte, deus-pai nos perdoa bem?",Se'õagûera resépe Tupã tuba nhyrõngaturamo asébo?
peixe inútil,pirá-poxy
a que amamenta,mokambûara
"e, principalmente, eles são adversários dos agressores",Memeté a'e morero'arupîara
tinjo-lhe os pés,Aîpy-gûang
sou filho antigo de jetuú; criei-me dentro dela,Xe Îetu'u ra'yrûera Anhemonhang i pupé
você aceitou suas palavras ao dar ordens a si mesmo para alguma coisa boa?,Ereîmorype i nhe'enga mba'e-katu resé nde pûaîme?
fiz uma fogueira,Aîatapygûasu
"estejam em pranto, como forma de honrar quem entra junto de vocês",Îase'o rakó perekó peẽmo teîkeara moetesabamo
minha família ama você,Xe anama nde raûsu
"eis que ontem trucidei gente, matando europeus","Kûeîsé kó aporapiti, aîuruîuba îukábo"
trouxe o resto das minhas presas para a rainha,Xe rembiara rembyrûera arurĩ reîa supé
"viram apenas muitas chamas de fogo, parecidas com nossas línguas","Tatá-endy-etá, asé apekũ-abyare'yma anhõ osepîak"
hoje eu deveria ir,Kori temone asómo
meu filho que mama,Xe membykambu
costumava ir,Asó amẽîepi
você bateu com o pau na sua esposa!,Ereropûar ybyrá nde remirekó resé!
"além disso, nosso corpo sente saudade de sua alma, sua verdadeira companheira, que o faz viver",Memetipó îandé reté o irũeté o moingobesara o 'anga repîaka'upa
se eu arrotar,xe eúme
"ah, ai de mim, sofrerei para sempre o fogo do diabo!","Ixé tekatuete'ĩ ra'u, Anhanga ratá aîporará aûîeramanhẽne mã!"
você vê a variedade de coisas,Esepîak tekó paraba
eu estava deitado paralelo a ele,I porupy aîub
os cristãos como uma unidade,I mongaraibypyretá oîepegûasu îasûá
trouxe muitas destas ostras,Aruretá kó reri
deus surpreendeu você ao deleitar você com nossas palavras,Nde resapy'ari Tupã oré nhe'enga morypa
maledizendo a lei de deus,Tupã rekó momburûabo
uns aos outros também o mataram,O îoirũmo bé i îukáû
levando outra semelhante a ela assim que ela se consumir muito,I îaroketé rupibé amoaé sapixara rerasóbono
"por isso mesmo, todos os homens estarão secos",Nd'e'i te'e opá abá tiningamo
"nossa companheira de guerras, causa de nossa bravura","Îandé maranirũ, îandé abaîtéba"
não que eu não soubesse o que buscava,Na sekasaba kuabe'yma ruã
eu o enxuguei,Aîmoaku'i
o que pesa mais para quem está ali do que tudo o que sofre?,Mba'epe sasyeté a'epe tekoara supé opakatu semiporará sosé?
"com cravos espetando suas mãos, pregando-as","Itapygûá pupé i pó kutuka, i moîá"
tornei-me rapaz,Akakuab
minha alma será curada somente com tuas palavras,opûerab é ipó xe 'anga nde nhe'enga pupé nhote
da mesma forma que o laço está parado e o pássaro vai para dentro dele,"Ma'etakó nhusana oín nhote, gûyrá aé osó i pupé"
terceiro,momosapysara
"conhece bem as guerras, ficando escondido à espera das pessoas","Oîkuá-katu marana, morapearõ-arõmo"
"portanto, essa é a primeira finalidade de aspergir as pessoas com água benta",Irõ aîpó 'y-karaíba pupé asé îeepyîtabypy
deu todo o seu sangue,Opá og ugûy me'engi
cume da casa,okapyra
ele se deteve por muito tempo,Ymûanĩ ahẽ rekóû
eu dou uma tropeçada.,Xe pysakang
levo uma boa vida,Tekó-katu aîporará
veio de novo ao lugar onde seus discípulos estavam deitados?,Our benhẽpe o boîá rupápe?
venha para o meu lado!,Eîori xe posé
logo o vento se levantará,Koromõ ybytu pu'amine
"portanto, eu vim a você","Emonãnamo, xe ruri ndébo"
couraça com muitas lâminas,itaoba i apenhugûã-nhugûanyba'e
haste sem grãos,ygûera
eu estou triste,Xe karukasy
sua remissão foi minha determinação,Sepyrama xe pûaîtaba
de quem são essas palavras?,Abá nhe'engûerape aîpó?
tive ânimo,Xe 'ãur
"agiste como não devias, certamente",Marandé ipó ereîkó
fez minhas pernas arderem,Xe retymã-moîosar
"vem, coisa fedorenta, coisa nojenta!","Eîori, mba'enem, mba'e-poxy!"
"o que é comum é aquela mulher espedaçar nossas cabeças, ficando a nos derrubar",Sekoaba'e kûé kunhã oré akanga i apiti oré moapará-pará
o resgate da minha alma,xe 'anga repymondykaba
"assim, de fato, determinei",Emonã nakó xe rekopotari
"entram grandes espinhos, espetando sua cabeça e furando-a toda.","Oîké îugûasu i akanga kutuka, opá i mombuka"
"ontem, é verdade, alguns sumiram","Kûeîsé, rakó, amõ kanhemi"
que mal eu fiz outrora,Akûere'õ xe rekóû rimba'e re'ĩ
semelhante a uma roupa de querejuá que brilha mais do que o sol,Aó-kereîûá kûarasy sosé oberaba'e nungara
minha alma foi atraída pela beleza da sua alma,Onhemomotá xe 'anga nde 'anga poranga ri
vem para amedrontá-lo,Eîori i mosykyîébo
"eis que, assim como está no céu, nosso senhor está dentro do pão nas mãos do padre, com certeza","Akó ybakype ogûekó îakatu, Îandé Îara rekóû miapepûera pupé nhẽ abaré pópe re'a"
eu soluço,Xe îeîok
"seus cadáveres estavam, uns ao lado dos outros, ao longo do mar",O îoybyri se'õmbûera paranã ybyri i kûáî
a água benta seja o meio de vida da minha alma,Y i mongaraibypyra t'oîkó xe 'anga rekobesabamo
a canoa sumiu de mim,Okanhem ygara xe suí
"assim procederei, se no futuro tiver saúde",Akûeîkó xe rekóû xe marane'yma rerekóbo rimba'e re'a
"ah, que atrevido é esse fulano!",Tekatunheté kó ahẽ mã!
"por amar muito as almas de vocês, como seus discípulos os tomaram","Pe 'anga raûsukatûápe, o boîáramo pe rari"
estou à procura de caça,So'o resé aîkó
vespa pontuda,kabatĩ
"atrás de uma cerca de pedras, tomou a casa dos animais de criação como sua pousada",Ybyrá itá monhangymbyra kupépe so'o mimbaba roka ogûar og upabamo
"que nada! vou vencê-los, como sempre",Erĩ! Aîmoaûîé îandune
nosso anjo da guarda,îandé karaibebé
estou todo manchado,Xe pinĩ-pinim
"calava-se, estando de pé, sem responder às palavras deles","Opyk o'ama, i nhe'engobaxûare'yma"
ambas as minhas coxas adormeceram,Opá xe uba îesyî
"pois, se você leva cães, se eles estiverem lado a lado e da mesma raça, se acolhem um pouco mais","Îagûara biãé ererasó, gûa'ysé o îoesé posé o ẽme, oîepysyrõ bé'ĩ"
aqui é a minha casa,Iké xe roka
também emendou aquelas suas palavras?,Oîmoîoapyr-y bépe aîpó o nhe'enga?
"esse santo escreveu para nós a vida de seu mestre, deixando-a","Kó santo o mbo'esara rekopûera erimba'e oîkûatiar îandébo, seîá"
transformamos a lã em roupa,So'o ragûera aobamo îaîmonhang
"que venha logo aquele que me guarda para me livrar dele, combatendo-o","T'oú taûîé xe rarõana xe pysyrõmo i xuí, i momarana!"
ele vai morrer!,T'omanõ ká!
lugar onde será fundada a igreja,Tupãokupagûama
eu o emplumei,Asamongy
vou com pedro,Orosó Pedro pabẽ
na dor dos ciúmes você ficou desconfiando das mulheres?,Tygûyrõ rasype é kunhã eremondá-mondá?
outra pessoa não pode batizar em vez do padre?,Nd'e'ikatupe amõaé abá oporomongaraípa abaré suí?
quem ama verdadeiramente a deus não tem dificuldades em viver segundo os mandamentos de deus,Tupã raûsupareté n'oîmoabaíbi Tupã asé rekomonhangaba rupi o ekó
"veio, outrora, visitar esta minha terra.",Our kó xe yby supa rimba'e
que é o único filho dele,ta'yra oîepeba'e
estamos nesta terra como viajantes,Ataramo é asé rekóû ikó yby pupé
afasta o diabo de hoje em diante,Eîpe'a Îurupari kó 'ara suí
espetei-o,Asatapyĩ'ok
fio embotado,aembé-korõîa
amarrei a sua cabeça,Aîakã-mbûar
você acredita na dança do guajupiá?,Ererobîarype Gûaîupîá moraseîa?
"imaginem, na sua morte, estarem deitados",Peîmo'ang pe re'õ pupé pe ruba
"a gente chama-os de ""anjos"" porque vão por vontade própria para longe, como que voando, muito rapidamente","Korite'ĩ-aíbeté obebébo berameĩ kûepe o emimotarybo i xóreme ""karaibebé "" asé i 'éû i xupé"
"corrijam-nos, censurem-nos, para que queiram livrar-se do inferno","Enonhẽ, eîakaká, t'oîepysyrõ-motá anhanga ratá suí"
numa certa noite,Putuna amõ resé
quando foi visitá-la?,Erimba'epe i xóû i xupa?
"eu sou aquele em quem se deve acreditar, o que tem o nome guaixará","Ixé serobîarypyra, Gûaîxará seryba'e"
"estou cansado, estou com sono!","Xe pûeraî, xe ropesyî!"
"o homem desanima, simplesmente, de comer também",Omanõaibí abá o mba'e gûápe bé
o que fizeram com ele antes de enterrá-lo?,Marãpe serekóû i tym-y îanondé?
"segundo ela, você curou os doentes",Supibé eremombûeîrá mara'abora
estou feliz por causa da sua ida.,Xe roryb nde só resé
somente verão seu corpo,Seté anhõ osepîakyne
me levanto,A'am
"honre também outros dias, não trabalhando neles","Oîmoeté bé asé amõ amõ 'ara, i pupé oporabykye'yma"
sendo também odiados,Seroŷrõmbyramo oîkóbo bé
vou obedecer a essas palavras,T'asó aîpó nhe'enga mopó
o que está junto de deus,Tupã pyri oîkoba'e
estou quieto,Aîubĩ
você tomou o animal que a onça matou?,Ereîápe so'o îagûara remiîukapûera?
pedindo que nos ajudem,Îandé pytybõagûama resé oîerurébo
todos os cristãos se preocupam em saber isso?,-Onhemosaînan pabẽpe cristãos aîpoba'e kuabaûama resé?
quer muito nos perdoar,I nhyrõngatu-potá îandébo
lembre-se bem de que deus-filho se fez menino por sua causa,Nde ma'enduá-katu nde resé Tupã Ta'yra nhemokunumĩagûera resé
carpi-as,Aîkapir
ele é muito grosso,Tubixabeté
venha novamente para curá-los a todos!,Eîorino i mombûeîrá pá!
faça com que esta aldeia permaneça por muito tempo em deus,Eîmoingó-puku-katu kó taba Tupã resé
"tenho em minhas mãos todos os moradores da aldeia — velhos, velhas, moços, homens, moças — como meus súditos","Tapiîara, tuîba'e, gûaîbĩ, kunumĩgûasu, apŷaba, kunhãmuku, xe boîáramo pabẽ xe pópe arekó-katu"
"você não se envergonha, porventura, de si mesmo, ao ser dominado pelo desejo sensual da carne podre?",Nd'eretĩ-piã nde îosuí so'o-aíba poropotara apyrasápe?
o homem que fica fazendo as pessoas fumarem peca muito?,I angaîpabetépe abá oporomopetymbûabo?
esse maldito é certeiro,I pûakatu kó muru
como a gente procederá para obedecer a deus?,Marãngatupe asé rekóû Tupã o apîaraûama rine?
os guardadores de cabras querem visitar seu senhor,Sygûasumé rerekoara oîosu-potá o îara
"daqui vou para longe, frequentando outras aldeias","Kûé suí asó mamõ, amõ taba rapekóbo"
"um judeu velho mostrou o lugar onde ela foi enterrada, fazendo com que a alcançássemos.","Amõ îudeu tuîba'e i tymagûera kuabe'engi, sesé îandé moîekosupa"
eu afrouxei,Xe apapub
recusando uma criança,Pitanga kuakupa
sobre o que será a nossa conversa?,Ma'e resé îandé nhomongetá?
"você se desviou de alguém, detestando-o, para não vê-lo?",Ereîpynekûápe abá i amotare'yma nhẽ sepîaka suí?
vou me esconder bem,Aîemĩngatupe ká
que venha para levá-los todos.,T'oú serasóbo pá
"tijucal, grande atoleiro, pântano",tuîukusu
"madeira fina, ótima",ybyrá-eté
fazendo o sangue dele escorrer,Sugûy mosyryka i xuí
"igualmente, depois de dar à luz a ele, estando virgem","A'erame'ĩ i mbo'ar'iré, omarane'ymamo"
"com uma lança de ferro, espetou seu flanco, estourando suas entranhas","Itamina pupé iî yké kutuki, i nhy'ã moboka"
"quando digo algo, digo asneiras",A'é tenhẽ marã gûi'îabo
vamos queimá-lo!,T'ixapy! ou Ixapy!
a roupa daquele me atrai,Xe momotar ahẽ aoba
"após nascer, deus-filho de sua mãe, os judeus cortaram seu prepúcio",Tupã Ta'yra o sy suí i 'ar'iré îudeus i 'apira mondoki
"no meio, no centro, pelo meio, pela metade",oîopyterybo
deveria ir,Asó temonemo
eu estou esquelético.,Xe kangûer
uns atrás dos outros,o îoakypûé-kypûeri
saiu-me torto,Xe raîé i xemi
"eis que a bela vida de maria era, certamente, famosa.","Anhẽté, kó serapûan Maria rekó-poranga"
desviei as águas,Aty-mombîá
castrado,sapi'a'ỹî'okypyra
"eu vou apanhar você bem, fazendo você cair na minha armadilha","Xe t'oropysy-katu, xe mundépe nde mbo'a"
"enquanto o mundo existir, o homem o abençoará?",Ara rekó pukuîpe abá i mombe'ukatune?
eu sou visitador,Xe posubixûer
gritei com ele,Aîakab
sua bondade não cessa,Nde angaturama n'opyki
"não, você não os derrotará","Aan, nd'ereîtyki xóne"
eu sou agradável,Xe matueté
algumas vezes os frutos de suas árvores caem quando ainda são flores; outras vezes em estado verde; outras vezes caem depois de amadurecerem,"Okuî rakó amũme 'ybarambûera o 'yba suí 'ybotyramo oîkóbo bé, amõ rakó ogûakyra pupé i kuî, amõ rakó ogûaîub'iré i kuî"
ele não é profundo,Na typyî
não parece certo que ele defenda a morte fora de jesus cristo,N'i aîarõî Îesu Cristo taté é te'õ suí i îepirapûana
monte de terra,yby-atyra
estou em dúvida,Xe akasang
"ai, como você é enfadonho, de fato!",Tekatunheté rakûé endé hegûy!
por que você ficou gritando para ele hoje?,I xupé îasûá oîeí eresapuká-pukaî
vou levar todos para meu fogo,T'arasó pá xe ratápe
pus as bordas dela,Asembe'y-rung
o próprio deus a gente costuma honrar,Tupã aé namẽ asé oîmoeté
"eu estou no cio, eu estou saída",Xe kûaruru
"antigamente, quando eu morria, o diabo, de repente, mataria minha alma com o pecado","Akûeîme, gûimanõmo, anhanga, esapy'a, xe 'anga oîuká angaîpaba irũmomo"
se eu tivesse ido,Mba'emeémo asó
o homem é certamente muito feliz após alcançar alguma verdade,Sorybeté rakó abá mba'eeté amõ resé o îekosub'iré
"venham, índios, em uníssono","Peîori apŷabetá, oîepé"
o molengão que convido,xe remipoîmembeka
sou uma pessoa desprezível,Xe abangaíba
o que reflete sobre sua morte,Se'õagûera resé onheangerekoba'e
tentando inutilmente o modo antigo de falar,o nhe'engabûera ra'angyîepébo
eu estava com os pés soltos; meus pés se soltaram,Xe py-'ir
"como quando vocês olham para o céu, veem sua beleza","Pema'ẽ rame'ĩ ybaka resé, pesepîak i poranga"
deixe que venha,T'oúne turi
"por outro lado, semelhantemente, o próprio mar será mais terrível do que costumava ser",Kokoty paranã aé rame'ĩ o abaetéramo erimba'e gûekoagûera sosé
fui uma vez.,Oîepé asó
será que me perdi?,Xe ropá serã?
"você desvirginou alguma menina, furando-a, estuprando-a?","Ereîmombukype kunhataĩ amõ, i mokûá, i mondoroka?"
confia em mim,Eîerobîá xe resé
que deram à sua mão direita?,Mba'epe oîme'eng i 'ekatuápe?
tendo falta de acompanhamento da farinha,U'i tyrama resé ekotebẽmo
eu sou pecador como meu pai,Xe ruba rupi é xe angaîpabamo
a aurora chegou,Our ko'emytanga
"transtorno o coração das velhas, irritando-as e fazendo-as brigar","Aîpobu gûaîbĩ py'a, i moŷrõmo, i momarana"
que deus me livre do pecado,Ta xe pe'a Tupã tekoangaîpaba suí
mostra o erro das minhas palavras,Eîkuabe'eng xe nhe'engaipaba
farinha da mesma água da mandioca crua coalhada,typy'o-ku'i
"o nosso inimigo, o diabo","Morosumarã, Anhanga"
me prejudiquei,Anhemoaíb
não é mais pão,Nd'oîkóî rakó miapéramo
estou febril; tenho febre,Xe rakub
talvez seja o anjo guardião verdadeiro desta aldeia,"-Karaibebé serã, kó taba rarõaneté"
"como a gente dirá em nosso coração, ao olhar para o céu?",Marã e'ipe asé o py'ape ybaka resé oma'ẽmone?
ele caminharia conosco,A'emo îandé resé i atarimo
doravante serão bons os que costumo guardar,"I angaturam, ko'yré, xe remiarõ îandune"
"trouxeram para ele, como oferendas, ouro, incenso e mirra","I xupé ogûeru îetanongabamo itaîuba, ysykatã syapûãba'e, mirra"
aquela cruz era muito grande?,Turusu-katupe a'e cruz erimba'e?
toco de braço,îybá-asyka
as articulações dos seus ossos se afastando umas das outras,I kanga îepotasaba pe'abo o îosuí
eu o forrei,Aîapŷuban
qual foi o primeiro?,Umãba'e ranhẽpe erimba'e oîkó?
varri os ciscos,Aytypeir
o que um homem vê furtar sem se importar,Abá mondarõ osepîakĩba'e
tenho palavras afáveis,Xe nhe'engangaturam
moro parede-meia,Apyri aîkó
atiça o fogo para o que você cozinha.,Esatapy nde remimõîa
a gente acredita nisso?,Ogûerobîarype asé eboûinga?
minha antiga região,xe retãmbûera
eu sou corcundo,Xe aŷpyasur
"sarauaia, vem para beber cauim","Saraûaî, îori ekagûabo"
você usou feitiço?,Mosangape ereîpuru?
estou há muito tempo,Oîeí aîkó
deixe que eu vá tentá-los.,T'asó sa'anga tenhẽ
um ladrão que foi preso como punição por chacinas,Abá-mondá morapitîagûera repyramo mundeokype i mondebypyrûera
comemoramos seu nascimento,I 'aragûera îaîmoeté
dentro dela está sua divindade?,I pupépe i tupã rekóû?
aproximo-me do fogo,Arobyk tatá
"e então, como vai ser?",marã-tepene?
água salgada estagnada,ye'ẽ-mbyka
para o inferno,-A'epe i 'anga mamõ i xóû? -Anhanga ratápe - E sua alma para onde foi?
eu sou calvo,Xe 'akuî
"não vituperem as pessoas, ó meus filhos, para que tenham seus bens","Pe poroanga'o umẽ, xe ra'yr-y gûé, ta perekó i mba'e"
"deus-pai tem mãos, tem mão direita, tem mão esquerda?","I pópe Tupã-Tuba, i 'ekatuápe, i asupe?"
o reformo nos costumes,Asekonongatu
você deveria ter sabido antes o que fazia,Ereîkuá ranhẽ meémo emonã nde rekorama
"tem piedade de mim, ó morte!",Xe raûsubá-mirĩ îepé te'õ gûé!
os corpos miseráveis dos homens pecadores e das mulheres pecadoras terão bernes e vermes,"I ur, sasok abá-angaîpaba, kunhã-angaîpaba reté-a'ubane"
tranca da porta,okena potãîa
"apresse-se, corra, venha!","Nde apûan, enhan, eîu!"
lançando palavras contra a lei de deus,Tupã rekó koty nhe'enga reîtyka
minha vaca que eu crio,Xe reîmbaba tapi'ira
estou me descuidando,Atumbé-tumbek
sovei-a,Aîaîuká
para mim é como pedra,Itá berame'ĩ ixébo
"você bateu em uma mulher grávida, matando o feto dela?","Erepûarype kunhã muru'abora resé, pitanga îukábo i xuí?"
é a você que matam?,Ndepe nde îuká?
torci a mão,Aîepó-mongaraû
costumo alimentar pessoas,Xe poropoîxûer
traz também o tacape!,Ingapema bé peru!
o peixe me satisfaz.,Xe ytarõ pirá
faca de taquara,takûá-kysé
poeira da terra,yby tubyra
"você falou duramente com alguém, irritando-o?","Erenhe'eng-aparatãpe abá supé, i moŷrõmo?"
já vou,A'é uman ûixóbo
sou um menor de idade,Xe gûyrigûana
"não faz mal, não há problema",Na sasyî
eu sou trepador,Xe rybobõ
não são casados aqueles que não se casam na presença de outras duas pessoas também,Amõ abá abé mokõî robaké omendare'ymba'e n'omendari
começando-os imediatamente,Taûîé iîypyrunga
"zune como o vento, tremendo por causa de sua bravura","Ybytu îabé osunung, i abaeté suí osyîa"
deveria mandá-lo,Aîmondó-monẽmo
me apressei muito,Anhemoaîu-katu
vai embora daqui agora!,Ekûá ké suí ra'a!
"honro sua casa, dançando dentro dela","Aîmomba'eté nde roka, i pupé gûiporaseîa"
que vocês aumentem o amor a deus neste mundo,Ikó 'ara pupé Tupã raûsubagûera ta pemoîoapyr
ralo de mandioca,Amie'ẽ
"você não sossega, por não saber as ações dos inimigos","Na nde apysyki, tobaîara rekorama kuabe'yma"
que conheça o caminho do céu,T'oîkuab ybaka piara
"oxalá eu esteja muito bela, para que os homens me desejem","Xe porangeté temomã, a'emo abá xe potari"
morro subitamente,Amanõ-memûã
"você se compadeceu deles por ocasião de sua doença, acendendo seu fogo, alimentando-os, procurando alimento para eles?","Eresaûsubarype i mba'easyreme, satá-á, i poîa, i poraká?"
mandando fazê-los embarcar numa arca de madeira semelhante a um navio,"Ybyrá karamemûã, ygarusu nungara pupé i mo'aruká"
antecipei sua fala,Aînhe'engenondear
três chefes,mosapyr morubixaba
