source,target,prediction
Kapi'i sosé kó tuî,eis que sobre o capim ele está deitado,este velho está deitado sobre a cabeça
Xe apar,eu sou aleijado,eu estou deitado
xe rapixara,meu parceiro,meu companheiro de companhia
Opyk amana,cessou a chuva,o maldito se apagou
A'e roîré ko'yté i koty obaka onhe'eng-abaetéramo,"depois disso, finalmente, volta-se em direção a eles, falando muito terrivelmente","logo depois disso, o guarda-chuvas dele, como uma grande conversa"
Na xe pûasabi,eu não tenho com que bater,eu não tenho cabelo
Tekatunheté rakûé endé hegûy!,"ah, que enfadonho és tu, de fato!","ah, como é difícil para ti sangrar!"
"Sesapysopûera kanhemi, iî apysaká oîe'obo","sua vista aguda desaparece, tapando-se seus ouvidos","canteio de suas orelhas, quando elas caem"
Aîpó tekó-pysasu abá serã ogûeru?,"aquela lei nova, quem será que a trouxe?","essas boas e maus atos, talvez, trouxeram alguém?"
Kó santo o mongetasara oîmoîekosub i mba'e i kanhẽmbyra koîpó semiaûsuîababa supé,este santo faz aquele que a ele roga alcançar suas coisas sumidas ou seu escravo fugido,esse santo entregou seus mandamentos aos que o maltratam ou aos que são muito misericordiosos
Moroún-mbyry nakó,"eis que estava de cor um tanto preta, certamente",eis que ele está muito longe
yby-'ama,terra levantada,terra firme
Anhemosaraî,brinco,eu o enfeio
O a'yra marãbirĩ sekóreme senonhene'yma,não corrigindo seu filho quando ele estiver no mal,não tendo cuidado com seus filhos quando eles estão em pé
Marangatuba'e santos ybakype Tupã remieroîeoîa setá,os beatos e os santos que deus faz ir consigo para o céu são muitos,os bem-aventurados e os santos que estão no céu receberão a deus
"Akûeîme, i apyrasapa, xe nde moingosaba é","outrora, passando por cima dela, eu fui causa de te fazer agir","antigamente, eu o enfeitava, fazendo você me obedecer"
Oîeîyîpe a'e o boîá mosapyr suí a'ereme?,"afastou-se daqueles seus três discípulos, então?",ele se desviou de seus discípulos?
T'oú îandé pytybõmo xe rybyra,que venha para nos ajudar meu irmão mais moço,"que venha para nos afastar, meu irmão"
Oîoîabenhẽpe tekokatu resé o a'yra moingoagûama ri i nhemosaînanyne?,igualmente se preocuparão em fazer seus filhos estarem na virtude?,"se preocupam em honrar a verdade, para que não tenham compaixão de seus filhos?"
Nde kunhã'ype?,tu tens namorada?,sua mulher?
Eroîyb ahẽ supé,descarrega-a a ele,vou me aproximar dele
I mara'a tenhẽ,eles estarão muitíssimo doentes,ele é muito doente
Xe gûa'a-gûa'a,"eu estou inchado, eu tenho calombos",eu tenho a garganta puxada
Gûinhe'enga abé,em eu falando,e também o que fala
gûabiru rupîara,"armadilha de ratos, ratoeira",o que guarda o pássaro
I pupé 'y anhẽ monhangi kaûĩnamo o sy îeruresaba rupi,"nele a água transformou em vinho, de acordo com os pedidos de sua mãe","dentro dela, de fato, cria água como cauim, por petição de sua mãe"
Aporomoebykatã,empanturrei as pessoas,eu o enfeitei
Xe îuru-îaî,eu tenho a boca aberta,eu tenho a garganta esvoaçada
Urubu mba'enema 'arybo nhemoîereba îabé,como o revolutear de um urubu sobre coisas fedorentas,a gente também se compadece de coisas ruins
Xe rekoporeaûsub,eu sou molengão,eu sou compadecedor
Marãpe a'e semienosegûama rekóû a'epe?,que faziam aí os que ele faria sair consigo?,como o procederam aqueles que se aproximaram dele?
Aîkó sesé,tenho pendências com ele,estou com ele
"Ne'ĩ, taûîé, xe reîyîa","eia, depressa desviando-me","ei, tauai, meu senhor"
Kokoty paranã aé rame'ĩ o abaetéramo erimba'e gûekoagûera sosé,"e por outra parte, semelhantemente, o próprio mar será mais terrível do que era seu costume","o próprio mar é o meio para onde ele já estava, como seu substituto"
Serenduba rupibé amongoty xe nhemimi,"tão logo ao ouvir o nome dela, em outra parte eu me escondo","ao ouvir, eu me escondo"
ypyasoara,o que vai buscar água,"o que é chamado de ""primo"", o que é chamado de ""primo"", o que é chamado de ""primo"", o que é chamado de ""primo"", o que é chamado de ""primo"", o que é chamado de ""primo"", o que é chamado de ""primo"", o que é chamado de ""primo"", o que é chamado de ""primo"", o que é chamado de ""primo"", o primeiro ""primo"", o primeiro ""o que é chamado de ""primo"", o primeiro ""o que é chamado de ""primo"", o primeiro ""o que é"
Xe ku'aî arekó,tenho-o na cintura,tenho a cintura puxada
"Ma'ẽne, tupinambá Paragûasupendarûera opakatu îamombá","olha, arrasamos todos os tupinambás que estavam no paraguaçu","logo, os tupinambás que habitam o paraíso acabarão destruindo todas as aldeias"
Oú ramõ nde resé,veio novamente por tua causa,veio para você agora
Oîmoín-y bépe Pilatos o nhe'enga îudeus supé?,dirigiu de novo pilatos sua fala aos judeus?,pilatos também respondeu às palavras dele aos judeus?
mbegûé-katu,"brandamente, suavemente",muito devagar
Marã-marãpe Santíssima Trindade rera?,quais são os nomes da santíssima trindade?,como a santíssima trindade é chamada?
Oîaby rakó abá rekó xe retama,"é muito diferente, de fato, a morada dos homens da minha residência",minha terra é habitada por homens
A'e anhẽ mosapyr pessoaamo i îa'oki,"eles, na verdade, em três pessoas se distinguem","ele, na verdade, se tornou uma pessoa verdadeira"
Ereîopûaîpe nde remirekó kunhã resé?,mandaste tua esposa ir em busca de mulheres?,você desvirginou sua esposa por causa de uma mulher?
Abá sosé pabẽ i momorangi,acima de todas as pessoas embelezou-a,fazendo com que as pessoas se preocupem com ele
Marã serã ture'ymi?,por que será que ele não vem?,por que não o fizeram?
Tuba i moingoaba se'õ a'e i aîarõ,parece bem que sua morte fosse a finalidade com que seu pai o fez viver,"o pai que o fez morrerá, e eu o farei morrer"
T'aroŷrõ tekomemûã,que deteste a vida má,que eu deteste a vida antiga
"Peteumẽ, pe poxyramo angiré",guardai-vos de serdes maus doravante,"guardem-se, pois, depois de serem maus"
Mosaûsuba rerobîasara,os que acreditam em sonhos,o que acredita na miséria
N'aîpotare'ymi,não o deixo de querer,não o quero
sa'ang-ypŷabo,começando a pronunciá-lo,o que é branco
Santa Maria seryba'e,a que tem nome santa maria,a santa maria é a cruz
Oporoerokyba'epûera nd'e'ikatuî omendá o emierokûera resé,o que batizou não pode casar-se com aquela que batizou,quem se casou não pode casar com quem se casou
"Ambyasy, 'useîa, kane'õ, mba'e tetiruã porarábo îandé resé","fome, sede, cansaço, quaisquer coisas sofrendo por nós","sofrem dor, dor, dor, sofrimento, sofrendo coisas más por nós"
Aîmonarang,arrombei-o,eu o fiz
Ogûenduparûera supé o nhe'enga rekobîarõmo,sustituindo suas palavras para os que o ouviram,cumprindo suas palavras sobre os que ouviram
"Té, aûîé-katutenhẽ!","ah, excelente!","ei, muito bem!"
nha'ẽpesẽ-uba,"cinzas do alguidar, cinzas da bacia",boca que está gritando
ygá-pukuîtara,remador de canoa,o que tem uma embarcação longa
itá-oka,casa de pedra,casa de ferro
Abá 'angûera amõ soe'ymi ybakype erimba'e?,não ia para o céu outrora a alma de nenhum homem?,de quem são as almas que não vão para o céu?
Amõ îudeu-tuîba'e i tymagûera kuabe'engi,um certo judeu velho mostrou o lugar em que ela fora enterrada,alguns judeus antigos reconheceram seu nome
okena motakaba,fecho da porta,o que bate na porta
Ta xe maran umẽ i gûabo,"que eu não adoeça, comendo-o",que meu mar não chegue
Aroker xe ra'yra,fiz meu filho dormir comigo,fiz meu filho morrer
Xe posé i keri,dormiu comigo,ele está no meu rosto
Opabenhẽ serã erimba'e a'epe tekoara iî a'oîa'oû?,acaso todos os que estavam ali ficaram a injuriá-lo?,"todos, talvez, já dividiram o seu modo de ser?"
Marã oîkóbo-tepe asé Anhanga rembiaûsubamo sekóû?,mas procedendo de que modo se está como amigo do diabo?,mas como a gente se comporta como se estivesse com o diabo?
Ereîmborype nde angaîpagûera resé nde ma'enduasaba?,tiveste gozo com tuas lembranças de teus pecados antigos?,você se alegrou em ouvir suas maldades?
Mo'ema kó omopu'ã,mentiras levantam,os moços que aqui estão estão
Oporombo'ebo nãîabé sekóû,"para ensinar as pessoas, assim procedeu",não é como se ensina
Xe raîy-raîyk,eu sou fibroso,eu tenho a garganta esvoaçada
Tó te'ĩ kó pirá rekóû mã!,oh! que multidão estes peixes são!,"ah, que bom que este peixe esteja aqui!"
Xe araakasyk,eu sou garrido,eu tenho a pele seca
Oré anangatu,nós somos muitos,nós somos muito fedorentos
turusu bé'ĩ,maior algum tanto,muito grande
Aîpĩ-pin,fiquei-a beliscando,estou me esquivando
pepó-ypy,"encontros das asas, isto é, a parte superior delas, onde vão fazendo a volta e onde nascem as penas maiores",o que é de ponta
Mosapy ipó xe boîáramo nde rekó ereîkuakub,"na verdade, três vezes negarás ser meu discípulo",você reconheceu seu comportamento como meu médico por oito anos
abá ra'angaba,estátua,imagem de alguém
Kó a'e ybaka îandé remiepîakûama oîmonhang,esse fez aquele céu que vemos,eis que o céu fez nossa futura vista
Tekopûera t'aîpe'a t'aîkó umẽne marani,que eu afaste o proceder antigo para que não esteja no mal,vou afastar a vida para que eu não seja assim
Kûarasy 'ara pyterype seneme,ao estar o sol no meio do mundo,quando o sol se encheu no meio do dia
Oker okûapa tekotebẽ suí nhẽ,estavam dormindo de aflição,ele foi expulso da virtude
iké seru-potá nhẽ,querendo trazê-los aqui,querendo assim
Aroŷrõ tekó-poxy,detesto a vida má,detesto o vício
reri ku'i,cal de ostra,farinha de farinha
Aîoîaî,caçôo dele,eu o desviei
"Rumby, xe rapîá","enfim, obedeceram-me","rumby, meu guardião"
Aîkurubixok,esmigalhei-o,eu o furei
ka'aeté,"mata ótima, de boa madeira","floresta, floresta"
Oîmboapy abá kuîaba,os homens esvaziam as cuias,encheu as cabeças das pessoas
Xe pygûaî,eu tenho covinhas,eu tenho a pele pontuda
Ingapema bé peru!,trazei também a ingapema!,também traga o peru!
Xe ybypiar,eu tenho baceira,eu sou um habitante do chão
Anhanga mondyîtabamo,como modo de espantar o diabo,como um objeto de furto do diabo
Te'itenheumẽ mba'e amõ nde motekokuabe'yma,que não aconteça de alguma coisa te deixar ignorante,confesse alguma coisa que você não reconhecerá
"Eîori, xe îarĩ gûé, ta sorybeté xe 'anga nde 'aragûera resé","vem, ó meu senhorzinho, para que esteja muito feliz minha alma por causa do teu nascimento","vem, ó meu senhor, para que minha alma se alegre muito com o seu nascimento"
Xe nhe'engasy,eu tenho palavras ásperas,eu tenho palavras penosas
Aîaó-mondeb,vesti a roupa nele,me desviei
Oîmongetá-py'i-py'ipe asé Santa Maria?,reza a gente muito frequentemente para santa maria?,nossa santa maria está muito aflita?
Aîemĩngatu-pe ká,hei de me esconder bem,escondi-o bem
mbabyîara,"o que porta pestes, coisa pestilencial",o que é de madrugada
N'asendube'ym-a'ubi - Fiz que não o ouvi N'asepîake'ym-a'ubi,fiz que não o vi,não o vejo nem o ouço
T'our kó 'ara pupé oré 'anga moakupa,que venha neste dia para aquecer nossa alma,que venha neste mundo para afastar nossas almas
"S Sebastião 'ara, se'õagûera, cristãos oîmoeté oîemotupana","o dia de são sebastião, em que ele morreu, os cristãos comemoram para se santificarem","são sebastião festejou o dia, o dia em que morreram, e os cristãos o festejaram muito"
"Ogûetepûera pupé oîkŷabo, i mopu'ama kûeîeténe","entrando nos seus antigos corpos, fazendo-os levantar imediatamente","ao ficar dentro de um pano branco, o que deve ser consumido por muito tempo"
"Oîké îugûasu, i akanga kutuka, opá i mombuka","entram grandes espinhos, espetando sua cabeça, furando-a toda","entram os índios, espetando sua cabeça, espetando-a toda"
Opabĩ abá mondyki,todos os homens destrói,todos os homens o furtaram
anhẽp'anhẽ,"mas, de verdade",na verdade
"S Filipe, STiago kó 'ara i moetepyra",são filipe e são tiago são os que devem ser honrados neste dia,"são Filipe, santo estágio, comemora este dia"
Oîoîá te'õ rekóû kunumĩgûasu suí tuîba'e suí bé,a morte está igualmente entre os moços e entre os velhos,a morte é igual a todos os jovens e também aos velhos
moroîuba,amarelidão,o que é de madrugada
Tupã resé marã o ekó o îoupé moîa'oîa'okaba,a partilha entre si de suas obras por deus,o que separa de si mesmo é o que se deve a deus
A'epe Îudas n'oîkotebẽî Îudeus supé o îara me'engagûera resé?,e judas não se afligiu junto aos judeus por entregar a seu senhor?,e não se compadeceu judeus por entregar seu senhor aos judeus?
Asaûsub-a'ub,amo-o em vão,eu o enfeio
Peró rekoaba,o ofício de pedro,a vida dos reis
Xe poreaûsukatu gûitekóbo,estou sendo muito miserável,estou muito feliz por estar aqui
Mba'epe asé apysykabamo a'ereme?,"qual é nosso consolo, então?","qual é o nosso valor, então?"
Îamanõ îepémo serã sepîakagûera abá supé mombe'u e'ymebémo,morreríamos certamente antes que contasse para as pessoas o que viu,você teria morrido se contasse às pessoas o que viu
Iîá mosapyr-y bé pekaî oîepegûasune,"ainda bem que os três, novamente, queimareis em conjunto",ainda bem que você se compadeceu deles
ó-kupépe,"detrás da casa, atrás da casa",no interior da casa
"Xe pixã korine, mã!","ah, beliscar-me-á hoje!","ah, eu sou muito bochechudo!"
tukana tá-poraseîa,pena de tucano para dança,cidade bonita de tucanos
Opîá o akangaobĩ pupé,cobrindo-o com seu véu,espetou-o com sua cabeça
morabuká-katu,bom trabalhador,muito bochechudo
Aî'a-kok,apoio sua cabeça,cortei-o
aoboby,"roupa verde, pano verde",o que se chama
"Yby obu-obur, otumu-tumunga","a terra ferve, ficando a estremecer","terra se envergonha, se envergonha"
Îasepîak îepi i pypora,vemos sempre as suas pegadas,veja sempre os que estão ali
Nd'e'i te'e moxy onhana tatá piririka îá,por isso mesmo as malditas correm como faíscas de fogo,"por isso mesmo, os malditos queimam a fogueira"
Xe keranama mombaka,de meu pesado sono despertando-me,eu tenho o rosto espetado
Sé ruã!,sei lá!,ele mesmo!
"Mbegûé é ko'yté abá tekokuá kanhemi, sesapysopûera kanhemi, o nhe'engabûera ra'ang îepébo","lentamente, enfim, o homem perde entendimento, sua vista aguda de outrora desaparece, tentando inutilmente a fala","certamente, logo, após uma pessoa ter cumprido as coisas, acabará com suas mentiras falsas e com suas palavras falsas"
Itá oîeká-îeká oîopyterybo,as pedras ficaram-se quebrando pelo meio,mandando-o colocar pedras em sua cabeça
Xe katûagûama ri ene'ĩ xe mbogûatábo,"eia, faze-me andar nas minhas virtudes","disse isso ao meu padrinho, me irritando"
"Kunhã rakypûemondóbo, apŷaba n'i apysáî","seguindo o rastro das mulheres, os índios não desistem","ao esconder uma mulher, os homens não o reconhecem"
"Ene'ĩ, temiminõ 'arybo nhẽ oîmombe'u o angaîpá-mirĩ anhõ","eia, os temiminós de dia confessam seus pecadilhos somente","por isso mesmo, ao comer temiminós, confessam somente seus pecadilhos"
Ekûãî moxy mbo'a îandé îusana pupé!,vai para fazer cair os malditos em nosso laço!,que o maldito não entre em nossa casa!
Iesus Nazareno ikó orosekar,eis que procuramos jesus de nazaré,eis que recebemos jesus nazareno
ysá rupi'a,ovos de içá,rio que transborda
miapé-mirĩ,bolinho de pão,um pouquinho de miolo
Eva onhemomotareté 'ybá-poranga resé iî ykyébo,"eva atraiu-se muito pelo belo fruto, colhendo-o",eva se enfeitou muito com o belo fruto que havia na sua cabeça
"Aîmbiré, eîori xe robaké!","aimbirê, vem diante de mim!","aimbirê, vem à minha frente!"
"Tupã 'îaba îandé rubypy i mopore'ym'iré, te'õ 'ari sesé îandé resé béno","após não realizar nosso pai primeiro o que deus havia dito, a morte surgiu nele e em nós também","depois que deus fez nosso primeiro pai morrer, veio também a morte para nós com ele"
Asóp'ixéne é?,"hei de ir, de fato?",será que vou me juntar?
Îandé té t'îabebé Tupãrorypápe nhẽ,"nós, enfim, havemos de voar para o paraíso","que sejamos nós, na verdade, os que fazem a deus felizes"
Xe nhemosako'i e'ymebé turi,veio antes que eu me preparasse,eis que eu estou preparado para vir
Xe pyri marãtekoara,o que trabalha perto de mim,o que está perto de mim
Oubépe nde ruba?,está por aí teu pai?,veio seu pai?
Tupã resé oîepysyrõba'e,os que se salvam em deus,aquele que deus salvou
Xe rakûanhaíb,eu estou com doença venérea,eu sou um pouco más
Aîupi'a-mombor,botei-me os ovos,o afilei
Îandé maranirũ,nossa companheira de guerras,nosso companheiro de guerra
Xe nhemõîetá,eu tenho muitas comborças,eu sou muito bochechudo
O membyra gûygépe onhemonhangyba'e 'arama osepîaka'ub,deseja ardentemente ver o nascimento de seu filho que se gera em seu ventre,vê o nascimento do seu próprio filho no ventre
abá-ate'ymusu,homem muito preguiçoso,homem grosseiro
kunhã-mene'õ,mulher viúva,mulher que dá
T'osepîak-y bé umẽ kûarasy!,que não vejam mais o sol!,que veja também o sol!
Apŷaba nd'e'i te'e o 'ybamo nde mo'ama,por isso mesmo os homens erigem-te em dirigente deles,os homens não dizem que ele te dará como seu substituto
Gûariniãme oporapitiba'e tiruãpe?,mesmo o que assassina na guerra ?,"na verdade, o que é chamado de guariníano é o que é chamado de guariníano?"
Asemi'u-erokûab,servi a comida dele,dei-o à luz
kamusy-oka,casa de telha,casa de dormir
Aîpó eré supikatu,isso dizes com razão,eis que ele te dá muito
"Kori, nã, îandé rekó îandé moarûapa angá","hoje, assim, de modo nenhum impedem nossa estada","hoje, na verdade, nossa vida está nos prejudicando"
Tó! Mamõpe ahẽ rekóû?,eh! onde ele está?,ó! onde ele está?
Opá o boîá nde pópe i mongûapa,todos os seus discípulos para tuas mãos fazendo passar,colocando todos os seus discípulos em suas mãos
"I nem-eté, i tuîuk-eté, tasoka, ura remimongûyamone","serão fedorentos, serão muito podres, corroídos de vermes e de bernes","ele é muito velho, tem muito peso, está manchado, está cansado"
Marãîasûaramo temõ abaré xe 'apiramõneme xe angaîpab'e'ymebé xe re'õ mã!,"ah, que bom seria minha morte ao me batizar o padre, antes de eu pecar","ah, como seria bom se o padre me dissesse isso antes de eu pecar!"
T'i momuru umẽ ma'e îara îandébe,que não prejudiquemos os que portam bens para nós,que este dia nos convém
I xupépe asé îeruréû o 'anga rekorama resé?,a ele a gente pede pelo futuro viver de sua alma?,a ele a gente pede para que sua alma esteja pronta?
Xe remimotarybo asó,vou por minha vontade,vou por minha vontade
Aîpusû'ã-mogûyr,ergui a espinhela,eu o furei
A'ereme îasytatá o apakuîamo,então as estrelas cairão pouco a pouco,"então, como se estivessem deitados, ficariam deitados"
Xe keraíb,eu gemo dormindo,eu estou com diarreia
aîubykara,enforcador,o que é de madeira
Angari abaregûasu arogûatá,"portanto, ando hoje com o provincial",trouxe os habitantes do rio
Sesaý pytumimbyka rupi pé resapébo,fachos para iluminar o caminho pela escuridão,eles vão caminhar pela escuridão para iluminar
Aîkugûab,agradeci-o,eu o amo
T'osyk esapy'a o îukaagûãme,que chegue logo ao lugar de o matarem,que o lancem no seu lugar de culto
Ereîmborype sesé nde posaûsubagûera?,deleitaste-te no teu sonho com ela?,você se alegrou com seu grande comportamento diante deles?
Tupã moabaeté,honrar a deus,deus é muito bom
ramo'ĩ,ainda agorinha,"pouco tempo, pouco tempo"
Xe rekó-apepu-pepu,eu estou muito leve nas minhas coisas,eu sou um pouco diferente das outras pessoas
Xe ambyasy,eu estou faminto,eu estou doente
Anheakã-mobabak,virei-me a cabeça para um e outro lado,eu o enfeitei
Marã-takó ahẽ rera?,qual era mesmo o nome dele?,"qual é, na verdade, o nome dele?"
Asysyrung,enfileirei-o,o furei
opá Paraibygûara,todos os habitantes do paraíba,todos os habitantes do paraíba
Na xe repy-marangatuî,eu não tenho preço alto,eu não tenho muito valor
Mba'epe asé oîmoeté abaré itaîukamusi rupireme?,que a gente honra ao erguer o padre o cálice da missa?,o que faríamos se o padre mandasse colocar pedras nele?
N'aîkuabi a'e abá,não conheço esse homem,não conheço aquele homem
Nde mondabeypó kaûĩ,embebedava-te o cauim,o cauim é o seu verdadeiro ladrão
îandûara,o que é igual a algo ou a alguém,o que é antigo
asé angaîpaba rembyrûera,os restos de nossos pecados,remédio das nossas maldades
"Pe'ĩ, îandé bé îaîekuakub","eia, nós também jejuemos",vocês também nos escondem
O sy rygépe sekó remebé Tupã i mongaraíbi,"durante a estada dele no ventre de sua mãe, deus o santificou",deus o batiza enquanto está no ventre de sua mãe
Peîori pebaka Tupã koty,vinde para vos voltar para deus,venham para visitar a casa de deus
Ara nde i gûaba pupé bé o'a te'õ nde reséne,no mesmo dia em que tu a comeres cairá a morte em ti,"no dia em que você bebe, também morre por causa de você"
S Pedro itangapema osekyî,são pedro puxou a espada,são pedro derrubou a espada
Gûaîbĩ aru amõ Magûeá suí,trouxe as velhas de além de magueá,trouxe alguns pássaros de magueá
Xe ranhasy,eu sou peçonhento,eu tenho diarreia
Asaûsu biã,amo-o,eu o amo
ty-apogûasu,"água cheia grande, maré alta",ilha grande
I moarûapaba t'aîmombe'une,hei de contar os modos de impedi-los,vou contar os que o consumiram
Aîpyeî,lavo-a,eu o furo
A'e karaibypy îeapykaba mondyka,destruindo a descendência daquele primeiro homem branco,aquele antigo chefe que roubou o pão
xe pindaeîtykatyba,lugar costumeiro de minha pescaria,minha pele seca
Ikó abá arur iké ta peîkuab,este homem trago aqui para que o reconheçais,esses homens vieram para que vocês conheçam
"Xe posaká, xe ratã","eu sou moçacara, eu sou forte","eu sou bonito, eu sou forte"
kanhembora,"o fujão, o que tem costume de fugir",o que é chamado de camimbora
Abápe nde?,quem és tu?,quem é você?
turusu-katu-eté,muito maior,muito alto
O emitymbûerypy pupé Tupãpotá-me'engano,dar também o dízimo naquilo que plantou primeiro,dando a vontade de deus em seu primeiro ato
oîepekatu,"todos juntos, todos à uma vez, à uma",o que é feito de madeira
Abebuînhẽ,sou leviano,eu o enfeitei
Onhemoangaîpabeté serã apŷaba?,porventura tornaram-se muito maus os homens?,"os homens, porventura, se tornaram muito maus?"
Abá serã ogûeru?,quem será que a trouxe?,quem trouxe isso?
"Oîá nhote kagûarape, marã?","o que bebe somente o suficiente, que acontece?","e se ele tivesse ido para o cauim, o que acontece?"
Marã-marã-pakó îeí xe rekóû?,"que coisas, pois, eu fiz hoje?","como, então, eu faço hoje?"
Aîkuab-eté nde suí,sei mais que tu,conheço bem você
Opabĩ nde momoranga,embelezando-te totalmente,todos te honram
Nde pópe oré 'anga ruî,em tuas mãos nossa alma está,nas suas mãos está a alma de nossas almas
Xe ratá nde kaîaûama,meu fogo é o lugar em que queimarás,meu fogo será o seu fogo
O'a îandébo kori,nasceu para nós hoje,veio para nós hoje
Marãba'e-p'iã ri?,de que espécie será que é isto?,por que razão?
"Abá mundé supa, i pora rá","examinando a armadilha de alguém, tomando o seu conteúdo","o que faz as pessoas viverem no mundo, para que o desejem"
Aîerok kori seséne,"mudarei de nome hoje, por causa deles",o faço hoje
Mba'epe ké tuî opyka?,"que aqui está deitado, aquietando-se?",o que faz aqui o homem velho?
Arobîar asé rekobeîebyragûama,creio na nossa futura ressurreição,creio na nossa antiga lei
"Pindaîtykara îepotasápe, memẽ o agûasá-poxy supé oîmoîa'ok o embiara, o îara kupébo nhẽ","ao chegarem os pescadores, repartem sempre com suas amantes ruins seu pescado, pelas costas de seus senhores","ao se opor a pedagógicas, sempre faz seu discípulo comer as suas más prostitutas, fazendo-as cair em seu prepúcio"
Ogûeîyb yby apyterype,desceu para o centro da terra,caiu no meio da terra
"Koromõ, keygûara temiminõ moaûîébo, asapekóne","logo, vencendo os temiminós, habitantes daqui, eu os frequentarei","logo, ao expulsar os temiminós, os que vivem ali, os enforcaremos"
Ixé supé,a mim,para mim
T'omoîerekûab orébo,que o faça perdoar a nós,que ele se compadeça de nós
Morubixaba tuîba'e onhe'eng memẽ i xupé,os chefes velhos falam sempre a eles,os velhos chefes velhos sempre falam com ele
Xe moaîu-marangatu aîpó tekó-pysasu,importuna-me muito aquela lei nova,esses velhos costumes me fazem ficar muito felizes
Mba'epe ké tuî?,que está deitado aqui?,"o que há aqui, velha?"
Pekaî oîepegûasune,queimareis em conjunto,vocês querem que ele se apazigue
Na xe rekosûeri,eu não duro muito,eu não sou tolerante
Aîka'u,faço papa dela,eu o comerei
pé-aíba,caminho impraticável,o que é mau
Mbegûé îaîomongetá t'onhandu umẽ abá,baixo conversemos para que não o percebam os índios,falemos frequentemente para que as pessoas o ouçam
îagûara'yra,filhote de cão,o que é galo
Osó kunhã semimbo'e-etá sapirõmo,"iam mulheres, suas discípulas, pranteando-o","uma mulher que é discípula dele vai, muito feliz"
N'i tybangáî setãmbûera Opá akûeîme n'i poretáî,"não existem mais as suas antigas terras todas, desde então, não contêm muita coisa",não há nada falso em todos os tempos
Nde 'ã-kytyngokyne,tu terás a alma limpa,você ficará com a boca espetada
Oîopytera rupi aîasy'ab,parti-o pelo meio,fiquei doente por causa de suas feridas
panakũ-sama,"corda de panacu, a que vai pela cabeça daquele que o leva",pano de algodão
Y anhẽ monhangi kaûĩnamo,a água transformou em vinho,a água é feita de cauim
Emonã îé abá rekóû rãé,dizem que o homem fez assim antes,para que não sejamos homens
moropotaragûera posanga,remédio de nossos antigos desejos sensuais,o que é feito de desejo sensual
"Na oré ruã, oré kyra é","não fomos nós, mas nossos subordinados","não por nós, mas por nossa própria morte"
Aîpó nhẽ! Xe putupab nhẽ nde ri,aí é que está! eu estou surpreso por tua causa,"ah, sim! eu sou muito bochechudo por você"
Te'õ ereîporará,sofreste a morte,você sofrerá a morte
"Pepu'am, t'îasó sapépe sobaîtĩamo","levantai-vos, vamos em seu caminho para encontrá-lo","levantam-se, vamos para o pátio como um pequeno animal"
okaturamo,sendo ele bom,como homem maduro
paranãendy,reflexo ou resplendor do mar,o queima de madeira
Anhanga nhegûasembaba 'ykaraíba,a causa de fuga do diabo é a água benta,o que tem o poder de matar o diabo é o diabo
Ambosyî,levo carga,eu o enfeitei
Xe aîurupygûasu,eu tenho cachaço grande,eu sou muito bochechudo
Aîepysó gûitupa,eu estou estirado,estou me afastando
Xe mendûera ipó re'ĩ,"meu ex-marido há de ser, certamente",meu padrinho certamente é
mosãngatu,remédio bom,"muito bem, muito mal"
Aîur ta xe poî na ûi'îabo ruã,venho não tendo a intenção de que me alimentem,vim para não levantar as mãos
"N'i xyî, na setéî, n'i ypyî","não teve mãe, não tem corpo, não teve começo","não tem sede, não tem sede, não tem sede"
sesá-poropotaryba'e,o que tem olhos que são luxuriosos,o que tem olhos bem-aventurados
Xe pé-pok,eu tenho casca estalada,eu estou manchado
Nde anhõ t'oroaûsu,que somente a ti eu ame,que nos alegremos somente por você
Erimba'endûarûera ixé,"eu sou o que é antigo, o de tempos atrás",eu sou o que você já disse
Aîeká,quebrei-me,eu o procurei
Marãpe erepûar xe resé?,por que bates em mim?,por que você me ataca?
Xe retymãnhemang,eu tenho pernas tortas,eu tenho a coragem de me enfeitar
Aûîebé-te xe só-umani,ainda que eu já fosse,mas agora eu sou homem
Nde resé memẽ oroîkó,contigo sempre estamos,estamos sempre com você
Aîporama resé é peîmongaraíb abaré pyri,é por isso que o batizais junto ao padre,"para me casar, vocês se batizam junto ao padre"
A'epe abaré hóstia pese'õ-etá-etáreme i pese'õmbûera îabi'õ Îandé Îara Îesu Cristo rekóû?,"e ao partir muitas vezes o padre a hóstia em pedaços, em cada pedaço nosso senhor jesus cristo está?","e se a hóstia do padre foi muito pesada, o que foi pesado era nosso senhor jesus cristo?"
Asó xe ruba pé,vou em busca de meu pai,vou ao meu pai
tatobapyygûara,habitante de fronteira,o que é chamado tatábuá
Peîpûá muru!,amarrai os malditos!,puxem o muru!
-Erimba'epe i xóû i xupa? -I membyra São João rurureme,quando foi para visitá-la? -por ocasião da gravidez de seu filho são joão,quando ele veio? quando seu filho são joão veio
paranãngûá,enseada ou baía de mar,"o que é chamado de ""marinha"""
Aûîé ipó!,muito bem!,"ah, é verdade!"
Marãnamope asé santos 'ara kuabi?,por que a gente reconhece o dia dos santos?,por que a gente conhece o dia dos santos?
"Sugûy mombukapa, îaînupã-nupã","derramando o seu sangue, ficaram a açoitá-lo","esbofeteando seu sangue, esbofeteando-o"
Tupã resé tiruã kó nhe'enga reîtyki,eis que até mesmo contra deus murmura,você rejeitou esta palavra sobre deus mesmo
- Xe rembyrĩ gûixóbo,eu me escafedo ao ir,vou embora
Ó-mirĩ pupé ereîkó,dentro de uma casinha estás,você está em uma casinha
"Abápe aîpoba'e oîmonhang erimba'e, sa'angypŷabo?","quem o fez outrora, começando a pronunciá-lo?","quem fez isso outrora, irritando-se?"
Aru-pab pirá,trouxe todo o peixe,trouxe peixe
I pytun xe roka,minha casa está escura,minha casa está escura
"Ereîukaípe kunhã amõ, sesé nde ara'apy'iramo?","forçaste alguma mulher, sendo tu ladino com ela?","você matou alguma mulher, tendo dor dela?"
N'a'ekatuî,não sei,não sou tolerante
Aîaby-eteté xe monhangara nhe'enga mã!,"ah, transgredi muitíssimo as palavras de meu criador!","ah, como transgridei as palavras do meu criador!"
Eremondarõpe nde rapixaba kópe?,furtaste na roça de teu próximo?,você desvirginou sua casa aqui?
-Setápe asé nhemongaraíbi? - Aani - A gente batiza-se muitas vezes?,de maneira nenhuma,as pessoas batizam à medida das horas?
Tupã nhe'enga asa'ang,a palavra de deus experimentei,transgrido a palavra de deus
Aroapy'am,desci com eles,o acovardo
Mba'e-u'uma!,coisa enlameada!,coisa fedorenta!
Nd'e'i te'e mba'e-katu resé oîekosube'yma,por isso mesmo eles não se deleitam com as boas coisas,por isso mesmo não se preocupam com as coisas boas
o îoupé-upé,uns aos outros,no meio dela
Eresó nhẽ peũî,vais definitivamente,"vão, vão, vão"
Aîpi-mondok,corto-lhe a pele,cortei as asas dele
Y piaramo asó,vou em busca de água,vou como cano de água
Nde angerasópe abá-porangepîaka?,maravilhou-te a vista de homens belos?,você teve relações sexuais com alguém belo?
Semimonhangûera îamonhangyne,faremos o que ele fez,vamos fazer as coisas mais difíceis
Aka'amondó,caço,eu o desviei
"Xe anama, erimba'e, tekó-ypyramo sekóû","minha nação, outrora, estava de acordo com a cultura primeira","minha mãe, antigamente, era a primeira pessoa"
Xe arũaíb,eu sou garrido,eu sou rugoso
Peẽ aé-te peîeapirõ,mas chorai por vós mesmas,vocês mesmos se afligem
Sakypûera rupi é îasó,por seus rastros é que vamos,vamos pelo caminho das sepulturas
Ké urutaûrana ruri!,aqui vem um urutaurana,eis que vem um grande urrutão!
Aîaîurar,lacei-o pelo pescoço,eu o acovardo
I mopu'ama kûeîeténe,fazendo-os levantar imediatamente,vai acabar por acabar
pé kugûapaba,baliza do caminho,o que está no pote
"Kûé suí asó mamõ, amõ taba rapekóbo","daí ía para longe, frequentando outras aldeias","daqui fui para longe, visitando algumas aldeias"
Opá sama pupé i apytĩû,com toda uma corda amarraram-no,fiquei dentro de todas as minhas túnicas
"Gûemimbo'e pyri o karûápe, miapé moîebyû gûetéramo","ao comer junto dos seus discípulos, o pão devolveu como seu corpo kapi'ĩ sosé kó tuî, tapi'irusu karûápe - eis que sobre o capim ele está deitado, no lugar em que a vaca come","ao comer com seus discípulos, devolvendo-os como seus próprios servos"
"Endé, Tupã rorypápe aûîeramanhẽ ereîkó","tu, no paraíso para sempre estás","você, na alegria de deus, está sempre presente"
"Perekó potasábo é, perekó i îukábo","tende-o por vontade, tende-o para matá-lo","querendo ter você, você o mata"
andyragûasu-bebé,morcegão voador,sangue muito comprido
Aîur ybaka suí pe rokybỹîa rupi,vim do céu pelo interior de vossas ocas,vim do céu para atravessar suas casas
otĩba'e,o que se envergonha,o que é pequeno
Abebuîkatu,sou leve,estou muito manchado
Kó bé ingapé-kûatiara,eis aqui também a ingapema pintada,aqui também está a roupa de algodão
Kaûĩ aé ruã-tepe ybŷá onong i pupé?,"mas vinho mesmo, de fato, colocam dentro dele?",mas o cauim mesmo é o que está dentro dele?
Aî'abiú,catei-lhe a cabeça,vim
Tynysẽ Tupã raûsuba nde nhy'ãme erimba'e,abundava o amor de deus em teu coração outrora,que o amor a deus esteja firmemente em seu coração
Na sa'ubi iké xe robaké nde rur'e'ymebé,ele não foi mesquinho antes de tua vinda aqui diante de mim,não durmo aqui diante de mim antes de você chegar
Asó umẽpe ky,não hei de ir,vou para longe
Mbobyrîõ ipó erimba'e kunumĩ kanhemi,"alguns somente, outrora, morreram meninos",os moços já estavam em pranto
T'e'i tenhẽ umẽ xe ri o îuru'aramo,não fique ele boquejando a meu respeito,que ele me diga isso como seu nome verdadeiro
Anhanga nde moabaîté,o diabo te agasta,o diabo te faz cair
abá-tekokuabe'yma,homem ignorante,homem ignorante
O'ẽpe erimba'e nde membyra nde i potasápe?,poluiu-se outrora teu filho por tu o desejares?,você já mandou seu filho quando o quisesse?
O angaîpagûera repyme'enga-mbapa,resgatando totalmente seus antigos pecados,pagando por todas as suas maldades
Oroîoerobyk,achegamo-nos um ao outro,confiamos uns nos outros
"Enhambé! T'oú-te muru, ranhẽ","espera! que venha o maldito, primeiro",não! que venha primeiro o maldito
Mokõî pykasu ra'yra i xy ogûerasó îetanongabamo,dois filhotes de pomba sua mãe levou como oferenda,os dois filhos dos índios levaram seu pai como seu guardião
Aîpoba'e tenhẽ n'oîabyî mboîa,"aquele, de fato, não é diferente da cobra","os índios, na verdade, não distinguem as aves"
mendasara resendûara tekori,"hás de confessar primeiro tua atração por eles o que diz respeito aos casados, depois",comportamento dos que se casam
"I angaîpá kó nde boîá, na xe rerekó-katuî","são maus estes teus servos, não me tratam bem","esse seu médico é pecador, não me pode bem"
T'îandé rerasó o orypápe o îoesé îandé moîekosupa,que nos leve para seu lugar de felicidade para nos fazer regozijar consigo,que nos leve para sua casa para nos fazer viver junto a si
Marã e'ipe supîarûera osóbo?,"que disseram seus adversários, indo?",o que disseram os chefes indo?
I abaeté-katu xe rera,é muito terrível meu nome,meu nome é muito falso
xe ramũîa Îagûaruna,meu avô jaguaruna,"minha avó, jaguaruna"
Marã sekó resépe i angekoaíba îekuabi?,por qual estado seu transparecia sua angústia?,como será que a gente reconhecerá seus atos maus?
Aîtyk itasama,lancei a âncora,lanço a espada
Nd'oîmoasyîpe amõ o nhe'engaibagûera iî a'o ré?,não se arrependeram alguns de seus vitupérios após o injuriarem?,alguns não se arrependeram de suas palavras más depois de comerem?
Ybakype i pyri o só îanondé Anhanga ratápe o só suí,antes sua ida para junto dele no céu que sua ida para o inferno,"antes de irem para o céu, para o inferno"
Nde remo'em umẽ abá resé,não sejas mentiroso por causa de ninguém,você sempre fala de alguém
Abá re'õagûera resé og orybamo,alegrando-se com a morte de alguém,como se estivessem preocupados com o erro de alguém
"Oroîu nde momoranga, ore aíba reropó","viemos para te festejar, lançando fora nossa maldade","vêm para te honrar, cumprindo nossa lei"
Aûîé i asu koty é i angaîpaba'epûera oîkóbone,"enfim, à sua esquerda estando os que foram pecadores",a gente vê que os que são maus estão em suas próprias casas
Marã-marã tenhẽ aîkó,procedo muito mal,estou muito aflito
Iîá omanõmo,ainda bem que morreu,quando ele morrer
Kori monẽ asó,hoje eu deveria ir,hoje vou
"T'îasó, mbegûé, îapu'ama","vamos, devagar, para fazer o assalto","vamos, devagar, para queimar"
Xe rapó,eu tenho raízes,eu sou redondo
Paranãmbora ri aîkó,vivo de mariscos,estou na rede de pesca
Sekoba'e ixé,eu sou acostumado,eu sou o que é comum
Mba'e nungarape aîpó graça i moangaturãsaba?,"semelhante a que é essa graça, o meio de fazê-los bons?",em que lugar a graça é honrada?
"Tubixá-katu Aîmbiré, apŷaba moangaîpapara","o grande chefe aimbirê, o pervertedor dos índios","muito velho, o aimbirê, o que faz com que os índios pecem"
Nde poropotare'yma t'oîakatu xe resé,tua pureza seja igual em mim,que não queiras que ele se compadeça de mim
Nebe oronheangerur oré poasemamo,"a ti suspiramos, gemendo",ele nos fez vir como nosso guardião
Sugûy turusu ybype osyryka,"seu sangue era muito, escorrendo no chão",seu sangue escorreu muito para a terra
"Pe ratãngatu resé gûiîekoka, asó-potá","apoiando-me na vossa valentia, quero ir","estou me aproximando de vocês, querendo ir"
itakurubi-tyba,ajuntamento de pedregulhos,ferro grosso
"Putunusu porarábo, oroîkotebẽngatu","suportando a escuridão, estamos muito aflitos","suportando a grande fome, nos aproximamos muito uns dos outros"
Peîpoûsub ymẽ,não o temais,vocês costumam se enfeitar
"O'u nhẽpe a'e 'ybá, tegûama, Tupã 'îaba?","comeu aquele fruto, causa da morte, que deus dissera?","mas aquele braço, o teguma, o nome de deus, não o comeu?"
Oîabypemo abá Tupã nhe'enga emonã sekokuapa?,transgrediria o homem a palavra de deus assim os conhecendo?,"alguém, porventura, aceita a palavra de deus, fazendo-a cumprir?"
iî apé,o lado direito dele,por aí
I pe'ybĩ nakó tapiti kûara,"está limpa, como se vê, a cova da lebre",esses tapitios estão muito curtos
Mobype tubixá-katu kybõ?,quantos são os chefes principais por aqui?,quantas são as grandes cabeças daqueles?
Aîapûapyk,apanhei-as,eu o enfeitei
îukyrapu'a,bolota de sal,"algodão, algodão"
Aîkuabe'u-be'u,fiquei-o contando,me enfeitei
morepy me'engara,"o que entrega os reféns, o redentor",o que dá dinheiro
Umãmepe a'e putunusu pitanga nhemongaraibypyre'yma rekoaba rekóû?,"e onde está aquele limbo, morada das crianças que não foram batizadas?",onde está a condição de não ser batizado daquele neném?
Ereropûar ybyrá nde remirekó resé!,bateste com um pau na tua esposa!,você bateu na cruz com sua esposa!
Xe pyta'ã-ta'am,eu me fico levantando nas pontas dos pés,estou ficando com a pele puxada
miîukarambûera,o que seria morto,"o que é chamado de ""pintura"""
Xe atá-îaî,eu tenho o andar escarrapachado,eu tenho diarreia
O aysó abé osepîak,sua própria formosura também viram,seus discípulos também o viram
setapokãba'e,"o que é raro, poucas vezes visto ou que se não acha a cada passo",o que é grosseiro
mba'e-apina,coisa rapada,coisa seca
Okuî rakó amũme 'ybarambûera o 'yba suí ybotyramo oîkóbo bé,"caem, às vezes, os frutos das suas árvores, sendo ainda flores","ainda que os que estavam ali estavam presos, também estavam presos de seus braços"
T'îasó maranatãûãme?,havemos de ir à árdua guerra?,vamos para o lugar de batalha?
Iî aŷpy rupi eîasy'ab,corta-o pela sua base,você se aflige por aí
Tupã tari,deus o tomou,deus é o senhor
Ereîpytybõpe abá mondá resé?,ajudaste alguém num roubo?,você se apropriou de alguém por roubar?
Ereîmoîebype kaûĩ?,vomitas cauim?,você fez cauim de novo?
Mba'epe erimba'e oîmonhang 'aramo?,que transformou outrora em mundo?,o que fizeram quando ele disse isso?
I angekoaí-katu serã Îandé Îara i mongetapukûabo?,"será que nosso senhor estava muito angustiado, longamente rezando a ele?",será que nosso senhor foi muito mau ao fazê-lo invocá-lo?
Nd'e'ikatuîpe abá o anameté resé omendá?,não pode alguém casar-se com seu parente verdadeiro?,alguém não pode casar com seu próximo?
"T'i nhyrõngatu kori îandébo, pindá me'enga","que eles bem perdoem hoje a nós, dando anzóis","que sejamos muito salvos hoje, dando o pão"
Erenhemoa'ypupukype nde poropotaramo?,"tu tiveste polução, tendo desejos sensuais?",você se tornou famoso por ser um homem sensual?
tatá-endy-etá,muitas chamas de fogo,fogo intenso
Temiminõ 'arybo nhẽ oîmombe'u o angaîpá-mirĩ anhõ,"os temiminós de dia confessam seus pecadilhos, somente",somente ao lado de temiminós confessam seus pecadilhos
"Saûsupara, aîuruîuba, mokaba ogûeru tenhẽ","seus amigos, os franceses, trouxeram armas de fogo em vão","trouxeram logo os sauceiros, os índios e os moçacas"
T'orobasẽne ybakype nde îepîakukasápe,"havemos de chegar ao céu, ao lugar em que tu te revelas",que você vá para o céu ao se ver
Oú-mo'ang pe mondyîa,pensa em vir para vos espantar,fingem que vem para vos furtar
Nde resa'y eîmondyky seroŷrõsápe,"destila tuas lágrimas, por detestá-los",abre suas lágrimas quando ele te maltrata
"Anhanga nde moabaîté, nde suí osykyîébo","o diabo te agasta, de ti tendo medo","o diabo te ameaça, fugindo de ti"
"Sobaké Anhanga onheŷnhanga, i mokona motá","diante deles os diabos ajuntando-se, querendo engoli-los","o diabo está irritado com muitos, fazendo-os cair em dúvida"
Eîori i mosykyîébo,vem para amedrontá-lo,vem para amá-los
Abanherane'yma ixé,eu sou homem manso,eu sou indiferente
Xe rasok,eu tenho vermes,eu sou leproso
taîasu rokaîa,curral dos porcos,casa dos índios
Aîasy-'ab,cortei um pedaço dela,fiquei deitado de bruços
Xe 'a!,meu senhor!,eu sou um!
N'aîkóî ipó irã tuîba'eramo ranhẽne re'a,tomara não seja eu o que jazerá primeiro,certamente não estarei mais velho
itá-kûarusu,furna em penedos ou rochas,pedra grossa
"Oîeîukaaíb-eté serã serasoaretá a'ereme, oposẽ-posema?","acaso insistiram muito, então, os que o levaram, ficando a gritar?","será que se tornou muito mau, se tornasse muito mau, querendo se opor?"
Aîkupy-pûar,amarrei-lhe as pernas,eu o acovardo
T'oré angaturãne oré îekosubagûama ri,que sejamos dignos do lugar futuro de nosso regozijo,que sejamos dignos de nos honrar
Asenõî nakó naeroîaî turi,"chamei-o, de fato, mas nem por isso veio","assim que o chamo, não o faço vir"
sendybangã,canto dela,o que é branco
Xe peré-pereb,eu sou muito perebento,eu estou muito manchado
Aîepyk ipó irã seséne,"vingar-me-ei dele no futuro, certamente",certamente o castigarei
Nd'arobîari Makaxera,não confio em macaxeras,não acredito em machaceré
Oka aîyby-apetek,barreei a casa com terra,saiu com muita água
"I amotare'ymetébo, perekoaí-aí","detestando-os muito, tratai-los muito mal","sendo muito desonesto, vocês se comportam mal"
Tekotebẽ suí nde nhy'ã-boke'ymi,tu não tens o coração arrebentado de aflição,seu coração não se rompeu por causa da virtude
O ké-poxy omboryba'e,o que se compraz em seu sonho mau,o que se deleita com suas maldades
pokangi nhõte,raro,apenas um pouco
"Ybaka rasapa, osó, nde reîá","atravessando o céu, foi, deixando-te","passou o céu, foi, fazendo você revirar"
Xe poronupã îá,"eu açouto gente, de costume",ele me faz ficar feliz
Xe py resé nhẽ asó,vou a pé,vou apenas com meus pés
Tatá ypype oîepegûabo,aquecendo-se perto do fogo,fazendo-os cair no fogo
"Xe îar, na xe angaturami ã a'emo ereîké xe py'ape","meu senhor, eis que eu não sou digno de que entres em meu coração","meu senhor, eis que não sou bondoso se você entra no meu coração"
Kunhã kuaûká i mena supé,acusando uma mulher para seu marido,conhecendo uma mulher para seu marido
Abá supépe asé îeruréû o 'anga rekokaturama resé?,para quem a gente reza pela felicidade futura de sua alma?,para quem a gente pede a virtude da sua alma?
Iîamuru! Mokõîbé pekaî oîepegûasune,bem feito! ambos queimareis em conjunto,lamento você! você quer que ele se compadeça de você duas vezes
"Xe rureme, asobaîtĩ xe remierekopûera","ao vir eu, encontrei o que guardara","quando eu vier, farei desaparecer meus atos passados"
A'e-p'ikó?,e este?,isso é verdade?
A'é benhẽ,digo novamente,eu estou de novo
"Akó 'y asé reté moîasuka îabé, akûeîa îabé","assim como esta água lava o corpo da gente, aquela também","essa água também abre nosso corpo, fazendo-o beber também"
Moraseîa rerobîara i py'a îaîporaká,a crença na dança enche os corações deles,a crença nas danças encheu seus corações
Kokoty paranã aé rame'ĩ o abaetéramo erimba'e gûekoagûera sosé,"e por outra parte, semelhantemente, o próprio mar será mais terrível do que é seu costume","o próprio mar é o meio para onde ele já estava, como seu substituto"
Omboasy-katu o angaîpaba o py'ape,arrepende-se muito de seus pecados em seu coração,arrependeram-se muito de seus pecados em seu coração
Ereîkytykype nde ragûyrõ?,esfregaste teu pênis excitado?,você cortou o prepúcio do seu prepúcio?
Atypy-a'ang,medi a profundidade dele,fiquei com a cintura esvoaçada
N'osa'angi-tep'akó nhembo'e ko'arapukuî?,mas não se esforçam esses por aprender sempre?,não esgotam verdadeiramente as aulas de hoje em diante?
ebokûeîba'e a'e,isso mesmo,aquele que é velho
"Ahẽ, teumẽ serobîá!","oh, guarda-te de acreditar neles!","ei, acredite nisso!"
"Enhambé! T'oú-te muru, ranhẽ, o nharõ rerobasema","espera! que venha o maldito, primeiro, chegando com sua ferocidade","não! que venha primeiro o maldito, que acredite em seu próprio inimigo"
Aîpysy-potá-katu morepenhandara ri,quero muito apanhá-las com os que atacam as pessoas,quero muito me esconder diante do desejo sensual
"A'epe kunumĩgûasu kunhã oîmomosemba'e, onhegûasema memẽ?","e os rapazes que perseguem mulheres, fugindo sempre?","e os rapazes que perseguem mulheres, que se masturbam sempre?"
Xe resá-oby,eu tenho olhos enevoados,eu tenho os olhos esfolados
Na xe apysáî,insisti,eu não tenho orelhas
Marãmo ahẽ rekóû o mba'ekaturamo xe suí?,por que ele vive tendo coisas boas mais que eu?,"como ele se comporta, sendo bom, em vez de mim?"
"I nhe'enga abŷabo-tekatu, i momburûabo","suas palavras transgredindo muito, amaldiçoando-o","suas palavras são muito falsas, irritando-os"
Aîkumirik,esmigalhei-o,eu o enfeitei
Abebé kó ybytu îá,vôo como este vento,este vento está cheio
Eîotĩ nde kesaba xe porupi,amarra tua rede ao lado de mim,abra sua rede de roupas ao meu lado
Xe abé taîasugûaîa,eu também sou um porco,eu também sou um taiaçuá
Aîpyapasá-mondeb,pus o sapato,faço-o passar
Aîme'eng mba'e xe ruba taté nhẽ,dei coisas para outra pessoa que não a meu pai,"dei as coisas ao meu pai, para que eu as pudesse dar"
Penhemoma'enduar ambyra 'angûera,lembrai-vos das almas dos defuntos,lembrem-se da alma dos filhos
Tekó-katu aby potare'yma,não querendo transgredir a boa lei,não querendo viver bem
ko'ẽme,ao amanhecer,"de manhã, de madrugada"
A'ekatu eboûinga resé,sei fazer isso,estou cansado por causa da sua morte
Xe nhe'ẽmbyk ahẽ,ele me deixou sem palavras,eu sou muito bochechudo
I pyrybé perobîá,acreditai um pouco mais nele,confiem nele
Nde pytuẽ Na satãngatuî maíra!,descansa não é muito forte o maíra,"sua respiração é muito boa, não é?"
Marãpe Tupã i moposara rerekóûne?,como deus fará com os que os cumprem?,como deus tratará aqueles que o castigam?
"Putuna îudeus i pysykagûeramo sekóreme, cristãos rorybe'ymamo","a noite em que estava ele como presa dos judeus, os cristãos não estavam felizes","quando a multidão dos judeus o perseguem, os cristãos não se alegram"
Xe só abé,assim que eu vou,eu sou único
koba'e îá,"como isto, como este",este outro
yby'ã-by'ama,barrancos,madeira fina
N'omoetéî o monhangara,não honram seu criador,não honram seu criador
A'e ré t'asepenhan!,"depois disso, hei de atacá-los","depois disso, que eu o queime!"
Xe membyrasy,eu tenho dores de parto,eu tenho dor de parto
Îandé rokesỹ memẽ anhanga,toma-nos a dianteira sempre o diabo,o diabo sempre nos abre portas
-Esapîá-te!,"tu, ao contrário, obedece a ele!",basta que o espine!
Esepîak xe mara'ara t'eresaûsubar xe 'anga,vê minha doença para que te compadeças de minha alma,veja meus doentes para que tenha compaixão da minha alma
Akanetá-pyrã-beraba reroínano,tendo também coroas vermelhas e brilhantes,devolvendo o diabo que é muito bom
y-atã,rio direito,"água benta, água benta"
A'e ré kori îasó tubixaba akanga kábo,"depois disso, vamos hoje para quebrar as cabeças dos reis","depois disso, vamos hoje para cortar a cabeça dos reis"
"Gûaîxará kagûara ixé, morûara, moroapŷara, anhanga morapitîara","eu sou guaixará bebedor de cauim, comedor de gente, queimador de gente, diabo trucidador de gente","eu sou guaixará, guajiro, guerreiro, guerreiro do diabo"
"Onhemomboreaûsub, o angaîpaba moasŷabo","se humilha, arrependendo-se de suas maldades","se compadeceu, lamentando seus pecados"
Xe py'a-tytyk,eu tenho o coração palpitante,meu coração está trêmulo
kabaru repanakũ,a sela do cavalo,cavalo que está deitado de bruços
Aseé,ralo-o,eu o fiz
Ndaeroîaî o ekoangaîpagûera repyme'engagûama resé o putupabamo,nem por isso se importa com o resgate de seus antigos pecados,não se opõe ao pagamento dos seus pecados como pena
Soryb,ele está feliz,ele está dormindo
Akanhem kó ixé re'a,eis que agora eu pereço,"aqui estou eu, de fato"
"Esykyîébomo, ereîkó-katumo","tendo medo, farias bem","se você se esconde, pode viver"
"Îamongûá moxy ru'uba, i xupé îaîemoîtỹamo","fazemos passar as flechas dos malditos, diante deles esquivando-nos","vamos trazer os malditos para longe, como se dissessem a ele"
Akoraka'e 'ara nhemonhang'iré,"naquela época, após criar-se o mundo",eis que é assim que o dia se começa
T'îaîmombe'u é irã i îepaboka,havemos de anunciar futuramente sua partida,vamos contar a verdade sobre sua morte
Tupã supé ûiîerurébo,orando eu para deus,pedindo a deus
Eîmo'ẽ nde resa'y,derrama tuas lágrimas,lance suas lágrimas
emonãneme,se for assim,quando ele se aproxima
Marãîasûaramo asó mã!,que bom seria se eu fosse!,"ah, como um maldito vou!"
Ema'ẽ-te ranhẽ!,mas olha primeiro! olha cá!,basta olhar primeiro!
"T'îaîuká xe mena, a'ereme t'îamendar îandé îoesé","matemos meu marido e, então, casemos um com o outro","que matemos meus súditos, para que nos perdoem juntos"
"Îu, anhangap'ikó ri?!","oh, por acaso isto é o diabo?!","ei, eu o faço assim?!"
Aîmoa'ypab,esfalfei-o,eu o enfeitei
Ereîar tenhẽpe abá mba'e amõ?,"tomaste, sem razão, alguma coisa de alguém?",você tomou alguma coisa de alguém em vão?
Anhonongatu o îoupé,reconciliei-os um com o outro,eu o protejo bem
Ta xe rarõ memẽ îepi,que me guarde sempre,que me faça sempre voar
Tupã îepîakukari xebene,deus revelar-se-á a mim,deus se revelou a ele
Marãmo ahẽ rekóû o mba'e-katuramo xe suí?,por que ele vive tendo coisas boas mais que eu?,"como ele procederá, sendo seu dono, em vez de mim?"
Îori xe rekomonhanga,vem para me governar,vem para me honrar
Osem-y bépe irã a'e suíne?,sairão ainda futuramente dali?,também foi para longe dele?
i mokunhãetepyra,a que é alforriada,o que é cortado
sye'yma,"o sem mãe, o órfão de mãe",o que não tem corpo
Nde py'anhemongetápe kunhã amõ resé?,pensaste nalguma mulher?,você teve seu coração escondido por alguma mulher?
Asapi'anupã,castrei-os,o acendi
"Ikó îu'i, xe rupîara, t'ere'u","estas rãs, minhas presas, que as comas","este fruto, que eu guardo, que você coma"
Oîmonhang ipó kori milagre amõ xe robakéne re'a,vamos ver se fará hoje realmente algum milagre diante de mim,"certamente, hoje algum milagre me acontecerá"
Sygépe o eterama Tupã tari,em seu ventre deus recebeu seu próprio corpo,"no seu ventre, deus fez seu próprio pai"
Eseîyî-ukar umẽ iké suí xe retama,não o deixes afastar daqui minha morada,minha terra deve sair daqui
omanõmo,morrendo ele,quando ele morre
Oîpotarĩ-p'amẽ abá erimba'e o îuká?,preferiam outrora as pessoas que as matassem?,"alguém, porventura, quer assassinar-se?"
"Gûaîxará kagûara ixé, mboîtiningusu, îagûara, morapitîara","eu sou guaixará bebedor de cauim, grande cascavel, onça, trucidador de gente","eu sou guaixará, cauim, grande chefe, jaguar, guerreiro"
Ereîmoingópe abá 'aretéreme marã i moporabykŷabo?,"empregaste alguém por ocasião de um feriado, fazendo-o trabalhar em algo?","você fez alguém se sentir mal, fazendo-o trabalhar?"
Aîmoeté-katupe xe ruba ká,hei de louvar muito meu pai,honro bem meu pai
Aroby-katupe ká i porangepîá-katûabo,hei de me aproximar muito dela para ver bem sua beleza,"faço-os ficar muito aflitos, fazendo-os ficar muito bonitos"
Oîkotebẽba'e moapysyka,consolar os aflitos,detestando os que são bons
Xe kerapará-parar,eu estou caindo de sono,eu tenho o brilho muito brilhante
Arasó-nhemim,levei-o secretamente,levei-o escondido
"Oroapy kori, îandu!","queimo-te hoje, como de costume!","vamos dormir hoje, vamos!"
"T'akûáne pe renondé, pe manhanamo, ranhẽ","hei de ir adiante de vós, como vosso espião, primeiro","vou ir à sua frente, como seu guardião, primeiro"
Aîukasûer,quase o matei,eu o matei
apytaîyka,"mingau grosso, massa",o que está parado
Onheŷnhang umã sesé gûaîbĩ tuîba'e abé,já se juntaram por causa disso as velhas e os velhos,também se juntaram alguns velhos e velhas em suas casas
Kobé aîkó nde ra'yrangaîpabĩnamo,eis que aqui estou como teu filho pecador,aqui estou como seu verdadeiro filho
xe kó robapy,o limite de minha roça,este meu rosto
so'o paba,a mortandade da caça,carne de vaca
Xe agûy-agûy,eu estou cambaleando,eu tenho sangue escorrendo
Abá serã xe îabé?,quem será como eu?,"quem será, assim como eu?"
Anhanga pó gûyrybo nhẽ sekóû,sob as mãos do diabo está,está sob as mãos do diabo
Mba'epûera peîépe?,dissestes tolices?,o que vocês fizeram?
"Îori, anhanga mondyîa, oré moaûîé suí!","vem para espantar o diabo, para não nos vencer","vem, espantando o diabo, para que não nos vença!"
Ta pesó peîekosupa i potarypyra ri,que vades regozijar-vos com o que é desejado,que vocês vão viver segundo a vontade deles
Oîoasykûera ri îasûaramo oîoerekóbo,tratando-se uns aos outros como que numa fraternidade,tendo-os como seus súditos
Aînhe'ẽpoepyk Pero,replico a pero,falo mal com pedro
i aŷpy atyká-tykábo,sua cerviz ficando a esmurrar,espetando suas entranhas
A'uba nhote i por re'a,há de ser coisa insignificante somente,somente o pássaro o atrai
Aîkobé n'ixé sarõana,permaneço eu o seu guardião,não vou me afastar daqui
"Pysaré, i ka'ugûasu riré, asó abá rerobobõmo","a noite toda, após sua grande bebedeira, vou falar aos ouvidos dos índios","logo que o deixaram, fui para acreditar nas pessoas"
I poxyba'e tasara te'õ ogûar o îoupé,"os que são maus, que o tomam, recebem a morte em si",os que são maus sofrem a morte dentro deles
só-kyra,folha tenra,cavidade da flecha
Tegûama porarasara,o que se defronta com a morte,o que leva à morte
I moasyagûera repyramono,como recompensa também de seu arrependimento delas,pagando os que o mataram
Oîoesé te'õ 'asápe abá 'anga re'õû nhẽ,"ao cair a morte neles, as almas dos homens morrem","na mesma morte, a alma de alguém desaparece"
Mba'e abépe asé 'anga remi'u?,qual é também o alimento de nossa alma?,o que é que dá à nossa alma para comê-la?
A'eboé Tupã ra'yramo anhemoingó re'a,muito a propósito comportei-me como filho de deus,"por isso mesmo, como filho de deus, fiz você"
Yby anhẽ nipó asé ro'o?,"porventura é terra, na verdade, a nossa carne?","a terra é, na verdade, a nossa terra?"
"Kori, nã, îandé rekó îandé moarûapa angá","hoje, assim, nossa estada de modo nenhum nos impedem","hoje, na verdade, nossa vida está nos prejudicando"
Xe ruru,minha embarcação,eu sou vadio
Inimbó'i amõ reru,trazendo algumas linhazinhas,trouxe algumas flechas
Xe ra'yra berame'ĩ arekó,trato-o como se fosse meu filho,tenho meu filho como futuro pai
A'e niã Tupã sy irũnamo Tupã Jesus mongakuasaramo sekóû,"ele, com a mãe de deus, foi o que criou a jesus, deus","ela é, portanto, a mãe de deus, com a qual deus jesus é pregador"
A'e miapepûera abaré oîmbo'i re'a,"aquele pão o padre o partiu, certamente",esses miépupus eram aqueles que o padre ensinava
São Matias S Pedro o irũetá resebé tari apóstoloramo,"são pedro, com seus companheiros, tomou são matias como apóstolo",são matias e são pedro foram seus companheiros como apóstolos
T'îasó xe irũnamo Nhoesembépe nhote,vamos comigo somente até nhoesembé,vamos somente em nome de nhoesembé como meus companheiros
Tapi'irusu sarûápe kapi'ĩ anhẽ rerupa,colocando o boi capim às pressas para impedi-lo,trazendo um pouco de farinha para o saruaçu
N'i aîarõî Îesu Cristo taté é te'õ suí i îepirapûana,não faz sentido ele fazer a defesa da morte fora de jesus cristo,"não espero que ele se afaste da morte, na verdade, de jesus cristo"
T'asóne - Hei de ir T'orosóne,havemos de ir,vou ir
"O eîmbaba îagûara resé oîepyka, abá n'oîmomba'e'uî","para se vingar de seu cão que cria, um homem não o alimenta","se preocupando com o que é consumido, ninguém o elimina"
Esa'ãngatu,pronuncia-o bem,estou muito cansado
I apysy-katueté,eles se consolam muitíssimo,estou muito molhado
Ta xe pysyrõ marãtekó suí,que me livre das dificuldades,livra-me deste mundo ruim
Ereîeapysaká-katupe nde nhemombe'urama resé?,deste atenção a tua confissão?,você ficou muito cansado de confessar-se?
Nde resa'y eîmondyky,destila tuas lágrimas,abre suas lágrimas
Oú tenhẽ xe pe'abo,vêm em vão para me afastar,veio mesmo para me vencer
"Tupã robaké eîkóbo, xe suí nd'eresyryki","estando diante de deus, de mim não te afastas","esteja junto de deus, não se afaste de mim"
Xe 'apiraíb,eu tenho usagre,eu sou muito bochechudo
"Tupana rerupa, i por nde rygé","contendo a deus, está cheio teu ventre","trazendo a deus, ele está em você"
"Aîpó n'i papasabi, kûarasymo oîké îepémo!","isso não tem meio de se contar, ainda que o sol se pusesse!","esse não seria o seu destino, se você tivesse ido ao sol!"
"Akó xe îubykarûera, tataûrana!","esse é meu antigo enforcador, uma taturana","esse é meu antigo inimigo, taturana!"
apŷabaíba rekoaba é,característica de homem mau,a condição dos homens maus
Ndebe oronheangerur,a ti suspiramos,nós nos aproximamos de você
Oré remi'u 'ara îabi'õndûara eîme'eng kori orébe,nossa comida de cada dia dá hoje para nós,dá-nos hoje nossa comida para o dia
Kûesenhe'ym bé sepîá-potá tenhẽ roîré,"depois de querer vê-lo, em vão, desde muito tempo atrás",não falarão mais depois de quererem nos enterrarem
"Mboîa o emindu'u rekobé mokanhemukar-y îanondé, o ekobé reîari o akanga patukasagûerype","a cobra, antes de fazer destruir a vida daquele que morde, deixa sua própria vida, ao pisarem sua cabeça","antes de uma vaca se alimentar de suas velhas, ela também se põe na testa, espetando-se"
Mba'e 'u-eté-eté robaîara oîá nhote mba'e 'u,o oposto do comer demais é comer somente o suficiente,quem come coisas verdadeiras é quem come somente coisas
Oîakatu nhote okagûabo-eté,bebendo cauim só o suficiente,apenas se aproximam muito
Îekuakuba oîkoé so'o gûabe'yma suí,o jejum difere de não comer carne,os que vivem aqui são animais que não têm carne
Se'yî i kuabypyre'yma,são numerosos os que não são conhecidos,ele se desanima por não saber
"Oporomoingobébo rame'ĩ, na supi ruã-te","como que fazendo as pessoas viverem, mas não de verdade","fazendo-os trabalhar, não somente por causa deles"
Se'õ,ele morre,ele está morto
"Aûîeté, kó anga andupa, aseîá kûesé xe roka","certamente, eis que percebendo isso, deixei ontem minha casa","verdadeiramente, tendo conhecimento desta maldade, deixei minha casa hoje"
Xe are'a,eu tenho pés tortos,eu estou manchado
N'aîkóî sesé ko'yté,"não tenho a ver com ele, enfim",não estou com ele hoje
Lisboa amongoty,para adiante de lisboa,a cidade de lisboa está aberta
sobábo,à vista dele,"na ponta, na ponta"
okena robapy,o limiar da porta,tranca da porta
Îudeus rubixabapiã nde?,acaso tu és o rei dos judeus?,você é o chefe dos judeus?
itaaoba monhangara,"armeiro, fazedor de armaduras",criador de suas casas
Itá resé aín,estou preso nos ferros,estou deitado sobre uma pedra
Our i moapysyka,vieram para consolá-lo,vem para detê-los
Xe pysasu,eu sou novo,eu estou inchado
Opá îandé moputupabymo,a todos nós espantaria,para nos destruir a todos
Xe remirekoe'õ,eu enviuvei,eu sou casado
"Aîpó potá é erimba'e nhemoapŷabi, Tupãnamo o ekó po'ire'yma","querendo isso, fez-se homem, não deixando de ser deus","embora ele quisesse isso, outrora o fez agir assim, sem se preocupar com a deus como seu ser"
Aûîé ruãpe?,é o suficiente?,por acaso?
Ereroŷrõ-mbápe o îoesé i îerobîara?,detestas completamente a confiança dele em si mesmo?,você desvirginou sua confiança em seu próprio pai?
Aîkyty-kytyk mba'e-kagûera pupé,fiquei-o esfregando com coisa gordurosa,esfreguei-o com uma coisa branca
Oporaseî pysaré,dançaram a noite toda,o que está no pescoço está amarrado
Asé oîpoûsubeté opakatu i poûsubypyra sosé,a gente o teme mais do que tudo o que deve ser temido,nós estamos muito aflitos com todos os que são aflitos
Na ixé ruã,eu não,não sou eu
"Marangatuba'e, santos ybakype, Tupã repîakaretá, osasá 'ara ro'y remierekó papasaba","os bem-aventurados e os santos no céu, que vêem a deus, ultrapassam o número dos dias que o ano tem","os bem-aventurados, os santos no céu, que veem a deus, festejam o feriado de um mês"
A'e ré t'asepenhan,depois desse momento hei de atacá-los,"depois disso, vou me enforcar"
Putuna nd'îaîandubi xûéne,a noite não perceberemos,a fome não se sentirá mais
T'oré pyatã,que nós sejamos corajosos,que sejamos fortes
Naînanĩ temiminõ o erumûana mombó,de modo nenhum os temiminós tiram seus nomes antigos,os temiminós não honram seus antigos pecados
Aîeatykok gûitupa,estou-me apoiando sobre o braço,"o esfreguei, me esfreguei"
Aî'abo'o-bo'o,escabelei-o,eu o furo
"Xe raûsubá-mirĩ temõ abaré, amongoty nhõte xe moinuká mã!","ah, quem me dera tivesse o padre um pouquinho de piedade de mim, mandando-me pôr em outra parte!","ah, o padre me amava muito, me dera que me matasse apenas por causa disso!"
T'oîapysaká a'ereme marã o 'anga moingó-katuagûama resé,"que ouça, então, alguma coisa, para fazer estar bem sua alma",que se preocupem com o que farão para fazer bem às suas almas
I py'apûera xe potabamo t'oîkó,seus fígados hão de ser minha porção,que o que está no seu coração seja meu servo
tupãoka arõana,apropriada para igreja,o que está na igreja
Sasy asé 'anga asé reté suí i îa'oka,dói a separação de nossa alma de nosso corpo,a nossa alma se afligeu de nosso corpo
Îepémo xe só umani,embora eu já tivesse ido,se você tivesse me ajudado
I mombe'ukatupyramo ereîkó kunhã suí,bendita és entre as mulheres,"você é, como uma mulher, o que é contado por ela"
Xe tegûam,eu tenho peçonha,eu sou um pouco más
Eîkuá ra'u nde ri opûaryba'e!,"adivinha, vamos ver, o que bateu em ti!",sabe bem que o que se aproxima de você é comida!
Mba'e-asy porarábo Tupana resé,suportando as coisas dolorosas por causa de deus,sofrendo coisas dolorosas por causa de deus
Anga îápe pe roka?,como estas são vossas casas?,onde estão vocês?
eboûĩ suí,"daí, desse lugar",daqui em diante
N'asasabi i popytera,não cruzei suas palmas das mãos,não conheço seu pai
Anhanga momosembara,perseguidora do diabo,o que faz o diabo correr
N'i tyb-etáî semyrûera,não há muitos restos deles,não há absolutamente nenhum seu nascimento
Osekomonhangype a'ereme Tupã îandé rubypy?,"deus deu, então, determinações para nosso pai primeiro?","deus, primeiro, fez a gente viver?"
Aty-ypy-a'ang,eu meço a profundidade do rio,arrancando a ponta da árvore
Omonhe'enguká temõ Tupã te'õmbûera!,que bom seria se deus mandasse fazer os cadáveres falarem!,"ah, quem me dera que deus tivesse matado alguém!"
"Sarûab amõme asé posangygûaba, mara'ara moîerobu-bé-uká, amõme i pe'arunga o arûabíreme","não faz efeito, às vezes, nosso remédio, fazendo avivar mais a doença, às vezes por sua ineficácia em afastá-la","às vezes a gente fica feliz, fazendo com que os doentes se afligam muito, às vezes os aflige quando se afligem"
Sugûé-katu,ele virou cinza completamente,ele é muito grande
Purgatório pupé osoba'e,as que vão para o purgatório,aquele que foi ao purgatório
xe ambyasy posanga,lenitivo de minha fome,a beleza da minha lua
Nde rupiri nde moetesápe,fez-te subir por te honrar,você está deitado de pé no lugar onde está deitado
Osaybi amana,a chuva caiu lentamente,o maldito se enche
Kunhã-kûare'yma gûeté-marane'yma bé ogûeromanõba'epûera,mulheres virgens que morreram com seu corpo incorrupto,as mulheres que não são casadas e que não são casadas também são vítimas de morte
oîoirundyk îeapyká sykápe,no transcorrer de quatro gerações,no meio das armadilhas
Aîmoabangab,desobedeci a ele,eu o enfeitei
"Tupã osaûsupe'a, sesé oîerobîá-bebuîa","deus deixou de amá-los, n'ele confiando fracamente","amamos a deus, confiando nele muito"
Pitanga mokõî ro'y omoaûîeba'e mombab-ukaragûera 'ara îaîmoeté ko'yr,agora comemoramos o dia em que mandou eliminar as crianças que completavam dois anos,o dia do nascimento de duas crianças que se juntam no frio é o dia de festejar bem o dia de hoje
nde rekobesaba 'ara retá,o grande número de dias de tua vida,terra do dia em que você vive
Nd'aîkopukuî,não durei,não o faço
"Xe pindá-porangeté t'opindaîtykyne endébo, kunapu rekyîetébo, gûaraobanhaneté","meu anzol muito ditoso há de pescar para ti, puxando bem os canapus e as arabaianas verdadeiras",que meus pássaros muito bonitos se juntem a você para que você conheça os jovens e os que são muito bons
Oîeí bé muru kaî,ainda hoje os malditos queimam,o maldito também está deitado
Xe rãîtatak,meus dentes tiritam xe rembé-tatak - meu beiço tirita,eu tenho o rosto esbofeteado
Xe poreaûsubetekatu Anhanga supé xe nheme'eng'iré mã!,"ah, eu sou muito miserável após me entregar para o diabo!","ah, eu tenho muita compaixão por causa do diabo depois de me entregar!"
Ixé anhotenhẽ,"eu, tão somente",eu o fiz
"Ma'ẽne, tupinambá Paragûasupendarûera opakatu îamombá","olha, arrasamos todos os tupinambás que estavam no paraguaçu","logo, os tupinambás que habitam o paraíso acabarão destruindo todas as aldeias"
Xe rendy,eu brilho,eu tenho luz
"Îudeos ekomonhangábo, i 'apira mondoki","segundo o rito dos judeus, seu prepúcio cortaram","os judeus, fazendo-os confessar, furtaram suas presas"
Sekobekaturama resé bé onhemboryryîa,interessando-se também por sua felicidade,também se lamentam com a vida futura
Ereîase'o îepi,choravas sempre,você sempre grita
"O ati'yba ri, krusá osupi Membeka suí, Îesu sero'ari","no seu próprio ombro, levanta a cruz por fraqueza, jesus fá-la cair consigo","perto de seu próprio ombro, subiu a cruz de lembeka, levando jesus"
Nde apysy-katu ko'yté pytunusu nde 'anga moingotebẽsagûera suí nde sem'iré,"consola-te muito, enfim, após tua saída da escuridão, da aflição de tua alma","você fica muito quieto, logo que a escuridão da sua alma o liberta, depois de se alimentar"
Aîmomba'eté-tekatunhẽ,honrei-o muitíssimo,o preoinei muito
Ereîkópe sere'ymba'e amõ resé?,vives com alguma não batizada?,você teve relações sexuais com alguém que não era seu parente?
Osó-osok,quebra-se muitas vezes,foi de madrugada
tubixabeté,muito maior,muito caro
E'ikatupe o îesuí opo'i?,podem deixar um do outro?,pode negar a si mesmo a jesus?
Xe nhe'enga apyrûerype ahẽ nhe'engi,"no final de minha fala, ele falou",minhas palavras se juntaram ao pescoço
A'e memẽpe tupãoka îakatu i kûáî?,ele mesmo está em todas as igrejas?,"e a igreja, na verdade, sempre o faz?"
ygara rokytá,mastro da embarcação,porta da canoa
Xe mba'emoasyîá,eu sou sensível,eu sou um pouco triste
Seîxu îabi'õ nhemombe'u,confessar-se a cada ano,confessando-se a ele todos os dias
Xe membek,eu sou molengão,eu sou pequeno
Oroîeysyrung,pusemo-nos em fila,nos afastamos
Endé konipó ixé,tu ou eu,eu sou igual a você
Xe resagûyrumbyk,eu tenho olheiras,eu tenho olhos esbofeteados
Tobá kuruba,espinhas do rosto,o rabo de tua mão
"Peîori, perasó muru, supi îandé ratápe sapeka, i momembeka","vinde, levai os malditos, erguendo-os para sapecá-los em nosso fogo, derretendo-os","venham, levem os malditos, para queimá-los em nosso fogo, fazendo-os cair"
pysaîekatu ké-gûyrybo,"""sob o sono"" da alta noite, nas horas mortas da noite, em que todos dormem",na ponta da flecha
Seté-beraba tiruãpe n'osepîaki xûéne?,não verão sequer seu corpo brilhante?,por acaso não verão os que são muitos?
Xe rekoruruînhẽ,eu estou adoentado,eu estou com a pele seca
Xe aparatã,eu estou hirto,eu sou redondo
abá-poreaûsubĩ,homem miserável,homem sensual
Aîmoysyrung,enfileirei-os,o enfeitei
Asa'embé,torrei-o,o desviei
T'e'i nhẽ ã xe boîá o marane'yma rerasóbo rõ,"deixai, pois, estes meus discípulos irem com saúde","eis que, certamente, meus discípulos irão embora sem se importar"
"Osykyîé nde suí Anhanga, nde moabaetébo","tem medo de ti o diabo, odiando-te","o diabo se afasta de você, fazendo você valente"
N'asaûsubari mba'e,não tenho pena das coisas,não tenho compaixão das coisas
oka rerekoara,"o que cuida da casa, caseiro",o que tem casa
"T'oroîtyk oré poxy, paîé rerobîare'yma","que lancemos fora nossa maldade, não acreditando nos pajés","vamos expulsar nossa maldade, não acreditando no pajé"
A'epe miaûsuba n'osapîari xûé o îara nhe'engane?,e o escravo não obedecerá às palavras de seu senhor?,e os índios não cumprem as palavras de seu senhor?
"T'îasó îandé îabé îandé 'anga moîegûaka, serasóbo sobaké","vamos, como nós, para enfeitar nossas almas, para levá-las diante dele","vamos, também, afastar nossas almas, levando-as em seu caminho"
Kó aîkó sygepûera t'arasó i nhy'ãbebuîa abé xe raîxó-gûaîbĩ supé,aqui estou para levar seu ventre e também seus pulmões para minha sogra velha,aqui estou para levar seus antigos avós e seus cadáveres para minha antiga rainha-avó
Erema'ẽ-nhemomotarype amõ rapopé reséno?,olhaste também com desejo para a vagina de alguma?,você ficou irritado com algum rapopo?
Nd'e'ikatuî sesé omendá mimbápe serekó pukuî,não pode com ela casar-se enquanto a mantiver em esconderijo,não pode casar com ela enquanto a mantém
Tupã 'éagûera moabaetee'yma,não respeitando o que deus dissera,não reconhecendo o nome verdadeiro de deus
A'epe Îudas n'oîkotebẽî Îudeus supé o îara me'engagûera resé?,e judas não se afligiu junto aos judeus pela traição a seu senhor?,e não se compadeceu judeus por entregar seu senhor aos judeus?
"Aîpó tekoporanga resé asé serekóû o kotype, a'epe i moîasekóbo i gûaburu","para esse belo procedimento, a gente a mantém em seu próprio quarto , aí dependurando o recipiente em que a bebe","por causa disso, a gente os leva para sua casa, fazendo-os entrar e visitando-os"
pitangĩ-moraûsubara,neném compadecedor,criança bondosa
Oroîogûerekó,nós nos combatemos uns aos outros,estamos juntos
Erĩ! Aûîeté-pakó aîegûak ûinhemoúna,"ah! na verdade hei de me enfeitar, pintando-me de preto",ah! eu realmente me enfeitei
Anhẽ ûĩ!,é verdade isso!,eis que ele está aqui!
apykabapu'a,banco redondo,o que está no lugar de estar
Akaruk,urinei,eu o fiz
Nde ranhẽ eporandub,"pergunta tu, primeiro",pergunte-se primeiro a si mesmo
T'asó nde pyri kori,hei de ir contigo hoje,vou ir com você hoje
Ne'ĩ a'é,digo que está muito bem,"não, eu sou"
tekó-ypy,a lei primeira,"princípio da vida, princípio da vida"
N'aîkugûabe'ym-a'ubi,fiz que não o conhecia,não me esqueço
"Mbegûé é ko'yté abá tekokuá kanhemi, iî u'u osororoka","lentamente, enfim, o homem perde entendimento, sua tosse irrompendo","certamente, logo, após o nascimento de alguém, seu sangue se derramou"
Aîepó-mopuruk,faço-me estalar as mãos,eu o enfeitei
apyrytá,"estrutura de cume, cumieira",o que fica deitado
"Îé t'asóne xe mondoápe Memeté ixé, xe py'ape, emonã tekó potá","sim, hei de ir para onde me mandam mesmo porque eu, em meu coração, assim quero fazer","vou para minha morada, certamente eu, no meu coração, quero viver assim"
"Kûarasy nipó oberá, putunusu kûab'iré",o sol certamente brilha após passar a grande noite,"o sol brilha, certamente, depois de cair a grande escuridão"
Eîpy-tybyrok xe roka,arranca de minha casa a poeira dos pés,arranca a rede para minha casa
I poîa-mirĩ nde kama pupé,alimentando-o um pouco em teu seio,ele está muito pequeno no seu leito
Nd'e'i ymûanĩ ahẽ aoba moaûîébo,ele nunca acaba de completar as roupas nd'e'i ymûanĩ osóbo - nunca acaba ele de ir,"por isso mesmo, afinal, arrancando a roupa"
"Aîpó i 'eagûera rerekóbo, semimbo'e-etá miapé rari o pópe","tendo isso que ele disse, seus discípulos tomaram o pão em suas mãos","tomando seu cauim, tomou com as mãos muitos discípulos dele"
Asapy tatapynha,queimei carvão,lanço as pontas
karasy-ryryîa,tremor de maleita,calor do sol
Eîori muru moingóbo îandé nhe'enga rupi,vem para colocar os malditos conforme nossas palavras,vem para fazer os malditos segundo nossas palavras
sobyba'e,"o que é azul, o que é verde, o que é roxo",o que é de ponta
Xe rebykasy-pyrang,eu tenho diarréia com sangue,eu tenho dor de dor
mba'e-resémo?,por que seria que? por que razão haveria de?,o que seria?
Anhemosako'i tobaîara resé,fiz preparativos para receber o inimigo,faço-o preparar para o fulano
I porangype pe retama?,é bonita vossa terra?,sua terra é bonita?
"Marataûãme tekoara ogûerobîá xe nhe'enga, xe pópe o 'anga me'enga","os que estão em maratauá acreditam em minhas palavras, entregando suas almas em minhas mãos","os que moram em maratauá acreditam nas minhas palavras, entregando suas almas em minhas mãos"
Aîpukusamb-ok,soltei as peias dos pés dele,eu o furei
Xe ruba tobaîara îa'u,meu pai os inimigos comeram,como o tabacar de meu pai
Xe katupe ká,hei de ser bom,eu sou muito magro
Pero gûe'y!,ó pero!,mas é bom!
Na pe andubi,não vos perceberam,não os alcançamos
Anhanga t'îaîpe'a ko'yr aûîeramanhẽ,que afastemos o diabo agora e para sempre,"que afastemos o diabo agora, de madrugada"
Oîuká,mata,mataram-no
"Tupã rerobîara mombe'u posykyîee'yma resé, angaîpaba São Mateus îukáû","por não recear proclamar a fé em deus, os pecadores mataram são mateus","por não obedecerem à confissão de crença em deus, o pecado matou são mateus"
Xe rendybá-aîub,eu tenho barba ruiva,eu tenho o brilho calado
Nainanĩ temiminõ o erumûana mombó,de modo nenhum os temiminós tiram seus nomes antigos,os temiminós não deixam de honrar seus antigos súditos
Mba'e-eté ka'ugûasu,coisa muito boa é uma grande bebedeira,coisa muito bonita
E'ikatupe abá o emirekó resé oposykyîee'yma?,pode o homem não cuidar de sua esposa?,pode alguém não se opor ao seu próximo?
Kó bé xe pûapẽ,eis aqui também minhas garras,eis aqui também meu pão
Eẽ hegûé!,"ah, sim!","ei, vai!"
Ang é!,isto de novo!,"ah, como é!"
Tupã rekó resé nhemoryryîa,interesse pela lei de deus,lamentando a lei de deus
Aîkytyk,breei-o,o desviei
Îandé re'õ mokanhema,fazendo desaparecer nossa morte,nos faz perder a vida
E'i tenhẽ nde rerobîá,em vão crêem em ti,diga apenas o que você acredita
Xe apẽ,eu sou torto,eu estou manchado
Setá tenhẽ erimba'e opab aîpó 'îarûera,"eram muitos, mesmo, todos os que diziam isso","já eram muitos, certamente, todos os que estavam ali"
Xe abang,eu sou covarde,eu tenho a cintura avermelhada
O îoyby-ybyri aîmoín,prendi-os uns ao lado dos outros,o coloquei ao lado dele
"Kori, nã, îandé rekó îandé moarûapa angá","hoje, assim, de modo nenhum nos impedem nossa estada","hoje, na verdade, nossa vida está nos prejudicando"
"Îu, anhangap'ikó ri?!","oh, será que isto é o diabo?!","ei, eu o faço assim?!"
Ne'ĩ! T'eresó taûîé! Nde apûan!,eia! que vás logo! apressa-te!,ei! vai logo! eu te mato!
"Kó taba renyreme, pe pyri nhẽ xe rekóû","por esta aldeia luzir, eu estou junto de vós","quando esta aldeia virá, eu estarei com vocês"
sakãpyra,ponta de galho,"o que é chamado de ""caça"""
"Xe ikó asaûsu pe 'anga i moaysóbo, i momoranga","eis que eu amo vossas almas, aformoseando-as, embelezando-as","eis que eu, com a alegria, faço as almas suas, fazendo-as viver"
Aîopûaî amõ abá pindoba resé,mandei um homem ir em busca de palma,fiz uma pessoa se preocupar com o pindoba
angaipaba,maldade,o que é mau
T'ogûenosem mba'e-aíba xe 'anga suí o poroaûsuba resé i moynysema,"que retire as coisas más de minha alma, enchendo-a com seu amor","que as coisas más que fizeram desapareçam da minha alma, lembrando-se delas"
tatá-endy îabé,como uma luz de fogo,como o fogo
Oré tupãoketá,nós temos muitas igrejas,nossa igreja
Nde pu'amixûé nde ruba pé?,tu costumas levantar-te diante de teu pai?,você se enfeitou com seu pai?
Xe aépe xe ybõû,flechou-me em lugar vital,minha terra está à minha direita
Mba'e resépe ereîkó?,que coisa buscas?,por que você está?
atá-irũ,acompanhante de caminhada,companheiro de caça
Xe ruba rupi é emonã aîkó,assim ajo conforme meu pai,sou assim como meu pai
Oîmoasype a'e riré a'e 'ybá 'uagûera?,"arrependeu-se, depois disso, de ter comido aquele fruto?",arrependeu-se depois disso de comer aquela carne?
Oîkuab i marangatueté,conheceu sua autêntica bondade,reconheceram que ele era muito bom
T'oropytybõne,hei de te ajudar,vamos ficar
Xe ryku,eu me derreti,eu tenho a cintura puxada
Ro'y îabi'õ onhemombe'ue'ymba'e,o que não se confessa a cada ano,o que não se manifesta por causa do frio
Xe îuru-memûã,faço trejeitos com a boca,eu tenho a garganta esvoaçada
Aûîeté pakó aîegûak ûiîemoúna,"na verdade, hei de enfeitar-me , pintando-me de preto","certamente, esses serão os que vou fazer vir"
Aînhe'engapypyk îepé,"argumentei contra suas palavras, em vão",você me faz falar
"Kaûĩ mboapŷareté, a'e marã monhangara","o que esgota verdadeiramente o cauim, esse é o fazedor de mal","o cauim é muito saboroso, é o que é feito"
takûarusu-tyba,ajuntamento de taquaruçu,calcanhar grande
Atimbor,bafejo,estou de pé
Kariîopiara,caminho da carioca,o que é chamado de carioca
Aîmoîoparab,entremeei-as,eu o fiz correr
Xe ra'yt!,meu filho!,eu estou bêbado!
atuá-pyko'ẽ,"concavidade da nuca, depressão na parte inferior da nuca",couro cabeludo
"Mokõî mondabora, i 'ekatûaba koty amõ, a'e amõ i asu koty","dois ladrões, um à sua direita e o outro à sua esquerda","dois ladrões, com alguns robôs, e outros com outros"
nhembo'e-irũ,"companheiro de aprendizagem, condiscípulo",companheiro de aprendizagem
"Na i moetesaba ruã ka'u, o apixara rerekoaíba, sopenhana","não são modos de o honrar a bebedeira, o maltratar seu próximo, atacando-o","não é por isso que o cauim é comido, o que é consumido por seus companheiros, o que é consumido"
"Osó S Pedro, São João abé",foram s pedro e são joão,foram também são pedro e são joão
Iesu moropysyrõana,jesus salvador da gente,o salvador de jesus
Oîaby bépe aîpó o emirekó membyrara resé oîekuakuba'e?,transgride também aquele o que faz resguardo por causa do parto de sua esposa?,a gente também se preocupa com o parto do seu próximo filho?
okambûera,"casa que seria, o que seria casa",o que está no pote
Aîkó sesé,tenho relações sexuais com ela,estou com ele
Abá abépe i pyri i tymbaramo?,quem mais junto deles foram seus sepultadores?,quem estava junto dele como seu protetor?
Okeretápe se'õmbûera o mondebagûerype oupa?,"dormiu demais seu cadáver, estando deitado no lugar em que o puseram?",o que é morto está no lugar onde está morto?
Taba raroanamo nhẽ Îandé Îara xe moingóû,nosso senhor constituiu-me guardião da aldeia,nosso senhor me fez ser habitante da aldeia
kori bé penhemoanhẽ-anhẽmo tekokatueté pé pegûasemagûama resé,ainda hoje apressando-vos para encontrar a felicidade verdadeira,hoje vocês se preocupam muito com a virtude para que ela se recupere
Emonã serekopyra rakó abá obasẽ-porang,"assim tratada, uma pessoa certamente chega bem",aquele que tem a própria cabeça é o homem que fica muito belo
Oîepé karaíbypy rekoangaîpaba ikó 'ara pupé seîkeagûera,o pecado de um primeiro homem branco foi a causa de sua entrada neste mundo,os pecados dos antigos que se espalharam neste mundo
Na xe apysáî,"não dou ouvidos, não me importo",eu não tenho orelhas
Penheŷnhang pabẽ sesé!,ajuntai-vos todos com eles!,todos vocês se preocupam com ela!
Mosapy reîá reru îasytatá rupi é,vindo com os três reis pela estrela,"trouxeram oito reis, seguindo-os em cada direção"
T'oîmoîa'ok nde membyra tekokatu'ĩ amõ orébe,que reparta teu filho um pouquinho de virtude conosco,que você dê a seu filho para nós algumas coisas boas
Eîori xe moîegûaka,vem para me adornar,vem me castigar
Anhenonhẽpe ko'yté ká,"hei de me corrigir, enfim",logo o lanço
"Ema'enãngatu xe ri, xe mbo'are'ymuká","vela bem por mim, mandando que não me façam cair","olhe bem para mim, meu discípulo"
o monhemombe'ûarama resé oîkotebẽmo,tendo falta de um confessor seu,se eles se preocupam com quem se confessa
Asekoabok,despejei-o,eu o enfeitei
Îamongûá moxy ru'uba,fazemos passar as flechas dos malditos,vamos trazer os malditos para trás
"Îase'o rakó perekó peẽmo teîkeara moetesabamo, i mobasembabamo","com pranto estai, como modo de louvar o que entra junto a vós, como modo de o receber","vocês teriam feito o grito ser o modo de honrar os que estavam ali, de fazê-los chorar"
Aûîé! Xe rorybeté,basta! eu estou muito contente,ah! eu sou muito feliz
"Quarta-feira tanimbukaraíba rasápe, îekuakupabusu Quaresma 'îaba nheypyrungi","ao passar a quarta-feira de cinzas sagradas começa o grande jejum, chamado quaresma","após o término do quarta-feira, o grande e verdadeiro jejum começa"
Eresekyîpe îuraragûaîa abá supé i motĩamo?,"urdiste mentiras contra alguém, envergonhando-o?","você tocou falsamente em alguém, irritando-o?"
T'asó aîpó nhe'enga mopó,hei de ir cumprir essas palavras,vou cumprir essas palavras
Emoîyb pirá,coze o peixe,misture o peixe
Amõ amõ o poti'a resé opûá-pûá,alguns ficavam batendo no peito,"enfim, se afligem por alguma coisa na sua boca"
"Ogûaûsukatuagûera repyramo, Tupã ipó serã serasóû seté resebé ybakype","como recompensa de seu muito amor a ele, deus levou-o certamente, com seu corpo, para o céu","como recompensa por sua misericórdia, deus certamente levou todos para o céu"
Xe morangygûan,eu sou agourento,eu sou um bochechudo
Esa'angyne serasóbo,prova que o levas!,levando o seu espírito
Aîe'atype'a,pus-me espertadura,eu o desviei
"Abá ra'yra, ipó","filhos de índios, certamente","filho de alguém, certamente"
T'asendu tenhẽ,hei de ouvir em vão,vou ouvi-lo bem
Agûatá-gûatá tenhẽ,fico andando à toa,estou me agachando
Îaîmoasy marãtekoagûera îandé py'a suíne,"arrepender-nos-emos, de coração, dos maus procedimentos",arrependemo-nos de ter feito mal em nossos corações
N'oîmomarã-mirĩ-angáîpe ybakygûara Tupã remimotara?,não desobedecem nem sequer um pouco os habitantes do céu à vontade de deus?,os habitantes do céu não cumprem muito a vontade de deus?
Aîaso'i,cubro-o,o acovardo
O apixara reîmbaba îagûara remimomosẽgûera,o que perseguiu o cão de seu próximo,"o que o cão faz expulsar, o que é chamado de cão"
i api'aba'e,o que é circuncidado,o que é cortado
Te'inhẽ t'osó,deixa que vá,que ele vá
"Îeperibe'ĩ asé marã i 'éû, onhemoŷrõ ymûan","mal a gente diz algo, já se irrita","eis que a gente já passou, detestando-se antigamente"
"Pepytá, manemusu!","ficai, palermões!","fiquem, malditos!"
Eresapîápe tekopoxy resé nde moingóreme?,obedeces a eles quando te fazem viver no vício?,você se envergonhou de se tornar pecador da maldade?
Nd'ere'uî xó kori xe remindu'une!,não beberás hoje o que eu mastigo,você não come hoje o que eu lembro!
Aîpé-'ok,arranquei-lhe a casca,estou de pé
Mba'eîare'yma îabé so'o mimbaba roka ogûâr og upabamo,"como um pobre, tomou a casa dos animais de criação como sua pousada",a casa dos que não comeram carne também ficou como sua pousada
I moetepyramo nde rera t'oîkó,santificado seja teu nome,que seu nome seja o que é sagrado
"Eîori xe 'anga reîa, i motinga","vem para lavar minha alma, branqueando-a","vem, ó rei da minha alma, para que ela se recupere"
Ybyramo i nhemonhangyne,em terra ele se transformará,transformando-os em terra
Sory-katu xe repîaka,estavam felizes ao ver-me,você ficou muito feliz em me ver
Xe pindá-porangeté t'opindaîtykyne endébo,meu anzol muito ditoso há de pescar para ti,que meus pés muito bonitos se alegrem por você
Oposẽ-posẽ pabenhẽ sesé,ficaram todos gritando por causa disso,todos gritaram por ele
Mbegûé-katu aîmonhang,bem devagar o fiz,fiz isso muito bem
Aî'useî-mogûab,saciei minha vontade de comê-lo,quero que me desvie
Abaetéramo aîmoingó,"fi-lo estar como forro, alforriei-o",fiz-o ser um homem verdadeiro
"Xe moaîu-marangatu, xe moŷrõetekatûabo, aîpó tekó-pysasu","importuna-me bem, irritando-me muitíssimo, aquela lei nova","me assaram muito bem, me irritando muito, esses fatos morais"
"Pene'ĩ, ta pe rory","eia, que estejais alegres","vocês, que se alegrem"
I angaîpaba suí i moîepe'aesapy'a-uká,mandando-os fazer afastar-se logo de suas maldades,"afastando-os de seus pecados, matando-os rapidamente"
"Ereîmopa'ũpe 'areté amõ, Tupãokype eîkee'yma?","alternaste alguns dias de guarda, não entrando na igreja?","você tocou alguma árvore branca, não entrando na igreja?"
Ta pesykyîé ianga suí,que tenhais medo disso,que você se afaste de seus pecados
Apŷaba kunhã ri i mondaba'e,os homens que roubam mulheres,homem que rouba mulheres
Og ere'yma pupé abá remipysyrõ oîabé sere'ỹme?,"o que alguém acolhe no seu paganismo, no paganismo dele está igualmente?","por acaso não é por causa disso que alguém se salva, sem que ele se transgride?"
Ta sepy nde mondagûera,que tenha reparação o teu roubo,que o seu roubo se espantue
Marã-pipó moranduba?,"quais as novidades, por acaso?",quais são as palavras dos que procuram?
Opabenhẽ serã erimba'e a'epe tekoara iî a'o-îa'oû?,por acaso todos os que estavam ali ficaram a injuriá-lo?,"todos, porventura, acabaram de viver assim?"
"Îasepenhan, îaîpysyk i apysyk' e'ymebé","ataquemo-los, prendamo-los antes que se consolem","vamos cortá-los, cortando-os antes de os cortarmos"
itá-ekobé,"metal vivo, isto é, o mercúrio",pedra de ferro
Oroîa'ok oré îosuí,separamo-nos uns dos outros,dividimos a nossa unidade
Xe nhe'engixûer gûitekóbo,eu vivo papeando,estou falando falsamente
"Kaburé, îori enhana tobaîara t'îa'u!","caburé, vem correndo para que comamos os inimigos!","caburé, vem para comer o tobabaia do enhana!"
tupagûera,antigo jazigo,o que é chamado de tupapua
"Aîeby benhẽ, gûixóbo","indo, voltei atrás","voltei novamente, indo"
Irũnamo aîkó,estou com ele,estou com você
Îamombá taba îandune,"destruiremos a aldeia, como de costume",vamos dividir a aldeia
Nde nhemongaraibe'yma pupé oîkoba'e mosema nde 'anga suí,fazendo sair de tua alma o que havia no teu paganismo,o que está dentro de sua alma não batizada está fora de você
Pekûá taba rupi,ide pelas aldeias,vá pela aldeia
tapuîa rarõsara,guardião dos tapuias,o que é chamado de tapuiá
E'ikatu ipó senonhẽndarama supé é,pode certamente para quem o repreenderá,"você pode ser, na verdade, o único que deve ser honrado"
Pedro ranhẽ osó,pedro foi primeiro,pedro foi primeiro
Asybykoî-atã,cavei-o duramente,o bati fortemente
Iîá îaby ahẽ mã!,"ah, bem feito para ele!","ah, como ele é mau!"
Aîkó-me'eng Pedro,dou roça a pedro,dei-o a pedro
Xe rembyrûer,eu sobrei,eu sou redondo
Na xe apori,não desisto,eu não sou tolerante
paranã pora,o que está no mar,o que está no mar
Mbypeteĩ ipó ahẽ rekóû,pertinho certamente ele está,a vida é muito curta
"Xe nhy'ãme t'ereîké, xe py'a moingatûabo","que entres no meu coração, guardando bem meu interior","que você entre no meu coração, consolando meu coração"
Na xe 'aîubyri,eu não levanto a cabeça,não me levanto
Xe nhe'endok,eu me calei,eu tenho palavras
I angaîpab-eté kó pe rembiá potasaba,é muito má a vontade destas vossas presas,"querendo este alimento para vocês, é muito ruim"
I akanga resé a'e takûara reropûá,em sua cabeça batendo com aquela cana,o que é chamado de takûara é colocado sobre sua cabeça
"Karaibebé serã, kó taba rarõaneté","talvez seja o anjo, guardião verdadeiro desta aldeia","talvez seja o casal, esta aldeia é muito bonita"
"O ati'yba ri krusá osupi Membeka suí, Îesu sero'ari","no seu próprio ombro levanta a cruz de fraqueza, jesus fá-la cair consigo","a cruz subiu de lembeka para o seu ombro, levando jesus"
-Mba'epe onong i akanga 'arybo? -Îuatĩ-apapûara apynha - Que puseram sobre sua cabeça?,uma coroa de espinhos enroscados,o que puseram sobre sua cabeça?
Naroîaî mamõ xe sóû,nem por isso eu vou para longe,não fui para longe
Eîmombe'u pakatu nde angaîpagûera nde ratãngaturamo,"conta todos os teus pecados, sendo forte",confesse bem suas maldades como sendo poderoso
îasy-angaîbara,lua minguante,lua cheia
Nd'e'i te'e mba'e amõ resé i moîekosupara Tupã nhe'enga abŷabo,"por isso mesmo, o que os agrada em alguma coisa transgride a palavra de deus","por isso mesmo, por alguma coisa, transgride a palavra de deus"
Tupã nhe'enga abŷagûera rakypûera kanhemagûama resé,para o desaparecimento dos vestígios da transgressão da palavra de deus,para que os transgressores da palavra de deus não cumpram
Îasytatá kûepe é i nhemimi,as estrelas bem longe se escondem,escondendo-os apenas em pedaços
Asé îemongaraíme o 'ara moíni?,"quando a gente se batiza, põe seu próprio entendimento?","nós batizamos, fazendo com que seu dia se transformasse?"
xe arõana,meu igual,meu pai
îudeus-etá cruz robábo,os muitos judeus junto à cruz,"os judeus, muito numerosos, levando a cruz"
Ipuku xe rekóû i monhanga,longamente eu o estive fazendo,fiz isso por muito tempo
Tupã é abaré oîmoîa'ok gûekobîaramo,o próprio deus distinguiu o padre como seu substituto,o próprio deus separa o padre como seu substituto
Yba ting,os cabos são brancos,a terra está calada
Marã? Ybyrá supé nhẽpe asé îerokyû?,como assim? diante de uma madeira a gente faz reverência?,como? a gente vai para a terra?
Sesé nde nhemomotaragûera ranhẽ t'ereîmombe'u,hás de confessar primeiro tua atração por eles,confessa primeiro a ele o que você fez
angaîbĩ'ĩ nhote,"algum tanto, um pouquinho",apenas um pecado
Ereîpysyrõpe abá resaraîagûera?,ficaste dono daquilo que alguém esqueceu?,você salvou os que alguém maltrataria?
Asapûa'ok,aguço-a,eu o furei
îapugûasu-kesaba,"lugar em que dormem os japuguaçus, também antigo nome da ilha de santana, da cota leste do brasil",caixa de algodão
Marã e'ipe Santa Madre Igreja asé rekomonhangaba mondykaba?,como diz o último dos mandamentos da santa madre igreja?,"o que diz a santa mãe igreja, que está fazendo com que a gente se compadeça?"
Ikó 'ara pupé bé o angaîpagûera repyme'ẽngatusarûera ybakype aûnhenhẽ serasó-uká,fazendo levar imediatamente para o céu os que resgataram bem seus pecados ainda neste mundo,"neste mundo, também, os que pagaram por seus pecados levaram imediatamente para o céu"
Oîepé tiruã nd'aruri,não trouxe nem mesmo um só,não desceu de longe
Aîpysyk-atã,segurei-o fortemente,o apliquei bem
-Oîporará bépe mba'e amõ a'epe oîkóbone? -Aani xûéne - Sofrerão ainda alguma coisa aí vivendo?,não,sofrerão ainda alguma coisa vivendo ali?
"A'epe muru'apora membyrasy kakara, na nheangûaba bé ruã?",e a aproximação do parto de uma grávida não é causa de se ter medo também?,"e a mulher que está doente, que está doente de parto, não é também mentireira?"
Okuî rakó amũme 'ybarambûera o 'yba suí,"caem, às vezes, os frutos de suas árvores",o que está no pescoço está fora de seu corpo
angaingaibora,"desatinado, sem juízo, enlouquecido, maníaco",o que é pecador
Abá-abápe Tupã rera oîmoeté-ukar?,quem faz louvar o nome de deus?,quem invoca falsamente o nome de deus?
Mosapyr ma'e resé asé 'anga 'ekatuaba,três são as potências de nossa alma a respeito das coisas,a sabedoria de nossa alma sobre o futuro
Arasó tieté a'é,tenho desgosto por o ter levado,vou levá-lo consigo
"Kó santo o mbo'esara rekopûera erimba'e oîkûatiar îandébo, seîá","esse santo a vida de seu mestre escreveu para nós, deixando-a","esse santo, que outrora era mestre de sua vida, passou a nos fazer viver, tomando-a"
Nd'e'i te'e abá tekokatu pupé onhemopepóbo o beberama resé,"por isso mesmo o homem, com a virtude, dá asas a si para voar","por isso mesmo, alguém, em virtude da virtude, se enfeita de beber"
"Eresó, kó 'ara ri","vais, neste dia","você vai, neste mundo"
T'aîmopóne nde nhe'enga,hei de cumprir tuas palavras,farei cumprir sua palavra
Ta xe raûsubar,que ele se compadeça de mim,que me faça sentir compaixão
Quatro tekokatu-ytá,quatro são as virtudes cardeais,quatro coisas boas
Tatá îaîmondyk,acendemos o fogo,vamos cansa-lo
I por irãne,realizar-se-ão futuramente,ele vai ser bom
Xe resaraî-te-katu,mas eu me esqueci completamente,eu tenho apenas os olhos muito claros
Tupã resé o nheangerekosara,o que se preocupa com deus,o que se confessa a deus
Xe îuká peîepé,vós me matais,vocês me matam
"Kaburé, îori enhana","caburé, vem correndo!","caburé, vem para enxatar"
Omanõba'epûera suí sekobeîebyri,voltou a viver dos que morreram,voltou para trás de sua morte
Xe keranama mombaka,de meu pesado sono despertando-me,eu tenho o rosto espetado
mytamytá-ypy,topo da escada,o que é misturado
nhũbo,pelos campos,na ponta da cabeça
Abá mondarõ osepîakĩba'e,"o que vê o furto de alguém, sem se importar",o que vê alguém furtar
Arobîar santos rekokatu nhemoîa'oîa'oka,creio na repartição das virtudes dos santos,"creio na virtude dos santos, dividindo-a"
Asepyme'eng,paguei-o,eu o paguei
Aîabyky,manuseio-o,eu o acovardo
O aîyra resé abá n'omendari,com sua própria filha ninguém se casa,ninguém se casa com seu próprio filho
"Kunhã muru'abora resé opûá, pitanga îukábo i xuí","batendo numa mulher grávida, matando o bebê dela","desceu para uma mulher grávida, matando uma criança"
Aîo'ok xe aoba,tirei minha roupa,fico rasgando minha roupa
Osem okarype oîase'oasykatûabo,saiu para o pátio chorando muito dolorosamente,saiu para o pátio chorando
Tekokatu-eté rerekoara onherane'ymba'e,o que tem a bem-aventurança é o que é manso,aquele que tem a verdadeira virtude não se esquece
Xe rebinhỹ gûixóbo,"indo, eu me escafedo","eu sou um pouco desgrenhado, indo"
"Eîori, muru mombapa",vem para destruir o maldito,"vem, faz com que os malditos se juntem"
Oîaratã serã i aoba i moperé-perebagûera resé?,pegou-se fortemente sua roupa às suas chagas?,será que sua roupa foi feita de preto por causa de sua roupa esvoaçante?
Pero angabatene,ainda mais pedro,mas é muito bom
"O koty suí mba'epoxy reîtyk'iré, abá nd'ogûeroîebyri o kotype, i mosãîa","após lançar fora de seu meio os vícios, o homem não os faz voltar consigo para seu meio, dispersando-os","depois de expulsarem da sua casa as coisas nojentas, as pessoas não voltam para lá, deixando-as aflitivas"
Na ixé ruã asó,não sou eu que vou,não fui eu
tĩmbeba,nariz achatado,o que é branco
Oré pysyrõ-te mba'eaíba suí,mas livra-nos do mal!,mas livra-nos das coisas más
Te'õ abé reîkéû ikó 'ara poramo oîá,"da mesma forma, a morte também entrou como componente deste mundo",a morte também é a causa deste bom dia
Tupãneme nhẽpe eresó kûepe?,por ocasião de um dia santo foste para longe?,"você foi para deus, por acaso?"
Emonã nakó xe rekopotari,"assim, na verdade, eu determinei",eis que esse é o meu modo de ser
Osó ymûã,já ia,já foi
itá-u'uburu,aljava de ferro,"ferro, ferro, ferro"
Aî'apir-abo'o,eu lhe pélo o couro cabeludo,eu o enfeitei
o tunhãba'e e'ymebé,antes de sua velhice,antes de sua morte
Seixu îabi'õ nhemombe'u,confessar-se a cada ano,confessando-o todos os dias
i pitangĩ mokambûabo,amamentando seu neném,fazendo com que seu neném crescesse
"Xe cristão, xe karaí","eu sou cristão, eu sou virtuoso","eu sou cristão, eu sou homem"
Xe rembeirĩ,eu estou embasbacado,eu sou um pouco más
Xe só îarameté,como se eu fosse,"eu sou único, eu sou único"
anhangaíba,diabo mau,o diabo
Tupã remimotara rupi,segundo a vontade de deus,segundo a vontade de deus
amõme é,"algumas poucas vezes, algumas vezes, somente",de algum lugar
Aîpepyr,torci-o,eu o furo
Na xe rekoposyî,eu não sou grave nos meus atos,eu não tenho comportamento correto
Ereruretá serã?,por acaso trouxeste muitas coisas?,você o fez ficar bêbado?
itá re'yîa,ajuntamento de pedras,arrancador de pedras
Abá-tepe oîkó xe oîá?,mas quem há como eu?,mas quem é diferente de mim?
Sobaké o memûãnamo,fazendo zombaria diante dele,ele se encheu de poeiras
Asemberung,bordei-o,eu o encalhei
Xe îeysá-puku,eu tenho estatura elevada,tenho os ouvidos compridos
Xe resa'y-tykyr,eu tenho lágrimas gotejantes,eu tenho lágrimas escuras
"Mba'e-u'uma, taîasu!","coisa enlameada, porco!","comida, comida boa!"
Kó xe rekóû nde reká,eis que aqui estou para te procurar,"eis que aqui estou, procurando você"
"A'epe o agûasá resé segûyrõba'e, marã?","e o que tem excitação por sua amante, que acontece?",e o que acontece com aquele que tem relações sexuais com seu amante?
Irõ oropokosub!,"portanto, prendo-te!",vamos nos enfeitar!
Ypy suí berame'ĩ abur,emergi como que do fundo,"logo que saiu da terra, foi"
"O îase'o rerogûeîypa, ogûasẽ-gûasema rerasóbo","descendo com seus choros, indo com seus gritos","lembrando-se de seus chifrões, levando-os para trás"
Tupã nhe'engabŷagûera îandé i moepykatûagûama resé,para bem pagarmos nós a transgressão da palavra de deus,para que a transgressão da palavra de deus nos convém
Asem îepé,saí em fuga,vou te levar
Xe rãî-ngyrỹî,rangem-me os dentes,eu tenho a garganta puxada
Opá emonã tekoara îandé ratá îaîarõ,a todos os que assim vivem nosso fogo convém,"todos aceitarão a virtude, esperando nosso fogo"
O emiminõ resé nd'e'ikatuî abá omendá,com sua própria neta não pode ninguém casar-se,ninguém pode se casar com seu ex-marido
îandé poreaûsubokara,os que se compadecem de nós,o que nos ama
Asé i angaîpaba'e ipó ikó ybype Tupã remimotara n'oîmonhangi,"os que, de nós, são maus são os que não fazem nesta terra a vontade de deus",os nossos pecadores não cumprem a vontade de deus nesta terra
E'am xe reseî,está diante de mim,dá-me a volta
Onhemombe'upe abá gûarinĩ-namo o só îanondé?,confessa-se alguém antes de ir à guerra?,alguém se confessa antes de ir à guerra?
N'asó-potari mamõ...,não quero ir para longe,não quero ir para longe
i ambyasyba'e,"o que tem fome, o faminto",o que é amolecido
Pekûá esapy'a!,ide depressa!,queimem-no!
Ixé raka'e,era eu,eu era aquele
Irũmbûera aîme'eng abá supé,seus antigos companheiros dei aos índios,dei o seu valor a alguém
"Abá-tepe, erimba'e, pe mba'erama resé apŷaba me'enga'ubi?","mas quem, outrora, como vossas coisas os índios deu?","mas quem, outrora, entregou os índios às suas riquezas?"
Nde pyri gûitekóbo nhẽ,estando eu junto de ti,estando à sua lado
Îasytatá serekoarama resé pé kuabe'ẽsaramo,"pela estrela que os guia, como a que mostra o caminho",vamos conversar com seus súditos como se fossem conhecedores disso
Mosanga ra'ã-ra'anga,ficando a experimentar poções,imagem de uma criança
Xe angaturã be'ĩ temõ erimba'e mã!,"ah, oxalá futuramente eu seja um pouquinho melhor!","ah, eu já tinha sido muito valente!"
eboûĩ rupi,"por aí, por ali, por esse lugar",por aí
Abá-porerobîare'yma ixé,eu sou um homem soberbo,eu sou aquele em quem as pessoas não acreditam
Turusu-nhota'ubĩ,é medianamente grande,muito pouquinho
I xy-îerekûaba abé oîo'ok i abaeté,sua mãe afável também arranca a ferocidade dele,seus avós também o maltratam muito
Tesãîa pupé kó 'ara îaîmoeté,com alegria honramos este dia,"com a saúde, comemoramos este dia"
Ereîkópe kunhã resé abá remiandubamo?,fizeste sexo com uma mulher com alguém observando-o?,você teve relações sexuais com uma mulher como um homem sensual?
Îandé monhangara nhẽ erenoĩ nde îybápe,nosso criador fazes estar contigo em teus braços,você colocou nosso criador em seus braços
Tupã o aûsuba poepykareté,o que retribui verdadeiramente o amor de deus a si,o que deus faz com que seus súditos se compadeçam dele
Aîorab,desenrolei-o,eu o enfeitei
Ereîosubype abá îeke'a i poroka?,"visitaste o covo de alguém, arrancando seu conteúdo?","você visitou alguém, esbofeteando-o?"
Oroîoapi - Golpeamos um ao outro Oroîoapi-api,ficamos golpeando um ao outro,batemos numa roupa outra
Omanõ-mbá,morreram todos,todos morreram
"Pe'ĩ, peîpûá muru!","eia, amarrai os malditos!","ei, puxem o muru!"
nhembo'esaba kuabe'engaba,ponteiro da escola,o que é conhecido como mestre
Akué,movimento-me,estou cansado
-Oîmo'y'upe gûá?,deram-lhe de beber?,- o gua foi derramado?
Pe atõîa n'oîpotari,não querem que vos toquem,vocês não querem ser atacados
itaîy-kamusi,vaso de estanho,pedra de ferro
tó eẽ,"ah, sim! ah, já entendi!",por isso mesmo
"Eresópe abá îeky-'ye'ẽ supa, i pora rá?","foste para revistar os covos de água doce de alguém, tomando seu conteúdo?","você levou a suposição de um homem que bebeva cauim, para que o fizesse beber?"
"Îé t'asóne xe mondoápe Memeté ixé, xe py'ape, emonã tekó potá","hei de ir para onde me mandam mesmo porque eu, por vontade, assim quero fazer","vou para minha morada, certamente eu, no meu coração, quero viver assim"
Asaûsub Pedro og uba raûsume,amo pedro por amar a seu pai,compadeci-me de pedro para amar seu pai
Xe robasy,eu sou mal-encarado,eu estou doente
o nhe'enga poxŷagûera,a maldade de suas palavras,o que é mau é o que é mau é o que é mau
Nde rera pupé anhenong,em teu nome guardo-me,me enfeitei com seu nome
Peîpotápe Îesus pe rubixaba ixé i mosema peẽme?,"quereis que eu solte para vós a jesus, vosso rei?","vocês querem que jesus, o seu primeiro-padrinho, lhes apresse?"
Ta sasy muru supé!,que eles sofram junto dos malditos!,que ele se compadeça do maldito!
N'oîeruré-pytubari Tupã supé,não se cansam de rezar a deus,não rezam nem um a um a deus
Pa'i Îesu,senhor jesus,o senhor jesus
ahẽ pabẽ,com ele,todos eles
Xe atuaî bé turi,veio logo detrás de mim,também me trouxeram túrios
Emonã nungara amõ t'îasó kori seru,vamos hoje para trazer alguns assim desse jeito,que um homem assim vá hoje
A'e xe rekotebẽsaba oîme'eng ixébene,ele dará para mim minha aflição,ele me deu meu valor
Aîpe'a umûã emonã xe angaîpaba,já afastei dessa maneira minhas maldades,"afastei-me daqueles, reconhecendo meus pecados"
"Eresenõî tenhẽpe Tupã rera, nde îuraragûaîamo nhẽ, îuraragûaîamo sekó kuapa?","invocaste em vão o nome de deus, mentindo, sabendo ser mentira?","você tocou a palavra de deus por primeira vez, mentindo, sabendo que é mentindo?"
"Ereîopykype nde remirekó, sugûy sekóreme?",cobriste tua esposa quando sucedia o sangue dela ?,"você escondeu sua esposa, tendo sangue dela?"
Pesaûsu pe monhangara,amai vosso criador,façam misericórdia do que fez vocês
xe remipoîmembeka,o fraco que convido para comer,o que me faz subir
Tupã resápe ã xe rekóû,eis que estou à vista de deus,eis que estou aos olhos de deus
Nde ma'enduá xe ri!,lembra-te de mim!,você me ouve!
Asyby'ab,arei-o,eu o acendi
Te'õ a'e mendasabeté mombo'isaramo,a morte é o que separa os verdadeiros cônjuges,a morte é o que ensina os homens a fazerem valências
Aîpepó-moín,pus-lhe penas,eu o desviei
Aporero'yasab,barqueei as pessoas,eu o enfeitei
Turusu xe kane'õ,grande é meu cansaço,meu rosto é muito fino
Xe 'abebogûasu,eu tenho uma grande grenha,eu sou muito bochechudo
Y aé rasaba mby ky'a îaîmomemûã,atravessar a água elimina a sujeira dos pés,a própria água transbordante também faz com que a água seca se desvie
O îoybyri aîmoín,prendi-os um ao lado do outro,o coloquei ao lado dele
Nde marãmotarype abá resé?,tu te enfureceste por causa de alguém?,como você se comporta com alguém?
Xe aysó,eu sou bem feito,eu fui
Abá-abápe asé resé Tupã mongetasaramo sekóû?,quem são os que rogam a deus por nós?,quem é o que deus defende por nós?
Xe membykõî,tive filhos gêmeos,eu sou pequeno
"Nd'e'i te'e moxy sesé og orybamo, sesé oîomoaîuabo","por isso mesmo os malditos se alegram por causa deles, fazendo disputa por eles","por isso mesmo, os malditos se juntam a ela como se estivessem ali, fazendo-a morrer"
"Moraseîa é i katu, îegûaka, sa-mongy","a dança é que é boa, enfeitar-se, untar suas penas","a dança é verdadeira, é dançar, é assar"
eboûinga rupi,"por aí, por ali",por aí
Ta setá-katu xe rera!,que sejam muitos os meus nomes!,que meus nomes sejam muito numerosos!
Aîpukusãmoín,amarrei-o pelos pés,eu o afio
Ké abá rekóû anhẽ,"aqui alguém está, certamente","aqui há, na verdade, pessoas"
Penhemoma'enduá Anhanga ratápe i porarapyra resé ta pe angaîpab umẽngatutenhẽ,"lembrai-vos do que se sofre no inferno para que, de modo nenhum, pequeis",lembrem-se do que é bom para vocês no fogo do diabo para que vocês pequem muito
"A'epe kunumĩgûasu kunhã oîmomosemba'e, miaûsuba potá nhẽ karaibokype-katu?","e os rapazes que perseguem mulheres, querendo escravas bem nas casas de cristãos?","e os rapazes que perseguem mulheres, querendo sua futura esposa, ficam muito preocupados?"
I xy mombe'u-poranga xe moingotebẽngatu,a bela proclamação de sua mãe afligiu-me muito,a bela confissão de seu pai me fez ficar muito feliz
"Ybytyrybo gûibebébo, asó tupi moangaîpapa","pelos montes voando, fui para fazer pecar os tupis","indo para o alto, fui para castigar os tupis"
Xe resendûara ebokûea,isso é o que é destinado a mim,eis que aqui estão os que me lembram
Xe karasy,eu estou maleitoso,eu tenho febre
Xe asur,eu estou calombento,eu sou de madrugada
y-mbîasaba,"lugar de se abrigar da água, barra de porto",rio que bebe água
nhe'ẽ-memûã,"palavras grosseiras, de zombaria",palavras difíceis
"Ybaka aé Tupã îandé resé i nhemosako'îaba, îandé mba'ekaturama nongatûaba re'a","o próprio céu é o que deus prepara para nós, lugar em que bem coloca nossa felicidade futura","o próprio céu, que deus preparou para nós, não é o que é bom para nós"
Eresepyme'engype nde remiporupûera?,pagaste aquilo que tu usaste?,você pagou o seu valor?
Seby-sebykĩ ixébo,vai fartando a mim,ele é muito pequeno para mim
po'i'i,fininho,o que é de madrugada
N'i tybi xe rasapaba ogûataba'e supé,não há como passar por mim para os que caminham,não há mais nada que me satisfaça ao ir
itá-pora,sinal de golpe com pedra,"ferro, ferro, ferro"
Mba'e-aí-potara renonhena,reprimir o desejo de coisas más,renúncia a quem quer coisas más
Ta peapysyketé irã marana pab'iré,"haveis de vos consolar muito futuramente, após acabar a batalha",que vocês se afastem muito depois da guerra
Koromõ sepîaki,logo o viu,agora vê-lo
mosapyr mysã,três dedos dos pés,"o que é chamado de ""pobreza"""
Akûé tabusu Îerusalém 'îaba pora mombebaûama kuapa nhẽ aîpó i 'éû,disse isso conhecendo o futuro esmagamento dos habitantes daquela cidade chamada jerusalém,ele veio sabendo que os habitantes do templo de jerusalém estavam reunidos
