source,target,prediction
Kapi'i sosé kó tuî,eis que sobre o capim ele está deitado,"sobre eles, somente, este velho"
Xe apar,eu sou aleijado,eu sou redondo
xe rapixara,meu parceiro,eu sou um parvo de gente
Opyk amana,cessou a chuva,caiu a espada
A'e roîré ko'yté i koty obaka onhe'eng-abaetéramo,"depois disso, finalmente, volta-se em direção a eles, falando muito terrivelmente","logo após ele sair, a porta de seu aposento ficou muito alaranjada"
Na xe pûasabi,eu não tenho com que bater,eu não sou digno
Tekatunheté rakûé endé hegûy!,"ah, que enfadonho és tu, de fato!","ah, que boa é tua própria felicidade!"
"Sesapysopûera kanhemi, iî apysaká oîe'obo","sua vista aguda desaparece, tapando-se seus ouvidos","o que é chamado de ""sapoião"" está no meio, dizendo-o somente"
Aîpó tekó-pysasu abá serã ogûeru?,"aquela lei nova, quem será que a trouxe?",que boas coisas trouxe alguém?
Kó santo o mongetasara oîmoîekosub i mba'e i kanhẽmbyra koîpó semiaûsuîababa supé,este santo faz aquele que a ele roga alcançar suas coisas sumidas ou seu escravo fugido,esse santo que pede a ele pede suas coisas aos que o matam ou aos que o amam
Moroún-mbyry nakó,"eis que estava de cor um tanto preta, certamente",não é que seja pequeno
yby-'ama,terra levantada,o que está no chão
Anhemosaraî,brinco,desviei-o
O a'yra marãbirĩ sekóreme senonhene'yma,não corrigindo seu filho quando ele estiver no mal,não se afligiu de seus dois filhos
Marangatuba'e santos ybakype Tupã remieroîeoîa setá,os beatos e os santos que deus faz ir consigo para o céu são muitos,os bem-aventurados e os santos que deus faz ir para o céu são muitos
"Akûeîme, i apyrasapa, xe nde moingosaba é","outrora, passando por cima dela, eu fui causa de te fazer agir","antigamente, fazendo-os sofrer, eu te maltratava"
Oîeîyîpe a'e o boîá mosapyr suí a'ereme?,"afastou-se daqueles seus três discípulos, então?","e se ele tivesse ido para longe, sem se importar com seu marido?"
T'oú îandé pytybõmo xe rybyra,que venha para nos ajudar meu irmão mais moço,que venha para nos ajudar meu irmão mais moço
Oîoîabenhẽpe tekokatu resé o a'yra moingoagûama ri i nhemosaînanyne?,igualmente se preocuparão em fazer seus filhos estarem na virtude?,"preocupou-se com a virtude, dando a seu filho, fazendo-o sofrer?"
Nde kunhã'ype?,tu tens namorada?,tua namorada?
Eroîyb ahẽ supé,descarrega-a a ele,fiquei-o esperando
I mara'a tenhẽ,eles estarão muitíssimo doentes,é muito doloroso
Xe gûa'a-gûa'a,"eu estou inchado, eu tenho calombos",eu tenho uma garganta
Gûinhe'enga abé,em eu falando,também o que fala
gûabiru rupîara,"armadilha de ratos, ratoeira",o que está no lugar de guajiru
I pupé 'y anhẽ monhangi kaûĩnamo o sy îeruresaba rupi,"nele a água transformou em vinho, de acordo com os pedidos de sua mãe","dentro dela, na verdade, está a morte como fome por causa da invocação de sua mãe"
Aporomoebykatã,empanturrei as pessoas,fiz-lhe uma grande injustiça
Xe îuru-îaî,eu tenho a boca aberta,eu tenho febre
Urubu mba'enema 'arybo nhemoîereba îabé,como o revolutear de um urubu sobre coisas fedorentas,também a separação das coisas úrubas do sol
Xe rekoporeaûsub,eu sou molengão,eu sou um homem muito bom
Marãpe a'e semienosegûama rekóû a'epe?,que faziam aí os que ele faria sair consigo?,"que fez ele, tendo a vida eterna?"
Aîkó sesé,tenho pendências com ele,estou com ela
"Ne'ĩ, taûîé, xe reîyîa","eia, depressa desviando-me","sim, pá, minha mãe"
Kokoty paranã aé rame'ĩ o abaetéramo erimba'e gûekoagûera sosé,"e por outra parte, semelhantemente, o próprio mar será mais terrível do que era seu costume","o próprio mar é o lugar em que se aflige, como seu verdadeiro guardião, sobre o que se aflige"
Serenduba rupibé amongoty xe nhemimi,"tão logo ao ouvir o nome dela, em outra parte eu me escondo","ao ouvir, eu me afrouxei"
ypyasoara,o que vai buscar água,"o que é chamado de ""primo"""
Xe ku'aî arekó,tenho-o na cintura,tenho minha pele
"Ma'ẽne, tupinambá Paragûasupendarûera opakatu îamombá","olha, arrasamos todos os tupinambás que estavam no paraguaçu","eia, todos os tupinambás que habitam o paraíso destruímos"
Oú ramõ nde resé,veio novamente por tua causa,veio para ti
Oîmoín-y bépe Pilatos o nhe'enga îudeus supé?,dirigiu de novo pilatos sua fala aos judeus?,"e Pilatos, por acaso, fez suas palavras aos judeus?"
mbegûé-katu,"brandamente, suavemente",muito devagar
Marã-marãpe Santíssima Trindade rera?,quais são os nomes da santíssima trindade?,como é que a Santíssima Trindade é chamada?
Oîaby rakó abá rekó xe retama,"é muito diferente, de fato, a morada dos homens da minha residência",destruiu o modo de proceder de alguém minha terra
A'e anhẽ mosapyr pessoaamo i îa'oki,"eles, na verdade, em três pessoas se distinguem","ele mesmo, como pessoa sensual, fez-se brilhar"
Ereîopûaîpe nde remirekó kunhã resé?,mandaste tua esposa ir em busca de mulheres?,tu fizeste tua esposa atrair por mulheres?
Abá sosé pabẽ i momorangi,acima de todas as pessoas embelezou-a,os homens sobre si mesmos o denunciam
Marã serã ture'ymi?,por que será que ele não vem?,que será que não é o dia todo?
Tuba i moingoaba se'õ a'e i aîarõ,parece bem que sua morte fosse a finalidade com que seu pai o fez viver,"o que fez a igreja, segundo ele, foi ele"
T'aroŷrõ tekomemûã,que deteste a vida má,que não se esqueça da vida
"Peteumẽ, pe poxyramo angiré",guardai-vos de serdes maus doravante,"acreditai, sendo maus"
Mosaûsuba rerobîasara,os que acreditam em sonhos,o que guarda as moscas
N'aîpotare'ymi,não o deixo de querer,não quero
sa'ang-ypŷabo,começando a pronunciá-lo,o que é de primeira linha
Santa Maria seryba'e,a que tem nome santa maria,o que é chamado santa maria
Oporoerokyba'epûera nd'e'ikatuî omendá o emierokûera resé,o que batizou não pode casar-se com aquela que batizou,os que dançam não podem se casar com os que se casam
"Ambyasy, 'useîa, kane'õ, mba'e tetiruã porarábo îandé resé","fome, sede, cansaço, quaisquer coisas sofrendo por nós","dor, sede, dor, sofrimento, coisas dolorosas que nos afligem"
Aîmonarang,arrombei-o,fiquei-o amamentando
Ogûenduparûera supé o nhe'enga rekobîarõmo,sustituindo suas palavras para os que o ouviram,cumprindo suas palavras com os que o ouviram
"Té, aûîé-katutenhẽ!","ah, excelente!","oh, como que estou cansado!"
nha'ẽpesẽ-uba,"cinzas do alguidar, cinzas da bacia",boca seca
ygá-pukuîtara,remador de canoa,"o que é chamado de ""caminho de madeira"""
itá-oka,casa de pedra,casa de pedra
Abá 'angûera amõ soe'ymi ybakype erimba'e?,não ia para o céu outrora a alma de nenhum homem?,não foram para o céu as almas das pessoas?
Amõ îudeu-tuîba'e i tymagûera kuabe'engi,um certo judeu velho mostrou o lugar em que ela fora enterrada,conhecendo o lugar onde ele morava um judeu antigo
okena motakaba,fecho da porta,o que bate na porta
Ta xe maran umẽ i gûabo,"que eu não adoeça, comendo-o",que eu não me desvie dele
Aroker xe ra'yra,fiz meu filho dormir comigo,fiz meu filho morrer
Xe posé i keri,dormiu comigo,eu tenho-o no pescoço
Opabenhẽ serã erimba'e a'epe tekoara iî a'oîa'oû?,acaso todos os que estavam ali ficaram a injuriá-lo?,"todos eles, porventura, dividiram-se para sempre?"
Marã oîkóbo-tepe asé Anhanga rembiaûsubamo sekóû?,mas procedendo de que modo se está como amigo do diabo?,"mas que fez nossa esposa, a que será que a fez viver?"
Ereîmborype nde angaîpagûera resé nde ma'enduasaba?,tiveste gozo com tuas lembranças de teus pecados antigos?,alegraste-te de ouvir tuas lembranças de teus pecados?
Mo'ema kó omopu'ã,mentiras levantam,eis que este ergueu
Oporombo'ebo nãîabé sekóû,"para ensinar as pessoas, assim procedeu","ensinando, por isso mesmo, está"
Xe raîy-raîyk,eu sou fibroso,eu tenho filhos velhos
Tó te'ĩ kó pirá rekóû mã!,oh! que multidão estes peixes são!,"oh, que mau é esse dinheiro!"
Xe araakasyk,eu sou garrido,eu tenho o sono escarrapada
Oré anangatu,nós somos muitos,nós somos muito poderosos
turusu bé'ĩ,maior algum tanto,é muito belo também
Aîpĩ-pin,fiquei-a beliscando,fiquei-o piscando
pepó-ypy,"encontros das asas, isto é, a parte superior delas, onde vão fazendo a volta e onde nascem as penas maiores",fazeis-me sair
Mosapy ipó xe boîáramo nde rekó ereîkuakub,"na verdade, três vezes negarás ser meu discípulo","como meu senhor, já conheces bem tua vida"
abá ra'angaba,estátua,o que é humano
Kó a'e ybaka îandé remiepîakûama oîmonhang,esse fez aquele céu que vemos,eis que esse céu fez nossa futura esperança
Tekopûera t'aîpe'a t'aîkó umẽne marani,que eu afaste o proceder antigo para que não esteja no mal,que eu desvie a vida para que eu esteja ali
Kûarasy 'ara pyterype seneme,ao estar o sol no meio do mundo,ao estar o sol no meio do dia
Oker okûapa tekotebẽ suí nhẽ,estavam dormindo de aflição,o que se aflige da virtude
iké seru-potá nhẽ,querendo trazê-los aqui,querendo fazer-lhe ouvir
Aroŷrõ tekó-poxy,detesto a vida má,detesto a vida má
reri ku'i,cal de ostra,a farinha de farinha
Aîoîaî,caçôo dele,desviei-o
"Rumby, xe rapîá","enfim, obedeceram-me","rumby, meu companheiro"
Aîkurubixok,esmigalhei-o,fiquei-o pisando
ka'aeté,"mata ótima, de boa madeira",floresta muito grande
Oîmboapy abá kuîaba,os homens esvaziam as cuias,enfileira o cauim de alguém
Xe pygûaî,eu tenho covinhas,eu sou um parvozinho
Ingapema bé peru!,trazei também a ingapema!,"eia, já chega!"
Xe ybypiar,eu tenho baceira,eu estou no chão
Anhanga mondyîtabamo,como modo de espantar o diabo,como modo de espantar o diabo
Te'itenheumẽ mba'e amõ nde motekokuabe'yma,que não aconteça de alguma coisa te deixar ignorante,diz algo que tu não sabes
"Eîori, xe îarĩ gûé, ta sorybeté xe 'anga nde 'aragûera resé","vem, ó meu senhorzinho, para que esteja muito feliz minha alma por causa do teu nascimento","vem, ó meu senhor, para que minha alma se alegre muito com tua vinda"
Xe nhe'engasy,eu tenho palavras ásperas,eu tenho palavras difíceis
Aîaó-mondeb,vesti a roupa nele,fiquei-o amamentando
Oîmongetá-py'i-py'ipe asé Santa Maria?,reza a gente muito frequentemente para santa maria?,guardava-se muito a santa maria por nós?
Aîemĩngatu-pe ká,hei de me esconder bem,coloquei-o bem no rosto
mbabyîara,"o que porta pestes, coisa pestilencial","o que é de idade, o que é de idade"
N'asendube'ym-a'ubi - Fiz que não o ouvi N'asepîake'ym-a'ubi,fiz que não o vi,fiz que não o ouvisse
T'our kó 'ara pupé oré 'anga moakupa,que venha neste dia para aquecer nossa alma,que venha neste dia para consumular nossas almas
"S Sebastião 'ara, se'õagûera, cristãos oîmoeté oîemotupana","o dia de são sebastião, em que ele morreu, os cristãos comemoram para se santificarem","o dia de são sebastião, após o seu nascimento, os cristãos festejaram muito"
"Ogûetepûera pupé oîkŷabo, i mopu'ama kûeîeténe","entrando nos seus antigos corpos, fazendo-os levantar imediatamente","ao viverem com sua própria morte, sua morte seria terrível"
"Oîké îugûasu, i akanga kutuka, opá i mombuka","entram grandes espinhos, espetando sua cabeça, furando-a toda","estavam muito brancos, espetando sua cabeça, espetando-a toda"
Opabĩ abá mondyki,todos os homens destrói,todos os homens furtaram
anhẽp'anhẽ,"mas, de verdade",na verdade
"S Filipe, STiago kó 'ara i moetepyra",são filipe e são tiago são os que devem ser honrados neste dia,"são Filipe, estiago, comemorando este dia"
Oîoîá te'õ rekóû kunumĩgûasu suí tuîba'e suí bé,a morte está igualmente entre os moços e entre os velhos,separa a vida eterna dos rapazes dos velhos também
moroîuba,amarelidão,o que é de cor
Tupã resé marã o ekó o îoupé moîa'oîa'okaba,a partilha entre si de suas obras por deus,o que separa a palavra de deus de si mesmo é o que a separa
A'epe Îudas n'oîkotebẽî Îudeus supé o îara me'engagûera resé?,e judas não se afligiu junto aos judeus por entregar a seu senhor?,e não se alegrou judas por entregar seu senhor a eles?
Asaûsub-a'ub,amo-o em vão,fiquei-o amamentando
Peró rekoaba,o ofício de pedro,o que é chamado de peró
Xe poreaûsukatu gûitekóbo,estou sendo muito miserável,eu sou muito feliz por estar
Mba'epe asé apysykabamo a'ereme?,"qual é nosso consolo, então?","como a gente se compadece, então?"
Îamanõ îepémo serã sepîakagûera abá supé mombe'u e'ymebémo,morreríamos certamente antes que contasse para as pessoas o que viu,certamente tu serás o que o senhor vê antes de contar a alguém
Iîá mosapyr-y bé pekaî oîepegûasune,"ainda bem que os três, novamente, queimareis em conjunto",querendo fazer-se feliz também com sua própria morte
ó-kupépe,"detrás da casa, atrás da casa",no interior da casa
"Xe pixã korine, mã!","ah, beliscar-me-á hoje!","meu pica-pau está pronto, ó!"
tukana tá-poraseîa,pena de tucano para dança,cidade bonita de tukana
Opîá o akangaobĩ pupé,cobrindo-o com seu véu,esvaziou-se com sua espada
morabuká-katu,bom trabalhador,o que é muito bom
Aî'a-kok,apoio sua cabeça,fico-me esfregando
aoboby,"roupa verde, pano verde",fiz-lhe o trabalho
"Yby obu-obur, otumu-tumunga","a terra ferve, ficando a estremecer","a terra se estende, estirando-se"
Îasepîak îepi i pypora,vemos sempre as suas pegadas,olhem sempre para sua beleza
Nd'e'i te'e moxy onhana tatá piririka îá,por isso mesmo as malditas correm como faíscas de fogo,por isso mesmo as maldades acendem o fogo das pessoas
Xe keranama mombaka,de meu pesado sono despertando-me,destruindo meus desejos
Sé ruã!,sei lá!,"ah, que bom!"
"Mbegûé é ko'yté abá tekokuá kanhemi, sesapysopûera kanhemi, o nhe'engabûera ra'ang îepébo","lentamente, enfim, o homem perde entendimento, sua vista aguda de outrora desaparece, tentando inutilmente a fala","por isso mesmo, antes, o que a pessoa faz é mau, o que a pessoa detesta, o que detesta as palavras"
Itá oîeká-îeká oîopyterybo,as pedras ficaram-se quebrando pelo meio,"as pedras espetaram-se, espetando-as"
Xe katûagûama ri ene'ĩ xe mbogûatábo,"eia, faze-me andar nas minhas virtudes","dizendo isso, eu me aflito muito"
"Kunhã rakypûemondóbo, apŷaba n'i apysáî","seguindo o rastro das mulheres, os índios não desistem","ao esconder uma mulher, os homens não a esconderam"
"Ene'ĩ, temiminõ 'arybo nhẽ oîmombe'u o angaîpá-mirĩ anhõ","eia, os temiminós de dia confessam seus pecadilhos somente","logo, ao virem os temiminós, confessam seus pequenos pecados"
Ekûãî moxy mbo'a îandé îusana pupé!,vai para fazer cair os malditos em nosso laço!,entra o maldito no caminho para nos ajudar!
Iesus Nazareno ikó orosekar,eis que procuramos jesus de nazaré,eis que jesus de nazaré nos ataca
ysá rupi'a,ovos de içá,ao longo da água
miapé-mirĩ,bolinho de pão,um pouquinho de canoa
Eva onhemomotareté 'ybá-poranga resé iî ykyébo,"eva atraiu-se muito pelo belo fruto, colhendo-o",Eva se compadece muito da beleza da farinha que está no seu céu
"Aîmbiré, eîori xe robaké!","aimbirê, vem diante de mim!","depois disso, vem comigo!"
"Tupã 'îaba îandé rubypy i mopore'ym'iré, te'õ 'ari sesé îandé resé béno","após não realizar nosso pai primeiro o que deus havia dito, a morte surgiu nele e em nós também","após nosso pai primeiro se alegrar, o diabo veio para ele para nós também"
Asóp'ixéne é?,"hei de ir, de fato?",irei mesmo?
Îandé té t'îabebé Tupãrorypápe nhẽ,"nós, enfim, havemos de voar para o paraíso","nós, porém, vamos para o lugar em que se alegra"
Xe nhemosako'i e'ymebé turi,veio antes que eu me preparasse,"antes de eu me preparar, agora"
Xe pyri marãtekoara,o que trabalha perto de mim,o que tem palavras junto de mim
Oubépe nde ruba?,está por aí teu pai?,está teu pai?
Tupã resé oîepysyrõba'e,os que se salvam em deus,o que é salvo por deus
Xe rakûanhaíb,eu estou com doença venérea,eu sou um pouco mais leve
Aîupi'a-mombor,botei-me os ovos,levantei-o
Îandé maranirũ,nossa companheira de guerras,nosso companheiro de guerras
Xe nhemõîetá,eu tenho muitas comborças,eu tenho muita fome
O membyra gûygépe onhemonhangyba'e 'arama osepîaka'ub,deseja ardentemente ver o nascimento de seu filho que se gera em seu ventre,vê o nascimento de seu filho no ventre
abá-ate'ymusu,homem muito preguiçoso,homem grosseiro
kunhã-mene'õ,mulher viúva,mulher que dá
T'osepîak-y bé umẽ kûarasy!,que não vejam mais o sol!,que vejam bem também o sol!
Apŷaba nd'e'i te'e o 'ybamo nde mo'ama,por isso mesmo os homens erigem-te em dirigente deles,"os homens não dizem que, na verdade, eles te darão como seu ventre"
Gûariniãme oporapitiba'e tiruãpe?,mesmo o que assassina na guerra ?,"na verdade, o que se confessa em guariní?"
Asemi'u-erokûab,servi a comida dele,fiz-lhe comida
kamusy-oka,casa de telha,casa de madeira
Aîpó eré supikatu,isso dizes com razão,eis que tu és o que tem poder
"Kori, nã, îandé rekó îandé moarûapa angá","hoje, assim, de modo nenhum impedem nossa estada","vem, sim, para nos fazer viver o diabo"
Tó! Mamõpe ahẽ rekóû?,eh! onde ele está?,oh! onde está ele?
Opá o boîá nde pópe i mongûapa,todos os seus discípulos para tuas mãos fazendo passar,todos os que estão em tuas mãos entregando-os
"I nem-eté, i tuîuk-eté, tasoka, ura remimongûyamone","serão fedorentos, serão muito podres, corroídos de vermes e de bernes","é muito grande, é muito velha, tem grande corpo, fazendo passar o tempo"
Marãîasûaramo temõ abaré xe 'apiramõneme xe angaîpab'e'ymebé xe re'õ mã!,"ah, que bom seria minha morte ao me batizar o padre, antes de eu pecar","ah, que bom que fosse meu pai me castigar antes de eu pecar!"
T'i momuru umẽ ma'e îara îandébe,que não prejudiquemos os que portam bens para nós,"que não o queimarão, pois, esse senhor para nós"
I xupépe asé îeruréû o 'anga rekorama resé?,a ele a gente pede pelo futuro viver de sua alma?,a ele nós pedimos o dom de sua alma?
Xe remimotarybo asó,vou por minha vontade,vou por minha própria vontade
Aîpusû'ã-mogûyr,ergui a espinhela,fiz-me passar as mãos
A'ereme îasytatá o apakuîamo,então as estrelas cairão pouco a pouco,"então, como seu próprio pai, a gente os espalha"
Xe keraíb,eu gemo dormindo,eu sou um carioca
aîubykara,enforcador,fiquei-o apodando
Angari abaregûasu arogûatá,"portanto, ando hoje com o provincial","os habitantes das aldeias angarias, os que se casaram"
Sesaý pytumimbyka rupi pé resapébo,fachos para iluminar o caminho pela escuridão,para brilharem as trevas que atravessam a escuridão
Aîkugûab,agradeci-o,fiquei-o
T'osyk esapy'a o îukaagûãme,que chegue logo ao lugar de o matarem,que chegue logo ao lugar de o matarem
Ereîmborype sesé nde posaûsubagûera?,deleitaste-te no teu sonho com ela?,enterneceste-te com teu grande namorado dela?
Tupã moabaeté,honrar a deus,o que é verdadeiro é deus
ramo'ĩ,ainda agorinha,já estava
Xe rekó-apepu-pepu,eu estou muito leve nas minhas coisas,eu estou-me tornando um pouco mais leve
Xe ambyasy,eu estou faminto,eu estou fendido
Anheakã-mobabak,virei-me a cabeça para um e outro lado,fiquei-o pisando
Marã-takó ahẽ rera?,qual era mesmo o nome dele?,que diz a gente?
Asysyrung,enfileirei-o,fiquei-o pisando
opá Paraibygûara,todos os habitantes do paraíba,todos os habitantes do paraíba
Na xe repy-marangatuî,eu não tenho preço alto,não me custou muito
Mba'epe asé oîmoeté abaré itaîukamusi rupireme?,que a gente honra ao erguer o padre o cálice da missa?,"que fazemos nós, de fato, quando o padre está em pé?"
N'aîkuabi a'e abá,não conheço esse homem,não conheço aquele homem
Nde mondabeypó kaûĩ,embebedava-te o cauim,o que te rouba é o cauim
îandûara,o que é igual a algo ou a alguém,o que é sagrado
asé angaîpaba rembyrûera,os restos de nossos pecados,o resgate de nossos pecados
"Pe'ĩ, îandé bé îaîekuakub","eia, nós também jejuemos","eia, nós também nos amamentamos"
O sy rygépe sekó remebé Tupã i mongaraíbi,"durante a estada dele no ventre de sua mãe, deus o santificou","mandou deus batizar-o, estando dentro de sua mãe"
Peîori pebaka Tupã koty,vinde para vos voltar para deus,vinde para ver a casa de deus
Ara nde i gûaba pupé bé o'a te'õ nde reséne,no mesmo dia em que tu a comeres cairá a morte em ti,no tempo em que tu o comeres também morrerás por causa de ti
S Pedro itangapema osekyî,são pedro puxou a espada,o que é chamado são pedro está a esconder
Gûaîbĩ aru amõ Magûeá suí,trouxe as velhas de além de magueá,alguns caçadores de guajêá
Xe ranhasy,eu sou peçonhento,eu tenho febre
Asaûsu biã,amo-o,amo-o
ty-apogûasu,"água cheia grande, maré alta",o que é grande
I moarûapaba t'aîmombe'une,hei de contar os modos de impedi-los,hei de contar os que o escreveram
Aîpyeî,lavo-a,fiquei-o pisando
A'e karaibypy îeapykaba mondyka,destruindo a descendência daquele primeiro homem branco,o que mata o primeiro homem chamado o caraíba
xe pindaeîtykatyba,lugar costumeiro de minha pescaria,eu tenho o rosto escarrapada
Ikó abá arur iké ta peîkuab,este homem trago aqui para que o reconheçais,"esses homens, enfim, hei de vos informar"
"Xe posaká, xe ratã","eu sou moçacara, eu sou forte","eu sou um fujão, eu sou um fulano"
kanhembora,"o fujão, o que tem costume de fugir",o que é canoa
Abápe nde?,quem és tu?,tu és de quem?
turusu-katu-eté,muito maior,muito alto
O emitymbûerypy pupé Tupãpotá-me'engano,dar também o dízimo naquilo que plantou primeiro,dando a deus vontade em seu próprio nome
oîepekatu,"todos juntos, todos à uma vez, à uma",ele está deitado
Abebuînhẽ,sou leviano,fiquei-o irritando
Onhemoangaîpabeté serã apŷaba?,porventura tornaram-se muito maus os homens?,pecadores serão os que morrerão?
Abá serã ogûeru?,quem será que a trouxe?,será que alguém trouxe?
"Oîá nhote kagûarape, marã?","o que bebe somente o suficiente, que acontece?","apenas voltou para o cauim, que acontece?"
Marã-marã-pakó îeí xe rekóû?,"que coisas, pois, eu fiz hoje?",que tipo de coisa é essa minha vida?
Aîkuab-eté nde suí,sei mais que tu,conheço bem a ti
Opabĩ nde momoranga,embelezando-te totalmente,todos te honram
Nde pópe oré 'anga ruî,em tuas mãos nossa alma está,nas tuas mãos está a alma de nós
Xe ratá nde kaîaûama,meu fogo é o lugar em que queimarás,meu fogo te castigará
O'a îandébo kori,nasceu para nós hoje,morreu para nós hoje
Marãba'e-p'iã ri?,de que espécie será que é isto?,por que razão? por que razão? por que razão? por que razão? por que razão? por que razão? por que razão? por que razão? por que razão? por que razão? por que razão? por que razão? por que razão? por que razão? por que razão? por que razão? por que razão? por que razão? por que razão? por que razão? por que razão? por que razão? por que razão? por que? por que razão? por que? por que razão? por que? por que? por que razão? por que? por que? por que? por
"Abá mundé supa, i pora rá","examinando a armadilha de alguém, tomando o seu conteúdo","o homem é o que domina o mundo, para que ele o tome"
Aîerok kori seséne,"mudarei de nome hoje, por causa deles",dou-lhe hoje
Mba'epe ké tuî opyka?,"que aqui está deitado, aquietando-se?",que fez este velho?
Arobîar asé rekobeîebyragûama,creio na nossa futura ressurreição,faço-o voltar para nossa futura felicidade
"Pindaîtykara îepotasápe, memẽ o agûasá-poxy supé oîmoîa'ok o embiara, o îara kupébo nhẽ","ao chegarem os pescadores, repartem sempre com suas amantes ruins seu pescado, pelas costas de seus senhores","ao se transformar um ladrão, sempre por causa de suas más carícias, fazendo cair sua espada, em seu próprio corpo"
Ogûeîyb yby apyterype,desceu para o centro da terra,caem no fundo da terra
"Koromõ, keygûara temiminõ moaûîébo, asapekóne","logo, vencendo os temiminós, habitantes daqui, eu os frequentarei","logo, para afastar os temiminós dos habitantes daqui, farei-os"
Ixé supé,a mim,para mim
T'omoîerekûab orébo,que o faça perdoar a nós,que ele esteja conosco
Morubixaba tuîba'e onhe'eng memẽ i xupé,os chefes velhos falam sempre a eles,o velho morubixaba fala sempre a ele
Xe moaîu-marangatu aîpó tekó-pysasu,importuna-me muito aquela lei nova,eu sou muito bom por causa da boa lei
Mba'epe ké tuî?,que está deitado aqui?,"que é isto, o velhote?"
Pekaî oîepegûasune,queimareis em conjunto,querendo fazer-se mentir
Na xe rekosûeri,eu não duro muito,eu não tenho a coragem
Aîka'u,faço papa dela,fiz comida
pé-aíba,caminho impraticável,o que é igual a um só
Mbegûé îaîomongetá t'onhandu umẽ abá,baixo conversemos para que não o percebam os índios,conversemos frequentemente para que o homem perceba
îagûara'yra,filhote de cão,filho da rainha
Osó kunhã semimbo'e-etá sapirõmo,"iam mulheres, suas discípulas, pranteando-o",foi para fazer saber as mulheres que eram muito discípulas delas
N'i tybangáî setãmbûera Opá akûeîme n'i poretáî,"não existem mais as suas antigas terras todas, desde então, não contêm muita coisa",não existem suas antigas forças todas as vezes não são boas
Nde 'ã-kytyngokyne,tu terás a alma limpa,tu ficas a bater
Oîopytera rupi aîasy'ab,parti-o pelo meio,"por causa disso, fi-lo amargo"
panakũ-sama,"corda de panacu, a que vai pela cabeça daquele que o leva","o que é chamado de ""panakou-sama"""
Y anhẽ monhangi kaûĩnamo,a água transformou em vinho,"a água é, na verdade, uma fonte de água"
Emonã îé abá rekóû rãé,dizem que o homem fez assim antes,fazendo-nos viver a gente
moropotaragûera posanga,remédio de nossos antigos desejos sensuais,"o que é chamado de ""próprio"""
"Na oré ruã, oré kyra é","não fomos nós, mas nossos subordinados","não por nós, mas por nossa própria morte"
Aîpó nhẽ! Xe putupab nhẽ nde ri,aí é que está! eu estou surpreso por tua causa,"ah, sim! eu tenho muita fama por ti"
Te'õ ereîporará,sofreste a morte,por isso mesmo usaste-o
"Pepu'am, t'îasó sapépe sobaîtĩamo","levantai-vos, vamos em seu caminho para encontrá-lo","levai-vos, vamos para o leito como santos"
okaturamo,sendo ele bom,sendo maduro
paranãendy,reflexo ou resplendor do mar,o que é brilhante
Anhanga nhegûasembaba 'ykaraíba,a causa de fuga do diabo é a água benta,o que ataca o inimigo do diabo
Ambosyî,levo carga,fiquei-o irritando
Xe aîurupygûasu,eu tenho cachaço grande,eu sou muito alegre
Aîepysó gûitupa,eu estou estirado,fiquei-o a bater
Xe mendûera ipó re'ĩ,"meu ex-marido há de ser, certamente",meu futuro marido é o que é
mosãngatu,remédio bom,muito bom
Aîur ta xe poî na ûi'îabo ruã,venho não tendo a intenção de que me alimentem,hei de me aproximar para que minhas mãos não se esvaziem
"N'i xyî, na setéî, n'i ypyî","não teve mãe, não tem corpo, não teve começo","não tem sede, não tem sede, não tem começo"
sesá-poropotaryba'e,o que tem olhos que são luxuriosos,o que tem olhos bonitos
Xe pé-pok,eu tenho casca estalada,eu estou esbofeteado
Nde anhõ t'oroaûsu,que somente a ti eu ame,que não te venças
Erimba'endûarûera ixé,"eu sou o que é antigo, o de tempos atrás",eu sou o que entendeu
Aîeká,quebrei-me,estou-me esbofeteando
Marãpe erepûar xe resé?,por que bates em mim?,como te preocupaste comigo?
Xe retymãnhemang,eu tenho pernas tortas,eu tenho o rosto espetado
Aûîebé-te xe só-umani,ainda que eu já fosse,mas hoje eu sou só homem
Nde resé memẽ oroîkó,contigo sempre estamos,contigo estamos sempre
Aîporama resé é peîmongaraíb abaré pyri,é por isso que o batizais junto ao padre,"por causa disso, pois, fazeis-vos batizar junto ao padre"
A'epe abaré hóstia pese'õ-etá-etáreme i pese'õmbûera îabi'õ Îandé Îara Îesu Cristo rekóû?,"e ao partir muitas vezes o padre a hóstia em pedaços, em cada pedaço nosso senhor jesus cristo está?","e se a estrela do padre é muito alta, a estrela que é muito alta, é a vida de nosso senhor jesus cristo?"
Asó xe ruba pé,vou em busca de meu pai,vou para meu pai
tatobapyygûara,habitante de fronteira,o que é habitante de uma aldeia
Peîpûá muru!,amarrai os malditos!,lancei os malditos!
-Erimba'epe i xóû i xupa? -I membyra São João rurureme,quando foi para visitá-la? -por ocasião da gravidez de seu filho são joão,-quando ele foi morto? -se seu filho São João foi morto
paranãngûá,enseada ou baía de mar,"o que é chamado de ""marinho"""
Aûîé ipó!,muito bem!,"ah, é verdade!"
Marãnamope asé santos 'ara kuabi?,por que a gente reconhece o dia dos santos?,como a gente conhece o dia dos santos?
"Sugûy mombukapa, îaînupã-nupã","derramando o seu sangue, ficaram a açoitá-lo","derramando seu sangue, fazendo-o beber"
Tupã resé tiruã kó nhe'enga reîtyki,eis que até mesmo contra deus murmura,"na verdade, em deus, estas palavras caem"
- Xe rembyrĩ gûixóbo,eu me escafedo ao ir,- eu estou deitado
Ó-mirĩ pupé ereîkó,dentro de uma casinha estás,na casa pequena tu estás
"Abápe aîpoba'e oîmonhang erimba'e, sa'angypŷabo?","quem o fez outrora, começando a pronunciá-lo?","quem fez essa criação, ficando a mentir?"
Aru-pab pirá,trouxe todo o peixe,peixe de pau
I pytun xe roka,minha casa está escura,é escura minha casa
"Ereîukaípe kunhã amõ, sesé nde ara'apy'iramo?","forçaste alguma mulher, sendo tu ladino com ela?","mataste alguma mulher, tendo dor dela?"
N'a'ekatuî,não sei,não estou cansado
Aîaby-eteté xe monhangara nhe'enga mã!,"ah, transgredi muitíssimo as palavras de meu criador!","ah, como transgredi as palavras de meu criador!"
Eremondarõpe nde rapixaba kópe?,furtaste na roça de teu próximo?,mandaste teu companheiro para cá?
-Setápe asé nhemongaraíbi? - Aani - A gente batiza-se muitas vezes?,de maneira nenhuma,gente batiza muitas vezes?
Tupã nhe'enga asa'ang,a palavra de deus experimentei,transgredi a palavra de deus
Aroapy'am,desci com eles,estou sentado
Mba'e-u'uma!,coisa enlameada!,comida!
Nd'e'i te'e mba'e-katu resé oîekosube'yma,por isso mesmo eles não se deleitam com as boas coisas,por isso mesmo não se importam com as coisas boas
o îoupé-upé,uns aos outros,em seu próprio corpo
Eresó nhẽ peũî,vais definitivamente,vais para ir
Aîpi-mondok,corto-lhe a pele,fiquei-o esfregando
Y piaramo asó,vou em busca de água,vou em busca de água
Nde angerasópe abá-porangepîaka?,maravilhou-te a vista de homens belos?,tu te importas em ver homens bonitos?
Semimonhangûera îamonhangyne,faremos o que ele fez,criamos o que é semimonífero
Aka'amondó,caço,fiquei-o mandando
"Xe anama, erimba'e, tekó-ypyramo sekóû","minha nação, outrora, estava de acordo com a cultura primeira","minha nação, outrora, é a que é a primeira lei"
Xe arũaíb,eu sou garrido,eu sou um leproso
Peẽ aé-te peîeapirõ,mas chorai por vós mesmas,"somente vós, se casardes"
Sakypûera rupi é îasó,por seus rastros é que vamos,vamos pelo caminho da cidade
Ké urutaûrana ruri!,aqui vem um urutaurana,"ah, quem é o guardião dos reis!"
Aîaîurar,lacei-o pelo pescoço,fiquei-o pisando
I mopu'ama kûeîeténe,fazendo-os levantar imediatamente,sua morte seria muito grande
pé kugûapaba,baliza do caminho,o que está no meio da canoa
"Kûé suí asó mamõ, amõ taba rapekóbo","daí ía para longe, frequentando outras aldeias","daqui vou para longe, para tratar de alguma aldeia"
Opá sama pupé i apytĩû,com toda uma corda amarraram-no,em todas as minhas presas ele se aflige
"Gûemimbo'e pyri o karûápe, miapé moîebyû gûetéramo","ao comer junto dos seus discípulos, o pão devolveu como seu corpo kapi'ĩ sosé kó tuî, tapi'irusu karûápe - eis que sobre o capim ele está deitado, no lugar em que a vaca come","ao lado de seus discípulos em seu quarto, o que se vê como um verdadeiro ser"
"Endé, Tupã rorypápe aûîeramanhẽ ereîkó","tu, no paraíso para sempre estás","tu, na alegria de deus, entras em primeiro lugar"
"Perekó potasábo é, perekó i îukábo","tende-o por vontade, tende-o para matá-lo","querendo fazê-lo, vai para matá-lo"
andyragûasu-bebé,morcegão voador,com sangue muito grande
Aîur ybaka suí pe rokybỹîa rupi,vim do céu pelo interior de vossas ocas,vou do céu para atravessar vossas casas
otĩba'e,o que se envergonha,o que está deitado
Abebuîkatu,sou leve,eu sou muito bom
Kó bé ingapé-kûatiara,eis aqui também a ingapema pintada,eis aqui também o que é chamado de ingapé
Kaûĩ aé ruã-tepe ybŷá onong i pupé?,"mas vinho mesmo, de fato, colocam dentro dele?",mas que será que o homem está dentro dela?
Aî'abiú,catei-lhe a cabeça,vim de madrugada
Tynysẽ Tupã raûsuba nde nhy'ãme erimba'e,abundava o amor de deus em teu coração outrora,o amor de deus está firmemente em teu coração
Na sa'ubi iké xe robaké nde rur'e'ymebé,ele não foi mesquinho antes de tua vinda aqui diante de mim,não se afligiu a ti junto de mim antes de tu me venceres
Asó umẽpe ky,não hei de ir,vou para lá
Mbobyrîõ ipó erimba'e kunumĩ kanhemi,"alguns somente, outrora, morreram meninos",ainda bem que os rapazes caem
T'e'i tenhẽ umẽ xe ri o îuru'aramo,não fique ele boquejando a meu respeito,que ele mesmo faça isso em mim como seu alimento
Anhanga nde moabaîté,o diabo te agasta,o diabo te faz cair
abá-tekokuabe'yma,homem ignorante,homem ignorante
O'ẽpe erimba'e nde membyra nde i potasápe?,poluiu-se outrora teu filho por tu o desejares?,excitaste teu filho quando o quiseste?
O angaîpagûera repyme'enga-mbapa,resgatando totalmente seus antigos pecados,o que retribui todos os pecados deles
Oroîoerobyk,achegamo-nos um ao outro,estamos a bater
"Enhambé! T'oú-te muru, ranhẽ","espera! que venha o maldito, primeiro","ah, vem agora, primeiro"
Mokõî pykasu ra'yra i xy ogûerasó îetanongabamo,dois filhotes de pomba sua mãe levou como oferenda,os dois filhos do maldito levaram seu pai como seu guardião
Aîpoba'e tenhẽ n'oîabyî mboîa,"aquele, de fato, não é diferente da cobra","os que são cristãos, na verdade, não se distinguem"
mendasara resendûara tekori,"hás de confessar primeiro tua atração por eles o que diz respeito aos casados, depois",proceder com os que ouvem a palavra de mendasará
"I angaîpá kó nde boîá, na xe rerekó-katuî","são maus estes teus servos, não me tratam bem","é mau este teu senhor, não me trata bem"
T'îandé rerasó o orypápe o îoesé îandé moîekosupa,que nos leve para seu lugar de felicidade para nos fazer regozijar consigo,levemos-nos para onde ele veio para nos fazer viver em sua boca
Marã e'ipe supîarûera osóbo?,"que disseram seus adversários, indo?",que disse o chefe quando ele foi?
I abaeté-katu xe rera,é muito terrível meu nome,eu sou muito atraente
xe ramũîa Îagûaruna,meu avô jaguaruna,"meu avô, o que é chamado Iguaçu"
Marã sekó resépe i angekoaíba îekuabi?,por qual estado seu transparecia sua angústia?,como estava a confissão de seus pecados?
Aîtyk itasama,lancei a âncora,esbofeteei as pedras
Nd'oîmoasyîpe amõ o nhe'engaibagûera iî a'o ré?,não se arrependeram alguns de seus vitupérios após o injuriarem?,"não se arrependeram os que disseram falsamente, após o enterrarem?"
Ybakype i pyri o só îanondé Anhanga ratápe o só suí,antes sua ida para junto dele no céu que sua ida para o inferno,antes de ir para junto dele no céu para o inferno
Nde remo'em umẽ abá resé,não sejas mentiroso por causa de ninguém,tu te preocupas com alguém
Abá re'õagûera resé og orybamo,alegrando-se com a morte de alguém,"ao se aproximarem dos homens, ficando a falar"
"Oroîu nde momoranga, ore aíba reropó","viemos para te festejar, lançando fora nossa maldade","vêm para te honrar, cumprindo nossa lei"
Aûîé i asu koty é i angaîpaba'epûera oîkóbone,"enfim, à sua esquerda estando os que foram pecadores","certamente, sua morte seria o resultado de seus pecados"
Marã-marã tenhẽ aîkó,procedo muito mal,como eu estava
Iîá omanõmo,ainda bem que morreu,se ele tivesse morrido
Kori monẽ asó,hoje eu deveria ir,vou para aqui
"T'îasó, mbegûé, îapu'ama","vamos, devagar, para fazer o assalto","vamos, devagar, para ir"
Xe rapó,eu tenho raízes,eu sou redondo
Paranãmbora ri aîkó,vivo de mariscos,estou na companheira de uma empregada
Sekoba'e ixé,eu sou acostumado,eu sou cego
Mba'e nungarape aîpó graça i moangaturãsaba?,"semelhante a que é essa graça, o meio de fazê-los bons?",por que causa a graça os santifica?
"Tubixá-katu Aîmbiré, apŷaba moangaîpapara","o grande chefe aimbirê, o pervertedor dos índios","o grande chefe, o inimigo de inimigos, o grande inimigo"
Nde poropotare'yma t'oîakatu xe resé,tua pureza seja igual em mim,"que não te desvieis, que não me desvieis"
Nebe oronheangerur oré poasemamo,"a ti suspiramos, gemendo",nele nos enfeitando como a nossa espada
Sugûy turusu ybype osyryka,"seu sangue era muito, escorrendo no chão",seu sangue muito em terra escorrendo
"Pe ratãngatu resé gûiîekoka, asó-potá","apoiando-me na vossa valentia, quero ir","em vosso bom fogo estou, querendo ir"
itakurubi-tyba,ajuntamento de pedregulhos,o que tem ferro grande
"Putunusu porarábo, oroîkotebẽngatu","suportando a escuridão, estamos muito aflitos","ao passar o ano todo, somos muito bons uns com os outros"
Peîpoûsub ymẽ,não o temais,fazeis-vos passar os dias
"O'u nhẽpe a'e 'ybá, tegûama, Tupã 'îaba?","comeu aquele fruto, causa da morte, que deus dissera?","comem essa carne, o teguma, o que é deus?"
Oîabypemo abá Tupã nhe'enga emonã sekokuapa?,transgrediria o homem a palavra de deus assim os conhecendo?,"alguém, porventura, primeiro aceitou a palavra de deus?"
iî apé,o lado direito dele,com ele
I pe'ybĩ nakó tapiti kûara,"está limpa, como se vê, a cova da lebre",são poucos esses os tapitios
Mobype tubixá-katu kybõ?,quantos são os chefes principais por aqui?,por onde veio o grande chefe?
Aîapûapyk,apanhei-as,fiquei-o apodando
îukyrapu'a,bolota de sal,o que é grande
Aîkuabe'u-be'u,fiquei-o contando,fico-me esfregando
morepy me'engara,"o que entrega os reféns, o redentor",o que dá muito
Umãmepe a'e putunusu pitanga nhemongaraibypyre'yma rekoaba rekóû?,"e onde está aquele limbo, morada das crianças que não foram batizadas?",e onde está o futuro futuro estado de vida daqueles bebés não batizados?
Ereropûar ybyrá nde remirekó resé!,bateste com um pau na tua esposa!,enfeites-te de ferro com tua esposa!
Xe pyta'ã-ta'am,eu me fico levantando nas pontas dos pés,eu tenho medo de me afastar
miîukarambûera,o que seria morto,o que é de madeira
Xe atá-îaî,eu tenho o andar escarrapachado,eu estou-me esfregando
O aysó abé osepîak,sua própria formosura também viram,seus discípulos também vêem
setapokãba'e,"o que é raro, poucas vezes visto ou que se não acha a cada passo",o que é longo
mba'e-apina,coisa rapada,coisa de colar
Okuî rakó amũme 'ybarambûera o 'yba suí ybotyramo oîkóbo bé,"caem, às vezes, os frutos das suas árvores, sendo ainda flores","tomou-o enquanto estava no meio do mar, estando deitado de pé também"
T'îasó maranatãûãme?,havemos de ir à árdua guerra?,iremos para o maratão?
Iî aŷpy rupi eîasy'ab,corta-o pela sua base,"por causa disso, entristeça-te"
Tupã tari,deus o tomou,o senhor deus
Ereîpytybõpe abá mondá resé?,ajudaste alguém num roubo?,tu te preocupaste com o furto de alguém?
Ereîmoîebype kaûĩ?,vomitas cauim?,transformaste cauim?
Mba'epe erimba'e oîmonhang 'aramo?,que transformou outrora em mundo?,que é que a gente cria?
I angekoaí-katu serã Îandé Îara i mongetapukûabo?,"será que nosso senhor estava muito angustiado, longamente rezando a ele?",seria muito injusto nosso senhor castigá-los?
Nd'e'ikatuîpe abá o anameté resé omendá?,não pode alguém casar-se com seu parente verdadeiro?,não pode alguém casar-se com seu parente?
"T'i nhyrõngatu kori îandébo, pindá me'enga","que eles bem perdoem hoje a nós, dando anzóis","que ele seja muito bom para nós hoje, dando a todos"
Erenhemoa'ypupukype nde poropotaramo?,"tu tiveste polução, tendo desejos sensuais?","ficaste a fingir, querendo?"
tatá-endy-etá,muitas chamas de fogo,fogo muito brilhante
Temiminõ 'arybo nhẽ oîmombe'u o angaîpá-mirĩ anhõ,"os temiminós de dia confessam seus pecadilhos, somente",ao ouvirem temiminós confessam seus pecados mais pequenos
"Saûsupara, aîuruîuba, mokaba ogûeru tenhẽ","seus amigos, os franceses, trouxeram armas de fogo em vão","os saúsuparas, os ajuruíba, os mokabas trouxeram em vão"
T'orobasẽne ybakype nde îepîakukasápe,"havemos de chegar ao céu, ao lugar em que tu te revelas","que vás para o céu, para onde te honras"
Oú-mo'ang pe mondyîa,pensa em vir para vos espantar,vêm para vos furtar
Nde resa'y eîmondyky seroŷrõsápe,"destila tuas lágrimas, por detestá-los",enfraqueça teu coração ao se irritar
"Anhanga nde moabaîté, nde suí osykyîébo","o diabo te agasta, de ti tendo medo","o diabo te repreendeu, fugindo de ti"
"Sobaké Anhanga onheŷnhanga, i mokona motá","diante deles os diabos ajuntando-se, querendo engoli-los","sobake o diabo desanima, fazendo-o morrer"
Eîori i mosykyîébo,vem para amedrontá-lo,vem para vê-lo
Abanherane'yma ixé,eu sou homem manso,eu sou um homem diferente
Xe rasok,eu tenho vermes,eu estou cansado
taîasu rokaîa,curral dos porcos,casa dos índios
Aîasy-'ab,cortei um pedaço dela,fiquei-o pisando
Xe 'a!,meu senhor!,"ah, eu sou!"
N'aîkóî ipó irã tuîba'eramo ranhẽne re'a,tomara não seja eu o que jazerá primeiro,"não seria assim, pois, que ele se envelhecesse primeiro"
itá-kûarusu,furna em penedos ou rochas,pedra branca
"Oîeîukaaíb-eté serã serasoaretá a'ereme, oposẽ-posema?","acaso insistiram muito, então, os que o levaram, ficando a gritar?","ficaram muito a murmurar-se, porventura, os que se casaram, querendo se casar?"
Aîkupy-pûar,amarrei-lhe as pernas,fiquei-o pisando
T'oré angaturãne oré îekosubagûama ri,que sejamos dignos do lugar futuro de nosso regozijo,que sejamos dignos para nos fazer viver
Asenõî nakó naeroîaî turi,"chamei-o, de fato, mas nem por isso veio",nomei-o assim não o invoquei
sendybangã,canto dela,o que é bom
Xe peré-pereb,eu sou muito perebento,eu estou muito feliz
Aîepyk ipó irã seséne,"vingar-me-ei dele no futuro, certamente","fiquei-o a afastar, certamente,"
Nd'arobîari Makaxera,não confio em macaxeras,não desobedeci a Maxaera
Oka aîyby-apetek,barreei a casa com terra,caiu de ferrugem
"I amotare'ymetébo, perekoaí-aí","detestando-os muito, tratai-los muito mal","querendo muito, fazeis-me mentir"
Tekotebẽ suí nde nhy'ã-boke'ymi,tu não tens o coração arrebentado de aflição,não te faz cair o coração pela virtude
O ké-poxy omboryba'e,o que se compraz em seu sonho mau,o que se compraz em seu vício
pokangi nhõte,raro,somente um pouco mais
"Ybaka rasapa, osó, nde reîá","atravessando o céu, foi, deixando-te","atravessando o céu, foi, deixando-te"
Xe poronupã îá,"eu açouto gente, de costume",eu sou muito feliz
Xe py resé nhẽ asó,vou a pé,vou em pé
Tatá ypype oîepegûabo,aquecendo-se perto do fogo,fazendo-se cair no fogo
"Xe îar, na xe angaturami ã a'emo ereîké xe py'ape","meu senhor, eis que eu não sou digno de que entres em meu coração","meu senhor, não é que eu seja bom, sendo que tu entras em meu coração"
Kunhã kuaûká i mena supé,acusando uma mulher para seu marido,conhecendo uma mulher por seu marido
Abá supépe asé îeruréû o 'anga rekokaturama resé?,para quem a gente reza pela felicidade futura de sua alma?,para quem nós rezamos para que sua alma se console?
Iîamuru! Mokõîbé pekaî oîepegûasune,bem feito! ambos queimareis em conjunto,é mau! ambos querem fazer-se felizes
"Xe rureme, asobaîtĩ xe remierekopûera","ao vir eu, encontrei o que guardara","ao vir eu, desvirginaria minhas presas"
A'e-p'ikó?,e este?,e isso?
A'é benhẽ,digo novamente,eu sou novo
"Akó 'y asé reté moîasuka îabé, akûeîa îabé","assim como esta água lava o corpo da gente, aquela também","esta água encheu nosso corpo também, fazendo-o passar"
Moraseîa rerobîara i py'a îaîporaká,a crença na dança enche os corações deles,os que se casaram com moraseias afligiu seu coração
Kokoty paranã aé rame'ĩ o abaetéramo erimba'e gûekoagûera sosé,"e por outra parte, semelhantemente, o próprio mar será mais terrível do que é seu costume","o próprio mar é o lugar em que se aflige, como seu verdadeiro guardião, sobre o que se aflige"
Omboasy-katu o angaîpaba o py'ape,arrepende-se muito de seus pecados em seu coração,arrepende-se muito de seus pecados em seu coração
Ereîkytykype nde ragûyrõ?,esfregaste teu pênis excitado?,ficaste a irritar teu companheiro?
Atypy-a'ang,medi a profundidade dele,o que tem a cabeça espetada
N'osa'angi-tep'akó nhembo'e ko'arapukuî?,mas não se esforçam esses por aprender sempre?,não se importam muito com o que ensina hoje?
ebokûeîba'e a'e,isso mesmo,aquele que é igual a ele
"Ahẽ, teumẽ serobîá!","oh, guarda-te de acreditar neles!","sim, certamente o cumpriram!"
"Enhambé! T'oú-te muru, ranhẽ, o nharõ rerobasema","espera! que venha o maldito, primeiro, chegando com sua ferocidade","ah, que venha o maldito, primeiro, fazendo-se feliz com sua morte"
Aîpysy-potá-katu morepenhandara ri,quero muito apanhá-las com os que atacam as pessoas,quero estar muito aflito com o que o ama
"A'epe kunumĩgûasu kunhã oîmomosemba'e, onhegûasema memẽ?","e os rapazes que perseguem mulheres, fugindo sempre?","e os rapazes que acatam mulheres, que se casam sempre?"
Xe resá-oby,eu tenho olhos enevoados,eu tenho olhos espiados
Na xe apysáî,insisti,eu não sou digno
Marãmo ahẽ rekóû o mba'ekaturamo xe suí?,por que ele vive tendo coisas boas mais que eu?,como será que ele se compadece de mim?
"I nhe'enga abŷabo-tekatu, i momburûabo","suas palavras transgredindo muito, amaldiçoando-o","suas palavras transgredindo muito, esmagando-as"
Aîkumirik,esmigalhei-o,fiquei-o pisando
Abebé kó ybytu îá,vôo como este vento,eis que este vento está acalentando
Eîotĩ nde kesaba xe porupi,amarra tua rede ao lado de mim,amarra tua rede ao lado de mim
Xe abé taîasugûaîa,eu também sou um porco,eu também tenho medo dele
Aîpyapasá-mondeb,pus o sapato,fiquei-o pisando
Aîme'eng mba'e xe ruba taté nhẽ,dei coisas para outra pessoa que não a meu pai,dei coisas a meu pai no fogo
Penhemoma'enduar ambyra 'angûera,lembrai-vos das almas dos defuntos,ouvindo a alma do filho
Tekó-katu aby potare'yma,não querendo transgredir a boa lei,não querendo praticar a boa lei
ko'ẽme,ao amanhecer,de manhã
A'ekatu eboûinga resé,sei fazer isso,estou preocupado com o que é chamado
Xe nhe'ẽmbyk ahẽ,ele me deixou sem palavras,eu estou muito leve nas palavras
I pyrybé perobîá,acreditai um pouco mais nele,"em seu interior, a cruz"
Nde pytuẽ Na satãngatuî maíra!,descansa não é muito forte o maíra,"descansa, ó senhor maldito!"
Marãpe Tupã i moposara rerekóûne?,como deus fará com os que os cumprem?,como o senhor trataria seu próximo?
"Putuna îudeus i pysykagûeramo sekóreme, cristãos rorybe'ymamo","a noite em que estava ele como presa dos judeus, os cristãos não estavam felizes","sendo os judeus os que detêm a putuna, os cristãos são os que se regozijam"
Xe só abé,assim que eu vou,eu sou único
koba'e îá,"como isto, como este",o que é igual a ele
yby'ã-by'ama,barrancos,o que é como um peixe
N'omoetéî o monhangara,não honram seu criador,não reconhecem seu criador
A'e ré t'asepenhan!,"depois disso, hei de atacá-los","eia, então, que o façam morrer!"
Xe membyrasy,eu tenho dores de parto,eu tenho dores de sono
Îandé rokesỹ memẽ anhanga,toma-nos a dianteira sempre o diabo,o diabo está sempre à nossa frente
-Esapîá-te!,"tu, ao contrário, obedece a ele!",-Faz-me confusão!
Esepîak xe mara'ara t'eresaûsubar xe 'anga,vê minha doença para que te compadeças de minha alma,vê meu próximo para que salve minha alma
Akanetá-pyrã-beraba reroínano,tendo também coroas vermelhas e brilhantes,o que tem a cabeça muito branca
y-atã,rio direito,água potente
A'e ré kori îasó tubixaba akanga kábo,"depois disso, vamos hoje para quebrar as cabeças dos reis",depois disso hoje vamos para o lado de fora do buraco
"Gûaîxará kagûara ixé, morûara, moroapŷara, anhanga morapitîara","eu sou guaixará bebedor de cauim, comedor de gente, queimador de gente, diabo trucidador de gente","eu sou guaixará, cauim cauim, que faz gente beber, faz gente beber, faz gente beber o diabo"
"Onhemomboreaûsub, o angaîpaba moasŷabo","se humilha, arrependendo-se de suas maldades","se apaziguam, confessando seus pecados"
Xe py'a-tytyk,eu tenho o coração palpitante,eu tenho o coração palpitante
kabaru repanakũ,a sela do cavalo,o que bate no cavalo
Aseé,ralo-o,estou-o
Ndaeroîaî o ekoangaîpagûera repyme'engagûama resé o putupabamo,nem por isso se importa com o resgate de seus antigos pecados,"não se separam, como se tratam, de pagar os pecados que cometeram"
Soryb,ele está feliz,sorrindo
Akanhem kó ixé re'a,eis que agora eu pereço,hei de mexer aqui
"Esykyîébomo, ereîkó-katumo","tendo medo, farias bem","se tu te escondes, tu és bom"
"Îamongûá moxy ru'uba, i xupé îaîemoîtỹamo","fazemos passar as flechas dos malditos, diante deles esquivando-nos","levemos os malditos para o inferno, fazendo-os viver como se fossem"
Akoraka'e 'ara nhemonhang'iré,"naquela época, após criar-se o mundo",após o estabelecimento do mundo
T'îaîmombe'u é irã i îepaboka,havemos de anunciar futuramente sua partida,"digamos, de fato, que o fez"
Tupã supé ûiîerurébo,orando eu para deus,invocando a deus
Eîmo'ẽ nde resa'y,derrama tuas lágrimas,dá tua dor
emonãneme,se for assim,se o aceitarem
Marãîasûaramo asó mã!,que bom seria se eu fosse!,"ah, como que vou eu como covo!"
Ema'ẽ-te ranhẽ!,mas olha primeiro! olha cá!,basta olhar primeiro!
"T'îaîuká xe mena, a'ereme t'îamendar îandé îoesé","matemos meu marido e, então, casemos um com o outro","matemos meu marido, então, que o repreenda para nós"
"Îu, anhangap'ikó ri?!","oh, por acaso isto é o diabo?!","oh, será que isso é falso?!"
Aîmoa'ypab,esfalfei-o,fiquei-o pisando
Ereîar tenhẽpe abá mba'e amõ?,"tomaste, sem razão, alguma coisa de alguém?",disseste alguma coisa a alguém em vão?
Anhonongatu o îoupé,reconciliei-os um com o outro,fiquei-o apoiando
Ta xe rarõ memẽ îepi,que me guarde sempre,que me faça sempre irrupção
Tupã îepîakukari xebene,deus revelar-se-á a mim,deus vê os homens
Marãmo ahẽ rekóû o mba'e-katuramo xe suí?,por que ele vive tendo coisas boas mais que eu?,como será que ele se compadece mais de mim?
Îori xe rekomonhanga,vem para me governar,vem para me fazer viver
Osem-y bépe irã a'e suíne?,sairão ainda futuramente dali?,"e a água, também, por que a levou?"
i mokunhãetepyra,a que é alforriada,o que é de cada ano
sye'yma,"o sem mãe, o órfão de mãe",não tem corpo
Nde py'anhemongetápe kunhã amõ resé?,pensaste nalguma mulher?,tu tens grande afeto por alguma mulher?
Asapi'anupã,castrei-os,fiquei-o pisando
"Ikó îu'i, xe rupîara, t'ere'u","estas rãs, minhas presas, que as comas","eis que esse fruto, que eu leve, que comas"
Oîmonhang ipó kori milagre amõ xe robakéne re'a,vamos ver se fará hoje realmente algum milagre diante de mim,"fez-se, certamente, hoje, algum milagre para me fazer viver"
Sygépe o eterama Tupã tari,em seu ventre deus recebeu seu próprio corpo,na verdade é o que é verdadeiro deus
Eseîyî-ukar umẽ iké suí xe retama,não o deixes afastar daqui minha morada,não se afaste de ti minha terra
omanõmo,morrendo ele,morrendo ele
Oîpotarĩ-p'amẽ abá erimba'e o îuká?,preferiam outrora as pessoas que as matassem?,"quer assassinar alguém, querendo matar alguém?"
"Gûaîxará kagûara ixé, mboîtiningusu, îagûara, morapitîara","eu sou guaixará bebedor de cauim, grande cascavel, onça, trucidador de gente","eu sou guaixará, cauim cauim, grande chefe, cauim, morapié"
Ereîmoingópe abá 'aretéreme marã i moporabykŷabo?,"empregaste alguém por ocasião de um feriado, fazendo-o trabalhar em algo?","fizeste alguém, quando estava doente, que fazer para não o obedecer?"
Aîmoeté-katupe xe ruba ká,hei de louvar muito meu pai,honro muito meu pai
Aroby-katupe ká i porangepîá-katûabo,hei de me aproximar muito dela para ver bem sua beleza,alegrou-se muito o que ele fez ser muito belo
Oîkotebẽba'e moapysyka,consolar os aflitos,o que é bom é o que fica em pé
Xe kerapará-parar,eu estou caindo de sono,eu tenho o rosto espetado
Arasó-nhemim,levei-o secretamente,vou-o
"Oroapy kori, îandu!","queimo-te hoje, como de costume!","hoje estamos deitados, percebemos!"
"T'akûáne pe renondé, pe manhanamo, ranhẽ","hei de ir adiante de vós, como vosso espião, primeiro","hei de ir à frente de vós, sendo vossos antigos irmãos, primeiro"
Aîukasûer,quase o matei,esfreguei-o
apytaîyka,"mingau grosso, massa",fiquei-o
Onheŷnhang umã sesé gûaîbĩ tuîba'e abé,já se juntaram por causa disso as velhas e os velhos,um pouco mais deles desapareceram também os velhos
Kobé aîkó nde ra'yrangaîpabĩnamo,eis que aqui estou como teu filho pecador,eis que sou teu filho índio
xe kó robapy,o limite de minha roça,eu estou de pé aqui
so'o paba,a mortandade da caça,carne de caça
Xe agûy-agûy,eu estou cambaleando,eu tenho sangue muito
Abá serã xe îabé?,quem será como eu?,será que alguém me dera?
Anhanga pó gûyrybo nhẽ sekóû,sob as mãos do diabo está,sob as mãos do diabo está
Mba'epûera peîépe?,dissestes tolices?,que fizestes?
"Îori, anhanga mondyîa, oré moaûîé suí!","vem para espantar o diabo, para não nos vencer","vem, espantando o diabo, para nos livrar!"
Ta pesó peîekosupa i potarypyra ri,que vades regozijar-vos com o que é desejado,que vá para vos enterrar no desejo dele
Oîoasykûera ri îasûaramo oîoerekóbo,tratando-se uns aos outros como que numa fraternidade,tendo-o como seu guardião com quem se apaziguou
Aînhe'ẽpoepyk Pero,replico a pero,"falo muito, mas"
i aŷpy atyká-tykábo,sua cerviz ficando a esmurrar,com suas garras espetando
A'uba nhote i por re'a,há de ser coisa insignificante somente,somente o pão é que deve ser dado
Aîkobé n'ixé sarõana,permaneço eu o seu guardião,não me afligei
"Pysaré, i ka'ugûasu riré, asó abá rerobobõmo","a noite toda, após sua grande bebedeira, vou falar aos ouvidos dos índios","logo, após o seu enterro, vou para tratar as pessoas"
I poxyba'e tasara te'õ ogûar o îoupé,"os que são maus, que o tomam, recebem a morte em si","os que são maus são os que são maus, como os que estão no corpo"
só-kyra,folha tenra,o que tem corpo
Tegûama porarasara,o que se defronta com a morte,o que está no lugar de estar
I moasyagûera repyramono,como recompensa também de seu arrependimento delas,o que pede o pagamento de seu pagamento
Oîoesé te'õ 'asápe abá 'anga re'õû nhẽ,"ao cair a morte neles, as almas dos homens morrem","dizendo isso, a morte é a morte para a alma do homem"
Mba'e abépe asé 'anga remi'u?,qual é também o alimento de nossa alma?,Que é o alimento de nossa alma?
A'eboé Tupã ra'yramo anhemoingó re'a,muito a propósito comportei-me como filho de deus,"eis que, como filho de deus, fiz-o primeiro"
Yby anhẽ nipó asé ro'o?,"porventura é terra, na verdade, a nossa carne?","a terra, na verdade, não é a nossa fonte?"
"Kori, nã, îandé rekó îandé moarûapa angá","hoje, assim, nossa estada de modo nenhum nos impedem","vem, sim, para nos fazer viver o diabo"
Xe ruru,minha embarcação,eu sou redondo
Inimbó'i amõ reru,trazendo algumas linhazinhas,trazendo alguma farinha
Xe ra'yra berame'ĩ arekó,trato-o como se fosse meu filho,tenho-o como meu filho
A'e niã Tupã sy irũnamo Tupã Jesus mongakuasaramo sekóû,"ele, com a mãe de deus, foi o que criou a jesus, deus","ela, com a mãe de deus, é o que faz a deus jesus viver"
A'e miapepûera abaré oîmbo'i re'a,"aquele pão o padre o partiu, certamente",o que é igual a ele o padre ensina
São Matias S Pedro o irũetá resebé tari apóstoloramo,"são pedro, com seus companheiros, tomou são matias como apóstolo",São Mateus e seu companheiro são pedro como apóstolos
T'îasó xe irũnamo Nhoesembépe nhote,vamos comigo somente até nhoesembé,vamos comigo somente para Nhosembé
Tapi'irusu sarûápe kapi'ĩ anhẽ rerupa,colocando o boi capim às pressas para impedi-lo,levando o cauim na ponta do rio
N'i aîarõî Îesu Cristo taté é te'õ suí i îepirapûana,não faz sentido ele fazer a defesa da morte fora de jesus cristo,não espero que jesus cristo se liberte do fogo
T'asóne - Hei de ir T'orosóne,havemos de ir,hei de ir hei de ir
"O eîmbaba îagûara resé oîepyka, abá n'oîmomba'e'uî","para se vingar de seu cão que cria, um homem não o alimenta","sentando-se sobre seu próprio corpo, ninguém o despreza"
Esa'ãngatu,pronuncia-o bem,estou muito forte
I apysy-katueté,eles se consolam muitíssimo,ele é muito fino
Ta xe pysyrõ marãtekó suí,que me livre das dificuldades,que me livre das maldades
Ereîeapysaká-katupe nde nhemombe'urama resé?,deste atenção a tua confissão?,puses muita atenção em teus atos confidenciais?
Nde resa'y eîmondyky,destila tuas lágrimas,esvazi tua alegria
Oú tenhẽ xe pe'abo,vêm em vão para me afastar,veio em vão para me castigar
"Tupã robaké eîkóbo, xe suí nd'eresyryki","estando diante de deus, de mim não te afastas","fica junto de deus, de mim não te afastas"
Xe 'apiraíb,eu tenho usagre,eu tenho febre
"Tupana rerupa, i por nde rygé","contendo a deus, está cheio teu ventre","trazendo a deus, ele está por ti"
"Aîpó n'i papasabi, kûarasymo oîké îepémo!","isso não tem meio de se contar, ainda que o sol se pusesse!","mas não o vês, pois, como se o sol tivesse aparecido!"
"Akó xe îubykarûera, tataûrana!","esse é meu antigo enforcador, uma taturana","eis que esse é meu escravo, taturana!"
apŷabaíba rekoaba é,característica de homem mau,é o modo de viver dos índios
Ndebe oronheangerur,a ti suspiramos,contigo estamos aflitos
Oré remi'u 'ara îabi'õndûara eîme'eng kori orébe,nossa comida de cada dia dá hoje para nós,nossa comida cotidiana dá-nos hoje
Kûesenhe'ym bé sepîá-potá tenhẽ roîré,"depois de querer vê-lo, em vão, desde muito tempo atrás","querendo fazer-se vir também, querendo fazer-se vir"
"Mboîa o emindu'u rekobé mokanhemukar-y îanondé, o ekobé reîari o akanga patukasagûerype","a cobra, antes de fazer destruir a vida daquele que morde, deixa sua própria vida, ao pisarem sua cabeça","antes de o animal se transformar em um animal, colocando seu próprio corpo no ombro da cabeça"
Mba'e 'u-eté-eté robaîara oîá nhote mba'e 'u,o oposto do comer demais é comer somente o suficiente,"os que sofrem com algo muito bom, somente comem algo"
Oîakatu nhote okagûabo-eté,bebendo cauim só o suficiente,todos eles são muito fedorentos
Îekuakuba oîkoé so'o gûabe'yma suí,o jejum difere de não comer carne,o que é igual a carne não doce
Se'yî i kuabypyre'yma,são numerosos os que não são conhecidos,não conhecendo sua origem
"Oporomoingobébo rame'ĩ, na supi ruã-te","como que fazendo as pessoas viverem, mas não de verdade","fazendo-os viver a noite toda, não somente por causa disso"
Se'õ,ele morre,ele é ele
"Aûîeté, kó anga andupa, aseîá kûesé xe roka","certamente, eis que percebendo isso, deixei ontem minha casa","verdadeiramente, estes pecados são muitos, deixei minha casa para sempre"
Xe are'a,eu tenho pés tortos,eu sou redondo
N'aîkóî sesé ko'yté,"não tenho a ver com ele, enfim",não estou com ela hoje
Lisboa amongoty,para adiante de lisboa,arranquei Lisboa
sobábo,à vista dele,na ponta
okena robapy,o limiar da porta,a porta de embarcação
Îudeus rubixabapiã nde?,acaso tu és o rei dos judeus?,tu és o chefe dos judeus?
itaaoba monhangara,"armeiro, fazedor de armaduras",criador de suas casas
Itá resé aín,estou preso nos ferros,aqui estou no meio da pedra
Our i moapysyka,vieram para consolá-lo,nossa crença nele
Xe pysasu,eu sou novo,eu sou muito leve
Opá îandé moputupabymo,a todos nós espantaria,se todos nós nos pusessem em colapso
Xe remirekoe'õ,eu enviuvei,minha esposa
"Aîpó potá é erimba'e nhemoapŷabi, Tupãnamo o ekó po'ire'yma","querendo isso, fez-se homem, não deixando de ser deus","assim eu quis que se juntasse o diabo, não se confundindo com deus"
Aûîé ruãpe?,é o suficiente?,por que razão? por que razão? por que razão? por que razão? por que razão? por que razão? por que razão? por que razão? por que razão? por que razão? por que razão? por que razão? por que razão? por que razão? por que razão? por que razão? por que razão? por que razão? por que razão? por que razão? por que razão? por que razão? por que razão? por que razão? por que razão? por que razão? por que razão? por que? por que razão? por que razão? por que? por que razão?
Ereroŷrõ-mbápe o îoesé i îerobîara?,detestas completamente a confiança dele em si mesmo?,"desvirginaste-o muito, fazendo-o confessar-se a si mesmo?"
Aîkyty-kytyk mba'e-kagûera pupé,fiquei-o esfregando com coisa gordurosa,fico sangrando com coisas más
Oporaseî pysaré,dançaram a noite toda,desejam fazer passar as pessoas
Asé oîpoûsubeté opakatu i poûsubypyra sosé,a gente o teme mais do que tudo o que deve ser temido,nós somos muito bons por causa de tudo o que ele fez
Na ixé ruã,eu não,eu não sou ele
"Marangatuba'e, santos ybakype, Tupã repîakaretá, osasá 'ara ro'y remierekó papasaba","os bem-aventurados e os santos no céu, que vêem a deus, ultrapassam o número dos dias que o ano tem","os bem-aventurados e os santos no céu, que vêem a deus, são os que têm a sede do feriado"
A'e ré t'asepenhan,depois desse momento hei de atacá-los,em nome dele hei de me aproximar
Putuna nd'îaîandubi xûéne,a noite não perceberemos,não o ouviria hoje
T'oré pyatã,que nós sejamos corajosos,que sejamos fortes
Naînanĩ temiminõ o erumûana mombó,de modo nenhum os temiminós tiram seus nomes antigos,"não amamos os temiminós, deixando de ser bons"
Aîeatykok gûitupa,estou-me apoiando sobre o braço,fiquei-o pisando
Aî'abo'o-bo'o,escabelei-o,fico a esfregar
"Xe raûsubá-mirĩ temõ abaré, amongoty nhõte xe moinuká mã!","ah, quem me dera tivesse o padre um pouquinho de piedade de mim, mandando-me pôr em outra parte!","ah, como me afligiu o padre, que me matasse somente, não me afligiu!"
T'oîapysaká a'ereme marã o 'anga moingó-katuagûama resé,"que ouça, então, alguma coisa, para fazer estar bem sua alma","que se lembre, então, das palavras para fazer bem sua alma"
I py'apûera xe potabamo t'oîkó,seus fígados hão de ser minha porção,que seu coração seja meu favorito
tupãoka arõana,apropriada para igreja,o que está no templo
Sasy asé 'anga asé reté suí i îa'oka,dói a separação de nossa alma de nosso corpo,a lua tira nossa alma de nosso corpo
Îepémo xe só umani,embora eu já tivesse ido,tu me deixas somente humanizar
I mombe'ukatupyramo ereîkó kunhã suí,bendita és entre as mulheres,"sendo ele o que conta, és diferente das mulheres"
Xe tegûam,eu tenho peçonha,eu sou redondo
Eîkuá ra'u nde ri opûaryba'e!,"adivinha, vamos ver, o que bateu em ti!",sabe bem que a comida que bebeu em ti
Mba'e-asy porarábo Tupana resé,suportando as coisas dolorosas por causa de deus,sofrendo coisas dolorosas para com deus
Anga îápe pe roka?,como estas são vossas casas?,onde está vossa casa?
eboûĩ suí,"daí, desse lugar",de todas partes
N'asasabi i popytera,não cruzei suas palmas das mãos,não sou digno de seu padre
Anhanga momosembara,perseguidora do diabo,o que desanima
N'i tyb-etáî semyrûera,não há muitos restos deles,não existem muitos filhos
Osekomonhangype a'ereme Tupã îandé rubypy?,"deus deu, então, determinações para nosso pai primeiro?",fez deus nosso primeiro ser um ser humano?
Aty-ypy-a'ang,eu meço a profundidade do rio,"o que é chamado de ""caminho de madeira"""
Omonhe'enguká temõ Tupã te'õmbûera!,que bom seria se deus mandasse fazer os cadáveres falarem!,ainda mais que deus verdadeiro!
"Sarûab amõme asé posangygûaba, mara'ara moîerobu-bé-uká, amõme i pe'arunga o arûabíreme","não faz efeito, às vezes, nosso remédio, fazendo avivar mais a doença, às vezes por sua ineficácia em afastá-la","uns são os que são santos para nós, os que invocam a morte, outros são os que se casam quando se casam"
Sugûé-katu,ele virou cinza completamente,muito grande
Purgatório pupé osoba'e,as que vão para o purgatório,os que vão para o purgatório
xe ambyasy posanga,lenitivo de minha fome,eu tenho dor de parto
Nde rupiri nde moetesápe,fez-te subir por te honrar,tu és o que está no teu lugar de descanso
Osaybi amana,a chuva caiu lentamente,desvirginou a mão dela
Kunhã-kûare'yma gûeté-marane'yma bé ogûeromanõba'epûera,mulheres virgens que morreram com seu corpo incorrupto,"o que não tem namorada, a mulher verdadeira, também, é o que tem morte"
oîoirundyk îeapyká sykápe,no transcorrer de quatro gerações,ficaram a bater no ombro da árvore
Aîmoabangab,desobedeci a ele,fiquei-o irritando
"Tupã osaûsupe'a, sesé oîerobîá-bebuîa","deus deixou de amá-los, n'ele confiando fracamente","deus se enfeita, nele confessa-se muito"
Pitanga mokõî ro'y omoaûîeba'e mombab-ukaragûera 'ara îaîmoeté ko'yr,agora comemoramos o dia em que mandou eliminar as crianças que completavam dois anos,"hoje comemoramos o dia em que os pitanga, que duram dois anos, fizeram o grande feriado"
nde rekobesaba 'ara retá,o grande número de dias de tua vida,"o que é chamado de ""dia de teu nascimento"" é o número um"
Nd'aîkopukuî,não durei,não o retiro
"Xe pindá-porangeté t'opindaîtykyne endébo, kunapu rekyîetébo, gûaraobanhaneté","meu anzol muito ditoso há de pescar para ti, puxando bem os canapus e as arabaianas verdadeiras","meus pés muito belos que se alegrem em ti, para que não te venças, para que não te venças"
Oîeí bé muru kaî,ainda hoje os malditos queimam,eis que também o maldito caiu
Xe rãîtatak,meus dentes tiritam xe rembé-tatak - meu beiço tirita,eu tenho o rosto espetado
Xe poreaûsubetekatu Anhanga supé xe nheme'eng'iré mã!,"ah, eu sou muito miserável após me entregar para o diabo!","ah, meu grande desejo é o diabo após me entregar!"
Ixé anhotenhẽ,"eu, tão somente",eu sou o que bateu
"Ma'ẽne, tupinambá Paragûasupendarûera opakatu îamombá","olha, arrasamos todos os tupinambás que estavam no paraguaçu","eia, todos os tupinambás que habitam o paraíso destruímos"
Xe rendy,eu brilho,eu sou redondo
"Îudeos ekomonhangábo, i 'apira mondoki","segundo o rito dos judeus, seu prepúcio cortaram","fazendo os judeus se transformarem, roubam suas mãos"
Sekobekaturama resé bé onhemboryryîa,interessando-se também por sua felicidade,também se molesta com sua própria beleza
Ereîase'o îepi,choravas sempre,tu queres sempre bater
"O ati'yba ri, krusá osupi Membeka suí, Îesu sero'ari","no seu próprio ombro, levanta a cruz por fraqueza, jesus fá-la cair consigo","em seu próprio corpo, a cruz subiu de Mbeka, para receber jesus"
Nde apysy-katu ko'yté pytunusu nde 'anga moingotebẽsagûera suí nde sem'iré,"consola-te muito, enfim, após tua saída da escuridão, da aflição de tua alma","tu és muito brilhante, outrora, a escuridão, após te sair, de onde te liberta tua alma"
Aîmomba'eté-tekatunhẽ,honrei-o muitíssimo,valoro-o muito
Ereîkópe sere'ymba'e amõ resé?,vives com alguma não batizada?,tiveste relações sexuais com algum animal?
Osó-osok,quebra-se muitas vezes,ele vai
tubixabeté,muito maior,muito bom
E'ikatupe o îesuí opo'i?,podem deixar um do outro?,pode seu próprio jesus levantar-se?
Xe nhe'enga apyrûerype ahẽ nhe'engi,"no final de minha fala, ele falou","na ponta de minhas palavras, a palavra de cada um"
A'e memẽpe tupãoka îakatu i kûáî?,ele mesmo está em todas as igrejas?,"e a igreja toda, porventura, é igual a ela?"
ygara rokytá,mastro da embarcação,porta da casa
Xe mba'emoasyîá,eu sou sensível,eu tenho muita penca
Seîxu îabi'õ nhemombe'u,confessar-se a cada ano,confessar-se a cada ano
Xe membek,eu sou molengão,eu sou pequeno
Oroîeysyrung,pusemo-nos em fila,estamos a bater
Endé konipó ixé,tu ou eu,eu sou um só
Xe resagûyrumbyk,eu tenho olheiras,eu tenho o rosto espetado
Tobá kuruba,espinhas do rosto,o que tem cauim de tobá
"Peîori, perasó muru, supi îandé ratápe sapeka, i momembeka","vinde, levai os malditos, erguendo-os para sapecá-los em nosso fogo, derretendo-os","vinde, levai os malditos, erguendo-os em nosso fogo, denunciando-os"
pysaîekatu ké-gûyrybo,"""sob o sono"" da alta noite, nas horas mortas da noite, em que todos dormem",na ponta do pescoço
Seté-beraba tiruãpe n'osepîaki xûéne?,não verão sequer seu corpo brilhante?,ainda bem que eles não o viram?
Xe rekoruruînhẽ,eu estou adoentado,eu estou-me esfregando
Xe aparatã,eu estou hirto,eu sou aparador
abá-poreaûsubĩ,homem miserável,homem sensual
Aîmoysyrung,enfileirei-os,fi-lo salvar
Asa'embé,torrei-o,fiquei-o pisando
T'e'i nhẽ ã xe boîá o marane'yma rerasóbo rõ,"deixai, pois, estes meus discípulos irem com saúde",que não se esqueçam de levar meus discípulos
"Osykyîé nde suí Anhanga, nde moabaetébo","tem medo de ti o diabo, odiando-te","sai de ti o diabo, fazendo-te honrar muito"
N'asaûsubari mba'e,não tenho pena das coisas,não tolerarei nada
oka rerekoara,"o que cuida da casa, caseiro",o que tem casa
"T'oroîtyk oré poxy, paîé rerobîare'yma","que lancemos fora nossa maldade, não acreditando nos pajés","que não nos deixemos levar a coisa má, não obedecendo aos pajés"
A'epe miaûsuba n'osapîari xûé o îara nhe'engane?,e o escravo não obedecerá às palavras de seu senhor?,e os malditos não obedeceram às palavras de seu senhor?
"T'îasó îandé îabé îandé 'anga moîegûaka, serasóbo sobaké","vamos, como nós, para enfeitar nossas almas, para levá-las diante dele","vamos para fazer cair nossa alma, para ir para baixo dela"
Kó aîkó sygepûera t'arasó i nhy'ãbebuîa abé xe raîxó-gûaîbĩ supé,aqui estou para levar seu ventre e também seus pulmões para minha sogra velha,aqui estou para que leve sua fome para meus discípulos
Erema'ẽ-nhemomotarype amõ rapopé reséno?,olhaste também com desejo para a vagina de alguma?,visitaste-te um pouco a alguém por causa de um fujão?
Nd'e'ikatuî sesé omendá mimbápe serekó pukuî,não pode com ela casar-se enquanto a mantiver em esconderijo,"não pode casar-se com ela, estando longe dela"
Tupã 'éagûera moabaetee'yma,não respeitando o que deus dissera,não reconhecendo a existência de deus
A'epe Îudas n'oîkotebẽî Îudeus supé o îara me'engagûera resé?,e judas não se afligiu junto aos judeus pela traição a seu senhor?,e não se alegrou judas por entregar seu senhor a eles?
"Aîpó tekoporanga resé asé serekóû o kotype, a'epe i moîasekóbo i gûaburu","para esse belo procedimento, a gente a mantém em seu próprio quarto , aí dependurando o recipiente em que a bebe","por causa disso a gente guarda-se em seu próprio aposento, onde guarda-se com sua comida"
pitangĩ-moraûsubara,neném compadecedor,o que é pequeno
Oroîogûerekó,nós nos combatemos uns aos outros,estamos juntos
Erĩ! Aûîeté-pakó aîegûak ûinhemoúna,"ah! na verdade hei de me enfeitar, pintando-me de preto","ah, sim! eis que, verdadeiramente, estou-me sentando"
Anhẽ ûĩ!,é verdade isso!,"sim, sim!"
apykabapu'a,banco redondo,tornozelo de cabeça
Akaruk,urinei,fiz-lhe uma brincadeira
Nde ranhẽ eporandub,"pergunta tu, primeiro",pergunte tu primeiro
T'asó nde pyri kori,hei de ir contigo hoje,hei de ir junto de ti hoje
Ne'ĩ a'é,digo que está muito bem,"sim, sim"
tekó-ypy,a lei primeira,vida cotidiana
N'aîkugûabe'ym-a'ubi,fiz que não o conhecia,não me afasto de nada
"Mbegûé é ko'yté abá tekokuá kanhemi, iî u'u osororoka","lentamente, enfim, o homem perde entendimento, sua tosse irrompendo","logo que o homem come a comida, sua comida se esvaziará"
Aîepó-mopuruk,faço-me estalar as mãos,fiz-lhe uma cambalhota
apyrytá,"estrutura de cume, cumieira",fiquei-o
"Îé t'asóne xe mondoápe Memeté ixé, xe py'ape, emonã tekó potá","sim, hei de ir para onde me mandam mesmo porque eu, em meu coração, assim quero fazer","hei de ir para meu lado mesmo eu, em meu coração, querendo assim proceder"
"Kûarasy nipó oberá, putunusu kûab'iré",o sol certamente brilha após passar a grande noite,"o sol brilha, certamente, após o pôr do sol"
Eîpy-tybyrok xe roka,arranca de minha casa a poeira dos pés,fica bem escondido minha casa
I poîa-mirĩ nde kama pupé,alimentando-o um pouco em teu seio,são pouquinhos no teu leito
Nd'e'i ymûanĩ ahẽ aoba moaûîébo,ele nunca acaba de completar as roupas nd'e'i ymûanĩ osóbo - nunca acaba ele de ir,não disse isso antigamente para enfeitar a roupa
"Aîpó i 'eagûera rerekóbo, semimbo'e-etá miapé rari o pópe","tendo isso que ele disse, seus discípulos tomaram o pão em suas mãos","tomando sua comida, tomando em suas mãos muitos discípulos"
Asapy tatapynha,queimei carvão,lancei uma rede de madeira
karasy-ryryîa,tremor de maleita,o que é sol
Eîori muru moingóbo îandé nhe'enga rupi,vem para colocar os malditos conforme nossas palavras,vem para fazer o maldito segundo nossas palavras
sobyba'e,"o que é azul, o que é verde, o que é roxo",o que é de cor branca
Xe rebykasy-pyrang,eu tenho diarréia com sangue,eu tenho dor de parto
mba'e-resémo?,por que seria que? por que razão haveria de?,por quê? por que razão? por que razão? por que razão? por que razão? por que razão? por que razão? por que razão? por que razão? por que razão? por que razão? por que razão? por que razão? por que razão? por que razão? por que razão? por que razão? por que razão? por que razão? por que razão? por que razão? por que razão? por que razão? por que razão? por que? por que razão? por que? por que razão? por que? por que razão? por que? por que? por que razão?
Anhemosako'i tobaîara resé,fiz preparativos para receber o inimigo,preocupei-me para o que morre
I porangype pe retama?,é bonita vossa terra?,é bela vossa terra?
"Marataûãme tekoara ogûerobîá xe nhe'enga, xe pópe o 'anga me'enga","os que estão em maratauá acreditam em minhas palavras, entregando suas almas em minhas mãos","os que moram em Maratauá acreditam em minhas palavras, entregando suas almas em minhas mãos"
Aîpukusamb-ok,soltei as peias dos pés dele,esfreguei-o
Xe ruba tobaîara îa'u,meu pai os inimigos comeram,o que come o tabajaro de meu pai
Xe katupe ká,hei de ser bom,eu sou redondo
Pero gûe'y!,ó pero!,mas é muito bom!
Na pe andubi,não vos perceberam,não vos enterneceram
Anhanga t'îaîpe'a ko'yr aûîeramanhẽ,que afastemos o diabo agora e para sempre,que o diabo se afaste logo que eu o venha
Oîuká,mata,mataram-no
"Tupã rerobîara mombe'u posykyîee'yma resé, angaîpaba São Mateus îukáû","por não recear proclamar a fé em deus, os pecadores mataram são mateus","por não obedecerem à confissão da vontade de deus, o pecador matou São Mateus"
Xe rendybá-aîub,eu tenho barba ruiva,eu tenho orelhas espetadas
Nainanĩ temiminõ o erumûana mombó,de modo nenhum os temiminós tiram seus nomes antigos,não obstante temiminós terem ido
Mba'e-eté ka'ugûasu,coisa muito boa é uma grande bebedeira,coisa muito bonita
E'ikatupe abá o emirekó resé oposykyîee'yma?,pode o homem não cuidar de sua esposa?,pode alguém não se importar com sua esposa?
Kó bé xe pûapẽ,eis aqui também minhas garras,eis aqui também minha cabeça
Eẽ hegûé!,"ah, sim!","ah, sim!"
Ang é!,isto de novo!,"ah, sim!"
Tupã rekó resé nhemoryryîa,interesse pela lei de deus,o que se preocupa com a lei de deus
Aîkytyk,breei-o,fiquei-o pisando
Îandé re'õ mokanhema,fazendo desaparecer nossa morte,o que nos faz cair a cabeça
E'i tenhẽ nde rerobîá,em vão crêem em ti,diz logo que tu és o que tem medo
Xe apẽ,eu sou torto,eu sou redondo
Setá tenhẽ erimba'e opab aîpó 'îarûera,"eram muitos, mesmo, todos os que diziam isso","são muitos, certamente, os que todos os anjos batizaram"
Xe abang,eu sou covarde,eu sou um parvo
O îoyby-ybyri aîmoín,prendi-os uns ao lado dos outros,coloquei-o no chão de seu corpo
"Kori, nã, îandé rekó îandé moarûapa angá","hoje, assim, de modo nenhum nos impedem nossa estada","vem, sim, para nos fazer viver o diabo"
"Îu, anhangap'ikó ri?!","oh, será que isto é o diabo?!","oh, será que isso é falso?!"
Ne'ĩ! T'eresó taûîé! Nde apûan!,eia! que vás logo! apressa-te!,não! vai para fora! tu és o que morreu!
"Kó taba renyreme, pe pyri nhẽ xe rekóû","por esta aldeia luzir, eu estou junto de vós","antes desta aldeia, junto de vós, eu estava"
sakãpyra,ponta de galho,"o que é chamado de ""sacoiro"""
"Xe ikó asaûsu pe 'anga i moaysóbo, i momoranga","eis que eu amo vossas almas, aformoseando-as, embelezando-as","eis que eu amo vossas almas, fazendo-as beber, fazendo-as beber"
Aîopûaî amõ abá pindoba resé,mandei um homem ir em busca de palma,fiquei-me importando com as crianças de alguém
angaipaba,maldade,o que é pecador
T'ogûenosem mba'e-aíba xe 'anga suí o poroaûsuba resé i moynysema,"que retire as coisas más de minha alma, enchendo-a com seu amor",que não deixem de mexer coisas más de minha alma para que não as vença
tatá-endy îabé,como uma luz de fogo,ao vir o fogo
Oré tupãoketá,nós temos muitas igrejas,nossa santa igreja
Nde pu'amixûé nde ruba pé?,tu costumas levantar-te diante de teu pai?,tu te enfeitaste com teu pai?
Xe aépe xe ybõû,flechou-me em lugar vital,eu sou o que está no meu corpo
Mba'e resépe ereîkó?,que coisa buscas?,por que trabalhaste?
atá-irũ,acompanhante de caminhada,companheiro de caça
Xe ruba rupi é emonã aîkó,assim ajo conforme meu pai,por meio de meu pai assim procedo
Oîmoasype a'e riré a'e 'ybá 'uagûera?,"arrependeu-se, depois disso, de ter comido aquele fruto?",arrependeu-se depois disso de ter ido com aquele peixe?
Oîkuab i marangatueté,conheceu sua autêntica bondade,reconheceram sua bondade
T'oropytybõne,hei de te ajudar,vamos ficar juntos
Xe ryku,eu me derreti,eu sou redondo
Ro'y îabi'õ onhemombe'ue'ymba'e,o que não se confessa a cada ano,o que se confessa cada ano
Xe îuru-memûã,faço trejeitos com a boca,eu tenho febre
Aûîeté pakó aîegûak ûiîemoúna,"na verdade, hei de enfeitar-me , pintando-me de preto","certamente, eis que, de costume, ele veio"
Aînhe'engapypyk îepé,"argumentei contra suas palavras, em vão",tu és o que falo mal
"Kaûĩ mboapŷareté, a'e marã monhangara","o que esgota verdadeiramente o cauim, esse é o fazedor de mal","o que é chamado de cauim, o que faz as palavras"
takûarusu-tyba,ajuntamento de taquaruçu,o que tem corpo grande
Atimbor,bafejo,fiquei-o
Kariîopiara,caminho da carioca,o que é cauim
Aîmoîoparab,entremeei-as,fiz-lhe uma cambalhota
Xe ra'yt!,meu filho!,meu filho!
atuá-pyko'ẽ,"concavidade da nuca, depressão na parte inferior da nuca",fiquei-o pisando
"Mokõî mondabora, i 'ekatûaba koty amõ, a'e amõ i asu koty","dois ladrões, um à sua direita e o outro à sua esquerda","duas ladrões, com suas mãos espetadas, algumas em suas cabeças, outras em suas cabeças"
nhembo'e-irũ,"companheiro de aprendizagem, condiscípulo",companheiro de leçonha
"Na i moetesaba ruã ka'u, o apixara rerekoaíba, sopenhana","não são modos de o honrar a bebedeira, o maltratar seu próximo, atacando-o","não é o que deve ser castigado, o que mata o cauim, o que mata seu próximo"
"Osó S Pedro, São João abé",foram s pedro e são joão,foi com São Pedro e São João
Iesu moropysyrõana,jesus salvador da gente,o salvador de jesus
Oîaby bépe aîpó o emirekó membyrara resé oîekuakuba'e?,transgride também aquele o que faz resguardo por causa do parto de sua esposa?,"e a outra, que se confessa ao filho que tem no marido?"
okambûera,"casa que seria, o que seria casa","o que é chamado de ""caminho"""
Aîkó sesé,tenho relações sexuais com ela,estou com ela
Abá abépe i pyri i tymbaramo?,quem mais junto deles foram seus sepultadores?,quem havia ao lado dela como seu guardião?
Okeretápe se'õmbûera o mondebagûerype oupa?,"dormiu demais seu cadáver, estando deitado no lugar em que o puseram?","escreveu-se alguma coisa, tendo-a como seu próprio nome?"
Taba raroanamo nhẽ Îandé Îara xe moingóû,nosso senhor constituiu-me guardião da aldeia,nosso senhor fez-me habitante da aldeia
kori bé penhemoanhẽ-anhẽmo tekokatueté pé pegûasemagûama resé,ainda hoje apressando-vos para encontrar a felicidade verdadeira,hoje também vos preocupardes com a virtude verdadeira para que a pratiquiez
Emonã serekopyra rakó abá obasẽ-porang,"assim tratada, uma pessoa certamente chega bem","vêem-se os que, sendo bons, vão para fora"
Oîepé karaíbypy rekoangaîpaba ikó 'ara pupé seîkeagûera,o pecado de um primeiro homem branco foi a causa de sua entrada neste mundo,"os que sofrem os pecados dos reis futuros, neste mundo, sofrem"
Na xe apysáî,"não dou ouvidos, não me importo",eu não sou digno
Penheŷnhang pabẽ sesé!,ajuntai-vos todos com eles!,afligi-vos todos por eles!
Mosapy reîá reru îasytatá rupi é,vindo com os três reis pela estrela,trazendo os reis por meio de uma canoa
T'oîmoîa'ok nde membyra tekokatu'ĩ amõ orébe,que reparta teu filho um pouquinho de virtude conosco,que entregue alguma virtude de teu filho para nós
Eîori xe moîegûaka,vem para me adornar,vem para me castigar
Anhenonhẽpe ko'yté ká,"hei de me corrigir, enfim",logo logo logo escrevi isso
"Ema'enãngatu xe ri, xe mbo'are'ymuká","vela bem por mim, mandando que não me façam cair","acredita bem em mim, meu mestre"
o monhemombe'ûarama resé oîkotebẽmo,tendo falta de um confessor seu,se ele tivesse relações sexuais com sua confissão
Asekoabok,despejei-o,fiz-lhe pescar
Îamongûá moxy ru'uba,fazemos passar as flechas dos malditos,fazendo-os ir à frente dos malditos
"Îase'o rakó perekó peẽmo teîkeara moetesabamo, i mobasembabamo","com pranto estai, como modo de louvar o que entra junto a vós, como modo de o receber","tomando o sangue de jesus, então, como modo de reconhecer o que está no corpo, como modo de o enfeitar"
Aûîé! Xe rorybeté,basta! eu estou muito contente,"ah, eu sou muito alegre"
"Quarta-feira tanimbukaraíba rasápe, îekuakupabusu Quaresma 'îaba nheypyrungi","ao passar a quarta-feira de cinzas sagradas começa o grande jejum, chamado quaresma","no passar da quarta-feira que é o dia de grande chefe, começa o grande jejum"
Eresekyîpe îuraragûaîa abá supé i motĩamo?,"urdiste mentiras contra alguém, envergonhando-o?","urdiste mentiras contra alguém, fazendo-o mentir?"
T'asó aîpó nhe'enga mopó,hei de ir cumprir essas palavras,hei de ir cumprir essas palavras
Emoîyb pirá,coze o peixe,enfraqueça o dinheiro
Amõ amõ o poti'a resé opûá-pûá,alguns ficavam batendo no peito,alguns ficam a falar em suas próprias mãos
"Ogûaûsukatuagûera repyramo, Tupã ipó serã serasóû seté resebé ybakype","como recompensa de seu muito amor a ele, deus levou-o certamente, com seu corpo, para o céu","como retribuição de sua grandeza, deus mesmo levará a nós para o céu"
Xe morangygûan,eu sou agourento,eu sou um maldito
Esa'angyne serasóbo,prova que o levas!,estou-me sentando
Aîe'atype'a,pus-me espertadura,desviei-o
"Abá ra'yra, ipó","filhos de índios, certamente","filho do homem, certamente"
T'asendu tenhẽ,hei de ouvir em vão,hei de ouvir isso
Agûatá-gûatá tenhẽ,fico andando à toa,eu sou muito grande
Îaîmoasy marãtekoagûera îandé py'a suíne,"arrepender-nos-emos, de coração, dos maus procedimentos","arrependemo-nos de nossa morte, de nosso coração"
N'oîmomarã-mirĩ-angáîpe ybakygûara Tupã remimotara?,não desobedecem nem sequer um pouco os habitantes do céu à vontade de deus?,não cumprem os habitantes do céu um pouco mais a vontade de deus?
Aîaso'i,cubro-o,esfreguei-o
O apixara reîmbaba îagûara remimomosẽgûera,o que perseguiu o cão de seu próximo,o que faz sair os que se casam com seu próximo
i api'aba'e,o que é circuncidado,o que é igual a ele
Te'inhẽ t'osó,deixa que vá,que ele vá
"Îeperibe'ĩ asé marã i 'éû, onhemoŷrõ ymûan","mal a gente diz algo, já se irrita","ainda mais as palavras de nós são falsas, ficando a irritar antigamente"
"Pepytá, manemusu!","ficai, palermões!","fica, maldito!"
Eresapîápe tekopoxy resé nde moingóreme?,obedeces a eles quando te fazem viver no vício?,ficaste a falar em ti mesmo quando te envolveste com o vício?
Nd'ere'uî xó kori xe remindu'une!,não beberás hoje o que eu mastigo,"não tomes hoje, pois, minha lembrança!"
Aîpé-'ok,arranquei-lhe a casca,fiquei-o pisando
Mba'eîare'yma îabé so'o mimbaba roka ogûâr og upabamo,"como um pobre, tomou a casa dos animais de criação como sua pousada",o que não tem corpo também é o que é chamado de carne seca
I moetepyramo nde rera t'oîkó,santificado seja teu nome,que seja tua palavra como seu verdadeiro nome
"Eîori xe 'anga reîa, i motinga","vem para lavar minha alma, branqueando-a","vem para resgatar minha alma, fazendo-a morrer"
Ybyramo i nhemonhangyne,em terra ele se transformará,como terra ele se encheu
Sory-katu xe repîaka,estavam felizes ao ver-me,é muito bom ver-me
Xe pindá-porangeté t'opindaîtykyne endébo,meu anzol muito ditoso há de pescar para ti,meus pés muito belos que se alegrem em ti
Oposẽ-posẽ pabenhẽ sesé,ficaram todos gritando por causa disso,saiu logo por ela
Mbegûé-katu aîmonhang,bem devagar o fiz,fiz-o muito
Aî'useî-mogûab,saciei minha vontade de comê-lo,quero fazer-me passar as mãos
Abaetéramo aîmoingó,"fi-lo estar como forro, alforriei-o",como se eu tivesse ido
"Xe moaîu-marangatu, xe moŷrõetekatûabo, aîpó tekó-pysasu","importuna-me bem, irritando-me muitíssimo, aquela lei nova","eu sou muito belo, eu sou muito pobre, eis que a lei é boa"
"Pene'ĩ, ta pe rory","eia, que estejais alegres","eia, que estejais alegres"
I angaîpaba suí i moîepe'aesapy'a-uká,mandando-os fazer afastar-se logo de suas maldades,"separando-os de seus pecados, imediatamente os mata"
"Ereîmopa'ũpe 'areté amõ, Tupãokype eîkee'yma?","alternaste alguns dias de guarda, não entrando na igreja?","fizeste alguma aldeia, não visitando a deus?"
Ta pesykyîé ianga suí,que tenhais medo disso,que nos afaste de suas almas
Apŷaba kunhã ri i mondaba'e,os homens que roubam mulheres,homem que rouba mulheres
Og ere'yma pupé abá remipysyrõ oîabé sere'ỹme?,"o que alguém acolhe no seu paganismo, no paganismo dele está igualmente?","e não disseste isso, não tendo esperança na salvação de alguém?"
Ta sepy nde mondagûera,que tenha reparação o teu roubo,que esteja sabendo que tu roubaste
Marã-pipó moranduba?,"quais as novidades, por acaso?",quantas perguntas?
Opabenhẽ serã erimba'e a'epe tekoara iî a'o-îa'oû?,por acaso todos os que estavam ali ficaram a injuriá-lo?,"todos eles, porventura, o lugar em que ele estava, ficaram a desvirginar-se?"
"Îasepenhan, îaîpysyk i apysyk' e'ymebé","ataquemo-los, prendamo-los antes que se consolem","faze-o morrer, antes que ele se salve"
itá-ekobé,"metal vivo, isto é, o mercúrio",em pedra
Oroîa'ok oré îosuí,separamo-nos uns dos outros,"desvirginamos-nos, fazendo-nos cair"
Xe nhe'engixûer gûitekóbo,eu vivo papeando,eu estou-me tornando mentiroso
"Kaburé, îori enhana tobaîara t'îa'u!","caburé, vem correndo para que comamos os inimigos!","caburé, vem para comer o que é chamado enhana!"
tupagûera,antigo jazigo,o que é chamado deus
"Aîeby benhẽ, gûixóbo","indo, voltei atrás","voltei novamente, com ele"
Irũnamo aîkó,estou com ele,estou com ele
Îamombá taba îandune,"destruiremos a aldeia, como de costume",dividamos a aldeia de nossa cultura
Nde nhemongaraibe'yma pupé oîkoba'e mosema nde 'anga suí,fazendo sair de tua alma o que havia no teu paganismo,o que está no teu corpo não batizado sai de tua alma
Pekûá taba rupi,ide pelas aldeias,por meio de uma aldeia
tapuîa rarõsara,guardião dos tapuias,o que é chamado de tapuiá
E'ikatu ipó senonhẽndarama supé é,pode certamente para quem o repreenderá,"pode ser, de fato, para o seu próximo"
Pedro ranhẽ osó,pedro foi primeiro,Pedro foi primeiro
Asybykoî-atã,cavei-o duramente,fiquei-o pisando
Iîá îaby ahẽ mã!,"ah, bem feito para ele!","ah, que bom é que ele está aqui!"
Aîkó-me'eng Pedro,dou roça a pedro,dei-o a Pedro
Xe rembyrûer,eu sobrei,eu sou redondo
Na xe apori,não desisto,eu não estou
paranã pora,o que está no mar,o que está no mar
Mbypeteĩ ipó ahẽ rekóû,pertinho certamente ele está,"um pouquinho mais tarde, então"
"Xe nhy'ãme t'ereîké, xe py'a moingatûabo","que entres no meu coração, guardando bem meu interior","que entres em meu coração, fazendo estar meu coração"
Na xe 'aîubyri,eu não levanto a cabeça,eu não estou de pé
Xe nhe'endok,eu me calei,eu estou-me sentando
I angaîpab-eté kó pe rembiá potasaba,é muito má a vontade destas vossas presas,é muito má a vontade destas vossas comidas
I akanga resé a'e takûara reropûá,em sua cabeça batendo com aquela cana,"com sua cabeça, a que está no topo das cabeças"
"Karaibebé serã, kó taba rarõaneté","talvez seja o anjo, guardião verdadeiro desta aldeia",será que o homem é o verdadeiro guardião desta aldeia
"O ati'yba ri krusá osupi Membeka suí, Îesu sero'ari","no seu próprio ombro levanta a cruz de fraqueza, jesus fá-la cair consigo","com seu próprio ventre sobe a cruz de Membeka, para receber jesus"
-Mba'epe onong i akanga 'arybo? -Îuatĩ-apapûara apynha - Que puseram sobre sua cabeça?,uma coroa de espinhos enroscados,- que puseram sobre sua cabeça?
Naroîaî mamõ xe sóû,nem por isso eu vou para longe,não me afligiu ninguém
Eîmombe'u pakatu nde angaîpagûera nde ratãngaturamo,"conta todos os teus pecados, sendo forte","confessa fortemente teus pecados, sendo forte"
îasy-angaîbara,lua minguante,lua-pintura
Nd'e'i te'e mba'e amõ resé i moîekosupara Tupã nhe'enga abŷabo,"por isso mesmo, o que os agrada em alguma coisa transgride a palavra de deus","por isso mesmo, em alguma coisa, transgride a palavra de deus"
Tupã nhe'enga abŷagûera rakypûera kanhemagûama resé,para o desaparecimento dos vestígios da transgressão da palavra de deus,para que não se transgrida a transgressão da palavra de deus
Îasytatá kûepe é i nhemimi,as estrelas bem longe se escondem,"são muito numerosos, somente, os que são poucos"
Asé îemongaraíme o 'ara moíni?,"quando a gente se batiza, põe seu próprio entendimento?",batizamos nós os que morreram?
xe arõana,meu igual,eu sou um homem
îudeus-etá cruz robábo,os muitos judeus junto à cruz,"os muitos judeus, com a cruz"
Ipuku xe rekóû i monhanga,longamente eu o estive fazendo,há muito tempo eu o faço
Tupã é abaré oîmoîa'ok gûekobîaramo,o próprio deus distinguiu o padre como seu substituto,é deus que o padre distingue como seu verdadeiro guardião
Yba ting,os cabos são brancos,a água está quente
Marã? Ybyrá supé nhẽpe asé îerokyû?,como assim? diante de uma madeira a gente faz reverência?,como? em terra nós dançamos?
Sesé nde nhemomotaragûera ranhẽ t'ereîmombe'u,hás de confessar primeiro tua atração por eles,para eles confesses primeiro teu próximo
angaîbĩ'ĩ nhote,"algum tanto, um pouquinho",somente um pouquinho de pecado
Ereîpysyrõpe abá resaraîagûera?,ficaste dono daquilo que alguém esqueceu?,salvaste as pessoas que se irritaram?
Asapûa'ok,aguço-a,esbofeteei-o
îapugûasu-kesaba,"lugar em que dormem os japuguaçus, também antigo nome da ilha de santana, da cota leste do brasil",caixa de grão de farinha
Marã e'ipe Santa Madre Igreja asé rekomonhangaba mondykaba?,como diz o último dos mandamentos da santa madre igreja?,"como diz a santa madre igreja, que é a que está a fazer nossa igreja?"
Ikó 'ara pupé bé o angaîpagûera repyme'ẽngatusarûera ybakype aûnhenhẽ serasó-uká,fazendo levar imediatamente para o céu os que resgataram bem seus pecados ainda neste mundo,"nesse dia também os que pagaram seus pecados, que estavam no céu, serão levados para o inferno"
Oîepé tiruã nd'aruri,não trouxe nem mesmo um só,ainda bem que não o trouxe
Aîpysyk-atã,segurei-o fortemente,fi-lo apertar fortemente
-Oîporará bépe mba'e amõ a'epe oîkóbone? -Aani xûéne - Sofrerão ainda alguma coisa aí vivendo?,não,sofreram ainda alguma coisa ali vivendo?
"A'epe muru'apora membyrasy kakara, na nheangûaba bé ruã?",e a aproximação do parto de uma grávida não é causa de se ter medo também?,"e os que sofrem com a morte, os bebés que nascem, não são também maus?"
Okuî rakó amũme 'ybarambûera o 'yba suí,"caem, às vezes, os frutos de suas árvores","tomou a vida de seu pai, o que era o que estava no mar"
angaingaibora,"desatinado, sem juízo, enlouquecido, maníaco",o que é pecador
Abá-abápe Tupã rera oîmoeté-ukar?,quem faz louvar o nome de deus?,quem confessa falsamente a deus?
Mosapyr ma'e resé asé 'anga 'ekatuaba,três são as potências de nossa alma a respeito das coisas,a que a alma de nós tem a honra de comer
Arasó tieté a'é,tenho desgosto por o ter levado,vou para longe
"Kó santo o mbo'esara rekopûera erimba'e oîkûatiar îandébo, seîá","esse santo a vida de seu mestre escreveu para nós, deixando-a","esse santo, tendo contato com o futuro mestre, está para nós, fora dele"
Nd'e'i te'e abá tekokatu pupé onhemopepóbo o beberama resé,"por isso mesmo o homem, com a virtude, dá asas a si para voar",por isso mesmo o homem com virtude se compadece de beber
"Eresó, kó 'ara ri","vais, neste dia","vais, neste dia"
T'aîmopóne nde nhe'enga,hei de cumprir tuas palavras,hei de cumprir tuas palavras
Ta xe raûsubar,que ele se compadeça de mim,que eu esteja feliz
Quatro tekokatu-ytá,quatro são as virtudes cardeais,quatro grandes virtudes
Tatá îaîmondyk,acendemos o fogo,acendemos o fogo
I por irãne,realizar-se-ão futuramente,por isso mesmo
Xe resaraî-te-katu,mas eu me esqueci completamente,eu tenho olhos muito brancos
Tupã resé o nheangerekosara,o que se preocupa com deus,o que se confessa a deus
Xe îuká peîepé,vós me matais,vós me matais
"Kaburé, îori enhana","caburé, vem correndo!","caburé, vem para o inferno"
Omanõba'epûera suí sekobeîebyri,voltou a viver dos que morreram,"de seu próprio corpo, de seu próprio corpo"
Xe keranama mombaka,de meu pesado sono despertando-me,destruindo meus desejos
mytamytá-ypy,topo da escada,o que é pequeno
nhũbo,pelos campos,na ponta
Abá mondarõ osepîakĩba'e,"o que vê o furto de alguém, sem se importar",o que vê um homem furtar
Arobîar santos rekokatu nhemoîa'oîa'oka,creio na repartição das virtudes dos santos,compadeço-me da virtude dos santos
Asepyme'eng,paguei-o,dou-lhe a renda
Aîabyky,manuseio-o,fiquei-o pisando
O aîyra resé abá n'omendari,com sua própria filha ninguém se casa,ninguém se casa com seu próprio filho
"Kunhã muru'abora resé opûá, pitanga îukábo i xuí","batendo numa mulher grávida, matando o bebê dela","atacando as mulheres que são vítimas de muçulmanos, matando meninos e mentiras"
Aîo'ok xe aoba,tirei minha roupa,despejei minhas roupas
Osem okarype oîase'oasykatûabo,saiu para o pátio chorando muito dolorosamente,vão para seu quarto para se curarem
Tekokatu-eté rerekoara onherane'ymba'e,o que tem a bem-aventurança é o que é manso,o que detesta os que têm a verdadeira virtude
Xe rebinhỹ gûixóbo,"indo, eu me escafedo",eu estou de cor preta
"Eîori, muru mombapa",vem para destruir o maldito,"vem, fazendo cair os malditos"
Oîaratã serã i aoba i moperé-perebagûera resé?,pegou-se fortemente sua roupa às suas chagas?,"será que se compadeceu de seu vestido, de seu modo mais belo?"
Pero angabatene,ainda mais pedro,mas é muito bom
"O koty suí mba'epoxy reîtyk'iré, abá nd'ogûeroîebyri o kotype, i mosãîa","após lançar fora de seu meio os vícios, o homem não os faz voltar consigo para seu meio, dispersando-os","após o escopo de coisas más de seu quarto, o homem não as deixa voltar para seu quarto, esfregando-as"
Na ixé ruã asó,não sou eu que vou,não fui eu
tĩmbeba,nariz achatado,o que é de cor branca
Oré pysyrõ-te mba'eaíba suí,mas livra-nos do mal!,mas livra-nos do mal
Te'õ abé reîkéû ikó 'ara poramo oîá,"da mesma forma, a morte também entrou como componente deste mundo","o que está no meio dela, como parte deste mundo"
Tupãneme nhẽpe eresó kûepe?,por ocasião de um dia santo foste para longe?,"mas, porventura, és deus?"
Emonã nakó xe rekopotari,"assim, na verdade, eu determinei",eis que não é o que eu quero
Osó ymûã,já ia,foi para longe
itá-u'uburu,aljava de ferro,grão de ferro
Aî'apir-abo'o,eu lhe pélo o couro cabeludo,fiquei-o pisando
o tunhãba'e e'ymebé,antes de sua velhice,antes de sua noiva
Seixu îabi'õ nhemombe'u,confessar-se a cada ano,confessando-se cada vez que o ataca
i pitangĩ mokambûabo,amamentando seu neném,fazendo-os comerem seu neném
"Xe cristão, xe karaí","eu sou cristão, eu sou virtuoso","eu sou cristão, eu sou cristão"
Xe rembeirĩ,eu estou embasbacado,eu sou um pouco mais leve
Xe só îarameté,como se eu fosse,eu sou muito bom
anhangaíba,diabo mau,o diabo
Tupã remimotara rupi,segundo a vontade de deus,segundo a vontade de deus
amõme é,"algumas poucas vezes, algumas vezes, somente",de alguma parte
Aîpepyr,torci-o,fiquei-o pisando
Na xe rekoposyî,eu não sou grave nos meus atos,eu não tenho relações sexuais
Ereruretá serã?,por acaso trouxeste muitas coisas?,pediste sermão?
itá re'yîa,ajuntamento de pedras,cacho de pedra
Abá-tepe oîkó xe oîá?,mas quem há como eu?,mas quem é que me dera?
Sobaké o memûãnamo,fazendo zombaria diante dele,como que sua própria mãe
Asemberung,bordei-o,desviei-o
Xe îeysá-puku,eu tenho estatura elevada,eu tenho o rosto espetado
Xe resa'y-tykyr,eu tenho lágrimas gotejantes,eu tenho dor de cabeça
"Mba'e-u'uma, taîasu!","coisa enlameada, porco!","comida, ó taiaçu!"
Kó xe rekóû nde reká,eis que aqui estou para te procurar,"eis aqui minha vida, procurando-te"
"A'epe o agûasá resé segûyrõba'e, marã?","e o que tem excitação por sua amante, que acontece?","e os que se afligem de sua esposa, que acontece?"
Irõ oropokosub!,"portanto, prendo-te!","ah, como se faz!"
Ypy suí berame'ĩ abur,emergi como que do fundo,"de terra, de longe, afrouxei"
"O îase'o rerogûeîypa, ogûasẽ-gûasema rerasóbo","descendo com seus choros, indo com seus gritos","fazendo cair sua carne, indo com sua carne"
Tupã nhe'engabŷagûera îandé i moepykatûagûama resé,para bem pagarmos nós a transgressão da palavra de deus,para que a transgressão da palavra de deus nos ajuste
Asem îepé,saí em fuga,dou-te a ti
Xe rãî-ngyrỹî,rangem-me os dentes,eu tenho o rosto escarrapada
Opá emonã tekoara îandé ratá îaîarõ,a todos os que assim vivem nosso fogo convém,"todos assim procederam, esperando nosso fogo"
O emiminõ resé nd'e'ikatuî abá omendá,com sua própria neta não pode ninguém casar-se,com sua esposa não pode ninguém se casar
îandé poreaûsubokara,os que se compadecem de nós,o que nos faz sofrer
Asé i angaîpaba'e ipó ikó ybype Tupã remimotara n'oîmonhangi,"os que, de nós, são maus são os que não fazem nesta terra a vontade de deus",por isso mesmo os que são maus não cumprem nesta terra a vontade de deus
E'am xe reseî,está diante de mim,vem para me vingar
Onhemombe'upe abá gûarinĩ-namo o só îanondé?,confessa-se alguém antes de ir à guerra?,dizendo-se o homem como um pequeno animal antes de se casar?
N'asó-potari mamõ...,não quero ir para longe,não quero ir para longe...
i ambyasyba'e,"o que tem fome, o faminto",o que é muito doloroso
Pekûá esapy'a!,ide depressa!,"ah, pronto!"
Ixé raka'e,era eu,eu estava
Irũmbûera aîme'eng abá supé,seus antigos companheiros dei aos índios,o que é de costume dei a alguém
"Abá-tepe, erimba'e, pe mba'erama resé apŷaba me'enga'ubi?","mas quem, outrora, como vossas coisas os índios deu?","mas quem, porventura, entregou os homens em vossas coisas?"
Nde pyri gûitekóbo nhẽ,estando eu junto de ti,ao estar junto de ti
Îasytatá serekoarama resé pé kuabe'ẽsaramo,"pela estrela que os guia, como a que mostra o caminho",como conhecedor da vida eterna
Mosanga ra'ã-ra'anga,ficando a experimentar poções,o que é chamado de mosanga
Xe angaturã be'ĩ temõ erimba'e mã!,"ah, oxalá futuramente eu seja um pouquinho melhor!","ah, que bela e que bela minha gente é!"
eboûĩ rupi,"por aí, por ali, por esse lugar",por todo o lado
Abá-porerobîare'yma ixé,eu sou um homem soberbo,eu sou um homem desprezível
Turusu-nhota'ubĩ,é medianamente grande,não tem corpo
I xy-îerekûaba abé oîo'ok i abaeté,sua mãe afável também arranca a ferocidade dele,seus parentes gerais também o enfeitam muito
Tesãîa pupé kó 'ara îaîmoeté,com alegria honramos este dia,com alegria honramos este dia
Ereîkópe kunhã resé abá remiandubamo?,fizeste sexo com uma mulher com alguém observando-o?,"foste sensual com uma mulher, sendo o que o homem desejava?"
Îandé monhangara nhẽ erenoĩ nde îybápe,nosso criador fazes estar contigo em teus braços,"como nosso criador, põe-nos em teu lugar"
Tupã o aûsuba poepykareté,o que retribui verdadeiramente o amor de deus a si,fazendo deus seu próprio nome
Aîorab,desenrolei-o,fiquei-o
Ereîosubype abá îeke'a i poroka?,"visitaste o covo de alguém, arrancando seu conteúdo?","visitaste alguém, visitando seu véu?"
Oroîoapi - Golpeamos um ao outro Oroîoapi-api,ficamos golpeando um ao outro,enfileramos-nos-emos com outra roupa
Omanõ-mbá,morreram todos,morrendo todos
"Pe'ĩ, peîpûá muru!","eia, amarrai os malditos!","ah, basta, basta!"
nhembo'esaba kuabe'engaba,ponteiro da escola,o que tem conhecimento da doutrina
Akué,movimento-me,eu sou
-Oîmo'y'upe gûá?,deram-lhe de beber?,-Fazendo guajás?
Pe atõîa n'oîpotari,não querem que vos toquem,não querem que vos toquem
itaîy-kamusi,vaso de estanho,pedra de ferro
tó eẽ,"ah, sim! ah, já entendi!","sim, sim"
"Eresópe abá îeky-'ye'ẽ supa, i pora rá?","foste para revistar os covos de água doce de alguém, tomando seu conteúdo?","usaste a roupa de alguém, para beber, sem mais?"
"Îé t'asóne xe mondoápe Memeté ixé, xe py'ape, emonã tekó potá","hei de ir para onde me mandam mesmo porque eu, por vontade, assim quero fazer","hei de ir para meu lado mesmo eu, em meu coração, querendo assim proceder"
Asaûsub Pedro og uba raûsume,amo pedro por amar a seu pai,amo a morte de pedro
Xe robasy,eu sou mal-encarado,eu estou fendido
o nhe'enga poxŷagûera,a maldade de suas palavras,o que transgride suas palavras
Nde rera pupé anhenong,em teu nome guardo-me,em teu nome faço-me prisioneiro
Peîpotápe Îesus pe rubixaba ixé i mosema peẽme?,"quereis que eu solte para vós a jesus, vosso rei?",querestes que vosso padrinho jesus vos mandasse?
Ta sasy muru supé!,que eles sofram junto dos malditos!,que seja doloroso para o maldito!
N'oîeruré-pytubari Tupã supé,não se cansam de rezar a deus,não rezam nem um só a deus
Pa'i Îesu,senhor jesus,o senhor jesus
ahẽ pabẽ,com ele,eu sou o que está no meio
Xe atuaî bé turi,veio logo detrás de mim,eu também sou um pouco diferente
Emonã nungara amõ t'îasó kori seru,vamos hoje para trazer alguns assim desse jeito,vamos para hoje para ver alguns malditos
A'e xe rekotebẽsaba oîme'eng ixébene,ele dará para mim minha aflição,ele deu minha felicidade para mim
Aîpe'a umûã emonã xe angaîpaba,já afastei dessa maneira minhas maldades,afasto imediatamente meus pecados
"Eresenõî tenhẽpe Tupã rera, nde îuraragûaîamo nhẽ, îuraragûaîamo sekó kuapa?","invocaste em vão o nome de deus, mentindo, sabendo ser mentira?","ouviste a palavra de deus, mentindo somente, mentindo somente, sabendo isso?"
"Ereîopykype nde remirekó, sugûy sekóreme?",cobriste tua esposa quando sucedia o sangue dela ?,"escarneceste de tua esposa, tendo sangue nele?"
Pesaûsu pe monhangara,amai vosso criador,"fazeis-vos viver, vosso criador"
xe remipoîmembeka,o fraco que convido para comer,eu sou um sujeito
Tupã resápe ã xe rekóû,eis que estou à vista de deus,eis que eu estou diante dos olhos de deus
Nde ma'enduá xe ri!,lembra-te de mim!,ouve-me tu!
Asyby'ab,arei-o,fiquei-o irritando
Te'õ a'e mendasabeté mombo'isaramo,a morte é o que separa os verdadeiros cônjuges,como mestre dos que vivem na terra
Aîpepó-moín,pus-lhe penas,fiquei-o pisando
Aporero'yasab,barqueei as pessoas,faço-o cair
Turusu xe kane'õ,grande é meu cansaço,é muito grande minha fome
Xe 'abebogûasu,eu tenho uma grande grenha,eu sou muito grande
Y aé rasaba mby ky'a îaîmomemûã,atravessar a água elimina a sujeira dos pés,a água mesma faz tremir a poeira
O îoybyri aîmoín,prendi-os um ao lado do outro,ao lado dela fiquei
Nde marãmotarype abá resé?,tu te enfureceste por causa de alguém?,tu te preocupaste com alguém?
Xe aysó,eu sou bem feito,eu vou
Abá-abápe asé resé Tupã mongetasaramo sekóû?,quem são os que rogam a deus por nós?,quem foi para nos repreender a deus?
Xe membykõî,tive filhos gêmeos,eu sou pequeno
"Nd'e'i te'e moxy sesé og orybamo, sesé oîomoaîuabo","por isso mesmo os malditos se alegram por causa deles, fazendo disputa por eles","por isso mesmo a maldita se mete nele, fazendo-se amar a ela"
"Moraseîa é i katu, îegûaka, sa-mongy","a dança é que é boa, enfeitar-se, untar suas penas","é o que é belo, porém, é belo, muito belo"
eboûinga rupi,"por aí, por ali",por meio de um buraco
Ta setá-katu xe rera!,que sejam muitos os meus nomes!,que sejam muitos meus nomes!
Aîpukusãmoín,amarrei-o pelos pés,estiro-o
Ké abá rekóû anhẽ,"aqui alguém está, certamente",esse homem é verdadeiro
Penhemoma'enduá Anhanga ratápe i porarapyra resé ta pe angaîpab umẽngatutenhẽ,"lembrai-vos do que se sofre no inferno para que, de modo nenhum, pequeis",lembrai-vos do que ele pagou no fogo de anganga para que pecai muito
"A'epe kunumĩgûasu kunhã oîmomosemba'e, miaûsuba potá nhẽ karaibokype-katu?","e os rapazes que perseguem mulheres, querendo escravas bem nas casas de cristãos?","e os rapazes que acatam mulheres, querendo mulheres, querendo fazer casamentos bem?"
I xy mombe'u-poranga xe moingotebẽngatu,a bela proclamação de sua mãe afligiu-me muito,a bela confissão de seu pai me faz muito feliz
"Ybytyrybo gûibebébo, asó tupi moangaîpapa","pelos montes voando, fui para fazer pecar os tupis","ao ir para o alto, vou para fazer mal aos tupis"
Xe resendûara ebokûea,isso é o que é destinado a mim,eu sou o que tem ouvidos
Xe karasy,eu estou maleitoso,eu tenho febre
Xe asur,eu estou calombento,eu estou cansado
y-mbîasaba,"lugar de se abrigar da água, barra de porto",rio que é longo
nhe'ẽ-memûã,"palavras grosseiras, de zombaria",palavras muito curtas
"Ybaka aé Tupã îandé resé i nhemosako'îaba, îandé mba'ekaturama nongatûaba re'a","o próprio céu é o que deus prepara para nós, lugar em que bem coloca nossa felicidade futura","o próprio céu é o que deus prepara para nós, para não destruir nossa virtude"
Eresepyme'engype nde remiporupûera?,pagaste aquilo que tu usaste?,pagaste o que tu usaste?
Seby-sebykĩ ixébo,vai fartando a mim,"muito, muito pouco por mim"
po'i'i,fininho,caça
N'i tybi xe rasapaba ogûataba'e supé,não há como passar por mim para os que caminham,não há minha transgressão para o que está preso
itá-pora,sinal de golpe com pedra,"ferro, ferro, ferro, ferro"
Mba'e-aí-potara renonhena,reprimir o desejo de coisas más,"o que quer fazer mal, o que desiste"
Ta peapysyketé irã marana pab'iré,"haveis de vos consolar muito futuramente, após acabar a batalha",que se esforcem muito após o feriado
Koromõ sepîaki,logo o viu,agora vê-lo
mosapyr mysã,três dedos dos pés,"o que é chamado de ""sapo"""
Akûé tabusu Îerusalém 'îaba pora mombebaûama kuapa nhẽ aîpó i 'éû,disse isso conhecendo o futuro esmagamento dos habitantes daquela cidade chamada jerusalém,o que sabe o futuro futuro nascer do tabú em jerusalém é o que ele disse
