source,target,prediction
eis que sobre o capim ele está deitado,Kapi'i sosé kó tuî,"Ko'ápe, yvate gotyo, oñeno"
eu sou aleijado,Xe apar,Che apytĩ
meu parceiro,xe rapixara,che irũ
cessou a chuva,Opyk amana,opáma ama
"depois disso, finalmente, volta-se em direção a eles, falando muito terrivelmente",A'e roîré ko'yté i koty obaka onhe'eng-abaetéramo,"Upéi katu, oguahê hikuái, oñe'ê kyhyje'ÿre."
eu não tenho com que bater,Na xe pûasabi,Ndaha'éiva'erãha che pochy
"ah, que enfadonho és tu, de fato!",Tekatunheté rakûé endé hegûy!,¡Ajépa nde ningo neñembyasyetéva!
"sua vista aguda desaparece, tapando-se seus ouvidos","Sesapysopûera kanhemi, iî apysaká oîe'obo","nde resa resa resa okañy, nde akãre opytáva"
"aquela lei nova, quem será que a trouxe?",Aîpó tekó-pysasu abá serã ogûeru?,"Ko léi pyahu, mávapa omoheñóiva?"
este santo faz aquele que a ele roga alcançar suas coisas sumidas ou seu escravo fugido,Kó santo o mongetasara oîmoîekosub i mba'e i kanhẽmbyra koîpó semiaûsuîababa supé,Ko santo ojapo pe ojeruréva chupe ohupyty haguã umi mba'e okañyva'ekue térã esclavo okañyva'ekue
"eis que estava de cor um tanto preta, certamente",Moroún-mbyry nakó,"Upépe hovymiete, añetehápe."
terra levantada,yby-'ama,yvy ojeity
brinco,Anhemosaraî,mba'e'okuaa
não corrigindo seu filho quando ele estiver no mal,O a'yra marãbirĩ sekóreme senonhene'yma,nderejopói nde ra'y oĩ jave ivaíva
os beatos e os santos que deus faz ir consigo para o céu são muitos,Marangatuba'e santos ybakype Tupã remieroîeoîa setá,Umi vy'apavê ha umi marangatu Ñandejára oguerahava'ekue ne rendápe yvágape heta
"outrora, passando por cima dela, eu fui causa de te fazer agir","Akûeîme, i apyrasapa, xe nde moingosaba é","Peteî ára, ohasa rupi hese, che che che pytyvõ va'ekue rejapóvo"
"afastou-se daqueles seus três discípulos, então?",Oîeîyîpe a'e o boîá mosapyr suí a'ereme?,¿Oñemboykepa umi mbohapy hemimbo'e rehe?
que venha para nos ajudar meu irmão mais moço,T'oú îandé pytybõmo xe rybyra,ou haguã ñanepytyvõ haguã che ryvy michĩvéva
igualmente se preocuparão em fazer seus filhos estarem na virtude?,Oîoîabenhẽpe tekokatu resé o a'yra moingoagûama ri i nhemosaînanyne?,¿Oñemomandu'áta hikuái imembykuérape heko jojaha?
tu tens namorada?,Nde kunhã'ype?,¿Ndépa reikuaa ne rembireko?
descarrega-a a ele,Eroîyb ahẽ supé,Eho ndehegui
eles estarão muitíssimo doentes,I mara'a tenhẽ,Ha'ekuéra hasy vaieterei.
"eu estou inchado, eu tenho calombos",Xe gûa'a-gûa'a,"Che apytu'ũ, che py'a potĩ"
em eu falando,Gûinhe'enga abé,Cheñe'ẽ rehe
"armadilha de ratos, ratoeira",gûabiru rupîara,"Tape ratã, ratatĩ"
"nele a água transformou em vinho, de acordo com os pedidos de sua mãe",I pupé 'y anhẽ monhangi kaûĩnamo o sy îeruresaba rupi,"Ha'e rupi, y oiko vino, isy ojerureháicha."
empanturrei as pessoas,Aporomoebykatã,Ajerokyhyje umi héntepe
eu tenho a boca aberta,Xe îuru-îaî,Che juru niko opytáma
como o revolutear de um urubu sobre coisas fedorentas,Urubu mba'enema 'arybo nhemoîereba îabé,Mba'éicha ñambohovái peteî arapa'ũ mba'e ryru rehe
eu sou molengão,Xe rekoporeaûsub,Che ha'e peteĩ molingón
que faziam aí os que ele faria sair consigo?,Marãpe a'e semienosegûama rekóû a'epe?,¿Mba'e piko ojapo hikuái umi ohejáva reho?
tenho pendências com ele,Aîkó sesé,Che apytégui oĩ
"eia, depressa desviando-me","Ne'ĩ, taûîé, xe reîyîa","ha, pya'e che ñembyasýi"
"e por outra parte, semelhantemente, o próprio mar será mais terrível do que era seu costume",Kokoty paranã aé rame'ĩ o abaetéramo erimba'e gûekoagûera sosé,"Ha ambueve mba'épe, upéicha avei, mar voi ivaive jeýta yma guive."
"tão logo ao ouvir o nome dela, em outra parte eu me escondo",Serenduba rupibé amongoty xe nhemimi,"ohendu ramo héra, ambue hendápe che apytáta"
o que vai buscar água,ypyasoara,mba'épa oúta y
tenho-o na cintura,Xe ku'aî arekó,Che korapýpe oĩ
"olha, arrasamos todos os tupinambás que estavam no paraguaçu","Ma'ẽne, tupinambá Paragûasupendarûera opakatu îamombá","ehecha, roñehundi opaite tupinaambás-pe oîva Paraguay-pe"
veio novamente por tua causa,Oú ramõ nde resé,ou jey nde rehehápe
dirigiu de novo pilatos sua fala aos judeus?,Oîmoín-y bépe Pilatos o nhe'enga îudeus supé?,¿Pilato oñe'ẽ jey va'ekue umi judío kuérape?
"brandamente, suavemente",mbegûé-katu,"mbeguekatúpe, mbeguekatúpe"
quais são os nomes da santíssima trindade?,Marã-marãpe Santíssima Trindade rera?,¿Mba'eichapa umi téra Trinidad marangatu rehegua?
"é muito diferente, de fato, a morada dos homens da minha residência",Oîaby rakó abá rekó xe retama,"tuicha ojoavýva, añetehápe, umi kuimba'e renda che rógape."
"eles, na verdade, em três pessoas se distinguem",A'e anhẽ mosapyr pessoaamo i îa'oki,"Ha'ekuéra, añetehápe, mbohapy tapicha apytépe ojoavy."
mandaste tua esposa ir em busca de mulheres?,Ereîopûaîpe nde remirekó kunhã resé?,¿Reheja vaʼekue ne rembirekópe oho hag̃ua kuñanguéra renondépe?
acima de todas as pessoas embelezou-a,Abá sosé pabẽ i momorangi,opavave ári omomba'eguasu
por que será que ele não vem?,Marã serã ture'ymi?,¿Mba'ére piko ndohói?
parece bem que sua morte fosse a finalidade com que seu pai o fez viver,Tuba i moingoaba se'õ a'e i aîarõ,Ha'ete voi omanóva ha'eha itúva omoingove jey hag̃ua chupe.
que deteste a vida má,T'aroŷrõ tekomemûã,Nde rehechauka nde reko vai
guardai-vos de serdes maus doravante,"Peteumẽ, pe poxyramo angiré",Eñatendéke ani haguã pejepy'apy
os que acreditam em sonhos,Mosaûsuba rerobîasara,umi ogueroviáva tekove
não o deixo de querer,N'aîpotare'ymi,Che apensa va'erã
começando a pronunciá-lo,sa'ang-ypŷabo,oñepyrũvo he'i
a que tem nome santa maria,Santa Maria seryba'e,upe hérava Santa María
o que batizou não pode casar-se com aquela que batizou,Oporoerokyba'epûera nd'e'ikatuî omendá o emierokûera resé,Upe omomombareteva ndaikatúi omenda upe omomombareteva'ekuépe
"fome, sede, cansaço, quaisquer coisas sofrendo por nós","Ambyasy, 'useîa, kane'õ, mba'e tetiruã porarábo îandé resé","ñembyahýi, marã'ỹ, ikane'õ, opa mba'e ohasa asyva ñanderehehápe"
arrombei-o,Aîmonarang,Ahasáma chupe
sustituindo suas palavras para os que o ouviram,Ogûenduparûera supé o nhe'enga rekobîarõmo,"ohendu'ỹre iñe'ẽ,"
"ah, excelente!","Té, aûîé-katutenhẽ!",¡Ajépa iporãite!
"cinzas do alguidar, cinzas da bacia",nha'ẽpesẽ-uba,ñembyasy ñembyasy ñembyasy ñembyasy ñembyasy ñembyasy ñembyasy ñembyasy ñembyasy ñembyasy ñembyasy ñembyasy ñembyasy ñembyasy ñembyasy ñembyasy ñembyasy ñembyasy ñembyasy ñembyasy ñembyasy ñembyasy ñembyasy ñembyasy ñembyasy ñembyasy ñembyasy ñembyasy ñembyasy ñembyasy ñembyasy ñembyasy ñembyasy ñembyasy ñembyasy ñembyasy ñembyasy ñembyasy ñembyasy ñembyasy ñembyasy ñembyasy
remador de canoa,ygá-pukuîtara,pirata pirata pirata pirata pirata pirata pirata pirata pirata pirata pirata pirata pirata pirata pirata pirata pirata pirata pirata pirata pirata pirata pirata pirata pirata pirata pirata pirata pirata pirata pirata pirata pirata pirata pirata pirata pirata pirata pirata pirata pirata pirata pirata pirata pirata pirata pirata pirata pirata pirata pirata pirata pirata pirata pirata pirata pirata pirata pirata pirata pirata pirata pirata
casa de pedra,itá-oka,óga itaguigua
não ia para o céu outrora a alma de nenhum homem?,Abá 'angûera amõ soe'ymi ybakype erimba'e?,Ndaha'éi piko yvágape peteĩ yvypóra alma yma?
um certo judeu velho mostrou o lugar em que ela fora enterrada,Amõ îudeu-tuîba'e i tymagûera kuabe'engi,Peteĩ judío tuja ohechauka chupe moõpa oñeñotỹ
fecho da porta,okena motakaba,okẽ ñemboty
"que eu não adoeça, comendo-o",Ta xe maran umẽ i gûabo,"Che ndahasyi'ÿi, ajerurévo"
fiz meu filho dormir comigo,Aroker xe ra'yra,Che memby kuñakarai ndive
dormiu comigo,Xe posé i keri,oke che ndive
acaso todos os que estavam ali ficaram a injuriá-lo?,Opabenhẽ serã erimba'e a'epe tekoara iî a'oîa'oû?,¿Oiménepa umi oĩva upépe oñe'ẽ vai hese?
mas procedendo de que modo se está como amigo do diabo?,Marã oîkóbo-tepe asé Anhanga rembiaûsubamo sekóû?,Péro mba'éicha piko reñemoirũ hína aña ndive?
tiveste gozo com tuas lembranças de teus pecados antigos?,Ereîmborype nde angaîpagûera resé nde ma'enduasaba?,¿Reñembovyʼa vaʼekue reñemomanduʼávo ne pekádo yma guare rehe?
mentiras levantam,Mo'ema kó omopu'ã,japu omopu'ã
"para ensinar as pessoas, assim procedeu",Oporombo'ebo nãîabé sekóû,"ombo'e haguã hapichápe, péicha ojapo"
eu sou fibroso,Xe raîy-raîyk,Che fibroso
oh! que multidão estes peixes são!,Tó te'ĩ kó pirá rekóû mã!,¡Ajépa hetaite mba'e ko pira!
eu sou garrido,Xe araakasyk,Che niko che mbotya
nós somos muitos,Oré anangatu,ñande niko heta
maior algum tanto,turusu bé'ĩ,tuichavéva
fiquei-a beliscando,Aîpĩ-pin,Aheja'o chupe
"encontros das asas, isto é, a parte superior delas, onde vão fazendo a volta e onde nascem as penas maiores",pepó-ypy,"Umi ipehẽngue ñembyaty, ha'éva, iñakãrague, upépe ojere ha upépe heñói umi pluma tuichavéva"
"na verdade, três vezes negarás ser meu discípulo",Mosapy ipó xe boîáramo nde rekó ereîkuakub,"añetehápe, mbohapy jey reñemondéta reimeha che disípulo"
estátua,abá ra'angaba,Ta'anga
esse fez aquele céu que vemos,Kó a'e ybaka îandé remiepîakûama oîmonhang,Upe ojapo yvága jahecha va'ekue
que eu afaste o proceder antigo para que não esteja no mal,Tekopûera t'aîpe'a t'aîkó umẽne marani,Che apyta tape ymaite guive ani haguã che mba'e vai
ao estar o sol no meio do mundo,Kûarasy 'ara pyterype seneme,Kuarahy oĩvo yvóra mbytépe
estavam dormindo de aflição,Oker okûapa tekotebẽ suí nhẽ,Ha'ekuéra oke py'a hasýgui.
querendo trazê-los aqui,iké seru-potá nhẽ,ogueru haguã chupekuéra ko'ápe
detesto a vida má,Aroŷrõ tekó-poxy,Che ahechaga'u tekove vai
cal de ostra,reri ku'i,Ostraca yva
caçôo dele,Aîoîaî,ha'e ñorairõhára
"enfim, obedeceram-me","Rumby, xe rapîá",Ha'ekuéra ojapókuri che ñe'ême
esmigalhei-o,Aîkurubixok,Aipuru chupe
"mata ótima, de boa madeira",ka'aeté,"ka'avo iporãva, yvyra porãgui"
os homens esvaziam as cuias,Oîmboapy abá kuîaba,kuimba'ekuéra omopotî umi cuia
eu tenho covinhas,Xe pygûaî,Che areko yvotyty
trazei também a ingapema!,Ingapema bé peru!,Eguereko avei pe ingapema!
eu tenho baceira,Xe ybypiar,Che areko ku'i
como modo de espantar o diabo,Anhanga mondyîtabamo,Mba'éichapa ikatu jajepoi aña
que não aconteça de alguma coisa te deixar ignorante,Te'itenheumẽ mba'e amõ nde motekokuabe'yma,Ani oiko mba'eve ndereikuaaséiva
"vem, ó meu senhorzinho, para que esteja muito feliz minha alma por causa do teu nascimento","Eîori, xe îarĩ gûé, ta sorybeté xe 'anga nde 'aragûera resé","Eju, che ruvicha guasu, che ánga vy'aite haguã nde rehe."
eu tenho palavras ásperas,Xe nhe'engasy,Che ñe'ẽ vaiete
vesti a roupa nele,Aîaó-mondeb,ajogua ao hese
reza a gente muito frequentemente para santa maria?,Oîmongetá-py'i-py'ipe asé Santa Maria?,¿Mba'eichapa ñañembo'e py'ỹi Santa María-pe?
hei de me esconder bem,Aîemĩngatu-pe ká,Añemomombyry porã va'erã
"o que porta pestes, coisa pestilencial",mbabyîara,"oguerúva pesto, mba'e vaiete"
fiz que não o vi,N'asendube'ym-a'ubi - Fiz que não o ouvi N'asepîake'ym-a'ubi,Che ndahechai chupe
que venha neste dia para aquecer nossa alma,T'our kó 'ara pupé oré 'anga moakupa,Oĝuahê ko árape omoporã haguã ñane ánga
"o dia de são sebastião, em que ele morreu, os cristãos comemoram para se santificarem","S Sebastião 'ara, se'õagûera, cristãos oîmoeté oîemotupana","San Sebastián ára, omanohaguére, umi kristiáno omomorã oñemopotĩ haguã"
"entrando nos seus antigos corpos, fazendo-os levantar imediatamente","Ogûetepûera pupé oîkŷabo, i mopu'ama kûeîeténe","oike hete yma guare, omopu'ãvo ichupe kuéra pya'e"
"entram grandes espinhos, espetando sua cabeça, furando-a toda","Oîké îugûasu, i akanga kutuka, opá i mombuka","oike ñandy guasu, omokã iñakã, omokãmbaite"
todos os homens destrói,Opabĩ abá mondyki,Opaite kuimba'e ohundíva
"mas, de verdade",anhẽp'anhẽ,ha añetehápe
são filipe e são tiago são os que devem ser honrados neste dia,"S Filipe, STiago kó 'ara i moetepyra",San Felipe ha San Tíago ha'e umi oñemomba'eguasúva ko árape
a morte está igualmente entre os moços e entre os velhos,Oîoîá te'õ rekóû kunumĩgûasu suí tuîba'e suí bé,ñemano niko oĩ avei mitãrusu ha tuja apytépe
amarelidão,moroîuba,pytã'i
a partilha entre si de suas obras por deus,Tupã resé marã o ekó o îoupé moîa'oîa'okaba,oñondivepa hembiapokue Tupã rehehápe
e judas não se afligiu junto aos judeus por entregar a seu senhor?,A'epe Îudas n'oîkotebẽî Îudeus supé o îara me'engagûera resé?,"Ha'e kuéra katu ndojepy'apýi judío kuéra ndive, omondo haguére imbo'ehárape."
amo-o em vão,Asaûsub-a'ub,Che rayhu ndéve mba'e'ỹre
o ofício de pedro,Peró rekoaba,mba'apoha ita
estou sendo muito miserável,Xe poreaûsukatu gûitekóbo,Che añembyasýieterei
"qual é nosso consolo, então?",Mba'epe asé apysykabamo a'ereme?,¿Mba'e piko ñanepytyvõta?
morreríamos certamente antes que contasse para as pessoas o que viu,Îamanõ îepémo serã sepîakagûera abá supé mombe'u e'ymebémo,ha katuete omanótaha ha'e omombe'úvo umi héntepe mba'épa ohecha.
"ainda bem que os três, novamente, queimareis em conjunto",Iîá mosapyr-y bé pekaî oîepegûasune,"Vy'aite voi mbohapyve, jeýnte, oñotỹ oñondivepa."
"detrás da casa, atrás da casa",ó-kupépe,"óga rapykuéri, óga rapykuéri"
"ah, beliscar-me-á hoje!","Xe pixã korine, mã!","Ah, che poriahuvereko ko árape!"
pena de tucano para dança,tukana tá-poraseîa,Tucano pena ojeroky haguã
cobrindo-o com seu véu,Opîá o akangaobĩ pupé,ombojeguáva ichupe ijao
bom trabalhador,morabuká-katu,mba'apohára porâ
apoio sua cabeça,Aî'a-kok,Pehekovia nde akã
"roupa verde, pano verde",aoboby,Kuatiarogue ipyahúva:
"a terra ferve, ficando a estremecer","Yby obu-obur, otumu-tumunga","Yvy ho'áva, oñehundi'ỹva"
vemos sempre as suas pegadas,Îasepîak îepi i pypora,"Jahechaháicha, ñande py'a poty"
por isso mesmo as malditas correm como faíscas de fogo,Nd'e'i te'e moxy onhana tatá piririka îá,Upévare umi maldición ohóva sapukái tatáicha
de meu pesado sono despertando-me,Xe keranama mombaka,Che py'a potĩgui amoingovevo
sei lá!,Sé ruã!,Che aikuaa!
"lentamente, enfim, o homem perde entendimento, sua vista aguda de outrora desaparece, tentando inutilmente a fala","Mbegûé é ko'yté abá tekokuá kanhemi, sesapysopûera kanhemi, o nhe'engabûera ra'ang îepébo","Mbeguekatúpe, opaite ára, yvypóra ohechakuaa, ohecha'ỹre, oñeha'ã'ỹre oñe'ẽ."
as pedras ficaram-se quebrando pelo meio,Itá oîeká-îeká oîopyterybo,umi ita oñehundi'ypyva'ekue mbytépe
"eia, faze-me andar nas minhas virtudes",Xe katûagûama ri ene'ĩ xe mbogûatábo,"E, embohape che reko porã"
"seguindo o rastro das mulheres, os índios não desistem","Kunhã rakypûemondóbo, apŷaba n'i apysáî","Kuñanguéra rapykuéri, umi indio ndopytái"
"eia, os temiminós de dia confessam seus pecadilhos somente","Ene'ĩ, temiminõ 'arybo nhẽ oîmombe'u o angaîpá-mirĩ anhõ","ha'e, umi ára pukukue'i omoañete hembiapo vaikue"
vai para fazer cair os malditos em nosso laço!,Ekûãî moxy mbo'a îandé îusana pupé!,Eho eity umi mba'e vaiete ñande pype!
eis que procuramos jesus de nazaré,Iesus Nazareno ikó orosekar,Ko'ápe roheka Jesús Nazaretgua-pe.
ovos de içá,ysá rupi'a,Yvotyty ñemby
bolinho de pão,miapé-mirĩ,pan pancake
"eva atraiu-se muito pelo belo fruto, colhendo-o",Eva onhemomotareté 'ybá-poranga resé iî ykyébo,"Eva ohayhueterei pe yva porã, ombyaty"
"aimbirê, vem diante de mim!","Aîmbiré, eîori xe robaké!","¡Pehẽ, peju che rapykuéri!"
"após não realizar nosso pai primeiro o que deus havia dito, a morte surgiu nele e em nós também","Tupã 'îaba îandé rubypy i mopore'ym'iré, te'õ 'ari sesé îandé resé béno","ndojapói rire ñande ru ypykue mba'épa he'i Tupâ, omanóma hese ha ñande avei."
"hei de ir, de fato?",Asóp'ixéne é?,¿Añetehápepa aha vaʼerã?
"nós, enfim, havemos de voar para o paraíso",Îandé té t'îabebé Tupãrorypápe nhẽ,Jahaity haguã yvágape
veio antes que eu me preparasse,Xe nhemosako'i e'ymebé turi,ou che prepará mboyve
o que trabalha perto de mim,Xe pyri marãtekoara,mba'e omba'apóva che ykére
está por aí teu pai?,Oubépe nde ruba?,¿Oĩpa nde ru?
os que se salvam em deus,Tupã resé oîepysyrõba'e,Umi oñesãsova Tupãme
eu estou com doença venérea,Xe rakûanhaíb,Che apytégui hasy.
botei-me os ovos,Aîupi'a-mombor,A'e'ỹi che yva
nossa companheira de guerras,Îandé maranirũ,ore ñorairõhára
eu tenho muitas comborças,Xe nhemõîetá,Aguereko heta mba'e vai
deseja ardentemente ver o nascimento de seu filho que se gera em seu ventre,O membyra gûygépe onhemonhangyba'e 'arama osepîaka'ub,Oha'arõiterei ohechávo imemby heñóiva nde ryepýpe
homem muito preguiçoso,abá-ate'ymusu,kuimba'e ipya'e'ỹva
mulher viúva,kunhã-mene'õ,kuña viuda
que não vejam mais o sol!,T'osepîak-y bé umẽ kûarasy!,Ndaikatúi ohecha kuarahy!
por isso mesmo os homens erigem-te em dirigente deles,Apŷaba nd'e'i te'e o 'ybamo nde mo'ama,Upévare kuimba'ekuéra omopu'ã nde rehe mburuvicha guasu ramo.
mesmo o que assassina na guerra ?,Gûariniãme oporapitiba'e tiruãpe?,¿ Mba 'épa ojejuka ñorairõme ?
servi a comida dele,Asemi'u-erokûab,ha'e omomba'e guasu ichupe tembi'u
casa de telha,kamusy-oka,óga yvyra'i
isso dizes com razão,Aîpó eré supikatu,Nde niko reñembojoja
"hoje, assim, de modo nenhum impedem nossa estada","Kori, nã, îandé rekó îandé moarûapa angá","Ko'ágã, upéicha, ndojokói hikuái ñande rekove"
eh! onde ele está?,Tó! Mamõpe ahẽ rekóû?,Eh! moõpa oĩ?
todos os seus discípulos para tuas mãos fazendo passar,Opá o boîá nde pópe i mongûapa,"opa hemimbo'e kuéra nde pópe,"
"serão fedorentos, serão muito podres, corroídos de vermes e de bernes","I nem-eté, i tuîuk-eté, tasoka, ura remimongûyamone","Oiméne huguy vai, hasýva, ñembyai ha mbarakaja reheve."
"ah, que bom seria minha morte ao me batizar o padre, antes de eu pecar",Marãîasûaramo temõ abaré xe 'apiramõneme xe angaîpab'e'ymebé xe re'õ mã!,"Ah, mba'eichapa iporãva'erã che ñemano che mbatisíto ramo pa'i, che pekádo mboyve"
que não prejudiquemos os que portam bens para nós,T'i momuru umẽ ma'e îara îandébe,ani haguã jaiko vai umi ogueraháva ñandéve mba'e
a ele a gente pede pelo futuro viver de sua alma?,I xupépe asé îeruréû o 'anga rekorama resé?,Ha'e pe ojeruréva pe oikoveha'erãha ipýpe?
vou por minha vontade,Xe remimotarybo asó,aha che rembipota rehehápe
ergui a espinhela,Aîpusû'ã-mogûyr,Aheja pe yvyra
então as estrelas cairão pouco a pouco,A'ereme îasytatá o apakuîamo,ha umi mbyja'i oñehundi mbeguekatúpe
eu gemo dormindo,Xe keraíb,A'erehe añe'ẽvo
enforcador,aîubykara,ñembosarái
"portanto, ando hoje com o provincial",Angari abaregûasu arogûatá,"Upévare, ajapo ko'ágã provincial ndive"
fachos para iluminar o caminho pela escuridão,Sesaý pytumimbyka rupi pé resapébo,mba'echarata omyesakã haguã tape pytũmbýpe
agradeci-o,Aîkugûab,Aagradese chupe
que chegue logo ao lugar de o matarem,T'osyk esapy'a o îukaagûãme,Oĝuahêvo hikuái hapykuéri ojuka haguã
deleitaste-te no teu sonho com ela?,Ereîmborype sesé nde posaûsubagûera?,¿Reñembovyʼa vaʼekue nde képe hendive?
honrar a deus,Tupã moabaeté,omomba'eguasu Ñandejárape
ainda agorinha,ramo'ĩ,ha'e gueteri okakuaáva
eu estou muito leve nas minhas coisas,Xe rekó-apepu-pepu,Che py'aguasueterei che mba'e kuérape
eu estou faminto,Xe ambyasy,A'eñóva
virei-me a cabeça para um e outro lado,Anheakã-mobabak,Ajerure che akãre ha che akãre
qual era mesmo o nome dele?,Marã-takó ahẽ rera?,Mba'eichapaite héra?
enfileirei-o,Asysyrung,Aipytyvõta chupe
todos os habitantes do paraíba,opá Paraibygûara,opa umi oikóva paraíba-pe
eu não tenho preço alto,Na xe repy-marangatuî,Ndaipóri mba'e ivaléva
que a gente honra ao erguer o padre o cálice da missa?,Mba'epe asé oîmoeté abaré itaîukamusi rupireme?,¿Mba'e piko ñamomba'e guasu ñande pa'i omopu'ãvo misa ka'aguy?
não conheço esse homem,N'aîkuabi a'e abá,Ndaikuaái ko kuimba'e
embebedava-te o cauim,Nde mondabeypó kaûĩ,Nde reheve che mbo'y
o que é igual a algo ou a alguém,îandûara,Mba'eichaguápa peteĩ mba'e térã peteĩva
os restos de nossos pecados,asé angaîpaba rembyrûera,Ñane angaipa rembi'u
"eia, nós também jejuemos","Pe'ĩ, îandé bé îaîekuakub","Ha'e, ñande avei ñambyasy"
"durante a estada dele no ventre de sua mãe, deus o santificou",O sy rygépe sekó remebé Tupã i mongaraíbi,"Oiméramo isy ryepýpe, Tupã Ñandejára omopotĩ ichupe."
vinde para vos voltar para deus,Peîori pebaka Tupã koty,Eju Tupã rendápe
no mesmo dia em que tu a comeres cairá a morte em ti,Ara nde i gûaba pupé bé o'a te'õ nde reséne,"Pe ára re'u haguépe, omano va'erã nde rehe."
são pedro puxou a espada,S Pedro itangapema osekyî,San Pedro omosarambi espáda
trouxe as velhas de além de magueá,Gûaîbĩ aru amõ Magûeá suí,ogueru umi kuña tujavéva Magágui.
eu sou peçonhento,Xe ranhasy,Che niko che py'a potĩ
amo-o,Asaûsu biã,Ahayhu chupe
"água cheia grande, maré alta",ty-apogûasu,"Y guasu henyhẽva, mar mar ha'e guasu"
hei de contar os modos de impedi-los,I moarûapaba t'aîmombe'une,Añe'ẽta mba'éichapa ikatu ajoko chupekuéra
lavo-a,Aîpyeî,omopotĩ
destruindo a descendência daquele primeiro homem branco,A'e karaibypy îeapykaba mondyka,omombaretévo pe ñemoñare ypykue kuimba'e morotĩva
lugar costumeiro de minha pescaria,xe pindaeîtykatyba,tenda jepokuaáva che pyahúpe
este homem trago aqui para que o reconheçais,Ikó abá arur iké ta peîkuab,Ko kuimba'e ou ko'ápe ikatu haguã peikuaa chupe
"eu sou moçacara, eu sou forte","Xe posaká, xe ratã","Che mitãkuimba'e, che mbarete"
"o fujão, o que tem costume de fugir",kanhembora,"Pe mbarakaja, ohóva okañy"
quem és tu?,Abápe nde?,¿Mávapa nde?
muito maior,turusu-katu-eté,tuichavéva
dar também o dízimo naquilo que plantou primeiro,O emitymbûerypy pupé Tupãpotá-me'engano,ha ome'ẽ avei diezmo umi mba'e omopu'ãva ra'e.
"todos juntos, todos à uma vez, à uma",oîepekatu,"Opavave oñondive, opavave peteĩ jey, peteĩ jey"
sou leviano,Abebuînhẽ,Che levíano
porventura tornaram-se muito maus os homens?,Onhemoangaîpabeté serã apŷaba?,¿Oĩpa umi hénte iñañáva?
quem será que a trouxe?,Abá serã ogûeru?,¿Mávapa ogueru chupe?
"o que bebe somente o suficiente, que acontece?","Oîá nhote kagûarape, marã?",ha'e rã ha'e kuery ma mba'emo vai ojapo va'e?
"que coisas, pois, eu fiz hoje?",Marã-marã-pakó îeí xe rekóû?,Mba'e mba'e piko che ajapo va'ekue ko árape?
sei mais que tu,Aîkuab-eté nde suí,Aikuaave ndehegui
embelezando-te totalmente,Opabĩ nde momoranga,ha nde porãite
em tuas mãos nossa alma está,Nde pópe oré 'anga ruî,Nde pópe ñane ánga oĩ
meu fogo é o lugar em que queimarás,Xe ratá nde kaîaûama,che tata ha'e pe nde rehapy va'erãha
nasceu para nós hoje,O'a îandébo kori,heñóiva ñandéve ko árape
de que espécie será que é isto?,Marãba'e-p'iã ri?,Mba'eichagua mba'e piko kóva?
"examinando a armadilha de alguém, tomando o seu conteúdo","Abá mundé supa, i pora rá","ohesa'ỹijo hapicha ñemboty, oipuru iñemboty"
"mudarei de nome hoje, por causa deles",Aîerok kori seséne,"Che réra ko'ágã, ichugui kuéra rehehápe."
"que aqui está deitado, aquietando-se?",Mba'epe ké tuî opyka?,"¿Mba'e piko he'ise ko'ápe oguapyha, oñesũha?"
creio na nossa futura ressurreição,Arobîar asé rekobeîebyragûama,Che jerovia ñande jeikove jevyha
"ao chegarem os pescadores, repartem sempre com suas amantes ruins seu pescado, pelas costas de seus senhores","Pindaîtykara îepotasápe, memẽ o agûasá-poxy supé oîmoîa'ok o embiara, o îara kupébo nhẽ","Oguahëvo umi pescador, ome'ê hikuái hembirekópe iporâva'ekue, ipópe ipópe."
desceu para o centro da terra,Ogûeîyb yby apyterype,oguejy yvy mbytépe
"logo, vencendo os temiminós, habitantes daqui, eu os frequentarei","Koromõ, keygûara temiminõ moaûîébo, asapekóne","Upéicharõ, ñambohory umi kyhyje'ỹva, oikóva ko'ápe, che añemoirũta hesekuéra"
a mim,Ixé supé,Che rehe
que o faça perdoar a nós,T'omoîerekûab orébo,Ha'e oipota ñandeperdonáta
os chefes velhos falam sempre a eles,Morubixaba tuîba'e onhe'eng memẽ i xupé,Umi mburuvicha guasu yma guare oñe'ẽ chupekuéra.
importuna-me muito aquela lei nova,Xe moaîu-marangatu aîpó tekó-pysasu,Chepy'apyeterei upe léi pyahu
que está deitado aqui?,Mba'epe ké tuî?,¿Mba'e piko pe oĩva'ekue ko'ápe?
queimareis em conjunto,Pekaî oîepegûasune,Pehẽ reheve pehẽ py'a reheve pehẽ py'a moĩ moĩ moĩ moĩ moĩ moĩ moĩ moĩ moĩ moĩ moĩ moĩ moĩ moĩ moĩ moĩ moĩ moĩ moĩ moĩ moĩ moĩ moĩ moĩ moĩ moĩ moĩ moĩ moĩ moĩ moĩ moĩ moĩ moĩ moĩ moĩ moĩ moĩ moĩ moĩ moĩ moĩ moĩ moĩ moĩ moĩ moĩ moĩ moĩ moĩ moĩ moĩ moĩ moĩ mo
eu não duro muito,Na xe rekosûeri,Che nda'ipy'apýi
faço papa dela,Aîka'u,Ajapóta chupe papa
caminho impraticável,pé-aíba,tape naiporãiva
baixo conversemos para que não o percebam os índios,Mbegûé îaîomongetá t'onhandu umẽ abá,Ñañemongeta'ỹre umi indio ohechakuaaséva
filhote de cão,îagûara'yra,Kuimba'e
"iam mulheres, suas discípulas, pranteando-o",Osó kunhã semimbo'e-etá sapirõmo,"Kuñanguéra, hemimbo'e kuéra ndive, oho hese ha opukavy."
"não existem mais as suas antigas terras todas, desde então, não contêm muita coisa",N'i tybangáî setãmbûera Opá akûeîme n'i poretáî,"Ndaipórivéima yvy yma guare, upéguive ndojepy'apýi mba'eve."
tu terás a alma limpa,Nde 'ã-kytyngokyne,Nde py'a potĩta
parti-o pelo meio,Oîopytera rupi aîasy'ab,omombyta'akue
"corda de panacu, a que vai pela cabeça daquele que o leva",panakũ-sama,"Tape'i ipúva, ogueraháva iñakã ári ogueraháva"
a água transformou em vinho,Y anhẽ monhangi kaûĩnamo,y oiko vino
dizem que o homem fez assim antes,Emonã îé abá rekóû rãé,he'i yvypóra ojapo hague péicha ymave
remédio de nossos antigos desejos sensuais,moropotaragûera posanga,ñamboyke ñande rembipota yma guare
"não fomos nós, mas nossos subordinados","Na oré ruã, oré kyra é","ndaha'éi ñande, ñane rembiguái kuéra"
aí é que está! eu estou surpreso por tua causa,Aîpó nhẽ! Xe putupab nhẽ nde ri,Ha'e upeichaite!
sofreste a morte,Te'õ ereîporará,rehasámava ñemano
"levantai-vos, vamos em seu caminho para encontrá-lo","Pepu'am, t'îasó sapépe sobaîtĩamo","Pyhareve, jaha tape rupi ojuhu haguã chupe"
sendo ele bom,okaturamo,ha'e porã
reflexo ou resplendor do mar,paranãendy,yvate gotyo
a causa de fuga do diabo é a água benta,Anhanga nhegûasembaba 'ykaraíba,Mba'e vaiete pe mba'e vaiete omosarambiva'ekue.
levo carga,Ambosyî,aporeko'i
eu tenho cachaço grande,Xe aîurupygûasu,Che apytégui tuicha
eu estou estirado,Aîepysó gûitupa,Che apyta apyta
"meu ex-marido há de ser, certamente",Xe mendûera ipó re'ĩ,che ex-marã katuete
remédio bom,mosãngatu,mba'asy porã
venho não tendo a intenção de que me alimentem,Aîur ta xe poî na ûi'îabo ruã,Che aju ndaha'éiva che rembi'urã
"não teve mãe, não tem corpo, não teve começo","N'i xyî, na setéî, n'i ypyî","ndorekóiva sy, ndorekóiva hete, ndorekóiva ñepyrũmby"
o que tem olhos que são luxuriosos,sesá-poropotaryba'e,Oguereko hesa iporãva
eu tenho casca estalada,Xe pé-pok,Che akãre'ỹi
que somente a ti eu ame,Nde anhõ t'oroaûsu,Nde añoite che rayhuha
"eu sou o que é antigo, o de tempos atrás",Erimba'endûarûera ixé,"Che ha'e ymaite guive, ymaite guive"
quebrei-me,Aîeká,Che apytĩ
por que bates em mim?,Marãpe erepûar xe resé?,¿Mba'ére piko reñemomba'e che rehe?
eu tenho pernas tortas,Xe retymãnhemang,Che ruguy ipya'e
ainda que eu já fosse,Aûîebé-te xe só-umani,ha'e ramo ha'e va'e ma
contigo sempre estamos,Nde resé memẽ oroîkó,Nde reheguápe katuete roime
é por isso que o batizais junto ao padre,Aîporama resé é peîmongaraíb abaré pyri,Upévare reñemongarai chupe pa'i ndive
"e ao partir muitas vezes o padre a hóstia em pedaços, em cada pedaço nosso senhor jesus cristo está?",A'epe abaré hóstia pese'õ-etá-etáreme i pese'õmbûera îabi'õ Îandé Îara Îesu Cristo rekóû?,"ha heta jey omombykévo pa'i guasu hóga'i, peteĩteĩme ñande Ruvicha Jesucristo oĩ?"
vou em busca de meu pai,Asó xe ruba pé,aha che túvape
habitante de fronteira,tatobapyygûara,oikóva frontera-pe
amarrai os malditos!,Peîpûá muru!,Eñotỹ umi mba'e vaiete!
quando foi para visitá-la? -por ocasião da gravidez de seu filho são joão,-Erimba'epe i xóû i xupa? -I membyra São João rurureme,Araka'épa oho va'ekue ohecha chupe?
enseada ou baía de mar,paranãngûá,yguasu térã yguasu
muito bem!,Aûîé ipó!,¡Añetehápe!
por que a gente reconhece o dia dos santos?,Marãnamope asé santos 'ara kuabi?,¿Mba'ére piko jaikuaa ára marangatu?
"derramando o seu sangue, ficaram a açoitá-lo","Sugûy mombukapa, îaînupã-nupã","Oitypa hikuái hembi'u, ha ojuka hikuái chupe."
eis que até mesmo contra deus murmura,Tupã resé tiruã kó nhe'enga reîtyki,ha upépe jepe Tupã rehe oñe'ẽ vai
eu me escafedo ao ir,- Xe rembyrĩ gûixóbo,Ahasávo añemondýi
dentro de uma casinha estás,Ó-mirĩ pupé ereîkó,Peteî óga'i ryepýpe reime
"quem o fez outrora, começando a pronunciá-lo?","Abápe aîpoba'e oîmonhang erimba'e, sa'angypŷabo?","¿Mávapa ojapo va'ekue yma, oñepyrũvo he'i?"
trouxe todo o peixe,Aru-pab pirá,ogueru opaite pira
minha casa está escura,I pytun xe roka,Che róga pytũ
"forçaste alguma mulher, sendo tu ladino com ela?","Ereîukaípe kunhã amõ, sesé nde ara'apy'iramo?",¿Reñemombaretépa peteĩ kuñáme reñemomba'eguasu haguére chupe?
não sei,N'a'ekatuî,Ndaikuaái
"ah, transgredi muitíssimo as palavras de meu criador!",Aîaby-eteté xe monhangara nhe'enga mã!,¡Ajépa tuicha che rembiapoukapy!
furtaste na roça de teu próximo?,Eremondarõpe nde rapixaba kópe?,¿Roheka nde rapicha róga?
de maneira nenhuma,-Setápe asé nhemongaraíbi? - Aani - A gente batiza-se muitas vezes?,Ndaipóri mba'eve
a palavra de deus experimentei,Tupã nhe'enga asa'ang,Ñandejára ñe'ẽ rehechauka
desci com eles,Aroapy'am,Aike ha'ekuéra ndive
coisa enlameada!,Mba'e-u'uma!,Mba'e vaiete!
por isso mesmo eles não se deleitam com as boas coisas,Nd'e'i te'e mba'e-katu resé oîekosube'yma,Upévare ndojapói hikuái mba'e porã.
uns aos outros,o îoupé-upé,ojoaju
vais definitivamente,Eresó nhẽ peũî,reho añete
corto-lhe a pele,Aîpi-mondok,A'e'ỹi chupe
vou em busca de água,Y piaramo asó,aháta y rapykuéri
maravilhou-te a vista de homens belos?,Nde angerasópe abá-porangepîaka?,¿Ovy'a nde rehecha haguére kuimba'e porã?
faremos o que ele fez,Semimonhangûera îamonhangyne,Jajapóta ha'e ojapo va'ekue
caço,Aka'amondó,ñemby
"minha nação, outrora, estava de acordo com a cultura primeira","Xe anama, erimba'e, tekó-ypyramo sekóû","Che retã yma guare, oĩ va'ekue peteĩ cultura ypykue ndive"
eu sou garrido,Xe arũaíb,Che niko che mbotya
mas chorai por vós mesmas,Peẽ aé-te peîeapirõ,Pende rehehápe peñembyasy
por seus rastros é que vamos,Sakypûera rupi é îasó,Nde rapykuéri jajuhu
aqui vem um urutaurana,Ké urutaûrana ruri!,Ko'ápe ou peteî urutaurana
lacei-o pelo pescoço,Aîaîurar,Aheja chupe che korapy rehe
fazendo-os levantar imediatamente,I mopu'ama kûeîeténe,omopu'ãvo chupekuéra pya'e
baliza do caminho,pé kugûapaba,tape rapykuere
"daí ía para longe, frequentando outras aldeias","Kûé suí asó mamõ, amõ taba rapekóbo","Upégui oho mombyry, oho ambue táva-pe"
com toda uma corda amarraram-no,Opá sama pupé i apytĩû,Peteî yvyra'i ipópe ojapi ichupe
"ao comer junto dos seus discípulos, o pão devolveu como seu corpo kapi'ĩ sosé kó tuî, tapi'irusu karûápe - eis que sobre o capim ele está deitado, no lugar em que a vaca come","Gûemimbo'e pyri o karûápe, miapé moîebyû gûetéramo","ha okaru jave hemimbo'e kuéra ndive, pe mbuja ou jey hete kapi'ĩ sosé kó tuî, tapi'irusu karûápe - ko'ápe opyta ka'i ári, pe ka'i ho'uhápe"
"tu, no paraíso para sempre estás","Endé, Tupã rorypápe aûîeramanhẽ ereîkó","Nde, yvágape reime va'erã opa ára guarã"
"tende-o por vontade, tende-o para matá-lo","Perekó potasábo é, perekó i îukábo","Ogueraha chupe py'aite guive, ogueraha chupe ojuka haguã"
morcegão voador,andyragûasu-bebé,mbarakaja ovevéva
vim do céu pelo interior de vossas ocas,Aîur ybaka suí pe rokybỹîa rupi,Che aju yvágagui pende yguasu ryepýpe
o que se envergonha,otĩba'e,Mba'e mba'e mba'e mba'e mba'e mba'e mba'e mba'e mba'e mba'e mba'e mba'e mba'e mba'e mba'e mba'e mba'e mba'e mba'e mba'e mba'e mba'e mba'e mba'e mba'e mba'e mba'e mba'e mba'e mba'e mba'e mba'e mba'e mba'e mba'e mba'e mba'e mba'e mba'e mba'e mba'e mba'e
sou leve,Abebuîkatu,Che mbovy'a
eis aqui também a ingapema pintada,Kó bé ingapé-kûatiara,Ko'ápe avei ko'ápe pe ingapema pintada
"mas vinho mesmo, de fato, colocam dentro dele?",Kaûĩ aé ruã-tepe ybŷá onong i pupé?,"¿Mba'e piko vino añete, añetehápe, omoĩ hikuái ipype?"
catei-lhe a cabeça,Aî'abiú,Aitypýkuri iñakã
abundava o amor de deus em teu coração outrora,Tynysẽ Tupã raûsuba nde nhy'ãme erimba'e,mborayhu Tupã reheguáva opoko nde py'apýpe yma
ele não foi mesquinho antes de tua vinda aqui diante de mim,Na sa'ubi iké xe robaké nde rur'e'ymebé,Ha'e ndaje ivaiete va'ekue nde reju mboyve che renondépe.
não hei de ir,Asó umẽpe ky,Ndaha'éiva'erã
"alguns somente, outrora, morreram meninos",Mbobyrîõ ipó erimba'e kunumĩ kanhemi,Oĩ va'ekue mitãmi omano va'ekue
não fique ele boquejando a meu respeito,T'e'i tenhẽ umẽ xe ri o îuru'aramo,Ani reheja chupe oñe'ẽ che rehe
o diabo te agasta,Anhanga nde moabaîté,Pe aña ojopy nde rehe
homem ignorante,abá-tekokuabe'yma,kuimba'e oikuaa'ỹva
poluiu-se outrora teu filho por tu o desejares?,O'ẽpe erimba'e nde membyra nde i potasápe?,¿Oñembotavypa va'ekue nde ra'y nde rehe reipotágui?
resgatando totalmente seus antigos pecados,O angaîpagûera repyme'enga-mbapa,"ha opaite mba'e reheve,"
achegamo-nos um ao outro,Oroîoerobyk,ñañemboja'o ojuehe
"espera! que venha o maldito, primeiro","Enhambé! T'oú-te muru, ranhẽ","¡Pemañáke ou pe máva, tenondegua!"
dois filhotes de pomba sua mãe levou como oferenda,Mokõî pykasu ra'yra i xy ogûerasó îetanongabamo,mokôi pira'i sy ogueraha oikuave'êvo
"aquele, de fato, não é diferente da cobra",Aîpoba'e tenhẽ n'oîabyî mboîa,"upe, añetehápe, ndaha'éi mba'eveichagua mbói"
"hás de confessar primeiro tua atração por eles o que diz respeito aos casados, depois",mendasara resendûara tekori,"Reñemomba'e va'erã reñemoĩ porã haguã hesekuéra,"
"são maus estes teus servos, não me tratam bem","I angaîpá kó nde boîá, na xe rerekó-katuî","Mba'e vaipa umi nde rembiguái, ndojeporãi chéve"
que nos leve para seu lugar de felicidade para nos fazer regozijar consigo,T'îandé rerasó o orypápe o îoesé îandé moîekosupa,Ha'e ogueraha ñandeve vy'a renda gotyo ha ñanembovy'a haguã nde rehe
"que disseram seus adversários, indo?",Marã e'ipe supîarûera osóbo?,¿Mba'épa he'i hikuái iñirũnguéra ohóvo?
é muito terrível meu nome,I abaeté-katu xe rera,Mba'e vaiete che réra
meu avô jaguaruna,xe ramũîa Îagûaruna,che ruvicha jaguaruna
por qual estado seu transparecia sua angústia?,Marã sekó resépe i angekoaíba îekuabi?,Mba'eichaguápa pe mba'asy ohasáva?
lancei a âncora,Aîtyk itasama,Aitypo anguja
não se arrependeram alguns de seus vitupérios após o injuriarem?,Nd'oîmoasyîpe amõ o nhe'engaibagûera iî a'o ré?,¿Ndépa nderejeroviái hikuái umi mbaʼe vai ojapo vaʼekuégui hese kuéra?
antes sua ida para junto dele no céu que sua ida para o inferno,Ybakype i pyri o só îanondé Anhanga ratápe o só suí,Nde rapykuéri yvágape nde rapykuéri infiérnope
não sejas mentiroso por causa de ninguém,Nde remo'em umẽ abá resé,ani nde japu avavépe rehe
alegrando-se com a morte de alguém,Abá re'õagûera resé og orybamo,Ovy'a jave omanohaguére
"viemos para te festejar, lançando fora nossa maldade","Oroîu nde momoranga, ore aíba reropó","Roju ro'e ndéve ro'e haguã, roitypa haguã ore mba'e vai."
"enfim, à sua esquerda estando os que foram pecadores",Aûîé i asu koty é i angaîpaba'epûera oîkóbone,"Ha'e kuéra katu opyta ichugui, umi hembiapo vaíva."
procedo muito mal,Marã-marã tenhẽ aîkó,Ahasáma vaieterei
ainda bem que morreu,Iîá omanõmo,Avy'aite omano haguére
hoje eu deveria ir,Kori monẽ asó,Ko árape aha va'erã
"vamos, devagar, para fazer o assalto","T'îasó, mbegûé, îapu'ama","ja'e, mbeguekatúpe, ñamboja'o haguã"
eu tenho raízes,Xe rapó,Che niko areko che rembi'u
vivo de mariscos,Paranãmbora ri aîkó,Mymba okambúva
eu sou acostumado,Sekoba'e ixé,Che añekuaa
"semelhante a que é essa graça, o meio de fazê-los bons?",Mba'e nungarape aîpó graça i moangaturãsaba?,"Mba'éicha rupípa pe mba'eporã, mba'éichapa ikatu ojapo porã?"
"o grande chefe aimbirê, o pervertedor dos índios","Tubixá-katu Aîmbiré, apŷaba moangaîpapara","Mburuvicha guasu Aimbirê, umi indio perversón"
tua pureza seja igual em mim,Nde poropotare'yma t'oîakatu xe resé,nde pureté niko che reheguáva
"a ti suspiramos, gemendo",Nebe oronheangerur oré poasemamo,Nde rehe roñembyasýne roñembyasývo
"seu sangue era muito, escorrendo no chão",Sugûy turusu ybype osyryka,"huguy hetaiterei, osyry yvy ári"
"apoiando-me na vossa valentia, quero ir","Pe ratãngatu resé gûiîekoka, asó-potá","Che pytyvõvo pende py'aguapýpe, aha"
ajuntamento de pedregulhos,itakurubi-tyba,Ñembyaty py'a
"suportando a escuridão, estamos muito aflitos","Putunusu porarábo, oroîkotebẽngatu","Ñane pytũmbýpe ñambohovái, ñembyasyeterei"
não o temais,Peîpoûsub ymẽ,Ani pekyhyje hese
"comeu aquele fruto, causa da morte, que deus dissera?","O'u nhẽpe a'e 'ybá, tegûama, Tupã 'îaba?","ho'u va'ekue pe yva, omomýiva, mba'épa he'i Tupã Ñandejára?"
transgrediria o homem a palavra de deus assim os conhecendo?,Oîabypemo abá Tupã nhe'enga emonã sekokuapa?,¿Oñemboykepa vaʼerãpa Ñandejára Ñeʼẽ oikuaaukávo chupekuéra?
o lado direito dele,iî apé,ipya'e gotyo
"está limpa, como se vê, a cova da lebre",I pe'ybĩ nakó tapiti kûara,"Oiméne ipotĩ, jahechaháicha, ka'aguy ra'y."
quantos são os chefes principais por aqui?,Mobype tubixá-katu kybõ?,Mba'eichapa umi mburuvicha guasu ko'ápe?
apanhei-as,Aîapûapyk,Ajuhúma
bolota de sal,îukyrapu'a,ñandy poty
fiquei-o contando,Aîkuabe'u-be'u,Añe'ê chupe
"o que entrega os reféns, o redentor",morepy me'engara,"Ome'ẽva umi rehénte, pe ojesalva va'ekue"
"e onde está aquele limbo, morada das crianças que não foram batizadas?",Umãmepe a'e putunusu pitanga nhemongaraibypyre'yma rekoaba rekóû?,"ha moõpa oĩ limbo, umi mitâ ndojevautísimo'ỹva róga?"
bateste com um pau na tua esposa!,Ereropûar ybyrá nde remirekó resé!,Nde rejapóva nde rembirekópe!
eu me fico levantando nas pontas dos pés,Xe pyta'ã-ta'am,Apu'ã che py'a poty ári
o que seria morto,miîukarambûera,¿Mba'e piko ojejuka va'erã
eu tenho o andar escarrapachado,Xe atá-îaî,Che py'a potĩ
sua própria formosura também viram,O aysó abé osepîak,Iporãha avei ohecháva
"o que é raro, poucas vezes visto ou que se não acha a cada passo",setapokãba'e,"mba'e sa'ieteva, sa'i ojehechava'ekue térã ndojehechakuaáiva peteĩteĩme"
coisa rapada,mba'e-apina,mba'e ojeja'óva
"caem, às vezes, os frutos das suas árvores, sendo ainda flores",Okuî rakó amũme 'ybarambûera o 'yba suí ybotyramo oîkóbo bé,"Sapy'ánte ho'a hi'a, yvotykuéra, yvotykuéra."
havemos de ir à árdua guerra?,T'îasó maranatãûãme?,¿Jaha va'erãpa ñorairõ guasu?
corta-o pela sua base,Iî aŷpy rupi eîasy'ab,omboty chupe ipypegua
deus o tomou,Tupã tari,Tupã Ñandejára ojagarra chupe
ajudaste alguém num roubo?,Ereîpytybõpe abá mondá resé?,¿Reipytyvõ vaʼekue peteĩ mondahape?
vomitas cauim?,Ereîmoîebype kaûĩ?,¿Mba'e piko rejapóta?
que transformou outrora em mundo?,Mba'epe erimba'e oîmonhang 'aramo?,¿Mba'e mba'épa ojapo va'ekue ko'ãga?
"será que nosso senhor estava muito angustiado, longamente rezando a ele?",I angekoaí-katu serã Îandé Îara i mongetapukûabo?,"¿Oĩpa hína Ñandejára mboriahu, oñembo'e chupe heta ára?"
não pode alguém casar-se com seu parente verdadeiro?,Nd'e'ikatuîpe abá o anameté resé omendá?,¿Ndépa ikatu peteĩ omenda iñangirũ tee rehe?
"que eles bem perdoem hoje a nós, dando anzóis","T'i nhyrõngatu kori îandébo, pindá me'enga","Ha'ekuéra oreperdona porã ko árape, ome'ẽvo angoso"
"tu tiveste polução, tendo desejos sensuais?",Erenhemoa'ypupukype nde poropotaramo?,"¿Reñemoĩ vaipa ndehegui, nde py'a potĩ?"
muitas chamas de fogo,tatá-endy-etá,heta tata'i
"os temiminós de dia confessam seus pecadilhos, somente",Temiminõ 'arybo nhẽ oîmombe'u o angaîpá-mirĩ anhõ,"Umi ára pukukue'i omoañete hembiapo vaikue,"
"seus amigos, os franceses, trouxeram armas de fogo em vão","Saûsupara, aîuruîuba, mokaba ogûeru tenhẽ","iñirûnguéra, Francia, ogueru arma de fuego ivaíva"
"havemos de chegar ao céu, ao lugar em que tu te revelas",T'orobasẽne ybakype nde îepîakukasápe,"Jahupytýta yvágape, upe nde rejuhápe"
pensa em vir para vos espantar,Oú-mo'ang pe mondyîa,Epensamína ouha'ỹre nde rehe
"destila tuas lágrimas, por detestá-los",Nde resa'y eîmondyky seroŷrõsápe,"Ojejopy nde ky'a, nderecha'ỹre"
"o diabo te agasta, de ti tendo medo","Anhanga nde moabaîté, nde suí osykyîébo","Pe aña ojopy nde rehe, nde kyhyje'ỹre"
"diante deles os diabos ajuntando-se, querendo engoli-los","Sobaké Anhanga onheŷnhanga, i mokona motá","Umi demónio oñemboatypa ichupekuéra, ha'e kuéra ojapyhy ha'e kuérape."
vem para amedrontá-lo,Eîori i mosykyîébo,Oúta omokyhyje haguã chupe
eu sou homem manso,Abanherane'yma ixé,Che niko kuimba'e ipy'aguapýva
eu tenho vermes,Xe rasok,Che apytégui oĩ mbarakaja
curral dos porcos,taîasu rokaîa,Ka'avo ñemby
cortei um pedaço dela,Aîasy-'ab,Aity peteï pira'i
meu senhor!,Xe 'a!,Che ruvicha guasu!
tomara não seja eu o que jazerá primeiro,N'aîkóî ipó irã tuîba'eramo ranhẽne re'a,ndaje che ra'e ra'e upe oúva tenonde
furna em penedos ou rochas,itá-kûarusu,yvate térã ita ári
"acaso insistiram muito, então, os que o levaram, ficando a gritar?","Oîeîukaaíb-eté serã serasoaretá a'ereme, oposẽ-posema?",¿Oñemboja'opa hikuái umi ogueraháva chupe osapukáivo?
amarrei-lhe as pernas,Aîkupy-pûar,Ajerure chupe che py'a
que sejamos dignos do lugar futuro de nosso regozijo,T'oré angaturãne oré îekosubagûama ri,jaikóvo ñane retãygua retãygua
"chamei-o, de fato, mas nem por isso veio",Asenõî nakó naeroîaî turi,"Che ajerure chupe, añetehápe, ha upéinte ndohói."
canto dela,sendybangã,Iñembo'e
eu sou muito perebento,Xe peré-pereb,Che niko che mboriahueterei
"vingar-me-ei dele no futuro, certamente",Aîepyk ipó irã seséne,"Che rembovasajeýta hese ko'ẽrõite, añetehápe."
não confio em macaxeras,Nd'arobîari Makaxera,Ndajeroviái macaxeras-pe
barreei a casa com terra,Oka aîyby-apetek,Aitypa yvy ko óga
"detestando-os muito, tratai-los muito mal","I amotare'ymetébo, perekoaí-aí","ha'ekuéra ohayhueterei, ha'ekuéra oñangareko vaieterei"
tu não tens o coração arrebentado de aflição,Tekotebẽ suí nde nhy'ã-boke'ymi,Nde py'a ndoguerekói mba'e vai.
o que se compraz em seu sonho mau,O ké-poxy omboryba'e,Mba'épa ojepy'apy nde arapytu vai
raro,pokangi nhõte,sa'iete
"atravessando o céu, foi, deixando-te","Ybaka rasapa, osó, nde reîá","yvága rupi, oho, oheja nde"
"eu açouto gente, de costume",Xe poronupã îá,"Che apysã'i umi héntepe, jepiveguáicha"
vou a pé,Xe py resé nhẽ asó,Aike hína
aquecendo-se perto do fogo,Tatá ypype oîepegûabo,omopyrũvo tata ypýpe
"meu senhor, eis que eu não sou digno de que entres em meu coração","Xe îar, na xe angaturami ã a'emo ereîké xe py'ape","che ruvicha, ko'ápe che ndaikatu mo'ãi reike che korasõme"
acusando uma mulher para seu marido,Kunhã kuaûká i mena supé,Oñembohory kuñáme iména rehe
para quem a gente reza pela felicidade futura de sua alma?,Abá supépe asé îeruréû o 'anga rekokaturama resé?,¿Mávapepa ñañembo'e ñande py'a porãre?
bem feito! ambos queimareis em conjunto,Iîamuru! Mokõîbé pekaî oîepegûasune,¡Oñemboja porã!
"ao vir eu, encontrei o que guardara","Xe rureme, asobaîtĩ xe remierekopûera","Che aju ramo, ajuhu upe che apytáva"
e este?,A'e-p'ikó?,¿Ha ko'ãnga?
digo novamente,A'é benhẽ,Añe'ê jey
"assim como esta água lava o corpo da gente, aquela também","Akó 'y asé reté moîasuka îabé, akûeîa îabé","Ko y omopotî haguéicha ñande rete, upe avei"
a crença na dança enche os corações deles,Moraseîa rerobîara i py'a îaîporaká,jerovia jeroky rehe omyenyhẽ ichupekuéra
"e por outra parte, semelhantemente, o próprio mar será mais terrível do que é seu costume",Kokoty paranã aé rame'ĩ o abaetéramo erimba'e gûekoagûera sosé,"Ha ambueve mba'épe, upéicha avei, mar voi ivaive jeýta jepive ha'e oipotáva guive."
arrepende-se muito de seus pecados em seu coração,Omboasy-katu o angaîpaba o py'ape,ha'e ombyasyeterei hembiapo vaikue ipy'apýpe.
esfregaste teu pênis excitado?,Ereîkytykype nde ragûyrõ?,¿Reñembosarái nde pene akãre?
medi a profundidade dele,Atypy-a'ang,omohenda ipýpe
mas não se esforçam esses por aprender sempre?,N'osa'angi-tep'akó nhembo'e ko'arapukuî?,"Péro, ¿ndépa koʼã kuimbaʼe oñehaʼãta akóinte oaprende?"
isso mesmo,ebokûeîba'e a'e,Ha upéva añete
"oh, guarda-te de acreditar neles!","Ahẽ, teumẽ serobîá!","¡Añetehápe, ani rejerovia chupekuéra!"
"espera! que venha o maldito, primeiro, chegando com sua ferocidade","Enhambé! T'oú-te muru, ranhẽ, o nharõ rerobasema","¡Pemañáke ou pe maldición, tenonderã, oguahêvo iñemano'ỹre"
quero muito apanhá-las com os que atacam as pessoas,Aîpysy-potá-katu morepenhandara ri,Añeha'ãta añete che retãguápe umi ojukáva hapichápe.
"e os rapazes que perseguem mulheres, fugindo sempre?","A'epe kunumĩgûasu kunhã oîmomosemba'e, onhegûasema memẽ?","ha umi kuimba'e ohóva kuña rapykuéri, osêvo?"
eu tenho olhos enevoados,Xe resá-oby,che resa hovy'i
insisti,Na xe apysáî,añemoĩ
por que ele vive tendo coisas boas mais que eu?,Marãmo ahẽ rekóû o mba'ekaturamo xe suí?,Mba'ére piko oikove umi mba'e porã chehegui?
"suas palavras transgredindo muito, amaldiçoando-o","I nhe'enga abŷabo-tekatu, i momburûabo",iñe'ẽnguéra omboyke'ỹre ha ombotuicha ichupe.
esmigalhei-o,Aîkumirik,Aipuru chupe
vôo como este vento,Abebé kó ybytu îá,Nde'íri yvytu ramo
amarra tua rede ao lado de mim,Eîotĩ nde kesaba xe porupi,Eike nde rete che ykére
eu também sou um porco,Xe abé taîasugûaîa,Che avei peteî porcón
pus o sapato,Aîpyapasá-mondeb,ajopy sapatu
dei coisas para outra pessoa que não a meu pai,Aîme'eng mba'e xe ruba taté nhẽ,Ame'ẽ va'ekue mba'e ambue tapichápe che túva ndaha'éiva
lembrai-vos das almas dos defuntos,Penhemoma'enduar ambyra 'angûera,Pende mandu'a umi omanóva rembi'u rehe
não querendo transgredir a boa lei,Tekó-katu aby potare'yma,ndoipotáiva omboyke léi porã
ao amanhecer,ko'ẽme,pyhareve jave
sei fazer isso,A'ekatu eboûinga resé,aikuaa mba'éichapa ikatu
ele me deixou sem palavras,Xe nhe'ẽmbyk ahẽ,Ha'e oheja che ñe'ẽ'ỹre
acreditai um pouco mais nele,I pyrybé perobîá,Ejeroviave hese
descansa não é muito forte o maíra,Nde pytuẽ Na satãngatuî maíra!,pytu'u'ỹre imbareteve karai guasu
como deus fará com os que os cumprem?,Marãpe Tupã i moposara rerekóûne?,¿Mba'éichapa Ñandejára ojapóta umi ojapóva?
"a noite em que estava ele como presa dos judeus, os cristãos não estavam felizes","Putuna îudeus i pysykagûeramo sekóreme, cristãos rorybe'ymamo","Upe pyhare ha'e ojejukava'ekue umi judío kuéra poguýpe, umi kristiáno ndovy'ái"
assim que eu vou,Xe só abé,ha upévo aha
"como isto, como este",koba'e îá,"ko'ãichagua, ko'ãichagua"
barrancos,yby'ã-by'ama,ñemboguata
não honram seu criador,N'omoetéî o monhangara,ndojehechakuaa'ỹi iñapytu'ũvape
"depois disso, hei de atacá-los",A'e ré t'asepenhan!,"Upe rire, añe'ẽta chupekuéra"
eu tenho dores de parto,Xe membyrasy,Aguereko py'a hasýva.
toma-nos a dianteira sempre o diabo,Îandé rokesỹ memẽ anhanga,Oguata ñande rapykuéri aña
"tu, ao contrário, obedece a ele!",-Esapîá-te!,"Nde katu, nde katu, nde iñe'ẽrendu ichupe."
vê minha doença para que te compadeças de minha alma,Esepîak xe mara'ara t'eresaûsubar xe 'anga,Ehecha che mba'asy rehe che ánga rehe reñembyasy haguã
tendo também coroas vermelhas e brilhantes,Akanetá-pyrã-beraba reroínano,oguerekóva avei corona pytã ha hovy
rio direito,y-atã,ysyry derecho
"depois disso, vamos hoje para quebrar as cabeças dos reis",A'e ré kori îasó tubixaba akanga kábo,"Upe rire, jaha ko árape ñamoñepyrũ haguã mburuvicha guasu peguakuéra."
"eu sou guaixará bebedor de cauim, comedor de gente, queimador de gente, diabo trucidador de gente","Gûaîxará kagûara ixé, morûara, moroapŷara, anhanga morapitîara","Che ha'e peteî ka'avo ryru, tembi'u ryru, ñembosarái ryru, aña ñembosarái ryru."
"se humilha, arrependendo-se de suas maldades","Onhemomboreaûsub, o angaîpaba moasŷabo",Ovy'a ha oñesũ hembiapo vaikuégui.
eu tenho o coração palpitante,Xe py'a-tytyk,Che korasô mbyja'i
a sela do cavalo,kabaru repanakũ,kavaju'i ñemby
ralo-o,Aseé,Aipuru chupe
nem por isso se importa com o resgate de seus antigos pecados,Ndaeroîaî o ekoangaîpagûera repyme'engagûama resé o putupabamo,ha upévare ndojapói mba'eve nderehe reñembyasy haguã nde pekádo yma guarégui
ele está feliz,Soryb,Ha'e vy'a'ỹ
eis que agora eu pereço,Akanhem kó ixé re'a,Ko'ágã che ñehundi
"tendo medo, farias bem","Esykyîébomo, ereîkó-katumo","kyhyje'ỹre, nde rejapo porãta"
"fazemos passar as flechas dos malditos, diante deles esquivando-nos","Îamongûá moxy ru'uba, i xupé îaîemoîtỹamo","Jaheja umi ñarõ michĩmi ohóvo, ha'ekuéra ohóvo."
"naquela época, após criar-se o mundo",Akoraka'e 'ara nhemonhang'iré,"Upe tiémpope, yvyporakuéra oñemoheñói rire"
havemos de anunciar futuramente sua partida,T'îaîmombe'u é irã i îepaboka,roikuaaukáta rehohaitéva
orando eu para deus,Tupã supé ûiîerurébo,Che ñembo'e Tupä Ñandejárape
derrama tuas lágrimas,Eîmo'ẽ nde resa'y,Eipyso nde ypýpe
se for assim,emonãneme,ha upéicha ramo
que bom seria se eu fosse!,Marãîasûaramo asó mã!,¡Ajépa iporãta chéve!
mas olha primeiro! olha cá!,Ema'ẽ-te ranhẽ!,Péro ehecha raẽ.
"matemos meu marido e, então, casemos um com o outro","T'îaîuká xe mena, a'ereme t'îamendar îandé îoesé",jajukáta che ména ha upéi ñañembosarái.
"oh, por acaso isto é o diabo?!","Îu, anhangap'ikó ri?!","oh, ¿oîpa ko aña?!"
esfalfei-o,Aîmoa'ypab,Aipuru chupe
"tomaste, sem razão, alguma coisa de alguém?",Ereîar tenhẽpe abá mba'e amõ?,¿Reipuru vaʼekue mbaʼeve avavegui?
reconciliei-os um com o outro,Anhonongatu o îoupé,Añeñandu porã ojuehe
que me guarde sempre,Ta xe rarõ memẽ îepi,Ha che pytyvõ haguã
deus revelar-se-á a mim,Tupã îepîakukari xebene,Tupã Ñandejára ojechauka chéve
por que ele vive tendo coisas boas mais que eu?,Marãmo ahẽ rekóû o mba'e-katuramo xe suí?,Mba'ére piko oikove umi mba'e porã chehegui?
vem para me governar,Îori xe rekomonhanga,ou che moakãhára ramo
sairão ainda futuramente dali?,Osem-y bépe irã a'e suíne?,¿Oikótapa hikuái upépe ára ha ára?
a que é alforriada,i mokunhãetepyra,ha'éva ñembosarái
"o sem mãe, o órfão de mãe",sye'yma,"pe sy'ỹva, pe sy'ỹva"
pensaste nalguma mulher?,Nde py'anhemongetápe kunhã amõ resé?,¿Repensa vaʼekue peteĩ kuñáme?
castrei-os,Asapi'anupã,Aheja'o chupekuéra
"estas rãs, minhas presas, que as comas","Ikó îu'i, xe rupîara, t'ere'u","ko'ã rãguasu, che mymbajuka, ha'e'ỹ va'erã"
vamos ver se fará hoje realmente algum milagre diante de mim,Oîmonhang ipó kori milagre amõ xe robakéne re'a,Jahechaukáta ko'ágã ojapótapa añetehápe peteî milágro che renondépe.
em seu ventre deus recebeu seu próprio corpo,Sygépe o eterama Tupã tari,Nde ryepýpe Tupã Ñandejára omoirũ hete
não o deixes afastar daqui minha morada,Eseîyî-ukar umẽ iké suí xe retama,Ani reheja ogueraha mombyry ko'águi che renda
morrendo ele,omanõmo,omanohague
preferiam outrora as pessoas que as matassem?,Oîpotarĩ-p'amẽ abá erimba'e o îuká?,¿Oñembo'e va'ekue umi héntepe ojukahague chupekuéra?
"eu sou guaixará bebedor de cauim, grande cascavel, onça, trucidador de gente","Gûaîxará kagûara ixé, mboîtiningusu, îagûara, morapitîara","Che niko peteî ka'avo'i, heta mba'e vai, peteî guyra, ñande rapicha ñembosaráiva."
"empregaste alguém por ocasião de um feriado, fazendo-o trabalhar em algo?",Ereîmoingópe abá 'aretéreme marã i moporabykŷabo?,"¿Reiporu vaʼekue peteĩva peteĩ fiésape, ha rejapovaʼekue chupe ombaʼapo hag̃ua peteĩ mbaʼére?"
hei de louvar muito meu pai,Aîmoeté-katupe xe ruba ká,A'erä che ru rehe añembo'e guasu
hei de me aproximar muito dela para ver bem sua beleza,Aroby-katupe ká i porangepîá-katûabo,Ahasýta hese ahecha porã haguã mba'éichapa iporã.
consolar os aflitos,Oîkotebẽba'e moapysyka,Omomorã umi oñembyasýva
eu estou caindo de sono,Xe kerapará-parar,Añypytũ hína
levei-o secretamente,Arasó-nhemim,Aheja chupe ñemiháme
"queimo-te hoje, como de costume!","Oroapy kori, îandu!","Nde reheve roñehundi ko'ágã, jepiveguáicha!"
"hei de ir adiante de vós, como vosso espião, primeiro","T'akûáne pe renondé, pe manhanamo, ranhẽ","aha va'erã nde rapykuéri, nde espía ramo,"
quase o matei,Aîukasûer,Ha'e nunga rupi chejuka
"mingau grosso, massa",apytaîyka,"Mba'e'okuaa, ñana"
já se juntaram por causa disso as velhas e os velhos,Onheŷnhang umã sesé gûaîbĩ tuîba'e abé,Ha'e rupi umi kuña yma guare ha umi yma guare oñemboaty.
eis que aqui estou como teu filho pecador,Kobé aîkó nde ra'yrangaîpabĩnamo,Ko'ápe aime che ra'y pekadór ramo
o limite de minha roça,xe kó robapy,Che ro'y rembe'ýpe
a mortandade da caça,so'o paba,ñembyahýi ñembyahýi
eu estou cambaleando,Xe agûy-agûy,Che apyta apyta
quem será como eu?,Abá serã xe îabé?,¿Mávapa oikóta cheicha?
sob as mãos do diabo está,Anhanga pó gûyrybo nhẽ sekóû,Nde pochy poguýpe oĩ
dissestes tolices?,Mba'epûera peîépe?,¿Nde ere vaíri?
"vem para espantar o diabo, para não nos vencer","Îori, anhanga mondyîa, oré moaûîé suí!","ou omokyre'ÿ haguã aña, ani haguã ñame'ê"
que vades regozijar-vos com o que é desejado,Ta pesó peîekosupa i potarypyra ri,Pevy'a haguã pe mba'e peipotáva.
tratando-se uns aos outros como que numa fraternidade,Oîoasykûera ri îasûaramo oîoerekóbo,oñangarekóvo ojupe ha'eha peteî tekoha
replico a pero,Aînhe'ẽpoepyk Pero,Añe'ẽta katu
sua cerviz ficando a esmurrar,i aŷpy atyká-tykábo,nde cervix oñepysanga
há de ser coisa insignificante somente,A'uba nhote i por re'a,Mba'e vaiete va'erã
permaneço eu o seu guardião,Aîkobé n'ixé sarõana,ha'e che ha'e va'ekue nde guárdia
"a noite toda, após sua grande bebedeira, vou falar aos ouvidos dos índios","Pysaré, i ka'ugûasu riré, asó abá rerobobõmo","pyhare pukukue, hetaiterei mba'e ryru rire, añe'ẽta umi indio ndive"
"os que são maus, que o tomam, recebem a morte em si",I poxyba'e tasara te'õ ogûar o îoupé,"umi ivaiva, ogueraha, ohupyty ñemano ipype"
folha tenra,só-kyra,kuarahy morotĩ
o que se defronta com a morte,Tegûama porarasara,Oñeha'ãrõva omano
como recompensa também de seu arrependimento delas,I moasyagûera repyramono,Ha'e kuéra katuete omomba'e guasu ichupekuéra.
"ao cair a morte neles, as almas dos homens morrem",Oîoesé te'õ 'asápe abá 'anga re'õû nhẽ,"omanóvo ichupekuéra, umi yvypóra alma omano"
qual é também o alimento de nossa alma?,Mba'e abépe asé 'anga remi'u?,¿Mba'eichapa avei tembi'u ñane ánga rehegua?
muito a propósito comportei-me como filho de deus,A'eboé Tupã ra'yramo anhemoingó re'a,Mba'e rehe piko añe'ê chehegui Tupã ra'y
"porventura é terra, na verdade, a nossa carne?",Yby anhẽ nipó asé ro'o?,¿Ikatúpa ko yvy ha'e ñande rete añete?
"hoje, assim, nossa estada de modo nenhum nos impedem","Kori, nã, îandé rekó îandé moarûapa angá","Ko'ágã, péicha, ñane retãguápe ndaipóri mba'eve ñanemboyke'ỹva."
minha embarcação,Xe ruru,che ypytũ
trazendo algumas linhazinhas,Inimbó'i amõ reru,ogueruhague umi línea michĩva
trato-o como se fosse meu filho,Xe ra'yra berame'ĩ arekó,Aiporúva chupe che ra'y ramo
"ele, com a mãe de deus, foi o que criou a jesus, deus",A'e niã Tupã sy irũnamo Tupã Jesus mongakuasaramo sekóû,"Ha'e, Tupãsy sy ndive, ojapo Jesús, Tupã"
"aquele pão o padre o partiu, certamente",A'e miapepûera abaré oîmbo'i re'a,"Pe pan pa'i omboja'o va'ekue, añetehápe"
"são pedro, com seus companheiros, tomou são matias como apóstolo",São Matias S Pedro o irũetá resebé tari apóstoloramo,"Pedro ha iñirũnguéra ndive, ogueraha Mateo-pe apóstol ramo"
vamos comigo somente até nhoesembé,T'îasó xe irũnamo Nhoesembépe nhote,jaha che ndive che rehehápe
colocando o boi capim às pressas para impedi-lo,Tapi'irusu sarûápe kapi'ĩ anhẽ rerupa,Oipuru va'ekue va'ekue ka'avo pya'e omboty haguã
não faz sentido ele fazer a defesa da morte fora de jesus cristo,N'i aîarõî Îesu Cristo taté é te'õ suí i îepirapûana,Ndaipóri mba'e he'íva hese oñangareko haguã omanóva Jesucristo rehe.
havemos de ir,T'asóne - Hei de ir T'orosóne,Jaha va'erã
"para se vingar de seu cão que cria, um homem não o alimenta","O eîmbaba îagûara resé oîepyka, abá n'oîmomba'e'uî","Omyengoviávo imemby jagua rehe, peteĩ kuimba'e ndojokói chupe"
pronuncia-o bem,Esa'ãngatu,Eñe'ẽ porã
eles se consolam muitíssimo,I apysy-katueté,Ha'ekuéra oñomomomorãiterei
que me livre das dificuldades,Ta xe pysyrõ marãtekó suí,Che pytyvõ che py'a ky'águi
deste atenção a tua confissão?,Ereîeapysaká-katupe nde nhemombe'urama resé?,¿Rehechakuaápa mba'épa reñe'ẽ?
destila tuas lágrimas,Nde resa'y eîmondyky,Ojejopy nde ypýpe
vêm em vão para me afastar,Oú tenhẽ xe pe'abo,Oiméne chehegui che mombyry
"estando diante de deus, de mim não te afastas","Tupã robaké eîkóbo, xe suí nd'eresyryki","Tupã renondépe, ani reñemoĩ chehegui"
eu tenho usagre,Xe 'apiraíb,Che aporeko mba'e
"contendo a deus, está cheio teu ventre","Tupana rerupa, i por nde rygé","Tupã rehe ipy'a katu, nde rypy'a henyhẽ."
"isso não tem meio de se contar, ainda que o sol se pusesse!","Aîpó n'i papasabi, kûarasymo oîké îepémo!","Ndaipóri mba'eve ikatúva oje'e, kuarahy oike ramo jepe!"
"esse é meu antigo enforcador, uma taturana","Akó xe îubykarûera, tataûrana!","Kóva ha'e che hangador yma, peteĩ taturana"
característica de homem mau,apŷabaíba rekoaba é,kuimba'e vai reko
a ti suspiramos,Ndebe oronheangerur,Nde rehe roñembyasýne
nossa comida de cada dia dá hoje para nós,Oré remi'u 'ara îabi'õndûara eîme'eng kori orébe,ñande tembi'u ára ha ára ome'ẽ ñandéve ko'ágã
"depois de querer vê-lo, em vão, desde muito tempo atrás",Kûesenhe'ym bé sepîá-potá tenhẽ roîré,"ahechárô chupe, mba'e'ÿre, ymaite guive"
"a cobra, antes de fazer destruir a vida daquele que morde, deixa sua própria vida, ao pisarem sua cabeça","Mboîa o emindu'u rekobé mokanhemukar-y îanondé, o ekobé reîari o akanga patukasagûerype","Mba'e mbói, omboty mboyve hekove ojukávape, oheja hekove, omyakãvo iñakã"
o oposto do comer demais é comer somente o suficiente,Mba'e 'u-eté-eté robaîara oîá nhote mba'e 'u,Mba'eichagua tembi'u ha'e tembi'u ha'evéva.
bebendo cauim só o suficiente,Oîakatu nhote okagûabo-eté,ha'e rã hetave va'e kuery ma
o jejum difere de não comer carne,Îekuakuba oîkoé so'o gûabe'yma suí,je'u ojoavýva no'úiva ku'u
são numerosos os que não são conhecidos,Se'yî i kuabypyre'yma,Heta oĩ ndoikuaáiva
"como que fazendo as pessoas viverem, mas não de verdade","Oporomoingobébo rame'ĩ, na supi ruã-te","Ha'e ojapo rupi yvypóra oiko, katu ndaha'éi añetehápe"
ele morre,Se'õ,ha'e omano
"certamente, eis que percebendo isso, deixei ontem minha casa","Aûîeté, kó anga andupa, aseîá kûesé xe roka","Añetehápe, ko'ápe aikuaa, aheja kuehe che róga"
eu tenho pés tortos,Xe are'a,Che py'a vaiete
"não tenho a ver com ele, enfim",N'aîkóî sesé ko'yté,"Ndaipóri mba'eve che rehe, añetehápe."
para adiante de lisboa,Lisboa amongoty,Lisboa guive
à vista dele,sobábo,Ijerére
o limiar da porta,okena robapy,okẽ rokẽ
acaso tu és o rei dos judeus?,Îudeus rubixabapiã nde?,¿Nde piko hína umi judío kuéra ruvicha guasu?
"armeiro, fazedor de armaduras",itaaoba monhangara,"Armería, armadura ojapóva"
estou preso nos ferros,Itá resé aín,Che apytĩva'ekue
vieram para consolá-lo,Our i moapysyka,ou hikuái ombopochy haguã chupe
eu sou novo,Xe pysasu,Che niko pyahu
a todos nós espantaria,Opá îandé moputupabymo,Opavave ñanembopy'ahyje
eu enviuvei,Xe remirekoe'õ,che viúda
"querendo isso, fez-se homem, não deixando de ser deus","Aîpó potá é erimba'e nhemoapŷabi, Tupãnamo o ekó po'ire'yma","Ha'e oipota ramo, oiko chugui kuimba'e, ha'e niko Tupã."
é o suficiente?,Aûîé ruãpe?,¿Ikatúpa upéva?
detestas completamente a confiança dele em si mesmo?,Ereroŷrõ-mbápe o îoesé i îerobîara?,¿Reñembyaipaite ha'e ojeroviaha ijehe?
fiquei-o esfregando com coisa gordurosa,Aîkyty-kytyk mba'e-kagûera pupé,Aipurúva mba'e ryguasu rehe
dançaram a noite toda,Oporaseî pysaré,ojeroky hikuái pyhare pukukue
a gente o teme mais do que tudo o que deve ser temido,Asé oîpoûsubeté opakatu i poûsubypyra sosé,Jajepy'apyve hese opa mba'e jajepy'apyva'erãgui
eu não,Na ixé ruã,Che ndajapói
"os bem-aventurados e os santos no céu, que vêem a deus, ultrapassam o número dos dias que o ano tem","Marangatuba'e, santos ybakype, Tupã repîakaretá, osasá 'ara ro'y remierekó papasaba","umi vy'apavê ha umi marangatu yvágape ohechava'ekue Tupã, ohasa ára aranduka ary pukukue"
depois desse momento hei de atacá-los,A'e ré t'asepenhan,Upe rire añeha'ãta che ñorairõ.
a noite não perceberemos,Putuna nd'îaîandubi xûéne,pyhare ndajaikuaái
que nós sejamos corajosos,T'oré pyatã,toñemomombyry ñande py'aguapýpe
de modo nenhum os temiminós tiram seus nomes antigos,Naînanĩ temiminõ o erumûana mombó,Ndaipóri mba'eve umi temimo'i omboykeva'ekue ichugui héra yma guare
estou-me apoiando sobre o braço,Aîeatykok gûitupa,Che apytĩ che jyva ári
escabelei-o,Aî'abo'o-bo'o,Ahasáma chupe
"ah, quem me dera tivesse o padre um pouquinho de piedade de mim, mandando-me pôr em outra parte!","Xe raûsubá-mirĩ temõ abaré, amongoty nhõte xe moinuká mã!","Aipotáke pa'i oiporiahuvereko che rehe, omondo haguã che moĩmbaha ambue hendápe."
"que ouça, então, alguma coisa, para fazer estar bem sua alma",T'oîapysaká a'ereme marã o 'anga moingó-katuagûama resé,"Upéicharõ, ehendu peteĩ mba'e, omboporã haguã ne ánga."
seus fígados hão de ser minha porção,I py'apûera xe potabamo t'oîkó,Nde akãrague ha'éta che porción
apropriada para igreja,tupãoka arõana,tupão-pe guarã
dói a separação de nossa alma de nosso corpo,Sasy asé 'anga asé reté suí i îa'oka,Oha'ã ñande py'a ñande rete rehe
embora eu já tivesse ido,Îepémo xe só umani,jepe aha va'ekue
bendita és entre as mulheres,I mombe'ukatupyramo ereîkó kunhã suí,Nde niko ne retãgua kuñanguéra apytépe.
eu tenho peçonha,Xe tegûam,Che areko peteî mba'e
"adivinha, vamos ver, o que bateu em ti!",Eîkuá ra'u nde ri opûaryba'e!,Eikuaa mba'épa nde rehe ojuka!
suportando as coisas dolorosas por causa de deus,Mba'e-asy porarábo Tupana resé,Ogueraha umi mba'e hasýva Tupã rehehápe
como estas são vossas casas?,Anga îápe pe roka?,¿Mba'éichapa ko'ã óga nde róga?
"daí, desse lugar",eboûĩ suí,"Upégui, ko tenda"
não cruzei suas palmas das mãos,N'asasabi i popytera,Ndaha'éi che po'i'ỹre
perseguidora do diabo,Anhanga momosembara,Máva aña ñorairõhára
não há muitos restos deles,N'i tyb-etáî semyrûera,Ndaipóri heta mba'e ichugui.
"deus deu, então, determinações para nosso pai primeiro?",Osekomonhangype a'ereme Tupã îandé rubypy?,Ñandejára ome'ẽ va'ekue ñande rupe tenondegua?
eu meço a profundidade do rio,Aty-ypy-a'ang,Ahecha ysyry pypuku
que bom seria se deus mandasse fazer os cadáveres falarem!,Omonhe'enguká temõ Tupã te'õmbûera!,Mba'eichapa iporãta Ñandejára he'i ramo umi omanóva oñe'ẽ haguã.
"não faz efeito, às vezes, nosso remédio, fazendo avivar mais a doença, às vezes por sua ineficácia em afastá-la","Sarûab amõme asé posangygûaba, mara'ara moîerobu-bé-uká, amõme i pe'arunga o arûabíreme","sapy'ánte ndojapói mba'eve ñande pohãgui, omombareteve mba'asy, sapy'ánte ndojapói mba'eve omboyke haguã."
ele virou cinza completamente,Sugûé-katu,Oiko asy asy asy.
as que vão para o purgatório,Purgatório pupé osoba'e,umi ohóva purgatorio-pe
lenitivo de minha fome,xe ambyasy posanga,che ñembyahýi ñembyahýi
fez-te subir por te honrar,Nde rupiri nde moetesápe,Ha'e nde rendy haguã nde rehe
a chuva caiu lentamente,Osaybi amana,Oî mbeguekatúpe
mulheres virgens que morreram com seu corpo incorrupto,Kunhã-kûare'yma gûeté-marane'yma bé ogûeromanõba'epûera,Kuñanguéra virgen omanóva hete'ỹre
no transcorrer de quatro gerações,oîoirundyk îeapyká sykápe,Arakõi arýpe
desobedeci a ele,Aîmoabangab,Che rehe cheñe'ẽ vai
"deus deixou de amá-los, n'ele confiando fracamente","Tupã osaûsupe'a, sesé oîerobîá-bebuîa","Tupã Ñandejára ndohayhuvéima chupekuéra, ojerovia'ỹre hese"
agora comemoramos o dia em que mandou eliminar as crianças que completavam dois anos,Pitanga mokõî ro'y omoaûîeba'e mombab-ukaragûera 'ara îaîmoeté ko'yr,Ko'ágã ñambotuicha ára omotenondéva ombotove haguã mitãnguéra oguerekova'ekue mokõi ary.
o grande número de dias de tua vida,nde rekobesaba 'ara retá,Ára hetaite nde rekove pukukue
não durei,Nd'aîkopukuî,ndaikatuvéima
"meu anzol muito ditoso há de pescar para ti, puxando bem os canapus e as arabaianas verdadeiras","Xe pindá-porangeté t'opindaîtykyne endébo, kunapu rekyîetébo, gûaraobanhaneté","che anguja porãite ha'e pe pira nde rehehápe, omosarambi porãva kapi'i ha arabeana añeteguáva"
ainda hoje os malditos queimam,Oîeí bé muru kaî,Ko'ágã peve umi maldición-kuéra ho'u
meus dentes tiritam xe rembé-tatak - meu beiço tirita,Xe rãîtatak,Che tesa'i osê che rapykuéri
"ah, eu sou muito miserável após me entregar para o diabo!",Xe poreaûsubetekatu Anhanga supé xe nheme'eng'iré mã!,"Ah, che añembyasýi añembo'e rire aña rehe!"
"eu, tão somente",Ixé anhotenhẽ,"Che, ha'eño"
"olha, arrasamos todos os tupinambás que estavam no paraguaçu","Ma'ẽne, tupinambá Paragûasupendarûera opakatu îamombá","ehecha, roñehundi opaite tupinaambás-pe oîva Paraguay-pe"
eu brilho,Xe rendy,che resape'a
"segundo o rito dos judeus, seu prepúcio cortaram","Îudeos ekomonhangábo, i 'apira mondoki","Umi judío kuéra rembiapoukapy he'iháicha, ojeja'o hikuái itúva'i."
interessando-se também por sua felicidade,Sekobekaturama resé bé onhemboryryîa,Oñeha'ãvo avei vy'apavê
choravas sempre,Ereîase'o îepi,Nde reñembyasýi
"no seu próprio ombro, levanta a cruz por fraqueza, jesus fá-la cair consigo","O ati'yba ri, krusá osupi Membeka suí, Îesu sero'ari","Hendive, ipópe, ojupi kurusúre ikangy rupi, Jesús ombyai chupe."
"consola-te muito, enfim, após tua saída da escuridão, da aflição de tua alma",Nde apysy-katu ko'yté pytunusu nde 'anga moingotebẽsagûera suí nde sem'iré,"ha che che pytyvõta, che pytyvõta, che pytyvõta, che pytyvõta."
honrei-o muitíssimo,Aîmomba'eté-tekatunhẽ,Ahechakuaa chupe tuichaiterei
vives com alguma não batizada?,Ereîkópe sere'ymba'e amõ resé?,¿Reiko peteĩ noñemomirĩva ndive?
quebra-se muitas vezes,Osó-osok,Ojejapo sapy'ánte
muito maior,tubixabeté,tuichavéva
podem deixar um do outro?,E'ikatupe o îesuí opo'i?,¿Ikatúpa peñemomombyry ojuehegui?
"no final de minha fala, ele falou",Xe nhe'enga apyrûerype ahẽ nhe'engi,"Che ñe'ê paha, he'i"
ele mesmo está em todas as igrejas?,A'e memẽpe tupãoka îakatu i kûáî?,¿Oĩpa voi opavave tupão-pe?
mastro da embarcação,ygara rokytá,Mastéro de la embarcación
eu sou sensível,Xe mba'emoasyîá,Che añandu
confessar-se a cada ano,Seîxu îabi'õ nhemombe'u,omoañete jeývo ary
eu sou molengão,Xe membek,Che ha'e peteĩ molingón
pusemo-nos em fila,Oroîeysyrung,Ñañemboja'o
tu ou eu,Endé konipó ixé,Nde térã che
eu tenho olheiras,Xe resagûyrumbyk,Che akã reheve
espinhas do rosto,Tobá kuruba,Mba'e'okuaa
"vinde, levai os malditos, erguendo-os para sapecá-los em nosso fogo, derretendo-os","Peîori, perasó muru, supi îandé ratápe sapeka, i momembeka","Eju, eju umi maldición-kuérape, ehupi ha eho haĝua ñande tatápe, eho haĝua."
"""sob o sono"" da alta noite, nas horas mortas da noite, em que todos dormem",pysaîekatu ké-gûyrybo,"""ñeno'ýpe"" pyhare pukukue, pyhare pyhare pytu'uha jave, opavave okehápe"
não verão sequer seu corpo brilhante?,Seté-beraba tiruãpe n'osepîaki xûéne?,¿Ndépa rehecha hikuái ne retã resapeha?
eu estou adoentado,Xe rekoruruînhẽ,Che añembyahýi
eu estou hirto,Xe aparatã,Che apytu'ũ
homem miserável,abá-poreaûsubĩ,kuimba'e mboriahu
enfileirei-os,Aîmoysyrung,Aipytyvõta chupekuéra
torrei-o,Asa'embé,Aheja chupe
"deixai, pois, estes meus discípulos irem com saúde",T'e'i nhẽ ã xe boîá o marane'yma rerasóbo rõ,"Upévare, peheja ko'ã che disípulo oho porã haguã."
"tem medo de ti o diabo, odiando-te","Osykyîé nde suí Anhanga, nde moabaetébo","Nde rehe kyhyje'ỹva, nde rehe ndaija'éiva"
não tenho pena das coisas,N'asaûsubari mba'e,Ndaiporãi mba'e vai
"o que cuida da casa, caseiro",oka rerekoara,"ojesareko óga rehe, óga jára"
"que lancemos fora nossa maldade, não acreditando nos pajés","T'oroîtyk oré poxy, paîé rerobîare'yma","Jaheja'o ñande mba'e vai, ani haguã jajerovia umi mba'e vai."
e o escravo não obedecerá às palavras de seu senhor?,A'epe miaûsuba n'osapîari xûé o îara nhe'engane?,Ha'e ramo tembiguái ndojapóipa iñe'ẽ?
"vamos, como nós, para enfeitar nossas almas, para levá-las diante dele","T'îasó îandé îabé îandé 'anga moîegûaka, serasóbo sobaké","ja'e, ñandeichaguáicha, ñañemomorã ñande py'a, ñamotenonde haguã ichupe"
aqui estou para levar seu ventre e também seus pulmões para minha sogra velha,Kó aîkó sygepûera t'arasó i nhy'ãbebuîa abé xe raîxó-gûaîbĩ supé,Che aime ko'ápe ogueraha haguã nde ryguasu ha nde py'a che sykuña tuja rehehápe.
olhaste também com desejo para a vagina de alguma?,Erema'ẽ-nhemomotarype amõ rapopé reséno?,¿Rehechami avei mba'eichagua mba'e vai ndehegui?
não pode com ela casar-se enquanto a mantiver em esconderijo,Nd'e'ikatuî sesé omendá mimbápe serekó pukuî,nderehupytýi chupe omenda ramo jepe hese.
não respeitando o que deus dissera,Tupã 'éagûera moabaetee'yma,ndorrespetáiva Ñandejára he'i va'ekue
e judas não se afligiu junto aos judeus pela traição a seu senhor?,A'epe Îudas n'oîkotebẽî Îudeus supé o îara me'engagûera resé?,"Ha'e kuéra katu ndojepy'apýi umi judío kuéra ndive, omokangy haguére imarangatúva rehe."
"para esse belo procedimento, a gente a mantém em seu próprio quarto , aí dependurando o recipiente em que a bebe","Aîpó tekoporanga resé asé serekóû o kotype, a'epe i moîasekóbo i gûaburu","Ko mba'e porãite ojejapo hag̃ua, jajerereko chupe koty guasúpe, upépe ojepe'a pe yrypy'a omomýiva."
neném compadecedor,pitangĩ-moraûsubara,Ndaipóri mba'e porâvéva
nós nos combatemos uns aos outros,Oroîogûerekó,Ñamboja'o ojuehe
"ah! na verdade hei de me enfeitar, pintando-me de preto",Erĩ! Aûîeté-pakó aîegûak ûinhemoúna,"Ah! añetehápe ajogua va'erã, ajogua va'erã pytã"
é verdade isso!,Anhẽ ûĩ!,Ha'e añete!
banco redondo,apykabapu'a,banco redondo
urinei,Akaruk,Ahepyme'ẽ
"pergunta tu, primeiro",Nde ranhẽ eporandub,"Eporandu nde, tenonderã"
hei de ir contigo hoje,T'asó nde pyri kori,aha va'erã nde rehe ko'ágã
digo que está muito bem,Ne'ĩ a'é,ha'e he'i porãitereiha
a lei primeira,tekó-ypy,Léi peteĩha
fiz que não o conhecia,N'aîkugûabe'ym-a'ubi,Ajapóma ndaikuaáiha chupe
"lentamente, enfim, o homem perde entendimento, sua tosse irrompendo","Mbegûé é ko'yté abá tekokuá kanhemi, iî u'u osororoka","mbeguekatúpe, ipahaitépe, kuimba'e opensa'ÿre, huguy okakuaa"
faço-me estalar as mãos,Aîepó-mopuruk,Aipuru che po
"estrutura de cume, cumieira",apyrytá,Tenda ñembosarái
"sim, hei de ir para onde me mandam mesmo porque eu, em meu coração, assim quero fazer","Îé t'asóne xe mondoápe Memeté ixé, xe py'ape, emonã tekó potá","ha'e, aha va'erã mamo che rembipurúva añetehápe che py'apýpe, péicha ajapose"
o sol certamente brilha após passar a grande noite,"Kûarasy nipó oberá, putunusu kûab'iré",Kuarahy niko omimbipa pyhare guasu ohasa rire
arranca de minha casa a poeira dos pés,Eîpy-tybyrok xe roka,omosãso che rógagui py'a py'a
alimentando-o um pouco em teu seio,I poîa-mirĩ nde kama pupé,omokyre'ỹ haguã nde ryepýpe
ele nunca acaba de completar as roupas nd'e'i ymûanĩ osóbo - nunca acaba ele de ir,Nd'e'i ymûanĩ ahẽ aoba moaûîébo,araka'eve ndojejapói ijao nd'e'i ymûanĩ osóbo - araka'eve ndojejapói oho
"tendo isso que ele disse, seus discípulos tomaram o pão em suas mãos","Aîpó i 'eagûera rerekóbo, semimbo'e-etá miapé rari o pópe",Ha'e ramo hemimbo'e kuery ogueraa jepe vy ogueraa jepe 'rã okuapy.
queimei carvão,Asapy tatapynha,añotĩ yva
tremor de maleita,karasy-ryryîa,ñembyasýi
vem para colocar os malditos conforme nossas palavras,Eîori muru moingóbo îandé nhe'enga rupi,Oúta omoî haguã umi maldición ñane ñe'êre
"o que é azul, o que é verde, o que é roxo",sobyba'e,"mba'épa hovy, mba'épa hovy, mba'épa morotĩ"
eu tenho diarréia com sangue,Xe rebykasy-pyrang,Che py'a ruguy reheve
por que seria que? por que razão haveria de?,mba'e-resémo?,¿Mba'ére piko? ¿Mba'ére piko?
fiz preparativos para receber o inimigo,Anhemosako'i tobaîara resé,Ajapóma preparasión ohasávo enemigo
é bonita vossa terra?,I porangype pe retama?,Iporã piko pende yvy?
"os que estão em maratauá acreditam em minhas palavras, entregando suas almas em minhas mãos","Marataûãme tekoara ogûerobîá xe nhe'enga, xe pópe o 'anga me'enga","umi marata'ápe ojerovia che ñe'ême, ome'êvo ipora'e che pópe"
soltei as peias dos pés dele,Aîpukusamb-ok,Aheja'o ipyti'a ipyti'a
meu pai os inimigos comeram,Xe ruba tobaîara îa'u,Che ru umi enemigo ho'u
hei de ser bom,Xe katupe ká,Aiko porã va'erã
ó pero!,Pero gûe'y!,¡Ajépa!
não vos perceberam,Na pe andubi,ndoikuaái hikuái
que afastemos o diabo agora e para sempre,Anhanga t'îaîpe'a ko'yr aûîeramanhẽ,Jaheja'o haguã aña ko'ágã ha opa ára guarã.
mata,Oîuká,omokã
"por não recear proclamar a fé em deus, os pecadores mataram são mateus","Tupã rerobîara mombe'u posykyîee'yma resé, angaîpaba São Mateus îukáû","ndokyhyjéi rupi omomarandu Tupã rehe ojeroviaha, umi angaipa'ỹva ojuka umi matos"
eu tenho barba ruiva,Xe rendybá-aîub,Che roguã pytã
de modo nenhum os temiminós tiram seus nomes antigos,Nainanĩ temiminõ o erumûana mombó,Ndaipóri mba'eve umi temimo'i omboykeva'ekue ichugui héra yma guare
coisa muito boa é uma grande bebedeira,Mba'e-eté ka'ugûasu,Mba'e porãite niko peteî mba'e porâ.
pode o homem não cuidar de sua esposa?,E'ikatupe abá o emirekó resé oposykyîee'yma?,¿Ikatúpa kuimba'e ani oñangareko hembirekópe?
eis aqui também minhas garras,Kó bé xe pûapẽ,Ko'ápe avei che pyti'a
"ah, sim!",Eẽ hegûé!,Ha ha ha!
isto de novo!,Ang é!,Ko'ã mba'e jeýnte!
interesse pela lei de deus,Tupã rekó resé nhemoryryîa,interés léi de dios rehe
breei-o,Aîkytyk,Aheja chupe
fazendo desaparecer nossa morte,Îandé re'õ mokanhema,Ha'e oipe'a ñande ñemano
em vão crêem em ti,E'i tenhẽ nde rerobîá,Mba'e'ỹre ojerovia nde rehe
eu sou torto,Xe apẽ,Che añembyai
"eram muitos, mesmo, todos os que diziam isso",Setá tenhẽ erimba'e opab aîpó 'îarûera,"Heta, añetehápe, maymáva he'íva upéicha"
eu sou covarde,Xe abang,Che niko kyhyje
prendi-os uns ao lado dos outros,O îoyby-ybyri aîmoín,omboty ojoapykuéri
"hoje, assim, de modo nenhum nos impedem nossa estada","Kori, nã, îandé rekó îandé moarûapa angá","Ko'ágã, upéicha, ndojokóiva ñande rekove"
"oh, será que isto é o diabo?!","Îu, anhangap'ikó ri?!","Oh, piko kóva hína pe mba'epochy?!"
eia! que vás logo! apressa-te!,Ne'ĩ! T'eresó taûîé! Nde apûan!,"Eju, pya'e reho, pya'e reho!"
"por esta aldeia luzir, eu estou junto de vós","Kó taba renyreme, pe pyri nhẽ xe rekóû","Ko táva resape'a, che che ykére"
ponta de galho,sakãpyra,Tape yvyra
"eis que eu amo vossas almas, aformoseando-as, embelezando-as","Xe ikó asaûsu pe 'anga i moaysóbo, i momoranga","Ko'ápe aime pene ánga, che peguereko porã, che peguereko porã"
mandei um homem ir em busca de palma,Aîopûaî amõ abá pindoba resé,Ahenói peteĩ kuimba'e ohóva palmera-kuéra rapykuéri
maldade,angaipaba,Mba'e vai
"que retire as coisas más de minha alma, enchendo-a com seu amor",T'ogûenosem mba'e-aíba xe 'anga suí o poroaûsuba resé i moynysema,"Ohejáva che ánga mba'e vai, omyenyhẽvo mborayhu"
como uma luz de fogo,tatá-endy îabé,Mba'éicha tataindy
nós temos muitas igrejas,Oré tupãoketá,Roguerekóma heta tupao
tu costumas levantar-te diante de teu pai?,Nde pu'amixûé nde ruba pé?,¿Nde reñembo'e va'erã nde ru renondépe?
flechou-me em lugar vital,Xe aépe xe ybõû,Ogueraha che rapykuéri
que coisa buscas?,Mba'e resépe ereîkó?,Mba'e piko rehupytýta?
acompanhante de caminhada,atá-irũ,Jehaipyre
assim ajo conforme meu pai,Xe ruba rupi é emonã aîkó,Péicha ajapo che ru ojapo haguéicha
"arrependeu-se, depois disso, de ter comido aquele fruto?",Oîmoasype a'e riré a'e 'ybá 'uagûera?,¿Oñembyasypa upe rire ho'u haguére pe yva?
conheceu sua autêntica bondade,Oîkuab i marangatueté,oikuaa porãite
hei de te ajudar,T'oropytybõne,Che pytyvõta
eu me derreti,Xe ryku,Che añemonde
o que não se confessa a cada ano,Ro'y îabi'õ onhemombe'ue'ymba'e,Ha'e ndojehechakuaáiva káda ary
faço trejeitos com a boca,Xe îuru-memûã,Ajapóva ñembosarái che juru rehe
"na verdade, hei de enfeitar-me , pintando-me de preto",Aûîeté pakó aîegûak ûiîemoúna,"añetehápe, ajogua va'erã, ambojere pytã"
"argumentei contra suas palavras, em vão",Aînhe'engapypyk îepé,Añe'ẽ vaipaite che ñe'ẽ rehe.
"o que esgota verdadeiramente o cauim, esse é o fazedor de mal","Kaûĩ mboapŷareté, a'e marã monhangara",Ha'e pe omokyre'ỹva'ekue ko'ã mba'e vai.
ajuntamento de taquaruçu,takûarusu-tyba,Taquaruçu ñembyaty
bafejo,Atimbor,ñemby
caminho da carioca,Kariîopiara,tape kariko'a rehegua
entremeei-as,Aîmoîoparab,Añemomombyry ichupekuéra
meu filho!,Xe ra'yt!,Che ra'y!
"concavidade da nuca, depressão na parte inferior da nuca",atuá-pyko'ẽ,"Puepue ñemboty, puepue pyti'a"
"dois ladrões, um à sua direita e o outro à sua esquerda","Mokõî mondabora, i 'ekatûaba koty amõ, a'e amõ i asu koty","mokôi mondaha, peteĩ nde akatúa gotyo ha ambue nde izquierda gotyo"
"companheiro de aprendizagem, condiscípulo",nhembo'e-irũ,"Temimbo'e, temimbo'e"
"não são modos de o honrar a bebedeira, o maltratar seu próximo, atacando-o","Na i moetesaba ruã ka'u, o apixara rerekoaíba, sopenhana","ndaha'éi mba'eichaguápa omomba'eguasu chupe, mbeguekatúpe, ombotuicha hapichápe, ombotuicha chupe"
foram s pedro e são joão,"Osó S Pedro, São João abé",Peteîva Pedro ha peteïva Juan
jesus salvador da gente,Iesu moropysyrõana,Jesús ñande pysyrôha
transgride também aquele o que faz resguardo por causa do parto de sua esposa?,Oîaby bépe aîpó o emirekó membyrara resé oîekuakuba'e?,¿Oñemboykepa avei pe omomemby va'ekue hembirekópe?
"casa que seria, o que seria casa",okambûera,"óga mba'eichapa, mba'eichapa óga"
tenho relações sexuais com ela,Aîkó sesé,Che irũ ndive ajerure
quem mais junto deles foram seus sepultadores?,Abá abépe i pyri i tymbaramo?,¿Máva ambue oĩ hendive umi omombo'éva chupe?
"dormiu demais seu cadáver, estando deitado no lugar em que o puseram?",Okeretápe se'õmbûera o mondebagûerype oupa?,¿Orepy'apypaitepa reñotỹre reñotỹvo upe oñeñotỹ haguépe?
nosso senhor constituiu-me guardião da aldeia,Taba raroanamo nhẽ Îandé Îara xe moingóû,ore karai omoñepyrũ che guárdia táva
ainda hoje apressando-vos para encontrar a felicidade verdadeira,kori bé penhemoanhẽ-anhẽmo tekokatueté pé pegûasemagûama resé,"ko'ágã jepe, pya'e rejuhu vy'apavê añeteguápe"
"assim tratada, uma pessoa certamente chega bem",Emonã serekopyra rakó abá obasẽ-porang,"Péicha oñangareko, peteî tapicha katuete ohupyty porã"
o pecado de um primeiro homem branco foi a causa de sua entrada neste mundo,Oîepé karaíbypy rekoangaîpaba ikó 'ara pupé seîkeagûera,Peteî kuimba'e morotî ypykue rembiapo vai rupive oike ko yvy ape ári.
"não dou ouvidos, não me importo",Na xe apysáî,Ndaikuaái mba'épa he'ise.
ajuntai-vos todos com eles!,Penheŷnhang pabẽ sesé!,¡Peteĩve peñembyaty ha peñembyaty!
vindo com os três reis pela estrela,Mosapy reîá reru îasytatá rupi é,Oguãhẽ mbohapy mburuvicha guasu ndive mbyja rehe
que reparta teu filho um pouquinho de virtude conosco,T'oîmoîa'ok nde membyra tekokatu'ĩ amõ orébe,Nde ra'y ome'ẽta ñandéve peteĩ mba'e porã
vem para me adornar,Eîori xe moîegûaka,ou che moĩmba haguã
"hei de me corrigir, enfim",Anhenonhẽpe ko'yté ká,"Aiko va'erã añembo'e, añetehápe"
"vela bem por mim, mandando que não me façam cair","Ema'enãngatu xe ri, xe mbo'are'ymuká","Egueraha porã che rehe, eñe'ẽ che rehe ani haguã che pyti'a"
tendo falta de um confessor seu,o monhemombe'ûarama resé oîkotebẽmo,ndorekóiva confesor
despejei-o,Asekoabok,Aitypa chupe
fazemos passar as flechas dos malditos,Îamongûá moxy ru'uba,Jaipuru umi mba'e vaiete ja'éva
"com pranto estai, como modo de louvar o que entra junto a vós, como modo de o receber","Îase'o rakó perekó peẽmo teîkeara moetesabamo, i mobasembabamo","Peëme peñembo'e guasu va'erã pe oikéva pende rendápe, peñembo'e porã haguã."
basta! eu estou muito contente,Aûîé! Xe rorybeté,Che vy'aite voi
"ao passar a quarta-feira de cinzas sagradas começa o grande jejum, chamado quaresma","Quarta-feira tanimbukaraíba rasápe, îekuakupabusu Quaresma 'îaba nheypyrungi","ohasa rire arapoteĩ sa'yju marangatu oñepyrũ jepi'ũ guasu, hérava Carmelo"
"urdiste mentiras contra alguém, envergonhando-o?",Eresekyîpe îuraragûaîa abá supé i motĩamo?,"¿Reñembotavypa vaʼekue peteĩ persónape, ha reñembotavypa chupe?"
hei de ir cumprir essas palavras,T'asó aîpó nhe'enga mopó,Aiko va'erã añe'ẽ haguã ko'ã ñe'ẽ
coze o peixe,Emoîyb pirá,ombojuru'u pira
alguns ficavam batendo no peito,Amõ amõ o poti'a resé opûá-pûá,Oĩ opukáva ipype
"como recompensa de seu muito amor a ele, deus levou-o certamente, com seu corpo, para o céu","Ogûaûsukatuagûera repyramo, Tupã ipó serã serasóû seté resebé ybakype","Ha'e rupi, Tupã Ñandejára ogueraha ichupe yvágape, hete reheve."
eu sou agourento,Xe morangygûan,Che añembyasýi
prova que o levas!,Esa'angyne serasóbo,Ehechauka nde rehechaha!
pus-me espertadura,Aîe'atype'a,Añemomýi che apytu'ũre
"filhos de índios, certamente","Abá ra'yra, ipó","Ta'ýra ypykue, añetehápe"
hei de ouvir em vão,T'asendu tenhẽ,Añe'ẽ va'erã che rehe
fico andando à toa,Agûatá-gûatá tenhẽ,Ahasáta che rapykuéri
"arrepender-nos-emos, de coração, dos maus procedimentos",Îaîmoasy marãtekoagûera îandé py'a suíne,Ñambyasy ñande py'aite guive umi mba'e vai jajapo va'ekuégui.
não desobedecem nem sequer um pouco os habitantes do céu à vontade de deus?,N'oîmomarã-mirĩ-angáîpe ybakygûara Tupã remimotara?,¿Mbaʼépa ojapo umi yvágape oikóva?
cubro-o,Aîaso'i,Aheja'o chupe
o que perseguiu o cão de seu próximo,O apixara reîmbaba îagûara remimomosẽgûera,Mba'e omosarambiva'ekue iñirûnguéra jagua
o que é circuncidado,i api'aba'e,mba'épa ojecircuncida
deixa que vá,Te'inhẽ t'osó,Ehejami chupe oho
"mal a gente diz algo, já se irrita","Îeperibe'ĩ asé marã i 'éû, onhemoŷrõ ymûan","Ja'e ramo peteĩ mba'e, ñanemomirĩmba"
"ficai, palermões!","Pepytá, manemusu!","Eguapy, pende pende rapicha!"
obedeces a eles quando te fazem viver no vício?,Eresapîápe tekopoxy resé nde moingóreme?,¿Reñeʼẽrendupa chupekuéra ojapo jave ndéve peteĩ mbaʼe vai?
não beberás hoje o que eu mastigo,Nd'ere'uî xó kori xe remindu'une!,ndere'úiva ko'ágã che pyti'a
arranquei-lhe a casca,Aîpé-'ok,Aheja'o chupe ipya'e
"como um pobre, tomou a casa dos animais de criação como sua pousada",Mba'eîare'yma îabé so'o mimbaba roka ogûâr og upabamo,"mboriahu ramo, oipyhy óga mymba okakuaáva hóga"
santificado seja teu nome,I moetepyramo nde rera t'oîkó,Toñemomarangatu nde réra
"vem para lavar minha alma, branqueando-a","Eîori xe 'anga reîa, i motinga","Ojuhu omopotî haguã che ánga, omopotî haguã"
em terra ele se transformará,Ybyramo i nhemonhangyne,yvy ári oikóta
estavam felizes ao ver-me,Sory-katu xe repîaka,Ovy'a hikuái che rehechávo
meu anzol muito ditoso há de pescar para ti,Xe pindá-porangeté t'opindaîtykyne endébo,che anguja porãite ha'e pe pira nde rehehápe
ficaram todos gritando por causa disso,Oposẽ-posẽ pabenhẽ sesé,Opavave osapukái upe haguére
bem devagar o fiz,Mbegûé-katu aîmonhang,Ipahápe che ajapo
saciei minha vontade de comê-lo,Aî'useî-mogûab,A'erehe che rembipota ha'e'ỹre
"fi-lo estar como forro, alforriei-o",Abaetéramo aîmoingó,"Ajapóva ichupe tapykue, aitypáva ichupe"
"importuna-me bem, irritando-me muitíssimo, aquela lei nova","Xe moaîu-marangatu, xe moŷrõetekatûabo, aîpó tekó-pysasu","Chepy'apy porã, che pochyeterei, upe léi pyahu"
"eia, que estejais alegres","Pene'ĩ, ta pe rory",Ha pevy'a haguã
mandando-os fazer afastar-se logo de suas maldades,I angaîpaba suí i moîepe'aesapy'a-uká,"Ha'e he'i chupekuéra: ""Pemboguejýke pene rembiapo vaikue""."
"alternaste alguns dias de guarda, não entrando na igreja?","Ereîmopa'ũpe 'areté amõ, Tupãokype eîkee'yma?","¿Roguerekómavaʼekue peteĩ día de guardia, ndojoguáiva tupaópe?"
que tenhais medo disso,Ta pesykyîé ianga suí,Pejepy'apy va'erã hese
os homens que roubam mulheres,Apŷaba kunhã ri i mondaba'e,kuimba'e omonda kuñanguéra
"o que alguém acolhe no seu paganismo, no paganismo dele está igualmente?",Og ere'yma pupé abá remipysyrõ oîabé sere'ỹme?,"¿Mbaʼépa ojapo peteĩ kuimbaʼe heʼíva hese, haʼe heʼi: ""Oĩ porãite hína""."
que tenha reparação o teu roubo,Ta sepy nde mondagûera,Oime haguã reparado nde rapykuere
"quais as novidades, por acaso?",Marã-pipó moranduba?,"¿Mba'e mba'e pyahupa, mba'eichagua mba'e?"
por acaso todos os que estavam ali ficaram a injuriá-lo?,Opabenhẽ serã erimba'e a'epe tekoara iî a'o-îa'oû?,¿Oiménepa umi oĩva upépe oñe'ẽ vai hese?
"ataquemo-los, prendamo-los antes que se consolem","Îasepenhan, îaîpysyk i apysyk' e'ymebé","Ñamboty chupekuéra, ñamboty chupekuéra oñondivepa."
"metal vivo, isto é, o mercúrio",itá-ekobé,"metal vivo, ha'éva mercurio"
separamo-nos uns dos outros,Oroîa'ok oré îosuí,jajeheja ojuehegui
eu vivo papeando,Xe nhe'engixûer gûitekóbo,Aiko jepy'apýpe
"caburé, vem correndo para que comamos os inimigos!","Kaburé, îori enhana tobaîara t'îa'u!","Caburé, reho pya'e reñemomemby haguã ñande enemigokuérape!"
antigo jazigo,tupagûera,Ypykuéra ñe'ẽita ymaite guive
"indo, voltei atrás","Aîeby benhẽ, gûixóbo","aha, ahajey"
estou com ele,Irũnamo aîkó,Che ndive hína
"destruiremos a aldeia, como de costume",Îamombá taba îandune,"Ñamboyke pe táva, jepiveguáicha."
fazendo sair de tua alma o que havia no teu paganismo,Nde nhemongaraibe'yma pupé oîkoba'e mosema nde 'anga suí,Eipuru nde py'a reígui upe nde paganismo reheguáva
ide pelas aldeias,Pekûá taba rupi,oho umi táva rupi
guardião dos tapuias,tapuîa rarõsara,Tape'a rerekua
pode certamente para quem o repreenderá,E'ikatu ipó senonhẽndarama supé é,Ikatu añetehápe umi omokyre'ỹva'ekue
pedro foi primeiro,Pedro ranhẽ osó,Pedro oho tenondegua
cavei-o duramente,Asybykoî-atã,Aitypy'aitépe
"ah, bem feito para ele!",Iîá îaby ahẽ mã!,¡Ajépa iporã chupe!
dou roça a pedro,Aîkó-me'eng Pedro,Aheja itape
eu sobrei,Xe rembyrûer,Che apyta
não desisto,Na xe apori,Ndaha'éi ramo jepe
o que está no mar,paranã pora,mba'épa oĩ marpe
pertinho certamente ele está,Mbypeteĩ ipó ahẽ rekóû,Añetehápe ha'e
"que entres no meu coração, guardando bem meu interior","Xe nhy'ãme t'ereîké, xe py'a moingatûabo","Nde reike che korasõme, nde reñangarekóvo che py'a guýpe"
eu não levanto a cabeça,Na xe 'aîubyri,Che ndajapói che akã
eu me calei,Xe nhe'endok,Che apyta
é muito má a vontade destas vossas presas,I angaîpab-eté kó pe rembiá potasaba,Mba'e vaipa ojapóta umi pende rapicha kuéra.
em sua cabeça batendo com aquela cana,I akanga resé a'e takûara reropûá,nde akãre oity haguã upe yvyra
"talvez seja o anjo, guardião verdadeiro desta aldeia","Karaibebé serã, kó taba rarõaneté","Ikatu hína pe ánhel, pe guárdia añetéva ko távape."
"no seu próprio ombro levanta a cruz de fraqueza, jesus fá-la cair consigo","O ati'yba ri krusá osupi Membeka suí, Îesu sero'ari","Nde apyka ári rehupi kurusúre ne mboriahu, Jesús omboguejy ne ndive"
uma coroa de espinhos enroscados,-Mba'epe onong i akanga 'arybo? -Îuatĩ-apapûara apynha - Que puseram sobre sua cabeça?,peteĩ corona ñandy oñembosaráiva
nem por isso eu vou para longe,Naroîaî mamõ xe sóû,Ndaha'éi upévagui aha mombyry
"conta todos os teus pecados, sendo forte",Eîmombe'u pakatu nde angaîpagûera nde ratãngaturamo,"Eñe'ẽmba'e nde angaipa reheve, nde py'aguapýpe"
lua minguante,îasy-angaîbara,jasy sa'i
"por isso mesmo, o que os agrada em alguma coisa transgride a palavra de deus",Nd'e'i te'e mba'e amõ resé i moîekosupara Tupã nhe'enga abŷabo,"Upévare, mba'e mba'e porãguipa ohayhu hikuái, omboyke Tupã ñe'ẽ."
para o desaparecimento dos vestígios da transgressão da palavra de deus,Tupã nhe'enga abŷagûera rakypûera kanhemagûama resé,ombotove haguã umi mba'e vai Tupã ñe'ẽ reheguáva
as estrelas bem longe se escondem,Îasytatá kûepe é i nhemimi,Mbyja mombyry ohejáva
"quando a gente se batiza, põe seu próprio entendimento?",Asé îemongaraíme o 'ara moíni?,"Reñemomba'eguasu jave, reñemomba'eguasu ndejehe?"
meu igual,xe arõana,Cheichagua
os muitos judeus junto à cruz,îudeus-etá cruz robábo,umi judío hetaitéva kurusúre
longamente eu o estive fazendo,Ipuku xe rekóû i monhanga,Heta ára ajapo
o próprio deus distinguiu o padre como seu substituto,Tupã é abaré oîmoîa'ok gûekobîaramo,Tupã Ñandejára voi omomba'e guasu pa'ipe ha'e omoirũ haguã ichupe.
os cabos são brancos,Yba ting,Umi cable-kuéra hovy
como assim? diante de uma madeira a gente faz reverência?,Marã? Ybyrá supé nhẽpe asé îerokyû?,"¿Mba'éicha piko, yvyra renondépe, ñañembo'e?"
hás de confessar primeiro tua atração por eles,Sesé nde nhemomotaragûera ranhẽ t'ereîmombe'u,Reñemombe'u va'erã rehayhuha chupekuéra.
"algum tanto, um pouquinho",angaîbĩ'ĩ nhote,"Peteî mba'e, peteî mba'e"
ficaste dono daquilo que alguém esqueceu?,Ereîpysyrõpe abá resaraîagûera?,¿Reñeme'ẽpa peteĩ mba'e reheve ojehejáva?
aguço-a,Asapûa'ok,Aipuru chupe
"lugar em que dormem os japuguaçus, também antigo nome da ilha de santana, da cota leste do brasil",îapugûasu-kesaba,"Yapu'aguakuéra ho'ahápe, héra yma guare Santa Ana retã, costa oriental Brasil-pe"
como diz o último dos mandamentos da santa madre igreja?,Marã e'ipe Santa Madre Igreja asé rekomonhangaba mondykaba?,Mba'éichapa he'i pe mandamiénto paha Santa Madre Iglesia ome'ẽva?
fazendo levar imediatamente para o céu os que resgataram bem seus pecados ainda neste mundo,Ikó 'ara pupé bé o angaîpagûera repyme'ẽngatusarûera ybakype aûnhenhẽ serasó-uká,omotenondévo yvágape umi ojesalva va'ekue hembiapo vaikue ko yvy ape ári
não trouxe nem mesmo um só,Oîepé tiruã nd'aruri,ndahupytýi peteĩnte
segurei-o fortemente,Aîpysyk-atã,Aipytaso mbarete
não,-Oîporará bépe mba'e amõ a'epe oîkóbone? -Aani xûéne - Sofrerão ainda alguma coisa aí vivendo?,Ndaipóri
e a aproximação do parto de uma grávida não é causa de se ter medo também?,"A'epe muru'apora membyrasy kakara, na nheangûaba bé ruã?","ha pe mitãkuña imembykuéra oguahẽvo, ndojekóiva avei kyhyje?"
"caem, às vezes, os frutos de suas árvores",Okuî rakó amũme 'ybarambûera o 'yba suí,sapy'ánte ho'a hi'a yvyramáta
"desatinado, sem juízo, enlouquecido, maníaco",angaingaibora,"hasýva, iñarandu'ỹva, iñakã ratã, maníaco"
quem faz louvar o nome de deus?,Abá-abápe Tupã rera oîmoeté-ukar?,¿Mávapa omomba'e guasu Tupã réra?
três são as potências de nossa alma a respeito das coisas,Mosapyr ma'e resé asé 'anga 'ekatuaba,mbohapy hína ñane ánga pu'aka umi mba'e reheguáre
tenho desgosto por o ter levado,Arasó tieté a'é,Che py'a vai che akãre.
"esse santo a vida de seu mestre escreveu para nós, deixando-a","Kó santo o mbo'esara rekopûera erimba'e oîkûatiar îandébo, seîá","ko marangatu hekove ha'e imarangatúva ohai ñandéve, oheja"
"por isso mesmo o homem, com a virtude, dá asas a si para voar",Nd'e'i te'e abá tekokatu pupé onhemopepóbo o beberama resé,"Upévare yvypóra, heko joja reheve, ome'ẽ ipyti'a ohóvo"
"vais, neste dia","Eresó, kó 'ara ri","reho, ko árape"
hei de cumprir tuas palavras,T'aîmopóne nde nhe'enga,Ajapóta nde ñe'ẽ
que ele se compadeça de mim,Ta xe raûsubar,Ha'e oiporiahuvereko che rehe
quatro são as virtudes cardeais,Quatro tekokatu-ytá,irundy ha'e umi virtudia cardinal
acendemos o fogo,Tatá îaîmondyk,Ñambohapy tata
realizar-se-ão futuramente,I por irãne,oikóta ko'ã ára pahápe
mas eu me esqueci completamente,Xe resaraî-te-katu,ha che amomandu'aite che rehe
o que se preocupa com deus,Tupã resé o nheangerekosara,mba'e mba'e mba'e Tupã rehe ojeroviava
vós me matais,Xe îuká peîepé,Peë che moingove
"caburé, vem correndo!","Kaburé, îori enhana","Caburé, ou pya'e!"
voltou a viver dos que morreram,Omanõba'epûera suí sekobeîebyri,oikove jey umi omanóva apytépe
de meu pesado sono despertando-me,Xe keranama mombaka,Che py'a potĩgui amoingovevo
topo da escada,mytamytá-ypy,Yvateve'ỹva
pelos campos,nhũbo,Yvotyty rupi
"o que vê o furto de alguém, sem se importar",Abá mondarõ osepîakĩba'e,"ohechávo oïha hapicha rapykuéri, ndojepy'apýi"
creio na repartição das virtudes dos santos,Arobîar santos rekokatu nhemoîa'oîa'oka,Che arovia umi santo rembiapoukapy oñeme'ẽvo
paguei-o,Asepyme'eng,Che aguereko chupe
manuseio-o,Aîabyky,Aipuru chupe
com sua própria filha ninguém se casa,O aîyra resé abá n'omendari,Mitâkuña ndive avave ndopytái
"batendo numa mulher grávida, matando o bebê dela","Kunhã muru'abora resé opûá, pitanga îukábo i xuí","ombotavy kuña hyeguasúva, omboty imemby"
tirei minha roupa,Aîo'ok xe aoba,Ahejáva che ao
saiu para o pátio chorando muito dolorosamente,Osem okarype oîase'oasykatûabo,Osê okápe hasy asy asy asy
o que tem a bem-aventurança é o que é manso,Tekokatu-eté rerekoara onherane'ymba'e,Mba'e porãva ha'e mba'e ipy'aguapýva
"indo, eu me escafedo",Xe rebinhỹ gûixóbo,"aha, ajerure"
vem para destruir o maldito,"Eîori, muru mombapa",ou omombyta haguã pe ñuhã
pegou-se fortemente sua roupa às suas chagas?,Oîaratã serã i aoba i moperé-perebagûera resé?,¿Oñemboja'o vaipa umi ao rehe?
ainda mais pedro,Pero angabatene,ha'evéva ita
"após lançar fora de seu meio os vícios, o homem não os faz voltar consigo para seu meio, dispersando-os","O koty suí mba'epoxy reîtyk'iré, abá nd'ogûeroîebyri o kotype, i mosãîa","Oity rire umi mba'e vai ijypykuégui, ndojapói ichupekuéra, ha omosarambi ichupekuéra."
não sou eu que vou,Na ixé ruã asó,ndaha'éi che aháta
nariz achatado,tĩmbeba,mbyja'i
mas livra-nos do mal!,Oré pysyrõ-te mba'eaíba suí,¡Ha eñongatu ñanembyai va'ekuégui!
"da mesma forma, a morte também entrou como componente deste mundo",Te'õ abé reîkéû ikó 'ara poramo oîá,"Upéicha avei, ñemano oike avei ko yvy ape ári."
por ocasião de um dia santo foste para longe?,Tupãneme nhẽpe eresó kûepe?,Peteĩ ára marangatu jave reho mombyry?
"assim, na verdade, eu determinei",Emonã nakó xe rekopotari,"Upévare, añetehápe, ajedesidi"
já ia,Osó ymûã,Ha'e va'ekue
aljava de ferro,itá-u'uburu,mba'e'okápe
eu lhe pélo o couro cabeludo,Aî'apir-abo'o,Che apysã che py'a.
antes de sua velhice,o tunhãba'e e'ymebé,ha'e mboyve iñakãrapu'ã
confessar-se a cada ano,Seixu îabi'õ nhemombe'u,omoañete jeývo ary
amamentando seu neném,i pitangĩ mokambûabo,omomemby haguã imemby
"eu sou cristão, eu sou virtuoso","Xe cristão, xe karaí","Che niko kristiáno, che niko hekojojáva."
eu estou embasbacado,Xe rembeirĩ,Che apyta vaieterei
como se eu fosse,Xe só îarameté,Ha'ete ramo che
diabo mau,anhangaíba,Mba'e vaiete
segundo a vontade de deus,Tupã remimotara rupi,Tupã rembipota háicha
"algumas poucas vezes, algumas vezes, somente",amõme é,"sapy'ánte sa'i, sapy'ánte,"
torci-o,Aîpepyr,Ajerure chupe
eu não sou grave nos meus atos,Na xe rekoposyî,Che nda'éiva'ekue ivaíva che rembiapokue
por acaso trouxeste muitas coisas?,Ereruretá serã?,¿Ore piko rehupyty heta mba'e?
ajuntamento de pedras,itá re'yîa,Kuatiarogue ipyahúva
mas quem há como eu?,Abá-tepe oîkó xe oîá?,¿Máva piko cheichagua?
fazendo zombaria diante dele,Sobaké o memûãnamo,omomba'e guasu ichupe
bordei-o,Asemberung,Aipuru chupe
eu tenho estatura elevada,Xe îeysá-puku,Che niko tuichaiterei.
eu tenho lágrimas gotejantes,Xe resa'y-tykyr,A'erehe che rory oity
"coisa enlameada, porco!","Mba'e-u'uma, taîasu!","Mba'e ñuhã, porcín!"
eis que aqui estou para te procurar,Kó xe rekóû nde reká,Ko'ápe aime aheka haguã ndéve
"e o que tem excitação por sua amante, que acontece?","A'epe o agûasá resé segûyrõba'e, marã?","ha upe oguerekóva emoheñóiva hembireko rehe, mba'épa oiko?"
"portanto, prendo-te!",Irõ oropokosub!,"Upévare, apyta nde rehe!"
emergi como que do fundo,Ypy suí berame'ĩ abur,Aike ramo che ykére
"descendo com seus choros, indo com seus gritos","O îase'o rerogûeîypa, ogûasẽ-gûasema rerasóbo","Ahasávo hasẽvo, ahasávo osapukáivo"
para bem pagarmos nós a transgressão da palavra de deus,Tupã nhe'engabŷagûera îandé i moepykatûagûama resé,Jahepyme'ẽ haguã Tupã ñe'ẽ rehe ja'e'ỹre
saí em fuga,Asem îepé,Aheja okápe
rangem-me os dentes,Xe rãî-ngyrỹî,Che ryrýi che ryrýi
a todos os que assim vivem nosso fogo convém,Opá emonã tekoara îandé ratá îaîarõ,Opavave oikovéva péicha ñande tata iporã
com sua própria neta não pode ninguém casar-se,O emiminõ resé nd'e'ikatuî abá omendá,ne membykuña ndive avave ndaikatúi omenda
os que se compadecem de nós,îandé poreaûsubokara,Umi ñande poriahuverekóva
"os que, de nós, são maus são os que não fazem nesta terra a vontade de deus",Asé i angaîpaba'e ipó ikó ybype Tupã remimotara n'oîmonhangi,Umi ñande apytépe iñañáva ha'e umi ndojapóiva ko yvy ape ári Tupã rembipota.
está diante de mim,E'am xe reseî,Oime che renondépe
confessa-se alguém antes de ir à guerra?,Onhemombe'upe abá gûarinĩ-namo o só îanondé?,¿Oĩpa peteĩ ojeroviáva oho mboyve ñorairõhápe?
não quero ir para longe,N'asó-potari mamõ...,Ndaipotái mombyryve
"o que tem fome, o faminto",i ambyasyba'e,"ho'u'ỹva, ho'úva"
ide depressa!,Pekûá esapy'a!,Eju pya'e!
era eu,Ixé raka'e,Ha'e va'ekue che
seus antigos companheiros dei aos índios,Irũmbûera aîme'eng abá supé,iñirûnguéra yma guare ome'êva'ekue umi indio-kuérape
"mas quem, outrora, como vossas coisas os índios deu?","Abá-tepe, erimba'e, pe mba'erama resé apŷaba me'enga'ubi?","Péro mávapa, yma, mba'éichapa umi indio ome'ẽ umi mba'e?"
estando eu junto de ti,Nde pyri gûitekóbo nhẽ,Che reime ramo nde ykére
"pela estrela que os guia, como a que mostra o caminho",Îasytatá serekoarama resé pé kuabe'ẽsaramo,"ha mbyja reheguáva, ohechaukáva tape."
ficando a experimentar poções,Mosanga ra'ã-ra'anga,Oñeha'ãrõ poción
"ah, oxalá futuramente eu seja um pouquinho melhor!",Xe angaturã be'ĩ temõ erimba'e mã!,"ah, ohasávo ára che che porâvéta!"
"por aí, por ali, por esse lugar",eboûĩ rupi,"Ko'ápe, ko'ápe, ko'ápe"
eu sou um homem soberbo,Abá-porerobîare'yma ixé,Che niko kuimba'e porâite
é medianamente grande,Turusu-nhota'ubĩ,tuichaiterei
sua mãe afável também arranca a ferocidade dele,I xy-îerekûaba abé oîo'ok i abaeté,isy porâva avei omokyre'ÿ chupe.
com alegria honramos este dia,Tesãîa pupé kó 'ara îaîmoeté,Vy'ápe ñamomba'e guasu ko ára
fizeste sexo com uma mulher com alguém observando-o?,Ereîkópe kunhã resé abá remiandubamo?,"Reñemongeta vaʼekue peteĩ kuñakarai ndive, peteĩ ohecháva?"
nosso criador fazes estar contigo em teus braços,Îandé monhangara nhẽ erenoĩ nde îybápe,ñande apohare reñemoĩta nde pópe
o que retribui verdadeiramente o amor de deus a si,Tupã o aûsuba poepykareté,Ha'e añetehápe omyengoviava'erã Tupã mborayhu
desenrolei-o,Aîorab,Aipuru chupe
"visitaste o covo de alguém, arrancando seu conteúdo?",Ereîosubype abá îeke'a i poroka?,"Reho va'ekue peteĩva'e yvotytýpe, reñemomombyryva'ekue ichugui?"
ficamos golpeando um ao outro,Oroîoapi - Golpeamos um ao outro Oroîoapi-api,roñemboja roñemboja roñemboja roñemboja roñemboja roñemboja roñemboja roñemboja roñemboja roñemboja roñemboja roñemboja roñemboja roñemboja roñemboja roñemboja roñemboja roñemboja roñemboja roñemboja roñemboja roñemboja roñemboja roñemboja roñemboja roñemboja roñemboja roñemboja roñemboja roñemboja roñemboja roñ
morreram todos,Omanõ-mbá,opavave omano
"eia, amarrai os malditos!","Pe'ĩ, peîpûá muru!",¡Eñemboja'o umi mba'e vaiete!
ponteiro da escola,nhembo'esaba kuabe'engaba,mbo'ehao pukarã
movimento-me,Akué,aha aha aha aha
deram-lhe de beber?,-Oîmo'y'upe gûá?,¿Oñeme'ê chupe peteî y rembi'u?
não querem que vos toquem,Pe atõîa n'oîpotari,Ndereipotái ojepysóva
vaso de estanho,itaîy-kamusi,yva pytã
"ah, sim! ah, já entendi!",tó eẽ,"Ah, añete! ah, añetegua!"
"foste para revistar os covos de água doce de alguém, tomando seu conteúdo?","Eresópe abá îeky-'ye'ẽ supa, i pora rá?","¿Reho va'ekue reñekuave'ẽ haguã avave y potĩgui, reñemohenda haguã umi mba'e oĩva ipype?"
"hei de ir para onde me mandam mesmo porque eu, por vontade, assim quero fazer","Îé t'asóne xe mondoápe Memeté ixé, xe py'ape, emonã tekó potá","aha va'erã che rendápe añetehápe che, che py'aite guive, péicha ajapose"
amo pedro por amar a seu pai,Asaûsub Pedro og uba raûsume,Ahayhu itúva rayhúgui
eu sou mal-encarado,Xe robasy,Che niko che mba'e vaiete
a maldade de suas palavras,o nhe'enga poxŷagûera,iñe'ẽ vaiete
em teu nome guardo-me,Nde rera pupé anhenong,Nde rérape che peguereko
"quereis que eu solte para vós a jesus, vosso rei?",Peîpotápe Îesus pe rubixaba ixé i mosema peẽme?,"¿Mbaʼépa peipotáke che amosãso peẽme Jesúspe, pende Rréi?"
que eles sofram junto dos malditos!,Ta sasy muru supé!,Ha'ekuéra ohasa asy umi ñembyasýpe.
não se cansam de rezar a deus,N'oîeruré-pytubari Tupã supé,ndokyhyjéi oñembo'e haguã Tupã Ñandejárape
senhor jesus,Pa'i Îesu,Karai Jesús
com ele,ahẽ pabẽ,hendive
veio logo detrás de mim,Xe atuaî bé turi,Oguata che rapykuéri
vamos hoje para trazer alguns assim desse jeito,Emonã nungara amõ t'îasó kori seru,Jaha'éta ko'ágã ñambyaty haguã heta mba'e péicha
ele dará para mim minha aflição,A'e xe rekotebẽsaba oîme'eng ixébene,Ha'e ome'ẽta chéve che ñembyasy
já afastei dessa maneira minhas maldades,Aîpe'a umûã emonã xe angaîpaba,Péicha ajerure che mba'e vai
"invocaste em vão o nome de deus, mentindo, sabendo ser mentira?","Eresenõî tenhẽpe Tupã rera, nde îuraragûaîamo nhẽ, îuraragûaîamo sekó kuapa?","¿Reñembotavy piko Tupã réra rehe, reikuaa ramo jepe añeteha?"
cobriste tua esposa quando sucedia o sangue dela ?,"Ereîopykype nde remirekó, sugûy sekóreme?",¿ Reñemboja nde rembirekópe ohasávo hembi'u ?
amai vosso criador,Pesaûsu pe monhangara,ahayhu pene apohare
o fraco que convido para comer,xe remipoîmembeka,Pe mboriahu che pytyvõva'ekue ho'u haguã
eis que estou à vista de deus,Tupã resápe ã xe rekóû,Ko'ápe añe'ê Tupã renondépe
lembra-te de mim!,Nde ma'enduá xe ri!,Emomandu'a che rehe!
arei-o,Asyby'ab,Aheja chupe
a morte é o que separa os verdadeiros cônjuges,Te'õ a'e mendasabeté mombo'isaramo,ñemano niko omboja'o umi omendáva añeteguápe
pus-lhe penas,Aîpepó-moín,Aipuru chupe pluma
barqueei as pessoas,Aporero'yasab,Aiporavo umi héntepe
grande é meu cansaço,Turusu xe kane'õ,tuicha hína che ky'a
eu tenho uma grande grenha,Xe 'abebogûasu,Che areko peteî granja tuicha
atravessar a água elimina a sujeira dos pés,Y aé rasaba mby ky'a îaîmomemûã,Ohasávo y remimbipa'ũ py'águi
prendi-os um ao lado do outro,O îoybyri aîmoín,Pemboja'o ojoajuhápe
tu te enfureceste por causa de alguém?,Nde marãmotarype abá resé?,¿Nde reñembyasy vaʼekue avavére?
eu sou bem feito,Xe aysó,Che niko che reko porã
quem são os que rogam a deus por nós?,Abá-abápe asé resé Tupã mongetasaramo sekóû?,¿Mávapa oñembo'e Tupã Ñandejárape ore rehehápe?
tive filhos gêmeos,Xe membykõî,Aguereko mitã michĩmi
"por isso mesmo os malditos se alegram por causa deles, fazendo disputa por eles","Nd'e'i te'e moxy sesé og orybamo, sesé oîomoaîuabo","Upévare umi maldiído ovyʼa hesekuéra, ha oñorairõ hesekuéra."
"a dança é que é boa, enfeitar-se, untar suas penas","Moraseîa é i katu, îegûaka, sa-mongy","jeroky iporãva, oñemomorã, omopẽ ipoguýpe"
"por aí, por ali",eboûinga rupi,"Ko'ápe, ko'ápe"
que sejam muitos os meus nomes!,Ta setá-katu xe rera!,Hetaite che réra!
amarrei-o pelos pés,Aîpukusãmoín,Ajerure chupe che py'a rehe
"aqui alguém está, certamente",Ké abá rekóû anhẽ,"Ko'ápe oĩ, añetehápe"
"lembrai-vos do que se sofre no inferno para que, de modo nenhum, pequeis",Penhemoma'enduá Anhanga ratápe i porarapyra resé ta pe angaîpab umẽngatutenhẽ,Pehẽ reheve pehendu pe ñehundi'ỹva.
"e os rapazes que perseguem mulheres, querendo escravas bem nas casas de cristãos?","A'epe kunumĩgûasu kunhã oîmomosemba'e, miaûsuba potá nhẽ karaibokype-katu?","ha umi mitãrusu ombotuicha kuñanguéra, oipotava'erã tembiguái porã umi kristiáno rógape?"
a bela proclamação de sua mãe afligiu-me muito,I xy mombe'u-poranga xe moingotebẽngatu,Nde sy ñe'ẽ porãite che py'a potĩ
"pelos montes voando, fui para fazer pecar os tupis","Ybytyrybo gûibebébo, asó tupi moangaîpapa","yvyty rupi oveve, aha che py'a potĩ haguã tupípe"
isso é o que é destinado a mim,Xe resendûara ebokûea,Upéva niko ojehupytýva chéve.
eu estou maleitoso,Xe karasy,Che añandu vaiha
eu estou calombento,Xe asur,Che añembo'e vai
"lugar de se abrigar da água, barra de porto",y-mbîasaba,"Y rembe'ýpe guarâ, y rembe'ýpe guarâ"
"palavras grosseiras, de zombaria",nhe'ẽ-memûã,"Ñe'ẽ vai, oñembohoryva"
"o próprio céu é o que deus prepara para nós, lugar em que bem coloca nossa felicidade futura","Ybaka aé Tupã îandé resé i nhemosako'îaba, îandé mba'ekaturama nongatûaba re'a","yvága voi ha'e Ñandejára ojapótava ñandéve guarã, upe tenda omoĩ porãhápe ñande vy'apavê tenondegua."
pagaste aquilo que tu usaste?,Eresepyme'engype nde remiporupûera?,¿Reiporúva piko pe nde rehecha va'ekue?
vai fartando a mim,Seby-sebykĩ ixébo,Ha'e che py'a potĩ
fininho,po'i'i,mbovymi
não há como passar por mim para os que caminham,N'i tybi xe rasapaba ogûataba'e supé,Ndaipóri mba'eve che rapykuéri oguatahápe
sinal de golpe com pedra,itá-pora,"Kuatiarogue ojoajúva "" 'Peteĩ "" ' rehe"
reprimir o desejo de coisas más,Mba'e-aí-potara renonhena,ñamboyke mbaʼe vai rembipota
"haveis de vos consolar muito futuramente, após acabar a batalha",Ta peapysyketé irã marana pab'iré,"Oiméne peñembopy'aguapyta heta ára rire, ñorairõ opa rire."
logo o viu,Koromõ sepîaki,ha upepete ohechapa
três dedos dos pés,mosapyr mysã,mbohapy py'a
disse isso conhecendo o futuro esmagamento dos habitantes daquela cidade chamada jerusalém,Akûé tabusu Îerusalém 'îaba pora mombebaûama kuapa nhẽ aîpó i 'éû,He'i péicha oikuaágui Jerusalénpe oikótava.
