source,target,prediction
Kapi'i sosé kó tuî,eis que sobre o capim ele está deitado,O velho ficou quieto
Xe apar,eu sou aleijado,Aparência
xe rapixara,meu parceiro,xe rapixara
Opyk amana,cessou a chuva,Descanse
A'e roîré ko'yté i koty obaka onhe'eng-abaetéramo,"depois disso, finalmente, volta-se em direção a eles, falando muito terrivelmente",Eu disse que nós estaríamos no quarto quando a porta estava fechada
Na xe pûasabi,eu não tenho com que bater,Na xe pûasabi
Tekatunheté rakûé endé hegûy!,"ah, que enfadonho és tu, de fato!",Que poder de grandeza esteja em seu coração!
"Sesapysopûera kanhemi, iî apysaká oîe'obo","sua vista aguda desaparece, tapando-se seus ouvidos","Seja o que for, não há nada"
Aîpó tekó-pysasu abá serã ogûeru?,"aquela lei nova, quem será que a trouxe?",Será que a vida humana será a sua?
Kó santo o mongetasara oîmoîekosub i mba'e i kanhẽmbyra koîpó semiaûsuîababa supé,este santo faz aquele que a ele roga alcançar suas coisas sumidas ou seu escravo fugido,Santo o mongetasara vai ter substituição de sua casa de banho no dia seguinte
Moroún-mbyry nakó,"eis que estava de cor um tanto preta, certamente",Moroún-de longe não
yby-'ama,terra levantada,Yby-'ama
Anhemosaraî,brinco,Eu vou desistir
O a'yra marãbirĩ sekóreme senonhene'yma,não corrigindo seu filho quando ele estiver no mal,O filho de dois filhos foi semelhante ao de um filho
Marangatuba'e santos ybakype Tupã remieroîeoîa setá,os beatos e os santos que deus faz ir consigo para o céu são muitos,Santa Cruz de Santa Cruz de Santa Cruz de Santa Cruz de Santa Cruz de Santa Cruz
"Akûeîme, i apyrasapa, xe nde moingosaba é","outrora, passando por cima dela, eu fui causa de te fazer agir","No dia, se eu fizer, se você fizer isso"
Oîeîyîpe a'e o boîá mosapyr suí a'ereme?,"afastou-se daqueles seus três discípulos, então?",Será que eu vou fazer um booba de mosapyr suí?
T'oú îandé pytybõmo xe rybyra,que venha para nos ajudar meu irmão mais moço,O seu irmão é um negro
Oîoîabenhẽpe tekokatu resé o a'yra moingoagûama ri i nhemosaînanyne?,igualmente se preocuparão em fazer seus filhos estarem na virtude?,Será que a vida é diferente ou já está em curso?
Nde kunhã'ype?,tu tens namorada?,Na tua cara?
Eroîyb ahẽ supé,descarrega-a a ele,Eu vou para o supé
I mara'a tenhẽ,eles estarão muitíssimo doentes,A sua maraça começa
Xe gûa'a-gûa'a,"eu estou inchado, eu tenho calombos",Xe de caça-caça
Gûinhe'enga abé,em eu falando,Gûinheenga abé
gûabiru rupîara,"armadilha de ratos, ratoeira",cama de abelha
I pupé 'y anhẽ monhangi kaûĩnamo o sy îeruresaba rupi,"nele a água transformou em vinho, de acordo com os pedidos de sua mãe",O filhote de monjeiro foi morto por sua mãe
Aporomoebykatã,empanturrei as pessoas,Eu me esforço
Xe îuru-îaî,eu tenho a boca aberta,É um pouco mais
Urubu mba'enema 'arybo nhemoîereba îabé,como o revolutear de um urubu sobre coisas fedorentas,Urubu tem 'árbio' em sua boca
Xe rekoporeaûsub,eu sou molengão,Xe de coragem
Marãpe a'e semienosegûama rekóû a'epe?,que faziam aí os que ele faria sair consigo?,Como é que eu já estou semisseguro na minha vida?
Aîkó sesé,tenho pendências com ele,Eu tenho seis
"Ne'ĩ, taûîé, xe reîyîa","eia, depressa desviando-me","Não, povo, não, não, não, não, não, não, não, não, não, não, não, não, não, não, não, não, não, não, não, não, não, não, não, não, não, não, não, não, não, não, não, não, não, não, não, não, não, não, não, não, não, não, não, não, não, não, não, não, não, não, não, não, não, não, não, não, não, não, não, não, não,"
Kokoty paranã aé rame'ĩ o abaetéramo erimba'e gûekoagûera sosé,"e por outra parte, semelhantemente, o próprio mar será mais terrível do que era seu costume",Coração paraná para nos acalmarmos ou nos afetarmos
Serenduba rupibé amongoty xe nhemimi,"tão logo ao ouvir o nome dela, em outra parte eu me escondo",Serenduba rupibé desabou em xe nhemimi
ypyasoara,o que vai buscar água,primeira-feira
Xe ku'aî arekó,tenho-o na cintura,Tenho pele
"Ma'ẽne, tupinambá Paragûasupendarûera opakatu îamombá","olha, arrasamos todos os tupinambás que estavam no paraguaçu","No dia seguinte, a paraguaya subpendarou que a cidade de Paragüasupendarûra seja destruída"
Oú ramõ nde resé,veio novamente por tua causa,Quando você chegou
Oîmoín-y bépe Pilatos o nhe'enga îudeus supé?,dirigiu de novo pilatos sua fala aos judeus?,Será que Pilatos ou os judeus supê foram assassinados?
mbegûé-katu,"brandamente, suavemente",de um lado para o outro
Marã-marãpe Santíssima Trindade rera?,quais são os nomes da santíssima trindade?,"Na Igreja, a Santíssima Trindade é a única fonte de vida?"
Oîaby rakó abá rekó xe retama,"é muito diferente, de fato, a morada dos homens da minha residência",O que é que é o que é o que é o que é o que é o que é o que é o que é o que é o que é o que é o que é o que é o que é o que é o que é o que é o que é o que é o que é o que é o que é o que é o que é o que é o que é o que é o que é o que é o que é o que é o que é o que é o que é o que é o que é
A'e anhẽ mosapyr pessoaamo i îa'oki,"eles, na verdade, em três pessoas se distinguem",Eu dou-lhe um pouco de sabedoria se pessoa seu banho
Ereîopûaîpe nde remirekó kunhã resé?,mandaste tua esposa ir em busca de mulheres?,Você disse que sua esposa não tinha nada a dizer?
Abá sosé pabẽ i momorangi,acima de todas as pessoas embelezou-a,Abá sosse paê seu morangi
Marã serã ture'ymi?,por que será que ele não vem?,Será que será um pouco?
Tuba i moingoaba se'õ a'e i aîarõ,parece bem que sua morte fosse a finalidade com que seu pai o fez viver,Tuba e moingoaba se eu fosse e eu esperasse
T'aroŷrõ tekomemûã,que deteste a vida má,A vida é uma vida de esperança
"Peteumẽ, pe poxyramo angiré",guardai-vos de serdes maus doravante,"Em primeiro lugar, o poxyrye do angire"
Mosaûsuba rerobîasara,os que acreditam em sonhos,Mosaûsuba em direção a
N'aîpotare'ymi,não o deixo de querer,Não quero muito
sa'ang-ypŷabo,começando a pronunciá-lo,cor-de-cabeça
Santa Maria seryba'e,a que tem nome santa maria,Santa Maria seryás
Oporoerokyba'epûera nd'e'ikatuî omendá o emierokûera resé,o que batizou não pode casar-se com aquela que batizou,Dançarina não consegue casar ou cantar
"Ambyasy, 'useîa, kane'õ, mba'e tetiruã porarábo îandé resé","fome, sede, cansaço, quaisquer coisas sofrendo por nós","Desculpem, 'usina, luz, que tal tal delicioso ter sido o meu"
Aîmonarang,arrombei-o,Eu sou um homem
Ogûenduparûera supé o nhe'enga rekobîarõmo,sustituindo suas palavras para os que o ouviram,O que se passa quando se espera
"Té, aûîé-katutenhẽ!","ah, excelente!","chá, sol-quente!"
nha'ẽpesẽ-uba,"cinzas do alguidar, cinzas da bacia",não grite
ygá-pukuîtara,remador de canoa,casa-puku
itá-oka,casa de pedra,pedra-cabeça
Abá 'angûera amõ soe'ymi ybakype erimba'e?,não ia para o céu outrora a alma de nenhum homem?,Será que 'a minha mãe está com um pouco de sol no chão' para você?
Amõ îudeu-tuîba'e i tymagûera kuabe'engi,um certo judeu velho mostrou o lugar em que ela fora enterrada,O local onde se encontra a sua família é o centro de conhecimento
okena motakaba,fecho da porta,chove de molho
Ta xe maran umẽ i gûabo,"que eu não adoeça, comendo-o",Taxe maran em seu gúbo
Aroker xe ra'yra,fiz meu filho dormir comigo,Filho de Aroker xe
Xe posé i keri,dormiu comigo,Xe posé i keri
Opabenhẽ serã erimba'e a'epe tekoara iî a'oîa'oû?,acaso todos os que estavam ali ficaram a injuriá-lo?,Será que você vai me dizer que o tempo é muito ruim?
Marã oîkóbo-tepe asé Anhanga rembiaûsubamo sekóû?,mas procedendo de que modo se está como amigo do diabo?,Será que o Reino Unido vai continuar a fazer o seu trabalho?
Ereîmborype nde angaîpagûera resé nde ma'enduasaba?,tiveste gozo com tuas lembranças de teus pecados antigos?,Você está a falar de seu erro em ouvir a música?
Mo'ema kó omopu'ã,mentiras levantam,Já construíram
Oporombo'ebo nãîabé sekóû,"para ensinar as pessoas, assim procedeu",Ele ensinou que não deve ficar quieto
Xe raîy-raîyk,eu sou fibroso,Irmão de Xe
Tó te'ĩ kó pirá rekóû mã!,oh! que multidão estes peixes são!,Que se torne uma grande quantidade de dinheiro!
Xe araakasyk,eu sou garrido,É muito horrível
Oré anangatu,nós somos muitos,Nós somos tão bons
turusu bé'ĩ,maior algum tanto,turos e
Aîpĩ-pin,fiquei-a beliscando,Eu tenho um pin-pin
pepó-ypy,"encontros das asas, isto é, a parte superior delas, onde vão fazendo a volta e onde nascem as penas maiores",no fundo
Mosapy ipó xe boîáramo nde rekó ereîkuakub,"na verdade, três vezes negarás ser meu discípulo",Os olhos se esboçam quando você está com a cabeça
abá ra'angaba,estátua,imagem de abá
Kó a'e ybaka îandé remiepîakûama oîmonhang,esse fez aquele céu que vemos,"É o que eu digo sobre o que é um ""monhang"""
Tekopûera t'aîpe'a t'aîkó umẽne marani,que eu afaste o proceder antigo para que não esteja no mal,A vida vai ser dividida em marani
Kûarasy 'ara pyterype seneme,ao estar o sol no meio do mundo,Quara de Kúrasy 'para a luz do seneme
Oker okûapa tekotebẽ suí nhẽ,estavam dormindo de aflição,Oker está a cair na população suíça
iké seru-potá nhẽ,querendo trazê-los aqui,sonho de ser-de-a-vir
Aroŷrõ tekó-poxy,detesto a vida má,Espero que a vida seja sexy
reri ku'i,cal de ostra,reri pele
Aîoîaî,caçôo dele,Eu estava
"Rumby, xe rapîá","enfim, obedeceram-me","Rumby, que está no caminho"
Aîkurubixok,esmigalhei-o,Eu me tornei um pouco mais forte
ka'aeté,"mata ótima, de boa madeira",floresta
Oîmboapy abá kuîaba,os homens esvaziam as cuias,Ele se ajoelhou ao lado da mãe
Xe pygûaî,eu tenho covinhas,Xe-guia
Ingapema bé peru!,trazei também a ingapema!,Não se esqueça de peru!
Xe ybypiar,eu tenho baceira,É muito bonito
Anhanga mondyîtabamo,como modo de espantar o diabo,Se você não quiser
Te'itenheumẽ mba'e amõ nde motekokuabe'yma,que não aconteça de alguma coisa te deixar ignorante,Veja o que eu faço para a sua empresa
"Eîori, xe îarĩ gûé, ta sorybeté xe 'anga nde 'aragûera resé","vem, ó meu senhorzinho, para que esteja muito feliz minha alma por causa do teu nascimento","Eíori, xe é há gú, ta sorybeté xe 'anga de tua 'aragúera dizê"
Xe nhe'engasy,eu tenho palavras ásperas,Que estamos doentes
Aîaó-mondeb,vesti a roupa nele,Aíó-mondeb
Oîmongetá-py'i-py'ipe asé Santa Maria?,reza a gente muito frequentemente para santa maria?,Será que ela se apaixonou por Santa Maria?
Aîemĩngatu-pe ká,hei de me esconder bem,Eu coloquei no chão
mbabyîara,"o que porta pestes, coisa pestilencial",doença
N'asendube'ym-a'ubi - Fiz que não o ouvi N'asepîake'ym-a'ubi,fiz que não o vi,Násendube'ym-a'ubi - Fiz que não ouviu Násendube'ym-a'ubi
T'our kó 'ara pupé oré 'anga moakupa,que venha neste dia para aquecer nossa alma,T'our esta 'ara pupé nosere 'manga moakupa
"S Sebastião 'ara, se'õagûera, cristãos oîmoeté oîemotupana","o dia de são sebastião, em que ele morreu, os cristãos comemoram para se santificarem","S Sebastião 'ara, se segunda, cristãos estarão em situação de morte"
"Ogûetepûera pupé oîkŷabo, i mopu'ama kûeîeténe","entrando nos seus antigos corpos, fazendo-os levantar imediatamente","Embora tenha um filhote sem cabeça, ele vai ter um filhote sem cabeça"
"Oîké îugûasu, i akanga kutuka, opá i mombuka","entram grandes espinhos, espetando sua cabeça, furando-a toda","Tem o seu úgous, o seu ágo kutuka, o seu afogado"
Opabĩ abá mondyki,todos os homens destrói,Todos estão com a minha mão
anhẽp'anhẽ,"mas, de verdade",olho para ele
"S Filipe, STiago kó 'ara i moetepyra",são filipe e são tiago são os que devem ser honrados neste dia,"S Filipe, STiago esta 'ra e moemoeira"
Oîoîá te'õ rekóû kunumĩgûasu suí tuîba'e suí bé,a morte está igualmente entre os moços e entre os velhos,A vida de um jovem suíço é muito diferente
moroîuba,amarelidão,moribunda
Tupã resé marã o ekó o îoupé moîa'oîa'okaba,a partilha entre si de suas obras por deus,Deus nos dá a luz para que não nos deixemos cair
A'epe Îudas n'oîkotebẽî Îudeus supé o îara me'engagûera resé?,e judas não se afligiu junto aos judeus por entregar a seu senhor?,Eu disse que Îudas não pode ir à Îudeus supé ou à noite para o dia de hoje?
Asaûsub-a'ub,amo-o em vão,Asaûsub-a'ub
Peró rekoaba,o ofício de pedro,Crianças
Xe poreaûsukatu gûitekóbo,estou sendo muito miserável,Xe pode usar o seu próprio ar
Mba'epe asé apysykabamo a'ereme?,"qual é nosso consolo, então?",Em que ponto posso ficar?
Îamanõ îepémo serã sepîakagûera abá supé mombe'u e'ymebémo,morreríamos certamente antes que contasse para as pessoas o que viu,"Se houver uma mudança de temperatura, será necessário que o seu peso seja reduzido."
Iîá mosapyr-y bé pekaî oîepegûasune,"ainda bem que os três, novamente, queimareis em conjunto",A situação é muito mais complicada
ó-kupépe,"detrás da casa, atrás da casa",no quarto
"Xe pixã korine, mã!","ah, beliscar-me-á hoje!","É um pica-pau, cala-te!"
tukana tá-poraseîa,pena de tucano para dança,cidade-prémio
Opîá o akangaobĩ pupé,cobrindo-o com seu véu,O que é que é um pão
morabuká-katu,bom trabalhador,morabuka-katu
Aî'a-kok,apoio sua cabeça,Eu tenho dois
aoboby,"roupa verde, pano verde",aoboby
"Yby obu-obur, otumu-tumunga","a terra ferve, ficando a estremecer","Yby obu-obur, otumu-tumunga"
Îasepîak îepi i pypora,vemos sempre as suas pegadas,É um prazer para todos
Nd'e'i te'e moxy onhana tatá piririka îá,por isso mesmo as malditas correm como faíscas de fogo,Não disse que moxy queima fogo na piriricara
Xe keranama mombaka,de meu pesado sono despertando-me,Ele vai muito longe
Sé ruã!,sei lá!,Meu pai!
"Mbegûé é ko'yté abá tekokuá kanhemi, sesapysopûera kanhemi, o nhe'engabûera ra'ang îepébo","lentamente, enfim, o homem perde entendimento, sua vista aguda de outrora desaparece, tentando inutilmente a fala","É hora de se alimentar, de se alimentar, de se alimentar, de se alimentar, de se alimentar, de se alimentar, de se alimentar, de se alimentar, de se alimentar, de se alimentar, de se alimentar, de se alimentar, de se alimentar, de se alimentar, de se alimentar, de se alimentar, de se alimentar, de se alimentar, de se alimentar, de se alimentar, de se alimentar, de se alimentar, de se alimentar, de se alimentar, de se alimentar, de se alimentar, de se alimentar, de se alimentar, de se alimentar, de se alimentar, de se alimentar,"
Itá oîeká-îeká oîopyterybo,as pedras ficaram-se quebrando pelo meio,A cidade está em risco de ser atingida
Xe katûagûama ri ene'ĩ xe mbogûatábo,"eia, faze-me andar nas minhas virtudes",Xe catûguêama ri enche de xe mbóguêábo
"Kunhã rakypûemondóbo, apŷaba n'i apysáî","seguindo o rastro das mulheres, os índios não desistem","No dia seguinte, a minha mãe me deu um pequeno salto"
"Ene'ĩ, temiminõ 'arybo nhẽ oîmombe'u o angaîpá-mirĩ anhõ","eia, os temiminós de dia confessam seus pecadilhos somente","""Não é nada, não é nada"", disse."
Ekûãî moxy mbo'a îandé îusana pupé!,vai para fazer cair os malditos em nosso laço!,Que a moxy tenha a oportunidade de fazer a sua pupé!
Iesus Nazareno ikó orosekar,eis que procuramos jesus de nazaré,Jesus de Nazaré vai dormir em orosekar
ysá rupi'a,ovos de içá,Por todo o rio
miapé-mirĩ,bolinho de pão,minha-meia
Eva onhemomotareté 'ybá-poranga resé iî ykyébo,"eva atraiu-se muito pelo belo fruto, colhendo-o",Eva diz que 'beba-poranga' tem olhos
"Aîmbiré, eîori xe robaké!","aimbirê, vem diante de mim!","Em todo o mundo, vamos usar o nosso xe!"
"Tupã 'îaba îandé rubypy i mopore'ym'iré, te'õ 'ari sesé îandé resé béno","após não realizar nosso pai primeiro o que deus havia dito, a morte surgiu nele e em nós também","Deus 'não tinha que se sentir perto de mim, se 'ari sesse' que se sentir fora de mim"
Asóp'ixéne é?,"hei de ir, de fato?",Eu vou lá?
Îandé té t'îabebé Tupãrorypápe nhẽ,"nós, enfim, havemos de voar para o paraíso",O chá de chá em churrasqueira
Xe nhemosako'i e'ymebé turi,veio antes que eu me preparasse,Xe nhemosi eimebé turi
Xe pyri marãtekoara,o que trabalha perto de mim,Xe de pé de mar
Oubépe nde ruba?,está por aí teu pai?,Onde está o seu rabo?
Tupã resé oîepysyrõba'e,os que se salvam em deus,Deus nos salvou
Xe rakûanhaíb,eu estou com doença venérea,Xe rakûanhabi
Aîupi'a-mombor,botei-me os ovos,Eu subo-moro
Îandé maranirũ,nossa companheira de guerras,É amigo de Marândez
Xe nhemõîetá,eu tenho muitas comborças,Não é muito bom
O membyra gûygépe onhemonhangyba'e 'arama osepîaka'ub,deseja ardentemente ver o nascimento de seu filho que se gera em seu ventre,Filho de uma mulher é acusado de 'arma se segue'
abá-ate'ymusu,homem muito preguiçoso,abá-atêmus
kunhã-mene'õ,mulher viúva,menino-menino
T'osepîak-y bé umẽ kûarasy!,que não vejam mais o sol!,Que você tenha um coração de mal!
Apŷaba nd'e'i te'e o 'ybamo nde mo'ama,por isso mesmo os homens erigem-te em dirigente deles,Não me disse que ia 'ir para o seu altar'
Gûariniãme oporapitiba'e tiruãpe?,mesmo o que assassina na guerra ?,"Em Guariniã, ele fez uma competição em tiro?"
Asemi'u-erokûab,servi a comida dele,Eu comei-erokûab
kamusy-oka,casa de telha,kamusy-oka
Aîpó eré supikatu,isso dizes com razão,Eu posso supor
"Kori, nã, îandé rekó îandé moarûapa angá","hoje, assim, de modo nenhum impedem nossa estada","Kori, não, não é o que se passa"
Tó! Mamõpe ahẽ rekóû?,eh! onde ele está?,Ei! Para onde vou?
Opá o boîá nde pópe i mongûapa,todos os seus discípulos para tuas mãos fazendo passar,Toda a gente vai boçar em suas mãos
"I nem-eté, i tuîuk-eté, tasoka, ura remimongûyamone","serão fedorentos, serão muito podres, corroídos de vermes e de bernes","E nem-te, não-te, não-te, não-te, não-te, não-te, não-te, não-te, não-te, não-te, não-te, não-te, não-te, não-te, não-te, não-te, não-te, não-te, não-te, não-te, não-te, não-te, não-te, não-te, não-te, não-te, não-te, não-te, não-te, não-te, não-te, não"
Marãîasûaramo temõ abaré xe 'apiramõneme xe angaîpab'e'ymebé xe re'õ mã!,"ah, que bom seria minha morte ao me batizar o padre, antes de eu pecar","No dia de hoje, o público está a ""descobrir"" o que é o ""simples"" de um público que está a ""descobrir"" o que é o ""simples"" de um público que está a ""descobrir"" o que é o ""simples"" de um público que está a ""descobrir"" o que é o ""simples"" de um público que está a ""descobrir"" o que é o ""simples"" de um público que está a ""descobrir""."
T'i momuru umẽ ma'e îara îandébe,que não prejudiquemos os que portam bens para nós,O que se passa na noite
I xupépe asé îeruréû o 'anga rekorama resé?,a ele a gente pede pelo futuro viver de sua alma?,"O que é que se passa com o ""recurso"" da imagem?"
Xe remimotarybo asó,vou por minha vontade,Xe remimotarybo azul
Aîpusû'ã-mogûyr,ergui a espinhela,Eu sou o meu marido
A'ereme îasytatá o apakuîamo,então as estrelas cairão pouco a pouco,Eu queria que ele continuasse a fazer isso
Xe keraíb,eu gemo dormindo,É um caraíbe
aîubykara,enforcador,Eu estou de pé
Angari abaregûasu arogûatá,"portanto, ando hoje com o provincial",Angari e abóbora
Sesaý pytumimbyka rupi pé resapébo,fachos para iluminar o caminho pela escuridão,Sesa por causa da escuridão que a luz brilha
Aîkugûab,agradeci-o,Eu estou com um
T'osyk esapy'a o îukaagûãme,que chegue logo ao lugar de o matarem,Tossik espiou no chão
Ereîmborype sesé nde posaûsubagûera?,deleitaste-te no teu sonho com ela?,Você está com raiva de sua possução?
Tupã moabaeté,honrar a deus,Deus é Deus
ramo'ĩ,ainda agorinha,Eu sou
Xe rekó-apepu-pepu,eu estou muito leve nas minhas coisas,Xe-apeu-pepu
Xe ambyasy,eu estou faminto,Desculpem
Anheakã-mobabak,virei-me a cabeça para um e outro lado,Eu sou o líder
Marã-takó ahẽ rera?,qual era mesmo o nome dele?,Eu vou para o ar?
Asysyrung,enfileirei-o,Asysyrung
opá Paraibygûara,todos os habitantes do paraíba,desce para Paraibygüara
Na xe repy-marangatuî,eu não tenho preço alto,Na xe preço-marangatu
Mba'epe asé oîmoeté abaré itaîukamusi rupireme?,que a gente honra ao erguer o padre o cálice da missa?,Em que lugar está o abereiro na cama da criança?
N'aîkuabi a'e abá,não conheço esse homem,Não posso ser abade
Nde mondabeypó kaûĩ,embebedava-te o cauim,O seu ladrão é o seu filho
îandûara,o que é igual a algo ou a alguém,é um dia
asé angaîpaba rembyrûera,os restos de nossos pecados,Eu não vou fazer nada
"Pe'ĩ, îandé bé îaîekuakub","eia, nós também jejuemos","Sim, é bom que haja um cachorro"
O sy rygépe sekó remebé Tupã i mongaraíbi,"durante a estada dele no ventre de sua mãe, deus o santificou",A mãe de um filho foi mandada para a morada de um mongarabi
Peîori pebaka Tupã koty,vinde para vos voltar para deus,Peor pacotes de Deus
Ara nde i gûaba pupé bé o'a te'õ nde reséne,no mesmo dia em que tu a comeres cairá a morte em ti,"Quando você está com o seu rosto, você vai se sentir bem"
S Pedro itangapema osekyî,são pedro puxou a espada,S. Pedro em sua comunidade
Gûaîbĩ aru amõ Magûeá suí,trouxe as velhas de além de magueá,Relógio de um pequeno-almoço
Xe ranhasy,eu sou peçonhento,É muito difícil
Asaûsu biã,amo-o,Assunção branca
ty-apogûasu,"água cheia grande, maré alta",carvalho
I moarûapaba t'aîmombe'une,hei de contar os modos de impedi-los,O que é que eu disse
Aîpyeî,lavo-a,Eu estou sozinho
A'e karaibypy îeapykaba mondyka,destruindo a descendência daquele primeiro homem branco,Eu sou caraibypy que está em um furto
xe pindaeîtykatyba,lugar costumeiro de minha pescaria,xe pindaeîtqatyba
Ikó abá arur iké ta peîkuab,este homem trago aqui para que o reconheçais,Tem um pouco de aror no sonho
"Xe posaká, xe ratã","eu sou moçacara, eu sou forte","Xe posaká, xe ratã"
kanhembora,"o fujão, o que tem costume de fugir",canhembora
Abápe nde?,quem és tu?,Onde você está?
turusu-katu-eté,muito maior,turusu-katu-like
O emitymbûerypy pupé Tupãpotá-me'engano,dar também o dízimo naquilo que plantou primeiro,Emitiu um primeiro pão de Deus-meengano
oîepekatu,"todos juntos, todos à uma vez, à uma",há muito
Abebuînhẽ,sou leviano,Abóbóbóbora
Onhemoangaîpabeté serã apŷaba?,porventura tornaram-se muito maus os homens?,Será que você está fazendo o mesmo?
Abá serã ogûeru?,quem será que a trouxe?,Será que ele vai chegar?
"Oîá nhote kagûarape, marã?","o que bebe somente o suficiente, que acontece?","Você vai para o bosque, meu?"
Marã-marã-pakó îeí xe rekóû?,"que coisas, pois, eu fiz hoje?",O homem-povo tem um véu?
Aîkuab-eté nde suí,sei mais que tu,Eu sei o teu suí
Opabĩ nde momoranga,embelezando-te totalmente,Todos espalham sua boca
Nde pópe oré 'anga ruî,em tuas mãos nossa alma está,"Em suas mãos temos o ""ruído da imagem"""
Xe ratá nde kaîaûama,meu fogo é o lugar em que queimarás,Xe ratá já está preso
O'a îandébo kori,nasceu para nós hoje,O que é que é o que é o que é o que é o que é o que é o que é o que é o que é o que é o que é o que é o que é o que é o que é o que é o que é o que é o que é o que é o que é o que é o que é o que é o que é o que é o que é o que é o que é o que é o que é o que é o que é o que é o que é o que é o que é?
Marãba'e-p'iã ri?,de que espécie será que é isto?,Que é a história da morte?
"Abá mundé supa, i pora rá","examinando a armadilha de alguém, tomando o seu conteúdo","Abá mundo supe, é escolhido para ele"
Aîerok kori seséne,"mudarei de nome hoje, por causa deles",Eu tenho um pouco de solidão
Mba'epe ké tuî opyka?,"que aqui está deitado, aquietando-se?",Em que lugar está sentado o ancião?
Arobîar asé rekobeîebyragûama,creio na nossa futura ressurreição,Trabalho de forma mais eficaz
"Pindaîtykara îepotasápe, memẽ o agûasá-poxy supé oîmoîa'ok o embiara, o îara kupébo nhẽ","ao chegarem os pescadores, repartem sempre com suas amantes ruins seu pescado, pelas costas de seus senhores","Pindacurara em sua epotas, mamê ou aguyá-poxy supé está em sua embalagem, ou a noite no seu lado"
Ogûeîyb yby apyterype,desceu para o centro da terra,Deslizou-se no mar
"Koromõ, keygûara temiminõ moaûîébo, asapekóne","logo, vencendo os temiminós, habitantes daqui, eu os frequentarei","Se você tiver um pequeno problema, você vai ficar bem"
Ixé supé,a mim,Irmã supé
T'omoîerekûab orébo,que o faça perdoar a nós,O seu amigo nos deu um abraço
Morubixaba tuîba'e onhe'eng memẽ i xupé,os chefes velhos falam sempre a eles,Morubixaba se apaixona por seu sucesso
Xe moaîu-marangatu aîpó tekó-pysasu,importuna-me muito aquela lei nova,Xe moaíu-marandu é um dos principais meios de saúde
Mba'epe ké tuî?,que está deitado aqui?,Em que idade é que ele é?
Pekaî oîepegûasune,queimareis em conjunto,Que tal a situação
Na xe rekosûeri,eu não duro muito,Não se esqueça
Aîka'u,faço papa dela,Eu comei
pé-aíba,caminho impraticável,que-aíba
Mbegûé îaîomongetá t'onhandu umẽ abá,baixo conversemos para que não o percebam os índios,"O presidente da República, José Manuel Barros, disse que o governo não tem condições de manter a paz com os cidadãos."
îagûara'yra,filhote de cão,seu filho
Osó kunhã semimbo'e-etá sapirõmo,"iam mulheres, suas discípulas, pranteando-o",Ele foi para o dia de semestre-como o sapirão
N'i tybangáî setãmbûera Opá akûeîme n'i poretáî,"não existem mais as suas antigas terras todas, desde então, não contêm muita coisa",Não há nada de bom na cabeça
Nde 'ã-kytyngokyne,tu terás a alma limpa,Você vai-quitar
Oîopytera rupi aîasy'ab,parti-o pelo meio,Por causa da chuva eu sinto-me triste
panakũ-sama,"corda de panacu, a que vai pela cabeça daquele que o leva",panakū-sama
Y anhẽ monhangi kaûĩnamo,a água transformou em vinho,Água escura no bosque do monangue
Emonã îé abá rekóû rãé,dizem que o homem fez assim antes,Vejamos o que é o abá
moropotaragûera posanga,remédio de nossos antigos desejos sensuais,imagem de moropotaragüera
"Na oré ruã, oré kyra é","não fomos nós, mas nossos subordinados","Não vamos para cima, vamos para cima"
Aîpó nhẽ! Xe putupab nhẽ nde ri,aí é que está! eu estou surpreso por tua causa,Eu tenho que ir! Xe putupab tem que ir
Te'õ ereîporará,sofreste a morte,Se você quiser
"Pepu'am, t'îasó sapépe sobaîtĩamo","levantai-vos, vamos em seu caminho para encontrá-lo","Levante-se, se você estiver sob a cama"
okaturamo,sendo ele bom,quando crescer
paranãendy,reflexo ou resplendor do mar,Paranaense
Anhanga nhegûasembaba 'ykaraíba,a causa de fuga do diabo é a água benta,Anhanga não quer que 'caraiba'
Ambosyî,levo carga,Ambosyî
Xe aîurupygûasu,eu tenho cachaço grande,A minha vida
Aîepysó gûitupa,eu estou estirado,Eu continuarei muito
Xe mendûera ipó re'ĩ,"meu ex-marido há de ser, certamente",É uma menúera com o seu pé
mosãngatu,remédio bom,mais saudável
Aîur ta xe poî na ûi'îabo ruã,venho não tendo a intenção de que me alimentem,Aíur ta xe com as mãos no chão
"N'i xyî, na setéî, n'i ypyî","não teve mãe, não tem corpo, não teve começo","Não é o primeiro, não é o segundo, não é o primeiro"
sesá-poropotaryba'e,o que tem olhos que são luxuriosos,sessá-poropotárquico
Xe pé-pok,eu tenho casca estalada,É mesmo assim
Nde anhõ t'oroaûsu,que somente a ti eu ame,Seu irmão é um sorriso
Erimba'endûarûera ixé,"eu sou o que é antigo, o de tempos atrás",Parabenizar o seu irmão
Aîeká,quebrei-me,Eu tenho
Marãpe erepûar xe resé?,por que bates em mim?,Em que país você está viajando de trens?
Xe retymãnhemang,eu tenho pernas tortas,O corpo de Xe
Aûîebé-te xe só-umani,ainda que eu já fosse,Eu era apenas um homem
Nde resé memẽ oroîkó,contigo sempre estamos,Se você estiver com raiva
Aîporama resé é peîmongaraíb abaré pyri,é por isso que o batizais junto ao padre,Eu te disse para que você se mantenha no pé do abere
A'epe abaré hóstia pese'õ-etá-etáreme i pese'õmbûera îabi'õ Îandé Îara Îesu Cristo rekóû?,"e ao partir muitas vezes o padre a hóstia em pedaços, em cada pedaço nosso senhor jesus cristo está?",Eu disse que a minha hóstia era tão pesada que ela poderia ter sido tão pesada que ela poderia ter sido a única pessoa que tinha conhecimento da vida de Îandé Îara Îesu Cristo?
Asó xe ruba pé,vou em busca de meu pai,Eu vou para o chão
tatobapyygûara,habitante de fronteira,povoado
Peîpûá muru!,amarrai os malditos!,Que sejamos todos mortos!
-Erimba'epe i xóû i xupa? -I membyra São João rurureme,quando foi para visitá-la? -por ocasião da gravidez de seu filho são joão,- A sua filha São João Ruruureme
paranãngûá,enseada ou baía de mar,para o paranódio
Aûîé ipó!,muito bem!,Eu tenho o meu braço!
Marãnamope asé santos 'ara kuabi?,por que a gente reconhece o dia dos santos?,"Em Marãnamope, a festa dos santos é a primeira?"
"Sugûy mombukapa, îaînupã-nupã","derramando o seu sangue, ficaram a açoitá-lo","Sugûy é muito distante, não há nada a ver"
Tupã resé tiruã kó nhe'enga reîtyki,eis que até mesmo contra deus murmura,Deus nos deu o seu coração
- Xe rembyrĩ gûixóbo,eu me escafedo ao ir,- A estrada de Gúixóbo
Ó-mirĩ pupé ereîkó,dentro de uma casinha estás,O-meu pão vai dizer
"Abápe aîpoba'e oîmonhang erimba'e, sa'angypŷabo?","quem o fez outrora, começando a pronunciá-lo?","Onde é que eu estava, um homem, um cego?"
Aru-pab pirá,trouxe todo o peixe,Arru-pab dinheiro
I pytun xe roka,minha casa está escura,E rocha do xe negro
"Ereîukaípe kunhã amõ, sesé nde ara'apy'iramo?","forçaste alguma mulher, sendo tu ladino com ela?","Você me disse amanhã, se você estiver com medo?"
N'a'ekatuî,não sei,Não se apaixone
Aîaby-eteté xe monhangara nhe'enga mã!,"ah, transgredi muitíssimo as palavras de meu criador!",Eu sou um monstro de um monstro!
Eremondarõpe nde rapixaba kópe?,furtaste na roça de teu próximo?,Você está esperando sua amiga aqui?
-Setápe asé nhemongaraíbi? - Aani - A gente batiza-se muitas vezes?,de maneira nenhuma,- Em diabo é que se batizam? - Aani - As pessoas se batizam muitas vezes?
Tupã nhe'enga asa'ang,a palavra de deus experimentei,Deus nos abençoe
Aroapy'am,desci com eles,Eu me sentei
Mba'e-u'uma!,coisa enlameada!,Comida-bebedora!
Nd'e'i te'e mba'e-katu resé oîekosube'yma,por isso mesmo eles não se deleitam com as boas coisas,Não diz nada sobre o que pode ser um problema
o îoupé-upé,uns aos outros,ou se ele-se
Eresó nhẽ peũî,vais definitivamente,Eu quero que você seja negro
Aîpi-mondok,corto-lhe a pele,Aípi-mondok
Y piaramo asó,vou em busca de água,Eu vou na água
Nde angerasópe abá-porangepîaka?,maravilhou-te a vista de homens belos?,Em sua angústia há um pouco de luz?
Semimonhangûera îamonhangyne,faremos o que ele fez,Semimonhangûera à sua volta
Aka'amondó,caço,Acabo de me mandar
"Xe anama, erimba'e, tekó-ypyramo sekóû","minha nação, outrora, estava de acordo com a cultura primeira","Xe anama, ermenhe, se a humanidade estiver pronta"
Xe arũaíb,eu sou garrido,Eu sou um homem
Peẽ aé-te peîeapirõ,mas chorai por vós mesmas,Vocês são só se estiverem juntos
Sakypûera rupi é îasó,por seus rastros é que vamos,Por causa da escuridão é que ele vai
Ké urutaûrana ruri!,aqui vem um urutaurana,É uma noite de folga!
Aîaîurar,lacei-o pelo pescoço,Eu estava de pé
I mopu'ama kûeîeténe,fazendo-os levantar imediatamente,Eu vou comer muito
pé kugûapaba,baliza do caminho,que foi um grande
"Kûé suí asó mamõ, amõ taba rapekóbo","daí ía para longe, frequentando outras aldeias","Cássio suíno de mamã, mamã de tabaco"
Opá sama pupé i apytĩû,com toda uma corda amarraram-no,Desapareceu a minha pupé na escuridão
"Gûemimbo'e pyri o karûápe, miapé moîebyû gûetéramo","ao comer junto dos seus discípulos, o pão devolveu como seu corpo kapi'ĩ sosé kó tuî, tapi'irusu karûápe - eis que sobre o capim ele está deitado, no lugar em que a vaca come","Alunos de pé ou de pé, quando estiverem em casa"
"Endé, Tupã rorypápe aûîeramanhẽ ereîkó","tu, no paraíso para sempre estás","Ende, eu vou para a praça de Deus"
"Perekó potasábo é, perekó i îukábo","tende-o por vontade, tende-o para matá-lo","Se você tem um bom dinheiro, você tem um bom dinheiro"
andyragûasu-bebé,morcegão voador,mãe-bebi
Aîur ybaka suí pe rokybỹîa rupi,vim do céu pelo interior de vossas ocas,Aíur ybaka suí por causa da escuridão
otĩba'e,o que se envergonha,Ele escreveu
Abebuîkatu,sou leve,Aboubuika
Kó bé ingapé-kûatiara,eis aqui também a ingapema pintada,Esta bé ingapé-kûatiara
Kaûĩ aé ruã-tepe ybŷá onong i pupé?,"mas vinho mesmo, de fato, colocam dentro dele?","Em um bosque de ar, onde se encontra o seu pão?"
Aî'abiú,catei-lhe a cabeça,Eu fui lá
Tynysẽ Tupã raûsuba nde nhy'ãme erimba'e,abundava o amor de deus em teu coração outrora,Trinnysẽ Deus raûsuba em seus olhos
Na sa'ubi iké xe robaké nde rur'e'ymebé,ele não foi mesquinho antes de tua vinda aqui diante de mim,Não se preocupe com o seu xe robu em seu avião
Asó umẽpe ky,não hei de ir,Eu tenho um brilho
Mbobyrîõ ipó erimba'e kunumĩ kanhemi,"alguns somente, outrora, morreram meninos",A sua mão é muito forte
T'e'i tenhẽ umẽ xe ri o îuru'aramo,não fique ele boquejando a meu respeito,Dizem que vão para o chão quando chegarem
Anhanga nde moabaîté,o diabo te agasta,Não te deixe ir
abá-tekokuabe'yma,homem ignorante,abá-tempo
O'ẽpe erimba'e nde membyra nde i potasápe?,poluiu-se outrora teu filho por tu o desejares?,Ele disse que você vai dizer a sua filha em seu braço?
O angaîpagûera repyme'enga-mbapa,resgatando totalmente seus antigos pecados,O preço de todos os presentes é imposto
Oroîoerobyk,achegamo-nos um ao outro,Oroirobyk
"Enhambé! T'oú-te muru, ranhẽ","espera! que venha o maldito, primeiro","Enhambé! Vem só muru, ranhão"
Mokõî pykasu ra'yra i xy ogûerasó îetanongabamo,dois filhotes de pomba sua mãe levou como oferenda,Dois filhos de pinguins e um filho de xy foram desembarcados em sua casa
Aîpoba'e tenhẽ n'oîabyî mboîa,"aquele, de fato, não é diferente da cobra",Eu estava pronto para não dar aulas
mendasara resendûara tekori,"hás de confessar primeiro tua atração por eles o que diz respeito aos casados, depois",Mendasara resendouara tekori
"I angaîpá kó nde boîá, na xe rerekó-katuî","são maus estes teus servos, não me tratam bem","É o erro de este booba, nao xe possuir-cat"
T'îandé rerasó o orypápe o îoesé îandé moîekosupa,que nos leve para seu lugar de felicidade para nos fazer regozijar consigo,O que se passa na praia é que se sabe onde está
Marã e'ipe supîarûera osóbo?,"que disseram seus adversários, indo?",Será que o suporte vai continuar?
I abaeté-katu xe rera,é muito terrível meu nome,Eu abeté-cabe-se que seja o que for
xe ramũîa Îagûaruna,meu avô jaguaruna,Xe antigo Îagûaruna
Marã sekó resépe i angekoaíba îekuabi?,por qual estado seu transparecia sua angústia?,Quem é que tem o direito de se sentir mal?
Aîtyk itasama,lancei a âncora,Aí está a minha casa
Nd'oîmoasyîpe amõ o nhe'engaibagûera iî a'o ré?,não se arrependeram alguns de seus vitupérios após o injuriarem?,Não se importa que não tenha sido um bom nome?
Ybakype i pyri o só îanondé Anhanga ratápe o só suí,antes sua ida para junto dele no céu que sua ida para o inferno,"Na praia de São Paulo, só os pés e a cabeça de Anhanga"
Nde remo'em umẽ abá resé,não sejas mentiroso por causa de ninguém,Você vai dar um pouco de abá
Abá re'õagûera resé og orybamo,alegrando-se com a morte de alguém,Abá você vai ficar com a cabeça no chão
"Oroîu nde momoranga, ore aíba reropó","viemos para te festejar, lançando fora nossa maldade","Nós te amamos, nós amamos"
Aûîé i asu koty é i angaîpaba'epûera oîkóbone,"enfim, à sua esquerda estando os que foram pecadores",O quarto de banho é o local onde há mais água
Marã-marã tenhẽ aîkó,procedo muito mal,O primeiro-ministro
Iîá omanõmo,ainda bem que morreu,Morreu em seu lugar
Kori monẽ asó,hoje eu deveria ir,Coração de Kori
"T'îasó, mbegûé, îapu'ama","vamos, devagar, para fazer o assalto","A luz, o vento, o vento"
Xe rapó,eu tenho raízes,Rapazes
Paranãmbora ri aîkó,vivo de mariscos,Paraíso para os jovens
Sekoba'e ixé,eu sou acostumado,Sekobaé ixé
Mba'e nungarape aîpó graça i moangaturãsaba?,"semelhante a que é essa graça, o meio de fazê-los bons?",Em que lugar posso graça a minha religião?
"Tubixá-katu Aîmbiré, apŷaba moangaîpapara","o grande chefe aimbirê, o pervertedor dos índios","Tubixá-katu Aímbire, sem a necessidade de ser um escritor"
Nde poropotare'yma t'oîakatu xe resé,tua pureza seja igual em mim,O teu corpo está limpo e o teu corpo está cheio de raios
Nebe oronheangerur oré poasemamo,"a ti suspiramos, gemendo",Nebe nos encherá de ar quando estivermos no meio
Sugûy turusu ybype osyryka,"seu sangue era muito, escorrendo no chão",Sugûy no mar de turusu foge
"Pe ratãngatu resé gûiîekoka, asó-potá","apoiando-me na vossa valentia, quero ir","O carrinho é muito bonito, muito bonito"
itakurubi-tyba,ajuntamento de pedregulhos,pai-curva-túbia
"Putunusu porarábo, oroîkotebẽngatu","suportando a escuridão, estamos muito aflitos","Putunusu bem-sucedido, muito bem-sucedido"
Peîpoûsub ymẽ,não o temais,Sejam bem perto
"O'u nhẽpe a'e 'ybá, tegûama, Tupã 'îaba?","comeu aquele fruto, causa da morte, que deus dissera?","Ele disse: ""Você é o Deus de todos os tempos""."
Oîabypemo abá Tupã nhe'enga emonã sekokuapa?,transgrediria o homem a palavra de deus assim os conhecendo?,Será que Deus não aceita o que é feito?
iî apé,o lado direito dele,de um lado
I pe'ybĩ nakó tapiti kûara,"está limpa, como se vê, a cova da lebre",E escuro não há tapis de ouro
Mobype tubixá-katu kybõ?,quantos são os chefes principais por aqui?,Como é que podemos fazer um pequeno-almoço?
Aîapûapyk,apanhei-as,Eu estou muito perto
îukyrapu'a,bolota de sal,sua luz cresce
Aîkuabe'u-be'u,fiquei-o contando,Eu posso beber
morepy me'engara,"o que entrega os reféns, o redentor",maispreço de meengara
Umãmepe a'e putunusu pitanga nhemongaraibypyre'yma rekoaba rekóû?,"e onde está aquele limbo, morada das crianças que não foram batizadas?",Em que ponto de vista é que a pitunusu pitanga tem um papel importante na cultura do país?
Ereropûar ybyrá nde remirekó resé!,bateste com um pau na tua esposa!,Que sejamos honestos com a sua esposa!
Xe pyta'ã-ta'am,eu me fico levantando nas pontas dos pés,Xe de folha-de-cabeça
miîukarambûera,o que seria morto,menina de alho
Xe atá-îaî,eu tenho o andar escarrapachado,Xe-ta-tão
O aysó abé osepîak,sua própria formosura também viram,Eu choro e o abelo anda
setapokãba'e,"o que é raro, poucas vezes visto ou que se não acha a cada passo",ação
mba'e-apina,coisa rapada,preocupações
Okuî rakó amũme 'ybarambûera o 'yba suí ybotyramo oîkóbo bé,"caem, às vezes, os frutos das suas árvores, sendo ainda flores","O caçador de água em cima da estrada é o ""baixa suí"""
T'îasó maranatãûãme?,havemos de ir à árdua guerra?,O que é que você quer fazer no mar?
Iî aŷpy rupi eîasy'ab,corta-o pela sua base,"Por causa das ondas, se aflijam"
Tupã tari,deus o tomou,Deus tari
Ereîpytybõpe abá mondá resé?,ajudaste alguém num roubo?,Você sabe onde você vai roubar?
Ereîmoîebype kaûĩ?,vomitas cauim?,Você quer um bosque?
Mba'epe erimba'e oîmonhang 'aramo?,que transformou outrora em mundo?,Em que você está se sentindo?
I angekoaí-katu serã Îandé Îara i mongetapukûabo?,"será que nosso senhor estava muito angustiado, longamente rezando a ele?",O que é que é que é o culto de Îandé Îara?
Nd'e'ikatuîpe abá o anameté resé omendá?,não pode alguém casar-se com seu parente verdadeiro?,Não pode dizer-lhe que quer que se case?
"T'i nhyrõngatu kori îandébo, pindá me'enga","que eles bem perdoem hoje a nós, dando anzóis","T'i nhirungatu kori îandébo, pindá me'enga"
Erenhemoa'ypupukype nde poropotaramo?,"tu tiveste polução, tendo desejos sensuais?",Você se arrependeria quando você se esboçar?
tatá-endy-etá,muitas chamas de fogo,fogo-iluminação
Temiminõ 'arybo nhẽ oîmombe'u o angaîpá-mirĩ anhõ,"os temiminós de dia confessam seus pecadilhos, somente",Temiminho 'aribo nhẽ disse que foi enganado
"Saûsupara, aîuruîuba, mokaba ogûeru tenhẽ","seus amigos, os franceses, trouxeram armas de fogo em vão","Saûsupara, airuïuba, mokaba surgem em primeiro lugar"
T'orobasẽne ybakype nde îepîakukasápe,"havemos de chegar ao céu, ao lugar em que tu te revelas",Você vai se arremessar no chão em seu pescoço
Oú-mo'ang pe mondyîa,pensa em vir para vos espantar,A floresta foi destruída
Nde resa'y eîmondyky seroŷrõsápe,"destila tuas lágrimas, por detestá-los",Sua tristeza é curta em sua esperança
"Anhanga nde moabaîté, nde suí osykyîébo","o diabo te agasta, de ti tendo medo","Anhanga vai te amar, seu suí vai se esgotar"
"Sobaké Anhanga onheŷnhanga, i mokona motá","diante deles os diabos ajuntando-se, querendo engoli-los","Sobaké Anhanga desapareceu, com duas mães"
Eîori i mosykyîébo,vem para amedrontá-lo,Eori e seu sorriso
Abanherane'yma ixé,eu sou homem manso,Abanherane'yma ixé
Xe rasok,eu tenho vermes,É muito difícil
taîasu rokaîa,curral dos porcos,A cidade de Rogoí
Aîasy-'ab,cortei um pedaço dela,Estou doente-'ab
Xe 'a!,meu senhor!,É 'a!
N'aîkóî ipó irã tuîba'eramo ranhẽne re'a,tomara não seja eu o que jazerá primeiro,Não terá coragem de se envelhecer
itá-kûarusu,furna em penedos ou rochas,Pedras-do-mar
"Oîeîukaaíb-eté serã serasoaretá a'ereme, oposẽ-posema?","acaso insistiram muito, então, os que o levaram, ficando a gritar?","Será que há alguma coisa que seja serasoaretem, oposição-posema?"
Aîkupy-pûar,amarrei-lhe as pernas,Eu estava com um carro
T'oré angaturãne oré îekosubagûama ri,que sejamos dignos do lugar futuro de nosso regozijo,O seu coração se tornará um rio
Asenõî nakó naeroîaî turi,"chamei-o, de fato, mas nem por isso veio",Eu sei que não tenho turos
sendybangã,canto dela,Fundação
Xe peré-pereb,eu sou muito perebento,É peré-pereb
Aîepyk ipó irã seséne,"vingar-me-ei dele no futuro, certamente",Eu tenho um pouco de cabelo
Nd'arobîari Makaxera,não confio em macaxeras,Não se trata de Maxacerá
Oka aîyby-apetek,barreei a casa com terra,Eu vou ficar com raios
"I amotare'ymetébo, perekoaí-aí","detestando-os muito, tratai-los muito mal","Eu tenho que fazer isso, eu tenho que fazer isso"
Tekotebẽ suí nde nhy'ã-boke'ymi,tu não tens o coração arrebentado de aflição,É bom sujar o seu rosto
O ké-poxy omboryba'e,o que se compraz em seu sonho mau,O ké-poxy se divertiu
pokangi nhõte,raro,apenas um pouco
"Ybaka rasapa, osó, nde reîá","atravessando o céu, foi, deixando-te","Ybaka rasapa, saiu, você vai"
Xe poronupã îá,"eu açouto gente, de costume",Que bom que seja
Xe py resé nhẽ asó,vou a pé,Se você tem pés em baixo
Tatá ypype oîepegûabo,aquecendo-se perto do fogo,No primeiro dia há um banho
"Xe îar, na xe angaturami ã a'emo ereîké xe py'ape","meu senhor, eis que eu não sou digno de que entres em meu coração","Xe éar, não xe angaturami que eu posso dizer na xe"
Kunhã kuaûká i mena supé,acusando uma mulher para seu marido,A minha mãe é uma sué
Abá supépe asé îeruréû o 'anga rekokaturama resé?,para quem a gente reza pela felicidade futura de sua alma?,Será que a sopa é uma boa parte da comida?
Iîamuru! Mokõîbé pekaî oîepegûasune,bem feito! ambos queimareis em conjunto,Os dois estão em situação de saúde
"Xe rureme, asobaîtĩ xe remierekopûera","ao vir eu, encontrei o que guardara","Para o Xe, eu dou a certeza de que o Xe é perfeito"
A'e-p'ikó?,e este?,Eu vou-me embora?
A'é benhẽ,digo novamente,Eu sou certo
"Akó 'y asé reté moîasuka îabé, akûeîa îabé","assim como esta água lava o corpo da gente, aquela também","Quando o céu está em chamas, a água está em chamas"
Moraseîa rerobîara i py'a îaîporaká,a crença na dança enche os corações deles,Queremos fazer um passeio de pés
Kokoty paranã aé rame'ĩ o abaetéramo erimba'e gûekoagûera sosé,"e por outra parte, semelhantemente, o próprio mar será mais terrível do que é seu costume",Coração paraná para nos acalmarmos ou nos afetarmos
Omboasy-katu o angaîpaba o py'ape,arrepende-se muito de seus pecados em seu coração,Lamento que tenha falhado no coração
Ereîkytykype nde ragûyrõ?,esfregaste teu pênis excitado?,Você pode dizer um pouco sobre seu filho?
Atypy-a'ang,medi a profundidade dele,Grupo-de-fraqueza
N'osa'angi-tep'akó nhembo'e ko'arapukuî?,mas não se esforçam esses por aprender sempre?,Não está muito bem com a aula hoje?
ebokûeîba'e a'e,isso mesmo,Eu tinha um pouco de medo
"Ahẽ, teumẽ serobîá!","oh, guarda-te de acreditar neles!","Eu vou, eu vou ser serobá!"
"Enhambé! T'oú-te muru, ranhẽ, o nharõ rerobasema","espera! que venha o maldito, primeiro, chegando com sua ferocidade","Enhambé! Você veio apenas muru, ranhão, ou espera para nos obobasema"
Aîpysy-potá-katu morepenhandara ri,quero muito apanhá-las com os que atacam as pessoas,Eu quero-queria-que eu me tornasse mais simpático
"A'epe kunumĩgûasu kunhã oîmomosemba'e, onhegûasema memẽ?","e os rapazes que perseguem mulheres, fugindo sempre?","Eu disse que a cidade de Minas Gerais está em movimento, está em movimento?"
Xe resá-oby,eu tenho olhos enevoados,Xe resá-oby
Na xe apysáî,insisti,Não quero ser vítima
Marãmo ahẽ rekóû o mba'ekaturamo xe suí?,por que ele vive tendo coisas boas mais que eu?,Se eu for para a escola ou para o restaurante xe suí?
"I nhe'enga abŷabo-tekatu, i momburûabo","suas palavras transgredindo muito, amaldiçoando-o","Sua cabeça é abrupta, sua cabeça é muito distante"
Aîkumirik,esmigalhei-o,Eu tenho um pouco de medo
Abebé kó ybytu îá,vôo como este vento,Abebé é um monstro
Eîotĩ nde kesaba xe porupi,amarra tua rede ao lado de mim,Coloque a sua caixa no xe
Xe abé taîasugûaîa,eu também sou um porco,Xe abé é um pouco sujo
Aîpyapasá-mondeb,pus o sapato,Aípyapasá-mondeb
Aîme'eng mba'e xe ruba taté nhẽ,dei coisas para outra pessoa que não a meu pai,Eu dou uma coisa que não me parece
Penhemoma'enduar ambyra 'angûera,lembrai-vos das almas dos defuntos,"""Você vai ouvir a música 'angüera'"
Tekó-katu aby potare'yma,não querendo transgredir a boa lei,A natureza pode beber o meu coração
ko'ẽme,ao amanhecer,amanhã
A'ekatu eboûinga resé,sei fazer isso,Eu sou o que eu sou
Xe nhe'ẽmbyk ahẽ,ele me deixou sem palavras,Não me deixe ir
I pyrybé perobîá,acreditai um pouco mais nele,O meu filho foi preso
Nde pytuẽ Na satãngatuî maíra!,descansa não é muito forte o maíra,Seu descanso Na mundo está morto!
Marãpe Tupã i moposara rerekóûne?,como deus fará com os que os cumprem?,Em que país Deus vai ter o meu morador?
"Putuna îudeus i pysykagûeramo sekóreme, cristãos rorybe'ymamo","a noite em que estava ele como presa dos judeus, os cristãos não estavam felizes","Putuna îudeus e manter segoreme, cristãos se alegrarem"
Xe só abé,assim que eu vou,É só abelha
koba'e îá,"como isto, como este",que é
yby'ã-by'ama,barrancos,O gelo-o-lhão
N'omoetéî o monhangara,não honram seu criador,Não se preocupe
A'e ré t'asepenhan!,"depois disso, hei de atacá-los",Eu te chamo de ti!
Xe membyrasy,eu tenho dores de parto,Ela estava doente
Îandé rokesỹ memẽ anhanga,toma-nos a dianteira sempre o diabo,É muito difícil entender o que é que é
-Esapîá-te!,"tu, ao contrário, obedece a ele!",- Explique!
Esepîak xe mara'ara t'eresaûsubar xe 'anga,vê minha doença para que te compadeças de minha alma,Esse é o xe mara'ara teresisaûsubar xe 'anga
Akanetá-pyrã-beraba reroínano,tendo também coroas vermelhas e brilhantes,Assembleia de Refeições-beraba
y-atã,rio direito,Águas-vivas
A'e ré kori îasó tubixaba akanga kábo,"depois disso, vamos hoje para quebrar as cabeças dos reis",Eu sou o nome do coroa ao cabo
"Gûaîxará kagûara ixé, morûara, moroapŷara, anhanga morapitîara","eu sou guaixará bebedor de cauim, comedor de gente, queimador de gente, diabo trucidador de gente","Gûaixararê kagûra ixé, morûara, moroapŷara, anhanga morapitíara"
"Onhemomboreaûsub, o angaîpaba moasŷabo","se humilha, arrependendo-se de suas maldades","O enfraquecimento, o erro e a falta de segurança"
Xe py'a-tytyk,eu tenho o coração palpitante,Xe de pernas-tintas
kabaru repanakũ,a sela do cavalo,Cavalo de cavalo
Aseé,ralo-o,Mais uma vez
Ndaeroîaî o ekoangaîpagûera repyme'engagûama resé o putupabamo,nem por isso se importa com o resgate de seus antigos pecados,Não há nenhum preço para pagar o preço do produto
Soryb,ele está feliz,Soryb
Akanhem kó ixé re'a,eis que agora eu pereço,Akanhem é o último
"Esykyîébomo, ereîkó-katumo","tendo medo, farias bem","Se você for, você pode"
"Îamongûá moxy ru'uba, i xupé îaîemoîtỹamo","fazemos passar as flechas dos malditos, diante deles esquivando-nos",É bom que a moxy se torne mais forte
Akoraka'e 'ara nhemonhang'iré,"naquela época, após criar-se o mundo",Eu sou 'ara nhemonhang'
T'îaîmombe'u é irã i îepaboka,havemos de anunciar futuramente sua partida,O que é que é o seu nome
Tupã supé ûiîerurébo,orando eu para deus,Deus supere ao seu povo
Eîmo'ẽ nde resa'y,derrama tuas lágrimas,Faça o que está a vos preocupar
emonãneme,se for assim,aceita-me
Marãîasûaramo asó mã!,que bom seria se eu fosse!,"Na Santa Sé, eu vou ficar calado!"
Ema'ẽ-te ranhẽ!,mas olha primeiro! olha cá!,Olhe para o rosto!
"T'îaîuká xe mena, a'ereme t'îamendar îandé îoesé","matemos meu marido e, então, casemos um com o outro","A minha mãe é uma menina, eu quero que ela me lembre"
"Îu, anhangap'ikó ri?!","oh, por acaso isto é o diabo?!","É, eu estou a rir?!"
Aîmoa'ypab,esfalfei-o,Eu estou de pé
Ereîar tenhẽpe abá mba'e amõ?,"tomaste, sem razão, alguma coisa de alguém?",Diga-me antes de mais alguma coisa?
Anhonongatu o îoupé,reconciliei-os um com o outro,Não posso manter a sua
Ta xe rarõ memẽ îepi,que me guarde sempre,Taxi de carro carregou-se
Tupã îepîakukari xebene,deus revelar-se-á a mim,Deus abençoe xebene
Marãmo ahẽ rekóû o mba'e-katuramo xe suí?,por que ele vive tendo coisas boas mais que eu?,Se eu for para a vida ou para o que posso fazer com o xe suí?
Îori xe rekomonhanga,vem para me governar,Éori xe em seu recanto
Osem-y bépe irã a'e suíne?,sairão ainda futuramente dali?,O bebê está com o seu porco?
i mokunhãetepyra,a que é alforriada,a sua dor de cabeça
sye'yma,"o sem mãe, o órfão de mãe",minha irmã
Nde py'anhemongetápe kunhã amõ resé?,pensaste nalguma mulher?,"Em seu coração, onde você vai?"
Asapi'anupã,castrei-os,Eu faço a minha vida
"Ikó îu'i, xe rupîara, t'ere'u","estas rãs, minhas presas, que as comas","Cama de leite, cama de xe, comida"
Oîmonhang ipó kori milagre amõ xe robakéne re'a,vamos ver se fará hoje realmente algum milagre diante de mim,Ele vai dar o seu corpo para o milagre quando ele vai fazer o xe
Sygépe o eterama Tupã tari,em seu ventre deus recebeu seu próprio corpo,Na sua terra viveu para sempre o deus tari
Eseîyî-ukar umẽ iké suí xe retama,não o deixes afastar daqui minha morada,Esseyyi-ukar em seu sonho suí xe retama
omanõmo,morrendo ele,Morreu
Oîpotarĩ-p'amẽ abá erimba'e o îuká?,preferiam outrora as pessoas que as matassem?,Quer saber se você quer queira?
"Gûaîxará kagûara ixé, mboîtiningusu, îagûara, morapitîara","eu sou guaixará bebedor de cauim, grande cascavel, onça, trucidador de gente","Gûaixarară kagûra ixé, mboîtiningusu, îagûara, morapitíara"
Ereîmoingópe abá 'aretéreme marã i moporabykŷabo?,"empregaste alguém por ocasião de um feriado, fazendo-o trabalhar em algo?",Será que o abade 'têm marcas de improvábilidade?
Aîmoeté-katupe xe ruba ká,hei de louvar muito meu pai,Eu me sentia como se fosse uma ruba
Aroby-katupe ká i porangepîá-katûabo,hei de me aproximar muito dela para ver bem sua beleza,Aroby-katé com a sua porangepîá-katûba
Oîkotebẽba'e moapysyka,consolar os aflitos,Tem que haver uma queda
Xe kerapará-parar,eu estou caindo de sono,Xe de luz-parar
Arasó-nhemim,levei-o secretamente,Arasó-nhemim
"Oroapy kori, îandu!","queimo-te hoje, como de costume!","Dormiram de cor, se sentem!"
"T'akûáne pe renondé, pe manhanamo, ranhẽ","hei de ir adiante de vós, como vosso espião, primeiro","A frente crescerá, a manhã, a manhã"
Aîukasûer,quase o matei,Eu me arrependo
apytaîyka,"mingau grosso, massa",Sente-me
Onheŷnhang umã sesé gûaîbĩ tuîba'e abé,já se juntaram por causa disso as velhas e os velhos,Desapareceram seis pessoas em uma área de águas cristalinas
Kobé aîkó nde ra'yrangaîpabĩnamo,eis que aqui estou como teu filho pecador,Vou ter o teu filho
xe kó robapy,o limite de minha roça,que é que estamos a comprar
so'o paba,a mortandade da caça,carne de papa
Xe agûy-agûy,eu estou cambaleando,Xe grão-grão
Abá serã xe îabé?,quem será como eu?,Será que vai ser um dia?
Anhanga pó gûyrybo nhẽ sekóû,sob as mãos do diabo está,Anhanga com as mãos em pé
Mba'epûera peîépe?,dissestes tolices?,O que é que você tem?
"Îori, anhanga mondyîa, oré moaûîé suí!","vem para espantar o diabo, para não nos vencer","É o meu filho, é o meu filho, é o meu filho!"
Ta pesó peîekosupa i potarypyra ri,que vades regozijar-vos com o que é desejado,Que pesos se aguentem na sua potarypyra
Oîoasykûera ri îasûaramo oîoerekóbo,tratando-se uns aos outros como que numa fraternidade,A gente está com problemas
Aînhe'ẽpoepyk Pero,replico a pero,Eu disse um pouco Mas
i aŷpy atyká-tykábo,sua cerviz ficando a esmurrar,e o meu coração está em colapso
A'uba nhote i por re'a,há de ser coisa insignificante somente,Eu quero que você me dê um pouco de energia
Aîkobé n'ixé sarõana,permaneço eu o seu guardião,Eu tenho que ser saronã
"Pysaré, i ka'ugûasu riré, asó abá rerobobõmo","a noite toda, após sua grande bebedeira, vou falar aos ouvidos dos índios","Pires, depois da floresta, vou ganhar o abá"
I poxyba'e tasara te'õ ogûar o îoupé,"os que são maus, que o tomam, recebem a morte em si",O seu quinto filho foi morto por um acidente
só-kyra,folha tenra,só-kyra
Tegûama porarasara,o que se defronta com a morte,Teguuma porarasara
I moasyagûera repyramono,como recompensa também de seu arrependimento delas,O preço de sua morte
Oîoesé te'õ 'asápe abá 'anga re'õû nhẽ,"ao cair a morte neles, as almas dos homens morrem","""Toda a gente tem que se preocupar com a vida"""
Mba'e abépe asé 'anga remi'u?,qual é também o alimento de nossa alma?,Em que lugar vou 'refeicionar' a imagem?
A'eboé Tupã ra'yramo anhemoingó re'a,muito a propósito comportei-me como filho de deus,Eu sou filho de Deus e vou fazer você cantar
Yby anhẽ nipó asé ro'o?,"porventura é terra, na verdade, a nossa carne?",A chuva está a escorrer?
"Kori, nã, îandé rekó îandé moarûapa angá","hoje, assim, nossa estada de modo nenhum nos impedem","Kori, não, não é o que se passa"
Xe ruru,minha embarcação,Por perto
Inimbó'i amõ reru,trazendo algumas linhazinhas,Inímbolo em frente a você
Xe ra'yra berame'ĩ arekó,trato-o como se fosse meu filho,Meu filho foi para mim
A'e niã Tupã sy irũnamo Tupã Jesus mongakuasaramo sekóû,"ele, com a mãe de deus, foi o que criou a jesus, deus",Eu digo que a Mãe de Deus não é a mãe de Jesus
A'e miapepûera abaré oîmbo'i re'a,"aquele pão o padre o partiu, certamente",Eu sei que você está sempre a aprender a cantar
São Matias S Pedro o irũetá resebé tari apóstoloramo,"são pedro, com seus companheiros, tomou são matias como apóstolo",São Matias S Pedro faz amizade com resebé tari como apóstolo
T'îasó xe irũnamo Nhoesembépe nhote,vamos comigo somente até nhoesembé,Tirasó xe companheiro em Nhoesembé
Tapi'irusu sarûápe kapi'ĩ anhẽ rerupa,colocando o boi capim às pressas para impedi-lo,"No palco da casa de amigos, o arroio de luz"
N'i aîarõî Îesu Cristo taté é te'õ suí i îepirapûana,não faz sentido ele fazer a defesa da morte fora de jesus cristo,Não espero que Jesus Cristo seja o pai de sua mãe
T'asóne - Hei de ir T'orosóne,havemos de ir,Tásonê - Hei de ir Tásonê
"O eîmbaba îagûara resé oîepyka, abá n'oîmomba'e'uî","para se vingar de seu cão que cria, um homem não o alimenta","Todos estão em cadeiras, mas não há nada a ver"
Esa'ãngatu,pronuncia-o bem,Eu sou forte
I apysy-katueté,eles se consolam muitíssimo,Eu estou muito bem
Ta xe pysyrõ marãtekó suí,que me livre das dificuldades,Taxe de transporte de pessoas suíças
Ereîeapysaká-katupe nde nhemombe'urama resé?,deste atenção a tua confissão?,Você disse que não poderia contar a sua história?
Nde resa'y eîmondyky,destila tuas lágrimas,Minha dor é curta
Oú tenhẽ xe pe'abo,vêm em vão para me afastar,Ele vai para o seu chefe
"Tupã robaké eîkóbo, xe suí nd'eresyryki","estando diante de deus, de mim não te afastas","Deus nos deu o seu nome, xe suí não fugirá"
Xe 'apiraíb,eu tenho usagre,Xe 'apiraíb
"Tupana rerupa, i por nde rygé","contendo a deus, está cheio teu ventre","A tua igreja é tua, por ti"
"Aîpó n'i papasabi, kûarasymo oîké îepémo!","isso não tem meio de se contar, ainda que o sol se pusesse!","Não tenho papasabi, é muito bom que haja!"
"Akó xe îubykarûera, tataûrana!","esse é meu antigo enforcador, uma taturana","Quando chegue a escuridão, a fogueira!"
apŷabaíba rekoaba é,característica de homem mau,A cultura do abóbora é
Ndebe oronheangerur,a ti suspiramos,Tu nos tensangerur
Oré remi'u 'ara îabi'õndûara eîme'eng kori orébe,nossa comida de cada dia dá hoje para nós,"""Não há nada de errado com o que fazemos"""
Kûesenhe'ym bé sepîá-potá tenhẽ roîré,"depois de querer vê-lo, em vão, desde muito tempo atrás",Que sejamos bem sepá-papos
"Mboîa o emindu'u rekobé mokanhemukar-y îanondé, o ekobé reîari o akanga patukasagûerype","a cobra, antes de fazer destruir a vida daquele que morde, deixa sua própria vida, ao pisarem sua cabeça","Muitas pessoas acreditam que o país tem dois filhos, que não têm filhos, que não têm filhos, que não têm filhos, que não têm filhos, que não têm filhos, que não têm filhos, que não têm filhos, que não têm filhos, que não têm filhos, que não têm filhos, que não têm filhos, que não têm filhos, que não têm filhos, que não têm filhos, que não têm filhos, que não têm filhos, que não têm filhos, que não têm filhos, que não têm filhos, que não têm filhos, que não têm filhos, que não têm filhos, que não têm"
Mba'e 'u-eté-eté robaîara oîá nhote mba'e 'u,o oposto do comer demais é comer somente o suficiente,O que 'u-eté-parece que nos foi dado quando houve 'u-te-desceu'
Oîakatu nhote okagûabo-eté,bebendo cauim só o suficiente,Mas não é nada mais do que um bom momento
Îekuakuba oîkoé so'o gûabe'yma suí,o jejum difere de não comer carne,É um pouco de carne de coco suí
Se'yî i kuabypyre'yma,são numerosos os que não são conhecidos,Seyyyyyyy seu sol está pronto
"Oporomoingobébo rame'ĩ, na supi ruã-te","como que fazendo as pessoas viverem, mas não de verdade","Ele nos deu um pouco de dor, não só supi"
Se'õ,ele morre,Seus olhos
"Aûîeté, kó anga andupa, aseîá kûesé xe roka","certamente, eis que percebendo isso, deixei ontem minha casa","De manhã, esta cara está morta, eu vou limpar o meu rosto"
Xe are'a,eu tenho pés tortos,É uma boa noite
N'aîkóî sesé ko'yté,"não tenho a ver com ele, enfim",Não haverá seis por dia
Lisboa amongoty,para adiante de lisboa,Lisboa fechada
sobábo,à vista dele,sobábo
okena robapy,o limiar da porta,chão de robó
Îudeus rubixabapiã nde?,acaso tu és o rei dos judeus?,É o que é que é o seu nome?
itaaoba monhangara,"armeiro, fazedor de armaduras",Itaaoba monhangara
Itá resé aín,estou preso nos ferros,Sua mãe disse que
Our i moapysyka,vieram para consolá-lo,Nosso i está em pé
Xe pysasu,eu sou novo,É um belo
Opá îandé moputupabymo,a todos nós espantaria,"Todos os dias, a motocicleta"
Xe remirekoe'õ,eu enviuvei,A esposa de Xe
"Aîpó potá é erimba'e nhemoapŷabi, Tupãnamo o ekó po'ire'yma","querendo isso, fez-se homem, não deixando de ser deus","Que Deus te abençoe, que Deus te abençoe"
Aûîé ruãpe?,é o suficiente?,No chão?
Ereroŷrõ-mbápe o îoesé i îerobîara?,detestas completamente a confiança dele em si mesmo?,Aonde espera que ele faça sua carreira?
Aîkyty-kytyk mba'e-kagûera pupé,fiquei-o esfregando com coisa gordurosa,Eu tenho um pouco de tudo
Oporaseî pysaré,dançaram a noite toda,Quer fazer uma lavagem
Asé oîpoûsubeté opakatu i poûsubypyra sosé,a gente o teme mais do que tudo o que deve ser temido,A noite de sábado é muito tranquila
Na ixé ruã,eu não,Na ixé pai
"Marangatuba'e, santos ybakype, Tupã repîakaretá, osasá 'ara ro'y remierekó papasaba","os bem-aventurados e os santos no céu, que vêem a deus, ultrapassam o número dos dias que o ano tem","Santo, santo, santo, santo, santo, santo, santo, santo, santo, santo, santo, santo, santo, santo, santo, santo, santo, santo, santo, santo, santo, santo, santo, santo, santo, santo, santo, santo, santo, santo, santo, santo, santo, santo, santo, santo, santo, santo, santo, santo, santo, santo, santo, santo, santo, santo, santo, santo, santo, santo, santo, santo, santo, santo, santo, santo, santo, santo, santo, santo, santo, santo, santo,"
A'e ré t'asepenhan,depois desse momento hei de atacá-los,Eu chamo-te Tasepenhan
Putuna nd'îaîandubi xûéne,a noite não perceberemos,Putuna não se sente bem
T'oré pyatã,que nós sejamos corajosos,O teu coração está cheio de dor
Naînanĩ temiminõ o erumûana mombó,de modo nenhum os temiminós tiram seus nomes antigos,Não tem nada a ver com os jovens
Aîeatykok gûitupa,estou-me apoiando sobre o braço,Eu estou muito bem
Aî'abo'o-bo'o,escabelei-o,Eu estou a beber e a beber
"Xe raûsubá-mirĩ temõ abaré, amongoty nhõte xe moinuká mã!","ah, quem me dera tivesse o padre um pouquinho de piedade de mim, mandando-me pôr em outra parte!","É um monte de coisas que se faz, é um monte de coisas que se faz!"
T'oîapysaká a'ereme marã o 'anga moingó-katuagûama resé,"que ouça, então, alguma coisa, para fazer estar bem sua alma",O que eu quero é que o meu pai me diga que eu sou um homem.
I py'apûera xe potabamo t'oîkó,seus fígados hão de ser minha porção,A sua paixão por ele vai ser desfeita
tupãoka arõana,apropriada para igreja,A oração de Deus
Sasy asé 'anga asé reté suí i îa'oka,dói a separação de nossa alma de nosso corpo,Sasy asé 'anga asé reté suí i îa'oka
Îepémo xe só umani,embora eu já tivesse ido,É que é apenas um humano
I mombe'ukatupyramo ereîkó kunhã suí,bendita és entre as mulheres,"Se você escrever um breve comentário, você vai dizer que você é um suí"
Xe tegûam,eu tenho peçonha,É muito bom
Eîkuá ra'u nde ri opûaryba'e!,"adivinha, vamos ver, o que bateu em ti!",Que o seu riso se despeje!
Mba'e-asy porarábo Tupana resé,suportando as coisas dolorosas por causa de deus,Doença curará o Tupana resé
Anga îápe pe roka?,como estas são vossas casas?,A pedra está fechada?
eboûĩ suí,"daí, desse lugar",é um suíço
N'asasabi i popytera,não cruzei suas palmas das mãos,Nasasabi i popytera
Anhanga momosembara,perseguidora do diabo,O romance Anhanga
N'i tyb-etáî semyrûera,não há muitos restos deles,Não tem tib-teto como filho
Osekomonhangype a'ereme Tupã îandé rubypy?,"deus deu, então, determinações para nosso pai primeiro?",Será que eu deveria ser o deus da rubéia?
Aty-ypy-a'ang,eu meço a profundidade do rio,Grupo-de-fogo
Omonhe'enguká temõ Tupã te'õmbûera!,que bom seria se deus mandasse fazer os cadáveres falarem!,Ele olhou para o céu de Deus!
"Sarûab amõme asé posangygûaba, mara'ara moîerobu-bé-uká, amõme i pe'arunga o arûabíreme","não faz efeito, às vezes, nosso remédio, fazendo avivar mais a doença, às vezes por sua ineficácia em afastá-la","Sarûab é um lugar de culto, mas a noite é de morro e de folga, e a noite é de folga."
Sugûé-katu,ele virou cinza completamente,Sugûé-katu
Purgatório pupé osoba'e,as que vão para o purgatório,Purgatório pupé perso'e
xe ambyasy posanga,lenitivo de minha fome,que sinto muito por posanga
Nde rupiri nde moetesápe,fez-te subir por te honrar,O teu rosto no teu mote
Osaybi amana,a chuva caiu lentamente,Osaybi amana
Kunhã-kûare'yma gûeté-marane'yma bé ogûeromanõba'epûera,mulheres virgens que morreram com seu corpo incorrupto,A manhã de manhã é muito boa e a noite é muito boa
oîoirundyk îeapyká sykápe,no transcorrer de quatro gerações,está em um hospital
Aîmoabangab,desobedeci a ele,Eu tenho um bom
"Tupã osaûsupe'a, sesé oîerobîá-bebuîa","deus deixou de amá-los, n'ele confiando fracamente","Deus abençoe, seis estão em situação de cobra-bebebe"
Pitanga mokõî ro'y omoaûîeba'e mombab-ukaragûera 'ara îaîmoeté ko'yr,agora comemoramos o dia em que mandou eliminar as crianças que completavam dois anos,Pitanga com dois frioes faz com que a mombab-ukaragûera 'seja de manhã'
nde rekobesaba 'ara retá,o grande número de dias de tua vida,tu cobesaba 'ara retá
Nd'aîkopukuî,não durei,Não posso parar
"Xe pindá-porangeté t'opindaîtykyne endébo, kunapu rekyîetébo, gûaraobanhaneté","meu anzol muito ditoso há de pescar para ti, puxando bem os canapus e as arabaianas verdadeiras","O que é a pinda-pureza é a sua grandeza, a sua riqueza, a sua riqueza, a sua riqueza."
Oîeí bé muru kaî,ainda hoje os malditos queimam,Há muitos gatos
Xe rãîtatak,meus dentes tiritam xe rembé-tatak - meu beiço tirita,Para que seja
Xe poreaûsubetekatu Anhanga supé xe nheme'eng'iré mã!,"ah, eu sou muito miserável após me entregar para o diabo!",O Anhanga é um subebedô que se dá ao público!
Ixé anhotenhẽ,"eu, tão somente",A minha irmã me levou
"Ma'ẽne, tupinambá Paragûasupendarûera opakatu îamombá","olha, arrasamos todos os tupinambás que estavam no paraguaçu","No dia seguinte, a paraguaya subpendarou que a cidade de Paragüasupendarûra seja destruída"
Xe rendy,eu brilho,É brilhante
"Îudeos ekomonhangábo, i 'apira mondoki","segundo o rito dos judeus, seu prepúcio cortaram","Judeos ekomonhangábo, sua 'apira roboki"
Sekobekaturama resé bé onhemboryryîa,interessando-se também por sua felicidade,Secobecuturuama diz que é divertido
Ereîase'o îepi,choravas sempre,Quer dizer que
"O ati'yba ri, krusá osupi Membeka suí, Îesu sero'ari","no seu próprio ombro, levanta a cruz por fraqueza, jesus fá-la cair consigo","O peixe ri, a cruz sobe Membeka suí, Îesu sero'ari"
Nde apysy-katu ko'yté pytunusu nde 'anga moingotebẽsagûera suí nde sem'iré,"consola-te muito, enfim, após tua saída da escuridão, da aflição de tua alma",Tu estás de pé-de-cabeça no escuro de tua 'mura que te dá a luz suí para o teu filho
Aîmomba'eté-tekatunhẽ,honrei-o muitíssimo,Eu gosto de ser um homem
Ereîkópe sere'ymba'e amõ resé?,vives com alguma não batizada?,Você diria que eu vou ser um peixe?
Osó-osok,quebra-se muitas vezes,Osso-osso
tubixabeté,muito maior,tubixabeté
E'ikatupe o îesuí opo'i?,podem deixar um do outro?,Você pode ou Jesus pode parar?
Xe nhe'enga apyrûerype ahẽ nhe'engi,"no final de minha fala, ele falou",Cheguei a um avião
A'e memẽpe tupãoka îakatu i kûáî?,ele mesmo está em todas as igrejas?,Eu disse que a igreja tinha um tamanho?
ygara rokytá,mastro da embarcação,A porta do barro
Xe mba'emoasyîá,eu sou sensível,É triste
Seîxu îabi'õ nhemombe'u,confessar-se a cada ano,Sexo é um tema de discussão
Xe membek,eu sou molengão,É muito pequeno
Oroîeysyrung,pusemo-nos em fila,Oroeysyrung
Endé konipó ixé,tu ou eu,Endé conipé ixé
Xe resagûyrumbyk,eu tenho olheiras,É um pouco mais tarde
Tobá kuruba,espinhas do rosto,Tobá kuruba
"Peîori, perasó muru, supi îandé ratápe sapeka, i momembeka","vinde, levai os malditos, erguendo-os para sapecá-los em nosso fogo, derretendo-os","Peiri, perasó muru, supi îandé ratá sapeka, seu momembeka"
pysaîekatu ké-gûyrybo,"""sob o sono"" da alta noite, nas horas mortas da noite, em que todos dormem",de um pouco de silêncio
Seté-beraba tiruãpe n'osepîaki xûéne?,não verão sequer seu corpo brilhante?,Seté-beraba no campo não se despeja?
Xe rekoruruînhẽ,eu estou adoentado,Não vou ter que ir
Xe aparatã,eu estou hirto,Aparelhos de direção
abá-poreaûsubĩ,homem miserável,abá-poreaûûi
Aîmoysyrung,enfileirei-os,Eu me sinto bem
Asa'embé,torrei-o,Eu vou ficar
T'e'i nhẽ ã xe boîá o marane'yma rerasóbo rõ,"deixai, pois, estes meus discípulos irem com saúde",Ele disse que não é o que faz com que o xe-boba seja bem-sucedido
"Osykyîé nde suí Anhanga, nde moabaetébo","tem medo de ti o diabo, odiando-te","Se você fizer o seu suí Anhanga, você vai fazer o seu"
N'asaûsubari mba'e,não tenho pena das coisas,Não espere nada
oka rerekoara,"o que cuida da casa, caseiro",saíste para o lado
"T'oroîtyk oré poxy, paîé rerobîare'yma","que lancemos fora nossa maldade, não acreditando nos pajés","T'oroityk é muito bonito, mas não é nada"
A'epe miaûsuba n'osapîari xûé o îara nhe'engane?,e o escravo não obedecerá às palavras de seu senhor?,Eu disse que a minha manhã não era muito clara ou não era muito boa?
"T'îasó îandé îabé îandé 'anga moîegûaka, serasóbo sobaké","vamos, como nós, para enfeitar nossas almas, para levá-las diante dele","O presidente da República, José Manuel Barros, disse que o ""pavilhão"" será o ""sobrecar"""
Kó aîkó sygepûera t'arasó i nhy'ãbebuîa abé xe raîxó-gûaîbĩ supé,aqui estou para levar seu ventre e também seus pulmões para minha sogra velha,"A irmã de um homem que não tinha filhos, que não tinha filhos, não tinha filhos."
Erema'ẽ-nhemomotarype amõ rapopé reséno?,olhaste também com desejo para a vagina de alguma?,Você vê o nosso hemomotório onde vamos fazer o reseno?
Nd'e'ikatuî sesé omendá mimbápe serekó pukuî,não pode com ela casar-se enquanto a mantiver em esconderijo,Não pode se casar com ninguém por muito tempo
Tupã 'éagûera moabaetee'yma,não respeitando o que deus dissera,Deus 'é muito bom'
A'epe Îudas n'oîkotebẽî Îudeus supé o îara me'engagûera resé?,e judas não se afligiu junto aos judeus pela traição a seu senhor?,Eu disse que Îudas não pode ir à Îudeus supé ou à noite para o dia de hoje?
"Aîpó tekoporanga resé asé serekóû o kotype, a'epe i moîasekóbo i gûaburu","para esse belo procedimento, a gente a mantém em seu próprio quarto , aí dependurando o recipiente em que a bebe","Eu tenho uma vida de amor em casa, em casa, em casa, em casa, em casa, em casa, em casa, em casa, em casa, em casa, em casa, em casa, em casa, em casa, em casa, em casa, em casa, em casa, em casa, em casa, em casa, em casa, em casa, em casa, em casa, em casa, em casa, em casa, em casa, em casa, em casa, em casa, em casa, em casa, em casa, em casa, em casa, em casa, em casa, em casa,"
pitangĩ-moraûsubara,neném compadecedor,A história do povo
Oroîogûerekó,nós nos combatemos uns aos outros,Nós nos amamos
Erĩ! Aûîeté-pakó aîegûak ûinhemoúna,"ah! na verdade hei de me enfeitar, pintando-me de preto",É! Eu vou-me juntar a você hoje
Anhẽ ûĩ!,é verdade isso!,Eu estou gritando!
apykabapu'a,banco redondo,Sento-me
Akaruk,urinei,Acabou
Nde ranhẽ eporandub,"pergunta tu, primeiro",Pergunte-se em primeiro lugar
T'asó nde pyri kori,hei de ir contigo hoje,Passe os pés de cor
Ne'ĩ a'é,digo que está muito bem,Não seja meu
tekó-ypy,a lei primeira,ambiente
N'aîkugûabe'ym-a'ubi,fiz que não o conhecia,Não há peixe-cabeça
"Mbegûé é ko'yté abá tekokuá kanhemi, iî u'u osororoka","lentamente, enfim, o homem perde entendimento, sua tosse irrompendo","É o dia de manhã da vida, e os brotos fluem"
Aîepó-mopuruk,faço-me estalar as mãos,Eu sou um homem
apyrytá,"estrutura de cume, cumieira",a minha
"Îé t'asóne xe mondoápe Memeté ixé, xe py'ape, emonã tekó potá","sim, hei de ir para onde me mandam mesmo porque eu, em meu coração, assim quero fazer","Ele vai ir ao mundo Memeté ixé, xe no coração, aceite a boa vida"
"Kûarasy nipó oberá, putunusu kûab'iré",o sol certamente brilha após passar a grande noite,"Cúrara nipo vai se abrir, no poço do rio"
Eîpy-tybyrok xe roka,arranca de minha casa a poeira dos pés,Epy-tybyrok xe roca
I poîa-mirĩ nde kama pupé,alimentando-o um pouco em teu seio,Eu tenho cinco filhos na tua cama
Nd'e'i ymûanĩ ahẽ aoba moaûîébo,ele nunca acaba de completar as roupas nd'e'i ymûanĩ osóbo - nunca acaba ele de ir,Não disse que na velhice eu ia ao ar livre
"Aîpó i 'eagûera rerekóbo, semimbo'e-etá miapé rari o pópe","tendo isso que ele disse, seus discípulos tomaram o pão em suas mãos","Tenho uma 'agüera que tem um, sem-escola que tem uma rari em mãos"
Asapy tatapynha,queimei carvão,As águas do rio
karasy-ryryîa,tremor de maleita,febre-rémia
Eîori muru moingóbo îandé nhe'enga rupi,vem para colocar os malditos conforme nossas palavras,Eori murou em sua casa por causa de sua falta de luz
sobyba'e,"o que é azul, o que é verde, o que é roxo",sobrepeso
Xe rebykasy-pyrang,eu tenho diarréia com sangue,Xe do mal-estar
mba'e-resémo?,por que seria que? por que razão haveria de?,O que-resresemo?
Anhemosako'i tobaîara resé,fiz preparativos para receber o inimigo,Eu preparei tubiara para você
I porangype pe retama?,é bonita vossa terra?,E a sua desgraça é a retama?
"Marataûãme tekoara ogûerobîá xe nhe'enga, xe pópe o 'anga me'enga","os que estão em maratauá acreditam em minhas palavras, entregando suas almas em minhas mãos","No Marataúu a condição é de que o xe nao'enga, xe em mãos ou 'meo'enga"
Aîpukusamb-ok,soltei as peias dos pés dele,Eu estou com o meu coração
Xe ruba tobaîara îa'u,meu pai os inimigos comeram,Xe ruba tobaíara não come
Xe katupe ká,hei de ser bom,Mas não é
Pero gûe'y!,ó pero!,Mas é um cão!
Na pe andubi,não vos perceberam,Não o toque
Anhanga t'îaîpe'a ko'yr aûîeramanhẽ,que afastemos o diabo agora e para sempre,Anhanga abriu a manhã de manhã
Oîuká,mata,Tem sido
"Tupã rerobîara mombe'u posykyîee'yma resé, angaîpaba São Mateus îukáû","por não recear proclamar a fé em deus, os pecadores mataram são mateus",Deus nos abençoe por um belo relato sobre São Mateus
Xe rendybá-aîub,eu tenho barba ruiva,Xe de luz-aub
Nainanĩ temiminõ o erumûana mombó,de modo nenhum os temiminós tiram seus nomes antigos,Não há ninguém que esteja longe
Mba'e-eté ka'ugûasu,coisa muito boa é uma grande bebedeira,Que é que é uma floresta
E'ikatupe abá o emirekó resé oposykyîee'yma?,pode o homem não cuidar de sua esposa?,Você pode ter um emirado que já é oposto?
Kó bé xe pûapẽ,eis aqui também minhas garras,O que é que é o que é
Eẽ hegûé!,"ah, sim!",Vai lá!
Ang é!,isto de novo!,É isso!
Tupã rekó resé nhemoryryîa,interesse pela lei de deus,A palavra de Deus é uma lembrança
Aîkytyk,breei-o,Eu tenho um pouco de medo
Îandé re'õ mokanhema,fazendo desaparecer nossa morte,É muito bom se você está com eles
E'i tenhẽ nde rerobîá,em vão crêem em ti,Diz que é o teu nome
Xe apẽ,eu sou torto,Eu vou embora
Setá tenhẽ erimba'e opab aîpó 'îarûera,"eram muitos, mesmo, todos os que diziam isso",Satanás vai dar luz a todos os dias
Xe abang,eu sou covarde,É vermelho
O îoyby-ybyri aîmoín,prendi-os uns ao lado dos outros,Ele gritou ao meu lado
"Kori, nã, îandé rekó îandé moarûapa angá","hoje, assim, de modo nenhum nos impedem nossa estada","Kori, não, não é o que se passa"
"Îu, anhangap'ikó ri?!","oh, será que isto é o diabo?!","É, eu estou a rir?!"
Ne'ĩ! T'eresó taûîé! Nde apûan!,eia! que vás logo! apressa-te!,"Não! Você está chorando, meu povo!"
"Kó taba renyreme, pe pyri nhẽ xe rekóû","por esta aldeia luzir, eu estou junto de vós","Para a água da tabea, o pé de pé é um pedaço de xe"
sakãpyra,ponta de galho,saúde
"Xe ikó asaûsu pe 'anga i moaysóbo, i momoranga","eis que eu amo vossas almas, aformoseando-as, embelezando-as",Xe dorme com esperança na imagem e na imagem
Aîopûaî amõ abá pindoba resé,mandei um homem ir em busca de palma,Eu estou com um pouco de medo
angaipaba,maldade,pecado
T'ogûenosem mba'e-aíba xe 'anga suí o poroaûsuba resé i moynysema,"que retire as coisas más de minha alma, enchendo-a com seu amor",T'ogûenosem coisa-aíba xe 'anga suí ou poroaûsuba resé i moynysema
tatá-endy îabé,como uma luz de fogo,fogo-luz em abé
Oré tupãoketá,nós temos muitas igrejas,Temos uma igreja
Nde pu'amixûé nde ruba pé?,tu costumas levantar-te diante de teu pai?,O seu braço é assim?
Xe aépe xe ybõû,flechou-me em lugar vital,Xe a pé no chão
Mba'e resépe ereîkó?,que coisa buscas?,O que você diria?
atá-irũ,acompanhante de caminhada,companheiros
Xe ruba rupi é emonã aîkó,assim ajo conforme meu pai,Por causa da sua ruba é que eu vou aceitar
Oîmoasype a'e riré a'e 'ybá 'uagûera?,"arrependeu-se, depois disso, de ter comido aquele fruto?",Foi triste quando disse 'beba' ou 'bebeba'?
Oîkuab i marangatueté,conheceu sua autêntica bondade,O seu santo poder
T'oropytybõne,hei de te ajudar,Você ficará
Xe ryku,eu me derreti,Meu irmão
Ro'y îabi'õ onhemombe'ue'ymba'e,o que não se confessa a cada ano,"Frio e frio, a história do peixe"
Xe îuru-memûã,faço trejeitos com a boca,Xe-iruru-emúdu
Aûîeté pakó aîegûak ûiîemoúna,"na verdade, hei de enfeitar-me , pintando-me de preto",Eu só tenho um pacote para ir embora
Aînhe'engapypyk îepé,"argumentei contra suas palavras, em vão",Eu olhei para o fundo
"Kaûĩ mboapŷareté, a'e marã monhangara","o que esgota verdadeiramente o cauim, esse é o fazedor de mal","Na escola de caçamba, eu sou um ladrão"
takûarusu-tyba,ajuntamento de taquaruçu,caçarouro-túba
Atimbor,bafejo,Atímbor
Kariîopiara,caminho da carioca,Carriopara
Aîmoîoparab,entremeei-as,Eu fui para o carro
Xe ra'yt!,meu filho!,Seu filho!
atuá-pyko'ẽ,"concavidade da nuca, depressão na parte inferior da nuca",A minha vida
"Mokõî mondabora, i 'ekatûaba koty amõ, a'e amõ i asu koty","dois ladrões, um à sua direita e o outro à sua esquerda","Duas roubas, seu 'escudo' no quarto, eu no banheiro"
nhembo'e-irũ,"companheiro de aprendizagem, condiscípulo",colega de escola
"Na i moetesaba ruã ka'u, o apixara rerekoaíba, sopenhana","não são modos de o honrar a bebedeira, o maltratar seu próximo, atacando-o","Na i moetesaba ruão de cavalo, ou apixara reekoíba, sopenhana"
"Osó S Pedro, São João abé",foram s pedro e são joão,"Osó S Pedro, São João abé"
Iesu moropysyrõana,jesus salvador da gente,Jesus é o sol
Oîaby bépe aîpó o emirekó membyrara resé oîekuakuba'e?,transgride também aquele o que faz resguardo por causa do parto de sua esposa?,Será que o Emirado tem filhos que não possam ter filhos?
okambûera,"casa que seria, o que seria casa",ele foi descalço
Aîkó sesé,tenho relações sexuais com ela,Eu tenho seis
Abá abépe i pyri i tymbaramo?,quem mais junto deles foram seus sepultadores?,Que abertura tem as pernas quando está a ser feita?
Okeretápe se'õmbûera o mondebagûerype oupa?,"dormiu demais seu cadáver, estando deitado no lugar em que o puseram?",O que é que se escreve ou se escreve?
Taba raroanamo nhẽ Îandé Îara xe moingóû,nosso senhor constituiu-me guardião da aldeia,Taba raranão em Îandé Îara xe
kori bé penhemoanhẽ-anhẽmo tekokatueté pé pegûasemagûama resé,ainda hoje apressando-vos para encontrar a felicidade verdadeira,O que é que você tem de fazer para se tornar um homem
Emonã serekopyra rakó abá obasẽ-porang,"assim tratada, uma pessoa certamente chega bem",Vimos o serekopyra na abá obasê-porang
Oîepé karaíbypy rekoangaîpaba ikó 'ara pupé seîkeagûera,o pecado de um primeiro homem branco foi a causa de sua entrada neste mundo,"No entanto, a cultura do caçamba foi alterada em 'ara pupé seixeagüera'"
Na xe apysáî,"não dou ouvidos, não me importo",Não quero ser vítima
Penheŷnhang pabẽ sesé!,ajuntai-vos todos com eles!,Que sejamos sem a sua pá!
Mosapy reîá reru îasytatá rupi é,vindo com os três reis pela estrela,A paixão pela sua vida é uma das maiores consequências
T'oîmoîa'ok nde membyra tekokatu'ĩ amõ orébe,que reparta teu filho um pouquinho de virtude conosco,Coloque a beleza de sua filha na frente de nós
Eîori xe moîegûaka,vem para me adornar,Eíori é um motorista
Anhenonhẽpe ko'yté ká,"hei de me corrigir, enfim",Eu chamo-te amanhã
"Ema'enãngatu xe ri, xe mbo'are'ymuká","vela bem por mim, mandando que não me façam cair","Emaenaguatu xe ri, xe ensinou"
o monhemombe'ûarama resé oîkotebẽmo,tendo falta de um confessor seu,O monhemurrama diz que vai haver
Asekoabok,despejei-o,Eu aprendi
Îamongûá moxy ru'uba,fazemos passar as flechas dos malditos,É um dos melhores filmes de uma mulher
"Îase'o rakó perekó peẽmo teîkeara moetesabamo, i mobasembabamo","com pranto estai, como modo de louvar o que entra junto a vós, como modo de o receber","Quero que todos vocês se sintam com vontade de mudar, se quiserem"
Aûîé! Xe rorybeté,basta! eu estou muito contente,Eu vou!
"Quarta-feira tanimbukaraíba rasápe, îekuakupabusu Quaresma 'îaba nheypyrungi","ao passar a quarta-feira de cinzas sagradas começa o grande jejum, chamado quaresma","Quarta-feira em horário de quinta-feira, o local de cultivo de Quaresma 'aba nheypyrungi"
Eresekyîpe îuraragûaîa abá supé i motĩamo?,"urdiste mentiras contra alguém, envergonhando-o?",Você não sabe se ela tem um pouco de sucesso?
T'asó aîpó nhe'enga mopó,hei de ir cumprir essas palavras,Tristeza por não ter sido a única pessoa que me deu o jeito de ir embora
Emoîyb pirá,coze o peixe,Reduza o dinheiro
Amõ amõ o poti'a resé opûá-pûá,alguns ficavam batendo no peito,O meu pai não me deu nada para fazer
"Ogûaûsukatuagûera repyramo, Tupã ipó serã serasóû seté resebé ybakype","como recompensa de seu muito amor a ele, deus levou-o certamente, com seu corpo, para o céu","Se o preço de um preço for elevado, a mão de Deus será colocada no fundo de sete resebes"
Xe morangygûan,eu sou agourento,É branco
Esa'angyne serasóbo,prova que o levas!,Essas ángeles serão resgatados
Aîe'atype'a,pus-me espertadura,Eu estava reunido
"Abá ra'yra, ipó","filhos de índios, certamente","Filho de Aba, seu"
T'asendu tenhẽ,hei de ouvir em vão,Ouça-me primeiro
Agûatá-gûatá tenhẽ,fico andando à toa,Agradeço-a-você
Îaîmoasy marãtekoagûera îandé py'a suíne,"arrepender-nos-emos, de coração, dos maus procedimentos",Desconstruído por um acidente de carro
N'oîmomarã-mirĩ-angáîpe ybakygûara Tupã remimotara?,não desobedecem nem sequer um pouco os habitantes do céu à vontade de deus?,Não é que o Senhor não nos deu o seu nome?
Aîaso'i,cubro-o,Eu ouvi
O apixara reîmbaba îagûara remimomosẽgûera,o que perseguiu o cão de seu próximo,O apixara reíba ao seu lado
i api'aba'e,o que é circuncidado,Eu estava com ele
Te'inhẽ t'osó,deixa que vá,Esqueça o alho
"Îeperibe'ĩ asé marã i 'éû, onhemoŷrõ ymûan","mal a gente diz algo, já se irrita","É um marcado de ""prego"" para o futuro, para o futuro"
"Pepytá, manemusu!","ficai, palermões!","Fiquem, manemúso!"
Eresapîápe tekopoxy resé nde moingóreme?,obedeces a eles quando te fazem viver no vício?,A sua vida é muito agradável.
Nd'ere'uî xó kori xe remindu'une!,não beberás hoje o que eu mastigo,Não come o lenço do kori xe!
Aîpé-'ok,arranquei-lhe a casca,Eu tenho-'ok
Mba'eîare'yma îabé so'o mimbaba roka ogûâr og upabamo,"como um pobre, tomou a casa dos animais de criação como sua pousada",O que é que é o carne de uva de caju
I moetepyramo nde rera t'oîkó,santificado seja teu nome,"Se você estiver bem, você vai ficar bem"
"Eîori xe 'anga reîa, i motinga","vem para lavar minha alma, branqueando-a","Eíori xe 'anga reia, sua motinga"
Ybyramo i nhemonhangyne,em terra ele se transformará,A cidade de Nheumonhangyne
Sory-katu xe repîaka,estavam felizes ao ver-me,Sory-katu é muito caro
Xe pindá-porangeté t'opindaîtykyne endébo,meu anzol muito ditoso há de pescar para ti,Xe pinda-porante tem que se manter em pé
Oposẽ-posẽ pabenhẽ sesé,ficaram todos gritando por causa disso,Ele lançou-se em seu primeiro álbum
Mbegûé-katu aîmonhang,bem devagar o fiz,O que é que eu posso ver
Aî'useî-mogûab,saciei minha vontade de comê-lo,Eu tenho um grande desejo
Abaetéramo aîmoingó,"fi-lo estar como forro, alforriei-o",Se eu me deslocar
"Xe moaîu-marangatu, xe moŷrõetekatûabo, aîpó tekó-pysasu","importuna-me bem, irritando-me muitíssimo, aquela lei nova","É um santo, é um homem, é um homem, é um homem, é um homem, é um homem, é um homem, é um homem, é um homem, é um homem, é um homem, é um homem, é um homem, é um homem, é um homem, é um homem, é um homem, é um homem, é um homem, é um homem, é um homem, é um homem, é um homem, é um homem, é um homem, é um homem, é um homem, é um homem, é um homem, é um homem, é um homem, é um"
"Pene'ĩ, ta pe rory","eia, que estejais alegres","Fique, fique feliz"
I angaîpaba suí i moîepe'aesapy'a-uká,mandando-os fazer afastar-se logo de suas maldades,O que é que é que é que é que é que é que é que é que é que é que é que é que é que é que é que é que é que é que é que é que é que é que é que é que é que é que é que é que é que é que é que é que é que é que é que é que é que é que é que é que é que é que é que é que é que é que é que é que é que é que é que é que é que é que é que é que é que é que é que é que é que é que
"Ereîmopa'ũpe 'areté amõ, Tupãokype eîkee'yma?","alternaste alguns dias de guarda, não entrando na igreja?","Você já disse: 'não, meu filho, Deus já está lá?"
Ta pesykyîé ianga suí,que tenhais medo disso,Ta pesquino mais curto de sua imagem suí
Apŷaba kunhã ri i mondaba'e,os homens que roubam mulheres,Eu estava a brincar com roubos
Og ere'yma pupé abá remipysyrõ oîabé sere'ỹme?,"o que alguém acolhe no seu paganismo, no paganismo dele está igualmente?",O que é que você disse que a salvação de um filhote de ave está em vão?
Ta sepy nde mondagûera,que tenha reparação o teu roubo,Que seja sepy o seu ladrão
Marã-pipó moranduba?,"quais as novidades, por acaso?",As pessoas perguntam?
Opabenhẽ serã erimba'e a'epe tekoara iî a'o-îa'oû?,por acaso todos os que estavam ali ficaram a injuriá-lo?,Será que você vai me dizer que o tempo é muito ruim?
"Îasepenhan, îaîpysyk i apysyk' e'ymebé","ataquemo-los, prendamo-los antes que se consolem","Îasepenhan, eu tenho medo de ter medo de ter medo de ter medo de ter medo de ter medo de ter medo de ter medo de ter medo de ter medo de ter medo de ter medo de ter medo de ter medo de ter medo de ter medo de ter medo de ter medo de ter medo de ter medo de ter saudado."
itá-ekobé,"metal vivo, isto é, o mercúrio",A pedra-cobe
Oroîa'ok oré îosuí,separamo-nos uns dos outros,Que nos dêem uma boa chance
Xe nhe'engixûer gûitekóbo,eu vivo papeando,Xe não se engixûer em nós
"Kaburé, îori enhana tobaîara t'îa'u!","caburé, vem correndo para que comamos os inimigos!","Kaburé, îori enhana tubáira de tomate!"
tupagûera,antigo jazigo,paiar
"Aîeby benhẽ, gûixóbo","indo, voltei atrás","Eu sou um verdadeiro, gûixóbo"
Irũnamo aîkó,estou com ele,Se eu tivesse
Îamombá taba îandune,"destruiremos a aldeia, como de costume",É o que faz com que o tabaco se torne popular
Nde nhemongaraibe'yma pupé oîkoba'e mosema nde 'anga suí,fazendo sair de tua alma o que havia no teu paganismo,"Seu pão de batismo está no seu ""músculo suí"""
Pekûá taba rupi,ide pelas aldeias,Pequou por taba
tapuîa rarõsara,guardião dos tapuias,ação de um
E'ikatu ipó senonhẽndarama supé é,pode certamente para quem o repreenderá,E pode seu pé senonhẽndarama supé é
Pedro ranhẽ osó,pedro foi primeiro,Pedro se afastou
Asybykoî-atã,cavei-o duramente,As doenças
Iîá îaby ahẽ mã!,"ah, bem feito para ele!","Vou para lá, vou para lá!"
Aîkó-me'eng Pedro,dou roça a pedro,Eu sou um-meeng Pedro
Xe rembyrûer,eu sobrei,Reto de Xe
Na xe apori,não desisto,Não quero falar
paranã pora,o que está no mar,Parana-para-parana
Mbypeteĩ ipó ahẽ rekóû,pertinho certamente ele está,"De repente, fui para o mundo"
"Xe nhy'ãme t'ereîké, xe py'a moingatûabo","que entres no meu coração, guardando bem meu interior","Xe em rosto, xe de pernas"
Na xe 'aîubyri,eu não levanto a cabeça,Na xe 'aiubyri
Xe nhe'endok,eu me calei,Não ouvimos
I angaîpab-eté kó pe rembiá potasaba,é muito má a vontade destas vossas presas,É muito difícil encontrar o alimento
I akanga resé a'e takûara reropûá,em sua cabeça batendo com aquela cana,Eu tenho que ir para a praia
"Karaibebé serã, kó taba rarõaneté","talvez seja o anjo, guardião verdadeiro desta aldeia","Se não for o caso, esta tábua é muito rara"
"O ati'yba ri krusá osupi Membeka suí, Îesu sero'ari","no seu próprio ombro levanta a cruz de fraqueza, jesus fá-la cair consigo","O peixe da cruz sobe ao Membeka suí, Îesu sero'ari"
-Mba'epe onong i akanga 'arybo? -Îuatĩ-apapûara apynha - Que puseram sobre sua cabeça?,uma coroa de espinhos enroscados,- Em que se põe o seu manga 'arbo? - Em que colocam sobre sua cabeça?
Naroîaî mamõ xe sóû,nem por isso eu vou para longe,Não há nada de bom
Eîmombe'u pakatu nde angaîpagûera nde ratãngaturamo,"conta todos os teus pecados, sendo forte",Confessa o poder do teu erro quando tiveres a sua paixão
îasy-angaîbara,lua minguante,doença-angábara
Nd'e'i te'e mba'e amõ resé i moîekosupara Tupã nhe'enga abŷabo,"por isso mesmo, o que os agrada em alguma coisa transgride a palavra de deus",Não disse nada sobre quem seria o melhor de Deus
Tupã nhe'enga abŷagûera rakypûera kanhemagûama resé,para o desaparecimento dos vestígios da transgressão da palavra de deus,Deus não nos deu a luz de que não há nada de melhor para nós
Îasytatá kûepe é i nhemimi,as estrelas bem longe se escondem,É um pouco mais do que um pouco mais
Asé îemongaraíme o 'ara moíni?,"quando a gente se batiza, põe seu próprio entendimento?",Eu vou fazer banho ou 'ra aqui?
xe arõana,meu igual,é um dia
îudeus-etá cruz robábo,os muitos judeus junto à cruz,roubo de cruz de judeus-etá
Ipuku xe rekóû i monhanga,longamente eu o estive fazendo,Longo de xe com o seu ladrão
Tupã é abaré oîmoîa'ok gûekobîaramo,o próprio deus distinguiu o padre como seu substituto,Deus é abere quando estamos no mundo
Yba ting,os cabos são brancos,Yba ting
Marã? Ybyrá supé nhẽpe asé îerokyû?,como assim? diante de uma madeira a gente faz reverência?,Marã? É a água que vai dar ao seu sué para dançar?
Sesé nde nhemomotaragûera ranhẽ t'ereîmombe'u,hás de confessar primeiro tua atração por eles,Sesé sua nhemomotaragüera antes de você contar
angaîbĩ'ĩ nhote,"algum tanto, um pouquinho",Só um pouco de medo
Ereîpysyrõpe abá resaraîagûera?,ficaste dono daquilo que alguém esqueceu?,Você sabe que você vai se arrepender?
Asapûa'ok,aguço-a,Eu choro
îapugûasu-kesaba,"lugar em que dormem os japuguaçus, também antigo nome da ilha de santana, da cota leste do brasil",ilhas-quadrilhas
Marã e'ipe Santa Madre Igreja asé rekomonhangaba mondykaba?,como diz o último dos mandamentos da santa madre igreja?,Ou será que a Santa Madre Igreja foi destruída?
Ikó 'ara pupé bé o angaîpagûera repyme'ẽngatusarûera ybakype aûnhenhẽ serasó-uká,fazendo levar imediatamente para o céu os que resgataram bem seus pecados ainda neste mundo,"""Ao dia de hoje, o preço do preço é muito alto, mas não há nada de mais que isso."
Oîepé tiruã nd'aruri,não trouxe nem mesmo um só,Que se despencarem os rios
Aîpysyk-atã,segurei-o fortemente,Eu sou um irmão
-Oîporará bépe mba'e amõ a'epe oîkóbone? -Aani xûéne - Sofrerão ainda alguma coisa aí vivendo?,não,- Será que vai ser bom para você o que eu vou fazer? - Aani xûéne - Sofrerão ainda alguma coisa aí vivendo?
"A'epe muru'apora membyrasy kakara, na nheangûaba bé ruã?",e a aproximação do parto de uma grávida não é causa de se ter medo também?,"Eu disse que a minha mãe estava com problemas de saúde, não estava bem?"
Okuî rakó amũme 'ybarambûera o 'yba suí,"caem, às vezes, os frutos de suas árvores","O cachorro de ""border"" é um dos principais pontos de encontro"
angaingaibora,"desatinado, sem juízo, enlouquecido, maníaco",engraçada
Abá-abápe Tupã rera oîmoeté-ukar?,quem faz louvar o nome de deus?,Será que há comida no abade de Deus?
Mosapyr ma'e resé asé 'anga 'ekatuaba,três são as potências de nossa alma a respeito das coisas,Mosapyr é um dos mais importantes de todos os tempos
Arasó tieté a'é,tenho desgosto por o ter levado,Eu sou um homem
"Kó santo o mbo'esara rekopûera erimba'e oîkûatiar îandébo, seîá","esse santo a vida de seu mestre escreveu para nós, deixando-a",Santo Padre e Santo Padre de Santa Cruz
Nd'e'i te'e abá tekokatu pupé onhemopepóbo o beberama resé,"por isso mesmo o homem, com a virtude, dá asas a si para voar",Não se diz que qualquer tipo de vida pode ser feito de forma a que o cão possa beber
"Eresó, kó 'ara ri","vais, neste dia","Eu disse, esta 'ara ri"
T'aîmopóne nde nhe'enga,hei de cumprir tuas palavras,Que te dê a luz
Ta xe raûsubar,que ele se compadeça de mim,Ta xe raúsubar
Quatro tekokatu-ytá,quatro são as virtudes cardeais,Quatro culturas
Tatá îaîmondyk,acendemos o fogo,Fogo de fogo
I por irãne,realizar-se-ão futuramente,Eu vou ser bom
Xe resaraî-te-katu,mas eu me esqueci completamente,É só brilhar
Tupã resé o nheangerekosara,o que se preocupa com deus,Deus nos deu o seu nome
Xe îuká peîepé,vós me matais,Que você seja feliz
"Kaburé, îori enhana","caburé, vem correndo!","Kaburé, îori enhana"
Omanõba'epûera suí sekobeîebyri,voltou a viver dos que morreram,Morreu em sua casa em Sköbeibebyri
Xe keranama mombaka,de meu pesado sono despertando-me,Ele vai muito longe
mytamytá-ypy,topo da escada,mistério
nhũbo,pelos campos,rosto
Abá mondarõ osepîakĩba'e,"o que vê o furto de alguém, sem se importar",Abá robarão continuou a tocar
Arobîar santos rekokatu nhemoîa'oîa'oka,creio na repartição das virtudes dos santos,A vida dos santos é dividida
Asepyme'eng,paguei-o,Eu dou-lhe o preço
Aîabyky,manuseio-o,Eu estou curto
O aîyra resé abá n'omendari,com sua própria filha ninguém se casa,Eu tenho filhos e vou casar
"Kunhã muru'abora resé opûá, pitanga îukábo i xuí","batendo numa mulher grávida, matando o bebê dela","Morro de manhã, a muralha de ouro se esgotou, a igreja se esgotou"
Aîo'ok xe aoba,tirei minha roupa,Eu chorei de xe-ba
Osem okarype oîase'oasykatûabo,saiu para o pátio chorando muito dolorosamente,Os olhos de quem quer estar saudável
Tekokatu-eté rerekoara onherane'ymba'e,o que tem a bem-aventurança é o que é manso,A natureza é muito rica
Xe rebinhỹ gûixóbo,"indo, eu me escafedo",Xe rebinhão gúixóbo
"Eîori, muru mombapa",vem para destruir o maldito,"Eîori, murupa minha"
Oîaratã serã i aoba i moperé-perebagûera resé?,pegou-se fortemente sua roupa às suas chagas?,Será que ele vai ter um bom desempenho?
Pero angabatene,ainda mais pedro,Mas é engabatene
"O koty suí mba'epoxy reîtyk'iré, abá nd'ogûeroîebyri o kotype, i mosãîa","após lançar fora de seu meio os vícios, o homem não os faz voltar consigo para seu meio, dispersando-os","O quarto suí meepouxy é fechado, abá não precisa de quarto, está muito velho"
Na ixé ruã asó,não sou eu que vou,Não se pode ir embora
tĩmbeba,nariz achatado,mais jovem
Oré pysyrõ-te mba'eaíba suí,mas livra-nos do mal!,Ele só usava o suíço
Te'õ abé reîkéû ikó 'ara poramo oîá,"da mesma forma, a morte também entrou como componente deste mundo","Se você estiver com um bom tempo, vai ter um bom tempo"
Tupãneme nhẽpe eresó kûepe?,por ocasião de um dia santo foste para longe?,Que Deus lhe dê a voz?
Emonã nakó xe rekopotari,"assim, na verdade, eu determinei",Vimos que não há recopotari
Osó ymûã,já ia,Ele saiu de idade
itá-u'uburu,aljava de ferro,rocha-ouro
Aî'apir-abo'o,eu lhe pélo o couro cabeludo,Eu tenho um pouco de ar
o tunhãba'e e'ymebé,antes de sua velhice,ou se desvanecer
Seixu îabi'õ nhemombe'u,confessar-se a cada ano,Seixu vai dar uma resposta
i pitangĩ mokambûabo,amamentando seu neném,o pequeno-almoço
"Xe cristão, xe karaí","eu sou cristão, eu sou virtuoso","É cristão, é caraí"
Xe rembeirĩ,eu estou embasbacado,A sua fraqueza
Xe só îarameté,como se eu fosse,É apenas um pouco
anhangaíba,diabo mau,eu pecava
Tupã remimotara rupi,segundo a vontade de deus,Por causa do remoto de Deus
amõme é,"algumas poucas vezes, algumas vezes, somente",onde é
Aîpepyr,torci-o,Eu estou quase
Na xe rekoposyî,eu não sou grave nos meus atos,Não se esqueça
Ereruretá serã?,por acaso trouxeste muitas coisas?,Você vai pedir?
itá re'yîa,ajuntamento de pedras,a queda da rocha
Abá-tepe oîkó xe oîá?,mas quem há como eu?,Será que haverá um trem no aeroporto?
Sobaké o memûãnamo,fazendo zombaria diante dele,Sobaké se abriu
Asemberung,bordei-o,Asemberung
Xe îeysá-puku,eu tenho estatura elevada,É muito frio
Xe resa'y-tykyr,eu tenho lágrimas gotejantes,Que olhos-turturas
"Mba'e-u'uma, taîasu!","coisa enlameada, porco!","Comida, bebida, caralho!"
Kó xe rekóû nde reká,eis que aqui estou para te procurar,O que é que é o seu destino
"A'epe o agûasá resé segûyrõba'e, marã?","e o que tem excitação por sua amante, que acontece?","Eu disse que gostaria de lhe dizer se ele estava seguro, pois não?"
Irõ oropokosub!,"portanto, prendo-te!",O irmão foi submerso!
Ypy suí berame'ĩ abur,emergi como que do fundo,Ypy sui em beram abur
"O îase'o rerogûeîypa, ogûasẽ-gûasema rerasóbo","descendo com seus choros, indo com seus gritos","Queremos saber se vamos ficar bem, vamos embora-gúasama"
Tupã nhe'engabŷagûera îandé i moepykatûagûama resé,para bem pagarmos nós a transgressão da palavra de deus,Deus não se esqueça de que você é um homem justo
Asem îepé,saí em fuga,Eu quero ser feliz
Xe rãî-ngyrỹî,rangem-me os dentes,O que é que é o que é
Opá emonã tekoara îandé ratá îaîarõ,a todos os que assim vivem nosso fogo convém,Todos aceitam a natureza
O emiminõ resé nd'e'ikatuî abá omendá,com sua própria neta não pode ninguém casar-se,O mínimo que você pode fazer é casar
îandé poreaûsubokara,os que se compadecem de nós,que se tornam mais
Asé i angaîpaba'e ipó ikó ybype Tupã remimotara n'oîmonhangi,"os que, de nós, são maus são os que não fazem nesta terra a vontade de deus",Asse seu pecado na mão no pescoço do deus remimotara não tem mononghangi
E'am xe reseî,está diante de mim,E'am xe deixado
Onhemombe'upe abá gûarinĩ-namo o só îanondé?,confessa-se alguém antes de ir à guerra?,Ele já lhe disse se é um dia ou só antes?
N'asó-potari mamõ...,não quero ir para longe,Não se desvaneça...
i ambyasyba'e,"o que tem fome, o faminto",eu sinto muito
Pekûá esapy'a!,ide depressa!,Que choro!
Ixé raka'e,era eu,A minha irmã era
Irũmbûera aîme'eng abá supé,seus antigos companheiros dei aos índios,"De cara, eu dou um abá supé"
"Abá-tepe, erimba'e, pe mba'erama resé apŷaba me'enga'ubi?","mas quem, outrora, como vossas coisas os índios deu?","Mas, por favor, diga-me, o que é que o carro é tão pequeno?"
Nde pyri gûitekóbo nhẽ,estando eu junto de ti,Os teus pés estão em cima
Îasytatá serekoarama resé pé kuabe'ẽsaramo,"pela estrela que os guia, como a que mostra o caminho",É difícil ser um ser humano se ele for um ser humano
Mosanga ra'ã-ra'anga,ficando a experimentar poções,Fotos de crianças de Mosanga
Xe angaturã be'ĩ temõ erimba'e mã!,"ah, oxalá futuramente eu seja um pouquinho melhor!",É um belo lugar para ser um homem!
eboûĩ rupi,"por aí, por ali, por esse lugar",por causa do seu
Abá-porerobîare'yma ixé,eu sou um homem soberbo,Abá-porereibá já foi o último
Turusu-nhota'ubĩ,é medianamente grande,Turusu-nhotaí
I xy-îerekûaba abé oîo'ok i abaeté,sua mãe afável também arranca a ferocidade dele,A minha filha tinha um abelo que estava a chorar
Tesãîa pupé kó 'ara îaîmoeté,com alegria honramos este dia,A saúde do cão esta 'dia' vai ficar bem
Ereîkópe kunhã resé abá remiandubamo?,fizeste sexo com uma mulher com alguém observando-o?,Diga-me se você pensa em amanhã?
Îandé monhangara nhẽ erenoĩ nde îybápe,nosso criador fazes estar contigo em teus braços,É melhor que você não tenha roubo
Tupã o aûsuba poepykareté,o que retribui verdadeiramente o amor de deus a si,Deus ou aûsuba poepykareté
Aîorab,desenrolei-o,Eu estava com ele
Ereîosubype abá îeke'a i poroka?,"visitaste o covo de alguém, arrancando seu conteúdo?",Você quer que eu olhe para o seu porco?
Oroîoapi - Golpeamos um ao outro Oroîoapi-api,ficamos golpeando um ao outro,Oroíoapi - Golpeamos um vestido outro em Oroíoapi
Omanõ-mbá,morreram todos,Morreram todos
"Pe'ĩ, peîpûá muru!","eia, amarrai os malditos!","Fiquem, fiquem!"
nhembo'esaba kuabe'engaba,ponteiro da escola,ensinar a sabedoria
Akué,movimento-me,Eu vou
-Oîmo'y'upe gûá?,deram-lhe de beber?,- Ele está com raiva?
Pe atõîa n'oîpotari,não querem que vos toquem,A multidão não quer
itaîy-kamusi,vaso de estanho,Filhos e namoradas
tó eẽ,"ah, sim! ah, já entendi!",você é
"Eresópe abá îeky-'ye'ẽ supa, i pora rá?","foste para revistar os covos de água doce de alguém, tomando seu conteúdo?","Em sua casa, há um pouco de sopa, por favor?"
"Îé t'asóne xe mondoápe Memeté ixé, xe py'ape, emonã tekó potá","hei de ir para onde me mandam mesmo porque eu, por vontade, assim quero fazer","Ele vai ir ao mundo Memeté ixé, xe no coração, aceite a boa vida"
Asaûsub Pedro og uba raûsume,amo pedro por amar a seu pai,Asaûsub Pedro og uba raûsume
Xe robasy,eu sou mal-encarado,É muito ruim
o nhe'enga poxŷagûera,a maldade de suas palavras,ou nos encheram de poxququor
Nde rera pupé anhenong,em teu nome guardo-me,Tu tens um filhote de estimação
Peîpotápe Îesus pe rubixaba ixé i mosema peẽme?,"quereis que eu solte para vós a jesus, vosso rei?",Quer que Jesus o roubixaba ixé já vos tenha mostrado?
Ta sasy muru supé!,que eles sofram junto dos malditos!,Que loucura!
N'oîeruré-pytubari Tupã supé,não se cansam de rezar a deus,Não haverá-se-á-de Deus
Pa'i Îesu,senhor jesus,Padre Jesus
ahẽ pabẽ,com ele,fui para o pavimento
Xe atuaî bé turi,veio logo detrás de mim,É muito bom
Emonã nungara amõ t'îasó kori seru,vamos hoje para trazer alguns assim desse jeito,Vimos uma nuvem de ar de corujo
A'e xe rekotebẽsaba oîme'eng ixébene,ele dará para mim minha aflição,Eu disse que o xe está em sua segunda temporada
Aîpe'a umûã emonã xe angaîpaba,já afastei dessa maneira minhas maldades,Eu abro a boca para que você aceite que o xe errou
"Eresenõî tenhẽpe Tupã rera, nde îuraragûaîamo nhẽ, îuraragûaîamo sekó kuapa?","invocaste em vão o nome de deus, mentindo, sabendo ser mentira?","Você já fez a primeira oração de Deus, quando você fez a oração de um homem?"
"Ereîopykype nde remirekó, sugûy sekóreme?",cobriste tua esposa quando sucedia o sangue dela ?,"Em breve, a sua esposa, que se sente feliz?"
Pesaûsu pe monhangara,amai vosso criador,Pesou o ladrão
xe remipoîmembeka,o fraco que convido para comer,xepoimembeka
Tupã resápe ã xe rekóû,eis que estou à vista de deus,A vida de este xe aos olhos de Deus
Nde ma'enduá xe ri!,lembra-te de mim!,Você ouve o riso!
Asyby'ab,arei-o,Eu sinto muito
Te'õ a'e mendasabeté mombo'isaramo,a morte é o que separa os verdadeiros cônjuges,Se eu fosse a minha mãe para ensinar
Aîpepó-moín,pus-lhe penas,Eu estou de pé
Aporero'yasab,barqueei as pessoas,Pergunto-me
Turusu xe kane'õ,grande é meu cansaço,Turusu xe brilha
Xe 'abebogûasu,eu tenho uma grande grenha,Xe 'abebogouasu
Y aé rasaba mby ky'a îaîmomemûã,atravessar a água elimina a sujeira dos pés,Água de água doce
O îoybyri aîmoín,prendi-os um ao lado do outro,Ele gritou em mim
Nde marãmotarype abá resé?,tu te enfureceste por causa de alguém?,Que é que você disse em sua casa?
Xe aysó,eu sou bem feito,Eu chorei
Abá-abápe asé resé Tupã mongetasaramo sekóû?,quem são os que rogam a deus por nós?,Como é que Deus pode ser abençoado?
Xe membykõî,tive filhos gêmeos,É um filho
"Nd'e'i te'e moxy sesé og orybamo, sesé oîomoaîuabo","por isso mesmo os malditos se alegram por causa deles, fazendo disputa por eles","Não disse que se a moxy sesé fosse a rir, ela seria a ser"
"Moraseîa é i katu, îegûaka, sa-mongy","a dança é que é boa, enfeitar-se, untar suas penas","Moraria é o seu, mas, é o seu, é o seu"
eboûinga rupi,"por aí, por ali",por meio de uma espécie de
Ta setá-katu xe rera!,que sejam muitos os meus nomes!,Que sete-quatro vagas de xe!
Aîpukusãmoín,amarrei-o pelos pés,Eu já estava livre
Ké abá rekóû anhẽ,"aqui alguém está, certamente",A vida do abade é muito difícil
Penhemoma'enduá Anhanga ratápe i porarapyra resé ta pe angaîpab umẽngatutenhẽ,"lembrai-vos do que se sofre no inferno para que, de modo nenhum, pequeis",O Sr. Anhanga disse que o problema é que o país não tem a capacidade de se manter em paz
"A'epe kunumĩgûasu kunhã oîmomosemba'e, miaûsuba potá nhẽ karaibokype-katu?","e os rapazes que perseguem mulheres, querendo escravas bem nas casas de cristãos?","Eu disse que o dia de hoje é muito mais fácil, por que você pode ir para o carimbo?"
I xy mombe'u-poranga xe moingotebẽngatu,a bela proclamação de sua mãe afligiu-me muito,História de Xy-poranga
"Ybytyrybo gûibebébo, asó tupi moangaîpapa","pelos montes voando, fui para fazer pecar os tupis","Cachoeira de abóbora, cachoeira de tupi"
Xe resendûara ebokûea,isso é o que é destinado a mim,Xe resendouara ebokûea
Xe karasy,eu estou maleitoso,É frio
Xe asur,eu estou calombento,É assur
y-mbîasaba,"lugar de se abrigar da água, barra de porto",Y-mbyasaba
nhe'ẽ-memûã,"palavras grosseiras, de zombaria",Não-sim
"Ybaka aé Tupã îandé resé i nhemosako'îaba, îandé mba'ekaturama nongatûaba re'a","o próprio céu é o que deus prepara para nós, lugar em que bem coloca nossa felicidade futura","Deus não quer que você seja o único que pode ser criado, mas não pode ser criado."
Eresepyme'engype nde remiporupûera?,pagaste aquilo que tu usaste?,Você está com problemas com o seu uso?
Seby-sebykĩ ixébo,vai fartando a mim,Sebo-sebo-sebo
po'i'i,fininho,palhaço
N'i tybi xe rasapaba ogûataba'e supé,não há como passar por mim para os que caminham,Não há como se o xe rasapaba fosse para cima
itá-pora,sinal de golpe com pedra,A escolha da sua cidade
Mba'e-aí-potara renonhena,reprimir o desejo de coisas más,O que é bom renonciar
Ta peapysyketé irã marana pab'iré,"haveis de vos consolar muito futuramente, após acabar a batalha",Continuem em frente para a praça
Koromõ sepîaki,logo o viu,Coromoro sepíaki
mosapyr mysã,três dedos dos pés,mosapyr
Akûé tabusu Îerusalém 'îaba pora mombebaûama kuapa nhẽ aîpó i 'éû,disse isso conhecendo o futuro esmagamento dos habitantes daquela cidade chamada jerusalém,Na época do tabú em Jerusalém 'habia uma opção para que os homens se sentissem em paz com os homens'
