source,target,prediction
eis que ele está deitado sobre o capim,Kapi'i sosé kó tuî,Ko'ápe opyta tapére
eu sou aleijado,Xe apar,Che apytĩ
meu parceiro,xe rapixara,che irũ
a chuva cessou,Opyk amana,Ypytu'u opytu'u
"depois disso, finalmente, vira-se para eles, falando de forma muito terrível.",A'e roîré ko'yté i koty obaka onhe'eng-abaetéramo,"Upéi katu, oma'ẽ hesekuéra, oñe'ẽ vaieterei."
não tenho com o que bater,Na xe pûasabi,Ndaipóri mba'e che pukarã
"ah, como você é enfadonho, de fato!",Tekatunheté rakûé endé hegûy!,"Ah, mba'éichapa nde repy, añetehápe!"
sua visão aguçada desaparece e seus ouvidos se tampam,"Sesapysopûera kanhemi, iî apysaká oîe'obo",iñakã porãva ndohechavéi ha iñakãrapu'ãva ndoikuavéi
quem trouxe aquela lei nova?,Aîpó tekó-pysasu abá serã ogûeru?,¿Máva piko ogueru pe léi pyahu?
este santo faz com que quem lhe roga recupere suas coisas desaparecidas ou seu escravo fugitivo,Kó santo o mongetasara oîmoîekosub i mba'e i kanhẽmbyra koîpó semiaûsuîababa supé,Ko santo ojapo umi ojeruréva chupe ohupyty jey haguã umi mba'e okañyva'ekue térã esclavo okañyva'ekue.
"tinha uma cor um tanto preta, certamente",Moroún-mbyry nakó,"Oguereko peteî hovyete, añetehápe."
terra elevada,yby-'ama,Yvate yvy
brinco,Anhemosaraî,mba'e'okuaa
não corrigir seu filho quando ele estiver no erro,O a'yra marãbirĩ sekóreme senonhene'yma,ani reñembojoja nde ra'ýpe ojavy jave
os beatos e os santos que deus leva consigo para o céu são muitos,Marangatuba'e santos ybakype Tupã remieroîeoîa setá,Umi vy'apavê ha marangatu Ñandejára ogueraha ne ndive yvágape heta
"outrora, passando por cima dela, eu fui a causa de você agir","Akûeîme, i apyrasapa, xe nde moingosaba é","Peteĩ árape, che rehehápe, che che che pytyvõ va'ekue rejapóvo."
"afastou-se, então, daqueles seus três discípulos?",Oîeîyîpe a'e o boîá mosapyr suí a'ereme?,¿Oñemboykepa umi mbohapy hemimbo'e?
que venha para nos ajudar meu irmão mais novo,T'oú îandé pytybõmo xe rybyra,ou haguã ñanepytyvõ haguã che ryvy michĩvéva
igualmente se preocuparão em fazer com que seus filhos estejam na virtude?,Oîoîabenhẽpe tekokatu resé o a'yra moingoagûama ri i nhemosaînanyne?,¿Oñangareko vaʼerãpa avei imembykuérape heko jojápe?
você tem namorada?,Nde kunhã'ype?,¿Ndépa reikuaa ne rembireko?
descarrega-a para ele,Eroîyb ahẽ supé,Eho eho hese
eles estarão muito doentes,I mara'a tenhẽ,Ha'ekuéra hasy vaieterei.
"estou inchado, tenho calombos",Xe gûa'a-gûa'a,"Che py'a ryrýi, che py'a ryrýi"
enquanto eu falo,Gûinhe'enga abé,ha añe'ẽ aja
"armadilha para ratos, ratoeira",gûabiru rupîara,"Tape ratã, ratatĩ"
"nele a água transformou-se em vinho, de acordo com os pedidos de sua mãe",I pupé 'y anhẽ monhangi kaûĩnamo o sy îeruresaba rupi,"Ha'e rupi y oiko vino, isy ojerureháicha."
empanturrei as pessoas,Aporomoebykatã,Ajerokyhyje umi héntepe
eu tenho a boca aberta,Xe îuru-îaî,Che juru niko opytáma
como o revolutear de um urubu sobre coisas fedorentas,Urubu mba'enema 'arybo nhemoîereba îabé,Mba'éicha ñambohovái peteî arapa'ũ mba'e ryru rehe
eu sou molengão,Xe rekoporeaûsub,Che ha'e peteĩ molingón
que faziam ali os que ele faria sair com ele?,Marãpe a'e semienosegûama rekóû a'epe?,¿Mba'e piko ojapo upépe umi omendáva hendive?
tenho pendências com ele,Aîkó sesé,Che apytégui oĩ
"eia, desviando-me depressa","Ne'ĩ, taûîé, xe reîyîa","ha'e, pya'e che ñembyasýi"
"por outro lado, igualmente, o próprio mar será mais terrível do que costumava ser",Kokoty paranã aé rame'ĩ o abaetéramo erimba'e gûekoagûera sosé,"Kuarahyreike katu, avei, yguasu voi ivaive jeýta yma guarégui."
"tão logo, ao ouvir o nome dela, eu me escondo em outro lugar",Serenduba rupibé amongoty xe nhemimi,"Upeichaite, ohendúvo héra, ahenói ambue hendápe."
quem vai buscar água,ypyasoara,¿Máva piko oúta y
o tenho na cintura,Xe ku'aî arekó,Che korapýpe
"olha, arrasamos todos os tupinambás que estavam no paraguaçu","Ma'ẽne, tupinambá Paragûasupendarûera opakatu îamombá","ehecha, roñehundi opaite tupinaambás-pe oîva Paraguay-pe"
veio novamente por tua causa,Oú ramõ nde resé,ou jey nde rehehápe
pilatos dirigiu de novo sua fala aos judeus?,Oîmoín-y bépe Pilatos o nhe'enga îudeus supé?,Pilato oñe'ẽ jey va'ekue umi judío kuérape?
"brandamente, suavemente",mbegûé-katu,"mbeguekatúpe, mbeguekatúpe"
quais são os nomes da santíssima trindade?,Marã-marãpe Santíssima Trindade rera?,¿Mba'eichapa umi téra Trinidad marangatu rehegua?
"a morada dos homens é, de fato, muito diferente da minha residência",Oîaby rakó abá rekó xe retama,kuimba'e renda niko iñambuéva che rógagui
"eles, na verdade, distinguem-se em três pessoas",A'e anhẽ mosapyr pessoaamo i îa'oki,"Ha'ekuéra, añetehápe, ojoavy mbohapy tapicha rehe."
você mandou sua esposa ir em busca de mulheres?,Ereîopûaîpe nde remirekó kunhã resé?,¿Reheja vaʼekue ne rembirekópe oho hag̃ua kuñanguéra rapykuéri?
a embelezou acima de todas as pessoas,Abá sosé pabẽ i momorangi,Ha'e omomba'eguasuva'ekue opavave tapichakuéra ári
por que será que ele não vem?,Marã serã ture'ymi?,¿Mba'ére piko ndohói?
parece provável que a sua morte tenha sido a finalidade com que seu pai o fez viver,Tuba i moingoaba se'õ a'e i aîarõ,ha'ete voi ikatuhague omanohaguére itúva omoingove jey chupe.
que deteste a má vida,T'aroŷrõ tekomemûã,Nde rehechauka nde reko vai
guardem-se de ser maus doravante,"Peteumẽ, pe poxyramo angiré",Eñatende ani haguã ndehegui ivaíva
os que acreditam em sonhos,Mosaûsuba rerobîasara,umi ogueroviáva tekove
não deixo de querê-lo,N'aîpotare'ymi,Che aipotaite
começando a pronunciá-lo,sa'ang-ypŷabo,oñepyrũvo he'i
a que tem o nome santa maria,Santa Maria seryba'e,upe hérava Santa María
quem batizou não pode casar com aquela que batizou.,Oporoerokyba'epûera nd'e'ikatuî omendá o emierokûera resé,Peteĩ omomendáva ndaikatúi omenda upe omomendáva ndive.
"fome, sede, cansaço e quaisquer outras coisas sofrendo por nós.","Ambyasy, 'useîa, kane'õ, mba'e tetiruã porarábo îandé resé","ñembyahýi, marã, ikane'õ ha opa mba'e ohasa asyva ñanderehehápe."
eu o arrombei,Aîmonarang,Che amoĩ chupe
substituindo suas palavras aos que o ouviram,Ogûenduparûera supé o nhe'enga rekobîarõmo,ohendu'ỹre iñe'ẽ he'íva umi ohendúva
"ah, excelente!","Té, aûîé-katutenhẽ!",¡Ajépa iporãite!
"cinzas do alguidar, cinzas da bacia",nha'ẽpesẽ-uba,ñembyasy ñembyasy ñembyasy ñembyasy ñembyasy ñembyasy ñembyasy ñembyasy ñembyasy ñembyasy ñembyasy ñembyasy ñembyasy ñembyasy ñembyasy ñembyasy ñembyasy ñembyasy ñembyasy ñembyasy ñembyasy ñembyasy ñembyasy ñembyasy ñembyasy ñembyasy ñembyasy ñembyasy ñembyasy ñembyasy ñembyasy ñembyasy ñembyasy ñembyasy ñembyasy ñembyasy ñembyasy ñembyasy ñembyasy ñembyasy ñembyasy ñembyasy
remador de canoa,ygá-pukuîtara,pirata pirata pirata pirata pirata pirata pirata pirata pirata pirata pirata pirata pirata pirata pirata pirata pirata pirata pirata pirata pirata pirata pirata pirata pirata pirata pirata pirata pirata pirata pirata pirata pirata pirata pirata pirata pirata pirata pirata pirata pirata pirata pirata pirata pirata pirata pirata pirata pirata pirata pirata pirata pirata pirata pirata pirata pirata pirata pirata pirata pirata pirata pirata
casa de pedra,itá-oka,óga itaguigua
acaso outrora a alma de algum homem não ia para o céu?,Abá 'angûera amõ soe'ymi ybakype erimba'e?,¿Oiko va'ekue peteĩ yvypóra alma yvágape?
um certo judeu velho mostrou o lugar onde ela fora enterrada,Amõ îudeu-tuîba'e i tymagûera kuabe'engi,Peteĩ judío tuja ohechauka chupe moõpa oñeñotỹ
o fecho da porta,okena motakaba,okẽ ñemboty
para que eu não adoeça comendo-o,Ta xe maran umẽ i gûabo,ani haguã che hasy ha'e rupi.
fiz meu filho dormir comigo,Aroker xe ra'yra,Che memby kuñakarai ndive
dormiu comigo,Xe posé i keri,oke che ndive
acaso todos os que estavam ali começaram a injuriá-lo?,Opabenhẽ serã erimba'e a'epe tekoara iî a'oîa'oû?,¿Oñepyrũpa hína opavave oĩva upépe oñeʼẽ vai hese?
"mas, procedendo de que modo, está-se como amigo do diabo?",Marã oîkóbo-tepe asé Anhanga rembiaûsubamo sekóû?,"Péro, ¿mba'éicha piko reñemoirũ hína aña ndive?"
teve prazer com suas lembranças dos seus pecados antigos?,Ereîmborype nde angaîpagûera resé nde ma'enduasaba?,¿Ovy'a va'ekue piko imandu'ávo umi mba'e vai yma guarégui?
mentiras surgem,Mo'ema kó omopu'ã,japu osẽ
procedeu assim para ensinar as pessoas,Oporombo'ebo nãîabé sekóû,Péicha ohókuri ombo'e hag̃ua tapichápe
eu sou fibroso,Xe raîy-raîyk,Che fibroso
oh! que multidão são estes peixes!,Tó te'ĩ kó pirá rekóû mã!,¡Ajépa hetaite mba'e ko pira!
eu sou garrido,Xe araakasyk,Che niko che mbotya
nós somos muitos,Oré anangatu,ñande niko heta
um tanto maior,turusu bé'ĩ,tuichavéva
fiquei beliscando-a,Aîpĩ-pin,Ahepyme'ê chupe
"encontros das asas, isto é, a parte superior delas, onde fazem a curva e onde nascem as penas maiores",pepó-ypy,"umi pa'ũ ojoajuhápe, upéva he'ise, umi pa'ũ yvatevéva, upépe omboguata hikuái ha upépe heñói umi pluma tuichavéva"
"na verdade, você negará três vezes ser meu discípulo",Mosapy ipó xe boîáramo nde rekó ereîkuakub,"añetehápe, reñemohatã mbohapy jey nde che disípuloha"
estátua,abá ra'angaba,Ta'anga
esse fez aquele céu que vemos,Kó a'e ybaka îandé remiepîakûama oîmonhang,Upe ojapo yvága jahecha va'ekue
que eu afaste o antigo proceder para que não esteja no mal,Tekopûera t'aîpe'a t'aîkó umẽne marani,Che amoĩ haguã tape ymaite guive ani haguã che py'a vai
quando o sol está no meio do mundo,Kûarasy 'ara pyterype seneme,kuarahy oĩ jave yvóra mbytépe
dormiam aflitos,Oker okûapa tekotebẽ suí nhẽ,ha oke asy hikuái
querendo trazê-los para cá,iké seru-potá nhẽ,ogueru haguã chupekuéra ko'ápe
detesto a vida má,Aroŷrõ tekó-poxy,Che ahechaga'u tekove vai
cal de ostra,reri ku'i,Ostraca yva
caçôo dele,Aîoîaî,ha'e ñorairõhára
"enfim, me obedeceram","Rumby, xe rapîá",Ha'ekuéra ojapókuri che ñe'ême
o esmigalhei,Aîkurubixok,Aipuru'i chupe
"mata ótima, de boa madeira",ka'aeté,"ka'avo iporãva, yvyra porãgui"
os homens esvaziam as cuias,Oîmboapy abá kuîaba,kuimba'ekuéra omopotî umi cuia
eu tenho covinhas,Xe pygûaî,Che areko yvotyty
tragam também a ingapema!,Ingapema bé peru!,Ha'ekuéra ogueru avei ingapema!
eu tenho baceira,Xe ybypiar,Che areko ku'i
como forma de espantar o diabo.,Anhanga mondyîtabamo,Mba'éichapa ikatu jajeroky pe aña.
para que nada te deixe ignorante,Te'itenheumẽ mba'e amõ nde motekokuabe'yma,Ani haguã mba'eve ndereikuaái
"vem, ó meu senhorzinho, para que minha alma esteja muito feliz por causa do teu nascimento","Eîori, xe îarĩ gûé, ta sorybeté xe 'anga nde 'aragûera resé","Eju, che ruvicha guasu, che ánga ovy'a haguã nde rehe."
tenho palavras ásperas,Xe nhe'engasy,Che ñe'ẽ vaiete
coloquei a roupa nele,Aîaó-mondeb,Aipuru ao hese
a gente reza frequentemente para santa maria?,Oîmongetá-py'i-py'ipe asé Santa Maria?,¿Mba'eichapa ñañembo'e py'ỹi Santa María-pe?
vou me esconder bem,Aîemĩngatu-pe ká,Añemoĩ porãta
"o que traz pestes, coisa pestilenta",mbabyîara,"mba'e ogueruva mba'asy, mba'e vaiete"
fingi que não o vi,N'asendube'ym-a'ubi - Fiz que não o ouvi N'asepîake'ym-a'ubi,Ajapórõ ndahechái chupe
que venha neste dia para aquecer nossa alma,T'our kó 'ara pupé oré 'anga moakupa,Oĝuahê ko árape omoporã haguã ñane ánga
"o dia de são sebastião, em que ele morreu, é comemorado pelos cristãos para se santificarem","S Sebastião 'ara, se'õagûera, cristãos oîmoeté oîemotupana","San Sebastián ára, omanohaguére, ojegueromandu'a umi kristiáno omomarangatu haguã"
"entrando em seus antigos corpos, fez com que se levantassem imediatamente","Ogûetepûera pupé oîkŷabo, i mopu'ama kûeîeténe","oikevo hete yma guare, omopu'ã chupekuéra pya'e"
"entram grandes espinhos, espetando-lhe a cabeça e perfurando-a toda","Oîké îugûasu, i akanga kutuka, opá i mombuka","oike ñandy guasu, omokã iñakã ha omokãmbaite"
destrói todos os homens,Opabĩ abá mondyki,omombaretéva opavavépe
"mas, de verdade",anhẽp'anhẽ,ha añetehápe
são filipe e são tiago são os que devem ser honrados neste dia,"S Filipe, STiago kó 'ara i moetepyra",San Felipe ha San Tíago ha'e umi oñemomba'eguasúva ko árape
a morte está igualmente entre jovens e velhos,Oîoîá te'õ rekóû kunumĩgûasu suí tuîba'e suí bé,ñemano niko imitã ha ituja apytépe avei
amarelecimento,moroîuba,ñembyasy
a partilha entre si de suas obras por deus,Tupã resé marã o ekó o îoupé moîa'oîa'okaba,oñondivepa hembiapokue Tupã rehehápe
e judas não se afligiu junto aos judeus por entregar a seu senhor?,A'epe Îudas n'oîkotebẽî Îudeus supé o îara me'engagûera resé?,"Ha'e kuéra katu ndojepy'apýi judío kuéra ndive, omondo haguére imbo'ehárape."
o amo em vão,Asaûsub-a'ub,Che amoĩ va'ekue ndéve
o ofício de pedro,Peró rekoaba,mba'apoha ita
estou sendo muito miserável,Xe poreaûsukatu gûitekóbo,Che añembyasýieterei
"qual é o nosso consolo, então?",Mba'epe asé apysykabamo a'ereme?,¿Mba'e piko ñanepytyvõta?
certamente morreríamos antes que contasse às pessoas o que viu,Îamanõ îepémo serã sepîakagûera abá supé mombe'u e'ymebémo,Añetehápe omanóta ha'e omombe'úvo umi héntepe mba'épa ohecha.
ainda bem que os três novamente queimarão juntos,Iîá mosapyr-y bé pekaî oîepegûasune,Iporã mbohapyve jey oñotỹ oñondive
"por trás da casa, atrás da casa",ó-kupépe,"óga rapykuéri, óga rapykuéri"
"ah, vai me beliscar hoje!","Xe pixã korine, mã!","Ah, che poriahuvereko ko árape!"
pena de tucano para dança,tukana tá-poraseîa,Tucano pena ojeroky haguã
cobrindo-o com seu véu,Opîá o akangaobĩ pupé,ombojeguáva ichupe ijao
bom trabalhador,morabuká-katu,mba'apohára porâ
apoio a sua cabeça,Aî'a-kok,Pehẽ reheve
"roupa verde, pano verde",aoboby,Kuatiarogue ipyahúva:
"a terra ferve, ficando a estremecer","Yby obu-obur, otumu-tumunga","Yvy ho'áva, oñehundi'ỹva"
sempre vemos suas pegadas,Îasepîak îepi i pypora,Ha'ekuéra katuete ohecháva ipoguýpe.
por isso mesmo as malditas correm como faíscas de fogo,Nd'e'i te'e moxy onhana tatá piririka îá,Upévare umi maldición ohóva sapukái tatáicha
despertando-me do meu pesado sono,Xe keranama mombaka,Che py'a potĩgui amoingove
sei lá!,Sé ruã!,Che aikuaa!
"lentamente, enfim, o homem perde o entendimento; sua vista aguda de outrora desaparece e a fala se torna inútil.","Mbegûé é ko'yté abá tekokuá kanhemi, sesapysopûera kanhemi, o nhe'engabûera ra'ang îepébo","Mbeguekatúpe, yvypóra oheja iñakã, hesa hesa'ỹ va'ekue okañy, iñe'ẽ katu ndoikói."
as pedras foram-se quebrando ao meio,Itá oîeká-îeká oîopyterybo,umi ita oñehundi mbytépe
"eia, faz-me andar nas minhas virtudes",Xe katûagûama ri ene'ĩ xe mbogûatábo,"E, che pytyvõ che reko porã rehe"
"seguindo o rastro das mulheres, os índios não desistem","Kunhã rakypûemondóbo, apŷaba n'i apysáî","Kuñanguéra rapykuéri, umi indio ndopytái"
"eia, os temiminós de dia confessam apenas seus pecadilhos","Ene'ĩ, temiminõ 'arybo nhẽ oîmombe'u o angaîpá-mirĩ anhõ","ha'e, umi ára pukukue'i omoañete hembiapo vaikue añónte"
vá fazer cair os malditos em nosso laço!,Ekûãî moxy mbo'a îandé îusana pupé!,Eju eity umi mba'e vaiete ñande rapykuéri!
eis que procuramos jesus de nazaré,Iesus Nazareno ikó orosekar,Ko'ápe roheka Jesús Nazaretgua-pe.
ovos de içá,ysá rupi'a,Yvotyty ñemby
bolinho de pão,miapé-mirĩ,pan pancake
"eva foi muito atraída pelo belo fruto, colhendo-o",Eva onhemomotareté 'ybá-poranga resé iî ykyébo,"Eva ohayhueterei pe yva porã, ombyaty"
"aimbirê, venha diante de mim!","Aîmbiré, eîori xe robaké!","Aimbiri, eju che rapykuéri!"
"depois que nosso pai não fez primeiro o que deus havia dito, a morte surgiu nele e também em nós.","Tupã 'îaba îandé rubypy i mopore'ym'iré, te'õ 'ari sesé îandé resé béno","Ñande ru ojapo'ỹre Tupã he'i va'ekue, omano hese ha ñande avei."
vou mesmo ir?,Asóp'ixéne é?,¿Añetehápe piko aha?
"nós, enfim, vamos voar para o paraíso",Îandé té t'îabebé Tupãrorypápe nhẽ,"ñande, amo ipahápe, ñambosako'íta yvágape"
veio antes que eu me preparasse,Xe nhemosako'i e'ymebé turi,ou che prepará mboyve
quem trabalha perto de mim?,Xe pyri marãtekoara,¿Máva omba'apóva che ykére?
está por aí seu pai?,Oubépe nde ruba?,¿Oĩpa nde ru?
os que se salvam em deus,Tupã resé oîepysyrõba'e,Umi oñesãsova Tupãme
eu estou com uma doença venérea,Xe rakûanhaíb,Che apytégui peteĩ mba'asy veneno
botei os ovos,Aîupi'a-mombor,Aheja'o umi yva
nossa companheira de guerras,Îandé maranirũ,ore ñorairõhára
eu tenho muitas comborças,Xe nhemõîetá,Aguereko heta mba'e vai
deseja ardentemente ver o nascimento do seu filho que se gera em seu ventre,O membyra gûygépe onhemonhangyba'e 'arama osepîaka'ub,Oha'arõiterei ohechávo imemby heñóiva nde ryepýpe
homem muito preguiçoso,abá-ate'ymusu,kuimba'e ipya'e'ỹva
mulher viúva,kunhã-mene'õ,kuña viuda
que não vejam mais o sol!,T'osepîak-y bé umẽ kûarasy!,Ndaikatúi ohecha kuarahy!
por isso mesmo os homens te erigem como dirigente deles,Apŷaba nd'e'i te'e o 'ybamo nde mo'ama,Upévare kuimba'ekuéra omopu'ã nde rehe mburuvicha guasu ramo.
mesmo quem assassina na guerra?,Gûariniãme oporapitiba'e tiruãpe?,¿Máva piko ojuka ñorairõhápe?
servi a comida dele,Asemi'u-erokûab,ha'e omomba'e guasu ichupe tembi'u
casa de telhas,kamusy-oka,óga yvyra'i rehegua
você diz isso com razão,Aîpó eré supikatu,Nde ere upéicha.
"hoje, assim, de modo nenhum impedem nossa estada","Kori, nã, îandé rekó îandé moarûapa angá","Ko'ágã, upéicha, ndojokói hikuái ñande rekove"
eh! onde ele está?,Tó! Mamõpe ahẽ rekóû?,Eh! moõpa oĩ?
fez passar todos os seus discípulos para as tuas mãos,Opá o boîá nde pópe i mongûapa,Ombohasáva opa hemimbo'e kuéra nde pópe
"serão fedorentos, serão muito podres, corroídos de vermes e de bernes","I nem-eté, i tuîuk-eté, tasoka, ura remimongûyamone","Oiméne huguy vai, hasýva, ñembyai ha mbarakaja reheve."
"ah, que bom seria minha morte ao me batizar o padre, antes de eu pecar",Marãîasûaramo temõ abaré xe 'apiramõneme xe angaîpab'e'ymebé xe re'õ mã!,"Ah, mba'eichapa iporãva'erã che ñemano che mbatisíto ramo pa'i, che pekádo mboyve"
para que não prejudiquemos os que nos trazem bens,T'i momuru umẽ ma'e îara îandébe,ani haguã jaiko vai umi ogueruva ñandéve mba'e porã.
a ele a gente pede pelo futuro viver de sua alma?,I xupépe asé îeruréû o 'anga rekorama resé?,Ha'e pe ojeruréva pe oikoveha'erãha ipýpe?
vou por vontade própria,Xe remimotarybo asó,Che aha che py'aite guive
ergui a espinha,Aîpusû'ã-mogûyr,Aheja che rembe'ýpe
então as estrelas cairão aos poucos,A'ereme îasytatá o apakuîamo,ha umi mbyja'i katu oñehundi mbeguekatúpe.
eu gemo enquanto durmo,Xe keraíb,A'e'ỹvo apytu'ũ aja
enforcador,aîubykara,ñembosarái
"portanto, ando hoje com o provincial",Angari abaregûasu arogûatá,"Upévare, ajapo ko'ágã provincial ndive"
fachos para iluminar o caminho na escuridão,Sesaý pytumimbyka rupi pé resapébo,mba'echarata omyesakã haguã tape pytũmbýpe
agradeci-o,Aîkugûab,Aagradese chupe
que chegue logo ao lugar onde o matarão,T'osyk esapy'a o îukaagûãme,oguahêvo hikuái upe tenda ojejukahápe
você se deleitou em seu sonho com ela?,Ereîmborype sesé nde posaûsubagûera?,¿Reñembovyʼa vaʼekue nde képe hendive?
honrar a deus,Tupã moabaeté,omomba'eguasu Ñandejárape
ainda há pouco,ramo'ĩ,ha'eñoite
eu estou muito despreocupado com as minhas coisas,Xe rekó-apepu-pepu,Che mba'e rehe añe'ẽ'ỹi
eu estou faminto,Xe ambyasy,A'eñóva
virei a cabeça para um lado e para o outro,Anheakã-mobabak,Ajerure che akãre peteĩ hendápe ha ambue hendápe
qual era mesmo o nome dele?,Marã-takó ahẽ rera?,Mba'eichapaite héra?
enfileirei-o,Asysyrung,Aipytyvõta chupe
todos os habitantes do paraíba,opá Paraibygûara,opa umi oikóva paraíba-pe
eu não tenho preço alto,Na xe repy-marangatuî,Ndaipóri mba'e ivaléva
o que se honra quando o padre ergue o cálice da missa?,Mba'epe asé oîmoeté abaré itaîukamusi rupireme?,Mba'e mba'e oñemomba'eguasu pa'i omopu'ãvo kuãra'i misa ryepýpe?
não conheço esse homem,N'aîkuabi a'e abá,Ndaikuaái ko kuimba'e
o cauim te embebedava,Nde mondabeypó kaûĩ,Ko'ã ka'i nde'íri
o que é igual a algo ou a alguém,îandûara,Mba'eichaguápa peteĩ mba'e térã peteĩva
os restos de nossos pecados,asé angaîpaba rembyrûera,Ñane angaipa rembi'u
"vamos, nós também jejuemos","Pe'ĩ, îandé bé îaîekuakub","Jaha, ñande avei ñambyasy"
"durante a estadia dele no ventre de sua mãe, deus o santificou",O sy rygépe sekó remebé Tupã i mongaraíbi,"Oiméramo isy ryepýpe, Tupã Ñandejára omopotĩ ichupe."
venham voltar para deus,Peîori pebaka Tupã koty,Peju jevy Tupã Ñandejárape
"no mesmo dia em que você a comer, cairá a morte sobre você",Ara nde i gûaba pupé bé o'a te'õ nde reséne,"Pe ára re'u haguépe, omano va'erã nde ári."
são pedro puxou a espada,S Pedro itangapema osekyî,San Pedro omosarambi espáda
trouxe as velhas de além de magueá,Gûaîbĩ aru amõ Magûeá suí,ogueru umi kuña tujavéva Magágui.
eu sou peçonhento,Xe ranhasy,Che niko che py'a potĩ
eu o amo,Asaûsu biã,Che ahayhu chupe
"água cheia, maré alta",ty-apogûasu,"Y henyhẽva, mar mar ha'e"
vou contar as maneiras de impedi-los,I moarûapaba t'aîmombe'une,Añe'ẽta mba'éichapa ikatu ñamboyke chupekuéra
eu a lavo,Aîpyeî,Che ahasa
destruindo a descendência daquele primeiro homem branco,A'e karaibypy îeapykaba mondyka,omombaretévo pe ñemoñare ypykue kuimba'e morotĩva
lugar habitual da minha pescaria,xe pindaeîtykatyba,tenda jepokuaaha che pyahúpe
trago este homem aqui para que o reconheçam.,Ikó abá arur iké ta peîkuab,Aguerúta ko kuimba'e ko'ápe oikuaa haguã ichupe.
"eu sou moçacara, sou forte","Xe posaká, xe ratã","Che mitãkuimba'e, che mbarete"
"o fujão, o que costuma fugir",kanhembora,"Pe ka'avo, okañýva"
quem é você?,Abápe nde?,¿Mávapa nde?
muito maior,turusu-katu-eté,tuichavéva
dar também o dízimo daquilo que plantou primeiro,O emitymbûerypy pupé Tupãpotá-me'engano,ha ome'ẽ avei diezmo umi mba'e omopu'ãva ra'e.
"todos juntos, todos de uma vez",oîepekatu,"Opavave oñondive, opavave peteĩ jey"
sou leviano,Abebuînhẽ,Che levíano
será que os homens se tornaram muito maus?,Onhemoangaîpabeté serã apŷaba?,¿Oiko vaipa umi kuimba'e?
quem será que a trouxe?,Abá serã ogûeru?,¿Mávapa ogueru chupe?
o que acontece com quem bebe somente o suficiente?,"Oîá nhote kagûarape, marã?",¿Mba'épa ojehu umi omomýiva'erã?
"que coisas, então, eu fiz hoje?",Marã-marã-pakó îeí xe rekóû?,¿Mba'e mba'e piko che ajapo va'ekue ko árape?
sei mais do que você,Aîkuab-eté nde suí,Aikuaave ndehegui
embelezando você totalmente,Opabĩ nde momoranga,ha'e ndepy'a porãve haguã
nossa alma está em tuas mãos,Nde pópe oré 'anga ruî,ore alma oî nde pópe
meu fogo é o lugar em que você queimará,Xe ratá nde kaîaûama,che tata ha'e pe nde rehapy va'ekue
nasceu para nós hoje,O'a îandébo kori,heñóiva ñandéve ko árape
de que espécie é isto?,Marãba'e-p'iã ri?,Mba'eichagua mba'e hína?
"ao examinar a armadilha de alguém, tomo o seu conteúdo","Abá mundé supa, i pora rá","Ahechaukávo mávapa umi mba'e, ahechaukáta mba'épa he'i."
vou mudar de nome hoje por causa deles,Aîerok kori seséne,Che réra ko'ágã che renói ichupekuéra rehehápe.
"quem está deitado aqui, aquietando-se?",Mba'epe ké tuî opyka?,"¿Máva piko oguapy hína ko'ápe, oñesũvo?"
creio na nossa futura ressurreição,Arobîar asé rekobeîebyragûama,Che jerovia ñande jeikove jevyha
"ao chegarem, os pescadores sempre repartem seu pescado com suas amantes ruins, pelas costas de seus senhores","Pindaîtykara îepotasápe, memẽ o agûasá-poxy supé oîmoîa'ok o embiara, o îara kupébo nhẽ","Oguahëvo, umi pescador katuete omboja'o ipópe hembireko vai, ipópe."
desceu até o centro da terra,Ogûeîyb yby apyterype,oguejy yvy mbytépe
"logo, ao vencer os temiminós, habitantes daqui, eu os frequentarei","Koromõ, keygûara temiminõ moaûîébo, asapekóne","Upéicharõ, umi kyhyje'ỹva ohasávo, ko'ápe oikóva, che añemoirũta hesekuéra."
a mim,Ixé supé,Che rehe
que o faça perdoar a nós,T'omoîerekûab orébo,Ha'e oipota ñandeperdonáta
os chefes velhos sempre lhes falam,Morubixaba tuîba'e onhe'eng memẽ i xupé,Umi mburuvicha guasu ymaite guive oñe'ẽ ichupe kuéra.
aquela lei nova me incomoda muito.,Xe moaîu-marangatu aîpó tekó-pysasu,Ko léi pyahu tuicha chepy'apy.
que está deitado aqui?,Mba'epe ké tuî?,¿Mba'e piko pe oĩva'ekue ko'ápe?
vocês queimarão em conjunto,Pekaî oîepegûasune,Péva ha'e pe ñembopyahu
eu não vou durar muito,Na xe rekosûeri,Ndaha'éi voi hetaite ára
faço papinha para ela,Aîka'u,Ajapóta chupe peteï taty
caminho impraticável,pé-aíba,tape naiporãiva
vamos falar baixo para que os índios não percebam,Mbegûé îaîomongetá t'onhandu umẽ abá,Ja'éta mbeguekatúpe umi indio ndohechakuaáiva
filhote de cão,îagûara'yra,Kuimba'e
"vinham mulheres, suas discípulas, pranteando-o",Osó kunhã semimbo'e-etá sapirõmo,"Ha'e kuéra katu oñemboja hemimbo'e kuéra ndive, opukavy ha opukavy hese."
não existem mais todas as suas antigas terras; desde então não contêm muita coisa,N'i tybangáî setãmbûera Opá akûeîme n'i poretáî,Ndaipórivéima yvy yma guare; upéguive ndojepy'apýi heta mba'e
você terá a alma limpa,Nde 'ã-kytyngokyne,nde py'a potĩta
eu o parti ao meio,Oîopytera rupi aîasy'ab,Ahasáma mbytépe
"corda de panacu, que passa pela cabeça de quem o leva.",panakũ-sama,"yvyra'i ipire, ohasava'ekue iñakã ári ogueraháva."
a água se transformou em vinho,Y anhẽ monhangi kaûĩnamo,y oiko vino
dizem que o homem fez assim antes,Emonã îé abá rekóû rãé,he'i yvypóra ojapo hague péicha ymave
remédio para nossos antigos desejos sensuais,moropotaragûera posanga,mba'asy ñande rembipota yma guare
"não fomos nós, mas nossos subordinados","Na oré ruã, oré kyra é","ndaha'éi ñande, ñane rembiguái kuéra"
aí é que está! eu estou surpreso por sua causa,Aîpó nhẽ! Xe putupab nhẽ nde ri,Ha'e upeichaite!
você sofreu a morte,Te'õ ereîporará,nde rehasámava ñemano
"levantem-se, vamos ao seu encontro","Pepu'am, t'îasó sapépe sobaîtĩamo","Pyhareve, jaha romoirû chupe"
sendo ele bom,okaturamo,ha'e porã
reflexo ou resplendor do mar,paranãendy,yvate gotyo
a água benta é a causa da fuga do diabo,Anhanga nhegûasembaba 'ykaraíba,Y marangatu niko omosarambi pe aña.
estou levando carga,Ambosyî,Ahupi hína mba'e
eu tenho o cachaço grande,Xe aîurupygûasu,Che apytégui tuicha
eu estou estendido,Aîepysó gûitupa,Che añemboja
"meu ex-marido há de ser, certamente",Xe mendûera ipó re'ĩ,che ex-marã katuete
bom remédio,mosãngatu,mba'asy porã
não venho com a intenção de que me alimentem,Aîur ta xe poî na ûi'îabo ruã,Naha'éi che rembi'urã reheve.
"não teve mãe, não tem corpo e não teve começo","N'i xyî, na setéî, n'i ypyî","ndorekóiva sy, ndorekóiva hete ha ndorekóiva ñepyrũmby"
quem tem olhos que são luxuriosos,sesá-poropotaryba'e,Oguereko hesa iporãva
eu tenho a casca estalada,Xe pé-pok,Che akãra'ã mbyja'i
que somente eu te ame,Nde anhõ t'oroaûsu,che añoite rohayhuha
"eu sou o que é antigo, o de tempos atrás",Erimba'endûarûera ixé,"Che ha'e ymaite guive, ymaite guive"
me quebrei,Aîeká,Che apytĩ
por que você bate em mim?,Marãpe erepûar xe resé?,¿Mba'ére piko reñemomba'e che rehe?
eu tenho pernas tortas,Xe retymãnhemang,Che ruguy ipya'e
ainda que eu já fosse,Aûîebé-te xe só-umani,ha'e ramo ha'e va'e ma
estamos sempre com você,Nde resé memẽ oroîkó,Ore roime nde ndive
é por isso que vocês o batizam junto ao padre,Aîporama resé é peîmongaraíb abaré pyri,Upévare peñemongarai chupe pa'i ndive.
"e, ao partir muitas vezes a hóstia em pedaços, está nosso senhor jesus cristo em cada pedaço?",A'epe abaré hóstia pese'õ-etá-etáreme i pese'õmbûera îabi'õ Îandé Îara Îesu Cristo rekóû?,"ha, heta jey omombyryvo hósta, ¿oîpa ñande JESU KRISTO peteï peteï mba'e?"
vou procurar meu pai,Asó xe ruba pé,Aju che túvape
habitante de fronteira,tatobapyygûara,oikóva frontera-pe
amarrem os malditos!,Peîpûá muru!,Eike umi mba'e vaiete!
quando foi visitá-la? - por ocasião da gravidez de seu filho são joão,-Erimba'epe i xóû i xupa? -I membyra São João rurureme,¿Araka'e piko reho va'ekue reju va'erã? - nde ra'y San Juan hyeguasúva jave.
enseada ou baía do mar,paranãngûá,yguasu térã yguasu yguasu
muito bem!,Aûîé ipó!,¡Añetehápe!
por que a gente reconhece o dia dos santos?,Marãnamope asé santos 'ara kuabi?,¿Mba'ére piko jaikuaa ára marangatu?
"derramando o seu sangue, começaram a açoitá‐lo","Sugûy mombukapa, îaînupã-nupã",Ha'ekuéra oitypa ichugui tuguy ha oñepyrũ omombo chupe.
eis que até mesmo murmura contra deus,Tupã resé tiruã kó nhe'enga reîtyki,ha upépe jepe oñe'ẽ Tupã rehe
eu me retiro quando vou,- Xe rembyrĩ gûixóbo,Che ajuha che rendápe aha vove
você está dentro de uma casinha,Ó-mirĩ pupé ereîkó,Nde reime peteî óga'i ryepýpe
"quem o fez outrora, começando a pronunciá-lo?","Abápe aîpoba'e oîmonhang erimba'e, sa'angypŷabo?","¿Mávapa ojapo va'ekue yma, oñepyrũvo he'i?"
trouxe todo o peixe,Aru-pab pirá,ogueru opaite pira
minha casa está escura,I pytun xe roka,Che róga pytũ
"você forçou alguma mulher, sendo astuto com ela?","Ereîukaípe kunhã amõ, sesé nde ara'apy'iramo?","¿Reñemombaretépa peteĩ kuñáme, reñemomandu'ávo hese?"
não sei,N'a'ekatuî,Ndaikuaái
"ah, transgredi muitíssimo as palavras de meu criador!",Aîaby-eteté xe monhangara nhe'enga mã!,¡Ajépa tuicha che rembiapoukapy!
você furtou na roça do seu próximo?,Eremondarõpe nde rapixaba kópe?,¿Reñembotypa nde rapichápe?
de maneira nenhuma,-Setápe asé nhemongaraíbi? - Aani - A gente batiza-se muitas vezes?,Ndaipóri mba'eve
experimentei a palavra de deus,Tupã nhe'enga asa'ang,Añeha'ãrõ Tupã ñe'ẽ
desci com eles.,Aroapy'am,Aike ha'ekuéra ndive.
coisa enlameada!,Mba'e-u'uma!,Mba'e vaiete!
"por isso mesmo, eles não se deleitam com as coisas boas",Nd'e'i te'e mba'e-katu resé oîekosube'yma,"Upévare, ndojapói hikuái mba'e porã."
uns aos outros,o îoupé-upé,ojoaju
você vai definitivamente,Eresó nhẽ peũî,reñemondýi
corto a pele dele,Aîpi-mondok,A'e'ỹi chupe
vou buscar água,Y piaramo asó,Aháta aguapy
você ficou maravilhado com a visão de homens belos?,Nde angerasópe abá-porangepîaka?,¿Oñemomba'e guasu va'ekue nde rehecha haguére kuimba'e porã?
faremos o que ele fez,Semimonhangûera îamonhangyne,Jajapóta ha'e ojapo va'ekue
caço,Aka'amondó,ñemby
"minha nação, outrora, estava de acordo com a cultura original","Xe anama, erimba'e, tekó-ypyramo sekóû","Che retã yma guare, oĩ va'ekue heko tee."
sou vistoso,Xe arũaíb,Che ha'e peteî mba'e porã
mas chorem por vocês mesmas,Peẽ aé-te peîeapirõ,Pende rehehápe peñembyasy
vamos pelos seus rastros,Sakypûera rupi é îasó,Jaha'e chupe kuéra.
aqui vem um urutaurana,Ké urutaûrana ruri!,Ko'ápe ou peteî urutaurana
o lacei pelo pescoço,Aîaîurar,Aheja chupe che korapy rehe
fazendo-os levantar imediatamente,I mopu'ama kûeîeténe,omopu'ãvo chupekuéra pya'e
baliza do caminho,pé kugûapaba,tape rapykuere
"daí ia para longe, frequentando outras aldeias","Kûé suí asó mamõ, amõ taba rapekóbo","Upégui oho mombyry, oho ambue táva-pe"
amarraram-no com toda uma corda,Opá sama pupé i apytĩû,Ha'ekuéra omboty chupe peteĩ cuerda tuicháva.
"ao comer junto dos seus discípulos, o pão devolveu-se como seu corpo kapi'ĩ sosé kó tuî, tapi'irusu karûápe - eis que sobre o capim ele está deitado, no lugar em que a vaca come","Gûemimbo'e pyri o karûápe, miapé moîebyû gûetéramo","ha okaru jave hemimbo'e kuéra ndive, pe mbuja ojevy jey hete kapi'ĩ sosé kó tuî, tapi'irusu karûápe - ko'ápe opyta ka'i ári, pe ka'i ho'uhápe"
você está no paraíso para sempre.,"Endé, Tupã rorypápe aûîeramanhẽ ereîkó",Nde hína pe paraíso opa ára guarã.
considerem-no vontade; considerem-no para matá-lo,"Perekó potasábo é, perekó i îukábo",Oimo'ã hikuái oipotáva; oimo'ã hikuái ojukahague
morcegão voador,andyragûasu-bebé,mbarakaja ovevéva
vim do céu pelo interior de suas ocas,Aîur ybaka suí pe rokybỹîa rupi,Che aju yvágagui ha'e kuéra ypýpe.
o que se envergonha,otĩba'e,Mba'e mba'e mba'e mba'e mba'e mba'e mba'e mba'e mba'e mba'e mba'e mba'e mba'e mba'e mba'e mba'e mba'e mba'e mba'e mba'e mba'e mba'e mba'e mba'e mba'e mba'e mba'e mba'e mba'e mba'e mba'e mba'e mba'e mba'e mba'e mba'e mba'e mba'e mba'e mba'e mba'e mba'e
sou leve,Abebuîkatu,Che mbovy'a
eis aqui também a ingapema pintada,Kó bé ingapé-kûatiara,Ko'ápe avei ko'ápe pe ingapema pintada
"mas, de fato, colocam vinho dentro dele?",Kaûĩ aé ruã-tepe ybŷá onong i pupé?,¿Ha añetehápe piko omoĩ hikuái vino ipype?
catei-lhe a cabeça,Aî'abiú,Aitypýkuri iñakã
abundava o amor de deus em seu coração outrora,Tynysẽ Tupã raûsuba nde nhy'ãme erimba'e,ohayhuetereíva Ñandejárape ipy'apýpe yma
ele não foi mesquinho antes da sua vinda aqui diante de mim,Na sa'ubi iké xe robaké nde rur'e'ymebé,Ha'e ndaje iporãiete ou mboyve che renondépe.
não irei,Asó umẽpe ky,Ndaha'éi
"alguns somente, outrora, morreram meninos",Mbobyrîõ ipó erimba'e kunumĩ kanhemi,Oĩ va'ekue mitãmi omano va'ekue
que ele não fique ofegante por minha causa,T'e'i tenhẽ umẽ xe ri o îuru'aramo,Ani haguã ojopy che rehe
o diabo te incomoda,Anhanga nde moabaîté,Pe aña nderepy'apy
homem ignorante,abá-tekokuabe'yma,kuimba'e oikuaa'ỹva
seu filho se poluiu outrora porque você o desejou?,O'ẽpe erimba'e nde membyra nde i potasápe?,nde ra'y ojepy'apy va'ekue nde rehe?
resgatando totalmente seus antigos pecados,O angaîpagûera repyme'enga-mbapa,"ha opaite mba'e reheve,"
nos aproximamos um do outro,Oroîoerobyk,ñañemboja'o ojuehe
espera! que venha o maldito primeiro,"Enhambé! T'oú-te muru, ranhẽ",¡Pemañáke pe maldición ou raẽ!
sua mãe levou dois filhotes de pomba como oferenda,Mokõî pykasu ra'yra i xy ogûerasó îetanongabamo,isy ogueraha mokõi pira'i'i'i'i'i'i'i'i'i'i'i'i'i'i'i'i'i'i'i'i'i'i'i'i'i'i'i'i'i'i'i'i'i'i'i'i'i'i'i'i'i'i'i'i'i'i'i'i'i'i'i'i'i'i'i'i'i'i'i'i
"aquele, de fato, não é diferente da cobra",Aîpoba'e tenhẽ n'oîabyî mboîa,"upe, añetehápe, ndaha'éi mba'eveichagua mbói"
"você deve confessar primeiro sua atração por eles, no que diz respeito aos casados, depois",mendasara resendûara tekori,"Reñemomba'e va'erã tenonderã nde jehechakuaáva hesekuéra, omenda ramo guare, upéi"
estes teus servos são maus; não me tratam bem,"I angaîpá kó nde boîá, na xe rerekó-katuî","Nde rembiguái kuéra niko heko vai, ha ndojapói che rehe mba'eve."
que nos leve ao seu lugar de felicidade para nos fazer regozijar consigo,T'îandé rerasó o orypápe o îoesé îandé moîekosupa,Ha'e ogueraha ñandeve vy'a rendape ha ñanembovy'a hendive.
o que disseram seus adversários ao irem?,Marã e'ipe supîarûera osóbo?,¿Mba'épa he'i hikuái iñirûnguéra oho aja?
meu nome é muito terrível,I abaeté-katu xe rera,Che réra ivaietereígui
meu avô jaguaruna,xe ramũîa Îagûaruna,che ruvicha jaguaruna
por qual estado transparecia a sua angústia?,Marã sekó resépe i angekoaíba îekuabi?,Mba'eichaguápa ojehechaukáva iñangekói?
lancei a âncora,Aîtyk itasama,Aitypo anguja
não se arrependeram alguns de seus vitupérios depois de o injuriarem?,Nd'oîmoasyîpe amõ o nhe'engaibagûera iî a'o ré?,¿Ndépa revyʼa nde rapichakuéra heʼi haguére ndéve mbaʼe vai?
antes sua ida para junto dele no céu do que sua ida para o inferno,Ybakype i pyri o só îanondé Anhanga ratápe o só suí,Nde rapykuéri yvágape oho haguã hese nde rapykuéri oho haguã infiérnope
não seja mentiroso por causa de ninguém,Nde remo'em umẽ abá resé,ani ndejapu avavépe rehe
alegrando-se com a morte de alguém,Abá re'õagûera resé og orybamo,Ovy'a jave omanohaguére
"viemos festejar você, deixando de lado nossa maldade","Oroîu nde momoranga, ore aíba reropó","roju ro'e ndéve, rohejareívo ore mba'e vai"
"enfim, à sua esquerda estão os que foram pecadores",Aûîé i asu koty é i angaîpaba'epûera oîkóbone,Ha iñangaipáva kuéra katu oĩ ijapére.
procedo muito mal,Marã-marã tenhẽ aîkó,Ahasáma vaieterei
ainda bem que morreu,Iîá omanõmo,Avy'aite omano haguére
hoje eu deveria ir,Kori monẽ asó,Ko árape aha va'erã
vamos devagar para fazer o assalto,"T'îasó, mbegûé, îapu'ama",Ñambopyahu ñambohory haguã
eu tenho raízes,Xe rapó,Che niko areko che rembi'u
vivo de mariscos,Paranãmbora ri aîkó,Mymba okambúva
estou acostumado,Sekoba'e ixé,Che añe'ê'ypy
"a que se assemelha essa graça, o meio de torná-los bons?",Mba'e nungarape aîpó graça i moangaturãsaba?,"Mba'éicha rupípa iporã ko'ã mba'e, mba'éichapa ikatu jajapova'erã iporãva?"
"o grande chefe aimbirê, o pervertedor dos índios","Tubixá-katu Aîmbiré, apŷaba moangaîpapara","Mburuvicha guasu Aimbirê, umi indio perversón"
que sua pureza seja igual em mim,Nde poropotare'yma t'oîakatu xe resé,Toñembojoja che py'a porã
"por ti suspiramos, gemendo",Nebe oronheangerur oré poasemamo,"Nde rehehápe roñembyasýi, roñembyasýi"
"seu sangue era muito, escorrendo no chão",Sugûy turusu ybype osyryka,"huguy hetaiterei, osyry yvy ári"
"me apoiando na valentia de vocês, quero ir","Pe ratãngatu resé gûiîekoka, asó-potá","Che pytyvô ha che py'aguapy nde py'aguapýpe,"
amontoado de pedregulhos,itakurubi-tyba,Oiméva umi ita
"suportando a escuridão, estamos muito aflitos","Putunusu porarábo, oroîkotebẽngatu","Ñane pytũmbýpe ñambohovái, ñembyasyeterei"
não o temam,Peîpoûsub ymẽ,Ani pekyhyje hese
"comeu aquele fruto, causa da morte, que deus dissera?","O'u nhẽpe a'e 'ybá, tegûama, Tupã 'îaba?","ho'u va'ekue pe yva, omomýiva, mba'épa he'i Tupã Ñandejára?"
"transgrediria o homem a palavra de deus, conhecendo-os assim?",Oîabypemo abá Tupã nhe'enga emonã sekokuapa?,¿Oñemboykepa vaʼerãpa Ñandejára Ñeʼẽ oikuaaukávo upéva?
o lado direito dele,iî apé,ipya'e gotyo
"a cova da lebre está limpa, como se vê",I pe'ybĩ nakó tapiti kûara,"Pe ka'aguy ra'y'ỹi ipotĩ, jahechaháicha"
quantos são os chefes principais por aqui?,Mobype tubixá-katu kybõ?,Mba'eichapa umi mburuvicha guasu ko'ápe?
apanhei-as,Aîapûapyk,Ajuhúma
bolota de sal.,îukyrapu'a,mba'e'okápe.
continuei a contar isso,Aîkuabe'u-be'u,Añe'ẽmína ko'ã mba'ére
"aquele que entrega os reféns, o redentor",morepy me'engara,"Ome'ẽva'ekue umi rehénte, pe ojesalva'ekue"
"e onde está aquele limbo, morada das crianças que não foram batizadas?",Umãmepe a'e putunusu pitanga nhemongaraibypyre'yma rekoaba rekóû?,"ha moõpa oĩ limbo, umi mitâ ndojevautísimo'ỹva róga?"
você bateu com um pau na sua esposa!,Ereropûar ybyrá nde remirekó resé!,Nde rejapóva nde rembirekópe!
eu fico me levantando na ponta dos pés,Xe pyta'ã-ta'am,Apu'ã che py'a poty ári
o que seria morto,miîukarambûera,¿Mba'e piko ojejuka va'erã
eu tenho o andar escarrapachado,Xe atá-îaî,Che py'a potĩ
viram também a sua própria formosura,O aysó abé osepîak,ohecha avei imba'e porã
"o que é raro, poucas vezes visto ou que não se encontra a cada passo",setapokãba'e,"mba'e sa'ieteva, sa'i ojehechava'ekue térã ndojejuhúiva'ekue peteĩteĩ tapére"
coisa rapada,mba'e-apina,mba'e ojeja'óva
"caem, às vezes, os frutos das suas árvores, ainda sendo flores",Okuî rakó amũme 'ybarambûera o 'yba suí ybotyramo oîkóbo bé,"Sapy'ánte ho'a hi'a yvyramáta, yvoty ha'éva"
devemos ir à árdua guerra?,T'îasó maranatãûãme?,¿Jaha va'erãpa ñorairõ guasu?
corte-o pela base,Iî aŷpy rupi eîasy'ab,Eity pe base rehe
deus o tomou,Tupã tari,Tupã Ñandejára ojagarra chupe
você ajudou alguém em um roubo?,Ereîpytybõpe abá mondá resé?,¿Reipytyvõpa peteĩ tapicha ojuka jave?
você vomita cauim?,Ereîmoîebype kaûĩ?,¿Reñembotuicha piko kóva?
o que outrora transformou em mundo?,Mba'epe erimba'e oîmonhang 'aramo?,Mba'épa ojapo va'ekue ko yvy ape ári?
"será que nosso senhor estava muito angustiado, rezando a ele por muito tempo?",I angekoaí-katu serã Îandé Îara i mongetapukûabo?,"¿Oiménepa ñande Ruvicha guasu hasyeterei, oñembo'e chupe hetaite tiémpore?"
não pode alguém casar-se com seu parente verdadeiro?,Nd'e'ikatuîpe abá o anameté resé omendá?,¿Ndépa ikatu peteĩ omenda iñangirũ tee rehe?
"que eles hoje nos perdoem, dando anzóis","T'i nhyrõngatu kori îandébo, pindá me'enga","Ko árape oheja ñandéve ñane anguja,"
"você teve polução, tendo desejos sexuais?",Erenhemoa'ypupukype nde poropotaramo?,"¿Reñemoĩ vaipa ndehegui, nde py'a potĩ?"
muitas chamas de fogo,tatá-endy-etá,heta tata'i
"os temiminós, de dia, confessam apenas seus pecadilhos",Temiminõ 'arybo nhẽ oîmombe'u o angaîpá-mirĩ anhõ,"Umi mborayhúvape, ára pukukue javeve, omoañete hembiapo vaikue añónte."
"seus amigos, os franceses, trouxeram armas de fogo em vão","Saûsupara, aîuruîuba, mokaba ogûeru tenhẽ","iñirûnguéra, Francia, ogueru arma de fuego ivaíva"
"havemos de chegar ao céu, ao lugar em que você se revela.",T'orobasẽne ybakype nde îepîakukasápe,"jahupytýta yvágape, pe tenda rejuhápe."
pensa em vir para assustar vocês,Oú-mo'ang pe mondyîa,Epensamína ouha chendive haĝua pene kyhyje'ÿre
derrame suas lágrimas por detestá-los,Nde resa'y eîmondyky seroŷrõsápe,Oipyso nde yva rehe nde resay haguére
"o diabo te agasta, tendo medo de ti","Anhanga nde moabaîté, nde suí osykyîébo","Pe aña nde'íri, nde kyhyje'ỹre"
"diante deles, os diabos se ajuntavam, querendo engoli-los","Sobaké Anhanga onheŷnhanga, i mokona motá",Umi demónio oñemboja hendápe ha ojukase ichupekuéra.
vem para amedrontá-lo,Eîori i mosykyîébo,Oúta omokyhyje haguã chupe
sou um homem manso,Abanherane'yma ixé,Che niko peteĩ kuimba'e ipy'aguapýva
eu tenho vermes,Xe rasok,Che apytégui oĩ mbarakaja
curral dos porcos,taîasu rokaîa,Ka'avo ñemby
cortei um pedaço dela,Aîasy-'ab,Aity peteï pira'i
meu senhor!,Xe 'a!,Che ruvicha guasu!
tomara que eu não seja o primeiro a morrer,N'aîkóî ipó irã tuîba'eramo ranhẽne re'a,Oiméne ndaha'éiha che ra'y omano va'ekue
furna em penedos ou rochas,itá-kûarusu,yvate térã ita ári
"será que os que o levaram insistiram muito, então, e ficaram a gritar?","Oîeîukaaíb-eté serã serasoaretá a'ereme, oposẽ-posema?",¿Oñembohérapa hikuái chupe ha osapukái hikuái?
amarrei-lhe as pernas,Aîkupy-pûar,Ajerure chupe che py'a
que sejamos dignos do lugar futuro do nosso regozijo,T'oré angaturãne oré îekosubagûama ri,jaikóvo ñane retãygua retãygua
"chamei-o, de fato, mas nem por isso veio",Asenõî nakó naeroîaî turi,"Che ajerure chupe, añetehápe, ha upéinte ndohói."
canto dela,sendybangã,Iñembo'e
eu sou muito perebento,Xe peré-pereb,Che niko che mboriahueterei
"vou me vingar dele no futuro, certamente",Aîepyk ipó irã seséne,"Che aporandúta chupe ko'ẽrõite, añetehápe."
não confio em macaxeiras,Nd'arobîari Makaxera,Ndajeroviái umi mba'e vai
barrei a casa com terra,Oka aîyby-apetek,Aitypa yvy ko óga
"detestando-os muito, trate-os muito mal","I amotare'ymetébo, perekoaí-aí","ha'ekuéra ndaija'éiva, ha'ekuéra ndojeporãiva"
você não tem o coração despedaçado de aflição,Tekotebẽ suí nde nhy'ã-boke'ymi,nderepy'apýi nde py'a py'a py'a py'a py'a py'a py'a py'a
o que se compraz em seu sonho mau,O ké-poxy omboryba'e,Mba'épa ojepy'apy nde arapytu vai
raro,pokangi nhõte,sa'iete
"atravessando o céu, foi, deixando você","Ybaka rasapa, osó, nde reîá","yvága rupi, ha'e, oheja nde"
"eu açoito gente, de costume",Xe poronupã îá,"Che apysã'i yvypórape, jepiveguáicha"
vou a pé,Xe py resé nhẽ asó,Aike hína
se aquecendo perto do fogo,Tatá ypype oîepegûabo,omopyrũvo tata ypýpe
"meu senhor, eis que não sou digno de que você entre no meu coração","Xe îar, na xe angaturami ã a'emo ereîké xe py'ape","che ruvicha, ko'ápe che ndaikatu mo'ãi reike che korasõme"
acusando uma mulher para seu marido,Kunhã kuaûká i mena supé,Oñembohory kuñáme iména rehe
para quem a gente reza pela felicidade futura de sua alma?,Abá supépe asé îeruréû o 'anga rekokaturama resé?,¿Mávapepa ñañembo'e ñande py'a porãre?
bem feito! ambos queimarão juntos,Iîamuru! Mokõîbé pekaî oîepegûasune,¡Oñemboja porã!
"quando vim, encontrei o que havia guardado","Xe rureme, asobaîtĩ xe remierekopûera","Ajuhu ramo, ajuhu upe che apytáva"
e este?,A'e-p'ikó?,¿Ha ko'ãnga?
digo novamente,A'é benhẽ,Añe'ê jey
"assim como esta água lava o corpo da gente, aquela também","Akó 'y asé reté moîasuka îabé, akûeîa îabé","Ko y omopotî haguéicha ñande rete, upe avei"
a crença na dança enche os corações deles,Moraseîa rerobîara i py'a îaîporaká,jerovia jeroky rehe omyenyhẽ ichupekuéra
"por outro lado, semelhantemente, o próprio mar será mais terrível do que costuma ser",Kokoty paranã aé rame'ĩ o abaetéramo erimba'e gûekoagûera sosé,"Upéicha avei, mar voi ivaive jeýta yma guarégui."
arrepende-se muito dos seus pecados no seu coração,Omboasy-katu o angaîpaba o py'ape,ha'e ombyasyeterei hembiapo vaikue ipy'apýpe.
você esfregou seu pênis excitado?,Ereîkytykype nde ragûyrõ?,¿Reñemomýipa nde py'a kyre'ỹre?
medi a profundidade dele,Atypy-a'ang,omohenda ipýpe
mas esses não se esforçam por aprender sempre?,N'osa'angi-tep'akó nhembo'e ko'arapukuî?,"Péro, ¿ndépa koʼã kuimbaʼe oñehaʼãta akóinte oaprende?"
isso mesmo,ebokûeîba'e a'e,Ha upéva añete
"oh, não acredite neles!","Ahẽ, teumẽ serobîá!",¡Aníke rejerovia chupekuéra!
"espere! que o maldito venha primeiro, vindo com sua ferocidade","Enhambé! T'oú-te muru, ranhẽ, o nharõ rerobasema","¡Pemañáke pe maldición ou ypy, ou ha'e kyhyje'ỹme"
quero muito apanhá-las com os que atacam as pessoas,Aîpysy-potá-katu morepenhandara ri,Añeha'ãta añete che retãguápe umi ojukáva hapichápe.
"e os rapazes que perseguem mulheres, fugindo sempre?","A'epe kunumĩgûasu kunhã oîmomosemba'e, onhegûasema memẽ?","ha umi kuimba'e ohóva kuña rapykuéri, osêvo?"
tenho os olhos enevoados,Xe resá-oby,Che resa hovy'i
insisti,Na xe apysáî,añemoĩ
por que ele vive tendo coisas boas mais do que eu?,Marãmo ahẽ rekóû o mba'ekaturamo xe suí?,¿Mba'ére piko oikove heta mba'e porã chehegui?
"suas palavras transgrediam muito, amaldiçoando-o","I nhe'enga abŷabo-tekatu, i momburûabo","Iñe'ẽ vaiete ombotavy, ombotuicha ichupe."
esmaguei-o,Aîkumirik,Aitypýkuri chupe
voo como este vento,Abebé kó ybytu îá,Nde'íri yvytu ramo
amarre sua rede ao meu lado,Eîotĩ nde kesaba xe porupi,Eike nde rete che ykére
eu também sou um porco,Xe abé taîasugûaîa,Che avei peteî porcón
pus o sapato,Aîpyapasá-mondeb,ajopy sapatu
dei coisas a outra pessoa que não era meu pai,Aîme'eng mba'e xe ruba taté nhẽ,Ame'ẽ va'ekue mba'e ambue tapichápe ndaha'éiva che túva
lembrem-se das almas dos falecidos,Penhemoma'enduar ambyra 'angûera,Pende mandu'a umi omanóva rembi'u rehe
não querendo transgredir a boa lei,Tekó-katu aby potare'yma,ndoipotáiva omboyke léi porã
ao amanhecer,ko'ẽme,pyhareve jave
sei fazer isso,A'ekatu eboûinga resé,aikuaa mba'éichapa ikatu
ele me deixou sem palavras,Xe nhe'ẽmbyk ahẽ,Ha'e oheja che ñe'ẽ'ỹre
acreditem um pouco mais nele,I pyrybé perobîá,Ejeroviave hese
"descansa, o maíra não é muito forte.",Nde pytuẽ Na satãngatuî maíra!,"Epy'apy, karai guasu ndorekói mbarete."
como deus fará com os que os cumprem?,Marãpe Tupã i moposara rerekóûne?,¿Mba'éichapa Ñandejára ojapóta umi ojapóva?
"na noite em que ele estava preso pelos judeus, os cristãos não estavam felizes","Putuna îudeus i pysykagûeramo sekóreme, cristãos rorybe'ymamo","Upe pyhare ojegueraha va'ekue chupe umi judío kuéra poguýpe, umi kristiáno ndovy'ái"
assim que eu vou,Xe só abé,ha upévo aha
"como isto, como este",koba'e îá,"ko'ãichagua, ko'ãichagua"
barrancos,yby'ã-by'ama,ñemboguata
não honram seu criador,N'omoetéî o monhangara,ndojehechakuaa'ỹi iñapytu'ũvape
vou atacá-los depois disso,A'e ré t'asepenhan!,Añeha'ãta añemokãre upe rire
estou com dores de parto,Xe membyrasy,Aguereko py'a hasýva.
o diabo sempre nos toma a dianteira,Îandé rokesỹ memẽ anhanga,Pe aña katuete ñanemotenonde
"você, ao contrário, obedeça a ele!",-Esapîá-te!,"Nde katu, nde katu, nde katu, nde katu, nde katu, nde katu, nde katu, nde katu, nde katu, nde katu, nde katu, nde katu, nde katu, nde katu, nde katu, nde katu, nde katu, nde katu, nde katu, nde katu, nde katu, nde katu, nde katu, nde katu, nde katu, nde katu, nde katu, nde katu, nde katu, nde katu, nde katu, nde katu, nde katu, nde katu, nde katu, nde katu, nde katu, nde katu, nde katu, nde katu, nde katu, nde katu,"
veja minha doença para que se compadeça de minha alma,Esepîak xe mara'ara t'eresaûsubar xe 'anga,Ehecha che mba'asy rehe che ánga rehe oiporiahuvereko haguã
tendo também coroas vermelhas e brilhantes,Akanetá-pyrã-beraba reroínano,oguerekóva avei corona pytã ha hovy
rio direito,y-atã,ysyry derecho
"depois disso, vamos hoje quebrar as cabeças dos reis",A'e ré kori îasó tubixaba akanga kábo,"Upe rire, ko'ágã ñamboguejýta mburuvicha guasu peguakuéra."
"eu sou guaixará, bebedor de cauim, comedor de gente, queimador de gente, diabo trucidador de gente","Gûaîxará kagûara ixé, morûara, moroapŷara, anhanga morapitîara","Che ha'e peteî gua'u, peteî ka'avo ho'úva, peteî tembi'u ho'úva, peteî ñembosarái, peteî mba'evai ñembosaráiva."
"se humilha, arrependendo-se de suas maldades","Onhemomboreaûsub, o angaîpaba moasŷabo",Ovy'a ha oñesũ hembiapo vaikuégui.
meu coração está palpitando,Xe py'a-tytyk,Che korasô mbopupúva
a sela do cavalo,kabaru repanakũ,kavaju'i ñemby
eu o ralo,Aseé,Che apysãta
nem por isso se importa com o resgate de seus antigos pecados,Ndaeroîaî o ekoangaîpagûera repyme'engagûama resé o putupabamo,ha upévare ndojapói mba'eve nderehe reñembyasy haguã nde pekádo yma guarégui
ele está feliz,Soryb,Ha'e vy'a'ỹ
agora eu pereço,Akanhem kó ixé re'a,ko'ágã che ñehundi
"tendo medo, você faria bem","Esykyîébomo, ereîkó-katumo","okyhyjégui, nde rejapo porãta"
"fazemos passar as flechas dos malditos, esquivando-nos diante deles","Îamongûá moxy ru'uba, i xupé îaîemoîtỹamo","Jaheja umi ñarõ michĩmi, ha jajehekýi ichugui."
"naquela época, depois que o mundo foi criado",Akoraka'e 'ara nhemonhang'iré,"Upe tiémpope, yvy ojepysóva oñepyrũ rire,"
devemos anunciar futuramente a sua partida,T'îaîmombe'u é irã i îepaboka,Ñamombe'u va'erã ko'ẽrõitéma osẽtaha
orando a deus,Tupã supé ûiîerurébo,oñembo'e Tupã Ñandejárape
derrame suas lágrimas,Eîmo'ẽ nde resa'y,Eipuru nde ypýpe
se for assim,emonãneme,ha upéicha ramo
que bom seria se eu fosse!,Marãîasûaramo asó mã!,¡Ajépa iporãta chéve!
mas olhe primeiro! olhe cá!,Ema'ẽ-te ranhẽ!,Péro ehecha raẽ.
matemos meu marido e então nos casemos um com o outro,"T'îaîuká xe mena, a'ereme t'îamendar îandé îoesé",jajuka che ména ha upéi ñañembosarái.
"oh, por acaso isto é o diabo?!","Îu, anhangap'ikó ri?!","oh, ¿oîpa ko aña?!"
o esfalfei,Aîmoa'ypab,pe esfalfío
você tomou alguma coisa de alguém sem razão?,Ereîar tenhẽpe abá mba'e amõ?,¿Reñemondo peteĩ mba'e avave'ỹgui?
reconciliei-os entre si,Anhonongatu o îoupé,Añeñandu porã chupekuéra ojuehe
que me guarde sempre,Ta xe rarõ memẽ îepi,Ha che pytyvõ haguã
deus se revelará a mim,Tupã îepîakukari xebene,Tupã Ñandejára ojechauka che rehe
por que ele vive tendo coisas boas mais do que eu?,Marãmo ahẽ rekóû o mba'e-katuramo xe suí?,¿Mba'ére piko oikove heta mba'e porã chehegui?
vem me governar,Îori xe rekomonhanga,ou che moakãhára
sairão dali no futuro?,Osem-y bépe irã a'e suíne?,¿Oikótapa hikuái upépe ára ha ára?
a que é alforriada,i mokunhãetepyra,ha'éva ñembosarái
"o que não tem mãe, o órfão",sye'yma,"mba'e ndorekóiva sy, mboriahu"
você pensou em alguma mulher?,Nde py'anhemongetápe kunhã amõ resé?,¿Pensápa peteĩ kuñáme?
eu os castrei,Asapi'anupã,Che amoĩ chupekuéra
"estas rãs, minhas presas, para que você as coma","Ikó îu'i, xe rupîara, t'ere'u","ko'ã rãguasu, che mymbajuka, nde re'u haguã"
vamos ver se realmente fará algum milagre diante de mim hoje,Oîmonhang ipó kori milagre amõ xe robakéne re'a,Jahechaukáta ojapótapa añetehápe peteî milágro che renondépe ko'ágã.
no seu ventre deus recebeu seu próprio corpo,Sygépe o eterama Tupã tari,Nde rypy'ápe Tupã Ñandejára omoirũ hete.
"não o deixe afastar daqui, minha morada",Eseîyî-ukar umẽ iké suí xe retama,"Ani reheja reñemboyke ko'águi, che renda"
ele morrendo,omanõmo,ha'e omano
"outrora, as pessoas preferiam que as matassem?",Oîpotarĩ-p'amẽ abá erimba'e o îuká?,"yma, umi hénte oipotápa ojejuka hag̃ua chupekuéra?"
"sou guaixará, bebedor de cauim, grande cascavel, onça, trucidador de gente","Gûaîxará kagûara ixé, mboîtiningusu, îagûara, morapitîara","Che niko gua'u, che yva ryakuã, che yva guasu, che yva guasu, che yva guasu, che yva guasu, che yva guasu, che yva guasu, che yva guasu, che yva guasu, che yva guasu, che yva guasu, che yva guasu, che yva guasu, che yva guasu, che yva guasu, che yva guasu, che yva guasu, che yva guasu, che yva guasu, che yva guasu, che yva guasu, che yva guasu, che yva guasu, che yva"
"você empregou alguém em dia de feriado, obrigando-o a trabalhar?",Ereîmoingópe abá 'aretéreme marã i moporabykŷabo?,"¿Reiporu vaʼekue peteĩva ne retãme, reipurúva chupe ombaʼapo hag̃ua?"
vou louvar muito meu pai,Aîmoeté-katupe xe ruba ká,A'e porãta che ru rehe
vou me aproximar bastante dela para ver bem sua beleza,Aroby-katupe ká i porangepîá-katûabo,Che aha che rapykuéri ha'e porã haguã
consolar os aflitos,Oîkotebẽba'e moapysyka,Omomorã umi oñembyasýva
eu estou caindo de sono,Xe kerapará-parar,Añypytũ hína
eu o levei secretamente,Arasó-nhemim,Che amoĩ chupe ñemiháme
"queimo você hoje, como de costume!","Oroapy kori, îandu!","Amohapy ndéve ko'ágã, jepiveguáicha!"
"primeiro, vou adiante de vocês como espião de vocês.","T'akûáne pe renondé, pe manhanamo, ranhẽ","Peteîha, aha che renondépe ha'e ramo pene rembipotápe."
quase o matei,Aîukasûer,Ha'e nunga rupi chejuka
"mingau grosso, massa",apytaîyka,"Mba'e'okuaa, ñana"
"por causa disso, já se juntaram as velhas e os velhos",Onheŷnhang umã sesé gûaîbĩ tuîba'e abé,Upévare umi kuña yma guare ha umi kuña yma guare oñombyaty.
aqui estou como teu filho pecador,Kobé aîkó nde ra'yrangaîpabĩnamo,Ko'ápe aime nde ra'y pekadór ramo
o limite da minha roça,xe kó robapy,Che ro'y rembe'ýpe
a mortandade da caça,so'o paba,ñembyahýi ñembyahýi
estou cambaleando.,Xe agûy-agûy,Añeñandu vai.
quem será como eu?,Abá serã xe îabé?,¿Mávapa oikóta cheicha?
está nas mãos do diabo,Anhanga pó gûyrybo nhẽ sekóû,Oime hína aña pópe
vocês disseram tolices?,Mba'epûera peîépe?,¿Ikatúpa peñe'ẽ vai?
"vem para espantar o diabo, para não nos vencer","Îori, anhanga mondyîa, oré moaûîé suí!","ou omokyre'ÿ haguã aña, ani haguã ñame'ê"
que vocês vão se regozijar com o que é desejado,Ta pesó peîekosupa i potarypyra ri,Pevy'a va'erã peipotáva rehe.
tratando-se uns aos outros como se estivessem em uma fraternidade,Oîoasykûera ri îasûaramo oîoerekóbo,oñangarekóvo ojupe ha'eháicha peteî jeroviaha
respondo a pero,Aînhe'ẽpoepyk Pero,Añe'ê porâ
sua nuca ficando a esmurrar,i aŷpy atyká-tykábo,nde ryguasu oñehundi
deve ser apenas uma coisa insignificante,A'uba nhote i por re'a,Ha'e va'erã peteĩ mba'e sa'ive.
eu permaneço seu guardião,Aîkobé n'ixé sarõana,Che niko che mo'ã nde rehe
"a noite toda, depois da sua grande bebedeira, vou falar aos ouvidos dos índios","Pysaré, i ka'ugûasu riré, asó abá rerobobõmo","pyhare pukukue, hetaiterei mba'e ryru rire, añe'ẽta umi indio ndive"
os que são maus e o tomam recebem a morte em si mesmos,I poxyba'e tasara te'õ ogûar o îoupé,Umi iñañáva ha ojagarrava'ekue ohupyty omanóva ipype.
folha tenra,só-kyra,kuarahy morotĩ
o que se defronta com a morte,Tegûama porarasara,Oñeha'ãrõva omano
como também recompensa pelo arrependimento delas,I moasyagûera repyramono,Ha'e avei omyengovia chupekuéra hembiapo vaikue reheve.
"quando a morte cair sobre eles, as almas dos homens morrem",Oîoesé te'õ 'asápe abá 'anga re'õû nhẽ,"omanórõ guare hesekuéra, umi yvypóra alma omano"
qual é também o alimento de nossa alma?,Mba'e abépe asé 'anga remi'u?,¿Mba'eichapa avei tembi'u ñane ánga rehegua?
com muita propriedade me comportei como filho de deus,A'eboé Tupã ra'yramo anhemoingó re'a,Heta mba'e reheguáva che reko Tupã ra'y ramo
"porventura a nossa carne é, na verdade, terra?",Yby anhẽ nipó asé ro'o?,¿Ikatúpa ñande rete ha'e yvy añete?
"hoje, assim, de modo nenhum nossa estada nos impede","Kori, nã, îandé rekó îandé moarûapa angá","Ko'ágã, upéicha, ndaipóri mba'eve ñande rekoha ñanemboyke'ỹva"
minha embarcação,Xe ruru,che ypytũ
trazendo algumas linhazinhas,Inimbó'i amõ reru,ogueruhague umi línea michĩva
trato-o como se fosse meu filho,Xe ra'yra berame'ĩ arekó,Aiporúva chupe che ra'y ramo
"ele, com a mãe de deus, foi quem criou a jesus, deus",A'e niã Tupã sy irũnamo Tupã Jesus mongakuasaramo sekóû,"Ha'e, Tupãsy sy ndive, ojapo Jesús, Tupã"
"aquele pão, o padre o partiu, certamente",A'e miapepûera abaré oîmbo'i re'a,"Pe pan, pa'i omboja'o, añetehápe"
"são pedro, com seus companheiros, tomou são matias como apóstolo",São Matias S Pedro o irũetá resebé tari apóstoloramo,"Pedro ha iñirũnguéra ndive, ogueraha Mateo-pe apóstol ramo"
venha comigo somente até nhoesembé,T'îasó xe irũnamo Nhoesembépe nhote,Eju che ndive nde reheve añónte
colocando capim ao boi às pressas para impedi-lo,Tapi'irusu sarûápe kapi'ĩ anhẽ rerupa,Oipuru mbóipe mboguata pya'e omboty haguã
não faz sentido que ele defenda a morte fora de jesus cristo,N'i aîarõî Îesu Cristo taté é te'õ suí i îepirapûana,Ndaipóri mba'e he'íva oñe'ẽvo ñemano rehe Jesucristo rehe.
iremos,T'asóne - Hei de ir T'orosóne,jaha'éta
"para se vingar do seu cão que cria, um homem não o alimenta","O eîmbaba îagûara resé oîepyka, abá n'oîmomba'e'uî","Omyengoviávo imemby jagua rehe, kuimba'e ndojokói chupe"
pronuncie-o bem,Esa'ãngatu,Eñe'ẽ porã
eles se consolam muitíssimo,I apysy-katueté,Ha'ekuéra oñomomomorãiterei
que me livre das dificuldades,Ta xe pysyrõ marãtekó suí,Che pytyvõ che py'a ky'águi
você deu atenção à sua confissão?,Ereîeapysaká-katupe nde nhemombe'urama resé?,¿Reñangarekópa nde ñembo'e?
derrame suas lágrimas.,Nde resa'y eîmondyky,Eipuru nde ypýpe.
vêm em vão para me afastar,Oú tenhẽ xe pe'abo,Oiméne chehegui che mombyry
"quando estiver diante de deus, não se afaste de mim","Tupã robaké eîkóbo, xe suí nd'eresyryki","Tupã renondépe, ani chehegui reñemoĩ"
eu tenho usagre,Xe 'apiraíb,Che aporeko mba'e
"teu ventre está cheio, contendo a deus","Tupana rerupa, i por nde rygé","nde rypy'a henyhẽ, Tupã reheve."
"isso não tem como ser contado, ainda que o sol se pusesse!","Aîpó n'i papasabi, kûarasymo oîké îepémo!","Ndaikatúi oje'e, kuarahy oike ramo jepe."
"esse é meu antigo carrasco, uma taturana","Akó xe îubykarûera, tataûrana!","Kóva ha'e che karréra yma, peteĩ taturana"
característica de um homem mau,apŷabaíba rekoaba é,Peteĩ kuimba'e vai rekoha
por você suspiramos,Ndebe oronheangerur,Nde rehehápe roñembyahýi
a nossa comida de cada dia dá para nós hoje,Oré remi'u 'ara îabi'õndûara eîme'eng kori orébe,ñande tembi'u ára ha ára ome'ẽ ñandéve ko'ágã
"depois de querer vê-lo, em vão, há muito tempo",Kûesenhe'ym bé sepîá-potá tenhẽ roîré,"ahechárô chupe, mba'e'ÿre, heta ára."
"a cobra, antes de fazer destruir a vida daquele que morde, perde sua própria vida quando pisam em sua cabeça","Mboîa o emindu'u rekobé mokanhemukar-y îanondé, o ekobé reîari o akanga patukasagûerype","Mba'e mbói, omboty mboyve pe omanóva rekove, omano omanóvo iñakã ári."
o oposto de comer demais é comer apenas o suficiente,Mba'e 'u-eté-eté robaîara oîá nhote mba'e 'u,Mba'eichagua tembi'u ha'e tembi'u ha'evéva.
bebendo apenas o suficiente de cauim,Oîakatu nhote okagûabo-eté,ha'e rã ha'e kuery ma ha'e kuery ma
o jejum é diferente de não comer carne,Îekuakuba oîkoé so'o gûabe'yma suí,je'u niko iñambuéva no'úiva ku'u
são numerosos os que não são conhecidos,Se'yî i kuabypyre'yma,Heta oĩ ndoikuaáiva
"como se fizesse as pessoas viverem, mas não de verdade","Oporomoingobébo rame'ĩ, na supi ruã-te","Ha'ete voi ojapoha yvypóra oikove, katu ndaha'éi añetehápe"
ele morre,Se'õ,ha'e omano
"certamente, ao perceber isso, deixei ontem minha casa","Aûîeté, kó anga andupa, aseîá kûesé xe roka","Añetehápe, ohechakuaávo upéva, aheja kuri hóga kuehe"
eu tenho os pés tortos,Xe are'a,Che py'a vaiete
"não tenho nada a ver com ele, enfim",N'aîkóî sesé ko'yté,"Ndaipóri mba'eve che ndive, añetehápe."
adiante de lisboa,Lisboa amongoty,Lisboa guive
à vista dele,sobábo,Ijerére
a soleira da porta,okena robapy,Kuarahy rokẽ
acaso você é o rei dos judeus?,Îudeus rubixabapiã nde?,¿Nde piko hína umi judío kuéra ruvicha guasu?
"armeiro, fabricante de armaduras",itaaoba monhangara,"Armería, armadura ñemohendaha"
estou preso aos ferros,Itá resé aín,Che apytĩva'ekue
vieram consolá-lo,Our i moapysyka,Oguejy hikuái ombopochy haguã chupe
eu sou novo,Xe pysasu,Che niko pyahu
isso nos espantaria a todos,Opá îandé moputupabymo,Upéva omokyre'ỹta enterovépe
eu fiquei viúvo,Xe remirekoe'õ,Aiko viúda
"querendo isso, fez-se homem, sem deixar de ser deus","Aîpó potá é erimba'e nhemoapŷabi, Tupãnamo o ekó po'ire'yma","Ha'e oipota ramo, oiko chugui yvypóra, ha'e katu Tupã."
é suficiente?,Aûîé ruãpe?,¿Ikatúpa upéva?
você detesta completamente a confiança dele em si mesmo?,Ereroŷrõ-mbápe o îoesé i îerobîara?,¿Ndépa reñembyasýiete ha'e ojeroviaha hese?
fiquei esfregando-o com algo gorduroso,Aîkyty-kytyk mba'e-kagûera pupé,Aipurúva chupe mba'e ryguasu
dançaram a noite toda,Oporaseî pysaré,ojeroky hikuái pyhare pukukue
a gente o teme mais do que tudo que deve ser temido,Asé oîpoûsubeté opakatu i poûsubypyra sosé,Jajepy'apyve hese opa mba'e jajepy'apyva'erãgui
eu não,Na ixé ruã,Che ndajapói
"os bem-aventurados e os santos no céu, que veem a deus, ultrapassam o número dos dias que o ano tem","Marangatuba'e, santos ybakype, Tupã repîakaretá, osasá 'ara ro'y remierekó papasaba","umi vy'apavê ha umi marangatu yvágape ohechava'ekue Tupã, ohasa ára aranduka ary orekóva"
"depois desse momento, vou atacá-los",A'e ré t'asepenhan,"Upe guive, añeñorairõta hesekuéra"
não perceberemos a noite.,Putuna nd'îaîandubi xûéne,Ndaikatúi ñapensa pyhare.
que sejamos corajosos,T'oré pyatã,Ñañemomba'e guasu haguã
de modo nenhum os temiminós tiram seus nomes antigos,Naînanĩ temiminõ o erumûana mombó,Ndaipóri mba'eve umi temimo'i omboykeva'ekue ichugui héra yma guare
estou me apoiando no braço.,Aîeatykok gûitupa,Che pytyvô hína che po rehe.
escabelei-o,Aî'abo'o-bo'o,Ahasáma chupe
"ah, quem me dera que o padre tivesse um pouquinho de piedade de mim, mandando-me pôr em outro lugar!","Xe raûsubá-mirĩ temõ abaré, amongoty nhõte xe moinuká mã!","Ah, che reipotápa pa'i oiporiahuvereko che rehe, omondo haguã che moĩmbaha ambue hendápe."
que ouça então algo que faça bem à sua alma,T'oîapysaká a'ereme marã o 'anga moingó-katuagûama resé,"Upéicharõ, ehendu peteĩ mba'e iporãva ne ángape guarã."
seus fígados serão a minha porção,I py'apûera xe potabamo t'oîkó,Nde akãrague ha'éta che porción
apropriada para a igreja,tupãoka arõana,tupão rehegua
dói a separação de nossa alma do nosso corpo,Sasy asé 'anga asé reté suí i îa'oka,Oha'ã ñande py'a ñande rete rehe
embora eu já tivesse ido,Îepémo xe só umani,jepe aha va'ekue
bendita entre as mulheres,I mombe'ukatupyramo ereîkó kunhã suí,kuña apytépe vy'aite
eu tenho peçonha,Xe tegûam,Che areko peteî mba'e
"adivinha, vamos ver, o que bateu em você!",Eîkuá ra'u nde ri opûaryba'e!,Eikuaa mba'épa ojehu ndéve.
suportando as coisas dolorosas por causa de deus,Mba'e-asy porarábo Tupana resé,Ogueraha umi mba'e hasýva Tupã rehehápe
como são estas casas de vocês?,Anga îápe pe roka?,¿Mba'éichapa pe óga?
"daí, desse lugar",eboûĩ suí,"Upégui, ko tenda"
não cruzei as palmas das suas mãos,N'asasabi i popytera,Ndaha'éi che po'i'ỹre
perseguidora do diabo,Anhanga momosembara,Máva aña ñorairõhára
não há muitos restos deles,N'i tyb-etáî semyrûera,Ndaipóri heta mba'e ichugui.
"deus deu, então, determinações para nosso pai primeiro?",Osekomonhangype a'ereme Tupã îandé rubypy?,Ñandejára ome'ẽ va'ekue ñande rupe tenondegua?
eu meço a profundidade do rio,Aty-ypy-a'ang,Ahecha ysyry pypuku
que bom seria se deus mandasse fazer os cadáveres falarem!,Omonhe'enguká temõ Tupã te'õmbûera!,Mba'eichapa iporãta Ñandejára he'i ramo umi omanóva oñe'ẽ haguã.
"às vezes nosso remédio não faz efeito, avivando ainda mais a doença; outras vezes, por sua ineficácia em afastá-la","Sarûab amõme asé posangygûaba, mara'ara moîerobu-bé-uká, amõme i pe'arunga o arûabíreme","sapy'ánte ñande pohã ndopytái, omombareteve mba'asy; ambue jey, ndopytáiva mba'asy ñamboyke'ỹre."
ele ficou completamente cinza,Sugûé-katu,Oime opaite mba'e pytã
as que vão para o purgatório,Purgatório pupé osoba'e,umi ohóva purgatorio-pe
lenitivo da minha fome,xe ambyasy posanga,che ñembyahýi ñembyahýi
fez você subir para honrar você,Nde rupiri nde moetesápe,Ojapo nde reheve reñemomba'e guasu haguã nde rehe
a chuva caiu lentamente,Osaybi amana,Oî mbeguekatúpe
mulheres virgens que morreram com seus corpos incorruptos,Kunhã-kûare'yma gûeté-marane'yma bé ogûeromanõba'epûera,Kuñanguéra virgen omanóva hete'ỹre
no decorrer de quatro gerações,oîoirundyk îeapyká sykápe,irundy ñemoñare aja
desobedeci a ele,Aîmoabangab,Che rehe cheñe'ẽ vai
"deus deixou de amá-los, nele confiando fracamente","Tupã osaûsupe'a, sesé oîerobîá-bebuîa","Ñandejára ndohayhuvéima chupekuéra, ojerovia'ỹre hese"
agora comemoramos o dia em que ele mandou eliminar as crianças que completavam dois anos,Pitanga mokõî ro'y omoaûîeba'e mombab-ukaragûera 'ara îaîmoeté ko'yr,Ko'ágã ñambotuicha ára omotenondéva omosãso mitã oguerekova'ekue mokõi ary.
o grande número de dias da tua vida,nde rekobesaba 'ara retá,Ára hetaite nde rekove pukukue
não durei,Nd'aîkopukuî,ndaikatuvéima
"meu anzol muito feliz vai pescar para ti, puxando bem os canapus e as arabaianas verdadeiras","Xe pindá-porangeté t'opindaîtykyne endébo, kunapu rekyîetébo, gûaraobanhaneté","che anguja vy'aitevéva ohóta nde rehe, omosarambi porãve umi canapús ha arabaianas añeteguáva"
ainda hoje os malditos queimam,Oîeí bé muru kaî,Ko'ágã peve umi maldición-kuéra ho'u
meus dentes tiritam; xe rembé-tatak - meu beiço tirita,Xe rãîtatak,che ruguy oitypa; xe rembé-tatak - che mbotove oitypa
"ah, eu sou muito miserável depois de me entregar ao diabo!",Xe poreaûsubetekatu Anhanga supé xe nheme'eng'iré mã!,"Ah, che añembyasýi añemondórõ guare pe aña poguýpe!"
"eu, tão somente",Ixé anhotenhẽ,"Che, ha'eño"
"olha, arrasamos todos os tupinambás que estavam no paraguaçu","Ma'ẽne, tupinambá Paragûasupendarûera opakatu îamombá","ehecha, roñehundi opaite tupinaambás-pe oîva Paraguay-pe"
eu brilho,Xe rendy,che resape'a
"segundo o rito dos judeus, cortaram o seu prepúcio","Îudeos ekomonhangábo, i 'apira mondoki","Umi hudío rembiapoukapy he'iháicha, ojeity hikuái pe prepucio"
interessando-se também pela sua felicidade,Sekobekaturama resé bé onhemboryryîa,Oñeha'ã avei vy'apavê
você chorava sempre,Ereîase'o îepi,reñembyasýi
"no seu próprio ombro, levanta a cruz por fraqueza; jesus a faz cair consigo","O ati'yba ri, krusá osupi Membeka suí, Îesu sero'ari",Hendive omopu'ã kurusúre ikangy rupi; Jesús ombyai chupe ijykére
"console-se muito, enfim, após sua saída da escuridão, da aflição de sua alma",Nde apysy-katu ko'yté pytunusu nde 'anga moingotebẽsagûera suí nde sem'iré,"ha'e oñangarekóvo, ha'e osẽ rire pytũmbýgui, ipy'a ky'águi"
honrei-o muitíssimo,Aîmomba'eté-tekatunhẽ,Ahechakuaa chupe tuichaiterei
você vive com alguma não batizada?,Ereîkópe sere'ymba'e amõ resé?,¿Reiko peteĩ ermáno noñemomirĩva ndive?
quebra-se muitas vezes,Osó-osok,Ojejapo sapy'ánte
muito maior,tubixabeté,tuichavéva
podem deixar um ao outro?,E'ikatupe o îesuí opo'i?,¿Ikatúpa peñemomombyry ojuehegui?
"no final do meu discurso, ele falou",Xe nhe'enga apyrûerype ahẽ nhe'engi,"Che ñe'ẽpoty pahápe, he'i"
ele mesmo está em todas as igrejas?,A'e memẽpe tupãoka îakatu i kûáî?,¿Oĩpa voi opavave tupão-pe?
mastro da embarcação,ygara rokytá,Mastéro de la embarcación
eu sou sensível,Xe mba'emoasyîá,Che añandu
confessar-se todo ano,Seîxu îabi'õ nhemombe'u,omoañeteva'erã año
eu sou molengão,Xe membek,Che ha'e peteĩ molingón
nos pusemos em fila,Oroîeysyrung,Roñemboja ro'o
você ou eu,Endé konipó ixé,nde térã che
eu tenho olheiras,Xe resagûyrumbyk,Che akã reheve
espinhas no rosto,Tobá kuruba,mba'asy rova
"venham, levem os malditos, ergam-nos para sapecá-los em nosso fogo, derretendo-os","Peîori, perasó muru, supi îandé ratápe sapeka, i momembeka","Peju, peju umi maldición, pepu'ã ha peñemombyry chupekuéra ñande tatápe, peñemonde chupekuéra."
"""sob o sono"" da alta noite, nas horas mortas, quando todos dormem",pysaîekatu ké-gûyrybo,"""ñeno'ýpe"" pyhare mbytépe, aravo'i pytũ jave, opavave oke aja"
não verão sequer seu corpo brilhante?,Seté-beraba tiruãpe n'osepîaki xûéne?,¿Ndépa rehecha hikuái ne retã resapeha?
eu estou adoentado,Xe rekoruruînhẽ,Che añembyahýi
eu estou tenso,Xe aparatã,Che añembyahýi
homem miserável,abá-poreaûsubĩ,kuimba'e mboriahu
enfileirei-os,Aîmoysyrung,Aipytyvõta chupekuéra
eu o torrei,Asa'embé,Che añembotuicha
"deixem, pois, estes meus discípulos irem com saúde",T'e'i nhẽ ã xe boîá o marane'yma rerasóbo rõ,"Upévare, peheja ko'ã che disípulo oho porã haguã."
o diabo tem medo de você e te odeia,"Osykyîé nde suí Anhanga, nde moabaetébo",Pe aña okyhyje ndehegui ha nderecha'éi
não tenho pena das coisas,N'asaûsubari mba'e,Ndaiporãi mba'e vai
"o que cuida da casa, caseiro.",oka rerekoara,"Pe oñangarekóva óga rehe, óga jára."
"que lancemos fora nossa maldade, não acreditando nos pajés","T'oroîtyk oré poxy, paîé rerobîare'yma","Jaheja'o ñande mba'e vai, ani haguã jajerovia umi mba'e vai."
e o escravo não obedecerá às palavras de seu senhor?,A'epe miaûsuba n'osapîari xûé o îara nhe'engane?,Ha'e ramo tembiguái ndojapóipa iñe'ẽ?
"vamos, como nós, enfeitar nossas almas, para levá-las diante dele","T'îasó îandé îabé îandé 'anga moîegûaka, serasóbo sobaké","ja'e, ñande, ñañembosarái ñande py'a, ja'e haguã ichupe"
aqui estou para levar seu ventre e também seus pulmões para minha sogra velha,Kó aîkó sygepûera t'arasó i nhy'ãbebuîa abé xe raîxó-gûaîbĩ supé,Che aime ko'ápe ogueraha haguã nde ryguasu ha nde py'a che sykuña tuja rehehápe.
você também olhou com desejo para a vagina de alguém?,Erema'ẽ-nhemomotarype amõ rapopé reséno?,¿Rehechami avei peteĩva vagínape?
não pode casar com ela enquanto a mantiver escondida,Nd'e'ikatuî sesé omendá mimbápe serekó pukuî,"nderejapokuaa'ỹre iména ramo,"
não respeitando o que deus disse,Tupã 'éagûera moabaetee'yma,ndorrespetáiva Ñandejára he'íva
e judas não se afligiu entre os judeus pela traição a seu senhor?,A'epe Îudas n'oîkotebẽî Îudeus supé o îara me'engagûera resé?,"Ha'e kuéra katu ndojepy'apýi judío kuéra apytépe, Tupã Ñandejára rehe ojerovia'ỹre haguére."
"para esse belo procedimento, mantém-se a pessoa em seu próprio quarto, aí pendurando o recipiente do qual ela bebe","Aîpó tekoporanga resé asé serekóû o kotype, a'epe i moîasekóbo i gûaburu","Ko mba'e porãite ojejapo hag̃ua, pe tapicha opyta hógape, upépe omosãingo pe yrypy'a omomýiva."
neném compadecedor,pitangĩ-moraûsubara,Ndaipóri mba'e porâvéva
nós combatemos uns aos outros,Oroîogûerekó,Ñamboja'o ojuehe
"ah! na verdade vou me enfeitar, pintando-me de preto",Erĩ! Aûîeté-pakó aîegûak ûinhemoúna,"Ah! añetehápe ajembosako'íta, ambojere pytã"
isso é verdade!,Anhẽ ûĩ!,Ha'e añete!
banco redondo,apykabapu'a,banco redondo
urinei,Akaruk,Ahepyme'ẽ
pergunte primeiro,Nde ranhẽ eporandub,Eporandu tenonderã
vou com você hoje,T'asó nde pyri kori,aha nde rehe ko'ágã
digo que está muito bem,Ne'ĩ a'é,ha'e he'i porãitereiha
a primeira lei,tekó-ypy,Léi peteĩha
fingi que não o conhecia,N'aîkugûabe'ym-a'ubi,Ajapórô ndaikuaáiha chupe
"lentamente, enfim, o homem perde o entendimento, e sua tosse irrompe","Mbegûé é ko'yté abá tekokuá kanhemi, iî u'u osororoka","mbeguekatúpe, ipahaitépe, kuimba'e opensa'ÿre, ha ikangy osê"
faço minhas mãos estalarem,Aîepó-mopuruk,Ajapóta che po'i ojopýva
"estrutura de cume, cumeeira",apyrytá,"estructura de cumbre, cumbre"
"sim, vou para onde me mandam, porque, no meu coração, quero fazer assim","Îé t'asóne xe mondoápe Memeté ixé, xe py'ape, emonã tekó potá","ha'e, aháta mamo che rembipurúva, che py'aite guive, péicha ajapose"
o sol certamente brilha depois de passar a grande noite,"Kûarasy nipó oberá, putunusu kûab'iré",Kuarahy niko omimbipa pyhare guasu rire.
arranque de minha casa a poeira dos pés,Eîpy-tybyrok xe roka,Eipyso che rógagui che py'a potĩ
alimentando-o um pouco em seu seio,I poîa-mirĩ nde kama pupé,omopotîva'erâ chupe ikurúpe
ele nunca acaba de completar as roupas nd'e'i ymûanĩ osóbo — nunca acaba de ir,Nd'e'i ymûanĩ ahẽ aoba moaûîébo,ha'e araka'eve ndohepyme'ẽi ijao nd'e'i ymûanĩ osobobo  araka'eve ndohepyme'ẽi
"tendo dito isso, seus discípulos tomaram o pão nas mãos","Aîpó i 'eagûera rerekóbo, semimbo'e-etá miapé rari o pópe",Ha'e ramo hemimbo'e kuery ogueraa jepe vy ogueraa jepe 'rã.
queimei carvão,Asapy tatapynha,añotĩ yva
tremor de doença,karasy-ryryîa,mba'asy ñembyasýpe
vem para colocar os malditos conforme nossas palavras,Eîori muru moingóbo îandé nhe'enga rupi,Oúta omoî haguã umi maldición ñane ñe'êre
"o que é azul, o que é verde e o que é roxo",sobyba'e,"mba'épa hovy, mba'épa hovy ha mba'épa morotĩ"
eu tenho diarreia com sangue,Xe rebykasy-pyrang,Che ruguy reheve
por que seria? por que razão haveria?,mba'e-resémo?,¿Mba'ére piko? ¿Mba'ére piko?
fiz preparativos para receber o inimigo,Anhemosako'i tobaîara resé,Ajapóma preparasión ohasávo enemigo
é bonita a sua terra?,I porangype pe retama?,Iporã piko ne retã?
"os que estão em maratauá acreditam em minhas palavras, entregando suas almas em minhas mãos","Marataûãme tekoara ogûerobîá xe nhe'enga, xe pópe o 'anga me'enga","umi marata'ápe ojerovia che ñe'ême, ome'êvo ipora'e che pópe"
soltei as peias dos pés dele,Aîpukusamb-ok,Aheja'o ipyti'a ipyti'a
os inimigos comeram meu pai,Xe ruba tobaîara îa'u,Umi enemigo ho'u che túvape
serei bom,Xe katupe ká,Aiko porãta
ó pero!,Pero gûe'y!,¡Ajépa!
vocês não foram percebidos,Na pe andubi,Ndapeikuaáiva
"que afastemos o diabo, agora e para sempre",Anhanga t'îaîpe'a ko'yr aûîeramanhẽ,"Jaheja'o haguã aña, ko'ágã ha opa ára guarã."
mata,Oîuká,omokã
"por não temer proclamar a fé em deus, os pecadores mataram são mateus","Tupã rerobîara mombe'u posykyîee'yma resé, angaîpaba São Mateus îukáû","ndokyhyjéi rupi omomarandu haguã Tupã rehe ojerovia, umi angaipa'ỹva ojuka umi matío"
tenho barba ruiva,Xe rendybá-aîub,Che barba pytã
de modo nenhum os temiminós tiram seus nomes antigos,Nainanĩ temiminõ o erumûana mombó,Ndaipóri mba'eve umi temimo'i omboykeva'ekue ichugui héra yma guare
uma grande bebedeira é algo muito bom,Mba'e-eté ka'ugûasu,Peteî mba'yru guasu ha'e peteî mba'e porâite
pode o homem não cuidar de sua esposa?,E'ikatupe abá o emirekó resé oposykyîee'yma?,¿Ikatúpa kuimba'e ani oñangareko hembirekópe?
eis aqui também as minhas garras,Kó bé xe pûapẽ,Ko'ápe avei che pyti'a
"ah, sim!",Eẽ hegûé!,Ha ha ha!
isto de novo!,Ang é!,Ko'ã mba'e jeýnte!
interesse pela lei de deus,Tupã rekó resé nhemoryryîa,interés léi de dios rehe
breei-o,Aîkytyk,Aheja chupe
fazendo nossa morte desaparecer,Îandé re'õ mokanhema,Ha ñande ñemano ohóvo
em vão creem em você,E'i tenhẽ nde rerobîá,Mba'e'ỹre ojerovia nde rehe
eu sou torto,Xe apẽ,Che añembyai
todos os que diziam isso eram muitos mesmo,Setá tenhẽ erimba'e opab aîpó 'îarûera,Opavavépe he'íva upéicha hetaite.
eu sou covarde,Xe abang,Che niko kyhyje
prendi-os uns ao lado dos outros,O îoyby-ybyri aîmoín,omboty ojoapykuéri
"hoje, assim, de modo nenhum impedem a nossa estada","Kori, nã, îandé rekó îandé moarûapa angá","Ko'ágã, upéicha, ndojokói hikuái ñande rekove"
"oh, será que isto é o diabo?!","Îu, anhangap'ikó ri?!","Oh, piko kóva hína pe mba'epochy?!"
eia! vá logo! apresse-se!,Ne'ĩ! T'eresó taûîé! Nde apûan!,"Eju, pya'e, pya'e!"
"para que esta aldeia brilhe, eu estou junto de vocês","Kó taba renyreme, pe pyri nhẽ xe rekóû","ko táva omimbi haguã, che aju pene ndive"
ponta de galho,sakãpyra,Tape yvyra
"eis que eu amo as suas almas, aformoseando-as, embelezando-as","Xe ikó asaûsu pe 'anga i moaysóbo, i momoranga","Ko'ápe che ahayhu ichupekuéra, che amombarete, che amombarete."
mandei um homem ir buscar palma,Aîopûaî amõ abá pindoba resé,Ahenói peteĩ kuimba'e ogueru haguã palma
maldade,angaipaba,Mba'e vai
"que retire as coisas más da minha alma, enchendo-a com seu amor",T'ogûenosem mba'e-aíba xe 'anga suí o poroaûsuba resé i moynysema,"Ohejáva che ánga py'a vai, omyenyhẽvo mborayhu"
como uma luz de fogo,tatá-endy îabé,Mba'éicha tataindy
nós temos muitas igrejas,Oré tupãoketá,Roguerekóma heta tupao
você costuma se levantar diante do seu pai?,Nde pu'amixûé nde ruba pé?,¿Nde reñotỹi nde ru renondépe?
me flechou em um lugar vital,Xe aépe xe ybõû,Ogueraha chehegui peteî tenda vital
que coisa você busca?,Mba'e resépe ereîkó?,¿Mba'e mba'e rehecha hína?
acompanhante de caminhada,atá-irũ,Jehaipyre
assim ajo conforme meu pai,Xe ruba rupi é emonã aîkó,Péicha ajapo che ru ojapo haguéicha
arrependeu-se depois de ter comido aquele fruto?,Oîmoasype a'e riré a'e 'ybá 'uagûera?,¿Oñembyasy piko ho'u rire pe yva?
conheceu sua autêntica bondade,Oîkuab i marangatueté,oikuaa porãite
vou te ajudar,T'oropytybõne,Che che pytyvõta
eu me derreti,Xe ryku,Che añemonde
o que não se confessa a cada ano,Ro'y îabi'õ onhemombe'ue'ymba'e,Ha'e ndojehechakuaáiva káda ary
faço caretas com a boca,Xe îuru-memûã,Ajapóva che juru rehe
"na verdade, vou me enfeitar, pintando-me de preto",Aûîeté pakó aîegûak ûiîemoúna,"añetehápe, ajogua, ambojere pytã"
argumentei contra suas palavras em vão,Aînhe'engapypyk îepé,Añe'ê vaipaite iñe'êre
quem verdadeiramente esgota o cauim é o fazedor de mal,"Kaûĩ mboapŷareté, a'e marã monhangara",Oipuru añetehápe ko'ã ka'i ha'e pe ojapóva ivaíva.
ajuntamento de taquaruçu,takûarusu-tyba,Taquaruçu ñembyaty
bafejo,Atimbor,ñemby
caminho da carioca,Kariîopiara,tape kariko'a rehegua
entremeei-as,Aîmoîoparab,Añemomombyry ichupekuéra
meu filho!,Xe ra'yt!,Che ra'y!
"concavidade da nuca, depressão na parte inferior da nuca",atuá-pyko'ẽ,"Puepue ñemboty, puepue pyti'a"
dois ladrões: um à sua direita e outro à sua esquerda,"Mokõî mondabora, i 'ekatûaba koty amõ, a'e amõ i asu koty",mokôi mondaha: peteî nde akatúa gotyo ha ambue nde izquierda gotyo
"companheiro de aprendizado, condiscípulo",nhembo'e-irũ,"Temimbo'e, temimbo'e"
"não são maneiras de honrá-lo a bebedeira, maltratar o próximo e atacá-lo","Na i moetesaba ruã ka'u, o apixara rerekoaíba, sopenhana","ndaha'éi mba'eichaguápa omomba'eguasu chupe py'arorýpe, ombotuicha hapichápe ha ombotuicha chupe"
foram são pedro e são joão,"Osó S Pedro, São João abé",oho San Pedro ha San Juan
"jesus, salvador da gente",Iesu moropysyrõana,"Jesús, ñande rekove ñangarekokuaahára"
também transgride aquele que faz resguardo por causa do parto de sua esposa?,Oîaby bépe aîpó o emirekó membyrara resé oîekuakuba'e?,¿Oñemboykepa avei pe omendáva hembireko imemby haguére?
casa que seria — o que seria casa?,okambûera,óga mba'eichapa  mba'eichapa óga?
tenho relações sexuais com ela,Aîkó sesé,Che irũ ndive ajerure
"quem mais, junto deles, foram seus sepultadores?",Abá abépe i pyri i tymbaramo?,¿Máva piko umi ohóva hendivekuéra omonda hag̃ua chupe?
"o seu cadáver dormiu demais, estando deitado no lugar em que o puseram?",Okeretápe se'õmbûera o mondebagûerype oupa?,"Nde retekue okeeterei, opytava'ekue upe oñeñotỹhápe?"
nosso senhor me constituiu guardião da aldeia,Taba raroanamo nhẽ Îandé Îara xe moingóû,ore karai omoñepyrũ che guárdia táva
"ainda hoje, apressando-se para encontrar a verdadeira felicidade",kori bé penhemoanhẽ-anhẽmo tekokatueté pé pegûasemagûama resé,"ko'ágã peve, pya'e rupi ojuhu vy'apavê añeteguáva"
"assim tratada, uma pessoa certamente se sai bem",Emonã serekopyra rakó abá obasẽ-porang,"Péicha oñangareko, peteî tapicha katuete osẽ porã"
o pecado de um primeiro homem branco foi a causa de sua entrada neste mundo,Oîepé karaíbypy rekoangaîpaba ikó 'ara pupé seîkeagûera,Peteî kuimba'e morotî ypykue rembiapo vai rupive oike ko yvy ape ári.
"não dou ouvidos, não me importo",Na xe apysáî,Ndaikuaái mba'épa he'ise.
reúnam-se todos com eles!,Penheŷnhang pabẽ sesé!,¡Oñemboatypaite hikuái!
vindo com os três reis pela estrela,Mosapy reîá reru îasytatá rupi é,Oguãhẽ mbohapy mburuvicha guasu ndive mbyja rehe
que seu filho reparta um pouquinho de virtude conosco,T'oîmoîa'ok nde membyra tekokatu'ĩ amõ orébe,Nde ra'y ome'ẽta ñandéve peteĩ mba'e porã
vem me adornar,Eîori xe moîegûaka,ou che moĩmba haguã
"vou me corrigir, enfim",Anhenonhẽpe ko'yté ká,"Che añembojojaha, añe'ẽrõ"
"zele bem por mim, mandando que não me façam cair","Ema'enãngatu xe ri, xe mbo'are'ymuká","Che rehe che rembipota, che moĩmba haguã"
por falta de um confessor seu,o monhemombe'ûarama resé oîkotebẽmo,ndorekóiva confesor
o despejei,Asekoabok,Aheja'o chupe
fazemos passar as flechas dos malditos,Îamongûá moxy ru'uba,Jaipuru umi mba'e vaiete ja'éva
"estejam em pranto, como forma de louvar aquele que entra junto a vocês, como forma de recebê-lo","Îase'o rakó perekó peẽmo teîkeara moetesabamo, i mobasembabamo","Peëme peñembyasy, peñembo'e haguã pe oúva pene rendápe, pe oúva pene rendápe."
basta! eu estou muito contente,Aûîé! Xe rorybeté,Che vy'aite voi
"ao passar a quarta-feira de cinzas, começa o grande jejum chamado quaresma.","Quarta-feira tanimbukaraíba rasápe, îekuakupabusu Quaresma 'îaba nheypyrungi","Arapokõindy arapoteĩ rire, oñepyrũ jepi'ũ guasu hérava Carmelo."
"você urdiu mentiras contra alguém, envergonhando-o?",Eresekyîpe îuraragûaîa abá supé i motĩamo?,"¿Reñembotavypa vaʼekue peteĩ persónape, ha reñembotavypa chupe?"
irei cumprir essas palavras,T'asó aîpó nhe'enga mopó,Ajapóta ko'ã ñe'ẽ
cozinhe o peixe,Emoîyb pirá,ho'u pira
alguns batiam no peito,Amõ amõ o poti'a resé opûá-pûá,Oĩ opokova'ekue ikorasõre
"como recompensa por seu muito amor a ele, deus certamente o levou, com seu corpo, para o céu","Ogûaûsukatuagûera repyramo, Tupã ipó serã serasóû seté resebé ybakype","Ha'e rupi, mborayhu tuichaitereíva ichupe, Tupã Ñandejára ogueraha ichupe yvágape, hete reheve."
eu sou agourento,Xe morangygûan,Che añembyasýi
prova que o levas!,Esa'angyne serasóbo,Ehechauka nde rehechaha!
tornei-me astuto,Aîe'atype'a,Aiko porâiterei
"filhos de índios, certamente","Abá ra'yra, ipó","Ta'ýra ypykue, añetehápe"
vou ouvir em vão,T'asendu tenhẽ,Che ahendu'ÿre
fico andando à toa,Agûatá-gûatá tenhẽ,Ahasáta che rapykuéri
"nos arrependeremos, de coração, dos maus procedimentos",Îaîmoasy marãtekoagûera îandé py'a suíne,Ñambyasy ñande py'aite guive umi mba'e vai jajapo va'ekuégui.
será que os habitantes do céu não desobedecem nem sequer um pouco à vontade de deus?,N'oîmomarã-mirĩ-angáîpe ybakygûara Tupã remimotara?,¿Mbaʼéichapa umi yvágape oikóva ndojapói Ñandejára rembipota peteĩ mbaʼe?
eu o cubro,Aîaso'i,Che apytáta hese
aquele que perseguiu o cão de seu próximo,O apixara reîmbaba îagûara remimomosẽgûera,Ogueraha va'ekue iñirũ jagua
o que é circuncidado,i api'aba'e,mba'épa ojecircuncida
deixa que vá,Te'inhẽ t'osó,Ehejami chupe oho
"mal a gente diz algo, já se irrita","Îeperibe'ĩ asé marã i 'éû, onhemoŷrõ ymûan","Ja'e ramo peteĩ mba'e, ñanemomirĩmba"
"fiquem, palermões!","Pepytá, manemusu!","Pytã, pende pende ryguasu!"
você obedece a eles quando eles fazem você viver no vício?,Eresapîápe tekopoxy resé nde moingóreme?,¿Reñeʼẽrendupa chupekuéra ojapo jave ndéve peteĩ mbaʼe vai?
você hoje não beberá o que eu mastigo,Nd'ere'uî xó kori xe remindu'une!,ndere'úiva ko'ágã che pyti'a
arranquei-lhe a casca,Aîpé-'ok,Aheja'o chupe ipya'e
"como um pobre, ele tomou a casa dos animais de criação como sua pousada",Mba'eîare'yma îabé so'o mimbaba roka ogûâr og upabamo,"Mboriahu ramo, oipyhy óga mymba okakuaáva hógape."
santificado seja teu nome,I moetepyramo nde rera t'oîkó,Toñemomarangatu nde réra
"vem lavar minha alma, branqueando-a","Eîori xe 'anga reîa, i motinga","Ojuo omopotî che alma, omopotî"
na terra ele se transformará,Ybyramo i nhemonhangyne,yvy ári oikóta
estavam felizes ao me ver,Sory-katu xe repîaka,Ovy'a hikuái che rehechávo
meu anzol muito afortunado vai pescar para você,Xe pindá-porangeté t'opindaîtykyne endébo,che mboriahu mboriahu mboriahu mboriahu mboriahu mboriahu mboriahu mboriahu mboriahu mboriahu mboriahu mboriahu mboriahu mboriahu mboriahu mboriahu mboriahu mboriahu mboriahu mboriahu mboriahu mboriahu mboriahu mboriahu mboriahu mboriahu mboriahu mboriahu mboriahu mboriahu mboriahu mboriahu mboriahu mboriahu mboriahu mboriahu mboriahu mboriahu mboriahu mboriahu mboriahu mboria
todos ficaram gritando por causa disso,Oposẽ-posẽ pabenhẽ sesé,Opavave osapukái upe haguére
eu o fiz bem devagar,Mbegûé-katu aîmonhang,Che ajapova'ekue mbeguekatúpe
saciei minha vontade de comê-lo,Aî'useî-mogûab,A'erehe che rembipota ha'e'ỹre
fiz-o ficar como forro; alforriei-o,Abaetéramo aîmoingó,"Ajapóke ichupe ao'icha, aitypa ichupe"
"aquela lei nova me incomoda muito, irritando-me muitíssimo","Xe moaîu-marangatu, xe moŷrõetekatûabo, aîpó tekó-pysasu","Upe léi pyahu tuicha chepy'apy, tuicha che pochy."
"eia, que vocês estejam alegres","Pene'ĩ, ta pe rory","E, pevy'aite peëme"
mandando-os afastar-se logo de suas maldades,I angaîpaba suí i moîepe'aesapy'a-uká,"Ha'e he'i ichupekuéra: ""Pemboguejýke pene rembiapo vaikue""."
"você alternou alguns dias de guarda, sem entrar na igreja?","Ereîmopa'ũpe 'areté amõ, Tupãokype eîkee'yma?","¿Roguerekópa sapy'aite pe guardia, ndohóiva tupaópe?"
que vocês tenham medo disso,Ta pesykyîé ianga suí,Peëme pejepy'apy va'erã
os homens que roubam mulheres,Apŷaba kunhã ri i mondaba'e,kuimba'e omonda kuñanguéra
o que alguém acolhe em seu paganismo está igualmente no paganismo dele?,Og ere'yma pupé abá remipysyrõ oîabé sere'ỹme?,¿Mbaʼépa ojapo peteĩ kuimbaʼe heʼíva hese haʼeha peteĩ kuimbaʼe heʼíva?
que teu roubo seja reparado,Ta sepy nde mondagûera,Nde rapykuere ojepysyrõ
"quais são as novidades, por acaso?",Marã-pipó moranduba?,"¿Mba'e mba'e pyahupa, mba'eichagua mba'e?"
por acaso todos os que estavam ali começaram a injuriá-lo?,Opabenhẽ serã erimba'e a'epe tekoara iî a'o-îa'oû?,¿Oiménepa umi oĩva upépe oñepyrũ oñe'ẽ vai hese?
ataquemo-los; prendamo-los antes que eles se consolem,"Îasepenhan, îaîpysyk i apysyk' e'ymebé",Jajahéi ichupekuéra; jajejahéi ichupekuéra oñondivepa.
"metal vivo, isto é, o mercúrio",itá-ekobé,"metal vivo, ha'éva mercurio"
nos separamos uns dos outros,Oroîa'ok oré îosuí,jajeheja ojuehegui
eu vivo conversando,Xe nhe'engixûer gûitekóbo,Aiko añemongeta
"caburé, vem correndo para que comamos os inimigos!","Kaburé, îori enhana tobaîara t'îa'u!","Caburé, reho pya'e reñemomemby haguã ñande enemigokuérape!"
antigo jazigo,tupagûera,Ypykuéra ñe'ẽita ymaite guive
"ao ir, voltei atrás","Aîeby benhẽ, gûixóbo","aha aja, aju jey"
estou com ele,Irũnamo aîkó,Che ndive hína
"destruiremos a aldeia, como de costume",Îamombá taba îandune,"Ñamboyke pe táva, jepiveguáicha."
fazendo sair de sua alma o que havia em seu paganismo,Nde nhemongaraibe'yma pupé oîkoba'e mosema nde 'anga suí,omosãso haguã ipógui mba'épa oĩ va'ekue iñuhãme.
vão pelas aldeias,Pekûá taba rupi,oho umi táva rupi
guardião dos tapuias,tapuîa rarõsara,Tape'a rerekua
"pode, certamente, acontecer com quem o repreenderá",E'ikatu ipó senonhẽndarama supé é,"Ikatu, añetehápe, ojehu upe omokyre'ỹvape."
pedro foi o primeiro,Pedro ranhẽ osó,Pedro ha'e va'ekue peteĩha
cavei-o duramente,Asybykoî-atã,Aitypy'aitépe
"ah, bem feito para ele!",Iîá îaby ahẽ mã!,¡Ajépa iporã chupe!
dou a roça a pedro,Aîkó-me'eng Pedro,Aheja pe itape
eu sobrei.,Xe rembyrûer,Che añemboja.
não desisto,Na xe apori,Ndaha'éi ramo jepe
o que está no mar,paranã pora,mba'épa oĩ marpe
ele certamente está pertinho,Mbypeteĩ ipó ahẽ rekóû,Ha'e niko añeteete.
"que você entre no meu coração, guardando bem o meu interior","Xe nhy'ãme t'ereîké, xe py'a moingatûabo","Nde reike che korasõme, nde peguereko porã che py'a guýpe"
eu não levanto a cabeça,Na xe 'aîubyri,Che ndajapói che akã
eu me calei,Xe nhe'endok,Che apyta
a vontade dessas presas de vocês é muito má,I angaîpab-eté kó pe rembiá potasaba,Ko'ã mbói pende py'a vaiete.
batendo em sua cabeça com aquela cana,I akanga resé a'e takûara reropûá,Pyhare pukukue reheve
"talvez seja o anjo, guardião verdadeiro desta aldeia","Karaibebé serã, kó taba rarõaneté","Ikatu hína pe ánhel, pe guárdia añetéva ko távape."
no seu próprio ombro levanta a cruz da fraqueza; jesus a faz cair consigo,"O ati'yba ri krusá osupi Membeka suí, Îesu sero'ari",Hendive omopu'ã kurusúre ikangy; Jesús ombyai chupe hendive
uma coroa de espinhos enroscados,-Mba'epe onong i akanga 'arybo? -Îuatĩ-apapûara apynha - Que puseram sobre sua cabeça?,peteĩ corona ñandy oñembosaráiva
nem por isso eu vou para longe,Naroîaî mamõ xe sóû,Ndaha'éi upévagui aha mombyry
"conte todos os seus pecados, seja forte",Eîmombe'u pakatu nde angaîpagûera nde ratãngaturamo,"Eñe'ẽ opa nde pekádo rehe, eñe'ẽ mbarete"
lua minguante,îasy-angaîbara,jasy sa'i
"por isso mesmo, aquilo que os agrada em alguma coisa transgride a palavra de deus",Nd'e'i te'e mba'e amõ resé i moîekosupara Tupã nhe'enga abŷabo,"Upévare, mba'épa oguerohory hikuái mba'evépe omboyke Tupã ñe'ẽ."
para o desaparecimento dos vestígios da transgressão da palavra de deus,Tupã nhe'enga abŷagûera rakypûera kanhemagûama resé,ombotove haguã umi mba'e vai Tupã ñe'ẽ reheguáva
as estrelas se escondem bem longe,Îasytatá kûepe é i nhemimi,Mbyja kuéra okyhyje mombyry
"quando nos batizamos, colocamos nosso próprio entendimento?",Asé îemongaraíme o 'ara moíni?,"Jajevautisa jave, jaipuru ñane ñe'ẽ?"
meu igual,xe arõana,Cheichagua
muitos judeus junto à cruz,îudeus-etá cruz robábo,Heta judío kurusúre
eu o fiz por muito tempo,Ipuku xe rekóû i monhanga,Ajapóma heta ára
o próprio deus distinguiu o padre como seu substituto,Tupã é abaré oîmoîa'ok gûekobîaramo,Tupã Ñandejára voi omomba'e guasu pa'ipe ha'e omoirũ haguã ichupe.
os cabos são brancos,Yba ting,Umi cable-kuéra hovy
"como assim? diante de uma madeira, a gente faz reverência?",Marã? Ybyrá supé nhẽpe asé îerokyû?,¿Mba'éicha piko? ¿Peteĩ yvyramáta renondépe piko ñañembo'e?
você deve confessar primeiro sua atração por eles,Sesé nde nhemomotaragûera ranhẽ t'ereîmombe'u,Nde reñemomba'e va'erã iñepyrûme nde jehechakuaa hesekuéra
"um tanto, um pouquinho",angaîbĩ'ĩ nhote,"Peteî mba'e, peteî mba'e"
você ficou dono daquilo que alguém esqueceu?,Ereîpysyrõpe abá resaraîagûera?,¿Reñemeʼẽpa vaʼekue peteĩ mbaʼe reheve?
aguço-a,Asapûa'ok,Aipuru chupe
"lugar onde dormem os japuguaçus; também nome antigo da ilha de santana, na costa leste do brasil",îapugûasu-kesaba,"Yapu'aguasu kuéra okehápe; avei héra yma guare Santana ypa'ũme, Brasil rembe'y rembe'ýpe"
como diz o último dos mandamentos da santa mãe igreja?,Marã e'ipe Santa Madre Igreja asé rekomonhangaba mondykaba?,Mba'éichapa he'i pe mandamiénto paha Santa Madre Iglesia?
levando imediatamente para o céu os que resgataram bem seus pecados ainda neste mundo,Ikó 'ara pupé bé o angaîpagûera repyme'ẽngatusarûera ybakype aûnhenhẽ serasó-uká,ogueraha yvágape umi ojesareko porãva iñangaipa ko yvy ape ári
não trouxe nem um sequer,Oîepé tiruã nd'aruri,ndahupytýi peteĩnte
segurei-o fortemente,Aîpysyk-atã,Aipytaso mbarete
não,-Oîporará bépe mba'e amõ a'epe oîkóbone? -Aani xûéne - Sofrerão ainda alguma coisa aí vivendo?,Ndaipóri
e a aproximação do parto de uma grávida não é motivo para também ter medo?,"A'epe muru'apora membyrasy kakara, na nheangûaba bé ruã?","ha pe mitãkuña imembykuéra oguahẽvo, ndojapói mba'eve ojepy'apy haguã avei?"
às vezes os frutos de suas árvores caem,Okuî rakó amũme 'ybarambûera o 'yba suí,Sapy'ánte hi'a'ỹi yvyramáta
"desatinado, sem juízo, enlouquecido, maníaco",angaingaibora,"hasýva, iñarandu'ỹva, iñakã ratã, maníaco"
quem faz com que o nome de deus seja louvado?,Abá-abápe Tupã rera oîmoeté-ukar?,¿Mávapa omombaʼeguasu Ñandejára réra?
são três as potências da nossa alma em relação às coisas,Mosapyr ma'e resé asé 'anga 'ekatuaba,mbohapy mba'e ikatúva ñane ánga ojapo umi mba'e rehehápe
tenho desgosto por tê-lo levado,Arasó tieté a'é,Che py'a vai che apytégui.
"esse santo escreveu para nós a vida de seu mestre, deixando-a","Kó santo o mbo'esara rekopûera erimba'e oîkûatiar îandébo, seîá","ko marangatu ohai ñandéve hekove mbo'ehára, oheja"
dá a si mesmo asas para voar,Nd'e'i te'e abá tekokatu pupé onhemopepóbo o beberama resé,Ome'ê ijehe ipyti'a ohóvo
"você vai, neste dia","Eresó, kó 'ara ri","reho, ko árape"
vou cumprir suas palavras,T'aîmopóne nde nhe'enga,Ajapóta iñe'ẽ
que ele se compadeça de mim,Ta xe raûsubar,Ha'e oiporiahuvereko che rehe
quatro são as virtudes cardeais.,Quatro tekokatu-ytá,irundy ha'e umi virtudia cardinal.
acendemos o fogo,Tatá îaîmondyk,Ñambohapy tata
realizar-se-ão no futuro,I por irãne,oikótaha ko'ã ára
mas eu me esqueci completamente.,Xe resaraî-te-katu,ha che añemandu'aite che rehe.
quem se preocupa com deus,Tupã resé o nheangerekosara,Oiméva Tupã rehe oñe'ẽva
vocês me matam,Xe îuká peîepé,Peë che moingove
"caburé, vem correndo!","Kaburé, îori enhana","Caburé, ou pya'e!"
voltou a viver entre os que morreram,Omanõba'epûera suí sekobeîebyri,oikove jey umi omanova'ekuépe
despertando-me do meu pesado sono,Xe keranama mombaka,Che py'a potĩgui amoingove
topo da escada,mytamytá-ypy,Yvateve'ỹva
pelos campos,nhũbo,Yvotyty rupi
quem vê o furto de alguém e não se importa,Abá mondarõ osepîakĩba'e,Ohecha ramo avave ojukaha ha ndojapóiva mba'eve
creio na distribuição das virtudes dos santos,Arobîar santos rekokatu nhemoîa'oîa'oka,Che arovia umi santo rekoha ñemboja'o rehe
paguei-o,Asepyme'eng,Che aguereko chupe
o manuseio,Aîabyky,mba'éichapa ojeporu
ninguém se casa com sua própria filha,O aîyra resé abá n'omendari,Avave ndopytái imembykuña ndive
"batendo em uma mulher grávida, matando o bebê dela","Kunhã muru'abora resé opûá, pitanga îukábo i xuí","ombotavy kuña hyeguasúva, omboty imemby"
tirei minha roupa,Aîo'ok xe aoba,Ahejáva che ao
saiu para o pátio chorando muito dolorosamente,Osem okarype oîase'oasykatûabo,Osê okápe hasy asy asy asy
quem tem a bem-aventurança é manso,Tekokatu-eté rerekoara onherane'ymba'e,Oiméva vy'apavêva ipy'aguapýva
"indo, eu me afasto",Xe rebinhỹ gûixóbo,"aha, ajere"
vem para destruir o maldito,"Eîori, muru mombapa",ou omombyta haguã pe ñuhã
a roupa prendeu-se firmemente às suas chagas?,Oîaratã serã i aoba i moperé-perebagûera resé?,¿Oñemboja'o porãpa umi mba'e vai?
ainda mais pedro,Pero angabatene,ha'evéva ita
"depois de expulsar os vícios do seu meio, o homem não os traz de volta consigo; em vez disso, dispersa-os","O koty suí mba'epoxy reîtyk'iré, abá nd'ogûeroîebyri o kotype, i mosãîa","Oity rire umi mba'e vai ijypykuégui, ndohói jeýnte ichupe kuéra."
não sou eu que vou,Na ixé ruã asó,ndaha'éi che aháta
nariz achatado,tĩmbeba,mbyja'i
mas livra-nos do mal!,Oré pysyrõ-te mba'eaíba suí,¡Ha eñongatu ñanembyai va'ekuégui!
"da mesma forma, a morte também entrou como componente deste mundo",Te'õ abé reîkéû ikó 'ara poramo oîá,"Upéicha avei, ñemano oike avei ko yvy ape ári."
foi para longe por ocasião de um dia santo?,Tupãneme nhẽpe eresó kûepe?,¿Oha'e va'ekue mombyry peteî ára marangatu jave?
"assim, na verdade, eu determinei",Emonã nakó xe rekopotari,"Upévare, añetehápe, ajedesidi"
já ia,Osó ymûã,Ha'e va'ekue
aljava de ferro,itá-u'uburu,mba'e'okápe
eu lhe pelo o couro cabeludo,Aî'apir-abo'o,Che ambojopy chupe ipoty
antes de sua velhice,o tunhãba'e e'ymebé,ha'e mboyve iñakãrapu'ã
confessar-se a cada ano,Seixu îabi'õ nhemombe'u,omoañete jeývo ary
amamentando seu neném,i pitangĩ mokambûabo,omomemby haguã imemby
"eu sou cristão, eu sou virtuoso","Xe cristão, xe karaí","Che niko kristiáno, che niko hekojojáva."
eu estou embasbacado,Xe rembeirĩ,Che apyta vaieterei
como se eu fosse,Xe só îarameté,Ha'ete ramo che
diabo mau,anhangaíba,Mba'e vaiete
segundo a vontade de deus,Tupã remimotara rupi,Tupã rembipota háicha
"algumas poucas vezes, algumas vezes, somente",amõme é,"sapy'ánte sa'i, sapy'ánte,"
torci-o,Aîpepyr,Ajerure chupe
eu não sou sério nas minhas ações,Na xe rekoposyî,Che ndaje añe'ẽi che rembiapo
"você trouxe muitas coisas, por acaso?",Ereruretá serã?,"¿Rehupytypa heta mba'e, añetehápe?"
amontoado de pedras,itá re'yîa,Ta'anga'i ñembyaty
mas quem há como eu?,Abá-tepe oîkó xe oîá?,¿Máva piko cheichagua?
zombando diante dele,Sobaké o memûãnamo,oñembohory hese
o bordei,Asemberung,pe ñembosarái
eu tenho estatura elevada,Xe îeysá-puku,Che niko tuichaiterei.
eu tenho lágrimas pingando,Xe resa'y-tykyr,A'erehe che rory oúva
"coisa enlameada, porco!","Mba'e-u'uma, taîasu!","Mba'e ñuhã, porcín!"
eis que estou aqui para te procurar,Kó xe rekóû nde reká,Ko'ápe aime aheka haguã ndéve
e o que acontece com quem se excita por sua amante?,"A'epe o agûasá resé segûyrõba'e, marã?",ha mba'épa ojehu upe ojevy'áva hembireko rehe?
"portanto, prendo você!",Irõ oropokosub!,"Upévare, apyta nde rehe!"
emergi como que do fundo,Ypy suí berame'ĩ abur,Aike ramo che ykére
"descendo com seus choros, indo com seus gritos","O îase'o rerogûeîypa, ogûasẽ-gûasema rerasóbo","Ahasávo hasẽvo, ahasávo osapukáivo"
para que nós paguemos bem a transgressão da palavra de deus,Tupã nhe'engabŷagûera îandé i moepykatûagûama resé,Jahepyme'ẽ haguã Tupã ñe'ẽ ñemomirĩha
fugi,Asem îepé,osê
me rangem os dentes,Xe rãî-ngyrỹî,Che ruguy ryrýi
nosso fogo convém a todos os que assim vivem,Opá emonã tekoara îandé ratá îaîarõ,ñande tata iporã opavavépe oikovéva péicha
ninguém pode casar com sua própria neta,O emiminõ resé nd'e'ikatuî abá omendá,Avave ndaikatúi omenda ne membykuña rehe
os que se compadecem de nós,îandé poreaûsubokara,Umi ñande poriahuverekóva
os que de nós são maus são os que não cumprem nesta terra a vontade de deus,Asé i angaîpaba'e ipó ikó ybype Tupã remimotara n'oîmonhangi,Umi ñande apytépe ivaiva ha'e umi ndojapóiva ko yvy ape ári Tupã rembipota.
está diante de mim,E'am xe reseî,Oime che renondépe
alguém se confessa antes de ir à guerra?,Onhemombe'upe abá gûarinĩ-namo o só îanondé?,¿Oĩ piko peteĩ ojeroviáva oho mboyve ñorairõhápe?
não quero ir para longe,N'asó-potari mamõ...,Ndaipotái mombyryve
quem tem fome é o faminto,i ambyasyba'e,Oky'a'ỹva niko oky'a'ỹva
vão depressa!,Pekûá esapy'a!,Eju pya'e!
era eu,Ixé raka'e,Ha'e va'ekue che
dei aos índios seus antigos companheiros,Irũmbûera aîme'eng abá supé,Ame'ẽ umi indio-pe iñirũ yma guare
"mas quem, outrora, deu aos índios coisas como as suas?","Abá-tepe, erimba'e, pe mba'erama resé apŷaba me'enga'ubi?",¿Mávapa ome'ẽ ypykuérape mba'e ndeichagua?
quando estou ao teu lado,Nde pyri gûitekóbo nhẽ,Che reime jave nde ykére
"pela estrela que os guia, como a que mostra o caminho",Îasytatá serekoarama resé pé kuabe'ẽsaramo,"ha mbyja reheguáva, ohechaukáva tape."
ficando a experimentar poções,Mosanga ra'ã-ra'anga,Oñeha'ãrõ poción
"ah, oxalá eu seja um pouquinho melhor no futuro!",Xe angaturã be'ĩ temõ erimba'e mã!,"ah, che rehe che porâvéta mbykymi pe ára oúvape!"
"por aí, por ali, por esse lugar",eboûĩ rupi,"Ko'ápe, ko'ápe, ko'ápe"
eu sou um homem soberbo.,Abá-porerobîare'yma ixé,Che niko kuimba'e iporãitereíva.
é moderadamente grande,Turusu-nhota'ubĩ,tuichaiterei
sua mãe afável também lhe arranca a ferocidade,I xy-îerekûaba abé oîo'ok i abaeté,isy porâva avei omokyre'ÿ chupe.
"com alegria, honramos este dia",Tesãîa pupé kó 'ara îaîmoeté,"Vy'ápe, ñamomba'eguasu ko ára"
você fez sexo com uma mulher com alguém observando?,Ereîkópe kunhã resé abá remiandubamo?,¿Reñemongeta vaʼekue peteĩ kuñakaraíre peteĩ ohecháva ndive?
nosso criador faz estar contigo em teus braços,Îandé monhangara nhẽ erenoĩ nde îybápe,ñande apohare ojapo haguã nde rehe nde pópe
o que retribui verdadeiramente o amor de deus a si,Tupã o aûsuba poepykareté,Ha'e añetehápe omyengoviava'erã Tupã mborayhu
o desenrolei,Aîorab,Aipuru chupe
"você visitou o covo de alguém, arrancando seu conteúdo?",Ereîosubype abá îeke'a i poroka?,"¿Reho vaʼekue peteĩva'e ka'aguy rendápe, reñemomombyry hag̃ua umi mba'e oĩva ipype?"
ficamos batendo um no outro,Oroîoapi - Golpeamos um ao outro Oroîoapi-api,jajuhu ñambopukái
todos morreram,Omanõ-mbá,Opavave omano
"eia, amarrem os malditos!","Pe'ĩ, peîpûá muru!",¡Eñemboja'o umi mba'e vaiete!
ponteiro da escola,nhembo'esaba kuabe'engaba,mbo'ehao pukarã
me movimento,Akué,aha'ãvo
deram-lhe para beber?,-Oîmo'y'upe gûá?,¿Oñeme'ê chupe ho'u haguã?
não querem que toquem em vocês,Pe atõîa n'oîpotari,Ndereipotái ojepuka pende rehe
vaso de estanho,itaîy-kamusi,yva pytã
"ah, sim! ah, já entendi!",tó eẽ,"Ah, añete! ah, añetegua!"
"você foi revistar os covos de água doce de alguém, tomando seu conteúdo?","Eresópe abá îeky-'ye'ẽ supa, i pora rá?","¿Reha'ã piko reñemohenda avave y potĩgui, reñemohenda hag̃ua umi mba'e oĩva ipype?"
"hei de ir para onde me mandam, porque eu, por vontade, quero assim fazer","Îé t'asóne xe mondoápe Memeté ixé, xe py'ape, emonã tekó potá","aha va'erã che rendápe, che py'aite guive ajapo haguã upéicha."
amo pedro por amar o pai dele,Asaûsub Pedro og uba raûsume,Ahayhu Pédrope ohayhu haguére itúva
eu sou mal-encarado,Xe robasy,Che niko che mba'e vaiete
a maldade de suas palavras,o nhe'enga poxŷagûera,iñe'ẽ vaiete
em seu nome me guardo,Nde rera pupé anhenong,Nde rérape che peguereko
"querem que eu solte para vocês jesus, vosso rei?",Peîpotápe Îesus pe rubixaba ixé i mosema peẽme?,"¿Mbaʼépa peipotápa peheja rei peẽme Jesúspe, pende Rréi?"
que eles sofram junto dos malditos!,Ta sasy muru supé!,Ha'ekuéra ohasa asy umi ñembyasýpe.
não se cansam de rezar a deus,N'oîeruré-pytubari Tupã supé,ndokyhyjéi oñembo'e haguã Tupã Ñandejárape
senhor jesus,Pa'i Îesu,Karai Jesús
com ele,ahẽ pabẽ,hendive
veio logo atrás de mim,Xe atuaî bé turi,Oguata che rapykuéri
vamos hoje trazer alguns assim desse jeito,Emonã nungara amõ t'îasó kori seru,Ko'ágä ñamboguata heta mba'e péicha
ele me dará minha aflição,A'e xe rekotebẽsaba oîme'eng ixébene,Ha'e ome'ẽta chéve che ñembyasy
já afastei minhas maldades dessa maneira,Aîpe'a umûã emonã xe angaîpaba,Ahejarei che mba'e vai péicha
"você invocou em vão o nome de deus, mentindo, sabendo que era mentira?","Eresenõî tenhẽpe Tupã rera, nde îuraragûaîamo nhẽ, îuraragûaîamo sekó kuapa?","¿Reñembotavy piko reñembotavy haguére Tupã réra rehe, reikuaágui añetehápe ha'eha ijapu?"
você cobriu sua esposa quando o sangue dela ocorria?,"Ereîopykype nde remirekó, sugûy sekóreme?",¿Reñangarekovaʼekue ne rembirekópe ojehasávo hembi'u?
amem vosso criador,Pesaûsu pe monhangara,pemomba'e guasu pende Apohare
o fraco que convido para comer,xe remipoîmembeka,Pe mboriahu che pytyvõva'ekue ho'u haguã
eis que estou à vista de deus,Tupã resápe ã xe rekóû,Ko'ápe añe'ê Tupã renondépe
lembre-se de mim!,Nde ma'enduá xe ri!,Epensamína che rehe!
eu o ararei,Asyby'ab,Che apytáta
a morte é o que separa os verdadeiros cônjuges,Te'õ a'e mendasabeté mombo'isaramo,ñemano niko omboja'o umi omendáva añeteguápe
coloquei penas nele,Aîpepó-moín,Aipuru umi pluma hese
embarquei as pessoas,Aporero'yasab,Aipuru umi héntepe
meu cansaço é grande,Turusu xe kane'õ,che apytu'ũ tuicha
eu tenho uma grande cabeleira,Xe 'abebogûasu,Che akã guasu
atravessar a água elimina a sujeira dos pés,Y aé rasaba mby ky'a îaîmomemûã,Ohasávo y remimbipa'ũ py'águi
prendi-os um ao lado do outro,O îoybyri aîmoín,Pemboja'o ojoajuhápe
você se enfureceu por causa de alguém?,Nde marãmotarype abá resé?,¿Oñemomirĩva'ekue ndehegui avavére?
eu sou bem feito,Xe aysó,Che niko che reko porã
quem são os que rogam a deus por nós?,Abá-abápe asé resé Tupã mongetasaramo sekóû?,¿Mávapa oñembo'e Tupã Ñandejárape ore rehehápe?
tive filhos gêmeos,Xe membykõî,Aguereko mitã michĩmi
"por isso mesmo os malditos se alegram por causa deles, disputando por eles","Nd'e'i te'e moxy sesé og orybamo, sesé oîomoaîuabo","Upévare umi maldiído ovy'a hesekuéra, ha oñe'ẽ hesekuéra."
"o que é bom é a dança: enfeitar-se, untar as suas penas","Moraseîa é i katu, îegûaka, sa-mongy","Mba'e porãva ha'e jeroky: oñemomorã, omopẽ ipoguýpe"
"por aí, por ali",eboûinga rupi,"Ko'ápe, ko'ápe"
que meus nomes sejam muitos!,Ta setá-katu xe rera!,Che réra hetaiteve ramo jepe.
amarrei-o pelos pés,Aîpukusãmoín,Ajerure chupe che py'a rehe
aqui certamente há alguém,Ké abá rekóû anhẽ,Ko'ápe katuete oî peteî tapicha
"lembrem-se do que se sofre no inferno para que, de modo nenhum, pequem",Penhemoma'enduá Anhanga ratápe i porarapyra resé ta pe angaîpab umẽngatutenhẽ,"Pende mandu'a pe jehasa asy oĩva infiérnope, ani haguã pekádo."
"e os rapazes que perseguem mulheres, querendo torná-las escravas nas casas de cristãos?","A'epe kunumĩgûasu kunhã oîmomosemba'e, miaûsuba potá nhẽ karaibokype-katu?","ha umi mitãrusu ombotuicha kuñanguéra, oipotáva omomba'e guasu chupekuéra umi kristiáno rógape?"
a bela proclamação de sua mãe me afligiu muito,I xy mombe'u-poranga xe moingotebẽngatu,Nde sy ñe'ẽ porãite che pytyvõ va'ekue
"voando pelos montes, fui para fazer pecar os tupis","Ybytyrybo gûibebébo, asó tupi moangaîpapa","Aipórõ yvyty rupi, aha che py'a potĩ haguã tupípe"
isso é o que me é destinado,Xe resendûara ebokûea,Upéva niko che rembipota.
eu estou doente,Xe karasy,Che hasy hína
estou calombento,Xe asur,Che añe'ẽ vaieterei
"lugar para se abrigar da água, barra do porto",y-mbîasaba,"tenda ojehekýi hag̃ua ygui, bar del puerto"
"palavras grosseiras, de zombaria",nhe'ẽ-memûã,"Ñe'ẽ vai, oñembohoryva"
"o próprio céu é o que deus prepara para nós, lugar em que coloca bem a nossa felicidade futura","Ybaka aé Tupã îandé resé i nhemosako'îaba, îandé mba'ekaturama nongatûaba re'a","yvága voi ha'e Ñandejára ojapótava ñandéve guarã, upe tenda omoĩ porãhápe ñande vy'a tenondegua."
você pagou aquilo que usou?,Eresepyme'engype nde remiporupûera?,¿Reiporúva piko pe nde reheja va'ekue?
vai me fartando,Seby-sebykĩ ixébo,Che py'a potĩ
fininho,po'i'i,mbovymi
não há como os que caminham passarem por mim,N'i tybi xe rasapaba ogûataba'e supé,Ndaipóri mba'eve oguata va'ekue che rapykuéri
sinal de golpe com uma pedra,itá-pora,"Kuatiarogue ojoajúva "" 'Tupã "" ' rehe"
reprimir o desejo de coisas más,Mba'e-aí-potara renonhena,ñamboyke mbaʼe vai rembipota
"vocês se consolarão muito no futuro, depois que a batalha acabar.",Ta peapysyketé irã marana pab'iré,Peëme guarã tuicha consolo peëme peñepyrũ rire pe ñorairõ.
logo o viu,Koromõ sepîaki,ha upepete ohechapa
três dedos dos pés,mosapyr mysã,mbohapy py'a
"disse isso, sabendo o futuro esmagamento dos habitantes daquela cidade chamada jerusalém",Akûé tabusu Îerusalém 'îaba pora mombebaûama kuapa nhẽ aîpó i 'éû,Jesús he'i upéva oikuaágui Jerusalénpe ojejukataha.
