row_id,source_text_raw,source_text_normalized,target_text,normalization_changed,normalization_notes
0,Aparei as pontas deles,aparei as pontas deles,Aîapyr-etab,True,lowercased
1,Doravante assim procedo,doravante assim procedo,Ko'yré emonã aîkó,True,lowercased
2,As doenças da alma do homem com ele saram bem,as doenças da alma do homem com ele saram bem,Abá 'anga mara'ara i pupé opûeîrá-katu,True,lowercased
3,"É discreta, falando aos homens","é discreta, falando aos homens",I kunusãî abá supé onhe'enga,True,lowercased
4,"Para se vingar de seu cão que cria, um homem não o alimenta","para se vingar de seu cão que cria, um homem não o alimenta","O eîmbaba îagûara resé oîepyka, abá n'oîmomba'e'uî",True,lowercased
5,Dizem que foi,dizem que foi,Osó ra'e,True,lowercased
6,"Vem para espantar o diabo, para que não me dane","vem para espantar o diabo, para que não me dane","Îori anhanga mondyîa, ta xe momoxy umẽ",True,lowercased
7,"Como a esses, matarei os que costumam pecar, fazendo-os cair comigo em meu fogo","como a esses, matarei os que costumam pecar, fazendo-os cair comigo em meu fogo","Anga îá, angaîpabora aîuká, xe ratápe sero'ane",True,lowercased
8,Vou como catador de madeira,vou como catador de madeira,Asó ybyrá piaramo,True,lowercased
9,"Examinando a armadilha de alguém, tomando o seu conteúdo","examinando a armadilha de alguém, tomando o seu conteúdo","Abá mundé supa, i pora rá",True,lowercased
10,Tu te comprazes quando um homem apalpa teus seios?,tu te comprazes quando um homem apalpa teus seios?,Nde rorype nde kama abá sungáreme?,True,lowercased
11,Mostra o erro de minhas palavras,mostra o erro de minhas palavras,Eîkuabe'eng xe nhe'engaipaba,True,lowercased
12,Afastaste teu filho e teu escravo de suas amantes?,afastaste teu filho e teu escravo de suas amantes?,"Ereîpe'ape nde ra'yra, nde remiaûsuba i agûasá suí?",True,lowercased
13,Eu tenho cabelos muito arrepiados,eu tenho cabelos muito arrepiados,Xe 'a-tyragûasu,True,lowercased
14,"fora, na rua","fora, na rua",okarype,False,
15,Matai-o!,matai-o!,Peîuká!,True,lowercased
16,Podem deixar um do outro?,podem deixar um do outro?,E'ikatupe o îesuí opo'i?,True,lowercased
17,Eu retomei o bom senso,eu retomei o bom senso,Xe tekokuabar,True,lowercased
18,"Eis que era costume, então, dar nome às pessoas","eis que era costume, então, dar nome às pessoas",Ã tekó a'ereme moreroka,True,lowercased
19,Vou com ele,vou com ele,Sesé orosó,True,lowercased
20,Deixa que venha,deixa que venha,T'oúne turi,True,lowercased
21,Também queima vivo para sempre,também queima vivo para sempre,Sekobé abé okaî aûîeramanhẽ,True,lowercased
22,"Estando doente, de verdade, não a ouviste, ou sendo preguiçoso?","estando doente, de verdade, não a ouviste, ou sendo preguiçoso?",Nde mba'easyramo épe nd'eresendubi koîpó nde ate'ymamo nhẽ?,True,lowercased
23,"o que tem nome Guaixará, o chamado Guaixará","o que tem nome guaixará, o chamado guaixará",Gûaîxará seryba'e,True,lowercased
24,Que não me atraia a lei antiga de meus avós,que não me atraia a lei antiga de meus avós,Ta xe momotar umẽ xe ramỹîa rekopûera,True,lowercased
25,Que se alegre esta vossa terra,que se alegre esta vossa terra,Ta sesãî kó pe retama,True,lowercased
26,"Confesso-me a ti, senhor padre, por causa do meu pecar muitas vezes","confesso-me a ti, senhor padre, por causa do meu pecar muitas vezes","Anhemombe'u ndebe, pa'i abaré setá nhẽ xe angaîpagûera resé",True,lowercased
27,"Amo Pedro, assim como a seu filho","amo pedro, assim como a seu filho",Asaûsub Pedro ta'yra resebé,True,lowercased
28,tutano dos ossos,tutano dos ossos,kanga putu'uma,False,
29,"Foste para revistar as cisternas de água doce de alguém, tomando seu conteúdo?","foste para revistar as cisternas de água doce de alguém, tomando seu conteúdo?","Eresópe abá îeky-'ye'ẽ supa, i pora rá?",True,lowercased
30,Os que têm a bem-aventurança são os que têm pena das pessoas,os que têm a bem-aventurança são os que têm pena das pessoas,Tekokatu-eté rerekoara i poraûsubaryba'e,True,lowercased
31,"Ela é muito bojuda (fal de pipa, de árvore, etc)",ela é muito bojuda,I ku'agûasu,True,parentheses_removed | lowercased | trimmed
32,Vinde todos para festejar a Jesus,vinde todos para festejar a jesus,"Peîó pabẽnhẽ, Îesu momoranga",True,lowercased
33,Como estas são vossas casas? -Diferem muito,como estas são vossas casas? -diferem muito,-Anga îápe pe roka? -Oîkoé-katu,True,lowercased
34,Nosso criador fazes estar contigo em teus braços,nosso criador fazes estar contigo em teus braços,Îandé monhangara nhẽ erenoĩ nde îybápe,True,lowercased
35,"Saiu-me de través (pex, a flecha que me atingiu)",saiu-me de través,Xe raîé i xemi,True,parentheses_removed | lowercased | trimmed
36,e portanto,e portanto,a'e emonãnamo,False,
37,Saltei-o,saltei-o,Aîapyrasab,True,lowercased
38,o que apanha o que ele matou,o que apanha o que ele matou,semiîukapûera rasara,False,
39,"Que saia o diabo dela, apartando-se com seu mau proceder","que saia o diabo dela, apartando-se com seu mau proceder","T'osẽ Anhanga i xuí, gûekó-poxy rerosyîa",True,lowercased
40,As brasas não falham,as brasas não falham,Tatapynha n'oîabyî,True,lowercased
41,"As crianças habitantes da aldeia de Belém e também as habitantes das suas vizinhanças mandou assassinar, nelas querendo incluir Nosso Senhor","as crianças habitantes da aldeia de belém e também as habitantes das suas vizinhanças mandou assassinar, nelas querendo incluir nosso senhor","Taba Belém pora pitanga i amundaba pora abé apitiukari, sesebé Îandé Îara moîese'a-potá",True,lowercased
42,Que deram à sua mão direita?,que deram à sua mão direita?,Mba'epe oîme'eng i 'ekatuápe?,True,lowercased
43,Fez vir outrora alguma coisa boa do céu para seus discípulos?,fez vir outrora alguma coisa boa do céu para seus discípulos?,Oîmbourype erimba'e mba'e-katu amõ ybaka suí o boîaetá supé?,True,lowercased
44,Se tu não endureceres teu coração,se tu não endureceres teu coração,Nde nhy'ã nde i moatãnhẽe'ỹme,True,lowercased
45,Vem para nos arrebatar,vem para nos arrebatar,Eîori oré rekyîa,True,lowercased
46,Não vos perceberam Abaixai-vos,não vos perceberam abaixai-vos,Na pe andubi Peîaŷbyk,True,lowercased
47,"Por acaso estava com a cintura fendida o maldito, balançando?","por acaso estava com a cintura fendida o maldito, balançando?",I ku'a-bok serã moxy oatimunga?,True,lowercased
48,Devolveu seu pagamento aos príncipes,devolveu seu pagamento aos príncipes,Oîme'eng-îeby sepypûera morubixabetá supé,True,lowercased
49,Passo raramente,passo raramente,Moîepenhombé akûab,True,lowercased
50,Por isso mesmo em tua grande força apóio-me,por isso mesmo em tua grande força apóio-me,Nd'a'é te'e nde ratãngatu resé gûiîekoka,True,lowercased
51,Eu sou (ou estou) doido,eu sou doido,Xe 'angaingaíb,True,parentheses_removed | lowercased | whitespace_collapsed
52,Deve ter ido,deve ter ido,Osó ipó re'ĩ,True,lowercased
53,o que deseja a justiça,o que deseja a justiça,tekokatu 'useîtara,False,
54,Será muito terrível futuramente para os que são maus?,será muito terrível futuramente para os que são maus?,I abaeté-katupe irã i angaîpaba'e supé?,True,lowercased
55,Mas procedendo de que modo se está como amigo do diabo?,mas procedendo de que modo se está como amigo do diabo?,Marã oîkóbo-tepe asé Anhanga rembiaûsubamo sekóû?,True,lowercased
56,"mirra, poção de polpa","mirra, poção de polpa","mirra, mosanga to'o suí",False,
57,homem falso,homem falso,abá-memûã,False,
58,Apenas não me faz morrer,apenas não me faz morrer,Sa'ĩ na xe momanõî!,True,lowercased
59,São numerosos os que te procuram,são numerosos os que te procuram,Se'yî nde rekasara,True,lowercased
60,Violentaste uma solteira antes de lhe fazer mal?,violentaste uma solteira antes de lhe fazer mal?,Ereîukaípe mendare'yma i momoxy îanondé?,True,lowercased
61,É terrível para mim vê-los,é terrível para mim vê-los,I abaeté sepîaka ixébo,True,lowercased
62,"Ah, vencer-me-ão hoje!","ah, vencer-me-ão hoje!",Xe reîtyk korine mã!,True,lowercased
63,"Ao se aproximar o doente da agonia, que mandem chamar o padre","ao se aproximar o doente da agonia, que mandem chamar o padre","Mba'easybora o mara'ara kakareme, t'osenõîukar abaré",True,lowercased
64,diabo mau,diabo mau,anhangaíba,False,
65,"Eia, pois, sapo maneta!","eia, pois, sapo maneta!","Ené, rõ, kururu-asyka!",True,lowercased
66,"Tão logo ao ouvir o nome dela, em outra parte eu me escondo","tão logo ao ouvir o nome dela, em outra parte eu me escondo",Serenduba rupibé amongoty xe nhemimi,True,lowercased
67,Morrendo nós,morrendo nós,Îamanõmo,True,lowercased
68,arroto fétido,arroto fétido,eú-rema,False,
69,"Eia, levemos adiante deles esta muçurana","eia, levemos adiante deles esta muçurana","Ene'ĩ, t'îarasó senondé kó musurana",True,lowercased
70,Escorei-o,escorei-o,Aîokok,True,lowercased
71,Os que moram em Maratauá acreditam em minhas palavras,os que moram em maratauá acreditam em minhas palavras,Marataûãme tekoara ogûerobîá xe nhe'enga,True,lowercased
72,o que é o único filho dele,o que é o único filho dele,ta'yra oîepeba'e,False,
73,Livra-nos tu,livra-nos tu,Oré pysyrõ îepé,True,lowercased
74,Coloquei-o de boca para baixo,coloquei-o de boca para baixo,Oobapybo aîmoín,True,lowercased
75,conhecendo a Deus,conhecendo a deus,Tupana kuapa,True,lowercased
76,Meteu-te pelo pescoço,meteu-te pelo pescoço,Nde mondeb o aîurybo,True,lowercased
77,Caiu no chão,caiu no chão,O'ar ybype,True,lowercased
78,"Embora eles fossem obra d'Ele, alguns anjos tornaram-se maus","embora eles fossem obra d'ele, alguns anjos tornaram-se maus","Aûîeté a'e semimonhangûera, karaibebé amõ amõ oîemoangaîpab",True,lowercased
79,Todos os que confessou com os que escondeu voltará a confessar,todos os que confessou com os que escondeu voltará a confessar,O emimombe'upûera o emikuakugûera irũmo bé i mombe'uîebyrine,True,lowercased
80,"mas, de verdade","mas, de verdade",anhẽ ruãp'anhẽ,False,
81,Ele mesmo certamente me guarda,ele mesmo certamente me guarda,A'e aé ipó xe rerekó,True,lowercased
82,Eu estou adoentado,eu estou adoentado,Xe mba'easyaíb,True,lowercased
83,mulher corajosa,mulher corajosa,kunhã-pyatã,False,
84,Estrebuchei,estrebuchei,Ababak,True,lowercased
85,"Tomaste remédio, não querendo ficar grávida?","tomaste remédio, não querendo ficar grávida?",Ereposangu'upe nde puru'apotare'ymamo?,True,lowercased
86,comendo-o ansiosamente sempre,comendo-o ansiosamente sempre,korikoria'u i gûabo îepi,False,
87,Eis que esses meus valentões sabem assassinar,eis que esses meus valentões sabem assassinar,Kó a'e xe kyre'ymbaba oîkuá morapiti,True,lowercased
88,"Suportando a grande noite, estamos muito aflitos","suportando a grande noite, estamos muito aflitos","Putunusu porarábo, oroîkotebẽngatu",True,lowercased
89,Dar também o dízimo naquilo que plantou primeiro,dar também o dízimo naquilo que plantou primeiro,O emitymbûerypy pupé Tupã potá-me'engano,True,lowercased
90,Acreditaste nas mentiras de alguém?,acreditaste nas mentiras de alguém?,Ererobîápe abá remo'ema?,True,lowercased
91,Enfileiramo-nos,enfileiramo-nos,Oroîoysyrung,True,lowercased
92,Ofendeste tua avó?,ofendeste tua avó?,Ereîanga'ope nde aryîa?,True,lowercased
93,Eu sumi de vista,eu sumi de vista,Xe apykanhem,True,lowercased
94,Jejuar cada vez que a Santa Madre Igreja mandar jejuar,jejuar cada vez que a santa madre igreja mandar jejuar,Santa Madre Igreja îekuaku-pûaîa îabi'õ îekuakuba,True,lowercased
95,"Foi pregado na cruz, foi morto, foi sepultado","foi pregado na cruz, foi morto, foi sepultado","Ybyraîoasaba resé i moîarypyrûeramo sekóû, i îukapyrûeramo, i tymbyrûeramo",True,lowercased
96,"Vituperaste teu pai, tua mãe, teu avô, tua avó?","vituperaste teu pai, tua mãe, teu avô, tua avó?","Ereîanga'ope nde ruba, nde sy, nde ramũîa, nde aryîa?",True,lowercased
97,Aqueles serão os futuros habitantes do fundo de nosso fogo,aqueles serão os futuros habitantes do fundo de nosso fogo,Aîpó îandé ratá gûyra porama,True,lowercased
98,"o que é azul, o que é verde, o que é roxo","o que é azul, o que é verde, o que é roxo",sobyba'e,False,
99,Cortei-lhe a cabeça,cortei-lhe a cabeça,Aîakã-mondok,True,lowercased
100,Estorva-me o Senhor Deus!,estorva-me o senhor deus!,Xe moarûá Pa'i Tupã!,True,lowercased
101,Obedece bem a mulher a seu marido ao encarregá-la de boas coisas?,obedece bem a mulher a seu marido ao encarregá-la de boas coisas?,Osapîá-katupe kunhã o mena tekó-katu resé o pûaîme?,True,lowercased
102,"Um ou outro, porventura, foi mau alguma vez","um ou outro, porventura, foi mau alguma vez","Oîepé-ĩombé, nipó, i angaîpab amõme é",True,lowercased
103,"de algum lugar, dalgures, de alguma parte","de algum lugar, dalgures, de alguma parte",mamõ suí,False,
104,Dizendo a um canto de pássaro ou a um urro de onça que são agouros,dizendo a um canto de pássaro ou a um urro de onça que são agouros,Gûyrá koîpó îagûara nhe'enga supé morangygûana o'îabo,True,lowercased
105,"Eia, pois, vamos estar sentados aqui","eia, pois, vamos estar sentados aqui","Pene'ĩ, rõ, t'îasó ké îagûapyka îakupa",True,lowercased
106,Eu sou um jaguaretê comedor de gente!,eu sou um jaguaretê comedor de gente!,Xe îagûareteporu!,True,lowercased
107,"Que tenhamos, em sua terra, junto de ti, a vida eterna","que tenhamos, em sua terra, junto de ti, a vida eterna","T'orogûerekó, setãme, nde pyri, tekopuku",True,lowercased
108,Não ficou ninguém no lugar da batalha,não ficou ninguém no lugar da batalha,N'opytáî amõ abá maranápe,True,lowercased
109,Esse é meu antigo enforcador,esse é meu antigo enforcador,Akó xe îubykarûera,True,lowercased
110,"tempo, lugar, modo, etc de se lavar, de se batizar","tempo, lugar, modo, etc de se lavar, de se batizar",moîasukaba,False,
111,Saiu vivendo após o enterrarem,saiu vivendo após o enterrarem,"Osem oîkobébo, o tym-y roîré",True,lowercased
112,"Ah, quem me dera o tivesse matado!","ah, quem me dera o tivesse matado!",Aîuká me'ĩ mã!,True,lowercased
113,A de protetora dos aflitos é tua fama sempre,a de protetora dos aflitos é tua fama sempre,Moreaûsuba rerekoara nde rerapûana îepi,True,lowercased
114,"Assim como esta água lava o corpo da gente, aquela também","assim como esta água lava o corpo da gente, aquela também","Akó 'y asé reté moîasuka îabé, akûeîa îabé",True,lowercased
115,"Se o que tem relações sexuais com uma solteira ou por ela se atrai transgride muito a palavra de Deus, tanto mais o que perverte uma casada ou o que se atrai por ela","se o que tem relações sexuais com uma solteira ou por ela se atrai transgride muito a palavra de deus, tanto mais o que perverte uma casada ou o que se atrai por ela","Mene'yma resé oîkoba'e abiã koîpó sesé onhemomotaryba'e oîabyeté Tupã nhe'enga, memetipó mendara momoxysara koîpó sesé nhemomotasara",True,lowercased
116,Há de ser coisa insignificante somente,há de ser coisa insignificante somente,A'uba nhote i por re'a,True,lowercased
117,No meio dos anjos fê-la subir,no meio dos anjos fê-la subir,Karaibebé pyterype supiri,True,lowercased
118,as marcas delas,as marcas delas,i kuapaba,False,
119,Qual é também o alimento de nossa alma?,qual é também o alimento de nossa alma?,Mba'e abépe asé 'anga remi'u?,True,lowercased
120,Semelhante a uma roupa de querejuá que brilha mais que o sol,semelhante a uma roupa de querejuá que brilha mais que o sol,Aó-kereîûá kûarasy sosé oberaba'e nungara,True,lowercased
121,"Conhecendo a Deus, agora amo meu senhor Jesus","conhecendo a deus, agora amo meu senhor jesus","Tupana kuapa, ko'y asaûsu xe îara Îesu",True,lowercased
122,Anunciando nossa futura felicidade,anunciando nossa futura felicidade,Asé rekokaturama mombegûabo,True,lowercased
123,Querendo confessar-se segundo o que determina a ele a Santa Madre Igreja,querendo confessar-se segundo o que determina a ele a santa madre igreja,Oîemombe'u-potá Santa Madre Igreja i mombe'u rupi,True,lowercased
124,"Elas, na verdade, são más, ficando a fazer pajelança","elas, na verdade, são más, ficando a fazer pajelança","A'e, rakó, i angaîpá, oîemopaîé-paîébo",True,lowercased
125,Dirigiu de novo Pilatos sua fala aos judeus?,dirigiu de novo pilatos sua fala aos judeus?,Oîmoín-y bépe Pilatos o nhe'enga îudeus supé?,True,lowercased
126,Grandemente a aflição oprime minh'alma,grandemente a aflição oprime minh'alma,Naetenhẽ ã tekotebẽ xe 'anga apypyki,True,lowercased
127,Ele virou cinza completamente,ele virou cinza completamente,Sugûé-katu,True,lowercased
128,"Mandando fazê-los embarcar numa arca de madeira, semelhante a um navio","mandando fazê-los embarcar numa arca de madeira, semelhante a um navio","Ybyrá karamemûã, ygarusu nungara pupé i mo'aruká",True,lowercased
129,Por isso mesmo é que constituiu os padres como seus apaziguadores,por isso mesmo é que constituiu os padres como seus apaziguadores,Nd'e'i te'e abaré moingóbo o monhyrõsaramo,True,lowercased
130,"Pelos montes voando, fui para fazer pecar os tupis","pelos montes voando, fui para fazer pecar os tupis","Ybytyrybo gûibebébo, asó tupi moangaîpapa",True,lowercased
131,Afligiu-se por se ter frustrado sua ida,afligiu-se por se ter frustrado sua ida,O sorambûera resé sekotebẽû,True,lowercased
132,"Vejo meu reflexo (pex, no espelho)",vejo meu reflexo,Anhe'angepîak,True,parentheses_removed | lowercased | trimmed
133,Furtaste na roça de teu próximo?,furtaste na roça de teu próximo?,Eremondarõpe nde rapixaba kópe?,True,lowercased
134,"É formosa, certamente, a lua","é formosa, certamente, a lua","Î aysó, nipó, îasy",True,lowercased
135,Tenho meu modo de ser diferente,tenho meu modo de ser diferente,Xe rekó-aé arekó,True,lowercased
136,Com o bafo de sua boca sopra-nos o rosto,com o bafo de sua boca sopra-nos o rosto,O îuru timbora pupé asé robá peîuû,True,lowercased
137,"Eia, faze-me andar nas minhas virtudes","eia, faze-me andar nas minhas virtudes",Xe katûagûama ri ene'ĩ xe mbogûatábo,True,lowercased
138,malha de algodão grossa para a defesa na guerra,malha de algodão grossa para a defesa na guerra,amynyîu-aó-poanama,False,
139,"Em troca de sua criação, dei-lhe outra","em troca de sua criação, dei-lhe outra",Seîmbaba rekobîáramo amõ aîme'eng i xupé,True,lowercased
140,"Antigamente, morrendo eu, o diabo, de repente, minha alma mataria com o pecado","antigamente, morrendo eu, o diabo, de repente, minha alma mataria com o pecado","Akûeîme, gûimanõmo, anhanga, esapy'a, xe 'anga oîuká angaîpaba irũmomo",True,lowercased
141,chegando com sua ferocidade,chegando com sua ferocidade,o nharõ rerobasema,False,
142,Ela está crua,ela está crua,I pyr,True,lowercased
143,Eu me fico levantando nas pontas dos pés,eu me fico levantando nas pontas dos pés,Xe pyta'ã-ta'am,True,lowercased
144,"Eu sou um mísero índio, de fato","eu sou um mísero índio, de fato",Xe abá-aîbĩ anhẽ,True,lowercased
145,"Como sois vós, por acaso?","como sois vós, por acaso?",-Marã-piang peẽ?,True,lowercased
146,"concavidade da nuca, depressão na parte inferior da nuca","concavidade da nuca, depressão na parte inferior da nuca",atuá-pyko'ẽ,False,
147,Não me detestam as prostitutas,não me detestam as prostitutas,Na xe reroŷrõî sygûaraîybora,True,lowercased
148,"Poucos nesta aldeia moram, estando a salvar-se","poucos nesta aldeia moram, estando a salvar-se","Mokõnhõ kó taba pupé sekóû, oîepysyrõmo okupa",True,lowercased
149,Tratando-se uns aos outros como que numa fraternidade,tratando-se uns aos outros como que numa fraternidade,Oîoasykûera ri îasûaramo oîoerekóbo,True,lowercased
150,Que tipo de caça queres comer?,que tipo de caça queres comer?,Marãba'e so'o ereî'useî?,True,lowercased
151,O que se iguala às mulheres,o que se iguala às mulheres,Kunhã resé oîemoîoîaba'e,True,lowercased
152,Aonde ele foi após acabar de comer?,aonde ele foi após acabar de comer?,Mamõpe i xóû o mba'e-'u-pab'iré?,True,lowercased
153,Não prantear um ao outro (como forma de saudação) é modo de atentar contra si mesmo,não prantear um ao outro é modo de atentar contra si mesmo,Îoapirõe'yma rekóû îemomburûabamo nhẽ,True,parentheses_removed | lowercased | whitespace_collapsed
154,Embora eu já tivesse ido,embora eu já tivesse ido,Îepémo xe só umani,True,lowercased
155,Entro na igreja só de vez em quando,entro na igreja só de vez em quando,Aîké-pa'ũpa'ũ nhote Tupãokype,True,lowercased
156,"Basta! Falo eu, Sarauaia!","basta! falo eu, sarauaia!","Aûîé! Anhe'eng, Saraûaî!",True,lowercased
157,Dei-o à luz,dei-o à luz,Aîmo'ar,True,lowercased
158,"Eu estou de rosto amarelo, eu estou pálido","eu estou de rosto amarelo, eu estou pálido",Xe robá-îub,True,lowercased
159,"o que tem corpo, o que é corpóreo","o que tem corpo, o que é corpóreo",seteba'e,False,
160,a lei primeira,a lei primeira,tekó-ypy,False,
161,Confessa-se alguém antes de ir à guerra?,confessa-se alguém antes de ir à guerra?,Onhemombe'upe abá gûarinĩ-namo o só îanondé?,True,lowercased
162,De mim comendo-as todas,de mim comendo-as todas,Xe suí i gûabo pá,True,lowercased
163,Fi-lo ter vontade de comer,fi-lo ter vontade de comer,Aîmoîurué,True,lowercased
164,Não existem mais absolutamente suas antigas terras,não existem mais absolutamente suas antigas terras,N'i tyb-angáî setãmbûera,True,lowercased
165,"Que seja minha mãe, de fato","que seja minha mãe, de fato",Xe syramongatu t'oîkó,True,lowercased
166,"Arrepende-te de tuas maldades, após teres comido alguma carne (humana)","arrepende-te de tuas maldades, após teres comido alguma carne","Eîmoasy nde angaîpagûera, to'o amõ 'u ré",True,parentheses_removed | lowercased | trimmed
167,"Que não se desvie de Deus, seu criador","que não se desvie de deus, seu criador",T'oîaby umẽ Tupã o monhangara,True,lowercased
168,"Então os anjos virão, chamando os mortos, tocando trombetas","então os anjos virão, chamando os mortos, tocando trombetas","A'ereme karaibebé ruri, te'õmbûera renõîa, mimbygûasu pŷabo",True,lowercased
169,Faço-o doente,faço-o doente,Aîmomara'ar,True,lowercased
170,"Que não fique de cara feia para ele, tratando-o bem","que não fique de cara feia para ele, tratando-o bem","Ta sobasy umẽ i xupé, serekokatûabo",True,lowercased
171,altibaixos,altibaixos,gûa'a-gûa'a,False,
172,var de argola de penas,var de argola de penas,aûã-myranga,False,
173,o que tem beiço grande,o que tem beiço grande,sembegûasuba'e,False,
174,Fazendo sua esposa trabalhar,fazendo sua esposa trabalhar,O emirekó moporabykŷabo,True,lowercased
175,"Pela estrela que os guia, como a que mostra o caminho","pela estrela que os guia, como a que mostra o caminho",Îasytatá serekoarama resé pé kuabe'ẽsaramo,True,lowercased
176,manchas brancas do cabelo,manchas brancas do cabelo,a-titinga,False,
177,"à tona d'água, na superfície da água","à tona d'água, na superfície da água",y-ape'ara rupi,False,
178,Vi-o em meus sonhos,vi-o em meus sonhos,Xe posaûsupe asepîak,True,lowercased
179,O homem que come objeto de furto ou que o leva para sua casa,o homem que come objeto de furto ou que o leva para sua casa,Abá mondarõagûera o'uba'e koîpó og okype ogûerasoba'e,True,lowercased
180,o leme da embarcação,o leme da embarcação,ygara ropytaerobakaba,False,
181,Não pode uma pessoa casar-se ocultamente?,não pode uma pessoa casar-se ocultamente?,Nd'e'ikatuîpe abá omendá-nhemima?,True,lowercased
182,"Ainda bem que não fui, pois","ainda bem que não fui, pois",Aûîeté pakó xe soe'ymi é,True,lowercased
183,"Que deve ser ungido de nós (isto é, de nosso corpo)?",que deve ser ungido de nós ?,Mba'e-mba'epe asé suí i pitubypyra?,True,parentheses_removed | lowercased
184,Já se juntaram por causa disso muitos moços bebedores de cauim,já se juntaram por causa disso muitos moços bebedores de cauim,Onheŷnhang umã sesé kunumĩetá kagûara,True,lowercased
185,Faço minha futura casa,faço minha futura casa,Aîmonhang oka - Fiz uma casa Xe rokûama aîmonhang,True,lowercased
186,"Guarda-te, após conhecer essa lei, de ter má vida","guarda-te, após conhecer essa lei, de ter má vida","Eteumẽ, aîpó tekó kuab'iré, tekó-poxy rerekóbo",True,lowercased
187,Levou sua filha Maria quando se completaram três anos,levou sua filha maria quando se completaram três anos,O membyra Maria rerasóû mosapyr ro'y sykeme,True,lowercased
188,Logo no terceiro dia voltou a viver,logo no terceiro dia voltou a viver,Ara mosapyra riré bé sekobeîebyri,True,lowercased
189,o fraco que convido para comer,o fraco que convido para comer,xe remipoîmembeka,False,
190,"Deus deixou de amá-los, n'Ele confiando fracamente","deus deixou de amá-los, n'ele confiando fracamente","Tupã osaûsupe'a, sesé oîerobîá-bebuîa",True,lowercased
191,"instrumento de enxotar moscas, abano de moscas","instrumento de enxotar moscas, abano de moscas",mberu mondoaba,False,
192,Celebrando a missa para a gente,celebrando a missa para a gente,Missa ra'anga asébe,True,lowercased
193,"Quando tu vieste, já o tinha matado","quando tu vieste, já o tinha matado",Nde rureme aîuká umûan,True,lowercased
194,Perguntou Herodes sobre qualquer coisa para ele?,perguntou herodes sobre qualquer coisa para ele?,Oporandupe Herodes mba'e tetiruã resé i xupé?,True,lowercased
195,morrendo eu,morrendo eu,gûimanõmo,False,
196,Tomaste poção querendo o aborto de teu filho?,tomaste poção querendo o aborto de teu filho?,Eremosangu'upe nde membyra akyrara potá?,True,lowercased
197,Que reparta teu filho um pouquinho de virtude conosco,que reparta teu filho um pouquinho de virtude conosco,T'oîmoîa'ok nde membyra tekokatu'ĩ amõ orébe,True,lowercased
198,Seu fiho já nasceu,seu fiho já nasceu,I membyra o'ar umã,True,lowercased
199,Vereis também futuramente minha vinda sobre as nuvens,vereis também futuramente minha vinda sobre as nuvens,Pesepîak irã ybytinga 'arybo xe rura béne,True,lowercased
200,O que tem a bem-aventurança é o que é manso,o que tem a bem-aventurança é o que é manso,Tekokatu-eté rerekoara onherane'ymba'e,True,lowercased
201,"Que dizes de costume, ensinando as pessoas?","que dizes de costume, ensinando as pessoas?",Marã erép'amẽ eporombo'ebo?,True,lowercased
202,Basta! Eu estou muito contente,basta! eu estou muito contente,Aûîé! Xe rorybeté,True,lowercased
203,Dourei-o com ouro,dourei-o com ouro,Aîmoîub itaîuba pupé,True,lowercased
204,pelas matas,pelas matas,ka'abo,False,
205,"Assim como esta água lava o corpo da gente, também aquela (lava)","assim como esta água lava o corpo da gente, também aquela","Akó 'y asé reté moîasuka îabé, akûeîa îabé",True,parentheses_removed | lowercased | trimmed
206,Tenho desgosto por o ter levado,tenho desgosto por o ter levado,Arasó tieté a'é,True,lowercased
207,Ainda não estou cozido,ainda não estou cozido,Nd'a'éî gûiîypa ranhẽ,True,lowercased
208,"Ali atacando as moças, por desejá-las","ali atacando as moças, por desejá-las","A'epe kunhãmuku repenhana, i potasápe",True,lowercased
209,Pegou-se fortemente sua roupa com que ele foi castigado por o ficarem ferindo?,pegou-se fortemente sua roupa com que ele foi castigado por o ficarem ferindo?,Oîaratã serã i aoba i nupãsagûera i moperé-perebagûera resé?,True,lowercased
210,"Eu não tenho visão, eu sou cego","eu não tenho visão, eu sou cego",Na xe resapysóî,True,lowercased
211,Naufraguei,naufraguei,Aîepubuîereb,True,lowercased
212,O diabo te detesta,o diabo te detesta,Anhanga nde momburu,True,lowercased
213,ajuntamento de aldeias,ajuntamento de aldeias,tá-tyba,False,
214,seu criador de verdade,seu criador de verdade,o moîangara tekatu,False,
215,Como o viu se ele é o que não tem corpo?,como o viu se ele é o que não tem corpo?,"Marãpe sepîaki, setee'ymba'eramo sekó e'ymeté?",True,lowercased
216,Como disse aos seus três discípulos após sua entrada no horto?,como disse aos seus três discípulos após sua entrada no horto?,Marã e'ipe o boîá mosapyr supé mitỹme o iké ré?,True,lowercased
217,Anunciando os acontecimentos futuros,anunciando os acontecimentos futuros,Tekorama mombegûabo,True,lowercased
218,"Este era, de fato, o meu intento","este era, de fato, o meu intento",Aîpó nakó xe rekopotasaba,True,lowercased
219,"Como o revolutear de um urubu sobre coisas fedorentas, tu voltas o rosto para trás","como o revolutear de um urubu sobre coisas fedorentas, tu voltas o rosto para trás","Urubu mba'enema 'arybo nhemoîereba îabé, nde atybak",True,lowercased
220,Faço-os ser ladrões de cauim,faço-os ser ladrões de cauim,Aîonong ka'umondá,True,lowercased
221,Não foi à toa,não foi à toa,Na tenhẽ ruã,True,lowercased
222,"Todos cercaram Nosso Senhor, achegando-se a ele","todos cercaram nosso senhor, achegando-se a ele",Opá Îandé Îara moîari sesé osyka,True,lowercased
223,Porventura tornaram-se muito maus os homens?,porventura tornaram-se muito maus os homens?,Onhemoangaîpabeté serã apŷaba?,True,lowercased
224,Ficaste usando como mulher o teu próximo?,ficaste usando como mulher o teu próximo?,Ereîmotebi-tebipe nde rapixara?,True,lowercased
225,"""sob o sono"" da alta noite, nas horas mortas da noite, em que todos dormem","""sob o sono"" da alta noite, nas horas mortas da noite, em que todos dormem",pysaîekatu ké-gûyrybo,False,
226,Eu estou muito arrepiado,eu estou muito arrepiado,Xe pita'i-ta'i,True,lowercased
227,Sei-o tão bem como tu,sei-o tão bem como tu,Nde îabé ixé i kugûabi,True,lowercased
228,"Fazem aplacar a Deus a si mesmos, ao eliminarem a dívida dos pecados de muitos anos","fazem aplacar a deus a si mesmos, ao eliminarem a dívida dos pecados de muitos anos",Tupã oîmonhyrõ o îoupé setá nhẽ seîxutatá tekoangaîpaba repy-mondykápe,True,lowercased
229,No seu próprio ombro levanta a cruz,no seu próprio ombro levanta a cruz,O ati'yba ri krusá osupi,True,lowercased
230,Volta em nossa direção teus olhos compadecedores,volta em nossa direção teus olhos compadecedores,Erobak oré koty nde resá-poraûsubara,True,lowercased
231,Estou prestes a ir,estou prestes a ir,Oebyraîarinhote aîkó,True,lowercased
232,"E por outra parte, semelhantemente, o próprio mar será mais terrível do que era seu costume","e por outra parte, semelhantemente, o próprio mar será mais terrível do que era seu costume",Kokoty paranã aé rame'ĩ o abaetéramo erimba'e gûekoagûera sosé,True,lowercased
233,Parece investir nossa carne contra nossa alma,parece investir nossa carne contra nossa alma,Onharõ-berame'ĩ asé ro'o îandé 'anga resé,True,lowercased
234,Não vieram alguns anjos do céu?,não vieram alguns anjos do céu?,Nd'ouripe karaibebé amõ ybaka suí?,True,lowercased
235,"Serão fedorentos, serão muito podres, corroídos de vermes e de bernes","serão fedorentos, serão muito podres, corroídos de vermes e de bernes","I nem-eté, i tuîuk-eté, tasoka, ura remimongûyamone",True,lowercased
236,Sendo tu bom,sendo tu bom,Nde katuramo,True,lowercased
237,Deseja ardentemente ver o nascimento de seu filho,deseja ardentemente ver o nascimento de seu filho,O membyra 'arama osepîaka'ub,True,lowercased
238,Elas são muito altas?,elas são muito altas?,Iîybaté-katupe?,True,lowercased
239,Eu seco,eu seco,Xe rypab,True,lowercased
240,"homem parvoeirão, ignorantão","homem parvoeirão, ignorantão",abá-tekokuabe'ymusu,False,
241,vaso de estanho,vaso de estanho,itaîy-kamusi,False,
242,Tua casa santa edificamos,tua casa santa edificamos,Nde rokangaturamûama oroîmoĩ,True,lowercased
243,"Ainda mais nosso corpo tem saudades de sua alma, sua verdadeira companheira, a que o faz viver","ainda mais nosso corpo tem saudades de sua alma, sua verdadeira companheira, a que o faz viver",Memetipó îandé reté o irũeté o moingobesara o 'anga repîaka'upa,True,lowercased
244,Entregou-o bem em suas mãos,entregou-o bem em suas mãos,Oîme'eng i pópe-katu,True,lowercased
245,"Adão, nosso primeiro pai, fez-nos perder verdadeiramente","adão, nosso primeiro pai, fez-nos perder verdadeiramente","Adão, oré rubypy, oré mokanhemeté",True,lowercased
246,Ele há de ser (ou há de estar na condição de) teu espião!,ele há de ser teu espião!,Nde manhanamo t'oîkóne!,True,parentheses_removed | lowercased | whitespace_collapsed
247,Envelheço,envelheço,Akakugûabakatã,True,lowercased
248,Ver os doentes,ver os doentes,Mba'easybora repîaka,True,lowercased
249,"Portanto, ando hoje com o provincial","portanto, ando hoje com o provincial",Angari abaregûasu arogûatá,True,lowercased
250,o cacho delas,o cacho delas,saryba,False,
251,Os antigos inimigos de São Lourenço,os antigos inimigos de são lourenço,São Lourenço rupîarûera,True,lowercased
252,Fizeste chegar o pagamento como retribuição de um trabalho?,fizeste chegar o pagamento como retribuição de um trabalho?,Eresepy-mondykype marãtekó repyramo?,True,lowercased
253,É bonita vossa terra?,é bonita vossa terra?,I porangype pe retama?,True,lowercased
254,Vou à roça,vou à roça,Akopîasó,True,lowercased
255,"Ao chegarem os pescadores, repartem sempre com suas amantes ruins seu pescado, pelas costas de seus senhores","ao chegarem os pescadores, repartem sempre com suas amantes ruins seu pescado, pelas costas de seus senhores","Pindaîtykara îepotasápe, memẽ o agûasá-poxy supé oîmoîa'ok o embiara, o îara kupébo nhẽ",True,lowercased
256,Que me livre Deus das lembranças ruins,que me livre deus das lembranças ruins,Ta xe pysyrõ Tupã ma'enduasabaíba suí,True,lowercased
257,Em seu rosto ficando a cuspir,em seu rosto ficando a cuspir,Sobá resé onhenomũ-nomuna,True,lowercased
258,"Pronto, meu senhor, voei","pronto, meu senhor, voei","Irõ, xe îar, abebé",True,lowercased
259,Quando cumprirás isso que tu dizes?,quando cumprirás isso que tu dizes?,Erimba'epe aîpó nde 'îaba ereîmopóne?,True,lowercased
260,Querendo estar em cima deles,querendo estar em cima deles,I 'ari oîkó-potá,True,lowercased
261,Os cristãos como uma unidade,os cristãos como uma unidade,I mongaraibypyretá oîepegûasu îasûá,True,lowercased
262,como uma luz de fogo,como uma luz de fogo,tatá-endy îabé,False,
263,Está pronto o goitacá ou o filho do guaianá?,está pronto o goitacá ou o filho do guaianá?,Sekoaûîépe gûaîtaká koîpó gûaîanã ra'yra?,True,lowercased
264,"Creio em Deus Pai, o que pode fazer todas e quaisquer coisas","creio em deus pai, o que pode fazer todas e quaisquer coisas","Arobîar Tupã Tuba, opakatu mba'e tetiruã monhanga e'ikatuba'e",True,lowercased
265,Cortei um pedaço,cortei um pedaço,Asykûera aîasy'ab,True,lowercased
266,minha ausência,minha ausência,xe roŷpyre'yma,False,
267,"Mas sempre, com certeza, a vossas almas querem bem, guiando-as","mas sempre, com certeza, a vossas almas querem bem, guiando-as","Memẽ-te, nipó, pe 'anga amotá, i pokoka",True,lowercased
268,"Olhe bem que, por isso mesmo, o maldito ataca o homem","olhe bem que, por isso mesmo, o maldito ataca o homem",Nd'e'i te'e moxy keteté abá ropenhana,True,lowercased
269,Não se separam na guerra,não se separam na guerra,N'i xandoki marana ri,True,lowercased
270,"Replico a Pero (isto é, respondo-lhe nos mesmos termos) Aînhe'ẽ-poepyk Pero - Replico as palavras de Pero",replico a pero aînhe'ẽ-poepyk pero - replico as palavras de pero,Aîpoepyk Pero,True,parentheses_removed | lowercased | whitespace_collapsed
271,"Logo então, em um momento, leva-o para sempre para o fogo","logo então, em um momento, leva-o para sempre para o fogo",A'eîbé korite'ĩ-aíb-eté serasóû aûîeramanhẽ tatápe,True,lowercased
272,Eu mesmo pus gente no desejo sensual,eu mesmo pus gente no desejo sensual,Xe aé aporomoingó moropotara resé,True,lowercased
273,"Como que do fundo emergi (tb fig, ""livrei-me de um grande aperto"", ""tornei a mim"", como quem saiu de alguma grande aflição em que estava)",como que do fundo emergi,Ypy suí berame'ĩ abur,True,parentheses_removed | lowercased | trimmed
274,"Após morrer seu filho, ama todos os homens","após morrer seu filho, ama todos os homens",O membyra re'õ ré opabĩ abá raûsubi,True,lowercased
275,ao longo das pedras,ao longo das pedras,itá ybyri,False,
276,pintura dele,pintura dele,i kûatiara,False,
277,Eu estava sobrecarregado,eu estava sobrecarregado,Xe posakar,True,lowercased
278,"Passaste a mão nas tuas pudendas, abrindo-as, alargando-as?","passaste a mão nas tuas pudendas, abrindo-as, alargando-as?","Erepokokype nde rapopé resé i pekábo, i pypirá?",True,lowercased
279,Irritastes o senhor Jesus,irritastes o senhor jesus,Pemoŷrõ Pa'i Îesu,True,lowercased
280,A morte está igualmente entre os moços e entre os velhos,a morte está igualmente entre os moços e entre os velhos,Oîoîá te'õ rekóû kunumĩgûasu suí tuîba'e suí bé,True,lowercased
281,Aperta a cabeça do maldito,aperta a cabeça do maldito,Oîopyk muru akanga,True,lowercased
282,"Fulano está muito atrás de mim (isto é, fica no meu encalço, a importunar-me)",fulano está muito atrás de mim,Xe resé-katu ahẽ rekóû,True,parentheses_removed | lowercased | trimmed
283,logo então,logo então,a'ereme bé,False,
284,var de farinha de mandioca,var de farinha de mandioca,u'i-puku,False,
285,Ele tem olhos claros como seu pai,ele tem olhos claros como seu pai,Og uba rupi ahẽ resá-tingamo,True,lowercased
286,Apazigua seu filho que está irado,apazigua seu filho que está irado,O membyra i nhemoŷrõba'e oîmonhyrõ,True,lowercased
287,"rio abaixo, a jusante","rio abaixo, a jusante",y-embykoty,False,
288,convidando os homens todos,convidando os homens todos,apŷaba sogûabo pá,False,
289,Visitaste o buraco do covo de alguém?,visitaste o buraco do covo de alguém?,Ereîosubype abá îeke'i kûara?,True,lowercased
290,Eu sou molengão,eu sou molengão,Xe rekombegûé,True,lowercased
291,"Contudo, após sua morte, no terceiro dia voltou a viver","contudo, após sua morte, no terceiro dia voltou a viver","Aûîeté, gûe'õ ré, 'ara mosapyra resé bé sekobeîebyri",True,lowercased
292,linha delgada para coser,linha delgada para coser,inimbó'i,False,
293,Não acato essa sua boa lei,não acato essa sua boa lei,N'aîari kó sekó-angaturama,True,lowercased
294,Que acabem logo meus afazeres,que acabem logo meus afazeres,T'osyk esapy'a xe rekó,True,lowercased
295,Visitando o interior de todas as ocas,visitando o interior de todas as ocas,Opá okybỹnha supa,True,lowercased
296,Hoje mesmo,hoje mesmo,Kori é,True,lowercased
297,em abrigo,em abrigo,ãme,False,
298,E todas as coisas futuramente queimarão?,e todas as coisas futuramente queimarão?,A'epe opá irã mba'e kaîne?,True,lowercased
299,Eu tenho secura na garganta,eu tenho secura na garganta,Xe aseó-tining,True,lowercased
300,"Amam-se muito, por dever, os que se casaram?","amam-se muito, por dever, os que se casaram?",Oîoaûsu-katupe amẽ oîopopysykyba'epûera?,True,lowercased
301,"Ah, eu sou muito miserável após me entregar para o diabo!","ah, eu sou muito miserável após me entregar para o diabo!",Xe poreaûsubetekatu Anhanga supé xe nheme'eng'iré mã!,True,lowercased
302,Mentiras levantam,mentiras levantam,Mo'ema kó omopu'ã,True,lowercased
303,"Imediatamente, água e sangue dele vazaram, escorrendo","imediatamente, água e sangue dele vazaram, escorrendo","Aûnhenhẽ 'y sugûy abé i xuí i 'emi, osyryka",True,lowercased
304,"Estava longe tua lembrança das coisas, estando a devanear?","estava longe tua lembrança das coisas, estando a devanear?",Oîkó kûepe mba'e resé nde ma'enduara enhemongetábo ekupa?,True,lowercased
305,Eu estou ficando pensativo,eu estou ficando pensativo,Apyk gûitekóbo,True,lowercased
306,o que eu tomo,o que eu tomo,xe remiîara,False,
307,Vôo como este vento,vôo como este vento,Abebé kó ybytu îá,True,lowercased
308,"Tu tens olhos concupiscentes, olhando para alguém?","tu tens olhos concupiscentes, olhando para alguém?",Nde resá-poropotápe amõ resé ema'ẽmo?,True,lowercased
309,Por isso mesmo todos os homens ficarão pálidos de aflição,por isso mesmo todos os homens ficarão pálidos de aflição,Nd'e'i te'e opá abá robaîubamo tekotebẽ suíne,True,lowercased
310,Desconjuntei-me o pé,desconjuntei-me o pé,Aîepy-mongaraû,True,lowercased
311,Carpi,carpi,Akapir,True,lowercased
312,Tiveste relações sexuais com uma mulher casada?,tiveste relações sexuais com uma mulher casada?,Ereîkópe kunhã-mendara resé?,True,lowercased
313,Não te denunciarei,não te denunciarei,Nd'oromombe'uî xóne,True,lowercased
314,"Nas minhas mãos, somente, levei-as","nas minhas mãos, somente, levei-as",Xe pópe nhote arasó,True,lowercased
315,Era muito grande Por isso mesmo ficava caindo com ela,era muito grande por isso mesmo ficava caindo com ela,Turusukatu Nd'e'i te'e sero'a-ro'a,True,lowercased
316,cerca feita de ramas,cerca feita de ramas,ybyrá-pokanga,False,
317,Fizeste tua companheira uma prostituta?,fizeste tua companheira uma prostituta?,Ereîmosugûaraîype nde rapixarĩ?,True,lowercased
318,Roço a mata,roço a mata,Aka'agûyrok,True,lowercased
319,Apaga o fogo,apaga o fogo,Emogûeb tatá,True,lowercased
320,"rio acima, a montante","rio acima, a montante",y-anhangoty,False,
321,calos dos pés,calos dos pés,mby piru'a,False,
322,"a sem-filhos, a fêmea estéril","a sem-filhos, a fêmea estéril",membyre'yma,False,
323,Tomaste-o depois de comer ou depois de engolir alguma coisa?,tomaste-o depois de comer ou depois de engolir alguma coisa?,Ereîápe nde mba'e 'u roîré koîpó mba'e amõ mokon'iré?,True,lowercased
324,"Tu me alegras muito, narrando assim os fatos","tu me alegras muito, narrando assim os fatos","Xe moory-katu îepé, inã tekó mombegûabo",True,lowercased
325,Hei de comer seus miolos,hei de comer seus miolos,I aputu'uma t'a'u,True,lowercased
326,Matamo-nos um ao outro,matamo-nos um ao outro,Oroîoîuká,True,lowercased
327,Aproxima-se minha ida,aproxima-se minha ida,Okakar xe sorama,True,lowercased
328,Em sua própria casa o desejo sensual consentindo,em sua própria casa o desejo sensual consentindo,Og okype îopotara repîakĩamo,True,lowercased
329,"Depressa, arrastam-me fortemente","depressa, arrastam-me fortemente","Taûîé, xe rekyî-atã",True,lowercased
330,Acende o fogo,acende o fogo,Emoendy tatá,True,lowercased
331,O que tem relações sexuais com uma solteira transgride muito a palavra de Deus,o que tem relações sexuais com uma solteira transgride muito a palavra de deus,Mene'yma resé oîkoba'e oîaby-eté Tupã nhe'enga,True,lowercased
332,"Aonde chegaram com Nosso Senhor, enfim?","aonde chegaram com nosso senhor, enfim?",Mamõpe ybŷá Îandé Îara rerobasemi ko'yté?,True,lowercased
333,melado ou mel de cana-de-açúcar,melado ou mel de cana-de-açúcar,u'ubae'ẽ eíra,False,
334,"Ainda, ainda me odeia fulano","ainda, ainda me odeia fulano",A'é byter aîpó gûi'îabo - Ainda digo isso E'i byté-byterĩ ahẽ xe amotare'yma,True,lowercased
335,Vê minha doença para que te compadeças de minha alma,vê minha doença para que te compadeças de minha alma,Esepîak xe mara'ara t'eresaûsubar xe 'anga,True,lowercased
336,Essa fez assim,essa fez assim,Emonã ûĩ sekóû,True,lowercased
337,Eis que aqui estou para te procurar,eis que aqui estou para te procurar,Kó xe rekóû nde reká,True,lowercased
338,Brilhou formosamente,brilhou formosamente,Oberab-aysó,True,lowercased
339,"Contando-o, digo-o e desdigo-o","contando-o, digo-o e desdigo-o",Arekorekó i mombegûabo,True,lowercased
340,"Nossa companheira de guerras, causa de nossa bravura","nossa companheira de guerras, causa de nossa bravura","Îandé maranirũ, îandé abaîtéba",True,lowercased
341,Meto-o pelo pescoço,meto-o pelo pescoço,Aîmondeb o aîurybo,True,lowercased
342,os que andam pelo caminho,os que andam pelo caminho,pé rupi ogûataba'e,False,
343,Estraguei-a,estraguei-a,Aîmoaikatu,True,lowercased
344,"Oh, então assim é, na verdade!","oh, então assim é, na verdade!","Tó, inã îepé ra'e!",True,lowercased
345,"Pão celestial, comida dos anjos","pão celestial, comida dos anjos","Miapé-ybakygûara, apŷabebé remi'u",True,lowercased
346,Oxalá ele viesse!,oxalá ele viesse!,Our be'ĩmo mã!,True,lowercased
347,Todos vão em procissão,todos vão em procissão,Opabenhẽ gûá sóû îebyîebybo,True,lowercased
348,Eu tinha-me esquecido por causa da muita aflição,eu tinha-me esquecido por causa da muita aflição,Xe resaraî tekotebẽ-eté suí!,True,lowercased
349,ficando a confundir as pessoas,ficando a confundir as pessoas,o poromonã-monana,False,
350,A vida eterna que eles terão no céu é a que mudará?,a vida eterna que eles terão no céu é a que mudará?,Oîekûabokyba'eramape tekopuku ybakype semierekorama?,True,lowercased
351,A segunda (virtude) dele é a satisfação dos cônjuges,a segunda dele é a satisfação dos cônjuges,I momokõîndûara mendara moîekosupaba,True,parentheses_removed | lowercased | whitespace_collapsed
352,De cada um de vós o Senhor Deus encarregou um anjo,de cada um de vós o senhor deus encarregou um anjo,Pe îabi'õ Pa'i Tupã karaibebé moingóû,True,lowercased
353,"Que sejamos corajosos, sim, suportando as coisas dolorosas como tu","que sejamos corajosos, sim, suportando as coisas dolorosas como tu","T'oré pyatã, angá, mba'easy porarábo nde îá",True,lowercased
354,Por isso mesmo quiseram igualar-se todos a seu criador?,por isso mesmo quiseram igualar-se todos a seu criador?,Nd'e'i te'e serã oîemoîoîá-pá-potá o monhangara resé?,True,lowercased
355,"Leva minha alma que te ama, fazendo-a subir contigo","leva minha alma que te ama, fazendo-a subir contigo",Xe 'anga nde raûsupara erasó seroîeupi,True,lowercased
356,folha tenra,folha tenra,sokyra,False,
357,A causa de fuga do diabo é a água benta,a causa de fuga do diabo é a água benta,Anhanga nhegûasembaba 'ykaraíba,True,lowercased
358,enfeites do rosto,enfeites do rosto,tobá posanga,False,
359,Ele o faz em muito tempo,ele o faz em muito tempo,E'i ymuanĩ ahẽ i monhanga,True,lowercased
360,"Tomou-o como substituto de Judas, que entregara Deus-Filho","tomou-o como substituto de judas, que entregara deus-filho",Îudas Tupã Ta'yra me'engarûera rekobîaramo tari,True,lowercased
361,"Em dois dias e no tempo de se fazer o terceiro, voltou a viver","em dois dias e no tempo de se fazer o terceiro, voltou a viver",Ara mokõî i momosapysaba pupé o ekobeîebyri,True,lowercased
362,"Tinha também fome, tinha também sede como nós?","tinha também fome, tinha também sede como nós?","I ambyasy bépe, i 'useî bépe asé îabé?",True,lowercased
363,Vem para o meu lado!,vem para o meu lado!,Eîori xe posé,True,lowercased
364,Não ia para o céu outrora a alma de nenhum homem?,não ia para o céu outrora a alma de nenhum homem?,Abá 'angûera amõ soe'ymi ybakype erimba'e?,True,lowercased
365,"Ah, que bom seria a morte do fulano por aí!","ah, que bom seria a morte do fulano por aí!",Marãîasûaramo ahẽ kûepe se'õ mã!,True,lowercased
366,"Eis que percebendo isso, deixei ontem minha casa","eis que percebendo isso, deixei ontem minha casa","Kó anga andupa, aseîá kûesé xe roka",True,lowercased
367,"do lado de fora dele (pex, de um vaso, de algo que tenha lado interior e exterior)",do lado de fora dele,i apé koty,True,parentheses_removed | trimmed
368,Sua mãe nem sequer sangrou,sua mãe nem sequer sangrou,I xy na sugûyî tiruã,True,lowercased
369,"Não há ali choro, não há doença, não há fome, sede também não há","não há ali choro, não há doença, não há fome, sede também não há","N'i tybi a'epe îase'o, mba'easy n'i tybi, n'i tybi ambyasy, 'useîa bé n'i tybi",True,lowercased
370,coisas que costuma sofrer,coisas que costuma sofrer,mba'e o emimboraratyba,False,
371,"ambas estas mãos, o número dez","ambas estas mãos, o número dez",opá kó mbó,False,
372,Pus as bordas dela,pus as bordas dela,Asembe'y-rung,True,lowercased
373,Fi-lo emagrecer,fi-lo emagrecer,Aîmoangaîbar,True,lowercased
374,Vivo retirando-as [quando são muitas coisas],vivo retirando-as,Anosẽ-sem,True,brackets_removed | lowercased | trimmed
375,mentira),mentira),temo'ema,False,
376,"Vinde, levai os malditos, erguendo-os para sapecá-los em nosso fogo, moqueando-os","vinde, levai os malditos, erguendo-os para sapecá-los em nosso fogo, moqueando-os","Peîori, perasó muru, supi îandé ratápe sapeka, i monga'ẽmo",True,lowercased
377,Foste traidor de tua esposa?,foste traidor de tua esposa?,Eremondarõpe nde remirekó suí?,True,lowercased
378,"São famosos esses moçacaras, que são uns beberrões","são famosos esses moçacaras, que são uns beberrões","Serapûan kó mosakara, i kaûĩgûasuba'e",True,lowercased
379,Por acaso trouxeste muitas coisas?,por acaso trouxeste muitas coisas?,Ereruretá serã?,True,lowercased
380,Eu estou-me amancebando,eu estou-me amancebando,Xe agûasá gûitekóbo,True,lowercased
381,Deleita-me muito,deleita-me muito,Xe moapysy-katu,True,lowercased
382,canavial,canavial,takûare'ẽ-ndyba,False,
383,"Que sejamos corajosos, sim, suportando as coisas dolorosas","que sejamos corajosos, sim, suportando as coisas dolorosas","T'oré pyatã, angá, mba'easy porarábo",True,lowercased
384,"água cheia grande, maré alta","água cheia grande, maré alta",ty-apogûasu,False,
385,Eu sou preto,eu sou preto,Xe run,True,lowercased
386,Rodeei-o,rodeei-o,Anhaman,True,lowercased
387,Veio um grande chefe de longe para te procurar,veio um grande chefe de longe para te procurar,Oú tubixá-katu mamõ suí nde reká,True,lowercased
388,Todos os seus discípulos para tuas mãos fazendo passar,todos os seus discípulos para tuas mãos fazendo passar,Opá o boîá nde pópe i mongûapa,True,lowercased
389,Fica! Somente quando bebes cauim tu queres ser valente? Palermão! Centopéia!,fica! somente quando bebes cauim tu queres ser valente? palermão! centopéia!,Epytá! Kagûápe nhõ nde ratãngatu-potá? Manemusu! Ambu'a!,True,lowercased
390,Eu sou ciumento,eu sou ciumento,Xe rygûyrõbor,True,lowercased
391,"Assim, na verdade, eu determinei","assim, na verdade, eu determinei",Emonã nakó xe rekopotari,True,lowercased
392,forno para potes,forno para potes,kamusi rapŷaba,False,
393,Invocam as mulheres o pajé Caruara,invocam as mulheres o pajé caruara,Osekyî kunhã maîé Karûara,True,lowercased
394,Querendo o abrandamento de nossa doença,querendo o abrandamento de nossa doença,Asé mba'easy arybé potá,True,lowercased
395,Ajudaste alguém num roubo?,ajudaste alguém num roubo?,Ereîpytybõpe abá mondá resé?,True,lowercased
396,"Sim, eis aqui também minhas garras","sim, eis aqui também minhas garras","Îé, kó bé xe pûãpẽ",True,lowercased
397,Fá-lo sofrer o frio,fá-lo sofrer o frio,Îaîmomboreaûsu ro'y,True,lowercased
398,"Logo, decerto, passarás no lugar em que moro","logo, decerto, passarás no lugar em que moro",Koromõ ipó eregûatá xe rekoápe,True,lowercased
399,Mataste?,mataste?,Ereîukápe?,True,lowercased
400,"Se pôr a mão neste nosso fogo é terrível, tanto mais ali é terrível queimarem-se os homens eternamente","se pôr a mão neste nosso fogo é terrível, tanto mais ali é terrível queimarem-se os homens eternamente","Ikó îandé ratá pupé asé po'ẽma biã iî abaeté, memetaé a'epe aûîeramanhẽ abá kaîa o abaetéramo",True,lowercased
401,o que é felpudo,o que é felpudo,i îatyrá-tyraba'e,False,
402,Ali atacando as moças,ali atacando as moças,A'epe kunhãmuku repenhana,True,lowercased
403,"Ó minha mãe! (Fig, Arte, 9) [Usava-se também por quem respondia",ó minha mãe!,Xe sy îu!,True,brackets_removed | parentheses_removed | lowercased | whitespace_collapsed | trimmed
404,Amo-o (mas nem por isso ele me ama),amo-o,Asaûsu biã,True,parentheses_removed | lowercased | trimmed
405,Vê tu a variedade de coisas,vê tu a variedade de coisas,Esepîak tekó paraba,True,lowercased
406,"Como quando olhais para o céu, vedes sua beleza","como quando olhais para o céu, vedes sua beleza","Pema'ẽ rame'ĩ ybaka resé, pesepîak i poranga",True,lowercased
407,meu pensamento,meu pensamento,xe 'anga,False,
408,Sua muita bondade engrandecendo,sua muita bondade engrandecendo,I angaturãngatu moeburusûabo,True,lowercased
409,Não cessam suas palavras duras,não cessam suas palavras duras,N'opyki i nhe'engatã,True,lowercased
410,Semelhante a que coisa era o suor dele?,semelhante a que coisa era o suor dele?,Mba'e abyare'ymape syaîa?,True,lowercased
411,Não tendo nojo de mim,não tendo nojo de mim,Xe suí oîegûarue'yma,True,lowercased
412,Aquecendo-se perto do fogo,aquecendo-se perto do fogo,Tatá ypype oîepegûabo,True,lowercased
413,"Vinde, levai os malditos, erguendo-os, para sapecá-los em nosso fogo","vinde, levai os malditos, erguendo-os, para sapecá-los em nosso fogo","Peîori, perasó muru, supi, îandé ratápe sapeka",True,lowercased
414,o miolo dele,o miolo dele,i apytera,False,
415,Eu sou libertina,eu sou libertina,Xe resaeté,True,lowercased
416,A chuva ficava amanhecendo a cair,a chuva ficava amanhecendo a cair,Oky-ko'ẽ-ko'ẽ amana,True,lowercased
417,A crença na dança enche os corações deles,a crença na dança enche os corações deles,Moraseîa rerobîara i py'a îaîporaká,True,lowercased
418,"Eu sou o alegre Ibitirapé, do topo da montanha","eu sou o alegre ibitirapé, do topo da montanha","Xe rory Ybytyrapé, ybytyrapûá suí",True,lowercased
419,Finalmente ele vem,finalmente ele vem,Rumby ahẽ oú ko'yté,True,lowercased
420,"Eu tenho propensão a esquecer, eu sou esquecidiço","eu tenho propensão a esquecer, eu sou esquecidiço",Xe resaraî-potar,True,lowercased
421,"Até mesmo seus ossinhos a gente cultua, tendo-os no pescoço","até mesmo seus ossinhos a gente cultua, tendo-os no pescoço","Asé i kangûerĩ tiruã momba'etéû, o aîuri serekóbo",True,lowercased
422,Piorou muito a dor de minha cabeça,piorou muito a dor de minha cabeça,Oîerekoaíbeté xe akanga rasy xe suí,True,lowercased
423,Eu sou semelhante aos selvagens,eu sou semelhante aos selvagens,Xe rapixá saraûaîa,True,lowercased
424,bico de pássaro fora do corpo,bico de pássaro fora do corpo,tĩmbûera,False,
425,"Eu não tenho boca sossegada (isto é, eu sou comilão)",eu não tenho boca sossegada,Na xe îuru-pyki,True,parentheses_removed | lowercased | trimmed
426,"filho bastardo, filho do amante","filho bastardo, filho do amante",agûasá membyra,False,
427,"o que é de antigamente, o que é antigo","o que é de antigamente, o que é antigo",kûesenhe'ỹndarûera,False,
428,Hei de comer seus miolos,hei de comer seus miolos,I 'aputu'uma t'a'u,True,lowercased
429,Será que amais vosso salvador?,será que amais vosso salvador?,Pesaûsu ra'upe pe pysyrõana?,True,lowercased
430,nesta semana,nesta semana,kó semana pupé,False,
431,Não são poucos,não são poucos,Na mboby ruã,True,lowercased
432,Fazendo as pessoas beberem cauim ou dando-lhes de beber,fazendo as pessoas beberem cauim ou dando-lhes de beber,Abá mongagûabo koîpó se'yma,True,lowercased
433,"Na verdade hei de me enfeitar, pintando-me de preto","na verdade hei de me enfeitar, pintando-me de preto",Aûîeté-pakó aîegûak ûinhemoúna,True,lowercased
434,"Na verdade, três vezes negarás ser meu discípulo antes de o galo cantar duas vezes","na verdade, três vezes negarás ser meu discípulo antes de o galo cantar duas vezes",Mosapy ipó xe boîáramo nde rekó ereîkuakub mokõî gûyrá sapukaî' e'ymebéne,True,lowercased
435,por aqui,por aqui,kóbo,False,
436,"Embora vos tivésseis esforçado, estivestes deitados só pouco tempo junto a mim, não dormindo","embora vos tivésseis esforçado, estivestes deitados só pouco tempo junto a mim, não dormindo","Pesa'ang îepé peuî korite'ĩ nhõte xe pyri, pekere'yma",True,lowercased
437,Empurra-o para seu fogo,empurra-o para seu fogo,Oîmoanhã satápe,True,lowercased
438,Bem de acordo com as palavras do chefe dos cristãos,bem de acordo com as palavras do chefe dos cristãos,Cristãos rubixaba nhe'enga rupi é,True,lowercased
439,Muito a propósito a gente comemorará bem esse dia,muito a propósito a gente comemorará bem esse dia,A'eboé ebokûé 'ara asé oîmoeté-katune,True,lowercased
440,Eu estou feliz por causa de tua ida,eu estou feliz por causa de tua ida,Xe roryb nde só resé,True,lowercased
441,Entrei para estar fundeado,entrei para estar fundeado,Aîké gûitupa,True,lowercased
442,"Daqui, certamente, passou para a Índia, terra dos indianos","daqui, certamente, passou para a índia, terra dos indianos",Ké suí serã i asabi India tapyîtinga retãme,True,lowercased
443,"Tu, em teus braços, Jesus ergueste","tu, em teus braços, jesus ergueste","Endé, nde îybápe, Îesu eresupi",True,lowercased
444,"Eis que era famosa, certamente, a bela vida de Maria","eis que era famosa, certamente, a bela vida de maria","Anhẽté, kó serapûan Maria rekó-poranga",True,lowercased
445,"Esbofeteei suas mãos (isto é, bati-lhe com palmatória)",esbofeteei suas mãos,Aîpó-petek,True,parentheses_removed | lowercased | trimmed
446,Eu tenho azia,eu tenho azia,Xe pusu'umukaî,True,lowercased
447,Compadeci-me dele,compadeci-me dele,Aîmomboreaûsub,True,lowercased
448,"o que é totalmente conhecido, coisa notória por fama","o que é totalmente conhecido, coisa notória por fama",i kugûabypypabẽ,False,
449,Todos os impedimentos do casamento já mencionei,todos os impedimentos do casamento já mencionei,Opá mendara moarûapaba aîmombe'u ymã,True,lowercased
450,"Por isso mesmo repreendeu a seu companheiro, desagravando-o","por isso mesmo repreendeu a seu companheiro, desagravando-o","Nd'e'i te'e o apixara akakapa, sepyka",True,lowercased
451,à medida do que havia delas,à medida do que havia delas,i îaîbeĩîé,False,
452,"Eis aqui meus chifrões, meus dentes Sim, eis aqui também minhas garras","eis aqui meus chifrões, meus dentes sim, eis aqui também minhas garras","Kó xe 'akusu, xe ranha Îé, kó bé xe pûapẽ",True,lowercased
453,"A gente diz ""quinhão de Deus"" para aquilo que é dado?","a gente diz ""quinhão de deus"" para aquilo que é dado?","Asé aîpó i me'engymbyra supé ""Tupã potaba"" i 'éû?",True,lowercased
454,Ambos tremerão hoje,ambos tremerão hoje,Mokõîbé osyî kori,True,lowercased
455,Por seus rastros é que vamos,por seus rastros é que vamos,Sakypûera rupi é îasó,True,lowercased
456,Que Deus te coloque nas alturas como sua própria filha,que deus te coloque nas alturas como sua própria filha,T'e'i Tupã nde moingóbo o aîyramo ybaté,True,lowercased
457,Hei de me embebedar para perder o juízo,hei de me embebedar para perder o juízo,T'asabeypóne 'ara mokanhema,True,lowercased
458,"Mais tarde, antes de se fazer matar por nós, tomou o pão em suas mãos","mais tarde, antes de se fazer matar por nós, tomou o pão em suas mãos",Oîrã îandé resé o îeîuká-ukar-y îanondé miapé rari o pópe,True,lowercased
459,"Ah, é muito bonito o menino que poderia ser um escravozinho!","ah, é muito bonito o menino que poderia ser um escravozinho!","I porangeté kunumĩ, miaûsubambûerĩ mã!",True,lowercased
460,Não doutro modo eles me combaterão,não doutro modo eles me combaterão,Na marandé ruã i pokoki xe rine,True,lowercased
461,"O que não honra a Deus, seu verdadeiro criador","o que não honra a deus, seu verdadeiro criador",Tupã o monhangareté moetesare'yma,True,lowercased
462,"Tu mesmo és causa de teu dano, querendo revirar minha casa","tu mesmo és causa de teu dano, querendo revirar minha casa",Endé aé ereîekûá xe roka pobu-potá,True,lowercased
463,"E as grávidas ao quererem beber água, que acontece?","e as grávidas ao quererem beber água, que acontece?",A'epe muru'apora 'y 'useîtápe marã?,True,lowercased
464,Que ele me leve para seu lugar de felicidade,que ele me leve para seu lugar de felicidade,Ta xe rerasó og orypápe,True,lowercased
465,Para o padre contá-lo-á para que o anuncie na igreja,para o padre contá-lo-á para que o anuncie na igreja,Abaré supé i mombe'uû Tupãokype seronhe'engaûama rine,True,lowercased
466,Vai fartando a mim (a comida),vai fartando a mim,Seby-sebykĩ ixébo,True,parentheses_removed | lowercased | trimmed
467,Eu sou médio,eu sou médio,Xe reburusu nhote,True,lowercased
468,Estiro-me,estiro-me,Aîetu'u,True,lowercased
469,A multidão de nós afastando,a multidão de nós afastando,Îandé retá îandé pe'abo,True,lowercased
470,Venho não tendo a intenção de que me alimentem,venho não tendo a intenção de que me alimentem,Aîur ta xe poî na ûi'îabo ruã,True,lowercased
471,"Fez-nos viver, sofrendo a morte","fez-nos viver, sofrendo a morte","Îandé moingobé, te'õ porarábo",True,lowercased
472,os habitantes do céu,os habitantes do céu,ybakygûara,False,
473,"Depois de querer vê-lo, em vão, desde muito tempo atrás","depois de querer vê-lo, em vão, desde muito tempo atrás",Kûesenhe'ym bé sepîá-potá tenhẽ roîré,True,lowercased
474,Grande é meu cansaço,grande é meu cansaço,Turusu xe kane'õ,True,lowercased
475,instrumento de fender lenha,instrumento de fender lenha,îepe'a-mobokaba,False,
476,Por acaso não chegava seu segundo braço ao lugar de irem os pregos?,por acaso não chegava seu segundo braço ao lugar de irem os pregos?,Ogûatá îepé serã i îybá mokõîa itapygûá soarama resé?,True,lowercased
477,Também não se mostra digno aquele excomungado mesquinho de ouvir a missa,também não se mostra digno aquele excomungado mesquinho de ouvir a missa,Nd'e'ikatu béî aîpó i pe'apyra'uba missa renduba resé,True,lowercased
478,"Como meus súditos, todos em minhas mãos tenho-os bem","como meus súditos, todos em minhas mãos tenho-os bem",Xe boîáramo pabẽ xe pópe arekó-katu,True,lowercased
479,"Não tendes ouvidos, como de costume, confundindo esta aldeia","não tendes ouvidos, como de costume, confundindo esta aldeia","Na pe apysáî, îandu, ikó taba apamonana",True,lowercased
480,Todas as línguas dos homens por aí afora fê-los conhecer?,todas as línguas dos homens por aí afora fê-los conhecer?,Opakatupe kûeîpe abá nhe'enga kuabukari i xupé?,True,lowercased
481,Mas não porá a gente a mão na boca para desgrudá-la?,mas não porá a gente a mão na boca para desgrudá-la?,Nd'opo'ẽî xûé-tepe asé o îuru pupé i mbo'iragûama reséne?,True,lowercased
482,Vem novamente para curá-los todos!,vem novamente para curá-los todos!,Eîorino i mombûeîrá pá!,True,lowercased
483,O próprio Deus distinguiu o padre como seu substituto,o próprio deus distinguiu o padre como seu substituto,Tupã é abaré oîmoîa'ok gûekobîaramo,True,lowercased
484,"A noite toda não durmo, absolutamente","a noite toda não durmo, absolutamente",Pysaré n'aker-angáî,True,lowercased
485,abraçando a cintura de teu parceiro,abraçando a cintura de teu parceiro,nde rapixara ku'a îubana,False,
486,Como diz a gente antes de dormir?,como diz a gente antes de dormir?,Marã e'ipe asé o ké îanondé?,True,lowercased
487,Levamo-los uns atrás dos outros,levamo-los uns atrás dos outros,Oroerokûaka'ar,True,lowercased
488,ajuntamento de taquaruçu,ajuntamento de taquaruçu,takûarusu-tyba,False,
489,Segundo o julgamento de nós por Deus,segundo o julgamento de nós por deus,Tupã îandé rekomondykaba rupi,True,lowercased
490,Fecundei-a,fecundei-a,Aîmenõ,True,lowercased
491,Não o amo ainda,não o amo ainda,Nd'a'éî saûsupa ranhẽ,True,lowercased
492,Eu não sou grave nos meus atos,eu não sou grave nos meus atos,Na xe rekoposyî,True,lowercased
493,Pode a gente vê-lo aqui também?,pode a gente vê-lo aqui também?,E'ikatupe asé iké bé sepîaka?,True,lowercased
494,"Não sou diferente dele, pareço-me com ele","não sou diferente dele, pareço-me com ele",N'aîabyî,True,lowercased
495,Como será que estão minhas amantes?,como será que estão minhas amantes?,Marãngatupakó xe agûasá rekóû ri?,True,lowercased
496,"Levaram-no para um certo palácio, fazendo-o entrar, reunindo soldados fortes ali por sua causa","levaram-no para um certo palácio, fazendo-o entrar, reunindo soldados fortes ali por sua causa","Ogûerasó amõ okusupe seroîkŷabo, a'epe maranaritekoaratã reŷnhanga sesé",True,lowercased
497,Os que vivem para isso transgridem muito a lei,os que vivem para isso transgridem muito a lei,Ikoba'e resé tekoara oîaby-eté tekó,True,lowercased
498,Hei de reavivar a velha guerra,hei de reavivar a velha guerra,T'aîopũne marandûera,True,lowercased
499,Achegamo-nos um ao outro,achegamo-nos um ao outro,Oroîoerobyk,True,lowercased
500,Eu estou fendido,eu estou fendido,Xe îurubok,True,lowercased
501,Estou a latejar,estou a latejar,Nyn-nyng a'é,True,lowercased
502,Que ele se compadeça de mim,que ele se compadeça de mim,Ta xe raûsubar,True,lowercased
503,O próprio Pedro mandou-me fazer proceder assim,o próprio pedro mandou-me fazer proceder assim,Pedro aé emonã xe moingó-ukar,True,lowercased
504,Corto-lhe a pele,corto-lhe a pele,Aîpi-mondok,True,lowercased
505,No meio dos anjos fê-la subir,no meio dos anjos fê-la subir,Karaibebé pyterype supiri,True,lowercased
506,Eram compridas algumas cordas,eram compridas algumas cordas,Iîysapuku sama amõ,True,lowercased
507,Livra-nos tu dos que nos querem mal,livra-nos tu dos que nos querem mal,Oré pysyrõ îepé oré amotare'ymbara suí,True,lowercased
508,"Como ele, também, curaste os doentes","como ele, também, curaste os doentes",Supi bé eremombûeîrá mara'abora,True,lowercased
509,Eis meus chifrões,eis meus chifrões,Kó xe 'akusu,True,lowercased
510,Poluiu-se outrora teu filho por tu o desejares?,poluiu-se outrora teu filho por tu o desejares?,O'ẽpe erimba'e nde membyra nde i potasápe?,True,lowercased
511,Hei de cobrir-te,hei de cobrir-te,T'oropyk,True,lowercased
512,Eu estou cambaleando,eu estou cambaleando,Xe agûy-agûy,True,lowercased
513,nesta semana,nesta semana,kó somana pupé,False,
514,"cabelos muito arrepiados, grenha","cabelos muito arrepiados, grenha",a-tyrá-tyrá,False,
515,"Sim, eis aqui também minhas garras, meu rabo comprido","sim, eis aqui também minhas garras, meu rabo comprido","Îé, kó bé xe pûapẽ, xe rûaîpuku",True,lowercased
516,Todas as aldeias abrasou,todas as aldeias abrasou,Opabẽ taba mondyki,True,lowercased
517,Todos os seus discípulos para tuas mãos fazendo passar,todos os seus discípulos para tuas mãos fazendo passar,Opá o boîá nde pópe i mongûapa,True,lowercased
518,"Igualmente a morte está entre os moços e entre os velhos, não distante","igualmente a morte está entre os moços e entre os velhos, não distante","Oîoîá te'õ rekóû kunumĩgûasu suí tuîba'e suí bé, n'apûéî",True,lowercased
519,Para a aspersão de seu aposento e de seu próprio corpo,para a aspersão de seu aposento e de seu próprio corpo,O koty og o'o repyîagûama resé,True,lowercased
520,da mesma maneira,da mesma maneira,emonã bé,False,
521,Que esteja tudo o que está na terra segundo a tua vontade,que esteja tudo o que está na terra segundo a tua vontade,T'oîkó pabẽ ybypesûara nde remimotara rupi,True,lowercased
522,"A dança é que é boa, enfeitar-se, pintar-se de vermelho","a dança é que é boa, enfeitar-se, pintar-se de vermelho","Moraseîa é i katu, îegûaka, îemopyranga",True,lowercased
523,Como modo de espantar o diabo,como modo de espantar o diabo,Anhanga mondyîtabamo,True,lowercased
524,Dançaram a noite toda,dançaram a noite toda,Oporaseî pysaré,True,lowercased
525,Dormiu comigo,dormiu comigo,Xe posé i keri,True,lowercased
526,É muito belo teu nome,é muito belo teu nome,I porãngatu nde rera,True,lowercased
527,seu fechamento,seu fechamento,i 'o,False,
528,Eu estou cansado,eu estou cansado,Xe kane'õ,True,lowercased
529,vagem seca (pronta para ser colhida),vagem seca,Topé-tininga,True,parentheses_removed | trimmed
530,Eu tenho casca (de ferida) erguida,eu tenho casca erguida,Xe pé-bur,True,parentheses_removed | lowercased | whitespace_collapsed
531,Onde tu roubaste?,onde tu roubaste?,Umãmepe nde mondá?,True,lowercased
532,"Vem, espantando o diabo, para não nos vencer","vem, espantando o diabo, para não nos vencer","Îori, anhanga mondyîa, oré moaûîé suí!",True,lowercased
533,"Finjo que o levo, faço que o levo","finjo que o levo, faço que o levo",Arasó-rasó-a'ub,True,lowercased
534,"Assim como a gente reconhece o dia dos santos, do mesmo modo, também, até mesmo seus ossinhos a gente cultua, tendo-os no pescoço","assim como a gente reconhece o dia dos santos, do mesmo modo, também, até mesmo seus ossinhos a gente cultua, tendo-os no pescoço","Oîabo asé santos 'ara kuabi, oîabo bé asé i kangûerĩ tiruã momba'etéû, o aîuri serekóbo",True,lowercased
535,Antigamente estes habitantes da aldeia sob minhas mãos estavam,antigamente estes habitantes da aldeia sob minhas mãos estavam,Akûeîme kó tabygûara xe pó gûyrybo sekóû,True,lowercased
536,Ponho-os um(s) diante do(s) outro(s),ponho-os um diante do outro,Aîmoîobaîxûar,True,parentheses_removed | lowercased
537,A noite não perceberemos,a noite não perceberemos,Putuna nd'îaîandubi xûéne,True,lowercased
538,"Vinde para comer a criança, o cuidado de Deus","vinde para comer a criança, o cuidado de deus","Peîori pitanga gûabo, Tupana resaetá",True,lowercased
539,"corda de panacu, a que vai pela cabeça daquele que o leva","corda de panacu, a que vai pela cabeça daquele que o leva",panakũ-sama,False,
540,"Viram somente muitas chamas, parecidas com as línguas da gente","viram somente muitas chamas, parecidas com as línguas da gente","Tataendy-etá, asé apekũ abŷare'yma anhõ osepîak",True,lowercased
541,fibras muito grossas,fibras muito grossas,pó-anamusu,False,
542,Em terra não os fazendo transformar,em terra não os fazendo transformar,Ybyramo i moingó-ukare'yma,True,lowercased
543,"Ó! Isso não seria possível contar, ainda que o sol se pusesse!","ó! isso não seria possível contar, ainda que o sol se pusesse!","Tó! Aîpó n'i papasabi, kûarasymo oîké îepémo!",True,lowercased
544,"Do nada fez nossa alma, com sua palavra é que ele a fez","do nada fez nossa alma, com sua palavra é que ele a fez","Nama'eruã oîmonhang asé 'angamo, o nhe'enga pupé é i monhangi",True,lowercased
545,Que fuja o diabo dele,que fuja o diabo dele,T'onhegûasem Anhanga i xuí,True,lowercased
546,rio dos robalos,rio dos robalos,kamuri-'y,False,
547,"Estava ele despido, sem mais, em público?","estava ele despido, sem mais, em público?",Ikatupe nhẽpe sekóû te'yîpe?,True,lowercased
548,Ali ias por ocasião dos feriados,ali ias por ocasião dos feriados,A'epe 'aretéreme eresó,True,lowercased
549,Em minhas mãos bem os tenho,em minhas mãos bem os tenho,Xe pópe arekó-katu,True,lowercased
550,"Mesmo vingando-se dos que o maltratam, o homem transgride a palavra de Deus?","mesmo vingando-se dos que o maltratam, o homem transgride a palavra de deus?",-Ogûerekomemûãsara resé oîepyka tiruãpe abá Tupã nhe'enga abyû?,True,lowercased
551,o que está no pote,o que está no pote,kamusi pora,False,
552,este outro (e não ele),este outro,kó-te,True,parentheses_removed | trimmed
553,"Os cristãos, na verdade, não pecam pouco","os cristãos, na verdade, não pecam pouco","Karaíba, ipó, n'oîkoangaîpá-pyrybi",True,lowercased
554,Foi agora de primeira vez,foi agora de primeira vez,Aramõ,True,lowercased
555,Tinjo-o de vermelho (com urucu),tinjo-o de vermelho,Aîpitu-pyrang,True,parentheses_removed | lowercased | trimmed
556,sofrendo a fome e a sede,sofrendo a fome e a sede,"ambyasy, 'useîa porarábo",False,
557,"Dançaram a noite toda, fazendo feitiçarias","dançaram a noite toda, fazendo feitiçarias","Oporaseî pysaré, oîemopaîeangaípa",True,lowercased
558,muitíssimo rechonchudo,muitíssimo rechonchudo,asangusugûasu,False,
559,Já se juntaram por causa disso as velhas e os velhos,já se juntaram por causa disso as velhas e os velhos,Onheŷnhang umã sesé gûaîbĩ tuîba'e abé,True,lowercased
560,Meu filho que mama,meu filho que mama,Xe membykambu,True,lowercased
561,nosso pai verdadeiro,nosso pai verdadeiro,îandé rubeté,False,
562,Enfileirei-os,enfileirei-os,Aîmoysyrung,True,lowercased
563,Não,não,-Oîporará bépe mba'e amõ a'epe oîkóbone? -Aani xûéne - Sofrerão ainda alguma coisa aí vivendo?,True,lowercased
564,Fazendo Deus descer consigo do céu,fazendo deus descer consigo do céu,Tupã reroîypa ybaka suí,True,lowercased
565,Vou à caça,vou à caça,Ka'abo asó,True,lowercased
566,"Ando à caça (lit, estou pelas matas)",ando à caça,Ka'abo aîkó,True,parentheses_removed | lowercased | trimmed
567,"Estamo-nos espalhando (isto é, andando espalhados)",estamo-nos espalhando,Oronhemosasãî oroîkóbo,True,parentheses_removed | lowercased | trimmed
568,"Eu sou um guará-guaçu, uma onça","eu sou um guará-guaçu, uma onça","Xe agûaragûasu, îagûara",True,lowercased
569,"Deus deu, então, determinações para nosso pai primeiro?","deus deu, então, determinações para nosso pai primeiro?",Osekomonhangype a'ereme Tupã îandé rubypy?,True,lowercased
570,"E suas velhas roupas, que fizeram com elas?","e suas velhas roupas, que fizeram com elas?",I aogûerape marã serekóû?,True,lowercased
571,"Como a esses, mato os que costumam pecar","como a esses, mato os que costumam pecar","Anga îá, angaîpabora aîuká",True,lowercased
572,"Mostrando-o aos judeus, querendo fazê-lo ir, sem mais","mostrando-o aos judeus, querendo fazê-lo ir, sem mais","Îudeus supé sepîakuká, i mondó-nhẽ-motá",True,lowercased
573,Honra teu pai e tua mãe,honra teu pai e tua mãe,Eîmoeté nde ruba nde sy abé,True,lowercased
574,O oposto do comer demais é comer somente o suficiente,o oposto do comer demais é comer somente o suficiente,Mba'e 'u-eté-eté robaîara oîá nhote mba'e 'u,True,lowercased
575,chifre de boi,chifre de boi,tapi'irusu 'aka,False,
576,"Um ou outro, porventura, foi mau, às vezes","um ou outro, porventura, foi mau, às vezes","Oîepé-ĩombé, nipó, i angaîpab amõme é",True,lowercased
577,Num dia semelhante a este,num dia semelhante a este,Kó 'ara nungara pupé,True,lowercased
578,Feri-o,feri-o,Aîkutuk,True,lowercased
579,de que parte? (mais específico que donde?),de que parte?,mamõ-ngoty suí?,True,parentheses_removed | trimmed
580,Hei de louvar muito meu pai,hei de louvar muito meu pai,Aîmoeté-katupe xe ruba ká,True,lowercased
581,Hoje mesmo havemos de fazê-lo sumir,hoje mesmo havemos de fazê-lo sumir,Kori bé t'i mokanhẽ,True,lowercased
582,Estava nascendo sem ela se desvirginar,estava nascendo sem ela se desvirginar,I puke'ỹme nhẽ o'a oúpa,True,lowercased
583,Fundei uma aldeia,fundei uma aldeia,Atabypyrung,True,lowercased
584,Constantemente,constantemente,-Mba'e-mba'eremepe asé îeruréû i xupé? -Îepi nhẽ - Em que ocasiões a gente reza para eles?,True,lowercased
585,No transcorrer de quatro gerações,no transcorrer de quatro gerações,Oîoirundyk îeapyká sykápe,True,lowercased
586,Filho de quem és tu?,filho de quem és tu?,Abá ra'yrape nde?,True,lowercased
587,Esforço-me muito,esforço-me muito,Anhemoatãngatu,True,lowercased
588,Inchei,inchei,Abur,True,lowercased
589,"Por te fazer trabalhar um homem branco, trabalhaste num dia que deve ser guardado?","por te fazer trabalhar um homem branco, trabalhaste num dia que deve ser guardado?","Karaíba nde moporabykŷápe, ereporabykype 'ara i momba'etepyra pupé?",True,lowercased
590,Derrubei as folhas dela,derrubei as folhas dela,Aîmonguî soba,True,lowercased
591,Pus-lhe touca,pus-lhe touca,Aîakangaó-rung,True,lowercased
592,"Iria a gente para o céu ao batizar-se, sem mais?","iria a gente para o céu ao batizar-se, sem mais?",Osó nhẽmope asé ybakype o nhemongaraibireme?,True,lowercased
593,O resto de minhas presas trouxe para a rainha,o resto de minhas presas trouxe para a rainha,Xe rembiara rembyrûera arurĩ reîa supé,True,lowercased
594,o que vai,o que vai,osoba'e,False,
595,"Os temiminós de dia confessam seus pecadilhos, somente","os temiminós de dia confessam seus pecadilhos, somente",Temiminõ 'arybo nhẽ oîmombe'u o angaîpá-mirĩ anhõ,True,lowercased
596,"outro dia, já não agora","outro dia, já não agora",irã é irã,False,
597,Quero muito mesmo todas as aldeias destruir,quero muito mesmo todas as aldeias destruir,Aîpotá-katutenhẽ opabĩ taba mondyka,True,lowercased
598,"o que é viúvo, o viúvo","o que é viúvo, o viúvo",seremirekoe'õba'e,False,
599,"Eia, afasta-me depressa!","eia, afasta-me depressa!",Ne'ĩ taûîé xe reîyîa!,True,lowercased
600,"Hei de ir para onde me mandam Mesmo porque eu, por vontade, assim quero fazer","hei de ir para onde me mandam mesmo porque eu, por vontade, assim quero fazer","Îé t'asóne xe mondoápe Memeté ixé, xe py'ape, emonã tekó potá",True,lowercased
601,"Hei de dar ovas de peixe para ti, retribuindo","hei de dar ovas de peixe para ti, retribuindo","T'ame'ẽne pirá ruba endébo, ûiîepyme'enga",True,lowercased
602,Deseja o menino mamar,deseja o menino mamar,I kamu-seî kunumĩ,True,lowercased
603,"Imediatamente, de seu próximo eles se vingam, chacoteando-os","imediatamente, de seu próximo eles se vingam, chacoteando-os","Aûnhenhẽ o apixarĩ îepyki, i kurapa",True,lowercased
604,Não oporão resistência um ao outro,não oporão resistência um ao outro,N'onherani xûéne o îoupéne,True,lowercased
605,Eu estou morno,eu estou morno,Xe rakubaíb,True,lowercased
606,Ainda hoje os malditos queimam,ainda hoje os malditos queimam,Oîeí bé muru kaî,True,lowercased
607,"Minha nação, outrora, estava segundo a lei primeira","minha nação, outrora, estava segundo a lei primeira","Xe anama, erimba'e, tekó-ypyramo sekóû",True,lowercased
608,O pecado de um primeiro homem branco foi a causa de sua entrada neste mundo,o pecado de um primeiro homem branco foi a causa de sua entrada neste mundo,Oîepé karaíbypy rekoangaîpaba ikó 'ara pupé seîkeagûera,True,lowercased
609,"Toda a aflição envolvendo o homem, enfim","toda a aflição envolvendo o homem, enfim",Opá tekotebẽ abá amana ko'yté,True,lowercased
610,Eis que eu vou,eis que eu vou,Té ixé gûixóbo,True,lowercased
611,Como um galo te deitas,como um galo te deitas,deitar-se - Gûyrá-sapukaîa îabé ereîetu'u,True,lowercased
612,Os pássaros eram relativamente poucos,os pássaros eram relativamente poucos,Gûyrá setapokang,True,lowercased
613,O que não foi morto,o que não foi morto,I îukapyrûere'yma,True,lowercased
614,Eu sou ligeiro de mãos,eu sou ligeiro de mãos,Xe pobebuî,True,lowercased
615,As canoas eram muitíssimas,as canoas eram muitíssimas,Ygara setá-katu,True,lowercased
616,Digo novamente,digo novamente,A'é benhẽ,True,lowercased
617,Como recompensa de seu afastamento da vida má,como recompensa de seu afastamento da vida má,Tekó-angaîpaba suí o îepe'aagûera repyramo,True,lowercased
618,Pecado que assassina as pessoas,pecado que assassina as pessoas,Tekoangaîpaba oporapitiba'e,True,lowercased
619,Em vão o padre quer convertê-la a Deus,em vão o padre quer convertê-la a deus,E'i tenhẽ abaré Tupã resé serobaka potara'upa,True,lowercased
620,"Esconde-te, fica quieto","esconde-te, fica quieto","Enhemim, nde kyrirĩ",True,lowercased
621,Amarram suas mãos fortemente,amarram suas mãos fortemente,Îapopûar-atã,True,lowercased
622,"Enfeitaste-te, pintando-te, tendo desejos carnais?","enfeitaste-te, pintando-te, tendo desejos carnais?",Erenhemoatyrõpe eîegûaka nde poropotaramo?,True,lowercased
623,"Eis que eu amo vossas almas, aformoseando-as, embelezando-as","eis que eu amo vossas almas, aformoseando-as, embelezando-as","Xe ikó asaûsu pe 'anga i moaysóbo, i momoranga",True,lowercased
624,Que eu deteste muito o diabo,que eu deteste muito o diabo,T'aroŷrõngatu Anhanga,True,lowercased
625,eco de minhas palavras,eco de minhas palavras,xe nhe'ẽ-'anga,False,
626,Eu sou muito manchado,eu sou muito manchado,Xe rabará-barab,True,lowercased
627,Levo de má vontade,levo de má vontade,Arasó-îeaseî,True,lowercased
628,"Eia, que mores com o senhor Nicolau","eia, que mores com o senhor nicolau","Ne'ĩ, t'ereîkó pa'i Nikorá irũ",True,lowercased
629,O que não é morto,o que não é morto,Miîukae'yma,True,lowercased
630,Quer perdoar muito a nós,quer perdoar muito a nós,I nhyrõngatu-potá îandébo,True,lowercased
631,"Ergueu-se com as feridas de suas mãos, de seus pés e de seu flanco?","ergueu-se com as feridas de suas mãos, de seus pés e de seu flanco?","O pó, o py o yké kutukagûera bépe erimba'e ogûeropu'am?",True,lowercased
632,o resgate de minha alma,o resgate de minha alma,xe 'anga repymondykaba,False,
633,Não (sofreria),não,-Nd'oîporaráî xûémop'asé mba'e amõ 'ara pupé oîkóbomo? - Aani xûémo - Não sofreria a gente coisa alguma vivendo no mundo?,True,parentheses_removed | lowercased | trimmed
634,"Eu tenho boa fala, eu sou bom falante","eu tenho boa fala, eu sou bom falante",Xe nhe'ẽngatu,True,lowercased
635,Trazendo algumas linhazinhas,trazendo algumas linhazinhas,Inimbó'i amõ reru,True,lowercased
636,Todos os cristãos honram-me muito,todos os cristãos honram-me muito,Opakatu karaíba xe momba'eté-katu,True,lowercased
637,prensa de cana-de-açúcar,prensa de cana-de-açúcar,u'ubae'ẽ pokasaba,False,
638,Tiveste gozo com tuas lembranças de teus pecados antigos?,tiveste gozo com tuas lembranças de teus pecados antigos?,Ereîmborype nde angaîpagûera resé nde ma'enduasaba?,True,lowercased
639,São muitas as coisas que são causa de impossibilitar os casamentos,são muitas as coisas que são causa de impossibilitar os casamentos,Setá mba'e mendara moabaipaba,True,lowercased
640,"lugar de vender carne, açougue","lugar de vender carne, açougue",so'o ma'e'ĩndaba,False,
641,"Apresso-me hoje, por causa da tua fama","apresso-me hoje, por causa da tua fama","Xe apuãnamo kori, nde rerapûana resé",True,lowercased
642,"Ai, por mais que eu esteja procurando alguma pousada, irra, faz-me sair sempre da aldeia o padre","ai, por mais que eu esteja procurando alguma pousada, irra, faz-me sair sempre da aldeia o padre","Akaî! Aseká îepé mytasaba amõ gûitekóbo, erĩ!, xe mosẽ memẽ taba suí abaré",True,lowercased
643,"Eis que sou eu mesmo, já vos disse isso","eis que sou eu mesmo, já vos disse isso","Ixé aé ã, a'é umã n'akó peẽmo",True,lowercased
644,"A ponte derrubam, querendo que a canoa passe","a ponte derrubam, querendo que a canoa passe","Îarybobõ omonguî, ygara kuabĩ potá",True,lowercased
645,cheirando as coisas,cheirando as coisas,mba'e retuna,False,
646,Que eles sofram junto dos malditos!,que eles sofram junto dos malditos!,Ta sasy muru supé!,True,lowercased
647,Contas o nome de alguém quando te confessa o padre?,contas o nome de alguém quando te confessa o padre?,Ereîmombe'upe abá rera abaré nde monhemombegûápe?,True,lowercased
648,"Que dizes, de costume, ensinando as pessoas?","que dizes, de costume, ensinando as pessoas?",Marã eré-p'amẽ eporombo'ebo?,True,lowercased
649,Sendo também odiados,sendo também odiados,Seroŷrõmbyramo oîkóbo bé,True,lowercased
650,E preocupai-vos hoje em dia com as futuras penas de vosso agir assim?,e preocupai-vos hoje em dia com as futuras penas de vosso agir assim?,A'epe emonã pe rekopûera repyrama resé koyr-y bé penhemosako'i,True,lowercased
651,Somos desiguais um do outro,somos desiguais um do outro,Oroîoaby,True,lowercased
652,Estando como seu guardião (ou sendo seu guardião),estando como seu guardião,Serekoaramo ûitekóbo,True,parentheses_removed | lowercased | trimmed
653,Oxalá chegasse então,oxalá chegasse então,Temone a'ereme osykamo,True,lowercased
654,Para que sejamos dignos do que Cristo prometeu,para que sejamos dignos do que cristo prometeu,T'oré angaturãne Cristo remienõîûera resé,True,lowercased
655,A gente vê aquela coisa branca e sua redondeza também,a gente vê aquela coisa branca e sua redondeza também,"- Akó morotinga, i amandaba bé asé osepîak",True,lowercased
656,"Adversária da morte, senhora da vida","adversária da morte, senhora da vida","Te'õ rupîara nhẽ, tekobé îara",True,lowercased
657,"Por causa disso, somente, Deus os fez ser diabos","por causa disso, somente, deus os fez ser diabos",Sesé nhõ Tupã i moingóû Anhangamo,True,lowercased
658,"Irra, gambá!","irra, gambá!","Erĩ, sarigûeîa é!",True,lowercased
659,"casa que seria, o que seria casa","casa que seria, o que seria casa",okambûera,False,
660,"Por isso mesmo, amando-a, não a fez carecer de nenhuma virtude","por isso mesmo, amando-a, não a fez carecer de nenhuma virtude",Nd'e'i te'e tekokatu amõ resé i mopaneme'ymi saûsupa,True,lowercased
661,Castigar os que procedem mal,castigar os que procedem mal,Oîkó-memûãba'e renonhena,True,lowercased
662,Não me enternecendo eu pelo que morreu para me resgatar,não me enternecendo eu pelo que morreu para me resgatar,Xe repyramo omanõba'epûera ri xe akyre'ymamo,True,lowercased
663,Que tenha reparação o teu roubo,que tenha reparação o teu roubo,Ta sepy nde mondagûera,True,lowercased
664,Eu sou resplandecente,eu sou resplandecente,Xe kanugûá,True,lowercased
665,Eu estou com dúvida,eu estou com dúvida,Xe 'angetaetá,True,lowercased
666,"Entram grandes espinhos, espetando sua cabeça, furando-a toda","entram grandes espinhos, espetando sua cabeça, furando-a toda","Oîké îugûasu, i akanga kutuka, opá i mombuka",True,lowercased
667,sendo ele bom,sendo ele bom,okaturamo,False,
668,"Tem o homem, geralmente, muitas palavras em vão quando se aproxima de sua morte","tem o homem, geralmente, muitas palavras em vão quando se aproxima de sua morte",I nhe'engetá tenhẽ nakamẽ abá ogûe'õ kakareme,True,lowercased
669,o que será morto,o que será morto,miîukarama,False,
670,enquanto ele não vem,enquanto ele não vem,ture'yma pukuî,False,
671,"O dia de São Sebastião, em que ele morreu, os cristãos comemoram para se santificarem","o dia de são sebastião, em que ele morreu, os cristãos comemoram para se santificarem","S Sebastião 'ara, se'õagûera, cristãos oîmoeté oîemotupana",True,lowercased
672,Embarquei,embarquei,A'ar,True,lowercased
673,enforcador,enforcador,aîubykara,False,
674,Eis que aqui estou para quebrar tua cabeça por causa de tua arrogância,eis que aqui estou para quebrar tua cabeça por causa de tua arrogância,Kó aîkó nde akanga kábo nde îerobîara suí,True,lowercased
675,raro,raro,pokangi nhõte,False,
676,"E se dividirem seu sangue em pequenas partes, em cada uma delas está?","e se dividirem seu sangue em pequenas partes, em cada uma delas está?",A'epe sugûy moîa'o-mirĩ-mirĩneme i îabi'õpe i kûáî?,True,lowercased
677,forno de cal,forno de cal,itaku'i-apŷaba,False,
678,"Com uma lança espetaram seu flanco, causa de verterem imediatamente dele água e seu sangue","com uma lança espetaram seu flanco, causa de verterem imediatamente dele água e seu sangue",Minusu pupé iî yké kutuki aûnhenhẽ 'y sugûy abé i xuí i 'ẽaûama,True,lowercased
679,Feri-o,feri-o,Aîosok,True,lowercased
680,esporão de embarcação,esporão de embarcação,ygá-tĩkupeara,False,
681,"Ah, que atrevido!","ah, que atrevido!",Tekatueté mã!,True,lowercased
682,Dizendo palavras más acerca de coisas nojentas,dizendo palavras más acerca de coisas nojentas,Mba'e-poxy koty onhe'engaíbamo,True,lowercased
683,Isto pela primeira vez,isto pela primeira vez,Ang é,True,lowercased
684,"Na igreja, publicamente, diante de duas pessoas","na igreja, publicamente, diante de duas pessoas","-Umãmepe i poromomendari? -Tupãokype, ikatupe nhẽ, mokõî abá robaké -Onde ele casa as pessoas?",True,lowercased
685,mais de vinte,mais de vinte,vinte sosé,False,
686,Meu senhor te mata,meu senhor te mata,Nde îuká xe îara,True,lowercased
687,"Que conheça o caminho do céu, obra de Deus (lit, o que Deus faz)","que conheça o caminho do céu, obra de deus","T'oîkuab ybaka piara, Tupana remimonhanga",True,parentheses_removed | lowercased | trimmed
688,"Por que tu me abandonaste, ó meu senhor?","por que tu me abandonaste, ó meu senhor?","Marãnamo-piã xe pe'a îepé, pa'i gûé?",True,lowercased
689,o que é (ou deve ser) medido,o que é medido,sa'angymbyra,True,parentheses_removed | whitespace_collapsed
690,"Eis meus chifrões, meus dentes","eis meus chifrões, meus dentes","Kó xe 'akusu, xe rãnha",True,lowercased
691,o que foi pão,o que foi pão,miapepûera,False,
692,Como que em asas de pássaro,como que em asas de pássaro,Gûyrá pepóbo pyryb,True,lowercased
693,Fico-me espreguiçando,fico-me espreguiçando,Aîepoká-poká,True,lowercased
694,Mas será que foi mesmo?,mas será que foi mesmo?,Osó-tepe ra'e é?,True,lowercased
695,-Por isso nós rezamos aos santos? Por isso,-por isso nós rezamos aos santos? por isso,-Emonãnamope asé îeruréû santos-etá supé? -Emonãnamo,True,lowercased
696,glória vã,glória vã,îerobîá-tenhẽa,False,
697,Eu sou melhor,eu sou melhor,Ixé xe katueté,True,lowercased
698,Obedeces a eles quando te fazem viver no vício?,obedeces a eles quando te fazem viver no vício?,Eresapîápe tekopoxy resé nde moingóreme?,True,lowercased
699,Não durei,não durei,Nd'aîkopukuî,True,lowercased
700,Lançando fora a sujeira de minha alma,lançando fora a sujeira de minha alma,Xe 'anga ky'a reîtyka,True,lowercased
701,São más essas folgadas,são más essas folgadas,I angaîpá kó kena'ĩ,True,lowercased
702,Eu sou liberal,eu sou liberal,Xe mosakar,True,lowercased
703,A ti é que matam?,a ti é que matam?,Ndepe nde îuká?,True,lowercased
704,"Vem para me fazer regozijar, dando tua boa lei","vem para me fazer regozijar, dando tua boa lei","Îori xe moîekosupa, nde rekokatu me'enga",True,lowercased
705,Que não vá longe a esposa,que não vá longe a esposa,T'osó umẽ temirekó kûepe,True,lowercased
706,Estamos em intercalação,estamos em intercalação,Oîoparabamo orokûab,True,lowercased
707,Na dor dos ciúmes ficaste suspeitando das mulheres?,na dor dos ciúmes ficaste suspeitando das mulheres?,Tygûyrõ rasype é kunhã eremondá-mondá?,True,lowercased
708,rastro da cobra,rastro da cobra,mboîa kuapagûera,False,
709,antigo jazigo,antigo jazigo,tupagûera,False,
710,para cá olhando furtivamente,para cá olhando furtivamente,kûybõ oma'ẽ-nhemima,False,
711,Confessando a gente,confessando a gente,Asé monhemombegûabo,True,lowercased
712,fundura dele,fundura dele,typy,False,
713,o que se envergonha,o que se envergonha,otĩba'e,False,
714,o molengão que convido,o molengão que convido,xe remipoîmembeka,False,
715,o que tem ponta em forma de nádegas,o que tem ponta em forma de nádegas,seîkûaratĩba'e,False,
716,Virei-me a cabeça para um e outro lado (dizendo que não queria),virei-me a cabeça para um e outro lado,Anheakã-mobabak,True,parentheses_removed | lowercased | trimmed
717,coisa rapada,coisa rapada,mba'e-apina,False,
718,Nem mesmo água eu tenho,nem mesmo água eu tenho,Y tiruã n'arekóî,True,lowercased
719,Vai-te daqui já!,vai-te daqui já!,Ekûá ké suí raá!,True,lowercased
720,Tosei-o bem,tosei-o bem,Aîmoapererá-katu nhote,True,lowercased
721,Por isso mesmo não tinha maldade antes de se destinar para mãe de Deus- Filho,por isso mesmo não tinha maldade antes de se destinar para mãe de deus- filho,Nd'e'i te'e o poxye'ymamo Tupã-Ta'yra syramo o îe'o îanondé,True,lowercased
722,Obedeceremos a suas palavras quando ele determinar a respeito do futuro procedimento de nossa alma?,obedeceremos a suas palavras quando ele determinar a respeito do futuro procedimento de nossa alma?,"Osapîápe asé i nhe'enga, o 'anga rekorama resé o moingóremene?",True,lowercased
723,Para não fazer enlamear a alma da gente,para não fazer enlamear a alma da gente,Asé 'anga motuîukukare'yma,True,lowercased
724,Em nossa testa põe a cruz e sobre nosso coração também,em nossa testa põe a cruz e sobre nosso coração também,Asé sybápe cruz moíni asé nhy'ã 'arybo bé,True,lowercased
725,Eis que aqui pertinho vem,eis que aqui pertinho vem,Kote'ĩ turi kó,True,lowercased
726,Como vos parece?,como vos parece?,Marãete'ĩ-pipó peẽmo?,True,lowercased
727,Estou como mensageiro,estou como mensageiro,Paresaramo aîkó,True,lowercased
728,Vou a pé,vou a pé,Xe py resé nhẽ asó,True,lowercased
729,"Mas foi, porventura?","mas foi, porventura?",Osó ruã-tepe é?,True,lowercased
730,"o que é de cada dia, coisa cotidiana","o que é de cada dia, coisa cotidiana",îepimemẽndûara,False,
731,"Não digas por aí, falsamente, a respeito de ninguém","não digas por aí, falsamente, a respeito de ninguém",Nd' eré mõ tenhẽ umẽ abá resé,True,lowercased
732,"O grande chefe Aimbirê, o pervertedor dos índios","o grande chefe aimbirê, o pervertedor dos índios","Tubixá-katu Aîmbiré, apŷaba moangaîpapara",True,lowercased
733,Com algumas coisas que são saborosas,com algumas coisas que são saborosas,Amõ seba'e irũmo nhẽ,True,lowercased
734,nunca mais,nunca mais,aani xûé ko'yténe,False,
735,Qual foi o primeiro?,qual foi o primeiro?,Umãba'e ranhẽpe erimba'e oîkó?,True,lowercased
736,O proferir das ladainhas,o proferir das ladainhas,Ladainhas ra'angaba,True,lowercased
737,"Arranca-te o nome por causa dos malditos, para que sejas muito famoso","arranca-te o nome por causa dos malditos, para que sejas muito famoso",Eîerok moxy resé ta nde rerapûãngatu,True,lowercased
738,Todos os que estão nesta aldeia conta como seus filhos,todos os que estão nesta aldeia conta como seus filhos,Opá kó taba pupîara o membyramo i papari,True,lowercased
739,Que ela nos destrua para que vivamos contigo,que ela nos destrua para que vivamos contigo,"Orébe t'oré mondyki, nde irũmo t'oroîkobé",True,lowercased
740,Permaneço eu o seu guardião,permaneço eu o seu guardião,Aîkobé n'ixé sarõana,True,lowercased
741,"Por causa de sua esposa, o marido dela não temeu comê-lo","por causa de sua esposa, o marido dela não temeu comê-lo","Ogûemirekó resé, i mena nd'o'u-poûsubi",True,lowercased
742,Minha família fez-me vir,minha família fez-me vir,Xe anama xe mbouri,True,lowercased
743,O desejo de sumir para longe enche seus corações,o desejo de sumir para longe enche seus corações,Mamõ nhẽ kanhẽ-motara i py'a îaîporaká,True,lowercased
744,Como resgate de todos os que irão para o céu,como resgate de todos os que irão para o céu,Opakatu ybakype osoba'erama repyramo,True,lowercased
745,Eu sou redondo,eu sou redondo,Xe apỹî,True,lowercased
746,armação de leito,armação de leito,inimbebytá,False,
747,"Estamos nos ferros ao pescoço um do outro (isto é, estamos presos nos ferros um ao pescoço do outro)",estamos nos ferros ao pescoço um do outro,Oîoapyri oroîkó itá resé,True,parentheses_removed | lowercased | trimmed
748,"Sabendo que Deus te fez sair daquela escuridão, honra a Deus","sabendo que deus te fez sair daquela escuridão, honra a deus","Aîpó pytunusu suí Tupã nde mosemagûera kuapa, eîmomba'eté Tupã",True,lowercased
749,"Como um galo te deitas Somente te toca alguém, imediatamente vais para o teu terreiro para cantar, teu esporão arrebentando contra ele","como um galo te deitas somente te toca alguém, imediatamente vais para o teu terreiro para cantar, teu esporão arrebentando contra ele","Gûyrá-sapukaîa îabé ereîetu'u Nde atõî nhote abá, aûnhenhẽ eresó nde rokápe enhe'engá, nde rapopé moboka i xupé",True,lowercased
750,Vêem somente sua grandeza e sua formosura,vêem somente sua grandeza e sua formosura,O îoe'yîa anhõ o aysó abé osepîak,True,lowercased
751,Amarrei-me o cabelo,amarrei-me o cabelo,Aîe'a-maman,True,lowercased
752,Mas os aracajás deleitam-se com eles,mas os aracajás deleitam-se com eles,Arakaîá-te ombory,True,lowercased
753,"Espera! Que venha o maldito, primeiro, chegando com sua ferocidade","espera! que venha o maldito, primeiro, chegando com sua ferocidade","Enhambé! T'oú-te muru, ranhẽ, o nharõ rerobasema",True,lowercased
754,Por lavar a sujeira de nossa alma,por lavar a sujeira de nossa alma,Asé 'anga ky'a reîme,True,lowercased
755,Aqueles serão consolados,aqueles serão consolados,A'eba'e i moapysykypyramo sekóûne,True,lowercased
756,Oponho-me a ele,oponho-me a ele,Asobaîar,True,lowercased
757,O resto de minhas presas trouxe para a rainha,o resto de minhas presas trouxe para a rainha,Xe rembiara rembyrûera arurĩ reîá supé,True,lowercased
758,Breei o casco dele,breei o casco dele,Aîapé-kytyk,True,lowercased
759,Meu senhor me mata,meu senhor me mata,Xe îuká xe îara,True,lowercased
760,Morreríamos certamente antes que contasse para as pessoas o que viu,morreríamos certamente antes que contasse para as pessoas o que viu,Îamanõ îepémo serã sepîakagûera abá supé mombe'u e'ymebémo,True,lowercased
761,A gente morrerá com sua crença também?,a gente morrerá com sua crença também?,Serobîara bépe asé ogûeromanõne?,True,lowercased
762,Deve certamente ter agido assim,deve certamente ter agido assim,Emonã ipó sekóû re'a,True,lowercased
763,Eu tenho criações,eu tenho criações,Xe reîmbab,True,lowercased
764,"Ah, quem me dera o tivesse matado!","ah, quem me dera o tivesse matado!",Aîuká me'ĩmo mã!,True,lowercased
765,cria de seus animais,cria de seus animais,gûeîmbaba îeapyká,False,
766,tendo falta de um confessor seu,tendo falta de um confessor seu,o monhemombe'ûarama resé oîkotebẽmo,False,
767,Bebe cauim também minha sogra,bebe cauim também minha sogra,Oka'u bé xe raîxó,True,lowercased
768,Hei de contar os pecados deles para que tu me acredites,hei de contar os pecados deles para que tu me acredites,T'aîpapáne i angaîpaba ta xe rerobîá îepé,True,lowercased
769,"E os rapazes que perseguem mulheres, querendo escravas bem nas casas de cristãos?","e os rapazes que perseguem mulheres, querendo escravas bem nas casas de cristãos?","A'epe kunumĩgûasu kunhã oîmomosemba'e, miaûsuba potá nhẽ karaibokype-katu?",True,lowercased
770,Ergui a espinhela,ergui a espinhela,Aîpusû'ã-mogûyr,True,lowercased
771,"o que é (ou deve ser) aumentado, multiplicado, etc","o que é aumentado, multiplicado, etc",irumõmbyra,True,parentheses_removed | whitespace_collapsed
772,"Quiseste embebedar-te outrora, impregnando-te de cauim?","quiseste embebedar-te outrora, impregnando-te de cauim?",Eresabeypó-potarype erimba'e kaûĩ pupé enhemomungábo?,True,lowercased
773,Foi à frente de mim,foi à frente de mim,Osó xe renondé,True,lowercased
774,Que fazes?,que fazes?,Marãpe ereîkó?,True,lowercased
775,Desenrolei-o,desenrolei-o,Aîorab,True,lowercased
776,Estou em pé (sem me mexer),estou em pé,A'amĩote,True,parentheses_removed | lowercased | trimmed
777,"(lit, o arrancar todos os paus do lugar de carpir) roçado antes de se queimar",roçado antes de se queimar,kopisaba 'ybapaara,True,parentheses_removed | trimmed
778,"Ao passar a quarta-feira das cinzas sagradas, começa o grande jejum chamado Quaresma","ao passar a quarta-feira das cinzas sagradas, começa o grande jejum chamado quaresma","Quarta-feira-tanimbu-karaíba rasápe îekuakupabusu, Quaresma 'îaba nheypyrungi",True,lowercased
779,Eu sou velho,eu sou velho,Xe ymûan,True,lowercased
780,Arrancando nossos vícios,arrancando nossos vícios,Oré rekopoxy 'oka,True,lowercased
781,"Tudo, mesmo o que está no coração da gente, Deus vê?","tudo, mesmo o que está no coração da gente, deus vê?",Opakatupe Tupã asé py'apendûara tiruã repîaki?,True,lowercased
782,Perguntou novamente a eles Nosso Senhor?,perguntou novamente a eles nosso senhor?,Oporandu benhẽpe Îandé Îara i xupé?,True,lowercased
783,Logo ao ouvir o nome dela eu me escondo em outra parte,logo ao ouvir o nome dela eu me escondo em outra parte,Serenduba rupibé amongoty xe nhemimi,True,lowercased
784,"Que ouça, então, alguma coisa, para fazer estar bem sua alma","que ouça, então, alguma coisa, para fazer estar bem sua alma",T'oîapysaká a'ereme marã o 'anga moingó-katuagûama resé,True,lowercased
785,Só isso está acima de tudo o que deve ser desejado,só isso está acima de tudo o que deve ser desejado,A'e anhõ opakatu i potarypyra sosé,True,lowercased
786,"Mas apanha, antes, meu chefe!","mas apanha, antes, meu chefe!",Eîá-te xe rubixaba!,True,lowercased
787,É muito belo o teu nome,é muito belo o teu nome,I porãngatu nde rera,True,lowercased
788,Já fica ansiosa por vê-lo,já fica ansiosa por vê-lo,Omoanhẽ ymã sepîakûama,True,lowercased
789,Minh'alma faz firme,minh'alma faz firme,Xe 'anga moteni,True,lowercased
790,Calei a boca dele,calei a boca dele,Aîîuru-pyk,True,lowercased
791,"Como a estes por aqui, farão comigo após minha morte","como a estes por aqui, farão comigo após minha morte","Koba'e îakatu mbype, xe re'õ roîré ybŷá xe rerekóûne",True,lowercased
792,"Como símbolo de sua união com ela, temos o casamento","como símbolo de sua união com ela, temos o casamento",Sesé i nhemonanagûera ra'angabamo mendá îarekó,True,lowercased
793,Eis que o sábado reservou para a cessação do trabalho nele,eis que o sábado reservou para a cessação do trabalho nele,Aîpó sábado pysyrõû i pupé ybŷá morabyky suí o pykápe,True,lowercased
794,Manquejo,manquejo,Xe ate'ẽ,True,lowercased
795,Vou para fora,vou para fora,Asó mamõ,True,lowercased
796,Escarneceste de mulheres?,escarneceste de mulheres?,Ereîemoîoîaîpe kunhã resé?,True,lowercased
797,Nasceu para nós hoje,nasceu para nós hoje,O'a îandébo kori,True,lowercased
798,"no meio de, no centro de","no meio de, no centro de",pyteri,False,
799,Atravessam suas mãos juntamente com seus pés,atravessam suas mãos juntamente com seus pés,Îaîpó-asá-sá i py resebé,True,lowercased
800,"pelos dias, a cada dia","pelos dias, a cada dia",ara rupi,False,
801,Perdoa tu nossas maldades,perdoa tu nossas maldades,Nde nhyrõ oré angaîpaba resé,True,lowercased
802,O que pratica ainda os velhos hábitos dos avós,o que pratica ainda os velhos hábitos dos avós,Tamyîa rekopûera oîporubyteryba'e,True,lowercased
803,Os tupinambás que esfregavam a seu Deus arrasamos todos,os tupinambás que esfregavam a seu deus arrasamos todos,Tupinambá i Tupã osyba'epûera opakatu îamombá,True,lowercased
804,"O que vê o furto de alguém, sem se importar","o que vê o furto de alguém, sem se importar",Abá mondarõ osepîakĩba'e,True,lowercased
805,Ficaste detendo contigo alguma pessoa?,ficaste detendo contigo alguma pessoa?,Ererokûé-rokûerype abá amõ?,True,lowercased
806,Com sua própria irmã não pode ninguém se casar,com sua própria irmã não pode ninguém se casar,O endyra resé nd'e'ikatuî abá omendá,True,lowercased
807,Mas livra-nos tu das coisas más,mas livra-nos tu das coisas más,Oré pysyrõ-te îepé mba'e-aíba suí,True,lowercased
808,Farto-o,farto-o,Aytarõ,True,lowercased
809,Que há aqui semelhante a um canindé azul?,que há aqui semelhante a um canindé azul?,Mba'epe ké kanindeoby îasûara?,True,lowercased
810,Como que voando muito rapidamente,como que voando muito rapidamente,Korite'ĩ-aibeté obebébo berame'ĩ,True,lowercased
811,Muito escura é a alma do que não é batizado,muito escura é a alma do que não é batizado,O pytumimbykamo nhẽ nhemongaraibypyre'yma 'anga rekóû,True,lowercased
812,estando tu por longo tempo preguiçoso,estando tu por longo tempo preguiçoso,nde ate'ỹ-mukuramo,False,
813,Eu desmaio,eu desmaio,Xe resapytumbyk,True,lowercased
814,Ainda que estivessem presentes as coisas de alguém na prisão,ainda que estivessem presentes as coisas de alguém na prisão,Oubé rakó abá mba'e mundépe oína biã,True,lowercased
815,confessar-se a cada ano,confessar-se a cada ano,Seîxu îabi'õ nhemombe'u,False,
816,Para a coutada do rei ele foi para cortar madeira,para a coutada do rei ele foi para cortar madeira,Morubixaba ybyragûype ahẽ sóû ybyrá 'apa,True,lowercased
817,"cepo, o toco da árvore que foi cortada","cepo, o toco da árvore que foi cortada",ybyrá-ypypûera,False,
818,Sucedeu-me uma tormenta,sucedeu-me uma tormenta,O'ar 'yaíba ixébo,True,lowercased
819,Fazendo-o transformar-se em seu próprio sangue,fazendo-o transformar-se em seu próprio sangue,Og ugûyramo i monhemonhanga,True,lowercased
820,Fui ao caminho dele,fui ao caminho dele,Asapependûar,True,lowercased
821,Comemoramos seu nascimento,comemoramos seu nascimento,I 'aragûera îaîmoeté,True,lowercased
822,"Está muito cheia Santa Maria daquela coisa muito boa chamada ""graça""?","está muito cheia santa maria daquela coisa muito boa chamada ""graça""?","Tynysẽngatupe Santa Maria aîpó mba'e-eté ""graça"" 'îaba resé?",True,lowercased
823,Coisa enlameada!,coisa enlameada!,Mba'e-u'uma!,True,lowercased
824,Trazei alguns assentos,trazei alguns assentos,Peru apykaba amõ,True,lowercased
825,Bem feito! Ambos queimareis em conjunto,bem feito! ambos queimareis em conjunto,Iîamuru! Mokõîbé pekaî oîepegûasune,True,lowercased
826,O anjo entrou para junto dela,o anjo entrou para junto dela,Karaibebé reîkéû i xupé,True,lowercased
827,Fazendo-o derramar de si mesmo por nós,fazendo-o derramar de si mesmo por nós,O îesuí i mo'ẽuká asé resé,True,lowercased
828,Apartaste alguma mulher de seu marido?,apartaste alguma mulher de seu marido?,Ereîmombo'irype kunhã amõ i mena suí?,True,lowercased
829,Estendi o arco,estendi o arco,Aurapá-pirar,True,lowercased
830,"Ao cair a morte neles, as almas dos homens morrem","ao cair a morte neles, as almas dos homens morrem",Oîoesé te'õ 'asápe abá 'anga re'õû nhẽ,True,lowercased
831,residente na capuava,residente na capuava,kapŷápe tekoara,False,
832,"Que disse após prová-la (isto é, a bebida)?",que disse após prová-la ?,Marã e'ipe sa'ang' iré?,True,parentheses_removed | lowercased
833,"Depois disto, guarda-te de ser mau","depois disto, guarda-te de ser mau",Angyba'e roîré teumẽ nde poxyramo,True,lowercased
834,"Será que estais sossegados, como os que não vêem a morte?","será que estais sossegados, como os que não vêem a morte?",Pe apysykĩ serã peîkóbo te'õ repîakare'yma rame'ĩ?,True,lowercased
835,Bebendo cauim durante a noite,bebendo cauim durante a noite,Putuna rupi okagûabo,True,lowercased
836,Comeste gente?,comeste gente?,Ereporupe?,True,lowercased
837,"Suas túnicas ficando a rasgar, estando furiosos","suas túnicas ficando a rasgar, estando furiosos",O aobusu mondoró-ndoroka o marãmotaramo,True,lowercased
838,o batizado,o batizado,i moîasukypyra,False,
839,"o que delata, o delator","o que delata, o delator",kuaukasara,False,
840,flechar gente,flechar gente,moro-ybõ,False,
841,Não por ir eu,não por ir eu,Na xe sopeî,True,lowercased
842,Reconhecendo que tu és o seu próprio criador,reconhecendo que tu és o seu próprio criador,O monhangaramo nde rekó kuapa,True,lowercased
843,Ficaste suspeitando de teu próximo em teu interior?,ficaste suspeitando de teu próximo em teu interior?,Ereîmondá-mondápe nde rapixara nde py'ape?,True,lowercased
844,Eu tenho inclinação a pedir,eu tenho inclinação a pedir,Xe îeruresûer,True,lowercased
845,Como estava orando a seu pai?,como estava orando a seu pai?,Marãpe seni og uba mongetábo?,True,lowercased
846,"cabo de espada (lit, cabo de dedos)",cabo de espada,y-pûã,True,parentheses_removed | trimmed
847,"Detestando seu pecado, a transgressão da palavra de Deus","detestando seu pecado, a transgressão da palavra de deus","O angaîpaba, Tupã nhe'enga abŷagûera reroŷrõmo",True,lowercased
848,Imediatamente eles se vingam de seu próximo,imediatamente eles se vingam de seu próximo,Aûnhenhẽ o apixarĩ resé îepyki,True,lowercased
849,dia muito bom,dia muito bom,arangaturameté,False,
850,água salgada estagnada,água salgada estagnada,ye'ẽ-mbyka,False,
851,"como isto, como este","como isto, como este",koba'e îá,False,
852,Que venha para nos curar,que venha para nos curar,T'oú îandé posanonga,True,lowercased
853,"Como que fazendo as pessoas viverem, mas não de verdade","como que fazendo as pessoas viverem, mas não de verdade","Oporomoingobébo rame'ĩ, na supi ruã-te",True,lowercased
854,Cubro-o,cubro-o,Aîaso'i,True,lowercased
855,O que manda a um falso pajé ficar defumando a si,o que manda a um falso pajé ficar defumando a si,Paîea'uba supé onhemotimbó-timborukaryba'e,True,lowercased
856,Que o deixem estar,que o deixem estar,Te'inhẽne oîkóbo ká,True,lowercased
857,Sossegai longe de mim senão vos queimo,sossegai longe de mim senão vos queimo,Penhemongatu mamõ xe suí n'opoapyî,True,lowercased
858,"vão oco de alguma coisa, o vazio do meio de alguma coisa","vão oco de alguma coisa, o vazio do meio de alguma coisa",apyterybỹîa,False,
859,"Fica pondo armadilhas, querendo fazer a gente entrar","fica pondo armadilhas, querendo fazer a gente entrar","Oîekotyrũ-tyrung, oporomoingé-potá",True,lowercased
860,Disse isso conhecendo o futuro esmagamento dos habitantes daquela cidade chamada Jerusalém,disse isso conhecendo o futuro esmagamento dos habitantes daquela cidade chamada jerusalém,Akûé tabusu Îerusalém 'îaba pora mombebaûama kuapa nhẽ aîpó i 'éû,True,lowercased
861,"na ponta, na extremidade","na ponta, na extremidade",apyri,False,
862,"Meus companheiros, hei de ver o feriado santo","meus companheiros, hei de ver o feriado santo","Xe rapixarĩ pabẽ, 'areté-angaturama t'asepîáne!",True,lowercased
863,"Caem, às vezes, os frutos de suas árvores","caem, às vezes, os frutos de suas árvores",Okuî rakó amũme 'ybarambûera o 'yba suí,True,lowercased
864,Geração da alegria,geração da alegria,Toryba nhemonhangaba,True,lowercased
865,Mais que a todos os seres humanos embelezou-a,mais que a todos os seres humanos embelezou-a,Abá sosé pabẽ i momorangi,True,lowercased
866,"Vamos para assaltá-la, atacando pelas costas a mãe de Deus","vamos para assaltá-la, atacando pelas costas a mãe de deus","Îasó sesé îapu'ama, Tupana sy kupe'apa",True,lowercased
867,"Amarram suas mãos firmemente, fazendo-lhe mal","amarram suas mãos firmemente, fazendo-lhe mal","Îapopûar-atã, i moangaîpapa",True,lowercased
868,Envergonho-me de minha feiúra,envergonho-me de minha feiúra,Anotĩ xe aíba,True,lowercased
869,"Com uma lança de ferro espetou seu flanco, estourando suas entranhas","com uma lança de ferro espetou seu flanco, estourando suas entranhas","Itamina pupé iî yké kutuki, i nhy'ã moboka",True,lowercased
870,"Por isso mesmo o homem, com a virtude, dá asas a si para voar","por isso mesmo o homem, com a virtude, dá asas a si para voar",Nd'e'i te'e abá tekokatu pupé onhemopepóbo o beberama resé,True,lowercased
871,Escondeste alguma coisa que estava na igreja?,escondeste alguma coisa que estava na igreja?,Erenhomimype erimba'e Tupãokygûara mba'e amõ?,True,lowercased
872,Fiz agouros a ele,fiz agouros a ele,Asanong,True,lowercased
873,com tua realeza temível,com tua realeza temível,nde reîabaîté pupé,False,
874,Cerquei-os,cerquei-os,Aîopîar,True,lowercased
875,Eis que aqui estou,eis que aqui estou,Kó é aîkó,True,lowercased
876,Vamos comigo somente até Nhoesembé,vamos comigo somente até nhoesembé,T'îasó xe irũnamo Nhoesembépe nhote,True,lowercased
877,Vais neste dia,vais neste dia,Eresó kó 'ara ri,True,lowercased
878,"Coisa enlameada, porco!","coisa enlameada, porco!","Mba'e-u'uma, taîasu!",True,lowercased
879,buraco das orelhas tapados,buraco das orelhas tapados,apysakûá-îe'o,False,
880,Sobre a cruz pregando meu senhor,sobre a cruz pregando meu senhor,Krusá sosé nhẽ xe îara moîá,True,lowercased
881,"Não tem limite, não tem fim","não tem limite, não tem fim","-N'i sykabi, n'i papabi",True,lowercased
882,"Que tenhamos, em sua morada, junto de ti, a vida eterna","que tenhamos, em sua morada, junto de ti, a vida eterna","T'orogûerekó, setã-me, nde pyri, tekó-puku",True,lowercased
883,Usaste feitiço para que não viessem?,usaste feitiço para que não viessem?,Mosangape ereîpuru ture'ymagûama ri?,True,lowercased
884,"Ah, que bom seria se eu tivesse ido ontem!","ah, que bom seria se eu tivesse ido ontem!",Marãîasûaramo xe sóû kûesé mã!,True,lowercased
885,Eu sou luzente,eu sou luzente,Xe rendypuk,True,lowercased
886,Trabalhaste em conjunto por ocasião dos feriados?,trabalhaste em conjunto por ocasião dos feriados?,Erepotyrõpe 'aretéreme?,True,lowercased
887,Os que tu apresarás são reis,os que tu apresarás são reis,Nde rembiarama é oîkobé morubixaba,True,lowercased
888,Será que a noite toda ages para fazer sumir as galinhas?,será que a noite toda ages para fazer sumir as galinhas?,Pysaré serã ereîkó arinhama mokanhema?,True,lowercased
889,o que te põe a nu,o que te põe a nu,ikatupe nde moĩndara,False,
890,Eu sou fingido (nas palavras),eu sou fingido,Xe nhe'engyrygûan,True,parentheses_removed | lowercased | trimmed
891,Pagaste já o objeto de teu furto?,pagaste já o objeto de teu furto?,Eresepyme'eng ygûãpe nde mondasagûera?,True,lowercased
892,Compadecendo-se somente de oito que viviam segundo suas palavras e que gerariam filhos,compadecendo-se somente de oito que viviam segundo suas palavras e que gerariam filhos,Oito anhõ o nhe'enga rupi tekoara oporomonhangyba'erama raûsubá,True,lowercased
893,Porventura fazes isso à toa?,porventura fazes isso à toa?,Aîpó nhẽ-pipó ereîkó?,True,lowercased
894,Eu sou garrido,eu sou garrido,Xe arũaíb,True,lowercased
895,"Depois disso, hei de atacá-los","depois disso, hei de atacá-los",A'e ré t'asepenhan!,True,lowercased
896,Encarreguei Pedro da lenha,encarreguei pedro da lenha,Aîopûaî Pedro îepeaba resé,True,lowercased
897,Eu tenho palavras sagazes,eu tenho palavras sagazes,Xe nhe'ẽpokarugûar,True,lowercased
898,Vem espantar o diabo para que não nos vença!,vem espantar o diabo para que não nos vença!,Îori anhanga mondyîa oré moaûîé suí!,True,lowercased
899,Amo-o em vão,amo-o em vão,Asaûsub-a'ub,True,lowercased
900,"Antigamente eu estava aflito, praticando meus vícios","antigamente eu estava aflito, praticando meus vícios","Akûeîme aîkotebẽ, xe rekopoxy purûabo",True,lowercased
901,Achaste-os por perto?,achaste-os por perto?,Mbype erebasẽ i xupé?,True,lowercased
902,"Isso Nosso Senhor impede, repelindo-o das pessoas","isso nosso senhor impede, repelindo-o das pessoas","Anga Îandé Îara oîmoabaíb, morosuí i mondóbo",True,lowercased
903,Vem para nos guiar,vem para nos guiar,Eîori oré pokoka,True,lowercased
904,Ali é o lugar aonde eu vou,ali é o lugar aonde eu vou,A'epe xe soagûama,True,lowercased
905,Eu estou muito úmido,eu estou muito úmido,Xe rygûasu,True,lowercased
906,"Um ou outro, somente, não faz esta aldeia pecar","um ou outro, somente, não faz esta aldeia pecar",Oîepé-ombé anhõ n'omoangaîpabi kó taba,True,lowercased
907,algumas e poucas vezes,algumas e poucas vezes,amõme nhõ,False,
908,Temo por ele,temo por ele,Aronheangu,True,lowercased
909,enxota-os de vossas almas,enxota-os de vossas almas,pe 'anga suí i mondóû,False,
910,Pode a gente não proceder conforme o mandado do padre?,pode a gente não proceder conforme o mandado do padre?,E'ikatupe asé abaré o pûaîtagûera rupi oîkoe'yma?,True,lowercased
911,os daqui,os daqui,keygûara,False,
912,Pode alguém beber cauim?,pode alguém beber cauim?,E'ikatupe abá okagûabo?,True,lowercased
913,Eu estou em pé (sem mudar de lugar),eu estou em pé,A'amĩ,True,parentheses_removed | lowercased | trimmed
914,Eu estou apressado,eu estou apressado,Xe ranhẽ,True,lowercased
915,Procedo conforme tua palavra,procedo conforme tua palavra,Aîkó nde nhe'enga rupi,True,lowercased
916,Atiça o fogo para o que cozinhas,atiça o fogo para o que cozinhas,Esatapy nde remimõîa,True,lowercased
917,Caiu a chuva,caiu a chuva,Okyr amana,True,lowercased
918,"Fome, sede, cansaço, quaisquer coisas sofrendo por nós","fome, sede, cansaço, quaisquer coisas sofrendo por nós","Ambyasy, 'useîa, kane'õ, mba'e tetiruã porarábo îandé resé",True,lowercased
919,Apisoei-o,apisoei-o,Aîapatuká,True,lowercased
920,prato raso,prato raso,nha'ẽ-mbeba,False,
921,Fazendo-o estar com firmeza,fazendo-o estar com firmeza,Ten i mo'îabo,True,lowercased
922,Estão sempre cheias as igaçabas Não abrem mão do cauim,estão sempre cheias as igaçabas não abrem mão do cauim,Tynysẽ memẽ ygasaba N'i apori kaûĩ resé,True,lowercased
923,Invocaste a Deus em vão ao mentires?,invocaste a deus em vão ao mentires?,Eresenõî tenhẽpe Tupã nde îuraragûaîtápe?,True,lowercased
924,Importuna-me muito aquela lei nova,importuna-me muito aquela lei nova,Xe moaîu-marangatu aîpó tekó-pysasu,True,lowercased
925,"Ficando eles a fazer guerras, ameaçam as cabeças dos índios","ficando eles a fazer guerras, ameaçam as cabeças dos índios","Omarãmonhã-monhanga, oîmomboî abá akanga",True,lowercased
926,arrancando sua orelha,arrancando sua orelha,i nambi mondoka,False,
927,Crendo na sua ida para o céu,crendo na sua ida para o céu,Ybakype i xoagûera rerobîá,True,lowercased
928,Desci com eles,desci com eles,Aroapy'am,True,lowercased
929,"Ainda bem que vós três, novamente, queimareis juntos","ainda bem que vós três, novamente, queimareis juntos",Iîá mosapyr-y bé pekaî oîepegûasune,True,lowercased
930,Qual o teu nome de batismo que o padre pôs?,qual o teu nome de batismo que o padre pôs?,Marãpe nde rerokaba abaré reminongûera?,True,lowercased
931,Dizendo isso por pequenas coisas,dizendo isso por pequenas coisas,Mba'e-mirĩ resé aîpó o'îabo,True,lowercased
932,Dar de comer aos famintos,dar de comer aos famintos,Ambyasybora poîa,True,lowercased
933,"Sentaste-te por aí diante dalguma mulher, puxando teu pênis?","sentaste-te por aí diante dalguma mulher, puxando teu pênis?",Ereîeapyk kûepe kunhã amõ supé nde rakûãîekyîa?,True,lowercased
934,"Vinde, meus companheiros","vinde, meus companheiros","Peîori, xe irũ-etá",True,lowercased
935,rio dos sarapós,rio dos sarapós,sarapó 'y,False,
936,"De cada dez, repartir uma de nossas coisas com Deus","de cada dez, repartir uma de nossas coisas com deus",Opakombó îabi'õ Tupã supé oîepé asé mba'e moîa'oka,True,lowercased
937,O oposto do desejo sensual é a pureza,o oposto do desejo sensual é a pureza,Moropotara robaîara moropotare'yma,True,lowercased
938,"Os que tratam de seu futuro casamento um com o outro não podem, depois disso, casar-se com outros","os que tratam de seu futuro casamento um com o outro não podem, depois disso, casar-se com outros",O îoesé o mendaragûama resé nhemongetasara nd'e'ikatuî a'e roîré amoaé resé omendá,True,lowercased
939,Que saia o diabo dela,que saia o diabo dela,T'osẽ anhanga i xuí,True,lowercased
940,esse outro,esse outro,kûé amõaé,False,
941,de que lugar?,de que lugar?,manõîa suípe?,False,
942,Deitando às pressas o capim,deitando às pressas o capim,Kapi'i anhẽ rerupa,True,lowercased
943,herança de meu pai,herança de meu pai,xe ruba mba'epûera,False,
944,"Os ex-maridos, esses, malditos, não se repreendem","os ex-maridos, esses, malditos, não se repreendem",Mendûera kó re'a nd'e'i oîeakakapa,True,lowercased
945,ao entardecer,ao entardecer,karukĩneme,False,
946,"Ao dizer ""Jesus"", o maldito tem medo","ao dizer ""jesus"", o maldito tem medo","""Jesu"" 'éreme, moxy sykyîéû",True,lowercased
947,Como estava Jesus quando ele o fez sair?,como estava jesus quando ele o fez sair?,Marãete'ĩpe Jesus o enosẽme?,True,lowercased
948,colar de ouro,colar de ouro,itaîu-po'yra,False,
949,Encalhemos,encalhemos,T'îaîar,True,lowercased
950,"Ai, eis que é muito doloroso o que eu sofro perto do diabo!","ai, eis que é muito doloroso o que eu sofro perto do diabo!",Sasy iang xe remimborará anhanga pyri hegûé!,True,lowercased
951,Quero muitíssimo todas as aldeias destruir,quero muitíssimo todas as aldeias destruir,Aîpotá-katutenhẽ opabĩ taba mondyka,True,lowercased
952,Confessa bem a nós que tu és o filho de Deus,confessa bem a nós que tu és o filho de deus,Eîmombe'u-katu Tupã ra'yramo nde rekó orébe,True,lowercased
953,Vivo de mariscos,vivo de mariscos,Paranãmbora ri aîkó,True,lowercased
954,"Vamos, como nós, para enfeitar nossas almas, para levá-las diante dele","vamos, como nós, para enfeitar nossas almas, para levá-las diante dele","T'îasó îandé îabé îandé 'anga moîegûaka, serasóbo sobaké",True,lowercased
955,Mandou-os como diabos para fazer o fogo que não se apagará,mandou-os como diabos para fazer o fogo que não se apagará,Anhangamo nhẽ i mondóû tatá ogûeba'erame'yma monhanga,True,lowercased
956,"Faço-me estalar as mãos (isto é, dou castanhetas)",faço-me estalar as mãos,Aîepó-mopuruk,True,parentheses_removed | lowercased | trimmed
957,O que é comum é aquela mulher esmagar nossas cabeças,o que é comum é aquela mulher esmagar nossas cabeças,Sekoaba'e kûé kunhã oré akanga i apiti,True,lowercased
958,passagem costumeira de rio,passagem costumeira de rio,Y-asapá-tyba,False,
959,Eu tenho olheiras,eu tenho olheiras,Xe resagûyrumbyk,True,lowercased
960,"Trouxeste muitas coisas, porventura?","trouxeste muitas coisas, porventura?",Ereruretá serã?,True,lowercased
961,"Para ele trouxeram, como oferendas, ouro, incenso e mirra","para ele trouxeram, como oferendas, ouro, incenso e mirra","I xupé ogûeru îetanongabamo itaîuba, ysykatã syapûãba'e, mirra",True,lowercased
962,Querendo ser servo de Deus somente,querendo ser servo de deus somente,Tupã boîáramo nhõ oîkó-potá,True,lowercased
963,Grita tu!,grita tu!,Nde rasẽ!,True,lowercased
964,o que eu ensinei,o que eu ensinei,xe remimbo'epûera,False,
965,Fizeste que uma mulher se pusesse sobre ti para fazer sexo com ela?,fizeste que uma mulher se pusesse sobre ti para fazer sexo com ela?,Ereîmonhenongype kunhã nde 'arybo sesé eîkóbo?,True,lowercased
966,"Da mesma forma, como componente deste mundo, a morte também entrou","da mesma forma, como componente deste mundo, a morte também entrou",Te'õ abé reîkéû ikó 'ara poramo oîá,True,lowercased
967,Longamente irritando-se,longamente irritando-se,Kype onhemoŷrõmo nhẽ,True,lowercased
968,"Diante deles os diabos ajuntando-se, querendo engoli-los, estando a abrir suas bocas","diante deles os diabos ajuntando-se, querendo engoli-los, estando a abrir suas bocas","Sobaké Anhanga onheŷnhanga, i mokona motá, oîeîurupirá okûapane",True,lowercased
969,"Suspeito dele acerca de meu dinheiro (isto é, suspeito que foi ele quem o furtou)",suspeito dele acerca de meu dinheiro,Aîmondar ahẽ xe itaîuba ri,True,parentheses_removed | lowercased | trimmed
970,"O que tu escondeste, na verdade, onde tu roubaste?","o que tu escondeste, na verdade, onde tu roubaste?","Nde remimimbûera, anhẽ, umãmepe nde mondá?",True,lowercased
971,"armeiro, fazedor de armaduras","armeiro, fazedor de armaduras",itaaoba monhangara,False,
972,"Viram somente muitas chamas, parecidas com nossas línguas","viram somente muitas chamas, parecidas com nossas línguas","Tatá-endy-etá, asé apekũ abŷare'yma anhõ osepîak",True,lowercased
973,"Tocaste nas partes erógenas de uma mulher, atraindo-te por ela?","tocaste nas partes erógenas de uma mulher, atraindo-te por ela?",Erepokokype kunhã rapupé resé sesé enhemomotá?,True,lowercased
974,Ungir o padre com óleo bento o que supõe morrer,ungir o padre com óleo bento o que supõe morrer,Nhandy-karaíba pupé abaré omanõ-mo'angyba'e pytuba,True,lowercased
975,Lembra-te de mim!,lembra-te de mim!,Nde ma'enduá xe ri!,True,lowercased
976,empobrecendo os índios,empobrecendo os índios,apŷaba mondyabó,False,
977,"Eis que meu corpo não está disposto, amolecendo","eis que meu corpo não está disposto, amolecendo","Xe reté ã n'oîkoetéî, omembeka",True,lowercased
978,Atrás de mim ele veio,atrás de mim ele veio,Xe pytaî turi,True,lowercased
979,Eu tenho um buraco grande,eu tenho um buraco grande,Xe kûarusu,True,lowercased
980,no transcorrer de quatro gerações,no transcorrer de quatro gerações,oîoirundyk îeapyká sykápe,False,
981,Faze sumir meu tentador,faze sumir meu tentador,Emokanhem xe ra'angara,True,lowercased
982,Furei-o,furei-o,Aîmokûar,True,lowercased
983,Consolando-se com a compaixão de Deus,consolando-se com a compaixão de deus,Tupã o aûsubaraûama resé onhemoapysyka,True,lowercased
984,Portaste-te mal com tua embriaguez?,portaste-te mal com tua embriaguez?,Ererekó-memûãpe nde sabeypora?,True,lowercased
985,"meu nome de meninice, meu nome de infância","meu nome de meninice, meu nome de infância",xe kunumĩ-era,False,
986,Eu sou trepador,eu sou trepador,Xe rybobõ,True,lowercased
987,"Eia, pois, confessa o número daquelas tuas antigas omissões","eia, pois, confessa o número daquelas tuas antigas omissões",Ene'ĩ a'e nde nhe'engerekoagûera papasaba mombegûabo rõ,True,lowercased
988,Eu vim do rio dos paratis,eu vim do rio dos paratis,Xe parati 'y suí aîu,True,lowercased
989,"toda a noite, pelas noites","toda a noite, pelas noites",putunybo,False,
990,"Tu, talvez para retribuir, atiras nele, o dia todo, a prostituição","tu, talvez para retribuir, atiras nele, o dia todo, a prostituição",Nde serã i poepyka sugûaraîy ereîapi ko'arapukuî,True,lowercased
991,"São Pedro, com seus companheiros, tomou São Matias como apóstolo","são pedro, com seus companheiros, tomou são matias como apóstolo",São Matias S Pedro o irũetá resebé tari apóstoloramo,True,lowercased
992,Espera um pouco,espera um pouco,Enhambé ranhẽ,True,lowercased
993,"Seu companheiro de guerras também é Bastião, o flechado","seu companheiro de guerras também é bastião, o flechado",I maranirũ abé Bastião u'uborûera,True,lowercased
994,"Ah, quem me dera eu fosse para o céu!","ah, quem me dera eu fosse para o céu!",Asó temõ ybakype mã!,True,lowercased
995,os que se compadecem de nós,os que se compadecem de nós,îandé poreaûsubokara,False,
996,Eu desmaiei,eu desmaiei,Xe re'õ'ar,True,lowercased
997,Roupa branca põe na gente,roupa branca põe na gente,Aó-tinga onong asé resé,True,lowercased
998,Oponho-me a ele,oponho-me a ele,Asobaîxûar,True,lowercased
999,Saiu vivendo após o enterrarem,saiu vivendo após o enterrarem,Osem oîkobébo o tym-y roîré,True,lowercased
1000,Para o inferno,para o inferno,-A'epe i 'anga mamõ i xóû? -Anhanga ratápe - E sua alma para onde foi?,True,lowercased
1001,Eu tenho a base fixa,eu tenho a base fixa,Xe ypy-ten,True,lowercased
1002,Deixai de me prantear,deixai de me prantear,Peteumẽ xe rapirõmo,True,lowercased
1003,"Eu tenho sorte com animais (isto é, eu caço ou pesco muito)",eu tenho sorte com animais,Xe mba'e-porang,True,parentheses_removed | lowercased | trimmed
1004,"E, por outra parte, semelhantemente, o próprio mar será mais terrível do que foi seu costume","e, por outra parte, semelhantemente, o próprio mar será mais terrível do que foi seu costume",Kokoty paranã aé rame'ĩ o abaetéramo erimba'e gûekoagûera sosé,True,lowercased
1005,"Está molestando as pessoas, fazendo-as cair em erro","está molestando as pessoas, fazendo-as cair em erro","oporomoaîu oîkóbo, oporomotekokuabe'yma",True,lowercased
1006,Resisti-lhe (atacando-o),resisti-lhe,Anheran sesé,True,parentheses_removed | lowercased | trimmed
1007,Eu sou ligeiro de mãos,eu sou ligeiro de mãos,Xe poesãî,True,lowercased
1008,areia preta,areia preta,ybyku'i-una,False,
1009,Desfaleceram os maus,desfaleceram os maus,Onhemote'õ'a moxy,True,lowercased
1010,Forrei-o,forrei-o,Aîapeaob,True,lowercased
1011,Jazo de lado,jazo de lado,Oykébo aîub,True,lowercased
1012,"Vem para espantar o diabo, para não nos vencer","vem para espantar o diabo, para não nos vencer","Îori, anhanga mondyîa, oré moaûîé suí!",True,lowercased
1013,"Aqui estou, não me afasto deles","aqui estou, não me afasto deles","Aîkobé, n'aîepe'aî i xuí",True,lowercased
1014,"Compadeceste-te deles por ocasião de sua doença, acendendo seu fogo, alimentando-os, procurando-lhes alimento?","compadeceste-te deles por ocasião de sua doença, acendendo seu fogo, alimentando-os, procurando-lhes alimento?","Eresaûsubarype i mba'easyreme, satá-á, i poîa, i poraká?",True,lowercased
1015,"(A gente) se humilha, arrependendo-se de suas maldades","se humilha, arrependendo-se de suas maldades","Onhemomboreaûsub, o angaîpaba moasŷabo",True,parentheses_removed | trimmed
1016,Emergi como que do fundo,emergi como que do fundo,Ypy suí berame'ĩ abur,True,lowercased
1017,Sua mãe o pôs no lugar onde estava a manjedoura deles,sua mãe o pôs no lugar onde estava a manjedoura deles,Semi'uru rupápe i xy i nongi,True,lowercased
1018,Não brigarão?,não brigarão?,- Nd'omarãmonhangi xópene?,True,lowercased
1019,Moqueei-o,moqueei-o,Aîmoka'ẽ,True,lowercased
1020,"Deus é um só, de fato, sendo santíssimo, sendo poderoso","deus é um só, de fato, sendo santíssimo, sendo poderoso","Tupã oîepé nhõ nhẽ gûekó-karaibetéramo, abaetéramo",True,lowercased
1021,"Ah, oxalá futuramente eu seja um pouquinho melhor!","ah, oxalá futuramente eu seja um pouquinho melhor!",Xe angaturã be'ĩ temõ erimba'e mã!,True,lowercased
1022,"Por isso mesmo, a pessoa que deseja a virtude mirra-se de corpo","por isso mesmo, a pessoa que deseja a virtude mirra-se de corpo",Nd'e'i te'e abá tekokatu potasara gûo'opore'yma,True,lowercased
1023,É mesmo verdade,é mesmo verdade,Supi é,True,lowercased
1024,Eu sou gritador,eu sou gritador,Xe nhe'engatãndûer,True,lowercased
1025,Fiquei-lhe puxando a cabeça (pelos cabelos),fiquei-lhe puxando a cabeça,Aîakangeky-ekyî,True,parentheses_removed | lowercased | trimmed
1026,"Como dirá a gente em seu coração, olhando para o céu?","como dirá a gente em seu coração, olhando para o céu?",Marã e'ipe asé o py'ape ybaka resé oma'ẽmone?,True,lowercased
1027,Eu tenho a carne trêmula,eu tenho a carne trêmula,Xe ro'o-sysyî,True,lowercased
1028,Quatro são as virtudes cardeais,quatro são as virtudes cardeais,Quatro tekokatu-ytá,True,lowercased
1029,"Eu tenho palavras pesadas (isto é, sérias, com pesadas reflexões)",eu tenho palavras pesadas,Xe nhe'ẽposyî,True,parentheses_removed | lowercased | trimmed
1030,Repleta-me minha ira,repleta-me minha ira,Xe moîoîá xe îemoŷrõ,True,lowercased
1031,Quantas vezes disse isso?,quantas vezes disse isso?,Mbobype aîpó i 'éû?,True,lowercased
1032,Revezamo-nos uns com os outros,revezamo-nos uns com os outros,Oroîoporu,True,lowercased
1033,Não nos batizam também outras pessoas junto do padre?,não nos batizam também outras pessoas junto do padre?,N'asé reroki bépe amõ abá abaré pyri?,True,lowercased
1034,Desemporcalhei-o,desemporcalhei-o,Aseîkûaru'umbok,True,lowercased
1035,As leis de nossa alma fez para a gente,as leis de nossa alma fez para a gente,Asé 'anga rekorama oîmonhang asébe,True,lowercased
1036,Eu sou muito falante,eu sou muito falante,Xe nhe'engetekatu,True,lowercased
1037,o que arde comigo,o que arde comigo,xe irũnamo okaîba'e,False,
1038,"E, pois, como há isto de ser?","e, pois, como há isto de ser?",marã-te-p'iã-ne?,True,lowercased
1039,Bem aos olhos de Deus essas vossas ações são contadas,bem aos olhos de deus essas vossas ações são contadas,Tupã resápe-katu kó pe rekó rekóû i paparypyramo,True,lowercased
1040,"Por isso mesmo eles estão felizes, pela permanência dele junto à casa de Deus","por isso mesmo eles estão felizes, pela permanência dele junto à casa de deus","Nd'e'i te'e og orybamo, Tupãó-pyri i pytasagûera resé",True,lowercased
1041,Retirei-a,retirei-a,Ano'ẽ,True,lowercased
1042,"Meu nome é ""Sapo Achatado""","meu nome é ""sapo achatado""","Xe rera ""Kururupeba""",True,lowercased
1043,brancura,brancura,morotinga,False,
1044,Fiz provisões dele,fiz provisões dele,Asesemõ,True,lowercased
1045,"o que cuida da casa, caseiro","o que cuida da casa, caseiro",oka rerekoara,False,
1046,Aqueles outros dois deverão ser tomados segundo a vontade das pessoas,aqueles outros dois deverão ser tomados segundo a vontade das pessoas,Abá remimotara rupi tarypyrama é amoaé mokõî,True,lowercased
1047,daqui a pouquinho,daqui a pouquinho,koromõ-apyri'ĩ,False,
1048,"Está alegre, como eu, meu pai tupiniquim","está alegre, como eu, meu pai tupiniquim","Soryb, xe îabé, xe ruba tupinakyîa",True,lowercased
1049,Futuro senhor de suas muitíssimas riquezas,futuro senhor de suas muitíssimas riquezas,O mba'e-katupabẽ îarama,True,lowercased
1050,Não pode sequer uma única vez contar para alguém a transgressão da palavra de Deus que foi contada para si,não pode sequer uma única vez contar para alguém a transgressão da palavra de deus que foi contada para si,Nd'e'ikatuî oîepé'ĩ tiruã Tupã nhe'enga abŷagûera o îoupé i mombe'upyrûera mombegûabo abá supé,True,lowercased
1051,Abraçaste alguma mulher?,abraçaste alguma mulher?,Ereîaîubãpe kunhã amõ?,True,lowercased
1052,Diz-se que iria,diz-se que iria,Osómo ra'emo,True,lowercased
1053,Se tivesse ido hoje,se tivesse ido hoje,Kori meémo asó,True,lowercased
1054,Eis que a cada Páscoa um prisioneiro fazeis-me libertar sempre,eis que a cada páscoa um prisioneiro fazeis-me libertar sempre,Aretegûasu îabi'õ ã mundepora amõ îepé peîmosem-ukar ixébe îepi,True,lowercased
1055,Apalpaste teu ventre para matar teu filho?,apalpaste teu ventre para matar teu filho?,Eresungápe nde rygé nde membyra îukábo?,True,lowercased
1056,Lembrando-se dele assim que acorda,lembrando-se dele assim que acorda,Opaka bé sesé o ma'enduaramo,True,lowercased
1057,Enquanto eu o levo,enquanto eu o levo,Ixé serasó remebé,True,lowercased
1058,"Em mim confiam, bem em mim apoiando-se","em mim confiam, bem em mim apoiando-se","Xe resé oîerobîá, xe resé-katu oîekoka",True,lowercased
1059,Os cabos são brancos,os cabos são brancos,Yba ting,True,lowercased
1060,"Segundo o rito dos judeus, seu prepúcio cortaram","segundo o rito dos judeus, seu prepúcio cortaram","Îudeos ekomonhangábo, i 'apira mondoki",True,lowercased
1061,"cabeça ""enrugada"" (isto é, cabeça com cabelo PIXAIM, ou seja, de pessoa negra, carapinha)","cabeça ""enrugada""",akangapixa'ĩ,True,parentheses_removed | trimmed
1062,Transgrediria o homem a palavra de Deus assim os conhecendo?,transgrediria o homem a palavra de deus assim os conhecendo?,Oîabypemo abá Tupã nhe'enga emonã sekokuapa?,True,lowercased
1063,De lá do lugar para onde foi fez vir o Espírito Santo,de lá do lugar para onde foi fez vir o espírito santo,Ebapó o soagûera suí Tupã Espírito Santo mbouri,True,lowercased
1064,A respeito de quê conversamos?,a respeito de quê conversamos?,Ma'e resé îandé mongetáû?,True,lowercased
1065,Eu sou pontudo,eu sou pontudo,Xe robyr,True,lowercased
1066,Vôo como este vento,vôo como este vento,Abebé kó ybytu îá,True,lowercased
1067,"Tocaste nas tuas virilhas, abrindo as pernas, masturbando-te?","tocaste nas tuas virilhas, abrindo as pernas, masturbando-te?","Erepokokype nde rapopé resé epypekábo, eîeîukábo?",True,lowercased
1068,Onde está meu caminho?,onde está meu caminho?,Umãpe xe raperama?,True,lowercased
1069,Honrei-o muitíssimo,honrei-o muitíssimo,Aîmomba'eté-tekatunhẽ,True,lowercased
1070,Agora mesmo suas almas quero matar,agora mesmo suas almas quero matar,Ko'yr é i 'anga aîuká-potá,True,lowercased
1071,Ele é medianamente grande,ele é medianamente grande,Turusu'ĩ,True,lowercased
1072,Recusando uma criança (que iria nascer),recusando uma criança,Pitanga kuakupa,True,parentheses_removed | lowercased | trimmed
1073,"Deleitando-se com as escravas ruins, não quiseram vir aqui","deleitando-se com as escravas ruins, não quiseram vir aqui","Tapuîpé-poxy mborypa, tupotare'ymi iké",True,lowercased
1074,"Multiplicou-nos neste mundo, primeiro","multiplicou-nos neste mundo, primeiro",Îandé moîeapykáû ikó 'ara pupé ranhẽ,True,lowercased
1075,"Vem, coisa fedorenta!","vem, coisa fedorenta!","Eîori, mba'enem!",True,lowercased
1076,Eu tenho lágrimas gotejantes,eu tenho lágrimas gotejantes,Xe resa'y-tykyr,True,lowercased
1077,"Ah, que bom seria minha morte ao me batizar o padre, antes de eu pecar","ah, que bom seria minha morte ao me batizar o padre, antes de eu pecar",Marãîasûaramo temõ abaré xe 'apiramõneme xe angaîpab'e'ymebé xe re'õ mã!,True,lowercased
1078,"Na verdade, três vezes negarás ser meu discípulo antes de o galo cantar duas vezes","na verdade, três vezes negarás ser meu discípulo antes de o galo cantar duas vezes",Mosapy ipó xe boîáramo nde rekó ereîkuakub mokõî gûyrá sapukaî'e'ymebéne,True,lowercased
1079,"Eis que estorvas muito tua vida, dificultando-a","eis que estorvas muito tua vida, dificultando-a","Ereîmoarûabeté ã nde rekó, i moabaípa",True,lowercased
1080,"margem de rio, beira do mar","margem de rio, beira do mar",y-embe'yba,False,
1081,Sob as mãos do diabo está,sob as mãos do diabo está,Anhanga pó gûyrybo nhẽ sekóû,True,lowercased
1082,Barqueei as pessoas,barqueei as pessoas,Aporero'yasab,True,lowercased
1083,É muito belo seu proceder,é muito belo seu proceder,I porãngatu sekó,True,lowercased
1084,Minha pele tem titinga,minha pele tem titinga,Xe tĩ-titing - Meu nariz tem titinga Xe py-titing - Meus pés têm titinga Xe pi-titing,True,lowercased
1085,"Portanto, prendo-te!","portanto, prendo-te!","Irõ, oropokosub!",True,lowercased
1086,Ainda bem que o faz correr consigo!,ainda bem que o faz correr consigo!,Iîamuru senonhana!,True,lowercased
1087,Toma um só trago,toma um só trago,E'u oîepé îuru nhote,True,lowercased
1088,Que se arranquem de mim meus olhos concupiscentes,que se arranquem de mim meus olhos concupiscentes,T'oîe'ok ixé suí xe resá-poropotara,True,lowercased
1089,Morrendo na cruz,morrendo na cruz,Ybyrá pupé omanõmo,True,lowercased
1090,"Na verdade, três vezes negarás ser meu discípulo antes de o galo cantar duas vezes","na verdade, três vezes negarás ser meu discípulo antes de o galo cantar duas vezes",Mosapy ipó xe boîáramo nde rekó ereîkuakub mokõî gûyrá sapukaî'e'ymebéne,True,lowercased
1091,"Ah, muito bem!","ah, muito bem!","Erĩ, aûîé!",True,lowercased
1092,Não mais amarei o diabo,não mais amarei o diabo,N'asaûsu benhẽî xûé Anhangane,True,lowercased
1093,Quer muito a sua futura santificação,quer muito a sua futura santificação,Oîpotá-katu o nhemongaraibagûama,True,lowercased
1094,Fazem aplacar a Deus a si mesmos para eliminar a dívida dos pecados de diversos anos,fazem aplacar a deus a si mesmos para eliminar a dívida dos pecados de diversos anos,Tupã oîmonhyrõ o îoupé setá nhẽ seîxutatá tekoangaîpaba repy-mondykápe,True,lowercased
1095,"Ele está azedo demais (lit, azedo de doer)",ele está azedo demais,Saîasy,True,parentheses_removed | lowercased | trimmed
1096,a multidão de companheiros do provincial,a multidão de companheiros do provincial,Pa'igûasu irũndyba,False,
1097,Não! Estou bêbado,não! estou bêbado,Aanumẽne! Asabeypó,True,lowercased
1098,Acreditando no filho dela,acreditando no filho dela,I membyra rerobîá,True,lowercased
1099,A crença em Deus está somente em suas bocas,a crença em deus está somente em suas bocas,I îurupe nhõ Tupã rerobîara ruî,True,lowercased
1100,Seu corpo somente verão,seu corpo somente verão,Seté anhõ osepîakyne,True,lowercased
1101,"No caso de o desejares muito mesmo, que se faça (tua vontade)","no caso de o desejares muito mesmo, que se faça","Nde i potasábo-katu é, t'onhemonhang",True,parentheses_removed | lowercased | trimmed
1102,Mas que é que procurais nesta minha terra?,mas que é que procurais nesta minha terra?,Mba'e-tepe peseká kó xe retama pupé?,True,lowercased
1103,"Eia, vai!","eia, vai!",-Ene'ĩ esóbo!,True,lowercased
1104,"Toma-nos a dianteira sempre o diabo, ameaçando-nos","toma-nos a dianteira sempre o diabo, ameaçando-nos","Îandé rokesỹ memẽ Anhanga, îandé momboîa",True,lowercased
1105,Minha lei é muito bela,minha lei é muito bela,Xe rekó i porangeté,True,lowercased
1106,os que querem casar-se,os que querem casar-se,omendá-potaryba'e,False,
1107,estragando as almas dos índios,estragando as almas dos índios,abá 'anga momoxŷabo,False,
1108,Era eu,era eu,Ixé rakó,True,lowercased
1109,"pé de algodão, algodoeiro","pé de algodão, algodoeiro",amynyîu-'yba,False,
1110,não querendo espaçar longamente a falta de sua confissão,não querendo espaçar longamente a falta de sua confissão,o nhemombe'ue'yma mopa'ũ-muku potare'yma,False,
1111,Não porque eu fui veio ele,não porque eu fui veio ele,Na ixé sóreme ruã turi,True,lowercased
1112,Quem és tu?,quem és tu?,Abápe nde?,True,lowercased
1113,muitas coisas miúdas,muitas coisas miúdas,mirĩ-mirĩ,False,
1114,Ensina falsamente as pessoas a pronunciar a palavra de Deus,ensina falsamente as pessoas a pronunciar a palavra de deus,Oporombo'e-a'u Tupã nhe'enga ra'anga,True,lowercased
1115,Quem desobedece àquele?,quem desobedece àquele?,Abápe aîpoba'e oîmomaran?,True,lowercased
1116,"Eu sou de voz alta, eu levanto a voz","eu sou de voz alta, eu levanto a voz",Xe nhe'engapûan,True,lowercased
1117,"Eu sou um assassino, causa de se ter medo dos pecados","eu sou um assassino, causa de se ter medo dos pecados","Morapitîara ixé, angaîpaba sykyîéba",True,lowercased
1118,"""Lembrai-vos da morte"", deverão dizer suas palavras","""lembrai-vos da morte"", deverão dizer suas palavras","""Penhemoma'enduá te'õ resé"", e'i temone i nhe'enga",True,lowercased
1119,Eu estou muito quebrantado,eu estou muito quebrantado,Xe pitubarusu,True,lowercased
1120,Descarreguei as coisas da canoa,descarreguei as coisas da canoa,Anosem mba'e ygara suí,True,lowercased
1121,"Enfim, o que não é pranteado ressente-se de não o honrarem","enfim, o que não é pranteado ressente-se de não o honrarem",Aûîé sapirõmbyre'yma o moetee'yma oîmoasy,True,lowercased
1122,Eu sou muito perebento,eu sou muito perebento,Xe peré-pereb,True,lowercased
1123,"Mas sempre, com certeza, a vossas almas querem bem, aformoseando-as","mas sempre, com certeza, a vossas almas querem bem, aformoseando-as","Memẽ-te nipó pe 'anga amotá, i moaysóbo",True,lowercased
1124,Fiz uma cerca de moirões,fiz uma cerca de moirões,Aybyrá-monhang,True,lowercased
1125,"Amarrei-lhe a cabeça (isto é, fiz-lhe tranças no cabelo, com fita)",amarrei-lhe a cabeça,Aîakã-mbûar,True,parentheses_removed | lowercased | trimmed
1126,"A morte, na verdade, é a ameaça dos que se casam verdadeiramente","a morte, na verdade, é a ameaça dos que se casam verdadeiramente",Te'õ a'e mendasareté momboîsabamo,True,lowercased
1127,"Para cá vem, trazendo farpas junto com o arco","para cá vem, trazendo farpas junto com o arco","Ké turi, arupare'aka îurupara ndi seru",True,lowercased
1128,Eu tenho o rosto muito curubento,eu tenho o rosto muito curubento,Xe robá-kuru-kurub,True,lowercased
1129,"E não confessando ser parente, de fato, de seu marido ou de sua esposa, que acontece?","e não confessando ser parente, de fato, de seu marido ou de sua esposa, que acontece?","A'epe o mena koîpó o emirekó mũetéramo sekó mombe'ue'yma, marã?",True,lowercased
1130,lugar onde estará teu filho,lugar onde estará teu filho,nde membyra rendaûama,False,
1131,Oxalá ele não tivesse coisas boas!,oxalá ele não tivesse coisas boas!,N'i mba'e-katuî xûé-temo ahẽ mã!,True,lowercased
1132,"Por isso mesmo o maldito ataca os homens, fazendo piorar muito a maldade das pessoas","por isso mesmo o maldito ataca os homens, fazendo piorar muito a maldade das pessoas","Nd'e'i te'e moxy abá ropenhana, abá angaîpaba moîerekoaibetébo",True,lowercased
1133,Mostrando-lhe uma certa árvore que estava no meio do seu jardim,mostrando-lhe uma certa árvore que estava no meio do seu jardim,Amõ 'yba gûemityma pyterype o'amba'e kuabe'enga,True,lowercased
1134,"São Pedro, com seus companheiros, tomou como apóstolo a São Matias, após subir Deus-Filho ao céu","são pedro, com seus companheiros, tomou como apóstolo a são matias, após subir deus-filho ao céu","São Matias, ybakype Tupã Ta'yra îeupir'iré, S Pedro o irũ-etá resebé tari apóstoloramo",True,lowercased
1135,"Mulheres, além de velhos, meninos e até meninas","mulheres, além de velhos, meninos e até meninas","Kunhã, marandé tunhaba'e, kunumĩ, kunhataĩ tiruã",True,lowercased
1136,Até mesmo seus ossinhos cultua,até mesmo seus ossinhos cultua,I kangûerĩ tiruã momba'etéû,True,lowercased
1137,no fundo da água,no fundo da água,y pype,False,
1138,Dou-lhe os filhos de Pedro,dou-lhe os filhos de pedro,Aîta'y-me'eng Pedro,True,lowercased
1139,Agora comemoramos o dia em que mandou eliminar as crianças que completavam dois anos,agora comemoramos o dia em que mandou eliminar as crianças que completavam dois anos,Pitanga mokõî ro'y omoaûîeba'e mombab-ukaragûera 'ara îaîmoeté ko'yr,True,lowercased
1140,"E os rapazes que perseguem mulheres, querendo escravas?","e os rapazes que perseguem mulheres, querendo escravas?","A'epe kunumĩgûasu kunhã oîmomosemba'e, miaûsuba potá nhẽ?",True,lowercased
1141,"Levanta-te, sê valente!","levanta-te, sê valente!","Epu'ã, nde pyatã!",True,lowercased
1142,Mudo-me (para longe),mudo-me,Aîeakasó,True,parentheses_removed | lowercased | trimmed
1143,Digo que não,digo que não,Aan a'é ipó ixé re'a,True,lowercased
1144,A cobra mordeu a Pedro,a cobra mordeu a pedro,Mboîa Pedro îaîxu'u,True,lowercased
1145,Aí é que está! Eu estou surpreso por tua causa,aí é que está! eu estou surpreso por tua causa,Aîpó nhẽ! Xe putupab nhẽ nde ri,True,lowercased
1146,Eis que aí pertinho vem,eis que aí pertinho vem,Ebokûeté'ĩ turi,True,lowercased
1147,ainda hoje apressando-vos para encontrar a felicidade verdadeira,ainda hoje apressando-vos para encontrar a felicidade verdadeira,kori bé penhemoanhẽ-anhẽmo tekokatueté pé pegûasemagûama resé,False,
1148,"Depois de querer vê-lo, em vão, desde muito tempo atrás","depois de querer vê-lo, em vão, desde muito tempo atrás",Kûesenhe'ym bé sepîá-potá tenhẽ roîré,True,lowercased
1149,Engasgou-me minha comida,engasgou-me minha comida,Xe îase'opytym xe remi'u,True,lowercased
1150,Tratando-se uns aos outros como que numa fraternidade,tratando-se uns aos outros como que numa fraternidade,Oîoasykûera ri îasûaramo oîoerekóbo,True,lowercased
1151,"Sendo igual a Deus, está nas alturas","sendo igual a deus, está nas alturas","Tupã moîoîapa, sekóû ybaté",True,lowercased
1152,Vós lembrais,vós lembrais,Pe ma'enduar,True,lowercased
1153,cocho de porcos,cocho de porcos,taîasu remi'uru,False,
1154,Eis aqui também minhas garras,eis aqui também minhas garras,Kó bé xe pûapẽ,True,lowercased
1155,Não fique ele boquejando a meu respeito,não fique ele boquejando a meu respeito,T'e'i tenhẽ umẽ xe ri o îuru'aramo,True,lowercased
1156,"A ti suspiramos, gemendo","a ti suspiramos, gemendo",Nebe oronheangerur oré poasemamo,True,lowercased
1157,Aquele mesmo,aquele mesmo,Apó é,True,lowercased
1158,"Sua mãe não teve dor de parto, não sangrou, não ficou doente","sua mãe não teve dor de parto, não sangrou, não ficou doente","I xy n'i membyrasyî, nda sugûyî, n'i mara'ari",True,lowercased
1159,Vou para fora,vou para fora,Asó kûeîpe,True,lowercased
1160,"Fiquei-as errando (isto é, as flechas atiradas)",fiquei-as errando,Aîaby-îaby,True,parentheses_removed | lowercased | trimmed
1161,Ser chamado ladrão é característica do homem mau,ser chamado ladrão é característica do homem mau,Sereroĩmbyra abá-mondá apŷabaíba rekoaba é,True,lowercased
1162,Eu não sou afável,eu não sou afável,Na xe posykyîéî,True,lowercased
1163,O que conta os pecados escondidos de alguém,o que conta os pecados escondidos de alguém,Abá angaîpá-nhemima oîmombe'uba'e,True,lowercased
1164,"Fazendo as pessoas beberem cauim ou dando-lhes de beber, fazendo-as embriagar-se","fazendo as pessoas beberem cauim ou dando-lhes de beber, fazendo-as embriagar-se","Abá mongagûabo koîpó se'yma, i mondabeypó",True,lowercased
1165,É muito doloroso não vir fulano ao meu chamado,é muito doloroso não vir fulano ao meu chamado,Sasy-eté ahẽ osóbo - É doloroso ir-se fulano Sasy-eté ahẽ oure'yma ixé o enõîndápe,True,lowercased
1166,à vista dele,à vista dele,sobábo,False,
1167,"Está limpa, como se vê, a cova da lebre","está limpa, como se vê, a cova da lebre",I pe'ybĩ nakó tapiti kûara,True,lowercased
1168,antes de irem para lá,antes de irem para lá,a'epe o só îanondé,False,
1169,Tenho pendências com ele,tenho pendências com ele,Aîkó sesé,True,lowercased
1170,por aqui,por aqui,kó rupi,False,
1171,"Tomando o diabo, o maldito fica pisando","tomando o diabo, o maldito fica pisando","Serubu rá, muru ri opurũ-purung",True,lowercased
1172,"Ameacei, outrora, os tupinambás","ameacei, outrora, os tupinambás",Aîmomburu akûeîme tupinambá,True,lowercased
1173,bola de madeira,bola de madeira,ybyrapu'a,False,
1174,"Verdadeira morada de Deus, filha de Deus","verdadeira morada de deus, filha de deus","Tupã rendabeté, Tupã raîyra",True,lowercased
1175,Vamos comigo,vamos comigo,T'îasó xe irũnamo,True,lowercased
1176,Eu sou muito formoso,eu sou muito formoso,Xe aysó-katu,True,lowercased
1177,"O inimigo da gente, o diabo","o inimigo da gente, o diabo","Morosumarã, Anhanga",True,lowercased
1178,"Apesar de que sejas rainha, apesar de que sejam muitos os teus servos, eu, não obstante, pesco para ti","apesar de que sejas rainha, apesar de que sejam muitos os teus servos, eu, não obstante, pesco para ti","Reîamo ereîkó tenhẽ, setá tenhẽ nde boîá, xe-te t'oroporaká",True,lowercased
1179,"Após acabar o mundo, fará voltar a viver (nossos cadáveres), levando-os para junto de si para sempre","após acabar o mundo, fará voltar a viver , levando-os para junto de si para sempre",Ara pab'iré i moingobeîebyri o pyri serasóbo aûîeramanhẽne,True,parentheses_removed | lowercased
1180,Vamos um pouco mais ao longo da costa,vamos um pouco mais ao longo da costa,Ybyri-pyryb t'îasó,True,lowercased
1181,Quem me dera eu o fizesse estar deitado comigo assim!,quem me dera eu o fizesse estar deitado comigo assim!,Nã temõ ixé serubi mã!,True,lowercased
1182,"Esta há de ser minha companheira, com certeza","esta há de ser minha companheira, com certeza",Xe irũ ã re'a,True,lowercased
1183,Tu trouxeste tua esposa?,tu trouxeste tua esposa?,Nde ererupe nde remirekó?,True,lowercased
1184,Tive filhos gêmeos,tive filhos gêmeos,Xe membykõî,True,lowercased
1185,Temos algum remédio como meio de nos curarmos?,temos algum remédio como meio de nos curarmos?,Îarekópe mosanga amõ îandé pûerasabamo?,True,lowercased
1186,Cortei seus nervos,cortei seus nervos,Aîpytasã-mondok,True,lowercased
1187,Que é mais penoso aos que estão ali?,que é mais penoso aos que estão ali?,Mba'epe sasyeté a'epe tekoara supé?,True,lowercased
1188,O destino final das coisas dos homens,o destino final das coisas dos homens,Abá rekó mondykaba,True,lowercased
1189,Há de estar (assim como está)?,há de estar ?,E'i nhẽpe oîkóbone?,True,parentheses_removed | lowercased
1190,Espevitei-o,espevitei-o,Asatapyĩ'ok,True,lowercased
1191,"Viemos para te festejar, lançando fora nossa maldade","viemos para te festejar, lançando fora nossa maldade","Oroîu nde momoranga, ore aíba reropó",True,lowercased
1192,miolos de cabeça,miolos de cabeça,a-putu'uma,False,
1193,"meu pai, o que me gerou (para não haver confusão com outros parentes que também eram chamados tuba)","meu pai, o que me gerou",xe ruba xe monhangara,True,parentheses_removed | trimmed
1194,Estando com seus cocares brilhantes que são mais brancos que a geada,estando com seus cocares brilhantes que são mais brancos que a geada,O akanetá-beraba ro'yrypy'aka sosé morotingyba'e reroína,True,lowercased
1195,"Eu tenho uma caminhada ligeira, ando depressa","eu tenho uma caminhada ligeira, ando depressa",Xe atá-pûan,True,lowercased
1196,"Nem sequer uma pequena coisa, nem um só pequeno ato das pessoas omitir-se-á, então","nem sequer uma pequena coisa, nem um só pequeno ato das pessoas omitir-se-á, então","Mba'emirĩ tiruã, abá rekoagûerĩ oîenosem a'epene",True,lowercased
1197,"Ainda que me castigasse, eu falaria","ainda que me castigasse, eu falaria",Aûîebé-temo xe nupãû anhe'engĩmo,True,lowercased
1198,Ralo mandioca,ralo mandioca,Amie'ẽ,True,lowercased
1199,o que sofre febre,o que sofre febre,akanunduka porarasara,False,
1200,O padre que é colocado como guardião da gente,o padre que é colocado como guardião da gente,Abaré asé rerekoaramo i moingopyra,True,lowercased
1201,Ele é bom quando o que é contado é mesmo verdade,ele é bom quando o que é contado é mesmo verdade,I marangatu supi é i mombe'upyra rekóreme é,True,lowercased
1202,Que bata no diabo,que bata no diabo,T'opûar anhanga ri,True,lowercased
1203,Faze fugir o diabo,faze fugir o diabo,Eîmonhegûasem anhanga,True,lowercased
1204,"Ao se aproximar o doente de sua agonia, que mande chamar o padre, o que põe o óleo bento","ao se aproximar o doente de sua agonia, que mande chamar o padre, o que põe o óleo bento","Mba'easybora o mara'ara kakareme t'osenõîukar abaré, îandykaraíba nongara",True,lowercased
1205,"o que não é conhecido, coisa secreta","o que não é conhecido, coisa secreta",i kuabypyre'yma,False,
1206,Varri os ciscos,varri os ciscos,Aytypeir,True,lowercased
1207,"quebrador de pedras, cavouqueiro","quebrador de pedras, cavouqueiro",itá kasara,False,
1208,Parti,parti,Aîupabok,True,lowercased
1209,Eis que se aproxima minha vida futura,eis que se aproxima minha vida futura,Okakar kó xe rekoberama re'a,True,lowercased
1210,Deus deixou de amá-los,deus deixou de amá-los,Tupã osaûsupe'a,True,lowercased
1211,Cada vez que se lembra dela,cada vez que se lembra dela,Sesé o ma'enduara îabi'õ,True,lowercased
1212,Vim do céu para vos ajudar sempre,vim do céu para vos ajudar sempre,Aîur ybaka suí îepi nhẽ pe pytybõmo,True,lowercased
1213,Hei de contar os pecados deles,hei de contar os pecados deles,T'aîpapáne i angaîpaba,True,lowercased
1214,Vais definitivamente,vais definitivamente,Eresó nhẽ peũî,True,lowercased
1215,Eu somente nesta aldeia morava,eu somente nesta aldeia morava,Xe anhõ kó taba pupé aîkó,True,lowercased
1216,Estou quieto,estou quieto,Ainĩ,True,lowercased
1217,Lancei a âncora,lancei a âncora,Aîtyk itasama,True,lowercased
1218,"Para esse belo procedimento, a gente a mantém em seu próprio quarto (isto é, a água benta), aí dependurando o recipiente em que a bebe","para esse belo procedimento, a gente a mantém em seu próprio quarto , aí dependurando o recipiente em que a bebe","Aîpó tekoporanga resé asé serekóû o kotype, a'epe i moîasekóbo i gûaburu",True,parentheses_removed | lowercased
1219,Estabeleci uma plantação de milho,estabeleci uma plantação de milho,Atupá-rung abati,True,lowercased
1220,Disse isso conhecendo o futuro esmagamento dos habitantes daquela cidade chamada Jerusalém,disse isso conhecendo o futuro esmagamento dos habitantes daquela cidade chamada jerusalém,Akûeî tabusu Îerusalém 'îaba pora mombebaûama kuapa nhẽ aîpó i 'éû,True,lowercased
1221,Nossas casas estão estabelecidas uma junto da outra,nossas casas estão estabelecidas uma junto da outra,Xe apyri tuî - Ele mora a meu lado O îoapyri oré roka ruî,True,lowercased
1222,Enterro-o,enterro-o,Aîatyb,True,lowercased
1223,Cavei a terra,cavei a terra,Ayby-ybykoî,True,lowercased
1224,Vivo na virtude,vivo na virtude,Aîkó tekokatu resé,True,lowercased
1225,o que vai buscar água (à fonte),o que vai buscar água,ypîasoara,True,parentheses_removed | trimmed
1226,Que vá toda a minha doença para longe de minha alma,que vá toda a minha doença para longe de minha alma,T'osó-pá xe mara'ara kûepe xe 'anga suí,True,lowercased
1227,a sela dele,a sela dele,sendaba,False,
1228,"Há de se me deparar algum, primeiro","há de se me deparar algum, primeiro",T'oîesub amõ ixébo ranhẽ,True,lowercased
1229,Dentro daquele navio fazendo-os embarcar consigo também,dentro daquele navio fazendo-os embarcar consigo também,A'e ygarusu pupé sero'arukáno,True,lowercased
1230,Por ser Nosso Senhor Jesus Cristo o que tira os pecados,por ser nosso senhor jesus cristo o que tira os pecados,Tekoangaîpabokaramo Îandé Îara Îesu Cristo rekóreme,True,lowercased
1231,Desperdiçaste as coisas de alguém?,desperdiçaste as coisas de alguém?,Ereîmombukápe abá mba'e?,True,lowercased
1232,Estou atrás de caça,estou atrás de caça,So'o resé aîkó,True,lowercased
1233,Levei todos,levei todos,Arasó pab,True,lowercased
1234,Junto água,junto água,Atykûar,True,lowercased
1235,Que ouçam aquilo que tu dizes,que ouçam aquilo que tu dizes,T'osendu aîpó nde 'é,True,lowercased
1236,osso de tembetá,osso de tembetá,metara kanga,False,
1237,Mas não enfiará a gente a mão em sua boca para parti-lo?,mas não enfiará a gente a mão em sua boca para parti-lo?,Nd'opo'ẽî xûé-tepe asé o îuru pupé i mbo'iragûama reséne?,True,lowercased
1238,"Os que não acreditavam nele trabalharam em conjunto, ficando a flechá-lo","os que não acreditavam nele trabalharam em conjunto, ficando a flechá-lo",Serobîasare'yma potyrõû iî ybõîybõmo,True,lowercased
1239,"Sus, que ele vá!","sus, que ele vá!",Ne'ĩ t'osó!,True,lowercased
1240,"No mesmo dia em que a comeres, cairá a morte em ti","no mesmo dia em que a comeres, cairá a morte em ti",Ara nde i gûaba pupé bé o'a te'õ nde reséne,True,lowercased
1241,Acreditas na dança do Guajupiá?,acreditas na dança do guajupiá?,Ererobîarype Gûaîupîá moraseîa?,True,lowercased
1242,"Eu mesmo, como se viu, já vos disse isso","eu mesmo, como se viu, já vos disse isso",Ixé aé ã a'é umûã nakó peẽme,True,lowercased
1243,(o) muito maior (superlativo),muito maior,tubixabeté,True,parentheses_removed | trimmed
1244,Não são sem consequências os teus pecados,não são sem consequências os teus pecados,Na sa'ubi nde rekopoxy,True,lowercased
1245,"o que ameaça, ameaçador","o que ameaça, ameaçador",momboîtara,False,
1246,"o forte, o bravo","o forte, o bravo",tatã,False,
1247,licor de caju,licor de caju,akaîu 'y,False,
1248,Fiquei-me apressando em ter sauiás,fiquei-me apressando em ter sauiás,Anhemoanhẽ-anhẽ saûîá reru-rerupa,True,lowercased
1249,Carpi-as,carpi-as,Aîkapir,True,lowercased
1250,Amarrai os malditos!,amarrai os malditos!,Peîpûá muru!,True,lowercased
1251,Fazer feder esta aldeia com o desejo sensual,fazer feder esta aldeia com o desejo sensual,Kó taba monema moropotara pupé,True,lowercased
1252,Que não vejam mais o sol!,que não vejam mais o sol!,T'osepîak-y bé umẽ kûarasy!,True,lowercased
1253,Há algum homem na condição de seu substituto?,há algum homem na condição de seu substituto?,Oîkobépe amõ abá sekobîaramo?,True,lowercased
1254,Os que sofrem algo pela justiça,os que sofrem algo pela justiça,Tekokatu resé mba'e porarasara,True,lowercased
1255,Os franceses trouxeram pólvora em vão,os franceses trouxeram pólvora em vão,Aîuruîuba mokaba ogûeru tenhẽ,True,lowercased
1256,Contigo sempre estamos,contigo sempre estamos,Nde resé memẽ oroîkó,True,lowercased
1257,Eu estou benzido,eu estou benzido,Xe karaíb,True,lowercased
1258,Ele é muito bom,ele é muito bom,I katu-pyryb,True,lowercased
1259,Bebem muito todos,bebem muito todos,Oka'ugûasu pabẽ,True,lowercased
1260,Eu babo,eu babo,Xe rendysyryk,True,lowercased
1261,Hei de flechá-lo!,hei de flechá-lo!,T'aîybõne!,True,lowercased
1262,o aleijado de orelhas,o aleijado de orelhas,nambi-asyka,False,
1263,Não hei de estar na maldade diante dele,não hei de estar na maldade diante dele,Aîkó umẽpe mba'epoxy resé sobaké ká,True,lowercased
1264,Fiz gaiola para eles,fiz gaiola para eles,Asokaîmonhang,True,lowercased
1265,"Antes que ele agonize verdadeiramente, que vá alguém me chamar","antes que ele agonize verdadeiramente, que vá alguém me chamar",I mara'areté e'ymebé t'osó abá xe renõîa,True,lowercased
1266,Mas não foste tu?,mas não foste tu?,Na nde ruã-te?,True,lowercased
1267,Ele dará para mim minha aflição,ele dará para mim minha aflição,A'e xe rekotebẽsaba oîme'eng ixébene,True,lowercased
1268,"Ah, que mau é o pecado! Que mau que é fulano!","ah, que mau é o pecado! que mau que é fulano!",Tieté kó angaîpaba maniîabo mã! Tieté kó ahẽ maniîabomã!,True,lowercased
1269,Eu sou enfermiço,eu sou enfermiço,Xe mba'easypotar,True,lowercased
1270,"Vamos, conversemos com os que nos procuram","vamos, conversemos com os que nos procuram",Ne'ĩ t'îamongetá îandé rekasara ri,True,lowercased
1271,Não ia para o céu outrora a alma de ninguém?,não ia para o céu outrora a alma de ninguém?,Abá 'angûera amõ soe'ymi ybakype erimba'e?,True,lowercased
1272,Eu fui peado,eu fui peado,Xe pukusam,True,lowercased
1273,Vamos para quebrar as cabeças dos reis,vamos para quebrar as cabeças dos reis,Îasó tubixaba akanga kábo,True,lowercased
1274,"prato côncavo, prato fundo","prato côncavo, prato fundo",nha'ẽ-pyko'ẽ,False,
1275,"Descendo com seus choros, indo com seus gritos","descendo com seus choros, indo com seus gritos","O îase'o rerogûeîypa, ogûasẽ-gûasema rerasóbo",True,lowercased
1276,Oh! Que multidão estes peixes são! (ou Quanto peixe é este!),oh! que multidão estes peixes são!,Tó te'ĩ kó pirá rekóû mã!,True,parentheses_removed | lowercased | trimmed
1277,Cocei-o,cocei-o,Ase'yĩ,True,lowercased
1278,Do amor a Deus encheu suas almas,do amor a deus encheu suas almas,Tupã raûsuba resé i 'anga porakari,True,lowercased
1279,"Olhe bem que, por isso mesmo, o maldito ataca o homem, tornando-se apresador dele","olhe bem que, por isso mesmo, o maldito ataca o homem, tornando-se apresador dele","Nd'e'i te'e moxy keteté abá ropenhana, sesé oîemoembiaryîá",True,lowercased
1280,A ele eu beijarei suas faces,a ele eu beijarei suas faces,A'e ipó asetobapé-pyténe,True,lowercased
1281,"Antigamente eu ficava sempre junto de ti, no alto do morro","antigamente eu ficava sempre junto de ti, no alto do morro","Akûeîme apytá memẽ nde pyri, ybytyrapûápe",True,lowercased
1282,"Indo, voltei atrás","indo, voltei atrás","Aîeby benhẽ, gûixóbo",True,lowercased
1283,Leio-o,leio-o,Aîmongetá,True,lowercased
1284,Dia muito bom surgiu para nós hoje,dia muito bom surgiu para nós hoje,Arangaturameté o'a îandébo kori,True,lowercased
1285,"o amarelo do ovo, isto é, a gema","o amarelo do ovo, isto é, a gema",tupi'a-îuba,False,
1286,Enquanto houver o mundo o homem a bendirá?,enquanto houver o mundo o homem a bendirá?,Ara rekó pukuîpe abá i mombe'ukatune?,True,lowercased
1287,Que amemos nosso pai,que amemos nosso pai,T'orosaûsu îandé ruba,True,lowercased
1288,"Como a gente se porta, entrando na igreja?","como a gente se porta, entrando na igreja?",Marangatupe asé rekóû Tupãokype oîkŷabo?,True,lowercased
1289,Não há modo de contá-los,não há modo de contá-los,N'i papasabi,True,lowercased
1290,Para Deus nos encorajar contra o diabo,para deus nos encorajar contra o diabo,Anhanga supé Tupã asé mopyatãgûama resé,True,lowercased
1291,Estavam felizes ao ver-me,estavam felizes ao ver-me,Sory-katu xe repîaka,True,lowercased
1292,"Embora me interessasse, junto àquelas não cheguei","embora me interessasse, junto àquelas não cheguei","Anhangerekó îepé, aîpó supé n'abasemi",True,lowercased
1293,"Três chefes chamados ""reis"" que vêm da direção do Oriente","três chefes chamados ""reis"" que vêm da direção do oriente","Mosapyr morubixaba ""reis"" 'îaba kûarasysembaba koty suí ouryba'e",True,lowercased
1294,"Deus, a descoberto, imediatamente revelou-se a eles","deus, a descoberto, imediatamente revelou-se a eles",Aûnhenhẽ Tupã katupe îepîakukari i xupé,True,lowercased
1295,Para onde a multidão numerosíssima levou Nosso Senhor?,para onde a multidão numerosíssima levou nosso senhor?,Mamõpe erimba'e te'yî-katupabẽ Îandé Îara rerasóû?,True,lowercased
1296,Quais são os nomes da Santíssima Trindade?,quais são os nomes da santíssima trindade?,Marã-marãpe Santíssima Trindade rera?,True,lowercased
1297,"Dentro dele está Jesus Cristo, sua divindade e seu corpo em inteireza","dentro dele está jesus cristo, sua divindade e seu corpo em inteireza","I pupé Îesu Cristo rekóû, i Tupã, seté abé gûetependûara pupé",True,lowercased
1298,"Mas os doentes a comem, bem certamente","mas os doentes a comem, bem certamente",Mba'easybora-te aîekatu i 'uû,True,lowercased
1299,Suas almas e seus corpos fez,suas almas e seus corpos fez,I 'anga seté monhangi,True,lowercased
1300,"Pergunta tu, primeiro","pergunta tu, primeiro",Nde ranhẽ eporandub,True,lowercased
1301,"Impedem os casamentos, mandando impossibilitá-los","impedem os casamentos, mandando impossibilitá-los",Mendara omoarûab i moabaibuká,True,lowercased
1302,Rezando a ele no tempo de sua aflição,rezando a ele no tempo de sua aflição,I xupé o ekotebẽsaba resé oîerurébo,True,lowercased
1303,campo limpo (sem árvores),campo limpo,nhũ-asyma,True,parentheses_removed | trimmed
1304,Lavrei a pedra,lavrei a pedra,Aitá-mombipik,True,lowercased
1305,Faze-me tu valente,faze-me tu valente,Xe mopyatã îepé,True,lowercased
1306,Pode certamente (contá-lo) para quem o repreenderá,pode certamente para quem o repreenderá,E'ikatu ipó senonhẽndarama supé é,True,parentheses_removed | lowercased | whitespace_collapsed
1307,guará da cara manchada,guará da cara manchada,gûaraobanhana,False,
1308,sela de cavalo,sela de cavalo,kabaru repanaku,False,
1309,Arreganhei os dentes,arreganhei os dentes,Xe rãîbitir,True,lowercased
1310,Troquei-lhe uma criação,troquei-lhe uma criação,Asekobîarõ seîmbaba i xupé,True,lowercased
1311,"Doravante, não estejais aflitos","doravante, não estejais aflitos","Angiré, pe poreaûsub umẽ",True,lowercased
1312,Não corrigindo seu filho quando ele estiver no mal,não corrigindo seu filho quando ele estiver no mal,O a'yra marãbirĩ sekóreme senonhene'yma,True,lowercased
1313,Vereis também futuramente minha vinda sobre as nuvens,vereis também futuramente minha vinda sobre as nuvens,Pesepîak irã ybytinga 'arybo xe rura béne,True,lowercased
1314,Arranco o amargor do sal,arranco o amargor do sal,Aîukyrakok,True,lowercased
1315,"Já chega, certamente!","já chega, certamente!",Aûîé ipó!,True,lowercased
1316,Eu tenho o rosto esburacado (com varíola),eu tenho o rosto esburacado,Xe robá-pu-puk,True,parentheses_removed | lowercased | trimmed
1317,"o que é frito, a fritura","o que é frito, a fritura",i mosyryrĩmbyra,False,
1318,Prendi-os um ao pescoço do outro,prendi-os um ao pescoço do outro,O îoaîuri aîmoín,True,lowercased
1319,a ira de Deus,a ira de deus,Tupã nhemoŷrõama,True,lowercased
1320,Por tuas pegadas há de ir minh'alma sempre,por tuas pegadas há de ir minh'alma sempre,Nde rakypûera rupi t'osó xe 'anga îepi,True,lowercased
1321,"Sempre os malditos para nós dizem maldades, mui perversamente","sempre os malditos para nós dizem maldades, mui perversamente",Memẽ nhẽ moxy îandébo marã e'i-memûã-memûã,True,lowercased
1322,"Se uma coisa que é muito saborosa enjoa, comendo-a muito, eis que tanto mais tu expelirás o que não é coisa boa","se uma coisa que é muito saborosa enjoa, comendo-a muito, eis que tanto mais tu expelirás o que não é coisa boa","Mba'e sekatuba'e abiã oîmoting i 'uetébo, memetiã nde nda mba'e-katu ruã euĩ ereîmo'ẽ",True,lowercased
1323,Assim havemos de nos acariciar!,assim havemos de nos acariciar!,Nã takó îomomoranga re'a!,True,lowercased
1324,O diabo te agasta,o diabo te agasta,Anhanga nde moabaîté,True,lowercased
1325,Alimentei-o rispidamente,alimentei-o rispidamente,Aîopoî-îeaseî,True,lowercased
1326,Algum diabão espião sempre me ameaça,algum diabão espião sempre me ameaça,Amõ anhangusu-manhana îepimemẽ xe momboî,True,lowercased
1327,faca de taquara,faca de taquara,takûá-kysé,False,
1328,Eu enviuvei,eu enviuvei,Xe mene'õ,True,lowercased
1329,Eu estou com doença venérea,eu estou com doença venérea,Xe rakûanhaíb,True,lowercased
1330,Que ele faça Deus lembrar-se de nós,que ele faça deus lembrar-se de nós,A'e îandé resé Tupã t'omoma'enduar,True,lowercased
1331,"Nós, enfim, havemos de voar para o paraíso","nós, enfim, havemos de voar para o paraíso",Îandé té t'îabebé Tupãrorypápe nhẽ,True,lowercased
1332,Eis que este é o pão verdadeiro,eis que este é o pão verdadeiro,Kó té mi'u-eté,True,lowercased
1333,Que chegue logo ao lugar de o matarem,que chegue logo ao lugar de o matarem,T'obasem esapy'a o îukaûãme,True,lowercased
1334,Eu sou rugoso,eu sou rugoso,Xe akaraxixã,True,lowercased
1335,Assei-me,assei-me,Aîyb,True,lowercased
1336,Este santo faz aquele que roga a ele alcançar suas coisas sumidas,este santo faz aquele que roga a ele alcançar suas coisas sumidas,Kó santo o mongetasara oîmoîekosub i mba'e i kanhembyra,True,lowercased
1337,Eu estou resfolgando,eu estou resfolgando,Xe putuẽ-tuẽ,True,lowercased
1338,"Eu tenho rosto muito vermelho, eu enrubesço","eu tenho rosto muito vermelho, eu enrubesço",Xe robá-pyrã-pyrang,True,lowercased
1339,Detestando-os mais que tudo o que deve ser lamentado e o que se deve detestar neste mundo,detestando-os mais que tudo o que deve ser lamentado e o que se deve detestar neste mundo,"Seroŷrõmo opakatu ikó 'ara pupé i moasypyra, seroŷrõmbyra sosé",True,lowercased
1340,"Eu hei de bem apanhar-te, fazendo-te cair no meu mundéu","eu hei de bem apanhar-te, fazendo-te cair no meu mundéu","Xe t'oropysykatu, xe mundépe nde mbo'a",True,lowercased
1341,"Desde a Galiléia, sua origem","desde a galiléia, sua origem","Galilea suí katu, i ypyrunga",True,lowercased
1342,Sendo tu Deus também,sendo tu deus também,Tupãnamo eîkóbo bé,True,lowercased
1343,Que fizeram com ele antes de o enterrarem?,que fizeram com ele antes de o enterrarem?,Marãpe serekóû i tym-y îanondé?,True,lowercased
1344,"homem grosseiro, zombeteiro","homem grosseiro, zombeteiro",abá-memûã,False,
1345,"a unhada de fulano, a marca das unhas de fulano","a unhada de fulano, a marca das unhas de fulano",ahẽ pûapẽ-mbora,False,
1346,pano de algodão,pano de algodão,amynyîu-aoba,False,
1347,tranca da porta,tranca da porta,okena potãîa,False,
1348,"Eu sou Guaixará bebedor de cauim, comedor de gente, queimador de gente, diabo trucidador de gente","eu sou guaixará bebedor de cauim, comedor de gente, queimador de gente, diabo trucidador de gente","Gûaîxará kagûara ixé, morûara, moroapŷara, anhanga morapitîara",True,lowercased
1349,"Ora, quem seria aquele?","ora, quem seria aquele?",Abáp'akó é?,True,lowercased
1350,No vale que tem nome Josafat,no vale que tem nome josafat,Ybytygûaîa Îosafat seryba'epe,True,lowercased
1351,Minhas próprias coisas,minhas próprias coisas,Xe mba'e teé,True,lowercased
1352,"Meu senhor, eis que eu não sou digno para que entres em meu coração","meu senhor, eis que eu não sou digno para que entres em meu coração","Xe îar, na xe angaturami ã a'emo ereîké xe py'ape",True,lowercased
1353,"Meu ex-marido há de ser, certamente","meu ex-marido há de ser, certamente",Xe mendûera ipó re'ĩ,True,lowercased
1354,Ele vos fortalece,ele vos fortalece,A'e pe mopyatã,True,lowercased
1355,Louvo-te muito por tu me teres salvado,louvo-te muito por tu me teres salvado,Oromoeté-katu nde xe pysyrõagûera resé,True,lowercased
1356,comer um ao outro,comer um ao outro,îo'u,False,
1357,"Ainda bem que, ainda outrora, repeli meus pecados","ainda bem que, ainda outrora, repeli meus pecados",Aûîetéramo erimba'e bé xe angaîpagûera aîpe'a re'a,True,lowercased
1358,os que se salvam em Deus,os que se salvam em deus,Tupã resé oîepysyrõba'e,True,lowercased
1359,"Ah, veio mesmo para cá o Ostra Grande!","ah, veio mesmo para cá o ostra grande!",Té oureté kybõ Reriûasu mã!,True,lowercased
1360,"O desejo sensual tornado costumeiro, a janotice, o vício, isso Nosso Senhor, após o recebermos nós em nossa alma, impede de se querer","o desejo sensual tornado costumeiro, a janotice, o vício, isso nosso senhor, após o recebermos nós em nossa alma, impede de se querer","Moropotara semipokuabe'yma, arũaíba, tekó-poxy anga Îandé Îara îandé 'angyme îandé ogûar'iré ybŷá potara oîmoaruab",True,lowercased
1361,"bola, novelo de lã","bola, novelo de lã",inimbó-apu'a,False,
1362,Cá vem um barco Não faz senão ir,cá vem um barco não faz senão ir,Kó ygara ruri Osó-te,True,lowercased
1363,ponteiro da escola,ponteiro da escola,nhembo'esaba kuabe'engaba,False,
1364,Antecipei (ou atalhei) sua fala,antecipei sua fala,Aînhe'engenondear,True,parentheses_removed | lowercased | whitespace_collapsed
1365,"Que eles bem perdoem hoje a nós, dando anzóis","que eles bem perdoem hoje a nós, dando anzóis","T'i nhyrõngatu kori îandébo, pindá me'enga",True,lowercased
1366,Não os temos desde nossos avós,não os temos desde nossos avós,- Marãpe pe rubixabetae'ym? - Nd'oroerekóî nhẽ oré ramuîa abé - Por que vós não tendes muitos reis?,True,lowercased
1367,Dentro dela está sua divindade?,dentro dela está sua divindade?,I pupépe i tupã rekóû?,True,lowercased
1368,Hei de viver assim,hei de viver assim,Emonã takó aîkó,True,lowercased
1369,"Não são modos de o honrar a bebedeira, o maltratar seu próximo, atacando-o","não são modos de o honrar a bebedeira, o maltratar seu próximo, atacando-o","Na i moetesaba ruã ka'u, o apixara rerekoaíba, sopenhana",True,lowercased
1370,"Aos tapuias trouxe as velhas de além de Magueá Então, fiquei descansado","aos tapuias trouxe as velhas de além de magueá então, fiquei descansado",Tapuîpe gûaîbĩ aru amõ Magûeá suí A'ereme aputu'u,True,lowercased
1371,Eu sou vingativo,eu sou vingativo,Xe îepykixûer,True,lowercased
1372,"Como modo de honrar sua vinda, este dia honramos","como modo de honrar sua vinda, este dia honramos",Turagûera moetesabamo kó 'ara îamoeté,True,lowercased
1373,"Virá de novo Jesus Cristo do céu, futuramente?","virá de novo jesus cristo do céu, futuramente?",Our-y bépe irã Îesu Cristo ybaka suíne?,True,lowercased
1374,Nas minhas costas levei-o,nas minhas costas levei-o,Xe aseî arasó,True,lowercased
1375,Trouxe a coragem,trouxe a coragem,Myatã ogûeru,True,lowercased
1376,Sob tuas mãos estamos,sob tuas mãos estamos,Nde pó gûyrype oroîkó,True,lowercased
1377,"Beijou suas faces, nele tocando também?","beijou suas faces, nele tocando também?","Osetobapé-pytépe erimba'e, sesé obyka bé?",True,lowercased
1378,"Eis aqui meus chifrões, meus dentes","eis aqui meus chifrões, meus dentes","Kó xe 'akusu, xe ranha",True,lowercased
1379,"bem cedo, bem de madrugada","bem cedo, bem de madrugada",îeîbeté,False,
1380,Nós somos portadores de riquezas para ele,nós somos portadores de riquezas para ele,Oré ma'e îara ahẽ pé,True,lowercased
1381,"Eia, enforca-os logo!","eia, enforca-os logo!","Ne'ĩ, taûîé i aîubyka!",True,lowercased
1382,Leva-o depressa,leva-o depressa,Erasó esapy'a,True,lowercased
1383,Faço as coisas devagar,faço as coisas devagar,A'é umanĩ mba'e monhanga,True,lowercased
1384,"Minha nação, outrora, estava de acordo com a cultura primeira","minha nação, outrora, estava de acordo com a cultura primeira","Xe anama, erimba'e, tekó-ypyramo sekóû",True,lowercased
1385,ferida da cabeça,ferida da cabeça,a-pixapaba,False,
1386,Vem novamente para curá-los!,vem novamente para curá-los!,Eîorino i mombûeîrapa!,True,lowercased
1387,Amemos todos Santa Maria,amemos todos santa maria,T'îasaûsu pabẽ Santa Maria,True,lowercased
1388,"Aquele, de fato, não é diferente da cobra","aquele, de fato, não é diferente da cobra",Aîpoba'e tenhẽ n'oîabyî mboîa,True,lowercased
1389,"Depois disso, os descendentes de Noé perderam-se?","depois disso, os descendentes de noé perderam-se?",A'e roîré bépe Noé remiminõetá roparamo?,True,lowercased
1390,Eu sou fujão,eu sou fujão,Xe kanhemixûer,True,lowercased
1391,Ele certamente comete pecado com tua mulher,ele certamente comete pecado com tua mulher,I angaîpab rakó nde remirekó resé,True,lowercased
1392,Junto a si fazendo-vos sentar,junto a si fazendo-vos sentar,O pyri pe mogûapyka,True,lowercased
1393,"lit, tromba comprida, gorgulho, inseto coleóptero","lit, tromba comprida, gorgulho, inseto coleóptero",tĩmuku,False,
1394,Sobram-me sauiás,sobram-me sauiás,Xe resemõ sauîá,True,lowercased
1395,Onde a gente se reunirá?,onde a gente se reunirá?,Umãmepe asé nheŷnhangi-ne?,True,lowercased
1396,Que somente a ti eu ame,que somente a ti eu ame,Nde anhõ t'oroaûsu,True,lowercased
1397,Como seus discípulos receberam-vos,como seus discípulos receberam-vos,O boîáramo pe rari,True,lowercased
1398,vara,vara,ybyrá'ĩ,False,
1399,Estou derrubado,estou derrubado,Aîero'ar,True,lowercased
1400,querendo que a canoa passe adiante,querendo que a canoa passe adiante,ygara kûabĩ potá,False,
1401,"Excitaste-o, esfregando-te no teu companheiro?","excitaste-o, esfregando-te no teu companheiro?",Ereîkapyrokype nde rapixarĩ resé eîekytyka?,True,lowercased
1402,companheiro dele,companheiro dele,i irũ → irũ,False,
1403,"Ao morrer eu, que tu venhas para levar-me para o alto","ao morrer eu, que tu venhas para levar-me para o alto","Xe îekyîme, t'ereîu ybaté xe rerasóbo",True,lowercased
1404,"A gente adora, com efeito, o que é feito de barro?","a gente adora, com efeito, o que é feito de barro?",Nha'uma i monhangymbyra nhẽpe asé oîmoeté?,True,lowercased
1405,Não sabia do perdão de Deus a mim,não sabia do perdão de deus a mim,N'aîkuabi ixébo Tupã nhyrõagûera,True,lowercased
1406,"Ele, certamente, faz tirar-lhe o efeito de mim","ele, certamente, faz tirar-lhe o efeito de mim",A'e ipó oîmoarybé-ukar xe suí,True,lowercased
1407,"""Que se enfraqueça, que amoleça""","""que se enfraqueça, que amoleça""","""T'onhemomembek, t'onhemoapapu""",True,lowercased
1408,"Após nascer Deus-Filho de sua mãe, os judeus cortaram seu prepúcio","após nascer deus-filho de sua mãe, os judeus cortaram seu prepúcio",Tupã Ta'yra o sy suí i 'ar'iré îudeus i 'apira mondoki,True,lowercased
1409,"apropriada para igreja (pex, roupa)",apropriada para igreja,tupãoka arõana,True,parentheses_removed | trimmed
1410,"Ladroeira, palavras ruins, mentiras sobejavam-te","ladroeira, palavras ruins, mentiras sobejavam-te","Mondarõ, nhe'engaíba, mo'ema nde resemõ",True,lowercased
1411,vagem cheia,vagem cheia,Topé-pungá,False,
1412,Faze-nos tu viver,faze-nos tu viver,Oré moingobé îepé,True,lowercased
1413,Eu tenho papo (ou papada),eu tenho papo,Xe rendybagûyaî,True,parentheses_removed | lowercased | trimmed
1414,para seu fogo arrastando-nos,para seu fogo arrastando-nos,ogûatápe oré rekyîa,False,
1415,não indo ao encontro de meu senhor,não indo ao encontro de meu senhor,xe îara robaîxûare'yma,False,
1416,Todos havemos de convidar,todos havemos de convidar,Pabẽ t'îaîxo'o,True,lowercased
1417,remédio portador de cura,remédio portador de cura,mosanga mûeîrabyîara,False,
1418,Na minha frente ele disse isso,na minha frente ele disse isso,Xe robaké aîpó i 'éû,True,lowercased
1419,Reparti com ele a carne,reparti com ele a carne,Aîopoî ahẽ so'o pupé,True,lowercased
1420,O homem que esconde algo,o homem que esconde algo,Abá mba'e omimba'e,True,lowercased
1421,experimentando poções de ervas,experimentando poções de ervas,ka'a mosanga ra'anga,False,
1422,cria dos campos (animal ou planta),cria dos campos,nhũygûana,True,parentheses_removed | trimmed
1423,"jazimento de pedras grandes, penedia","jazimento de pedras grandes, penedia",itagûasutyba,False,
1424,"Tiveste relações sexuais com alguma mulher através das suas veredas na mata, como tua prostituta?","tiveste relações sexuais com alguma mulher através das suas veredas na mata, como tua prostituta?",Ereîkópe kunhã amõ resé i ka'asaba rupi nhẽ nde sugûaraîyramo?,True,lowercased
1425,"Aperta a cabeça do maldito, enfraquecendo-o muito","aperta a cabeça do maldito, enfraquecendo-o muito","Oîopyk muru akanga, i moatãe'ỹngatûabo",True,lowercased
1426,ajuntamento de cipós,ajuntamento de cipós,ysypó-tyba,False,
1427,Armei os laços,armei os laços,Aîusã-moín,True,lowercased
1428,Sei fazê-lo,sei fazê-lo,A'ekatu sesé,True,lowercased
1429,planejando maldades,planejando maldades,tekomemûã momboîa,False,
1430,"Matei-os muito, fiz matança","matei-os muito, fiz matança",Aîuká-matutenhẽ,True,lowercased
1431,Usaste um homem como mulher ou usou-te como mulher um homem?,usaste um homem como mulher ou usou-te como mulher um homem?,Ereîmotebirype abá koîpó nde motebirype abá?,True,lowercased
1432,O que tocou na irmã mais moça ou na irmã mais velha de sua noiva não pode casar-se nem mesmo com sua noiva,o que tocou na irmã mais moça ou na irmã mais velha de sua noiva não pode casar-se nem mesmo com sua noiva,O me'engabeté pyky'yra koîpó tykera resé obykyba'e n'e'ikatuî omendá o me'engabeté resé tiruã,True,lowercased
1433,Se não fosse ele ter ido,se não fosse ele ter ido,Osó é ahẽ îabynomã,True,lowercased
1434,além das montanhas,além das montanhas,ybytyra amongoty,False,
1435,Riscaram todo o teu corpo com lanças,riscaram todo o teu corpo com lanças,Opá nde reté raíri itatîãîa pupé,True,lowercased
1436,"Sofreu, suportando o fogo, tendo alegria após sua morte","sofreu, suportando o fogo, tendo alegria após sua morte","Sosang, tatá porarábo, o manõ riré toryba rerekóbo",True,lowercased
1437,Tonsurei-o,tonsurei-o,Aîmoapytereb,True,lowercased
1438,Confiemos nesses homens,confiemos nesses homens,T'i îerobîar apó abá ri,True,lowercased
1439,"Seu sangue era muito, no chão escorrendo","seu sangue era muito, no chão escorrendo",Sugûy turusu ybype osyryka,True,lowercased
1440,O que vê um homem furtar sem se importar,o que vê um homem furtar sem se importar,Abá mondarõ osepîakĩba'e,True,lowercased
1441,Estou assentado torto,estou assentado torto,Aín-apẽ,True,lowercased
1442,Paralelo a ele eu estava deitado,paralelo a ele eu estava deitado,I porupy aîub,True,lowercased
1443,"no fim do mundo (lit, no tempo de acabar o mundo)",no fim do mundo,ara papápe,True,parentheses_removed | trimmed
1444,Asperge-se com água benta,asperge-se com água benta,Oîeypyî 'y-karaíba pupé,True,lowercased
1445,Meu pai os inimigos comeram,meu pai os inimigos comeram,Xe ruba tobaîara îa'u,True,lowercased
1446,"Tremendo, então, a terra também","tremendo, então, a terra também",Yby abé a'ereme oryryîane,True,lowercased
1447,"Buscando seu Senhor, ao chegarem os reis, alegrou-se teu coração","buscando seu senhor, ao chegarem os reis, alegrou-se teu coração","O îara reká, reîá mbasembápe sory nde py'a",True,lowercased
1448,Acreditas nos feitiços do pajé?,acreditas nos feitiços do pajé?,Ererobîarype paîé îekaraimonhanga?,True,lowercased
1449,"coisas que se criam no mar, a fauna marítima","coisas que se criam no mar, a fauna marítima",paranãmbora,False,
1450,"Caburé, vem correndo!","caburé, vem correndo!","Kaburé, îori enhana!",True,lowercased
1451,"Mas quem há semelhante a mim, desafiando até mesmo a Deus?","mas quem há semelhante a mim, desafiando até mesmo a deus?","Abá-tepe oîkó xe oîá, Tupã tiruã momburûabo?",True,lowercased
1452,Invocam ainda o pajé Caruara,invocam ainda o pajé caruara,Osykyî mbyté paîé Karûara,True,lowercased
1453,Irei hoje à casa depois que tu vieres,irei hoje à casa depois que tu vieres,Asó kori okype nde rur'iréne,True,lowercased
1454,Levando os peixes todos,levando os peixes todos,Pirá mondóbo pá,True,lowercased
1455,Não houve sangue em teu parto,não houve sangue em teu parto,N'i tybi tugûy nde membyrasápe,True,lowercased
1456,Fi-lo muito mal,fi-lo muito mal,Aîmonhang serã-serã,True,lowercased
1457,Sigo-lhe o rastro,sigo-lhe o rastro,Asakypûemomosem,True,lowercased
1458,"o que a onça matou, o morto pela onça","o que a onça matou, o morto pela onça",îagûara remiîukapûera,False,
1459,homem maduro na idade e no juízo,homem maduro na idade e no juízo,apŷabusu,False,
1460,"Eia, nós também jejuemos","eia, nós também jejuemos","Pe'ĩ, îandé bé îaîekuakub",True,lowercased
1461,Fizeste incisões em teu filho quando a lua começou a sair?,fizeste incisões em teu filho quando a lua começou a sair?,Eresaírype nde ra'yra îasy semypyreme?,True,lowercased
1462,"Não te envergonhas, porventura, de ti mesmo, ao dominar-te o desejo sensual da carne podre?","não te envergonhas, porventura, de ti mesmo, ao dominar-te o desejo sensual da carne podre?",Nd'eretĩ-piã nde îosuí so'o-aíba poropotara apyrasápe?,True,lowercased
1463,"Em tuas mãos sentando-se, vai o menino, por Deus-Pai fazendo-te curvar a cabeça","em tuas mãos sentando-se, vai o menino, por deus-pai fazendo-te curvar a cabeça","Nde pópe ogûapyka, osó kunumĩ, Tupã Tuba ri nde reroîeaŷbyka",True,lowercased
1464,Pensa em vir para vos espantar,pensa em vir para vos espantar,Oú-mo'ang pe mondyîa,True,lowercased
1465,Tua alma é o que tem muito preço,tua alma é o que tem muito preço,Nde 'anga sepy-etéba'e,True,lowercased
1466,Tapo-o,tapo-o,Aîo'o,True,lowercased
1467,Vai à fonte,vai à fonte,Kûãî 'ype,True,lowercased
1468,Eis que ela é minha companheira,eis que ela é minha companheira,Xe irũ a'e ã,True,lowercased
1469,sobre a pedra,sobre a pedra,itá sosé,False,
1470,Hei de me aproximar muito dela para ver bem sua beleza,hei de me aproximar muito dela para ver bem sua beleza,Aroby-katupe ká i porangepîá-katûabo,True,lowercased
1471,"Atravessei-o, sem mais (sem entrar nem pousar)","atravessei-o, sem mais",Asasá-benhẽ,True,parentheses_removed | lowercased | trimmed
1472,Atravessei rios,atravessei rios,A'y-asab,True,lowercased
1473,"O cauim transbordante nas igaçabas, depois disso, os atrai, e, igualmente, as cuias das velhas","o cauim transbordante nas igaçabas, depois disso, os atrai, e, igualmente, as cuias das velhas","Ygasápe kaûĩ-tuîa a'e ré îamomotá, oîoîá gûaîbĩ rekuîa",True,lowercased
1474,"O que nossos avós quiseram ver, sem resultado, veio mesmo","o que nossos avós quiseram ver, sem resultado, veio mesmo",Îandé ramỹîa remiepîá-potá tenhẽ our é,True,lowercased
1475,uns atrás dos outros,uns atrás dos outros,o îoakypûé-kypûeri,False,
1476,"Atravessando o céu foi, deixando-te","atravessando o céu foi, deixando-te","Ybaka rasapa, osó, nde reîá",True,lowercased
1477,Eu me limpo das fezes,eu me limpo das fezes,Aîeîkûaru'umbok,True,lowercased
1478,Ficamos golpeando um ao outro,ficamos golpeando um ao outro,Oroîoapi - Golpeamos um ao outro Oroîoapi-api,True,lowercased
1479,Dizem que irá,dizem que irá,Osó ra'ene,True,lowercased
1480,"No dia de guarda do nascimento dele, acendemos a fogueira chamada ""caminho do salto""","no dia de guarda do nascimento dele, acendemos a fogueira chamada ""caminho do salto""",Ara i 'aragûera pîasaba pupé tatá i apyrasabapé 'îaba îaîmondyk,True,lowercased
1481,Quando o proferiu?,quando o proferiu?,Erimba'epe sa'angi?,True,lowercased
1482,"Morrendo, chegamos ao fim","morrendo, chegamos ao fim",Oropab oromanõmo,True,lowercased
1483,Dou-lhe pancadas na cabeça,dou-lhe pancadas na cabeça,Aî'apurupã,True,lowercased
1484,"desatinado, sem juízo, enlouquecido, maníaco","desatinado, sem juízo, enlouquecido, maníaco",angaingaibora,False,
1485,"tempo, lugar, modo, etc de tocar, de bater","tempo, lugar, modo, etc de tocar, de bater",mopûaba,False,
1486,cerca da aldeia,cerca da aldeia,taba pîasaba,False,
1487,Livrou-a do pecado primeiro em que Adão nos pôs,livrou-a do pecado primeiro em que adão nos pôs,I pysyrõû tekoangaîpabypy Adão îandé nongaba suí,True,lowercased
1488,O que tolera o que quer trabalhar nos feriados,o que tolera o que quer trabalhar nos feriados,Aretéreme i porabyky-potaryba'e mborypara,True,lowercased
1489,"Excitaste teu órgão sexual, lembrando-te de mulheres?","excitaste teu órgão sexual, lembrando-te de mulheres?","Ereîmoanĩpe nde remimborará, kunhã resé nde ma'enduaramo?",True,lowercased
1490,"Tu, em teus braços, Jesus ergueste","tu, em teus braços, jesus ergueste","Endé, nde îybápe, Îesu eresupi",True,lowercased
1491,Não me chames tu pelo nome diante dele senão me mata,não me chames tu pelo nome diante dele senão me mata,Xe renõî umẽ îepé i xupé na xe îukáî,True,lowercased
1492,Igualmente essa mãe de Deus nos maltrata,igualmente essa mãe de deus nos maltrata,Oîoîá kó Tupã sy îandé rerekomemûã,True,lowercased
1493,Como o revolutear de um urubu sobre coisas fedorentas,como o revolutear de um urubu sobre coisas fedorentas,Urubu mba'enema 'arybo nhemoîereba îabé,True,lowercased
1494,"Assim eu procederei, tendo saúde futuramente","assim eu procederei, tendo saúde futuramente",Akûeîkó xe rekóû xe marane'yma rerekóbo rimba'e re'a,True,lowercased
1495,antes de sua velhice,antes de sua velhice,o tunhãba'e e'ymebé,False,
1496,Destruiu outrora os tamoios,destruiu outrora os tamoios,Tamũîa omombab erimba'e,True,lowercased
1497,"Não faz efeito, às vezes, nosso remédio, fazendo avivar mais a doença","não faz efeito, às vezes, nosso remédio, fazendo avivar mais a doença","Sarûab amõme asé posangygûaba, mara'ara moîerobu-bé-uká",True,lowercased
1498,O dia está muito escuro (como que para chover),o dia está muito escuro,I pytũ-pytun 'ara,True,parentheses_removed | lowercased | trimmed
1499,para além de Lisboa,para além de lisboa,Lisboa akûeakoty,True,lowercased
1500,Seus antigos companheiros dei aos índios,seus antigos companheiros dei aos índios,Irũmbûera aîme'eng abá supé,True,lowercased
1501,Eu sou hábil em assim agir,eu sou hábil em assim agir,Xe popy'i emonã gûitekóbo,True,lowercased
1502,todos de uma espécie ou qualidade,todos de uma espécie ou qualidade,oîepeixûara,False,
1503,Quem é? Quem está aí?,quem é? quem está aí?,Abá-pipó?,True,lowercased
1504,Na casa de quem passaste?,na casa de quem passaste?,Abá rokype erekûá?,True,lowercased
1505,Eu estava-me esquecendo mesmo,eu estava-me esquecendo mesmo,Xe resaraî é gûitekóbo,True,lowercased
1506,o fruto que Deus proíbe,o fruto que deus proíbe,ybá Tupã remipysyrõ,True,lowercased
1507,Eu tenho diarréia,eu tenho diarréia,Xe rybykasy,True,lowercased
1508,"Eis que minh' alma, à qual tu vens, há de estar como teu leito","eis que minh' alma, à qual tu vens, há de estar como teu leito","Kó xe 'anga, nde rusaba, nde rupabamo t'oîkó",True,lowercased
1509,estes que estão em Ibiapaba,estes que estão em ibiapaba,kó Yby'apapesûara,True,lowercased
1510,ferrugem do ferro,ferrugem do ferro,itá repoti,False,
1511,"Pintaste-te a boca, sorrindo para os homens?","pintaste-te a boca, sorrindo para os homens?","Ereîeîuru-mopiningype, abá supé epukamirĩamo?",True,lowercased
1512,"o que anuncia as coisas, o pregador","o que anuncia as coisas, o pregador",mba'e rerosapukaîtara,False,
1513,Sua mãe não teve dor de parto,sua mãe não teve dor de parto,I xy n'i membyrasyî,True,lowercased
1514,"Cura-se algumas vezes, segundo os desígnios de Deus para a gente","cura-se algumas vezes, segundo os desígnios de deus para a gente","Opûerab amõnyme, Tupã asé rerekokuapaba rupi é",True,lowercased
1515,Tendo alegria,tendo alegria,Toryba rerekóbo,True,lowercased
1516,Acusando uma mulher para seu marido,acusando uma mulher para seu marido,Kunhã kuaûká i mena supé,True,lowercased
1517,remédio que é a causa da cura de nossa alma,remédio que é a causa da cura de nossa alma,mosanga asé 'anga mombûerasaba,False,
1518,Que conheça o caminho do céu,que conheça o caminho do céu,T'oîkuab ybaka piara,True,lowercased
1519,Remo a canoa,remo a canoa,Aygá-pukuî,True,lowercased
1520,Contando os pecados escondidos de alguém para quem não os conhece,contando os pecados escondidos de alguém para quem não os conhece,Abá angaîpá-nhemima i kuapare'yma supé mombegûabo,True,lowercased
1521,"Eis que ele, com a mãe de Deus, foi o que criou a Jesus, Deus","eis que ele, com a mãe de deus, foi o que criou a jesus, deus","A'e niã, Tupã sy irũnamo, Tupã Jesus mongakuasaramo sekóû",True,lowercased
1522,Que te regozijes muito com a virtude,que te regozijes muito com a virtude,T'ereîekosubeté tekoporanga resé,True,lowercased
1523,Da mesma forma que o laço está parado e é o pássaro que vai para dentro dele,da mesma forma que o laço está parado e é o pássaro que vai para dentro dele,"Ma'etakó nhusana oín nhote, gûyrá aé osó i pupé",True,lowercased
1524,Pelas minhas costas disseste isso,pelas minhas costas disseste isso,Xe kupébo aîpó eré,True,lowercased
1525,"Num dia semelhante a este, Santa Maria foi para visitar uma certa prima sua, Santa Isabel","num dia semelhante a este, santa maria foi para visitar uma certa prima sua, santa isabel",Kó 'ara nungara pupé Santa Maria sóû o ykera amõ ybá Santa Isabel supa,True,lowercased
1526,imitando a queda das frutas maduras,imitando a queda das frutas maduras,ybá-'apuba kuîa ra'anga,False,
1527,É verdade isso!,é verdade isso!,Anhẽ ûĩ!,True,lowercased
1528,Veio logo detrás de mim,veio logo detrás de mim,Xe atuaî bé turi,True,lowercased
1529,o que está no mar,o que está no mar,paranã pora,False,
1530,Não sabes que Deus expulsou nosso pai primeiro por causa de um só ato seu?,não sabes que deus expulsou nosso pai primeiro por causa de um só ato seu?,Nd'ereîkuabipe Tupã îandé rubypy oîepé nhõ sekoaba suí i mosemagûera?,True,lowercased
1531,uns aos outros (sendo muitos),uns aos outros,o îoupé-upé,True,parentheses_removed | trimmed
1532,"Tem muito cauim, porventura, meu avô Jaguaruna?","tem muito cauim, porventura, meu avô jaguaruna?",I kaûĩgûasu-pipó xe ramũîa Îagûaruna?,True,lowercased
1533,Eu não sou padre,eu não sou padre,Na abaré ruã ixé,True,lowercased
1534,Estou em busca de caça,estou em busca de caça,So'o resé aîkó,True,lowercased
1535,Eu tenho a extremidade pontuda,eu tenho a extremidade pontuda,Xe rapûá-obyr,True,lowercased
1536,Que afaste nossa maldade,que afaste nossa maldade,Îandé aíba t'oîpe'a,True,lowercased
1537,"Depois disso, o cauim transbordante nas igaçabas atrai-os","depois disso, o cauim transbordante nas igaçabas atrai-os",Ygasápe kaûĩ-tuîa a'e ré îamomotá,True,lowercased
1538,Longamente estava nosso pai primeiro chorando,longamente estava nosso pai primeiro chorando,Ipuku erimba'e îandé rubypy rekóû îase'o monhanga,True,lowercased
1539,"Assim tratada, certamente, uma pessoa chega bem","assim tratada, certamente, uma pessoa chega bem",Emonã serekopyra rakó abá obasẽ-porang,True,lowercased
1540,Por qual estado seu transparecia sua angústia?,por qual estado seu transparecia sua angústia?,Marã sekó resépe i angekoaíba îekuabi?,True,lowercased
1541,"Quem mais não o transgride, não jejuando?","quem mais não o transgride, não jejuando?",-Abá abépe nd'oîabyî oîekuakube'yma?,True,lowercased
1542,Ainda bem que morreu,ainda bem que morreu,Iîá omanõmo,True,lowercased
1543,Estive assentado no tronco de uma árvore,estive assentado no tronco de uma árvore,Ybyrá-ypype aín,True,lowercased
1544,Mandei fazer palma,mandei fazer palma,Apindó-pûaî,True,lowercased
1545,"Que lancemos fora nossa maldade, não acreditando nos pajés, em danças, rodopios com feitiços","que lancemos fora nossa maldade, não acreditando nos pajés, em danças, rodopios com feitiços","T'oroîtyk oré poxy, paîé rerobîare'yma, moraseîa, mbyryryma karaimonhanga ndi",True,lowercased
1546,Hei de ir obedecer a essas palavras,hei de ir obedecer a essas palavras,T'asó aîpó nhe'enga mopó,True,lowercased
1547,Felizes estão todos os homens,felizes estão todos os homens,Sory pakatu apŷaba,True,lowercased
1548,"Dos mandamentos de Deus eu era transgressor, na verdade","dos mandamentos de deus eu era transgressor, na verdade",Tupã tekomonhangaba i abŷaramo ra'e,True,lowercased
1549,Como Herodes mandou tratá-lo então?,como herodes mandou tratá-lo então?,Marãpe Herodes serekó-ukari a'epe?,True,lowercased
1550,"Por os levarem os padres, não os amo","por os levarem os padres, não os amo","Abaré ogûerasoápe, n'asaûsubi",True,lowercased
1551,Que faz o comungante para fazer Deus ficar consigo?,que faz o comungante para fazer deus ficar consigo?,Marãpe Tupã rasara rekóû o îoesé Tupã mombytábo?,True,lowercased
1552,Aqui estou para levar seu ventre e também seus pulmões para minha sogra velha,aqui estou para levar seu ventre e também seus pulmões para minha sogra velha,Kó aîkó sygepûera t'arasó i nhy'ãbebuîa abé xe raîxó-gûaîbĩ supé,True,lowercased
1553,Dia muito bom,dia muito bom,Arangaturameté,True,lowercased
1554,Fiz frustrar aquilo que fulano faria,fiz frustrar aquilo que fulano faria,Aîmorambûerukar ahẽ rekorambûera,True,lowercased
1555,Retirei o invólucro dele,retirei o invólucro dele,Aînhubã-rok,True,lowercased
1556,os que vêm do lado em que nasce o sol,os que vêm do lado em que nasce o sol,kûarasy sembaba koty suí ouryba'e,False,
1557,Podei-a,podei-a,Aî'ybab,True,lowercased
1558,"Ele, após crescer, entregou-se aos homens maus, fazendo-se matar na cruz","ele, após crescer, entregou-se aos homens maus, fazendo-se matar na cruz","A'e o kakuab'iré, i nheme'engi apŷabaíba supé, oîeîuká-uká ybyraîoasaba resé",True,lowercased
1559,Faz-te subir consigo hoje,faz-te subir consigo hoje,Nde reroîeupi kori,True,lowercased
1560,a vida de sua alma,a vida de sua alma,o 'anga rekobesaba,False,
1561,"Eu sou o grande tamoio Aimbirê, uma sucuriju","eu sou o grande tamoio aimbirê, uma sucuriju","Xe tamuîusu Aîmbiré, sukuriîu",True,lowercased
1562,Eu estou sujo,eu estou sujo,Xe ky'a,True,lowercased
1563,"Meus guardiães opor-se-ão a vós, como de costume","meus guardiães opor-se-ão a vós, como de costume",Xe rarõana opoapypyk îandune,True,lowercased
1564,"Sangue verdadeiro de meu Senhor Jesus Cristo, tu, outrora, como resgate, fizeste derramar-te na cruz","sangue verdadeiro de meu senhor jesus cristo, tu, outrora, como resgate, fizeste derramar-te na cruz","Xe îara Îesu Cristo rugûy-eté, nde erimba'e morepyramo ereîemo'ẽukar cruz pupé",True,lowercased
1565,Doador de nossa vida,doador de nossa vida,Îandé rekobé me'engara,True,lowercased
1566,ensinamento da palavra de Deus,ensinamento da palavra de deus,Tupã nhe'enga morombo'esaba,True,lowercased
1567,Para disfarçar a existência de suas presas ele disse isso,para disfarçar a existência de suas presas ele disse isso,O embiara kuakupa aîpó i 'éû,True,lowercased
1568,Acreditai um pouco mais nele,acreditai um pouco mais nele,I pyrybé perobîá,True,lowercased
1569,Como o viu se ele não tem corpo?,como o viu se ele não tem corpo?,"Marãpe sepîaki, setee'ymba'eramo sekó e'ymeté?",True,lowercased
1570,"Caburé, vem correndo!","caburé, vem correndo!","Kaburé, îori enhana",True,lowercased
1571,"Chamei-o, de fato, mas nem por isso veio","chamei-o, de fato, mas nem por isso veio",Asenõî nakó naeroîaî turi,True,lowercased
1572,Lacei a perna dele,lacei a perna dele,Asetymã-maman,True,lowercased
1573,Deixei-o [o líquido] até o meio dela [a vasilha],deixei-o até o meio dela,I ku'a rupi aseîar,True,brackets_removed | lowercased | whitespace_collapsed | trimmed
1574,Fachos para iluminar o caminho pela escuridão,fachos para iluminar o caminho pela escuridão,Sesaý pytumimbyka rupi pé resapébo,True,lowercased
1575,"""sob o sono da bem alta noite"", isto é, nas horas mortas da noite, em que todos dormem","""sob o sono da bem alta noite"", isto é, nas horas mortas da noite, em que todos dormem",pysaîé-katu ké-gûyrybo,False,
1576,Tratei bem das aflições de minha família,tratei bem das aflições de minha família,Arekó-angaturã xe anama poreaûsuba,True,lowercased
1577,Quando foi para visitá-la?,quando foi para visitá-la?,Erimba'epe i xóû i xupa?,True,lowercased
1578,Que venha para nos fazer felizes,que venha para nos fazer felizes,T'oú oré moorypa,True,lowercased
1579,Oxalá Deus mandasse os cadáveres de toda parte falarem o que terá sido o seu enterro,oxalá deus mandasse os cadáveres de toda parte falarem o que terá sido o seu enterro,Omonhe'enguká temõ Tupã te'õmbûera kóbo i tỹmbûerama,True,lowercased
1580,Ilha Grande (antigo nome de ilha das costas do Rio de Janeiro),ilha grande,Ypa'ũgûasu,True,parentheses_removed | lowercased | trimmed
1581,Que o faça perdoar a nós,que o faça perdoar a nós,T'omoîerekûab orébo,True,lowercased
1582,"Hei de comê-lo, pois","hei de comê-lo, pois",A'u nhẽne ky,True,lowercased
1583,"Ah, veio de fato para cá o Ostra Grande!","ah, veio de fato para cá o ostra grande!",Té oureté kybõ Reriûasu mã!,True,lowercased
1584,Faze estar muito longamente esta aldeia em Deus,faze estar muito longamente esta aldeia em deus,Eîmoingó-puku-katu kó taba Tupã resé,True,lowercased
1585,É medianamente grande,é medianamente grande,Turusu-nhota'ubĩ,True,lowercased
1586,Piorei muito de meu grande mal,piorei muito de meu grande mal,Aîerekoaibeté xe angaîpá-katu suí,True,lowercased
1587,"Portanto, nós rezamos aos santos?","portanto, nós rezamos aos santos?",Emonãnamope asé îeruréû santos-etá supé?,True,lowercased
1588,Eu ronco muito,eu ronco muito,Xe kerambugûasu,True,lowercased
1589,"Passei, somente (sem entrar nem pousar)","passei, somente",Akûab îõte,True,parentheses_removed | lowercased | trimmed
1590,Imediatamente vais para teu terreiro para cantar,imediatamente vais para teu terreiro para cantar,Aûnhenhẽ eresó nde rokápe enhe'engá,True,lowercased
1591,o que é dobrado (como fio),o que é dobrado,i poîoybyryba'e,True,parentheses_removed | trimmed
1592,Os habitantes do céu afligiram-se,os habitantes do céu afligiram-se,Ybakygûara onhemoputupab,True,lowercased
1593,"Tornam-nos famosos também, em suas bocas vilipendiando-os","tornam-nos famosos também, em suas bocas vilipendiando-os","Oîmoerapûan-y bé, o îurupe i momoxŷabo",True,lowercased
1594,Não são muitos meus pecados,não são muitos meus pecados,Na setáî xe angaîpaba,True,lowercased
1595,Lamenta-te!,lamenta-te!,Eîeapirõ!,True,lowercased
1596,És uma criancinha,és uma criancinha,Pitangĩnamo ereîkó,True,lowercased
1597,"Conta todos os teus pecados, sendo forte","conta todos os teus pecados, sendo forte",Eîmombe'u pakatu nde angaîpagûera nde ratãngaturamo,True,lowercased
1598,Fiquei-o apodando,fiquei-o apodando,Aseró-serok,True,lowercased
1599,Arranquei as penas de sua asa,arranquei as penas de sua asa,Aîpepó-'ok,True,lowercased
1600,Aqueles outros grandes chefes em ti confiam,aqueles outros grandes chefes em ti confiam,Amõaé tubixá-katu nde resé oîerobîá,True,lowercased
1601,Enxuguei-o,enxuguei-o,Aîmoaku'i,True,lowercased
1602,Aqui estamos alegrando-nos para festejar teu dia,aqui estamos alegrando-nos para festejar teu dia,Kó oroîkó oronhemborypa nde 'ara momorangápe,True,lowercased
1603,o que vai buscar água,o que vai buscar água,ypyasoara,False,
1604,Eu tenho palavras de rufião,eu tenho palavras de rufião,Xe nhe'engarũaíb,True,lowercased
1605,"Aquela lei nova, quem será que a trouxe?","aquela lei nova, quem será que a trouxe?",Aîpó tekó-pysasu abá serã ogûeru?,True,lowercased
1606,"É bonita esta igreja, tendo muitos adornos!","é bonita esta igreja, tendo muitos adornos!","I porang kó tupãoka, îegûakabetá rerupa!",True,lowercased
1607,Muito é o meu cansaço,muito é o meu cansaço,Turusu xe kane'õ,True,lowercased
1608,"Oh, que pena que meu pai morreu!","oh, que pena que meu pai morreu!",Omanõ tekatunheté xe ruba mã!,True,lowercased
1609,casa de terra,casa de terra,yby-oka,False,
1610,Durmo amiúde,durmo amiúde,Aker-akerĩ,True,lowercased
1611,"sol frio, isto é, sol encoberto, tempo nublado","sol frio, isto é, sol encoberto, tempo nublado",kûarasy-ro'y,False,
1612,A crença na dança enche os corações deles,a crença na dança enche os corações deles,Moraseîa rerobîara i py'a îaîporaká,True,lowercased
1613,Estou-me sentando,estou-me sentando,Agûapyk gûitena,True,lowercased
1614,"Adão, nosso primeiro pai","adão, nosso primeiro pai","Adão, oré rubypy",True,lowercased
1615,Hei de ir,hei de ir,Asóne-ká,True,lowercased
1616,Ele te chama particularmente,ele te chama particularmente,Nde katu nde renõî,True,lowercased
1617,Eu tenho cálculos renais,eu tenho cálculos renais,Xe typa'am,True,lowercased
1618,Tomei-o com ambas as mãos,tomei-o com ambas as mãos,Oîopobaî aîar,True,lowercased
1619,Nasci com as pernas dobradas,nasci com as pernas dobradas,Oîeaparybyri a'ar,True,lowercased
1620,pescador (com rede),pescador,îeporakasara,True,parentheses_removed | trimmed
1621,"Enfeitaste-te, tendo desejo sensual?","enfeitaste-te, tendo desejo sensual?",Erenhemoatyrõpe nde poropotaramo?,True,lowercased
1622,Jazo de bruços,jazo de bruços,Oobapybo aîub,True,lowercased
1623,Como Nosso Senhor a cura?,como nosso senhor a cura?,Marãpe Îandé îara i mombûerabi?,True,lowercased
1624,Deixa que eu vá para tentá-los,deixa que eu vá para tentá-los,T'asó sa'anga tenhẽ,True,lowercased
1625,Arrepende-se muito de seus pecados em seu coração,arrepende-se muito de seus pecados em seu coração,Omboasy-katu o angaîpaba o py'ape,True,lowercased
1626,Ainda mais eu,ainda mais eu,Ixé-tene,True,lowercased
1627,"Salve Rainha, nossa esperança","salve rainha, nossa esperança",Salve Rainha oré îerobîasaba,True,lowercased
1628,"Transgride também o homem aquela palavra de Deus invocando para seu próximo, bem em seu coração, o diabo ou a morte ou Jurupari?","transgride também o homem aquela palavra de deus invocando para seu próximo, bem em seu coração, o diabo ou a morte ou jurupari?",Oîaby bépe abá aîpó Tupã nhe'enga o py'ape-katu o apixara supé Anhanga koîpó te'õ koîpó Îurupari rekyîa?,True,lowercased
1629,Que trouxeste dentro de tua caixa?,que trouxeste dentro de tua caixa?,Mba'epe ererur nde karamemûã pupé?,True,lowercased
1630,"Eis que minha condição, na verdade, é assim","eis que minha condição, na verdade, é assim",Xe rekó anhẽ nhẽ nakó emonã,True,lowercased
1631,a sela do cavalo,a sela do cavalo,kabaru repanakũ,False,
1632,velha muito maldosa,velha muito maldosa,gûaîbĩ-marã serã-serã,False,
1633,Destruindo a descendência daquele primeiro homem branco,destruindo a descendência daquele primeiro homem branco,A'e karaibypy îeapykaba mondyka,True,lowercased
1634,"Vem, coisa fedorenta, coisa nojenta, tamarutaca!","vem, coisa fedorenta, coisa nojenta, tamarutaca!","Eîori, mba'enem, mba'e-poxy, tamarutaka!",True,lowercased
1635,se for assim,se for assim,emonãneme,False,
1636,Santificado seja teu nome,santificado seja teu nome,I moetepyramo nde rera t'oîkó,True,lowercased
1637,"Deus-Pai tem mãos, tem mão direita, tem mão esquerda?","deus-pai tem mãos, tem mão direita, tem mão esquerda?","I pópe Tupã-Tuba, i 'ekatuápe, i asupe?",True,lowercased
1638,Os homens batem nele à tua vista,os homens batem nele à tua vista,Sesé abá pûari nde resápe nhẽ,True,lowercased
1639,bago de tacape,bago de tacape,ygapẽ-nambi,False,
1640,"cabaça-pescocinho (isto é, em forma de pescoço, com estreitamento entre duas partes mais largas, estreita no meio e grossa nas pontas)",cabaça-pescocinho,yá-nhurĩ,True,parentheses_removed | trimmed
1641,"Alcovitice, prostituição - não quero que ninguém as deixe","alcovitice, prostituição - não quero que ninguém as deixe","Manhana, sygûaraîy - n'aîpotari abá seîara",True,lowercased
1642,remédio portador de cura,remédio portador de cura,mosanga mûeîrab-yîara,False,
1643,O que Cristo deixa como chefes dos cristãos batizados,o que cristo deixa como chefes dos cristãos batizados,Cristãos i mongaraibypyra tekokuaparamo Cristo remieîara,True,lowercased
1644,Moro com Pedro,moro com pedro,Aîkó Pero irũnamo,True,lowercased
1645,"pelouros grandes que se faziam da mandioca curtida, com que depois davam cor à farinha de guerra","pelouros grandes que se faziam da mandioca curtida, com que depois davam cor à farinha de guerra",u'i-apu'a,False,
1646,Arrombei-o,arrombei-o,Aîmonarang,True,lowercased
1647,Como será que um habitante do inferno viveria neste mundo se Deus o fizesse viver fora dali um mês?,como será que um habitante do inferno viveria neste mundo se deus o fizesse viver fora dali um mês?,Marãete'ĩ ra'umope amõ Anhanga ratá pora rekóû ikó 'ara pupé oîepé îasy Tupã ebanoĩ suí o moingobérememo?,True,lowercased
1648,Ó Pero!,ó pero!,Pero gûe'y!,True,lowercased
1649,Parece que é ele,parece que é ele,A'e îasûar,True,lowercased
1650,"Nela (isto é, na cruz) morrendo crucificado",nela morrendo crucificado,Sesé i moîarypyramo omanõmo,True,parentheses_removed | lowercased | whitespace_collapsed
1651,mais para cá,mais para cá,kybõ-ngoty bé,False,
1652,"Depois disso, hoje vamos quebrar as cabeças dos reis","depois disso, hoje vamos quebrar as cabeças dos reis",A'e ré kori îasó tubixaba akanga kábo,True,lowercased
1653,cabelo desgrenhado,cabelo desgrenhado,a-bebó,False,
1654,cunha de fender lenha,cunha de fender lenha,îepe'a-kasaba,False,
1655,Os cristãos como uma unidade,os cristãos como uma unidade,I mongaraibypyretá oîepegûasu îasûá,True,lowercased
1656,"Que diz a gente, querendo abrandar a Deus?","que diz a gente, querendo abrandar a deus?",Marã e'ipe asé Tupã mombu-potá?,True,lowercased
1657,"Eu tenho roça própria (isto é, que não faço com os outros)",eu tenho roça própria,Xe kó-é,True,parentheses_removed | lowercased | trimmed
1658,"Eu sou muito bochechudo, eu tenho bochechas grandes","eu sou muito bochechudo, eu tenho bochechas grandes",Xe retobapegûasu,True,lowercased
1659,"Depois disso, os malvados estão alta noite atacando pelas costas os maridos das mulheres","depois disso, os malvados estão alta noite atacando pelas costas os maridos das mulheres","A'e ré, moxy rekóû pysaîé kunhã mena kupea'pa",True,lowercased
1660,Hei de me esconder bem,hei de me esconder bem,Aîemĩngatupe ká,True,lowercased
1661,filha de Deus,filha de deus,Tupã raîyra,True,lowercased
1662,O peixe é-me enjoativo,o peixe é-me enjoativo,I ting pirá ixébo,True,lowercased
1663,Pertinho certamente ele está,pertinho certamente ele está,Mbypeteĩ ipó ahẽ rekóû,True,lowercased
1664,Dissestes tolices?,dissestes tolices?,Mba'epûera peîépe?,True,lowercased
1665,"Meu ex-marido há de ser certamente, o finado Piracaém","meu ex-marido há de ser certamente, o finado piracaém","Xe mendûera ipó re'ĩ, Piraka'ẽ amyrĩ!",True,lowercased
1666,Oxalá ela estivesse sem roupa!,oxalá ela estivesse sem roupa!,Ikatupe nhẽ temõ mã!,True,lowercased
1667,Reformo-o nos costumes,reformo-o nos costumes,Asekonongatu,True,lowercased
1668,Vinde para vos voltar para Deus,vinde para vos voltar para deus,Peîori pebaka Tupã koty,True,lowercased
1669,Aticei-o,aticei-o,Asapynhang,True,lowercased
1670,Saiu para o pátio chorando muito dolorosamente,saiu para o pátio chorando muito dolorosamente,Osem okarype oîase'o-asykatûabo,True,lowercased
1671,"Eia tu, avante!","eia tu, avante!",Nde katunhẽ,True,lowercased
1672,"Por isso mesmo a gente, então, o louva assim que o vê","por isso mesmo a gente, então, o louva assim que o vê",Nd'e'i te'e asé a'ereme i moetébo sepîaka bé,True,lowercased
1673,Entraram aqueles mesmos discípulos seus na casa de Anás?,entraram aqueles mesmos discípulos seus na casa de anás?,Oîképe a'e i boîá aé Anás rokype?,True,lowercased
1674,Eu sou risonho,eu sou risonho,Xe nhearõ,True,lowercased
1675,o que se deseja matar,o que se deseja matar,i îuká-potarypyra,False,
1676,"Creio que ele retirou também as almas dos nossos primeiros e santos pais (da mansão dos mortos), que aí esperavam sua vinda","creio que ele retirou também as almas dos nossos primeiros e santos pais , que aí esperavam sua vinda",Arobîar asé rubypy-karaibetá 'angûera a'epe turama osarõba'e renosemagûera bé,True,parentheses_removed | lowercased
1677,Não morarás com tua gente?,não morarás com tua gente?,Nd'ereîkóî xópe nde anama irũmo?,True,lowercased
1678,"algum tanto, um pouquinho","algum tanto, um pouquinho",angaîbĩ'ĩ nhote,False,
1679,morrendo ele,morrendo ele,omanõmo,False,
1680,Resgatando totalmente seus antigos pecados,resgatando totalmente seus antigos pecados,O angaîpagûera repyme'enga-mbapa,True,lowercased
1681,Não parece bem fazer ele a defesa da morte fora de Jesus Cristo,não parece bem fazer ele a defesa da morte fora de jesus cristo,N'i aîarõî Îesu Cristo taté é te'õ suí i îepirapûana,True,lowercased
1682,Isto de novo!,isto de novo!,Ang é!,True,lowercased
1683,Não é que o maldito veio voando?,não é que o maldito veio voando?,Ké muru ruri obébo?,True,lowercased
1684,Diante de ti sentando-me eu,diante de ti sentando-me eu,Nde robaké ûigûapyka,True,lowercased
1685,A bela proclamação de sua mãe afligiu-me muito,a bela proclamação de sua mãe afligiu-me muito,I xy mombe'u-poranga xe moingotebẽngatu,True,lowercased
1686,Eu tenho peçonha,eu tenho peçonha,Xe tegûam,True,lowercased
1687,Assim que eu vou,assim que eu vou,Xe só abé,True,lowercased
1688,seu ferrete,seu ferrete,i kuapamoindaba,False,
1689,Maldizendo a lei de Deus,maldizendo a lei de deus,Tupã rekó momburûabo,True,lowercased
1690,Viemos de longe,viemos de longe,Îaîu kûepe suí,True,lowercased
1691,Ele é medianamente grande,ele é medianamente grande,Turusu nhote,True,lowercased
1692,Eu estou com dúvida,eu estou com dúvida,Xe akasang,True,lowercased
1693,"Não tenho pena das coisas (isto é, sou pródigo)",não tenho pena das coisas,N'asaûsubari mba'e,True,parentheses_removed | lowercased | trimmed
1694,"Sim, esses me satisfazem","sim, esses me satisfazem","Îé, aîpó xe moytarõ",True,lowercased
1695,Vem para me encontrar,vem para me encontrar,Eîori xe repenhana!,True,lowercased
1696,"Por não recear proclamar a fé em Deus, os pecadores mataram São Mateus","por não recear proclamar a fé em deus, os pecadores mataram são mateus","Tupã rerobîara mombe'u posykyîee'yma resé, angaîpaba São Mateus îukáû",True,lowercased
1697,Tendo-os no pescoço,tendo-os no pescoço,O aîuri serekóbo,True,lowercased
1698,Vem para me alimentar bem,vem para me alimentar bem,Eîori xe poîkatûabo,True,lowercased
1699,"abraçando a cintura de teu companheiro, estimulando teu desejo sensual","abraçando a cintura de teu companheiro, estimulando teu desejo sensual","nde rapixara ku'a îubana, nde poropotá-pokyramamo",False,
1700,"Todos eles voltaram para trás, caindo no chão de costas","todos eles voltaram para trás, caindo no chão de costas","Opá i îeakypûereroîebyri, o atukupé pyterybo o'á ybype",True,lowercased
1701,Por acaso todos os que estavam ali ficaram a injuriá-lo?,por acaso todos os que estavam ali ficaram a injuriá-lo?,Opabenhẽ serã erimba'e a'epe tekoara iî a'o-îa'oû?,True,lowercased
1702,fazendo os homens ficarem espiando,fazendo os homens ficarem espiando,abá momanhã-manhana,False,
1703,"Após acabar o mundo, fá-los-á voltar a viver","após acabar o mundo, fá-los-á voltar a viver","Ara pab'iré, i moingobeîebyri-ne",True,lowercased
1704,O vão entre minhas pernas,o vão entre minhas pernas,Xe rakamby,True,lowercased
1705,Oxalá fosse verdade!,oxalá fosse verdade!,"Anhẽ temõ turi mã - Oxalá ele viesse, de fato Anheté temõ!",True,lowercased
1706,"Existe meu auxiliar verdadeiro, o grande chefe Aimbirê, o pervertedor dos índios","existe meu auxiliar verdadeiro, o grande chefe aimbirê, o pervertedor dos índios","Oîkobé xe pytybõanameté, tubixá-katu Aîmbiré, apŷaba moangaîpapara",True,lowercased
1707,Prova que o levas!,prova que o levas!,Esa'angyne serasóbo,True,lowercased
1708,"Seus amigos, os franceses, pólvora trouxeram em vão","seus amigos, os franceses, pólvora trouxeram em vão","Saûsupara, aîuruîuba, mokaba ogûeru tenhẽ",True,lowercased
1709,Eu costumo mexericar,eu costumo mexericar,Xe mba'epûer-y îá,True,lowercased
1710,"Tendo inveja por seu próximo ter coisas boas, entristecendo-se por isso","tendo inveja por seu próximo ter coisas boas, entristecendo-se por isso","O apixara mba'e-katu rerekó moasŷabo, sesé onhemoangekoaípa",True,lowercased
1711,Tu te alegraste por alguém estragá-las?,tu te alegraste por alguém estragá-las?,Nde rorype abá serekomemûãagûera resé?,True,lowercased
1712,"Quando o sol estava no alto de nossas cabeças, eu vim","quando o sol estava no alto de nossas cabeças, eu vim","Asé 'apyterype 'ara ruî - No alto de nossas cabeças o sol está Îandé 'apytera 'arybo 'ara rume, xe ruri",True,lowercased
1713,Suo,suo,Xe ryaî,True,lowercased
1714,homem luxurioso,homem luxurioso,abá-poropotara,False,
1715,"Esse é meu antigo enforcador, uma taturana","esse é meu antigo enforcador, uma taturana","Akó xe îubykarûera, tataûrana!",True,lowercased
1716,Antes sua ida para junto dele no céu que sua ida para o inferno,antes sua ida para junto dele no céu que sua ida para o inferno,Ybakype i pyri o só îanondé Anhanga ratápe o só suí,True,lowercased
1717,Aquele que entrava na igreja,aquele que entrava na igreja,Akó oîké rakó Tupãokype,True,lowercased
1718,Desfolhei-a,desfolhei-a,Aîpo'o,True,lowercased
1719,amarelidão,amarelidão,moroîuba,False,
1720,"Não dormi, absolutamente, para procurá-los","não dormi, absolutamente, para procurá-los",N'aker-angáî sekasápe,True,lowercased
1721,É algum tanto grande,é algum tanto grande,Turusu-pyryb,True,lowercased
1722,os muitos judeus junto à cruz,os muitos judeus junto à cruz,îudeus-etá cruz robábo,False,
1723,"Entrando em tua casa, visitando-te imediatamente","entrando em tua casa, visitando-te imediatamente","Nde rokype oîkébo, nde supa aûnhenhẽ",True,lowercased
1724,"Meu ex-marido há de ser, certamente","meu ex-marido há de ser, certamente",Xe mendûera ipó re'ĩ,True,lowercased
1725,Uns com os outros também o mataram,uns com os outros também o mataram,O îoirũmo bé i îukáû,True,lowercased
1726,grão de farinha,grão de farinha,U'i-esakytã,False,
1727,"Hei de comer hoje seus braços, Jaguaruçu, suas coxas","hei de comer hoje seus braços, jaguaruçu, suas coxas","T'a'u kori i îybapûera, Îagûarusu, i ugûera",True,lowercased
1728,Vou por ir (sem algum fim),vou por ir,Asó nhẽ,True,parentheses_removed | lowercased | trimmed
1729,"Vejo-o (Com ênfase Lit, Acho-me vendo-o)",vejo-o,A'é sepîaka,True,parentheses_removed | lowercased | trimmed
1730,Por ter ele esperança nela e em Deus,por ter ele esperança nela e em deus,Sesé Tupã resé bé o îerobîasápe,True,lowercased
1731,"Assim que acaba a vida que Deus nos dá, a morte nos derrota","assim que acaba a vida que deus nos dá, a morte nos derrota","Tekobé îandébe Tupã remime'enga syka bé, te'õ îandé moaûîéû",True,lowercased
1732,O que tocou na irmã mais moça ou na irmã mais velha de sua noiva verdadeira não pode casar-se nem mesmo com sua noiva,o que tocou na irmã mais moça ou na irmã mais velha de sua noiva verdadeira não pode casar-se nem mesmo com sua noiva,O me'engabeté pyky'yra koîpó tykera resé obykyba'e n'e'ikatuî omendá o me'engabeté resé tiruã,True,lowercased
1733,Alguns ficavam batendo no peito,alguns ficavam batendo no peito,Amõ amõ o poti'a resé opûá-pûá,True,lowercased
1734,caminho da (aldeia) Carioca,caminho da carioca,Kariîopiara,True,parentheses_removed | lowercased | whitespace_collapsed
1735,Emendou também aquelas suas palavras?,emendou também aquelas suas palavras?,Oîmoîoapyr-y bépe aîpó o nhe'enga?,True,lowercased
1736,Foram de novo alguns soldados para quebrar as pernas daqueles dois ladrões,foram de novo alguns soldados para quebrar as pernas daqueles dois ladrões,Osó bé amõ maranaritekoara a'e mokõî mondabora retymã mopena,True,lowercased
1737,Este pajé ruim tem um espírito protetor,este pajé ruim tem um espírito protetor,Supixûar ikó paîé-angaíba,True,lowercased
1738,"de acolá, dali","de acolá, dali",ûĩ suí,False,
1739,"Os moços, os homens, as moças, a todos bem os tenho em minhas mãos como meus súditos","os moços, os homens, as moças, a todos bem os tenho em minhas mãos como meus súditos","Kunumĩgûasu, apŷaba, kunhãmuku, xe boîáramo pabẽ xe pópe arekó-katu",True,lowercased
1740,Aparei-lhe o topete,aparei-lhe o topete,Asetobapy-etab,True,lowercased
1741,Voa para longe de nós,voa para longe de nós,Obebé îandé suí,True,lowercased
1742,Enfim chegou,enfim chegou,Té osyka,True,lowercased
1743,Tanto um como o outro importunavam Santa Maria ao longo dos dias,tanto um como o outro importunavam santa maria ao longo dos dias,Oîoîabenhẽ 'ara rupi Santa Maria moaîuû,True,lowercased
1744,três ou quatro anos após os enterrarem,três ou quatro anos após os enterrarem,mosapyr koîpó oîoirundyk seîxu ybŷá o tym'iré,False,
1745,"Eu sou pequeno! Engolir-me-á hoje, como de costume","eu sou pequeno! engolir-me-á hoje, como de costume","Xe mirĩ! Xe mokõ kori, îandune",True,lowercased
1746,Trouxe-as para a rainha,trouxe-as para a rainha,Arurĩ reîa supé,True,lowercased
1747,na sua preocupação com torpezas,na sua preocupação com torpezas,poxy resé o nheangerekosápe,False,
1748,Mas não é nossa pátria esta terra em que moramos?,mas não é nossa pátria esta terra em que moramos?,N'asé retama ruã-tepe ikó yby asé rekoaba?,True,lowercased
1749,Trouxeste tua caixa?,trouxeste tua caixa?,Ererupe nde karamemûã?,True,lowercased
1750,Bem desde o começo dela ouviste-a ou somente a partir do meio dela?,bem desde o começo dela ouviste-a ou somente a partir do meio dela?,Iî ypy suí-katupe eresendu koîpó i ku'a suí nhote?,True,lowercased
1751,"Ah, meu pai!","ah, meu pai!",Xe rubĩ mã!,True,lowercased
1752,"Sim, esses me satisfazem","sim, esses me satisfazem","Îé, aîpó xe moytarõ",True,lowercased
1753,Esmigalhei-o,esmigalhei-o,Aîkurubixok,True,lowercased
1754,Eu tenho bafio,eu tenho bafio,Xe rygynõ,True,lowercased
1755,Fazendo as pessoas terem ódio umas das outras por causa de alguém,fazendo as pessoas terem ódio umas das outras por causa de alguém,Abá resé nhoamotare'yma rerekouká abá supé,True,lowercased
1756,Nós estamos enfileirados,nós estamos enfileirados,Oré rysy,True,lowercased
1757,Como diz o último dos mandamentos da Santa Madre Igreja?,como diz o último dos mandamentos da santa madre igreja?,Marã e'ipe Santa Madre Igreja asé rekomonhangaba mondykaba?,True,lowercased
1758,Conforta-me tu,conforta-me tu,Xe moapysyk îepé,True,lowercased
1759,Que possa conhecer-te meu pai Tupinambá!,que possa conhecer-te meu pai tupinambá!,T'e'ikatu nde kuapa xe ruba Tupinambá!,True,lowercased
1760,velha maldosa,velha maldosa,gûaîbĩ-marã,False,
1761,Descarrega-a a ele,descarrega-a a ele,Eroîyb ahẽ supé,True,lowercased
1762,Que tu também venhas com Jesus,que tu também venhas com jesus,Nde abé Îesu irũmo t'ereîu,True,lowercased
1763,Que se impeça esse meu futuro sofrimento,que se impeça esse meu futuro sofrimento,T'i rambûer iã xe remimborararama,True,lowercased
1764,Para o vosso encontro da virtude verdadeira,para o vosso encontro da virtude verdadeira,Tekokatueté pé pe gûasemagûama resé,True,lowercased
1765,Hoje mesmo hei de fazer-te ir,hoje mesmo hei de fazer-te ir,Kori é t'oromondóne,True,lowercased
1766,Todo seu sangue deu,todo seu sangue deu,Opá og ugûy me'engi,True,lowercased
1767,"o que faz regozijar-se, o que agrada, o que consola, o ajudador (em coisa difícil)","o que faz regozijar-se, o que agrada, o que consola, o ajudador",moîekosupara,True,parentheses_removed | trimmed
1768,O que foge com uma mulher não pode casar-se com ela,o que foge com uma mulher não pode casar-se com ela,Kunhã reroîabapara nd'e'ikatuî sesé omendá,True,lowercased
1769,São famosos esses moçacaras,são famosos esses moçacaras,Serapûã kó mosakara,True,lowercased
1770,Eu tenho hérnia,eu tenho hérnia,Xe rapi'agûasu,True,lowercased
1771,Deixei-o pela metade,deixei-o pela metade,Aîmoagûé,True,lowercased
1772,"Assim, verdadeiramente, não cumpriste o que disseste?","assim, verdadeiramente, não cumpriste o que disseste?",Emonã-tekatuetépe nde 'eagûera nd'ereîmopori?,True,lowercased
1773,Pelo menos eu,pelo menos eu,Ixé te'ĩé,True,lowercased
1774,Compadece-te de minha alma,compadece-te de minha alma,Eporeaûsubok xe 'anga,True,lowercased
1775,"o que informa, o que avisa","o que informa, o que avisa",momorandupara,False,
1776,"Dentro dela gerando-se, Deus fez-se pequeno","dentro dela gerando-se, deus fez-se pequeno","I pupé onhemonhanga, onhemomirĩ Tupã",True,lowercased
1777,Ensaquei a farinha (de mandiopuba),ensaquei a farinha,Au'ipuku-nhang,True,parentheses_removed | lowercased | trimmed
1778,Vou para mandar fazer farinha,vou para mandar fazer farinha,Asó u'i pûaîa,True,lowercased
1779,"Que fizeram, querendo aproximá-los?","que fizeram, querendo aproximá-los?",Marãpe ybŷá serekóû i mondyka potá?,True,lowercased
1780,Eu não me altero,eu não me altero,Na xe amarani,True,lowercased
1781,Choremos sempre,choremos sempre,T'oroîase'o memẽ,True,lowercased
1782,Pode também (a gente) tomá-lo algumas vezes em outros dias?,pode também tomá-lo algumas vezes em outros dias?,E'ikatu bépe amõ 'ara pupé amõme asé tara?,True,parentheses_removed | lowercased | whitespace_collapsed
1783,"Estando a destilar coisa quente, coisa muito amarga","estando a destilar coisa quente, coisa muito amarga","Mba'e-akuba, mba'e-robeté tukutuku okûapa",True,lowercased
1784,"lanço da ocara, a parte da ocara contida entre, por exemplo, duas ocas","lanço da ocara, a parte da ocara contida entre, por exemplo, duas ocas",okarapupa'ũ,False,
1785,"a vanguarda da guerra, o que vai à frente dos outros na guerra (para obter informações do campo inimigo)","a vanguarda da guerra, o que vai à frente dos outros na guerra",marana tĩapyra,True,parentheses_removed | trimmed
1786,Em vão crêem em ti,em vão crêem em ti,E'i tenhẽ nde rerobîá,True,lowercased
1787,Aceitaste as palavras deles?,aceitaste as palavras deles?,Ereîmorype i nhe'enga?,True,lowercased
1788,"Vem para destruir o maldito, em seu fogo lançando-o","vem para destruir o maldito, em seu fogo lançando-o","Eîori, muru mombapa, satápe seîtyka nhẽ",True,lowercased
1789,"Se o que Deus fez neste mundo é muito belo, quanto mais lá, o céu primeiro","se o que deus fez neste mundo é muito belo, quanto mais lá, o céu primeiro","Ikó 'ara pupé abiã Tupã remimonhangûera i porãngatu, memetipó ebapó ybakypy",True,lowercased
1790,Este sonho é o modo de se reconhecer que ela é o que eu quero,este sonho é o modo de se reconhecer que ela é o que eu quero,Kó mosaûsuba xe remimotaramo sekó kuapaba,True,lowercased
1791,"Logo depois de dizer aquilo para ele, lançou o pagamento por seu senhor no templo, indo finalmente enforcar-se","logo depois de dizer aquilo para ele, lançou o pagamento por seu senhor no templo, indo finalmente enforcar-se","Aîpó oîoupé 'é abé, o îara repypûera reîtyki Tupãokype aûîé osóbo oîeaîubyka",True,lowercased
1792,"Batizou-me, verdadeiramente, o padre","batizou-me, verdadeiramente, o padre",Xe reroketé pa'i,True,lowercased
1793,"Levaram-no para um certo palácio, fazendo-o entrar consigo","levaram-no para um certo palácio, fazendo-o entrar consigo",Ogûerasó amõ okusupe seroîkŷabo,True,lowercased
1794,Tenho relações sexuais com ela,tenho relações sexuais com ela,Aîkó sesé,True,lowercased
1795,Nós estamos bem arrasados,nós estamos bem arrasados,Oré tygûé-katu,True,lowercased
1796,Serão bons doravante os que eu guardo de costume,serão bons doravante os que eu guardo de costume,I angaturam ko'yré xe remiarõ îandune,True,lowercased
1797,Vou para junto de meu pai,vou para junto de meu pai,Asó xe ruba pyri,True,lowercased
1798,Deveria ir,deveria ir,Asó temonemo,True,lowercased
1799,Morro subitamente,morro subitamente,Amanõ-memûã,True,lowercased
1800,Eu tenho penduricalhos,eu tenho penduricalhos,Xe renembaî,True,lowercased
1801,Eu sou calvo,eu sou calvo,Xe 'apytereb,True,lowercased
1802,Conheceu sua autêntica bondade,conheceu sua autêntica bondade,Oîkuab i marangatueté,True,lowercased
1803,Fui sem resultado,fui sem resultado,Asó biã,True,lowercased
1804,Ilumina hoje os olhos de minha alma,ilumina hoje os olhos de minha alma,Esesapé kori xe 'anga resá,True,lowercased
1805,"Herodes teria entregado este à morte, conhecendo suas maldades","herodes teria entregado este à morte, conhecendo suas maldades",Herodes meémo ikó oîme'eng te'õ supé i angaîpaba kuapa,True,lowercased
1806,Eis que estou à vista de Deus,eis que estou à vista de deus,Tupã resápe ã xe rekóû,True,lowercased
1807,Estou-me agachando (parado),estou-me agachando,Anhemombeb gûitena,True,parentheses_removed | lowercased | trimmed
1808,Como seus atos passados serão a causa de vós o derrubardes?,como seus atos passados serão a causa de vós o derrubardes?,Marãpe sekoagûera peẽ i mbo'aragûama?,True,lowercased
1809,"O sol certamente brilha, após passar a grande noite","o sol certamente brilha, após passar a grande noite","Kûarasy nipó oberá, putunusu kûab'iré",True,lowercased
1810,Abundava o amor de Deus em teu coração outrora,abundava o amor de deus em teu coração outrora,Tynysẽ Tupã raûsuba nde nhy'ãme erimba'e,True,lowercased
1811,Eu espirro,eu espirro,Xe atîam,True,lowercased
1812,Que alegremos a Maria,que alegremos a maria,Maria t'îambory,True,lowercased
1813,Eis aqui minha grande muçurana,eis aqui minha grande muçurana,Kó xe musuranusu,True,lowercased
1814,"Brigarão, cuspir-se-ão?","brigarão, cuspir-se-ão?","Omarãmonhangype, oîoendyne?",True,lowercased
1815,botão da roupa,botão da roupa,aoba potãîa,False,
1816,Que bom seria se Deus mandasse fazer os cadáveres falarem!,que bom seria se deus mandasse fazer os cadáveres falarem!,Omonhe'enguká temõ Tupã te'õmbûera!,True,lowercased
1817,"Sob tuas mãos estamos, em ti apoiando-nos","sob tuas mãos estamos, em ti apoiando-nos","Nde pó gûyrype oroîkó, nde resé oroîekoka",True,lowercased
1818,"""o chupa-fogo"" (nome próprio)","""o chupa-fogo""",tatá-pytera,True,parentheses_removed | trimmed
1819,"Caem, às vezes, os frutos das suas árvores, sendo ainda flores","caem, às vezes, os frutos das suas árvores, sendo ainda flores",Okuî rakó amũme 'ybarambûera o 'yba suí ybotyramo oîkóbo bé,True,lowercased
1820,este outro,este outro,kó amoaé,False,
1821,"Eu, o diabão assado, o que tem nome Guaixará, o que é afamado por aí","eu, o diabão assado, o que tem nome guaixará, o que é afamado por aí","Xe, anhangusu-mixyra, Gûaîxará seryba'e, kûepe i moerapûanymbyra",True,lowercased
1822,Eu estou amargo,eu estou amargo,Xe rob,True,lowercased
1823,Deleitaste-te no teu sonho com ela?,deleitaste-te no teu sonho com ela?,Ereîmborype sesé nde posaûsubagûera?,True,lowercased
1824,Sei mais que tu,sei mais que tu,Aîkuab-eté nde suí,True,lowercased
1825,"Daqui, certamente, passou para a Índia, terra dos indianos","daqui, certamente, passou para a índia, terra dos indianos",Ké suí serã i asabi India tapyîtinga retãme,True,lowercased
1826,"Eis que ontem trucidei gente, matando europeus","eis que ontem trucidei gente, matando europeus","Kûeîsé kó aporapiti, aîuruîuba îukábo",True,lowercased
1827,"Alguns somente, outrora, morreram meninos","alguns somente, outrora, morreram meninos",Mbobyrîõ ipó erimba'e kunumĩ kanhemi,True,lowercased
1828,lembrança das coisas,lembrança das coisas,mba'e resé ma'enduasaba,False,
1829,Afrouxei-o,afrouxei-o,Aîmokanãî,True,lowercased
1830,"Embora não agisse ela velhacamente, bateste com o pau na tua esposa","embora não agisse ela velhacamente, bateste com o pau na tua esposa","Marani n'oîkóî îepé, ereropûar ybyrá nde remirekó resé!",True,lowercased
1831,Cada um daqueles quatro destinos últimos de nossa vida hei de anunciar detidamente,cada um daqueles quatro destinos últimos de nossa vida hei de anunciar detidamente,Aîpó îandé rekó oîoirundyk mondykaba îabi'õ t'amombe'u apysagûé,True,lowercased
1832,"Os habitantes do céu, mais ainda, estão bem felizes","os habitantes do céu, mais ainda, estão bem felizes",Ybaka porá-tene sory-porang,True,lowercased
1833,"então, nesse tempo","então, nesse tempo",a'e remengatutenhẽ,False,
1834,Fui para alcançar Pedro no rio,fui para alcançar pedro no rio,Asó Pero rupytyka 'ype,True,lowercased
1835,Turvei sua água,turvei sua água,Aîmo'ypiting,True,lowercased
1836,outras aldeias frequentando,outras aldeias frequentando,amõ taba rapekóbo,False,
1837,Ao transcorrerem quatro gerações,ao transcorrerem quatro gerações,Oîoirundyk îeapyká sykápe,True,lowercased
1838,"Que aqui está deitado, aquietando-se?","que aqui está deitado, aquietando-se?",Mba'epe ké tuî opyka?,True,lowercased
1839,Acreditas no pajé ao fingir assassinar as pessoas?,acreditas no pajé ao fingir assassinar as pessoas?,Ererobîarype paîé porapiti mo'anga'uba?,True,lowercased
1840,misérias da vida,misérias da vida,tekó poreaûsuba,False,
1841,"Os bem-aventurados e os santos no céu, que vêem a Deus, ultrapassam o número dos dias que o ano tem","os bem-aventurados e os santos no céu, que vêem a deus, ultrapassam o número dos dias que o ano tem","Marangatuba'e, santos ybakype, Tupã repîakaretá, osasá 'ara ro'y remierekó papasaba",True,lowercased
1842,Tu te entregaste ao imaginar em teu sono que um homem fazia sexo contigo?,tu te entregaste ao imaginar em teu sono que um homem fazia sexo contigo?,Erenhemoaûîépe nde kerype nde resé abá rekó mo'angeme?,True,lowercased
1843,Bafejo,bafejo,Atimbor,True,lowercased
1844,Eu hoje (quero) o lombo deles,eu hoje o lombo deles,Xe kori i pyîaso'o,True,parentheses_removed | lowercased | whitespace_collapsed
1845,"no meio, no centro, pelo meio, pela metade (de comprido, de uma extremidade à outra)","no meio, no centro, pelo meio, pela metade",oîopyterybo,True,parentheses_removed | trimmed
1846,Matam (ou mataram),matam,Îaîuká,True,parentheses_removed | lowercased | trimmed
1847,Apenas não me matou o terror ao nome da mãe de Deus,apenas não me matou o terror ao nome da mãe de deus,Sãî xe îukae'ymi Tupã sy rera abaîté,True,lowercased
1848,Isso dizes com razão,isso dizes com razão,Aîpó eré supikatu,True,lowercased
1849,Eu também sou um porco,eu também sou um porco,- Xe abé taîasugûaîa,True,lowercased
1850,"Hás de ir, pois, para teu fogo, para que estejas para sempre prostrado no lugar em que se faz sofrer","hás de ir, pois, para teu fogo, para que estejas para sempre prostrado no lugar em que se faz sofrer","T'eresó rõ nde ratápe, aûîerama t'ereîub moreaûsuba monhangápe",True,lowercased
1851,Sentir o toque nas coisas,sentir o toque nas coisas,Mba'e resé mokoka anduba,True,lowercased
1852,Trouxe todo o peixe,trouxe todo o peixe,Aru-pab pirá,True,lowercased
1853,Saciei minha vontade de comê-lo,saciei minha vontade de comê-lo,Aî'useî-mogûab,True,lowercased
1854,Que é o que será mantido para sempre neste mundo?,que é o que será mantido para sempre neste mundo?,Mba'epe aûîeramanhẽ serekopyrama ikó 'ara pupé?,True,lowercased
1855,É medianamente grande,é medianamente grande,Turusu-nhota'ub,True,lowercased
1856,Dois filhotes de pomba sua mãe levou como oferenda,dois filhotes de pomba sua mãe levou como oferenda,Mokõî pykasu ra'yra i xy ogûerasó îetanongabamo,True,lowercased
1857,"ficar pondo comida, aos poucos, na boca de (pex, na boca de um doente)","ficar pondo comida, aos poucos, na boca de",îuru-py-pyk,True,parentheses_removed | trimmed
1858,Eu sou muito manhoso em palavras,eu sou muito manhoso em palavras,Xe nhe'ẽpokarugûá-katu,True,lowercased
1859,Ensinando tu a ti mesmo,ensinando tu a ti mesmo,Eîembo'ebo,True,lowercased
1860,homem liberal,homem liberal,abá-ekoate'yme'yma,False,
1861,"Tu te permitiste cobri-la, sendo tua parenta?","tu te permitiste cobri-la, sendo tua parenta?",Ereîeîopyk-ukarype nde maranungaramo?,True,lowercased
1862,Diferenciando-a das outras mulheres,diferenciando-a das outras mulheres,Amõ kunhã suí i moingoébo,True,lowercased
1863,"Foram de novo alguns soldados para quebrar as pernas daqueles dois ladrões, fazendo-os descer consigo","foram de novo alguns soldados para quebrar as pernas daqueles dois ladrões, fazendo-os descer consigo",Osó bé amõ maranaritekoara a'e mokõî mondá retymã mopena seroîypa,True,lowercased
1864,Que pareçam juntar-se como um só,que pareçam juntar-se como um só,T'oîese'ar-y berame'ĩ oîepekaturamo,True,lowercased
1865,Por acaso não chegava seu segundo braço ao lugar de irem os pregos?,por acaso não chegava seu segundo braço ao lugar de irem os pregos?,Ogûatá îepé serã i îybá mokõîa itapygûá soarama resé?,True,lowercased
1866,Invocando o Anhanga ou a morte ou o Jurupari,invocando o anhanga ou a morte ou o jurupari,Anhanga koîpó te'õ koîpó Îurupari rekyîa,True,lowercased
1867,"A seu próprio pedido, na cruz o pregaram","a seu próprio pedido, na cruz o pregaram","Cruz resé i moîari, i îeruresabo é",True,lowercased
1868,As moças habitantes das aldeias escondo-as em meu coração,as moças habitantes das aldeias escondo-as em meu coração,Kunhãmuku taba pora xe py'a pupé anhomim,True,lowercased
1869,O que é daqui é este,o que é daqui é este,Ikendûara n'ikó,True,lowercased
1870,Sou diferente,sou diferente,Aîkoé,True,lowercased
1871,"moço que aprende, moço aprendiz","moço que aprende, moço aprendiz",kunumĩ-nhembo'e,False,
1872,Quero ir para tua terra,quero ir para tua terra,Asó-potá nde retãme,True,lowercased
1873,"passagem de água, rego para água","passagem de água, rego para água",y kûapaba,False,
1874,Por isso mesmo fez nosso pai primeiro como nosso progenitor,por isso mesmo fez nosso pai primeiro como nosso progenitor,Nd'e'i te'e îandé rubypyrama monhanga îandé nhemonhangabamo,True,lowercased
1875,Inclina-se a gente sempre quando diz Jesus?,inclina-se a gente sempre quando diz jesus?,Oîerokype asé Jesus 'ereme?,True,lowercased
1876,Vem-me à memória minha vida passada em minha terra,vem-me à memória minha vida passada em minha terra,I 'ã i 'ang xe retãme xe rekoagûera ixébo,True,lowercased
1877,Que ele não esteja pelas ocas a agitar nossas almas,que ele não esteja pelas ocas a agitar nossas almas,T'oîkó umẽ oka rupi oré 'anga monguébo,True,lowercased
1878,"Quando o sol estava no alto de nossas cabeças, eu vim","quando o sol estava no alto de nossas cabeças, eu vim","Îandé 'apytera 'arybo 'ara rume, xe ruri",True,lowercased
1879,"Em Pedro eu te supunha ver (isto é, julgava que tu fosses Pedro)",em pedro eu te supunha ver,Pedro resé ixé nde mondari,True,parentheses_removed | lowercased | trimmed
1880,Falo irritadamente,falo irritadamente,Anhe'ẽ-îeaseî,True,lowercased
1881,o que perverte uma casada,o que perverte uma casada,mendara momoxysara,False,
1882,A água benta é o que faz abrandar também o que os doentes sofrem,a água benta é o que faz abrandar também o que os doentes sofrem,Mba'easybora remimborará moarybé-ukasara bé 'ykaraíba,True,lowercased
1883,"Deus ama-te muito, enchendo-te de graça","deus ama-te muito, enchendo-te de graça","Tupã nde raûsubeté, graça ri nde moynysema",True,lowercased
1884,Vou como alcoviteiro,vou como alcoviteiro,Asó manhanamo,True,lowercased
1885,o que é cego,o que é cego,sesabyba'e,False,
1886,Arranca-te o nome por causa dos malditos,arranca-te o nome por causa dos malditos,Eîerok moxy resé,True,lowercased
1887,"mas, de verdade","mas, de verdade",anhẽp'anhẽ,False,
1888,ajuntamento de canas-de-flecha,ajuntamento de canas-de-flecha,u'ubá-tyba,False,
1889,Eu estou opilado,eu estou opilado,Xe apong,True,lowercased
1890,Ajudando-os sempre,ajudando-os sempre,I pytybõmo îepi,True,lowercased
1891,Matemos juntos o que diz isso,matemos juntos o que diz isso,Îaîuká memẽ aîpó 'îara,True,lowercased
1892,Não havia nada antes de Deus fazer o mundo?,não havia nada antes de deus fazer o mundo?,Nd'oîkóîpe mba'e amõ Tupã 'ara monhang'e'ymebé?,True,lowercased
1893,Espremi o sumo dela,espremi o sumo dela,Anhamĩ - Espremi-o Aty-amĩ,True,lowercased
1894,"Quais são, por acaso, as ocasiões de se ter medo da morte?","quais são, por acaso, as ocasiões de se ter medo da morte?",Mba'e-mba'e-piã te'õ suí nheangûaba?,True,lowercased
1895,perseguidora do diabo,perseguidora do diabo,Anhanga momosembara,False,
1896,Este dia deu para nós,este dia deu para nós,Kó 'ara oîme'eng îandébe,True,lowercased
1897,o terceiro deles,o terceiro deles,i mosapysaba,False,
1898,"Conversemos baixo, para que não o percebam os índios","conversemos baixo, para que não o percebam os índios","Mbegûé îaîomongetá, t'onhandu umẽ abá",True,lowercased
1899,Já afastei dessa maneira minhas maldades,já afastei dessa maneira minhas maldades,Aîpe'a umûã emonã xe angaîpaba,True,lowercased
1900,Tiro-lhe a pele,tiro-lhe a pele,Aîpirok,True,lowercased
1901,Não desobedecem nem um pouco os que moram no céu à vontade de Deus?,não desobedecem nem um pouco os que moram no céu à vontade de deus?,N'oîmomarã-mirĩ-angáîpe ybakygûara Tupã remimotara?,True,lowercased
1902,"Com eles não se misturando, não querendo, igualmente, seu modo de ser","com eles não se misturando, não querendo, igualmente, seu modo de ser","Sesé onhemonane'yma, oîabé sekó potare'yma",True,lowercased
1903,"por ali, por aí","por ali, por aí",ebokûea rupi,False,
1904,Que tu dês para nós teu belo filho,que tu dês para nós teu belo filho,Nde t'ereîme'eng orébo nde membyporanga,True,lowercased
1905,Fica com teus suditozinhos junto de nós,fica com teus suditozinhos junto de nós,Eropytá nde boîá'ĩ orébo,True,lowercased
1906,"Ainda bem que os três, novamente, queimareis em conjunto","ainda bem que os três, novamente, queimareis em conjunto",Iîá mosapyr-y bé pekaî oîepegûasune,True,lowercased
1907,"rechonchudão, baixo e largo de corpo","rechonchudão, baixo e largo de corpo",apebusu,False,
1908,"E os cristãos transgressores da palavra de Deus, que lhes sucede?","e os cristãos transgressores da palavra de deus, que lhes sucede?","A'epe cristãos Tupã nhe'enga abŷara, marã?",True,lowercased
1909,"Fiz cilada contra o inimigo, matando-o","fiz cilada contra o inimigo, matando-o",Aîkupe'ab tobaîara i îukábo,True,lowercased
1910,Abrasou tua alma o fogo dele,abrasou tua alma o fogo dele,Nde 'anga osapy satá,True,lowercased
1911,"Reritiba, minha terra, aldeia muito boa","reritiba, minha terra, aldeia muito boa","Rerityba, xe retama, tabangaturãngatu",True,lowercased
1912,Ali também estando os que guardaram sua alma em sua virtude,ali também estando os que guardaram sua alma em sua virtude,A'epe bé ogûekokatu pupé o 'anga nongatusarûera oína,True,lowercased
1913,"Imediatamente, de seu próximo eles vingam-se","imediatamente, de seu próximo eles vingam-se",Aûnhenhẽ o apixarĩ resé îepyki,True,lowercased
1914,Fazendo-se humilde como um pobre,fazendo-se humilde como um pobre,Onhemoarûabo mba'eîare'yma îabé,True,lowercased
1915,Eu não sei (sou ignorante),eu não sei,Na xe tekokuabi,True,parentheses_removed | lowercased | trimmed
1916,Estou de acordo com ele,estou de acordo com ele,Supi nhẽ aîkó,True,lowercased
1917,"lugar de retalhar a carne, açougue","lugar de retalhar a carne, açougue",so'o mbo'isaba,False,
1918,Detestas completamente suas obras?,detestas completamente suas obras?,Ereroŷrõ-mbápe sekó?,True,lowercased
1919,Seu sangue era muito,seu sangue era muito,Sugûy turusu,True,lowercased
1920,"Na verdade, ver-me-eis estar sentado futuramente do lado direito de Deus Pai","na verdade, ver-me-eis estar sentado futuramente do lado direito de deus pai",Anheté pesepîak irã Tupã Tuba 'ekatuaba koty xe gûapyka xe renane,True,lowercased
1921,Pintei-o,pintei-o,Aîkûatiar,True,lowercased
1922,"Estando virgem, mesmo dando-o à luz, antes de dá-lo à luz e, igualmente, após dá-lo à luz","estando virgem, mesmo dando-o à luz, antes de dá-lo à luz e, igualmente, após dá-lo à luz","I mbo'a tiruã, i mbo'ar' e'ymebé, a'erame'ĩ i mbo'ar'iré, omarane'ymamo",True,lowercased
1923,Fi-lo trabalhar (ou Fi-lo estar em ocupação),fi-lo trabalhar,Aîmoingó-marã,True,parentheses_removed | lowercased | trimmed
1924,Ficaste suspeitando sem motivo de tua esposa por causa de alguém?,ficaste suspeitando sem motivo de tua esposa por causa de alguém?,Ereîmondá-mondá tenhẽpe nde remirekó abá resé?,True,lowercased
1925,"Eu sou Guaixará, bebedor de cauim","eu sou guaixará, bebedor de cauim",Gûaîxará kagûara ixé,True,lowercased
1926,Tudo faz a aldeia pecar!,tudo faz a aldeia pecar!,Opá taba moangaîpabi!,True,lowercased
1927,"Muito feliz está o homem, certamente, após alcançar alguma verdade","muito feliz está o homem, certamente, após alcançar alguma verdade",Sorybeté rakó abá mba'eeté amõ resé o îekosub'iré,True,lowercased
1928,Fiz minas,fiz minas,Aîekûarybykoî,True,lowercased
1929,Trago muitos,trago muitos,Arurusu,True,lowercased
1930,Vindo com os três reis pela estrela,vindo com os três reis pela estrela,Mosapy reîá reru îasytatá rupi é,True,lowercased
1931,Que vades regozijar-vos com o que é desejado,que vades regozijar-vos com o que é desejado,Ta pesó peîekosupa i potarypyra ri,True,lowercased
1932,Mordo-a (com as gengivas),mordo-a,Anhagûãî,True,parentheses_removed | lowercased | trimmed
1933,Permitindo sua mancebia,permitindo sua mancebia,I agûasá repîakĩamo,True,lowercased
1934,"Tens compaixão de tua mãe e de teu pai quando eles estão deitados, doentes, sendo responsável por eles?","tens compaixão de tua mãe e de teu pai quando eles estão deitados, doentes, sendo responsável por eles?","Eresaûsubápe nde sy nde ruba i mba'easy tume, sesé nde morerekoaramo?",True,lowercased
1935,Eu estou feliz por tua ida,eu estou feliz por tua ida,Xe roryb nde só resé,True,lowercased
1936,"A poeira dos pés arranca de minha casa, tua pousada sempre","a poeira dos pés arranca de minha casa, tua pousada sempre","Eîpytybyrok xe roka, nde pytasaba îepi",True,lowercased
1937,"retalhador de carne, açougueiro","retalhador de carne, açougueiro",so'ombo'isara,False,
1938,Estou só,estou só,Oîepebẽ aîkó,True,lowercased
1939,"Desejando ardentemente ver o nenenzinho, vim de minha casa","desejando ardentemente ver o nenenzinho, vim de minha casa","Pitangĩ repîaka'upa, aîur xe roka suí",True,lowercased
1940,Os homens pecadores mataram São Mateus,os homens pecadores mataram são mateus,Abá angaîpabora São Mateus îukáû,True,lowercased
1941,"Após arrependerem-se de seus atos, os índios vão confessar-se","após arrependerem-se de seus atos, os índios vão confessar-se","O ekó moasy riré, abá sóû îemombegûabo",True,lowercased
1942,Fachos de luz para iluminar o caminho pela escuridão,fachos de luz para iluminar o caminho pela escuridão,Ysysaý putumimbyka rupi pé resapébo,True,lowercased
1943,"O cauim transbordante nas igaçabas, depois disso, atrai-os","o cauim transbordante nas igaçabas, depois disso, atrai-os","Ygasápe kaûĩ-tuîa, a'e ré, îamomotá",True,lowercased
1944,"Mudarei de nome hoje, por causa deles","mudarei de nome hoje, por causa deles",Aîerok kori seséne,True,lowercased
1945,Por isso mesmo todos os homens emagrecerão,por isso mesmo todos os homens emagrecerão,Nd'e'i te'e opá abá angaîbaramo-ne,True,lowercased
1946,Ainda é muito cedo para isso,ainda é muito cedo para isso,Nd'e'i-angáî,True,lowercased
1947,Danei-me,danei-me,Anhemoaíb,True,lowercased
1948,"Da morte tentando inutilmente livrar-se, amedrontando-se, enfim","da morte tentando inutilmente livrar-se, amedrontando-se, enfim","Te'õ suí o nhepysyrõ ra'angyîepébo, opiringamo ko'yté",True,lowercased
1949,Deus parece obter o descanso,deus parece obter o descanso,Mutu'u resé Tupã îekosu-berame'ĩ,True,lowercased
1950,"casarão, casa grande","casarão, casa grande",okusu,False,
1951,Nós nos misturamos,nós nos misturamos,Oroîese'ar,True,lowercased
1952,"Aproximando-me da morte, meus antigos e grandes pecados farei sair","aproximando-me da morte, meus antigos e grandes pecados farei sair","Te'õ rerobyka é, xe angaîpá-tubixagûera amosẽne",True,lowercased
1953,madeira ou armação para futura casa,madeira ou armação para futura casa,ó-kangûama,False,
1954,Que afastemos o diabo agora e para sempre,que afastemos o diabo agora e para sempre,Anhanga t'îaîpe'a ko'yr aûîeramanhẽ,True,lowercased
1955,Sua mãe afável também arranca a ferocidade dele,sua mãe afável também arranca a ferocidade dele,I xy-îerekûaba abé oîo'ok i abaeté,True,lowercased
1956,Meu braço perdeu a sensibilidade,meu braço perdeu a sensibilidade,Omanõ xe îybá,True,lowercased
1957,Confiemos nesses homens,confiemos nesses homens,T'i îerobîar apó abá ri,True,lowercased
1958,Caço,caço,Aka'amondó,True,lowercased
1959,"Argumentei contra suas palavras, em vão","argumentei contra suas palavras, em vão",Aînhe'engapypyk îepé,True,lowercased
1960,Eu tenho garganta seca,eu tenho garganta seca,Xe ase'o-tining,True,lowercased
1961,A morte somente é a causa de afastá-los,a morte somente é a causa de afastá-los,Te'õ anhõ i mombo'isaba,True,lowercased
1962,a que deseja a virtude,a que deseja a virtude,Tekokatu potasara,False,
1963,Transgride também alguém a palavra de Deus não mandando comungar a seu filho que é comungante antigo?,transgride também alguém a palavra de deus não mandando comungar a seu filho que é comungante antigo?,Oîaby bépe abá Tupã nhe'enga o a'yra tupãrasarymana supé tupãrarukare'yma?,True,lowercased
1964,Morro de morte natural,morro de morte natural,Te'õ suí amanõ,True,lowercased
1965,"Guardai-vos de ser maus, doravante","guardai-vos de ser maus, doravante",Peteumẽ pe poxyramo angiré,True,lowercased
1966,"Quando fustigava o sol a terra, eu vim","quando fustigava o sol a terra, eu vim","Ara yby sokeme, xe ruri",True,lowercased
1967,"Lembra-te já de teus destinos últimos, do fim de tuas coisas","lembra-te já de teus destinos últimos, do fim de tuas coisas","Nde ma'enduar nde rekosykagûama, nde rekó pabagûama resé rá",True,lowercased
1968,Os homens esvaziam as cuias,os homens esvaziam as cuias,Oîmboapy abá kuîaba,True,lowercased
1969,Que venha neste dia para aquecer nossa alma,que venha neste dia para aquecer nossa alma,T'our kó 'ara pupé oré 'anga moakupa,True,lowercased
1970,ajuntamento de araçás,ajuntamento de araçás,arasá-tyba,False,
1971,Permaneço seu guardião,permaneço seu guardião,Aîkobé n'ixé sarõana,True,lowercased
1972,o que é (ou deve ser) moído,o que é moído,i mongu'ipyra,True,parentheses_removed | whitespace_collapsed
1973,Talvez queira agarrar-me novamente este pássaro grande,talvez queira agarrar-me novamente este pássaro grande,Xe pysy-potar-y bé serã kó gûyragûasu,True,lowercased
1974,Ela é muito larga,ela é muito larga,I popebusu,True,lowercased
1975,Igualmente se preocuparão em fazer seus filhos estarem na virtude?,igualmente se preocuparão em fazer seus filhos estarem na virtude?,Oîoîabenhẽpe tekokatu resé o a'yra moingoagûama ri i nhemosaînanyne?,True,lowercased
1976,"É muito diferente, de fato, a morada dos homens da minha residência","é muito diferente, de fato, a morada dos homens da minha residência",Oîaby rakó abá rekó xe retama,True,lowercased
1977,"Eu hei de mentir, dizendo isso","eu hei de mentir, dizendo isso",Xe remo'em ká é aîpó ûi'îabo,True,lowercased
1978,É certo isso! (aceitando como opinião própria),é certo isso!,Aûîé a'e!,True,parentheses_removed | lowercased | trimmed
1979,Dirigi-a,dirigi-a,Asebikok,True,lowercased
1980,Dar atenção aos fatos futuros,dar atenção aos fatos futuros,Tekorama ri îeapysaká,True,lowercased
1981,"Os que, de nós, são maus são os que não fazem nesta terra a vontade de Deus","os que, de nós, são maus são os que não fazem nesta terra a vontade de deus",Asé i angaîpaba'e ipó ikó ybype Tupã remimotara n'oîmonhangi,True,lowercased
1982,Ele morre,ele morre,Se'õ,True,lowercased
1983,Por que a gente a põe em seu próprio peito?,por que a gente a põe em seu próprio peito?,Marãnamope asé o poti'ape i moíni?,True,lowercased
1984,Que não prejudiquemos os que portam bens para nós,que não prejudiquemos os que portam bens para nós,T'i momuru umẽ ma'e îara îandébe,True,lowercased
1985,homem briguento,homem briguento,abá-marãmotara,False,
1986,"companheiro de aprendizagem, condiscípulo","companheiro de aprendizagem, condiscípulo",nhembo'e-irũ,False,
1987,Que vá sempre minha alma ajuntando virtudes,que vá sempre minha alma ajuntando virtudes,T'osó xe 'anga îepi tekokatu mono'onga,True,lowercased
1988,"Eu, em vez disso, quero presas nas pessoas de alguns bêbados","eu, em vez disso, quero presas nas pessoas de alguns bêbados","Xe-te, xe rembiá-potá sabeypora amõ resé",True,lowercased
1989,Eu sou pequeno!,eu sou pequeno!,Xe mirĩ!,True,lowercased
1990,O que tolera as pessoas em coisas más,o que tolera as pessoas em coisas más,Mba'e-poxy resé oporomboryba'e,True,lowercased
1991,Contaste a maldade de alguém?,contaste a maldade de alguém?,Ereîmombe'upe abá rekopoxŷagûera?,True,lowercased
1992,Tu me atormentas,tu me atormentas,Xe usũî îepé,True,lowercased
1993,Quiseste muito ouvir difamações que alguém profere?,quiseste muito ouvir difamações que alguém profere?,Eresendu-potá-katupe terapûanaíba abá remimombe'u?,True,lowercased
1994,Prendeu-me este macaxera!,prendeu-me este macaxera!,Xe pysyk kó makaxera!,True,lowercased
1995,"Tu, talvez para retribuir, atiras nele sempre as carícias desonestas","tu, talvez para retribuir, atiras nele sempre as carícias desonestas",Nde serã i poepyka îomomorangaíba ereîapi ko'arapukuî,True,lowercased
1996,Maravilhou-te a vista de homens belos?,maravilhou-te a vista de homens belos?,Nde angerasópe abá-porangepîaka?,True,lowercased
1997,Ensino-o,ensino-o,Aîmotekokuab,True,lowercased
1998,"O que alguém acolhe no seu paganismo, no paganismo dele está igualmente?","o que alguém acolhe no seu paganismo, no paganismo dele está igualmente?",Og ere'yma pupé abá remipysyrõ oîabé sere'ỹme?,True,lowercased
1999,No terceiro dia,no terceiro dia,Ara nhemomosapyra pupé,True,lowercased
2000,São Pedro puxou a espada,são pedro puxou a espada,S Pedro itangapema osekyî,True,lowercased
2001,Fiquei a penitenciar-me longamente,fiquei a penitenciar-me longamente,Kype anhenupã-nupã,True,lowercased
2002,Amarra tua rede de dormir ao lado de mim,amarra tua rede de dormir ao lado de mim,Eîotĩ nde kesaba xe porupi,True,lowercased
2003,"Assim, por causa de seu procedimento, os aracajás os frequentam","assim, por causa de seu procedimento, os aracajás os frequentam",Emonã sekó suí arakaîá sapekóû,True,lowercased
2004,Ensina bem minha alma para que conheça o caminho do céu,ensina bem minha alma para que conheça o caminho do céu,Eîmbo'ekatu xe 'anga t'oîkuab ybaka piara,True,lowercased
2005,Eu sou o grande tupinambá,eu sou o grande tupinambá,Xe tupinambagûasu,True,lowercased
2006,"Tomaste veneno, querendo abortar teu filho?","tomaste veneno, querendo abortar teu filho?",Eremosangu'upe nde membyra akyrara potá?,True,lowercased
2007,O oposto da ira é a paciência,o oposto da ira é a paciência,Nhemoŷrõ robaîara tosanga,True,lowercased
2008,Deixei de amá-lo,deixei de amá-lo,Asaûsupo'ir,True,lowercased
2009,"No meio do caminho, meninos assaltaram-me","no meio do caminho, meninos assaltaram-me","Pé ku'ape, kunumĩ pu'ama'ubi xe ri",True,lowercased
2010,homem verdadeiro como nós,homem verdadeiro como nós,apŷab-eté îandé îabé,False,
2011,Asperge também a gente as sepulturas com água benta?,asperge também a gente as sepulturas com água benta?,Osepyî bépe asé tyby 'y-karaíba pupé?,True,lowercased
2012,Temo ficar preso nesta armadilha,temo ficar preso nesta armadilha,Aîpoûsub ikó mundépe xe rena,True,lowercased
2013,Qual é a comida de nosso corpo?,qual é a comida de nosso corpo?,Mba'epe asé reté remi'u?,True,lowercased
2014,"Apanhai-o bem hoje, dele tomando conta","apanhai-o bem hoje, dele tomando conta",Peîpysy-katu kori sesé pemaînãngatûabo,True,lowercased
2015,Peido,peido,Apynõ,True,lowercased
2016,"Não crêem no padre, bebendo cauim ao longo da noite","não crêem no padre, bebendo cauim ao longo da noite","Abaré nd'ogûerobîari, putuna rupi okagûabo",True,lowercased
2017,Veio antes que eu me preparasse,veio antes que eu me preparasse,Xe nhemosako'i e'ymebé turi,True,lowercased
2018,Meteste a mão nas partes erógenas de teu próximo?,meteste a mão nas partes erógenas de teu próximo?,Erepo'ẽpe nde rapixara rapupé resé?,True,lowercased
2019,Dormita no lugar onde o puseram deitado,dormita no lugar onde o puseram deitado,Okerĩ o moupápe,True,lowercased
2020,Pedro é maior que tu,pedro é maior que tu,Peró turusu-eté nde suí,True,lowercased
2021,"Aproximando-me da morte, meus pecados antigos e grandes farei sair","aproximando-me da morte, meus pecados antigos e grandes farei sair","Te'õ rerobyka é, xe angaîpá-tubixagûera amosẽne",True,lowercased
2022,"Eu, o diabão assado","eu, o diabão assado",Xe anhangusu-mixyra,True,lowercased
2023,"Hei de levar todos para meu fogo, com seus amigos","hei de levar todos para meu fogo, com seus amigos",T'arasó pá xe ratápe sembiaûsuba resebé,True,lowercased
2024,"Por isso mesmo agora, sendo dia santo, eles estão felizes","por isso mesmo agora, sendo dia santo, eles estão felizes","Nd'e'i te'e ko'yr, onhemo'aretébo, og orybamo",True,lowercased
2025,Senhora da vida,senhora da vida,Tekobé îara,True,lowercased
2026,a vista dele,a vista dele,sepîaka,False,
2027,amamentando seu neném,amamentando seu neném,i pitangĩ mokambûabo,False,
2028,Meu destino é a terra de Deus,meu destino é a terra de deus,Xe soaba Tupã retama,True,lowercased
2029,aquela cidade chamada Jerusalém,aquela cidade chamada jerusalém,akûé tabusu Îerusalém 'îaba,True,lowercased
2030,Só desejando mulher,só desejando mulher,Kunhã potá nhote,True,lowercased
2031,Tenho-o no meu pescoço,tenho-o no meu pescoço,Xe îuri arekó,True,lowercased
2032,Eu tenho o rosto curubento,eu tenho o rosto curubento,Xe robá-kurub,True,lowercased
2033,"Como pagamento de suas antigas comilanças, de suas antigas bebedeiras","como pagamento de suas antigas comilanças, de suas antigas bebedeiras","O karûagûera, o sabeypó-ypoagûera repyramo",True,lowercased
2034,Não me dá possibilidade,não me dá possibilidade,Na xe mo'ekatuî,True,lowercased
2035,Não assassines gente,não assassines gente,Eporapiti umẽ,True,lowercased
2036,Ela é boníssima porque lhe abunda a virtude,ela é boníssima porque lhe abunda a virtude,"I angaturãngatueté, tekokatu o esemõneme",True,lowercased
2037,"Jesus, senhor da virtude","jesus, senhor da virtude","Îesu, tekokatu îara",True,lowercased
2038,"Não desisto (teimo, sou importuno)",não desisto,Na xe apori,True,parentheses_removed | lowercased | trimmed
2039,"Minha mãe, vem!","minha mãe, vem!","A'i, eîori!",True,lowercased
2040,Renderam-se os oponentes,renderam-se os oponentes,I aûîé mu'amarûera,True,lowercased
2041,Não querem que vos toquem,não querem que vos toquem,Pe atõîa n'oîpotari,True,lowercased
2042,"Eu mesmo sou quem o queimou, no tempo em que ele vivia","eu mesmo sou quem o queimou, no tempo em que ele vivia","Ixé aé sapysarûera, sekobeaba resé",True,lowercased
2043,"Vinde para comer a criança, engolindo completamente o menino","vinde para comer a criança, engolindo completamente o menino","Peîori pitanga gûabo, kunumĩ mokona mbá",True,lowercased
2044,Todos os homens foram,todos os homens foram,Opá abá sóû,True,lowercased
2045,Que eu me lave a boca,que eu me lave a boca,T'aîeîuru-eî,True,lowercased
2046,"Verdadeiramente, eis aqui teu caminho Não quero que tu te percas","verdadeiramente, eis aqui teu caminho não quero que tu te percas","Anheté, kó nde rapé Nd'aîpotari nde ropara",True,lowercased
2047,A morte é o que separa os verdadeiros cônjuges,a morte é o que separa os verdadeiros cônjuges,Te'õ a'e mendasabeté mombo'isaramo,True,lowercased
2048,todos os habitantes do Paraíba,todos os habitantes do paraíba,opá Paraibygûara,True,lowercased
2049,"Oh, será que isto é o diabo?!","oh, será que isto é o diabo?!","Îu, anhangap'ikó ri?!",True,lowercased
2050,Eu sou falador,eu sou falador,Xe nhe'engixûer,True,lowercased
2051,Honrando-te mais que a todas as mulheres,honrando-te mais que a todas as mulheres,Opabĩ kunhã sosé nde momba'etébo é,True,lowercased
2052,Sou inimigo das pessoas,sou inimigo das pessoas,Morobaîaramo aîkó,True,lowercased
2053,Eu tenho nome,eu tenho nome,Xe rer,True,lowercased
2054,vasilha de sal,vasilha de sal,îukyruru,False,
2055,maior algum tanto,maior algum tanto,turusu bé'ĩ,False,
2056,Breei-o,breei-o,Aîkytyk,True,lowercased
2057,Afirmamos que isso é o que deve ser enaltecido,afirmamos que isso é o que deve ser enaltecido,Îamombe'u aîpó i momorangymbyra,True,lowercased
2058,"Tenhamos as coisas boas, apartando-as do que é torpe","tenhamos as coisas boas, apartando-as do que é torpe",- Îarekó é rakó mba'e-katu i poxyba'e suí i mouruébo,True,lowercased
2059,pelo caminho,pelo caminho,pé rupi,False,
2060,"Quanto mais um caminhante por um caminho que não conhece se aflige, mais deseja logo ver o dia","quanto mais um caminhante por um caminho que não conhece se aflige, mais deseja logo ver o dia","Memeté rakó pé o emingûabe'yma rupi oguataba'e o angekotebẽnamo, korikorinhẽa'ub 'ara repîaki",True,lowercased
2061,"ah, sim! ah, já entendi!","ah, sim! ah, já entendi!",tó eẽ,False,
2062,"algumas poucas vezes, algumas vezes, somente","algumas poucas vezes, algumas vezes, somente",amõme é,False,
2063,Sal bento pôs na tua boca para que seja muito saborosa a palavra de Deus a ela,sal bento pôs na tua boca para que seja muito saborosa a palavra de deus a ela,Îuky-karaíba oîmondeb nde îurupe ta se'ẽngatu Tupã nhe'enga i xupé,True,lowercased
2064,"Eia, vamos logo","eia, vamos logo","Ene'ĩ, t'îasó taûîé",True,lowercased
2065,"Não faz efeito, às vezes, nosso remédio, fazendo avivar mais a doença, às vezes por sua ineficácia em afastá-la","não faz efeito, às vezes, nosso remédio, fazendo avivar mais a doença, às vezes por sua ineficácia em afastá-la","Sarûab amõme asé posangygûaba, mara'ara moîerobu-bé-uká, amõme i pe'arunga o arûabíreme",True,lowercased
2066,Conhecendo a morte ainda em sua primeira infância,conhecendo a morte ainda em sua primeira infância,O pitangĩ pupé bé te'õ kuapa,True,lowercased
2067,Mas são eles os que mandam fazer cauim,mas são eles os que mandam fazer cauim,A'e-te kaûĩ pûaîtara,True,lowercased
2068,Tornando afável vosso senhor para vós mesmos,tornando afável vosso senhor para vós mesmos,Pe îoesé pe îara moaky,True,lowercased
2069,"Ele, após crescer, entregou-se aos homens maus, fazendo-se matar na cruz, estirado","ele, após crescer, entregou-se aos homens maus, fazendo-se matar na cruz, estirado","A'e o kakuab'iré, i nheme'engi apŷabaíba supé, oîeîuká-uká ybyraîoasaba resé i moatãmbyramo",True,lowercased
2070,"Naquela época, após criar-se o mundo","naquela época, após criar-se o mundo",Akoraka'e 'ara nhemonhang'iré,True,lowercased
2071,topo de escada,topo de escada,mytamytá-ypy,False,
2072,"Os temiminós, de dia, confessam seus pecadilhos, somente","os temiminós, de dia, confessam seus pecadilhos, somente",Temiminõ 'arybo nhẽ oîmombe'u o angaîpá-mirĩ anhõ,True,lowercased
2073,Pus entradas nele,pus entradas nele,Aî'atybakã-moín,True,lowercased
2074,"Vamos (ou passamos) sucessivamente, uns atrás dos outros","vamos sucessivamente, uns atrás dos outros",Oroîeoî,True,parentheses_removed | lowercased | whitespace_collapsed
2075,Acima de todas as pessoas embelezou-a,acima de todas as pessoas embelezou-a,Abá sosé pabẽ i momorangi,True,lowercased
2076,Deus fez certa mulher bondosa,deus fez certa mulher bondosa,Tupã amõ kunhãngatu monhangi,True,lowercased
2077,Eu sou airoso,eu sou airoso,Xe katu,True,lowercased
2078,Envergonha-te de ti mesmo,envergonha-te de ti mesmo,Etĩ nde îosuí,True,lowercased
2079,Atrás de uma cerca feita de pedras tomou a casa dos animais de criação como sua pousada,atrás de uma cerca feita de pedras tomou a casa dos animais de criação como sua pousada,Ybyrá itá monhangymbyra kupépe so'o mimbaba roka ogûâr gûupabamo,True,lowercased
2080,Por isso mesmo tua grande sujeira estraga as almas dos índios,por isso mesmo tua grande sujeira estraga as almas dos índios,Nd'e'i te'e nde ru'umusu abá 'anga momoxŷabo,True,lowercased
2081,Que chegue logo ao lugar de o matarem,que chegue logo ao lugar de o matarem,T'osyk esapy'a o îukaagûãme,True,lowercased
2082,"Oh, guarda-te de acreditar neles!","oh, guarda-te de acreditar neles!","Ahẽ, teumẽ serobîá!",True,lowercased
2083,"Eu tenho fôlego apressado, eu tenho muito fôlego","eu tenho fôlego apressado, eu tenho muito fôlego",Xe pytubapûan,True,lowercased
2084,"Meu irmão, perdoa tu a mim","meu irmão, perdoa tu a mim","Xe rybyt, nde nhyrõ xebo",True,lowercased
2085,Todo seu sangue fazendo derramar,todo seu sangue fazendo derramar,Og ugûy-tekatu i mo'ẽ-uká,True,lowercased
2086,Desculpei-me,desculpei-me,Aîepysyrõsyrõ,True,lowercased
2087,"Tendo saudades do neném, vim de minha casa","tendo saudades do neném, vim de minha casa","Pitangĩ repîaka'upa, aîur xe roka suí",True,lowercased
2088,lume das águas,lume das águas,y rendyîaba,False,
2089,Eu sou mocho,eu sou mocho,Xe aterẽ,True,lowercased
2090,Converti-me num pássaro,converti-me num pássaro,Anhemonhang a'eramo - Converti-me naquilo Anhemonhang gûyráramo,True,lowercased
2091,Para ele mesmo,para ele mesmo,I xupé é,True,lowercased
2092,"Após passar seu parto, Santa Maria levou seu filho Jesus ao templo","após passar seu parto, santa maria levou seu filho jesus ao templo","O membyrara kûab'iré, Santa Maria o membyra Îesus rerasóû Tupãokype",True,lowercased
2093,Os pagãos esfolaram São Bartolomeu,os pagãos esfolaram são bartolomeu,Serokypyre'yma São Bartolomeu piroki,True,lowercased
2094,Devem amar-se muito os que se casaram um com o outro?,devem amar-se muito os que se casaram um com o outro?,Oîoaûsu-katupe amẽ oîopopysykyba'epûera?,True,lowercased
2095,"Mas sempre, com certeza, a vossas almas querem bem","mas sempre, com certeza, a vossas almas querem bem","Memẽ-te nipó, pe 'anga amotá",True,lowercased
2096,Eu tenho papo grande,eu tenho papo grande,eu tenho papo Xe aîusu,True,lowercased
2097,Casando-se com alguém que não seja ele,casando-se com alguém que não seja ele,I xuí amõ resé omendá,True,lowercased
2098,Eu enfeio minh'alma,eu enfeio minh'alma,Xe xe 'anga aîmomoxy,True,lowercased
2099,Assento a vila de comprido,assento a vila de comprido,Opukubo taba amoín,True,lowercased
2100,Desfiei-o,desfiei-o,Aîorab,True,lowercased
2101,Afasta o jurupari deste mundo,afasta o jurupari deste mundo,Eîpe'a îurupari kó 'ara suí,True,lowercased
2102,"O que é comum é aquela mulher espedaçar nossas cabeças, ficando a derrubar-nos","o que é comum é aquela mulher espedaçar nossas cabeças, ficando a derrubar-nos",Sekoaba'e kûé kunhã oré akanga i apiti oré moapará-pará,True,lowercased
2103,Por isso mesmo repreendeu a seu companheiro,por isso mesmo repreendeu a seu companheiro,Nd'e'i te'e o apixara akakapa,True,lowercased
2104,És tolerante com teu próximo ao querer ele trabalhar nos feriados?,és tolerante com teu próximo ao querer ele trabalhar nos feriados?,Ereîmborype nde rapixara 'aretéreme i porabyky-potareme?,True,lowercased
2105,"Ah, transgredi muitíssimo as palavras de meu criador!","ah, transgredi muitíssimo as palavras de meu criador!",Aîaby-eteté xe monhangara nhe'enga mã!,True,lowercased
2106,Batendo numa mulher que está grávida,batendo numa mulher que está grávida,Kunhã i puru'aba'e resé opûá,True,lowercased
2107,o oposto daqueles pecados,o oposto daqueles pecados,aîpó tekoangaîpaba robaîara,False,
2108,"Coisa muito boa é a confissão, que Deus fez como modo de aplacá-lo neste mundo","coisa muito boa é a confissão, que deus fez como modo de aplacá-lo neste mundo",Mba'e-eté anhẽ nhemombe'u Tupã remimonhangûera ikó 'ara pupé o monhyrõsabamo,True,lowercased
2109,"Meus parentes trazendo, faço-os dançar comigo","meus parentes trazendo, faço-os dançar comigo",Xe anametá aroporaseî seru,True,lowercased
2110,Como criança está nos braços de Maria,como criança está nos braços de maria,Pitangamo seni Maria îybápe,True,lowercased
2111,"Mas a ti, sobram-te galinhas e porcos","mas a ti, sobram-te galinhas e porcos","Endé-te, nde resemõ arinhama, taîasu",True,lowercased
2112,"Que a gente diz, conversando com o anjo seu guardião?","que a gente diz, conversando com o anjo seu guardião?","Marã e'ipe asé, karaibebé o arõana mongetábo?",True,lowercased
2113,"Assim como esta água lava o corpo da gente, aquela também (lava)","assim como esta água lava o corpo da gente, aquela também","Akó 'y asé reté moîasuka îabé, akûeîa îabé",True,parentheses_removed | lowercased | trimmed
2114,"Tu queres ser mau Hás de ir, pois, para teu fogo","tu queres ser mau hás de ir, pois, para teu fogo",Nde poxy-potar-a'ub T'eresó rõ nde ratápe,True,lowercased
2115,"Vinde, levai os malditos, erguendo-os, para sapecá-los em nosso fogo, tostando-os bem","vinde, levai os malditos, erguendo-os, para sapecá-los em nosso fogo, tostando-os bem","Peîori, perasó muru, supi, îandé ratápe sapeka, saîmbé-katûabo",True,lowercased
2116,Eu não estou feliz,eu não estou feliz,Na xe rorybi,True,lowercased
2117,Sempre eu ensinei publicamente as pessoas,sempre eu ensinei publicamente as pessoas,Te'yîpe memẽ nhẽ ixé aporombo'e,True,lowercased
2118,Estamos pertinho um do outro,estamos pertinho um do outro,O îoambyî oroîub,True,lowercased
2119,eixo da roda de madeira que gira (no engenho de açúcar),eixo da roda de madeira que gira,ybyrá-pararanga agûeá,True,parentheses_removed | trimmed
2120,"suas pajelanças, sua antiga crença nos pajés","suas pajelanças, sua antiga crença nos pajés","i nhemopaîeagûera, i paîé rerobîaragûera",False,
2121,Comedor de carne humana!,comedor de carne humana!,Mba'e-poru!,True,lowercased
2122,Deseja ardentemente ver o nascimento de seu filho que se gera em seu ventre,deseja ardentemente ver o nascimento de seu filho que se gera em seu ventre,O membyra gûygépe onhemonhangyba'e 'arama osepîaka'ub,True,lowercased
2123,Assa-me o Lourenço tostado,assa-me o lourenço tostado,Xe resy Lorẽ-ka'ẽ,True,lowercased
2124,de noite (não costumeiramente),de noite,putunyme,True,parentheses_removed | trimmed
2125,fecho da porta,fecho da porta,okena motakaba,False,
2126,"Sentou-se em público, aquecendo-se perto do fogo","sentou-se em público, aquecendo-se perto do fogo","Te'yîpe nhẽ i gûapyki, tatá ypype oîepegûabo",True,lowercased
2127,"Aqui os homens estão, na verdade","aqui os homens estão, na verdade",Ké abá rekóû anhẽ,True,lowercased
2128,Vai para fazer cair os malditos em nosso laço!,vai para fazer cair os malditos em nosso laço!,Ekûãî moxy mbo'a îandé îusana pupé!,True,lowercased
2129,"-Não é que o maldito veio voando? -Portanto, não é, de modo nenhum, preguiçoso!","-não é que o maldito veio voando? -portanto, não é, de modo nenhum, preguiçoso!","-Ké muru ruri obébo? -Irõ, n'i ate'ym-angáî!",True,lowercased
2130,ficando a observar o procedimento das pessoas,ficando a observar o procedimento das pessoas,abá rekó andu-andupa,False,
2131,Denunciar-me-iam ao meu imperador,denunciar-me-iam ao meu imperador,Xe kuaukámo xe rubixaba supémo,True,lowercased
2132,Tenho-o por costume,tenho-o por costume,Aîpokugûab,True,lowercased
2133,Eu estou preto de fumaça,eu estou preto de fumaça,Xe run tatatinga suí,True,lowercased
2134,E no caso de ele não estar?,e no caso de ele não estar?,A'e ipó sekoe'ỹme?,True,lowercased
2135,Eu falo demais,eu falo demais,Xe nhe'ẽ-mby'i,True,lowercased
2136,pelo meio de (sentido difuso),pelo meio de,pyterybo,True,parentheses_removed | trimmed
2137,"Não, não os derrotarás","não, não os derrotarás","Aan, nd'ereîtyki xóne",True,lowercased
2138,Eu sou muito manchado,eu sou muito manchado,Xe pará-parab,True,lowercased
2139,"Manifestou-se a eles, somente, alegrando-os","manifestou-se a eles, somente, alegrando-os",Oîepîakukar i xupé nhõ i moesãîa,True,lowercased
2140,Hei de obedecer bem a ele,hei de obedecer bem a ele,Asapîakatupe ká,True,lowercased
2141,Vem para me governar,vem para me governar,Îori xe rekomonhanga,True,lowercased
2142,chefes valentes,chefes valentes,morubixá-mosakara,False,
2143,"Acaso insistiram muito, então, os que o levaram, ficando a gritar?","acaso insistiram muito, então, os que o levaram, ficando a gritar?","Oîeîukaaíb-eté serã serasoaretá a'ereme, oposẽ-posema?",True,lowercased
2144,Concluo que talvez isso seja assim,concluo que talvez isso seja assim,Emonã ûĩ re'a a'é,True,lowercased
2145,"Atravessando o céu foi, deixando-te","atravessando o céu foi, deixando-te","Ybaka rasapa osó, nde reîá",True,lowercased
2146,"Embora me interessasse por elas, junto àquelas não cheguei","embora me interessasse por elas, junto àquelas não cheguei","Anhangerekó îepé, aîpó supé n'abasemi",True,lowercased
2147,Eu tenho o coração angustiado,eu tenho o coração angustiado,Xe py'a-ekotebẽ,True,lowercased
2148,Felizes estão todos os homens,felizes estão todos os homens,Sory pakatu apŷaba,True,lowercased
2149,Ajuntam-se,ajuntam-se,Oîerobyk,True,lowercased
2150,Nossa companheira de guerras,nossa companheira de guerras,Îandé maranirũ,True,lowercased
2151,"farinha de tipiaca, isto é, feita da mandioca crua coalhada em suspensão na água","farinha de tipiaca, isto é, feita da mandioca crua coalhada em suspensão na água",Typy'a-ku'i,False,
2152,Lavo-a,lavo-a,Aîpyeî,True,lowercased
2153,Oxalá houvesse uma mulher aqui (mas não há)!,oxalá houvesse uma mulher aqui !,Kunhã iké sekóû biã mã!,True,parentheses_removed | lowercased
2154,Enfeixei-os,enfeixei-os,Anhoman,True,lowercased
2155,"Matá-lo-ei futuramente, com certeza","matá-lo-ei futuramente, com certeza",Aîuká ipó irãne,True,lowercased
2156,"Comeu aquele fruto, causa da morte, que Deus dissera?","comeu aquele fruto, causa da morte, que deus dissera?","O'u nhẽpe a'e 'ybá, tegûama, Tupã 'îaba?",True,lowercased
2157,Que as veja logo,que as veja logo,T'asepîak taûîé!,True,lowercased
2158,Que faziam aí os que ele faria sair consigo?,que faziam aí os que ele faria sair consigo?,Marãpe a'e semienosegûama rekóû a'epe?,True,lowercased
2159,"Reritiba, minha terra, dela venho aqui","reritiba, minha terra, dela venho aqui","Rerityba, xe retama, i xuí xe ruri ké",True,lowercased
2160,"Ficai, palermões!","ficai, palermões!","Pepytá, manemusu!",True,lowercased
2161,"Ainda bem que existes, ó meu senhor!","ainda bem que existes, ó meu senhor!",Aûîebeté ereîkó xe îar-y gûé!,True,lowercased
2162,Sangro-o,sangro-o,Asugûymombuk,True,lowercased
2163,"Ah, como será a morte do fulano por aí?","ah, como será a morte do fulano por aí?",Marã îasûaramo ahẽ kûepe se'õ mã?,True,lowercased
2164,maço de flechas,maço de flechas,u'u-mana,False,
2165,Então as estrelas cairão pouco a pouco,então as estrelas cairão pouco a pouco,A'ereme îasytatá o apakuîamo,True,lowercased
2166,Dorme ao lado de mim,dorme ao lado de mim,Eké xe porupi,True,lowercased
2167,"Tão logo ouvindo o teu nome, o diabo está tremendo","tão logo ouvindo o teu nome, o diabo está tremendo","Nde rera rendupa abé, anhanga ryryî okûapa",True,lowercased
2168,Quem ficou ali?,quem ficou ali?,Abápe opytá a'epe?,True,lowercased
2169,estopa torcida,estopa torcida,yby-pomombykypyra,False,
2170,Oxalá ela estivesse nua!,oxalá ela estivesse nua!,Ikatupe nhẽ temõ mûã!,True,lowercased
2171,E como a gente procede para amar seu próximo como ama a si mesmo?,e como a gente procede para amar seu próximo como ama a si mesmo?,A'epe marã asé rekóû o îeaûsuba îabé-katu o apixara raûsupa?,True,lowercased
2172,"Sendo assim, de costume, o diabo fica muito insistente pela gente","sendo assim, de costume, o diabo fica muito insistente pela gente",Nãneme amẽ Anhanga îeîukaibetéû moroesé,True,lowercased
2173,Não se compadeceu Deus de alguém por causa dos que descenderiam (dele)?,não se compadeceu deus de alguém por causa dos que descenderiam ?,N'osaûsubaripe Tupã amõ abá îeapykaba'erama resé?,True,parentheses_removed | lowercased
2174,Outro dia o contarei mesmo,outro dia o contarei mesmo,T'aîmombe'u é îrã,True,lowercased
2175,daqui,daqui,iké suí,False,
2176,"Por isso mesmo veio como precursor de Nosso Senhor, anunciando-o","por isso mesmo veio como precursor de nosso senhor, anunciando-o","Nd'e'i te'e oú Îandé Îara renotaramo, i mombegûabo",True,lowercased
2177,"de dois em dois, dois a dois","de dois em dois, dois a dois",mokõ-mokõî,False,
2178,"Acredita, meu padrinho, hão de te apresar hoje","acredita, meu padrinho, hão de te apresar hoje","Erobîá, xe rubangaba, ta nde moembiá kori",True,lowercased
2179,Reformei seus atos,reformei seus atos,Asekó-nongatu,True,lowercased
2180,"Eia, os temiminós de dia confessam seus pecadilhos somente","eia, os temiminós de dia confessam seus pecadilhos somente","Ene'ĩ, temiminõ 'arybo nhẽ oîmombe'u o angaîpá-mirĩ anhõ",True,lowercased
2181,Fica! Somente quando bebes cauim tu queres ser valente?,fica! somente quando bebes cauim tu queres ser valente?,Epytá! Kagûápe nhõ nde ratãngatu-potá?,True,lowercased
2182,recipientes de pólvora,recipientes de pólvora,mokaku'i-uru,False,
2183,"Ao morrer eu, que venhas","ao morrer eu, que venhas","Xe îekyîme, t'ereîu",True,lowercased
2184,o assar do pão,o assar do pão,miapé îyba,False,
2185,"pessoa garrida, elegante, muito enfeitada com cores alegres e brincos, jocosa","pessoa garrida, elegante, muito enfeitada com cores alegres e brincos, jocosa",araakasybora,False,
2186,Desdisse minhas palavras,desdisse minhas palavras,Asekobîarõ xe nhe'enga,True,lowercased
2187,Devolveu seu pagamento aos príncipes,devolveu seu pagamento aos príncipes,Oîme'engîeby sepypûera morubixabetá supé,True,lowercased
2188,Alegrando todas as velhas,alegrando todas as velhas,Gûaibĩ moesãîa mbá,True,lowercased
2189,na cintura,na cintura,ku'aî,False,
2190,"Não é à toa, certamente, que, agora, todos os que te amavam ele liberta de ti","não é à toa, certamente, que, agora, todos os que te amavam ele liberta de ti","Nd'e'i te'e, ipó, ko'y opá nde raûsuparûera pysyrõmo nde suí",True,lowercased
2191,"sineta de mão, sinozinho manual, campainha","sineta de mão, sinozinho manual, campainha",itamaraká-mirĩ,False,
2192,Deus fez certa mulher bondosa,deus fez certa mulher bondosa,Tupã amõ kunhãngatu monhangi,True,lowercased
2193,Quem será que a trouxe?,quem será que a trouxe?,Abá serã ogûeru?,True,lowercased
2194,Fiquei-o tocando,fiquei-o tocando,Aîakãî-akãî,True,lowercased
2195,Eu estou quebrantado,eu estou quebrantado,Xe rasyrõ,True,lowercased
2196,Eis que estas tuas futuras presas são muitas,eis que estas tuas futuras presas são muitas,Aîpó kó nde rembiarama setá,True,lowercased
2197,Embora eu fosse,embora eu fosse,Aûîebé-temo asó,True,lowercased
2198,"Querendo beber vinho, tudo esgotei","querendo beber vinho, tudo esgotei","Kaûĩaîa 'useîa é, opakatu amboapy",True,lowercased
2199,"Por conhecê-lo, agora amo-o","por conhecê-lo, agora amo-o","A'e kuapápe, ko'y asaûsu",True,lowercased
2200,Vem para colocar os malditos conforme nossas palavras,vem para colocar os malditos conforme nossas palavras,Eîori muru moingóbo îandé nhe'enga rupi,True,lowercased
2201,"Eis que o ajunto há dias, na verdade","eis que o ajunto há dias, na verdade",Kûeîsé bé nakó aîrumõ,True,lowercased
2202,Sobram-me sauiás,sobram-me sauiás,Xe resemõ saûîá,True,lowercased
2203,Fizeste poções?,fizeste poções?,Mosangape ereîapó?,True,lowercased
2204,"Deveria ser ele, primeiro","deveria ser ele, primeiro",Ahẽ ranhẽ temonemo,True,lowercased
2205,Quebra-se muitas vezes,quebra-se muitas vezes,Osó-osok,True,lowercased
2206,a união de Deus-Filho com nossa carne,a união de deus-filho com nossa carne,îandé ro'o resé Tupã-Ta'yra îemonana,True,lowercased
2207,algodoal,algodoal,amynyîu-tyba,False,
2208,Levo-o na sua trela,levo-o na sua trela,I xama ri arasó,True,lowercased
2209,"Cantemos um pouquinho, primeiro, para festejar bem o dia","cantemos um pouquinho, primeiro, para festejar bem o dia","T'îanhe'engá-mirĩ, ranhẽ, 'ara momorãngatûabo",True,lowercased
2210,Ai! Não há absolutamente servos meus,ai! não há absolutamente servos meus,Akaîgûá! N'i tyb-angáî xe boîá,True,lowercased
2211,E os judeus a um homem não mandaram tomar aquela cruz?,e os judeus a um homem não mandaram tomar aquela cruz?,Nd'ogûar-ukarype Îudeus a'e cruz abá supé?,True,lowercased
2212,"Suponho eu que ele tenha ido, de fato","suponho eu que ele tenha ido, de fato","""Osó ipó"" a'ea'ub niã ixé",True,lowercased
2213,Descalcei-me,descalcei-me,Aîepyaobok,True,lowercased
2214,Eis aqui também a ingapema pintada,eis aqui também a ingapema pintada,Kó bé ingapé-kûatiara,True,lowercased
2215,"Ah, se eu tivesse percebido outrora isso, praticando o que dizíeis!","ah, se eu tivesse percebido outrora isso, praticando o que dizíeis!","Anhandu beémo erimba'e angûama mã, pe 'erama purûabo!",True,lowercased
2216,Eu sou curvadinho,eu sou curvadinho,Xe aparĩ,True,lowercased
2217,Selecionei-o,selecionei-o,Aîkatu'ok,True,lowercased
2218,Não se arrependeram alguns de seus vitupérios?,não se arrependeram alguns de seus vitupérios?,Nd'oîmoasyîpe amõ o nhe'engaibagûera?,True,lowercased
2219,Não querendo que se apague a luz de tua alma,não querendo que se apague a luz de tua alma,Nde 'anga resapesaba gûeba potare'yma,True,lowercased
2220,"Para acalmar aquele, como nós ele se fez homem verdadeiro","para acalmar aquele, como nós ele se fez homem verdadeiro",A'epûera nongatûabo é îandé îabé apŷabetéramo i nhemonhangi erimba'e,True,lowercased
2221,Alimento muitos,alimento muitos,Aîopoîusu,True,lowercased
2222,Eu tenho um buraco oco,eu tenho um buraco oco,Xe kûarybỹî,True,lowercased
2223,Até eu vou,até eu vou,Ixé tiruã asó,True,lowercased
2224,"Logo, então, a cruz ergueram, fincando-a?","logo, então, a cruz ergueram, fincando-a?",A'eîbépe ybŷá cruz mo'ami i atykábo?,True,lowercased
2225,"Como seus discípulos procederam, vendo tratar assim a seu senhor?","como seus discípulos procederam, vendo tratar assim a seu senhor?",Marãpe i boîá rekóû emonã o îara rerekó repîaka?,True,lowercased
2226,Eu tenho pés calejados,eu tenho pés calejados,Xe py-piru'a,True,lowercased
2227,O fogo te convém verdadeiramente para que nele te asses,o fogo te convém verdadeiramente para que nele te asses,"Tatá nde arõ-eté, i pupé t'ereîesy",True,lowercased
2228,"Prega-o, prega-o na cruz de madeira","prega-o, prega-o na cruz de madeira","Eîmoîar, eîmoîar ybyrá îoasaba resé",True,lowercased
2229,Tomou a casa dos animais de criação como sua pousada,tomou a casa dos animais de criação como sua pousada,So'o mimbaba roka ogûar og upabamo,True,lowercased
2230,Cingi-me,cingi-me,Aîeku'apûar,True,lowercased
2231,"Preocupam-se conosco, de costume, os nossos padrinhos?","preocupam-se conosco, de costume, os nossos padrinhos?",Onhemosaînãpe amẽ asé rerokara asé resé?,True,lowercased
2232,Cercando os miseráveis para encher nosso fogo,cercando os miseráveis para encher nosso fogo,Muru rokysyma îandé ratá poraká,True,lowercased
2233,Fiei o algodão,fiei o algodão,Aamynyîu-poban,True,lowercased
2234,Aqui está teu danador,aqui está teu danador,Oîkobé nde arûara é,True,lowercased
2235,Fiquei-o oprimindo,fiquei-o oprimindo,Aîopyîopyk,True,lowercased
2236,"acarretar, acarrear","acarretar, acarrear",eru-erur,False,
2237,"Ah, bem feito para ele!","ah, bem feito para ele!",Iîá îaby ahẽ mã!,True,lowercased
2238,"Eis que, enfim, chega meu pai","eis que, enfim, chega meu pai",Rumby xe ruba obasema,True,lowercased
2239,"Eu estou-me homiziando, eu estou vivendo fugido","eu estou-me homiziando, eu estou vivendo fugido",Xe tekoaraibor gûitekóbo,True,lowercased
2240,"mulher normal (isto é, que nunca foi escrava)",mulher normal,kunhãeté,True,parentheses_removed | trimmed
2241,Os furtos de fulano são famosos,os furtos de fulano são famosos,Serapûan ahẽ mondá,True,lowercased
2242,"Sapecar-te-ei, assar-te-ei","sapecar-te-ei, assar-te-ei","Oroapek, oroesyne",True,lowercased
2243,Entra hoje em meu coração,entra hoje em meu coração,Eîké kori xe nhy'ãme,True,lowercased
2244,"Que quer dizer a gente em seu coração, dizendo isso para ela?","que quer dizer a gente em seu coração, dizendo isso para ela?",Marã e'ipe asé o py'ape aîpó o'îabo i xupé?,True,lowercased
2245,O que a seu filho e a seu escravo faz trabalhar,o que a seu filho e a seu escravo faz trabalhar,"O a'yra, o embiaûsuba omoporabykyba'e",True,lowercased
2246,"A que ingere uma poção, querendo matar seu feto","a que ingere uma poção, querendo matar seu feto",O puru'a îuká potá mosanga o'uba'e,True,lowercased
2247,Eu sou redondo,eu sou redondo,Xe apu'a,True,lowercased
2248,Como ele nos fez?,como ele nos fez?,Marãpe asé monhangi?,True,lowercased
2249,Resgatar os cativos,resgatar os cativos,I momiaûsubypyra renosema,True,lowercased
2250,Igualmente a morte está entre os moços e entre os velhos,igualmente a morte está entre os moços e entre os velhos,Oîoîá te'õ rekóû kunumĩgûasu suí tuîba'e suí bé,True,lowercased
2251,"Para ele trouxeram, como oferendas, ouro, incenso e mirra","para ele trouxeram, como oferendas, ouro, incenso e mirra","I xupé ogûeru îetanongabamo itaîuba, ysykatã syapûãba'e, mirra",True,lowercased
2252,espiga dele,espiga dele,sara,False,
2253,Como meus súditos em minhas mãos bem os tenho a todos,como meus súditos em minhas mãos bem os tenho a todos,Xe boîáramo pabẽ xe pópe arekó-katu,True,lowercased
2254,Tu fizeste agressão com palavras a alguém?,tu fizeste agressão com palavras a alguém?,Nde nhe'ẽporoîukaípe abá supé?,True,lowercased
2255,"Ah, sim!","ah, sim!",Eẽ hegûé!,True,lowercased
2256,Eu estou animoso,eu estou animoso,Xe rakubor,True,lowercased
2257,Com quais mulheres um homem não se casará?,com quais mulheres um homem não se casará?,Umãba'e kunhã resépe abá nd'omendari xûéne?,True,lowercased
2258,Aqueles velhos reis fedorentos?,aqueles velhos reis fedorentos?,Akó tubixanẽmbûera?,True,lowercased
2259,"Adivinha, vamos ver, aquele que bateu em ti!","adivinha, vamos ver, aquele que bateu em ti!",Eîkuá ra'u nde ri opûaryba'e!,True,lowercased
2260,-Que é ungido de nós? -Nossas ancas,-que é ungido de nós? -nossas ancas,-Mba'e-mba'epe asé suí i pitubypyra? -Asé rumby,True,lowercased
2261,Detesto a vida má,detesto a vida má,Aroŷrõ tekó-poxy,True,lowercased
2262,"Isso não seria possível contar, ainda que o sol se pusesse!","isso não seria possível contar, ainda que o sol se pusesse!","Aîpó n'i papasabi, kûarasymo oîké îepémo!",True,lowercased
2263,Vou ao caminho de meu pai,vou ao caminho de meu pai,Asó xe ruba rapépe,True,lowercased
2264,Que há aqui semelhante a um canindé azul?,que há aqui semelhante a um canindé azul?,Mba'epe ké kanindé-oby îasûara?,True,lowercased
2265,"Oh, por acaso isto é o diabo?!","oh, por acaso isto é o diabo?!","Îu, anhangap'ikó ri?!",True,lowercased
2266,certamente! sem dúvida! assim é! tem razão! é verdade! (certificando o que outra pessoa disse),certamente! sem dúvida! assim é! tem razão! é verdade!,anhẽ rakó!,True,parentheses_removed | trimmed
2267,na ponta da flecha,na ponta da flecha,u'uba anhãî,False,
2268,linha grossa de pescar,linha grossa de pescar,pindasã-pokuruba,False,
2269,"Eis que esse vem (ouvindo sua voz, somente, não o vendo)",eis que esse vem,Aîpó turi,True,parentheses_removed | lowercased | trimmed
2270,Tu te alegras quando um homem te apalpa?,tu te alegras quando um homem te apalpa?,Nde rorype abá nde abykyreme?,True,lowercased
2271,"ilha de mato em meio a um descampado, CAPÃO","ilha de mato em meio a um descampado, capão",ka'a-pa'ũ,True,lowercased
2272,Ainda bem que aprendeu,ainda bem que aprendeu,Iîá oîembo'ebo,True,lowercased
2273,"não é mesmo? (isto é, verás que te digo a verdade)",não é mesmo?,mba'e-tepe?,True,parentheses_removed | trimmed
2274,"Quem, hoje, é como eu? Irra, ninguém!","quem, hoje, é como eu? irra, ninguém!","Abápe kori xe îá? Erĩ, aani!",True,lowercased
2275,"Enfim, esses temiminós não acatam a lei de Deus","enfim, esses temiminós não acatam a lei de deus","Aûîé, kó temiminõ nd'ogûari Tupã rekó",True,lowercased
2276,"Está muito a propósito, está sem mais nem menos (como se queria)","está muito a propósito, está sem mais nem menos",A'eboé tuî,True,parentheses_removed | lowercased | trimmed
2277,Atiro-a,atiro-a,Asa'ang,True,lowercased
2278,Ainda mais Pedro,ainda mais pedro,Pero angabatene,True,lowercased
2279,Deleitando-se com sua polução em seu sono,deleitando-se com sua polução em seu sono,O kera pupé o pupukûera morypa,True,lowercased
2280,Já agora deve ter vindo,já agora deve ter vindo,Our ipó ko'yté,True,lowercased
2281,"passar rápido, correr (pex, o rio, o navio)","passar rápido, correr",kûab-apûan,True,parentheses_removed | trimmed
2282,"Ainda que os libertes, retirá-los-ei de tua mão","ainda que os libertes, retirá-los-ei de tua mão","Ereîpysyrõ îepéne, nde pó suí anosẽne",True,lowercased
2283,Eu tenho inhaca,eu tenho inhaca,Xe raby'ak,True,lowercased
2284,"E mentindo também aquele que invoca sua alma, que acontece?","e mentindo também aquele que invoca sua alma, que acontece?","O 'anga renõîndara abé o îuraragûaîamo nhẽ, marãpe?",True,lowercased
2285,Tu te preocupaste com que teus vizinhos ouvissem a missa ao começar ela?,tu te preocupaste com que teus vizinhos ouvissem a missa ao começar ela?,Erenhemosaînanype nde rambyagûá missa iîypyrungápe sendubagûama ri?,True,lowercased
2286,querendo trazê-los aqui,querendo trazê-los aqui,iké seru-potá nhẽ,False,
2287,"remédio contra dor de picada de cobra, antídoto contra veneno de cobra","remédio contra dor de picada de cobra, antídoto contra veneno de cobra",mboîasy-posanga,False,
2288,"Guarda-te, hoje, de ter guerra comigo","guarda-te, hoje, de ter guerra comigo",Eteumẽ kori marana rerekóbo xe resé,True,lowercased
2289,Ela é salobra,ela é salobra,Se'ẽ-byk,True,lowercased
2290,companheiro de São Sebastião,companheiro de são sebastião,São Sebastião irũ,True,lowercased
2291,"Após resgatares bem tuas maldades antigas, que te regozijes muito com a virtude","após resgatares bem tuas maldades antigas, que te regozijes muito com a virtude","Nde rekomemûãagûera repyme'ẽngatu roîré, t'ereîekosubeté tekoporanga resé",True,lowercased
2292,Eu estou arrasado,eu estou arrasado,Xe robapyka'ẽ,True,lowercased
2293,"Vem, ó meu senhorzinho!","vem, ó meu senhorzinho!","Eîori, xe îarĩ gûé!",True,lowercased
2294,"Empregaste alguém por ocasião de um feriado, fazendo-o trabalhar em algo?","empregaste alguém por ocasião de um feriado, fazendo-o trabalhar em algo?",Ereîmoingópe abá 'aretéreme marã i moporabykŷabo?,True,lowercased
2295,Sofrem a dor de não verem a Deus,sofrem a dor de não verem a deus,Oîporará Tupã repîake'yma rasy,True,lowercased
2296,Caçôo dele,caçôo dele,Aîoîaî,True,lowercased
2297,"-Que queres? -Batata-doce, favas","-que queres? -batata-doce, favas","-Ma'epe ereîpotar? -Îetyka, komandaûasu",True,lowercased
2298,"fonte, água perene","fonte, água perene",y-pabe'ymba'e,False,
2299,Eu não estou doente,eu não estou doente,Na xe marani,True,lowercased
2300,Desobedeci a ele,desobedeci a ele,Aîmoabangab,True,lowercased
2301,Não falto à igreja,não falto à igreja,N'aîmopanemi tupãoka,True,lowercased
2302,Deixaste de ouvir a missa?,deixaste de ouvir a missa?,Ereîmopanemype missa renduba?,True,lowercased
2303,Abarquei-o,abarquei-o,Aîubykatã,True,lowercased
2304,"Pensai que, algum dia, a morte virá para bater em vossas portas","pensai que, algum dia, a morte virá para bater em vossas portas",Penheangerekó amõ 'ara pupé te'õ pe rokena motaka turagûama resé é,True,lowercased
2305,Ficaram fazendo ferimentos em seu corpo todo?,ficaram fazendo ferimentos em seu corpo todo?,Seté îakatupe ybŷá i moperé-perebi?,True,lowercased
2306,Se eu o mandasse,se eu o mandasse,Aîmondó-momo,True,lowercased
2307,Nele os judeus juntaram-se para ficar atirando pedras em Santo Estêvão,nele os judeus juntaram-se para ficar atirando pedras em santo estêvão,I pupé Îudeus nheŷnhangi Santo Estêvão apîá-apîábo,True,lowercased
2308,"Ora, experimenta-o","ora, experimenta-o",Esa'ang ra'u,True,lowercased
2309,Assim procede para disfarçar a existência de seus filhotes,assim procede para disfarçar a existência de seus filhotes,O a'yra kuakupa emonã sekóû,True,lowercased
2310,Vou de madrugada,vou de madrugada,Îeîbé asó,True,lowercased
2311,Eu estou lacrimejando,eu estou lacrimejando,Xe resa'y-sa'y,True,lowercased
2312,bolsa do abdômen (dos marsupiais),bolsa do abdômen,ambé-aîó,True,parentheses_removed | trimmed
2313,Não foi a meu pai que o dei,não foi a meu pai que o dei,Na xe ruba supé ruã aîme'eng,True,lowercased
2314,Hei de irritar os malditos,hei de irritar os malditos,"""Aîrarõpe muru ká",True,lowercased
2315,minha presa (o que eu capturei na guerra),minha presa,xe pu'amagûera,True,parentheses_removed | trimmed
2316,Esses teus olhos volta em nossa direção,esses teus olhos volta em nossa direção,Eboûĩ nde resá erobak oré koty,True,lowercased
2317,"Homens, velhas, mulheres sempre serão minhas presas","homens, velhas, mulheres sempre serão minhas presas","Apŷaba, gûaîbĩ, kunhãne, ko'arapukuî xe rembiá",True,lowercased
2318,"Passaste a mão nas tuas pudendas, abrindo-as?","passaste a mão nas tuas pudendas, abrindo-as?","Erepokokype nde rapopé resé, i pekábo?",True,lowercased
2319,Calei minhas palavras,calei minhas palavras,Aîopyk xe nhe'enga,True,lowercased
2320,Eu estou menstruada,eu estou menstruada,Xe rugûy,True,lowercased
2321,"Afastando o pecado original, o que Adão lançou na gente","afastando o pecado original, o que adão lançou na gente",Tekoangaîpab-ypy moroesé Adão remitykûera pe'abo,True,lowercased
2322,"Aquele que eu beijar na face, agarrai-o, atando-lhe as mãos","aquele que eu beijar na face, agarrai-o, atando-lhe as mãos","A'e asetobapé-pyténe peîpysy-katu kori, i popûá",True,lowercased
2323,"Sendo isso assim, o dia todo e a noite toda tu cuidarás de tua alma","sendo isso assim, o dia todo e a noite toda tu cuidarás de tua alma","Aîpó e'ymeté, ko'arapukuî, pysaré nde maînanĩ nde 'anga resé-ne",True,lowercased
2324,"Eis que estava de cor um tanto preta, certamente","eis que estava de cor um tanto preta, certamente",Moroún-mbyry nakó,True,lowercased
2325,Importuna-me bem aquela lei nova,importuna-me bem aquela lei nova,Xe moaîu-marangatu aîpó tekó-pysasu,True,lowercased
2326,Eu sou homem manso,eu sou homem manso,Abanherane'yma ixé,True,lowercased
2327,"Hei de me corrigir, enfim","hei de me corrigir, enfim",Anhenonhẽpe ko'yté ká,True,lowercased
2328,"Foram terríveis contra os malditos as flechas de São Sebastião, com São Lourenço também","foram terríveis contra os malditos as flechas de são sebastião, com são lourenço também","I abaeté muru supé São Sebastião ru'uba, São Lourenço pyri bé",True,lowercased
2329,Para cima suas pernas mandou pregar,para cima suas pernas mandou pregar,Ybaté koty ogûetymã moîarukari,True,lowercased
2330,"Que disseram os judeus, acusando-o?","que disseram os judeus, acusando-o?","Marã e'ipe îudeus i xupé, i mombegûabo?",True,lowercased
2331,Selo-o (o cavalo),selo-o,Asendamoín,True,parentheses_removed | lowercased | trimmed
2332,Eu estou fumegante,eu estou fumegante,Xe ratating,True,lowercased
2333,São um na união de seu ser sagrado,são um na união de seu ser sagrado,Oîepé og ekó-karaíba îese'ara pupé nhẽ,True,lowercased
2334,Vem para amedrontá-lo,vem para amedrontá-lo,Eîori i mosykyîébo,True,lowercased
2335,"Bebem muito todos, os homens com as mulheres","bebem muito todos, os homens com as mulheres","Oka'ugûasu pabẽ, apŷaba kunhã ndibé",True,lowercased
2336,"Futuramente, com certeza, a inimiga de minha alma há de bater em minha porta","futuramente, com certeza, a inimiga de minha alma há de bater em minha porta",Erimba'e ipó xe 'anga robaîara xe rokena moîapuûne re'a,True,lowercased
2337,Eu sou um homem feito,eu sou um homem feito,Xe abagûasu,True,lowercased
2338,Fiz-me homem,fiz-me homem,Xe abagûasu,True,lowercased
2339,"de três em três, três cada um","de três em três, três cada um",mosapy-sapyr,False,
2340,Com minha esposa ajudar-nos-emos um ao outro,com minha esposa ajudar-nos-emos um ao outro,T'oroîopytybõne xe remirekó ndi,True,lowercased
2341,Pus-lhe enfeites no rosto,pus-lhe enfeites no rosto,Asobá-posanong,True,lowercased
2342,Eis que tu mesma me denunciaste,eis que tu mesma me denunciaste,Nde é ã xe kuauká îepé,True,lowercased
2343,Eu fico gritando dormindo,eu fico gritando dormindo,Xe kerasẽ-rasem,True,lowercased
2344,Tornando notórios os vícios das pessoas,tornando notórios os vícios das pessoas,Abá rekopoxy mosãîa,True,lowercased
2345,Lanço (à água) a canoa,lanço a canoa,Aro'ar ygara,True,parentheses_removed | lowercased | whitespace_collapsed
2346,Não temos a ver com isso,não temos a ver com isso,Nd'oroîkóî aîpó resé,True,lowercased
2347,Como se eu fosse,como se eu fosse,Xe só serãmona'ẽ,True,lowercased
2348,Há de ser o substituto de meu pai,há de ser o substituto de meu pai,Xe ruba rekobîara é re'ĩ,True,lowercased
2349,para quê? para que coisa? a quê?,para quê? para que coisa? a quê?,mba'e supé?,False,
2350,"Portanto, prantear as pessoas (que chegam, como saudação) isso as enternece","portanto, prantear as pessoas isso as enternece",Irõ moroapirõ a'e oporomomby'ar,True,parentheses_removed | lowercased | whitespace_collapsed
2351,"Falaste duramente a alguém, irritando-o, fazendo-o odiar as pessoas?","falaste duramente a alguém, irritando-o, fazendo-o odiar as pessoas?","Erenhe'eng-aparatãpe abá supé, i moroŷrõmo, i moporoamotare'yma?",True,lowercased
2352,Ama a todos os moradores do lugar,ama a todos os moradores do lugar,Opakatu tapiîara osaûsu,True,lowercased
2353,Tiveste cobiça pelas coisas de alguém?,tiveste cobiça pelas coisas de alguém?,Ereîemomotápe abá mba'e resé?,True,lowercased
2354,Pensando falsamente que ele é o que tem a saúde,pensando falsamente que ele é o que tem a saúde,Marane'ymyîaramo sekó mo'anga'upa,True,lowercased
2355,A mim também o flechado Bastião derrotou-me,a mim também o flechado bastião derrotou-me,Xe abé iî ybõmbyrûera Bastião xe moaûîé,True,lowercased
2356,Longamente ficas sentado pranteando teus amigos ou teus parentes,longamente ficas sentado pranteando teus amigos ou teus parentes,Kype rakó ereín nde raûsupara koîpó nde mũ rapirõmo,True,lowercased
2357,Quantas vezes o homem transgride aquele (mandamento) após atrair-se por uma mulher ou após conversar com ela enquanto não toca nela?,quantas vezes o homem transgride aquele após atrair-se por uma mulher ou após conversar com ela enquanto não toca nela?,Mbobype abá aîpoba'e oîaby kunhã resé onhemomotar'iré koîpó i mongetá roîré sesé o byke'yma pukuî?,True,parentheses_removed | lowercased | whitespace_collapsed
2358,Que chegue logo ao lugar em que o matarão,que chegue logo ao lugar em que o matarão,T'obasem esapy'a o îukaûãme,True,lowercased
2359,Desviei as águas,desviei as águas,Aty-mombîá,True,lowercased
2360,Mandou trucidar as crianças habitantes da aldeia de Belém e também as habitantes das vizinhanças dela,mandou trucidar as crianças habitantes da aldeia de belém e também as habitantes das vizinhanças dela,Taba Belém pora pitanga i amundaba pora abé apiti-ukari,True,lowercased
2361,"Quando chegou o dia oito, cortaram seu prepúcio","quando chegou o dia oito, cortaram seu prepúcio","Oito 'ara sykeme, i 'apira mondoki",True,lowercased
2362,Que venha para nos ajudar meu irmão mais moço,que venha para nos ajudar meu irmão mais moço,T'oú îandé pytybõmo xe rybyra,True,lowercased
2363,"Foste para revistar os covos de água doce de alguém, tomando seu conteúdo?","foste para revistar os covos de água doce de alguém, tomando seu conteúdo?","Eresópe abá îeky-'ye'ẽ supa, i pora rá?",True,lowercased
2364,O mentiroso perde a vida de sua alma,o mentiroso perde a vida de sua alma,Temo'emyîara o 'anga rekobesaba mokanhemi,True,lowercased
2365,em meio de campo repartindo-os,em meio de campo repartindo-os,nhũ-myterype i mbo'îabo,False,
2366,Não quero ir para longe,não quero ir para longe,N'asó-potari mamõ,True,lowercased
2367,"Batendo sem motivo na tua esposa, tratando-a sempre como objeto maldito de pancada","batendo sem motivo na tua esposa, tratando-a sempre como objeto maldito de pancada","Nde remirekó resé epûá tenhẽmo, mûasá-mbururamo serekóbo îepi",True,lowercased
2368,A todos nós espantaria,a todos nós espantaria,Opá îandé moputupabymo,True,lowercased
2369,Ele dentro dela está ocultamente,ele dentro dela está ocultamente,A'e i pupé sekó-nhemimi,True,lowercased
2370,"Após matarem a São Lourenço, que queimem em teu fogo","após matarem a são lourenço, que queimem em teu fogo","São Lourenço îuká ré, t'okaî nde ratá pupé",True,lowercased
2371,"Não entendo tua ida, não entendo que tu vás","não entendo tua ida, não entendo que tu vás",N'aîmo'angi nde só,True,lowercased
2372,"Salve, ó meu mestre!","salve, ó meu mestre!","Eîkobé-katu, xe mbo'esar gûy!",True,lowercased
2373,Que o tivesse visto!,que o tivesse visto!,Asepîak me'ĩmo!,True,lowercased
2374,Estejamos pondo armadilhas,estejamos pondo armadilhas,T'îaîekotyrung îaîupa,True,lowercased
2375,a cada dia,a cada dia,ara îabi'õ,False,
2376,Piorei muito de meu grande pecado,piorei muito de meu grande pecado,Aîerekoaíbeté xe angaîpá-katu suí,True,lowercased
2377,"Fi-lo por fazer (sem algum fim, sem mais, porque quis)",fi-lo por fazer,Aîmonhangĩ nhẽ,True,parentheses_removed | lowercased | trimmed
2378,Não porque não me ama,não porque não me ama,Na xe raûsube'ỹmbeî,True,lowercased
2379,Jejuaste por causa da primeira menstruação de tua filha?,jejuaste por causa da primeira menstruação de tua filha?,Ereîekuakupe nde raîyra nhemondy'ara resé?,True,lowercased
2380,A graça que ele dá não acaba,a graça que ele dá não acaba,Graça semime'enga n'opabi,True,lowercased
2381,Matou todos os homens,matou todos os homens,Opá abá îukáû,True,lowercased
2382,"Comeste carne de caça, tendo farinha?","comeste carne de caça, tendo farinha?",Ere'upe so'o u'i rerekóbo nhẽpe?,True,lowercased
2383,Por ocasião disso Deus deixou de amar o homem?,por ocasião disso deus deixou de amar o homem?,A'e remebépe erimba'e Tupã abá raûsupo'iri?,True,lowercased
2384,"Mudaste, por acaso?","mudaste, por acaso?",Ereîakasó-piang?,True,lowercased
2385,O que não se confessa a cada ano,o que não se confessa a cada ano,Ro'y îabi'õ onhemombe'ue'ymba'e,True,lowercased
2386,Que nos leve para seu lugar de felicidade para nos fazer regozijar consigo,que nos leve para seu lugar de felicidade para nos fazer regozijar consigo,T'îandé rerasó o orypápe o îoesé îandé moîekosupa,True,lowercased
2387,"Peca muito o homem, benzendo falsamente as pessoas?","peca muito o homem, benzendo falsamente as pessoas?",I angaîpabetépe abá oporomongaraiba'upa?,True,lowercased
2388,cavidade dela,cavidade dela,inhanhã,False,
2389,Ele tem a água esgotada,ele tem a água esgotada,Ty-pab,True,lowercased
2390,"Desvirginaste alguma menina, furando-a, estuprando-a?","desvirginaste alguma menina, furando-a, estuprando-a?","Ereîmombukype kunhataĩ amõ, i mokûá, i mondoroka?",True,lowercased
2391,"Lembrai-vos do que se sofre no inferno para que, de modo nenhum, pequeis","lembrai-vos do que se sofre no inferno para que, de modo nenhum, pequeis",Penhemoma'enduá Anhanga ratápe i porarapyra resé ta pe angaîpab umẽngatutenhẽ,True,lowercased
2392,remédio portador de cura,remédio portador de cura,mosanga moeîrabyîara,False,
2393,Eu tenho baceira,eu tenho baceira,Xe ybypiar,True,lowercased
2394,"Daqui, talvez, passou para a Índia, terra dos indianos","daqui, talvez, passou para a índia, terra dos indianos",Ké suí serã i asabi India tapyîtinga retãme,True,lowercased
2395,pano de linho,pano de linho,ybyraoba,False,
2396,Que me livre das dificuldades,que me livre das dificuldades,Ta xe pysyrõ marãtekó suí,True,lowercased
2397,Cessou a chuva,cessou a chuva,Opyk amana,True,lowercased
2398,"E não confessando ser parente verdadeira de seu marido, que acontece?","e não confessando ser parente verdadeira de seu marido, que acontece?","A'epe o mena mũetéramo sekó mombe'ue'yma, marã?",True,lowercased
2399,Fizemos procissão,fizemos procissão,Orotupãerogûatá,True,lowercased
2400,Lacei-lhe as pernas,lacei-lhe as pernas,Aîkupyîurar,True,lowercased
2401,"Ah, que atrevido é esse fulano!","ah, que atrevido é esse fulano!",Tekatunheté kó ahẽ mã!,True,lowercased
2402,Como um galo te deitas,como um galo te deitas,Gûyrasapukaîa îabé ereîetu'u,True,lowercased
2403,Destampa tua caixa para que eu veja tuas coisas,destampa tua caixa para que eu veja tuas coisas,Eîaso'îabok nde karamemûã t'asepîak nde ma'e,True,lowercased
2404,linha grossa de pescar,linha grossa de pescar,pindasã-muku,False,
2405,"Não está em conformidade comigo, não é igual a mim","não está em conformidade comigo, não é igual a mim",Na xe îáî,True,lowercased
2406,"E o que evoca a Deus pelo que não é verdade, que acontece?","e o que evoca a deus pelo que não é verdade, que acontece?","A'epe supindûare'yma resé Tupã renõîndara, marã?",True,lowercased
2407,com uma pedra,com uma pedra,itá pupé,False,
2408,Farta-me o peixe,farta-me o peixe,Xe ytarõ pirá,True,lowercased
2409,Vou como preparador,vou como preparador,Asó morenotaramo,True,lowercased
2410,Estiveste deitada sobre teus amantes?,estiveste deitada sobre teus amantes?,Ereîubype nde agûasá 'arybo?,True,lowercased
2411,Fui uma vez,fui uma vez,Oîepé asó,True,lowercased
2412,Não está dia,não está dia,Nd'e'i 'ara,True,lowercased
2413,sobrinho dele,sobrinho dele,i i'yra → i'yra,False,
2414,"Sem trabalho, comemoramos este dia","sem trabalho, comemoramos este dia",Morabykye'yma kó 'ara îaîmoeté,True,lowercased
2415,Tu tiveste para alguém palavras que violentam?,tu tiveste para alguém palavras que violentam?,Nde nhe'ẽ-poroîukaípe abá supé?,True,lowercased
2416,Sou muito mocho,sou muito mocho,Xe aterẽngatu,True,lowercased
2417,Detestando sua maldade,detestando sua maldade,I angaîpaba momburûabo,True,lowercased
2418,"Ah, quem me dera comer veneno para que eu morresse disso","ah, quem me dera comer veneno para que eu morresse disso",- A'u temõ mba'eaíba mã a'emo nhẽ xe re'õû ãûa suí,True,lowercased
2419,Somente até aqui hei de nomear coisas para ti,somente até aqui hei de nomear coisas para ti,Nõmo nhõ ma'e t'asenõî ndebe,True,lowercased
2420,Que eu lance fora todas as armadilhas,que eu lance fora todas as armadilhas,T'aîtyk pá koty,True,lowercased
2421,Com uma lança espetaram seu flanco,com uma lança espetaram seu flanco,Minusu pupé iî yké kutuki,True,lowercased
2422,cunha de fender lenha,cunha de fender lenha,îepe'a-mobokaba,False,
2423,"Ao presentearem-no, alegrou-se teu coração","ao presentearem-no, alegrou-se teu coração","I îetanongápe, sory nde py'a",True,lowercased
2424,Faz água,faz água,O'ẽ,True,lowercased
2425,Que venha para levá-los todos,que venha para levá-los todos,T'oú serasóbo pá,True,lowercased
2426,o que se masturba,o que se masturba,I pupukyba'e,False,
2427,Descansa Não é muito forte o maíra,descansa não é muito forte o maíra,Nde pytuẽ Na satãngatuî maíra!,True,lowercased
2428,Curou Nosso Senhor aquela sua orelha arrancada?,curou nosso senhor aquela sua orelha arrancada?,Oîposanongype Îandé Îara a'e i nambimondokypyra?,True,lowercased
2429,Eis que eu faço as pessoas estarem na bebedeira sempre,eis que eu faço as pessoas estarem na bebedeira sempre,Ixé kó ka'u resé aporomoingó îepi,True,lowercased
2430,"Assim agiu, na verdade, longe de ti","assim agiu, na verdade, longe de ti",Emonã rakó sekóû nde suí,True,lowercased
2431,Por acaso é o Lourenço tostado?,por acaso é o lourenço tostado?,Rorẽ-ka'ẽ-piã?,True,lowercased
2432,tão logo indo ele,tão logo indo ele,osóbo bé,False,
2433,Que sejam muitos os meus nomes!,que sejam muitos os meus nomes!,Ta setá-katu xe rera!,True,lowercased
2434,"Esconde-te, fica quieto","esconde-te, fica quieto","Enhemim, nde kyrirĩ",True,lowercased
2435,Amo Pedro por amar a seu pai,amo pedro por amar a seu pai,Asaûsub Pedro og uba raûsume,True,lowercased
2436,nas grandes cabeças deles,nas grandes cabeças deles,i akangusuî,False,
2437,Que morra!,que morra!,T'omanõ!,True,lowercased
2438,"És parecido com um chamusco, ó coisa fedorenta!","és parecido com um chamusco, ó coisa fedorenta!","Nde rapixara pixé, mba'enem-y îu!",True,lowercased
2439,"Disseste ""-Oxalá eu o mate"", fazendo alguém ouvir?","disseste ""-oxalá eu o mate"", fazendo alguém ouvir?","""Aîuká temomã"" erépe abá remiendubamo?",True,lowercased
2440,Mamei,mamei,Akambu,True,lowercased
2441,Aqui vêm para nos castigar!,aqui vêm para nos castigar!,Ké turi îandé nupãmo!,True,lowercased
2442,O anjo revelou-se a ela como um rapaz muito belo,o anjo revelou-se a ela como um rapaz muito belo,Karaibebé îepîakukari i xupé kunumĩgûasu-porãngaturamo nhẽ,True,lowercased
2443,Eu sou pontudo,eu sou pontudo,Xe rapûá,True,lowercased
2444,"Suas palavras transgredindo muito, amaldiçoando-o","suas palavras transgredindo muito, amaldiçoando-o","I nhe'enga abŷabo-tekatu, i momburûabo",True,lowercased
2445,Os cabos são achatados,os cabos são achatados,Yba i peb,True,lowercased
2446,A dança é que é boa,a dança é que é boa,Moraseîa é i katu,True,lowercased
2447,Vim ainda agora,vim ainda agora,Aîu ramõ,True,lowercased
2448,Nomeia os muitos designativos de teu corpo para mim,nomeia os muitos designativos de teu corpo para mim,Esenõî nde reté renõîndabetá ixébe,True,lowercased
2449,"de acolá, dali","de acolá, dali",amõ suí,False,
2450,ossada (de animal),ossada,mba'e-kangûera,True,parentheses_removed | trimmed
2451,Trouxe-o conforme minhas forças (diria o que foi repreendido por não trazer um feixe de lenha todo de uma vez),trouxe-o conforme minhas forças,Xe îaîbeĩé ixé seruri,True,parentheses_removed | lowercased | trimmed
2452,"Levou-me alguém consigo, por acaso, para longe me levando do meu bom caminho?","levou-me alguém consigo, por acaso, para longe me levando do meu bom caminho?","Xe reropîápe abá ri, kûepe nhẽ xe rerasóbo xe rapé-katu suí?",True,lowercased
2453,Bem sozinho estou,bem sozinho estou,Oîepebẽngatu aîkó,True,lowercased
2454,Manuseio-o,manuseio-o,Aîabyky,True,lowercased
2455,A gente o teme mais do que tudo o que deve ser temido,a gente o teme mais do que tudo o que deve ser temido,Asé oîpoûsubeté opakatu i poûsubypyra sosé,True,lowercased
2456,"Do rio dos paratis vim para ver a rainha, enfeitando minha cabeça","do rio dos paratis vim para ver a rainha, enfeitando minha cabeça","Xe parati 'y suí aîu, rainha repîaka, xe akanga moîegûaka",True,lowercased
2457,dor (em sentido genérico),dor,mba'e rasy,True,parentheses_removed | trimmed
2458,homem choramigas,homem choramigas,Xe resangá - Eu sou chorão Abá-esangá,False,
2459,"Eis meus chifrões, meus dentes","eis meus chifrões, meus dentes","Kó xe 'akusu, xe rãnha",True,lowercased
2460,Ias ali para ouvir a missa,ias ali para ouvir a missa,"A'epe missa rendupa, eresó",True,lowercased
2461,"Então, alguns matarei, no meu laço fazendo-os cair","então, alguns matarei, no meu laço fazendo-os cair","A'ereme amõ aîukáne, xe îusanyme i mbo'a",True,lowercased
2462,Amo teu filhinho,amo teu filhinho,Asaûsub nde membyrĩ,True,lowercased
2463,Que venha Deus para nos alegrar,que venha deus para nos alegrar,T'oú Tupã oré moorypa,True,lowercased
2464,"Não me faz palpitar o coração o diabo, visitando-me","não me faz palpitar o coração o diabo, visitando-me",Na xe mopy'atytyki Anhanga xe rapekóbo,True,lowercased
2465,"Nossa comida, a que é de cada dia, dá hoje para nós","nossa comida, a que é de cada dia, dá hoje para nós",Oré remi'u 'ara îabi'õndûara eîme'eng kori orébe,True,lowercased
2466,Comeste objeto de furto de alguém?,comeste objeto de furto de alguém?,Ere'upe abá mondarõagûera?,True,lowercased
2467,teus atos recentes,teus atos recentes,nde rekó-pysasu,False,
2468,Em que situações a gente reza para ele?,em que situações a gente reza para ele?,Mba'e-mba'eremepe asé îeruréû i xupé?,True,lowercased
2469,Esses teus olhos compadecedores volta em nossa direção,esses teus olhos compadecedores volta em nossa direção,Eboûĩ nde resá i poraûsubaryba'e erobak oré koty,True,lowercased
2470,"Envergonha-se o sol, nascendo, diante de teu brilho","envergonha-se o sol, nascendo, diante de teu brilho",Otĩ kûarasy osema nde beraba robaké,True,lowercased
2471,Eu sou Sauiaetá Famoso é meu nome,eu sou sauiaetá famoso é meu nome,Ixé Saûîaetá Serapûã xe renõîndaba,True,lowercased
2472,"Nele a água transformou em vinho, de acordo com os pedidos de sua mãe","nele a água transformou em vinho, de acordo com os pedidos de sua mãe",I pupé 'y anhẽ monhangi kaûĩnamo o sy îeruresaba rupi,True,lowercased
2473,Oh! Quem aqui dá a cara?,oh! quem aqui dá a cara?,"To, ahẽ! Abápe ké sobasẽ?",True,lowercased
2474,"Honro tua casa, dentro dela dançando","honro tua casa, dentro dela dançando","Aîmomba'eté nde roka, i pupé gûiporaseîa",True,lowercased
2475,Ele há de morrer!,ele há de morrer!,T'omanõ ká!,True,lowercased
2476,Frustrei-me,frustrei-me,Xe rarûab,True,lowercased
2477,Eis tua ameaça aqui!,eis tua ameaça aqui!,Kó nde momboîtaba kó!,True,lowercased
2478,Eis que vou,eis que vou,Asó ã,True,lowercased
2479,"Matemos meu marido e, então, casemos um com o outro","matemos meu marido e, então, casemos um com o outro","T'îaîuká xe mena, a'ereme t'îamendar îandé îoesé",True,lowercased
2480,Fiquei-o apedrejando,fiquei-o apedrejando,Aîapi-api,True,lowercased
2481,Faço mingau,faço mingau,Aîapó minga'u,True,lowercased
2482,Está por aí teu pai?,está por aí teu pai?,Oubépe nde ruba?,True,lowercased
2483,"homem apessoado, gentil-homem","homem apessoado, gentil-homem",abá-matuetegûasu,False,
2484,Amainei a vela,amainei a vela,Aroîyb aoba,True,lowercased
2485,homem miserável,homem miserável,abá-poreaûsubĩ,False,
2486,conforme o dia,conforme o dia,ara rupi,False,
2487,meu filho que gerei,meu filho que gerei,xe ra'yra xe remimonhanga,False,
2488,Vem para ver tua futura terra,vem para ver tua futura terra,Eîori nde retamûama repîaka,True,lowercased
2489,Ralo-o,ralo-o,Aseé,True,lowercased
2490,"contas vermelhas, contas de coral","contas vermelhas, contas de coral",mbo'ypyranga,False,
2491,Vêm em vão para me afastar,vêm em vão para me afastar,Oú tenhẽ xe pe'abo,True,lowercased
2492,Ó coisa fedorenta!,ó coisa fedorenta!,Mba'enem-y îu!,True,lowercased
2493,"Assim, de fato, eu determinei","assim, de fato, eu determinei",Emonã nakó xe rekopotari,True,lowercased
2494,Ela tem folhas,ela tem folhas,Sob,True,lowercased
2495,Por que põe sal bento na boca da gente?,por que põe sal bento na boca da gente?,Mba'e resépe îuky-karaíba mondebi asé îurupe?,True,lowercased
2496,Levando uma outra semelhante a ela tão logo se consuma muito,levando uma outra semelhante a ela tão logo se consuma muito,I îaroketé rupibé amoaé sapixara rerasóbono,True,lowercased
2497,Faço-me estalar as mãos,faço-me estalar as mãos,Aîepó-mopiririk,True,lowercased
2498,Flechei-os todos,flechei-os todos,Aîybõ-mbá,True,lowercased
2499,o que é (ou deve ser) convidado,o que é convidado,i xo'opyra,True,parentheses_removed | whitespace_collapsed
2500,"cotidianamente, a cada dia","cotidianamente, a cada dia",ara îabi'õ,False,
2501,Não é mais pão,não é mais pão,Nd'oîkóî rakó miapéramo,True,lowercased
2502,Havemos de ir à árdua guerra?,havemos de ir à árdua guerra?,T'îasó maranatãûãme?,True,lowercased
2503,Não o mates tu sozinho,não o mates tu sozinho,Nde nhõ umẽ eîuká,True,lowercased
2504,"Detestando-os muito, tratai-los muito mal","detestando-os muito, tratai-los muito mal","I amotare'ymetébo, perekoaí-aí",True,lowercased
2505,"um pouco (fal de tempo), pouco tempo (VLB, I, 154), por pouco tempo","um pouco , pouco tempo , por pouco tempo",korite'ĩ nhote,True,parentheses_removed
2506,Queimei o campo,queimei o campo,Asapy nhũ,True,lowercased
2507,"No seu jardim formoso chamado ""Paraíso Terreal""","no seu jardim formoso chamado ""paraíso terreal""",O emitymaysó Paraíso Terreal seryba'epe,True,lowercased
2508,Queimareis em conjunto,queimareis em conjunto,Pekaî oîepegûasune,True,lowercased
2509,Lanço puçá,lanço puçá,Apysá-îtyk,True,lowercased
2510,Todas as minhas presas de minhas mãos as levou,todas as minhas presas de minhas mãos as levou,Opakatu xe rembiara xe pó suí serasóû,True,lowercased
2511,Quem mais junto deles foram seus sepultadores?,quem mais junto deles foram seus sepultadores?,Abá abépe i pyri i tymbaramo?,True,lowercased
2512,"Eu sou fleumático, eu sou vagaroso","eu sou fleumático, eu sou vagaroso",Xe mbegûé,True,lowercased
2513,Riscaram todo o teu corpo com ferro pontiagudo,riscaram todo o teu corpo com ferro pontiagudo,Opá nde reté raíri itatiãîa pupé,True,lowercased
2514,Sou leve,sou leve,Abebuî,True,lowercased
2515,Fico a espojar-me,fico a espojar-me,Aîeré-îereb,True,lowercased
2516,Diante deles passei,diante deles passei,Sobabo akûab,True,lowercased
2517,Delato gente,delato gente,Aporokuaukar,True,lowercased
2518,"Por causa de minha imensa formosura, Deus revelar-se-á a mim","por causa de minha imensa formosura, deus revelar-se-á a mim","Xe aysó-matueté resé é, Tupã îepîakukari xebene",True,lowercased
2519,Eu não sou medroso,eu não sou medroso,Na xe poropoûsubi,True,lowercased
2520,Vós sois avaros com ele,vós sois avaros com ele,Pe rekate'ym sesé,True,lowercased
2521,Lado a lado seus cadáveres ao longo do mar estavam,lado a lado seus cadáveres ao longo do mar estavam,O îoybyri se'õmbûera paranã ybyri i kûáî,True,lowercased
2522,Dou de beber às pessoas,dou de beber às pessoas,Apore'ym,True,lowercased
2523,"Cortei-lhe a garganta, degolei-o","cortei-lhe a garganta, degolei-o",Aîaseó-kytĩ,True,lowercased
2524,Vives com alguma não batizada?,vives com alguma não batizada?,Ereîkópe sere'ymba'e amõ resé?,True,lowercased
2525,Para escutar a palavra de Deus,para escutar a palavra de deus,Tupã nhe'enga rendubagûama resé,True,lowercased
2526,Eis que vais Vais (agora),eis que vais vais,Eresó ûĩ,True,parentheses_removed | lowercased | trimmed
2527,Resvalou em mim o fulano com a espada,resvalou em mim o fulano com a espada,Xe apan ahẽ itaingapema pupé,True,lowercased
2528,"Ah, sobra-me alegria","ah, sobra-me alegria","Té, xe resemõ toryba",True,lowercased
2529,Prendi-os um no pescoço do outro,prendi-os um no pescoço do outro,O îoaîuri aîmoín,True,lowercased
2530,Foi ela feita para ser a futura mãe de Deus,foi ela feita para ser a futura mãe de deus,Tupã syrama ri i monhangymbyra,True,lowercased
2531,"escabelar, desfazer o penteado de, desgrenhar o cabelo de, etc","escabelar, desfazer o penteado de, desgrenhar o cabelo de, etc",abo'o-bo'o,False,
2532,"Enfeitando-se, querendo que as pessoas o desejem","enfeitando-se, querendo que as pessoas o desejem","Oîemongatyrõmo, abá o potara potá",True,lowercased
2533,Que eu te busque as pegadas,que eu te busque as pegadas,T'oroakypûer-eká,True,lowercased
2534,Entortei-a,entortei-a,Aîapar,True,lowercased
2535,consentimento na transgressão da palavra de Deus,consentimento na transgressão da palavra de deus,Tupã nhe'engaby morybagûera,True,lowercased
2536,Como se eu fosse,como se eu fosse,Xe só îasûaramo n'aé,True,lowercased
2537,Dói a separação de nossa alma de nosso corpo,dói a separação de nossa alma de nosso corpo,Sasy asé 'anga asé reté suí i îa'oka,True,lowercased
2538,Esbofeteei suas têmporas,esbofeteei suas têmporas,Aî'atypetek,True,lowercased
2539,Eu tenho (ou eu lanço) raízes,eu tenho raízes,Xe rapó,True,parentheses_removed | lowercased | whitespace_collapsed
2540,Tomei emprestada a canoa do índio,tomei emprestada a canoa do índio,Aîporu abá ygara,True,lowercased
2541,Eu sou sociável,eu sou sociável,Xe îekotyarixûer,True,lowercased
2542,Eis que aí ele vai,eis que aí ele vai,Ebokûeî i xóû,True,lowercased
2543,"Pois, se um homem guarda seu próprio filho, quanto mais Deus compadecer-se-á de nós","pois, se um homem guarda seu próprio filho, quanto mais deus compadecer-se-á de nós","Abá abiã é o a'yra ogûerekó-katu, memetipó Tupã asé raûsubáne",True,lowercased
2544,"Excitaste-o, querendo ejacular teu sêmen?","excitaste-o, querendo ejacular teu sêmen?",Ereîkapyrokype nde ra'y-pupuka potá?,True,lowercased
2545,Será que me perdi?,será que me perdi?,Xe ropá serã?,True,lowercased
2546,Quero muito apanhá-las com os que atacam as pessoas,quero muito apanhá-las com os que atacam as pessoas,Aîpysy-potá-katu morepenhandara ri,True,lowercased
2547,Fazendo-me mudar de direção por aí,fazendo-me mudar de direção por aí,Kûeîbo nhẽ xe rerobaka,True,lowercased
2548,"E os que bebem cauim, como ficam? Não transgridem a palavra de Deus?","e os que bebem cauim, como ficam? não transgridem a palavra de deus?",Kagûarape marã? Nd'oîabyîpe Tupã nhe'enga?,True,lowercased
2549,"Que não conheçamos senão a Deus, nosso criador","que não conheçamos senão a deus, nosso criador","T'îaîkuá-te Tupã, îandé monhangagûera",True,lowercased
2550,Estou saltando de alegria,estou saltando de alegria,Toryba suí apó-por gûitekóbo,True,lowercased
2551,às costas,às costas,aseî,False,
2552,"Tu me alegras muito, narrando assim os fatos","tu me alegras muito, narrando assim os fatos","Xe moory-katu îepé, inã tekó mombegûabo",True,lowercased
2553,Eu sou gentil,eu sou gentil,Xe abangatu,True,lowercased
2554,"Filho verdadeiro de Deus é, de fato, esse homem","filho verdadeiro de deus é, de fato, esse homem",Tupã ra'yreté anhẽ ikó abá,True,lowercased
2555,Sua cerviz ficando a esmurrar,sua cerviz ficando a esmurrar,I aŷpy atyká-tykábo,True,lowercased
2556,"Visitaste o covo de alguém, arrancando seu conteúdo?","visitaste o covo de alguém, arrancando seu conteúdo?",Ereîosubype abá îeke'a i poroka?,True,lowercased
2557,por que seria que? por que razão haveria de?,por que seria que? por que razão haveria de?,mba'e-resémo?,False,
2558,Pus-lhe penas,pus-lhe penas,Aîpepó-moín,True,lowercased
2559,"Fiz-me mulher (isto é, sou uma mulher feita)",fiz-me mulher,Anhemokunhã,True,parentheses_removed | lowercased | trimmed
2560,"Por acaso arrancaram sua roupa, fazendo-o estar nu?","por acaso arrancaram sua roupa, fazendo-o estar nu?",Oîaobok serã ybŷa katupe nhẽ i moingóbo?,True,lowercased
2561,Faze uma igreja que tenha meu nome,faze uma igreja que tenha meu nome,Xe reryîara tupãoka eîmonhang,True,lowercased
2562,Palavras de quem são essas?,palavras de quem são essas?,Abá nhe'engûerape aîpó?,True,lowercased
2563,"Ah, que enfadonho és tu, de fato!","ah, que enfadonho és tu, de fato!",Tekatunheté rakûé endé hegûy!,True,lowercased
2564,lugar em que estará fundada a igreja,lugar em que estará fundada a igreja,Tupãokupagûama,False,
2565,"No seu próprio ombro, levanta a cruz Por fraqueza, Jesus fá-la cair consigo","no seu próprio ombro, levanta a cruz por fraqueza, jesus fá-la cair consigo","O ati'yba ri, krusá osupi Membeka suí, Îesu sero'ari",True,lowercased
2566,"o fugidor, o que costuma fugir, o fujão","o fugidor, o que costuma fugir, o fujão",kanhembora,False,
2567,Aquentam-me,aquentam-me,Xe pé,True,lowercased
2568,Como se eu fosse,como se eu fosse,Xe só îarameté,True,lowercased
2569,Eu estava pendente,eu estava pendente,Xe apy'am,True,lowercased
2570,"Não querendo comer, venho","não querendo comer, venho",Na mba'e 'u potá ruã aîur,True,lowercased
2571,Quantos são esses deuses?,quantos são esses deuses?,Mobype a'e Tupã?,True,lowercased
2572,"E ainda mais um batizado, transgressor da boa lei, encontrando um padre, alegrar-se-á muito","e ainda mais um batizado, transgressor da boa lei, encontrando um padre, alegrar-se-á muito","Memetipó nhemongaraibypyra tekokatu abŷara abaré supé ogûasema, sorybetéûne",True,lowercased
2573,Convenci-o a ir,convenci-o a ir,Aîmoîekûer,True,lowercased
2574,Um servo do príncipe esbofeteou sua cara,um servo do príncipe esbofeteou sua cara,Morubixaba boîá amõ osobá-petek,True,lowercased
2575,Que o mates para mim diante do pajé ruim,que o mates para mim diante do pajé ruim,T'ereîuká ixébe paîé-aíba supé,True,lowercased
2576,Eu sou fino,eu sou fino,Iî aeté - Ele é fino Xe aeté,True,lowercased
2577,"Ora, já agora leve-o","ora, já agora leve-o",Ne'ĩ serasóbo ko'yté,True,lowercased
2578,"o que é de cada dia, o que está ao longo dos dias","o que é de cada dia, o que está ao longo dos dias",ara rupindûara,False,
2579,Adversária da morte,adversária da morte,Te'õ rupîara nhẽ,True,lowercased
2580,"Que rezem por mim a Deus como retribuição de eu os amar, de eu os honrar","que rezem por mim a deus como retribuição de eu os amar, de eu os honrar","T'otupã-mongetá xe resé ixé o aûsuba, ixé o moeté repyramo",True,lowercased
2581,"Sua mãe, cobrindo-o bem, defende-o do frio","sua mãe, cobrindo-o bem, defende-o do frio","I xy, i aso'ikatûabo, oîopîá ro'y suí",True,lowercased
2582,É o que deve ser expulso da igreja,é o que deve ser expulso da igreja,Tupãoka suí i mosemymbyra,True,lowercased
2583,Hoje mesmo os malditos queimam,hoje mesmo os malditos queimam,Oîeí bé muru kaî,True,lowercased
2584,"Os que ele torna padres e seus substitutos na missa tomam o pão em suas mãos, benzendo-o","os que ele torna padres e seus substitutos na missa tomam o pão em suas mãos, benzendo-o",Semimboabaré sekobîara bé missa pupé miapé rari o pópe sobasapa,True,lowercased
2585,"Seus antigos pecados fazendo estar diante deles, seus furtos também","seus antigos pecados fazendo estar diante deles, seus furtos também",Sekomemûãagûera serekóbone sobaké bé i nhemondá bé,True,lowercased
2586,Mostram-se a urdir mentiras,mostram-se a urdir mentiras,E'i mo'ema monhanga,True,lowercased
2587,Eu não tenho anzol,eu não tenho anzol,Na xe pindáî,True,lowercased
2588,íngua de virilha,íngua de virilha,akó-a'ynha,False,
2589,Será que é um morcego?,será que é um morcego?,Andyrá ruãpe é?,True,lowercased
2590,Contigo Nosso Senhor está,contigo nosso senhor está,Nde irũnamo Îandé Îara rekóû,True,lowercased
2591,Mas quando a gente se benzerá?,mas quando a gente se benzerá?,Marãneme-tepe asé îobasabine?,True,lowercased
2592,quebrador de pedras,quebrador de pedras,itá kasara,False,
2593,"roupa verde, pano verde","roupa verde, pano verde",aoboby,False,
2594,"Eis que, como está no céu, Nosso Senhor está dentro do pão","eis que, como está no céu, nosso senhor está dentro do pão","Akó ybakype ogûekó îakatu, Îandé Îara rekóû miapepûera",True,lowercased
2595,O homem que comete furto de algo,o homem que comete furto de algo,Abá mba'e resé omondarõba'e,True,lowercased
2596,Tua alma está muito branca,tua alma está muito branca,I morotĩngatu nde 'anga,True,lowercased
2597,"Soquei-o, compactando","soquei-o, compactando",Aîapasok,True,lowercased
2598,Elas estão sempre cheias,elas estão sempre cheias,Tynysẽ memẽ,True,lowercased
2599,"Amaldiçoamos o diabo, a ti somente obedecendo muito","amaldiçoamos o diabo, a ti somente obedecendo muito","Oroîmomburu anhanga, nde nhõ nde rapîaretébo",True,lowercased
2600,"Oh, eu sou assassino, causa do temor aos pecados, mesmo dos reis","oh, eu sou assassino, causa do temor aos pecados, mesmo dos reis","Té! Morapitîara ixé, angaîpaba sykyîeba, morubixaba îepé",True,lowercased
2601,fio embotado,fio embotado,aembé-korõîa,False,
2602,Sua remissão foi meu encargo,sua remissão foi meu encargo,Sepyrama xe pûaîtaba,True,lowercased
2603,Sendo mau,sendo mau,O angaîpabamo,True,lowercased
2604,Avaliei-o,avaliei-o,Asepyenõî,True,lowercased
2605,Arranca-te o nome para que sejas muito famoso,arranca-te o nome para que sejas muito famoso,Eîerok ta nde rerapûãngatu,True,lowercased
2606,Calcei-me os sapatos,calcei-me os sapatos,Aîepyapasá-mondeb,True,lowercased
2607,Açoutei-lhe o irmão,açoutei-lhe o irmão,Aîtyby-nupã,True,lowercased
2608,A gente obedece também a seu próprio chefe,a gente obedece também a seu próprio chefe,Og ubixaba abé asé osapîá,True,lowercased
2609,Não cometas furto,não cometas furto,Emondarõ umẽ,True,lowercased
2610,"No meio do caminho, meninos fizeram assalto a mim","no meio do caminho, meninos fizeram assalto a mim","Pé ku'ape, kunumĩ pu'ama'ubi xe ri",True,lowercased
2611,Desviei-me,desviei-me,Apîá,True,lowercased
2612,Movimento-me,movimento-me,Akué,True,lowercased
2613,"Pela estrela que os guia, como a que mostra o caminho","pela estrela que os guia, como a que mostra o caminho",Îasytatá serekoarama resé pé kuabe'ẽsaramo,True,lowercased
2614,O sol faz as pessoas terem muita sede,o sol faz as pessoas terem muita sede,Kûarasy oporomo'y'useîeté,True,lowercased
2615,Eu sou maior que tu,eu sou maior que tu,Ixé nde sosé,True,lowercased
2616,o lado direito dele,o lado direito dele,iî apé,False,
2617,Veio bem detrás de mim,veio bem detrás de mim,Xe pytáî bé turi,True,lowercased
2618,"Eu estou chagado, eu tenho muitas chagas","eu estou chagado, eu tenho muitas chagas",Xe îá-xe îaó,True,lowercased
2619,Não vens para me vingar?,não vens para me vingar?,Nd'ereîuri xe repyka?,True,lowercased
2620,"o que está (ou deve ser) preso em ferros, o que está (ou deve ser) amarrado pelos pés","o que está preso em ferros, o que está amarrado pelos pés",i pukusãmoinymbyra,True,parentheses_removed | whitespace_collapsed
2621,Pondo-me segundo a vontade de Deus,pondo-me segundo a vontade de deus,Tupã remimotara rupi xe moingóbo,True,lowercased
2622,Visito os aposentos dos índios,visito os aposentos dos índios,Aîosub abá koty,True,lowercased
2623,Todos vieram?,todos vieram?,Opápe turi?,True,lowercased
2624,Dentro de um só pão vê tu a variedade de coisas,dentro de um só pão vê tu a variedade de coisas,Oîepé mi'u pupé esepîak tekó paraba,True,lowercased
2625,Para o desaparecimento dos vestígios da transgressão da palavra de Deus,para o desaparecimento dos vestígios da transgressão da palavra de deus,Tupã nhe'enga abŷagûera rakypûera kanhemagûama resé,True,lowercased
2626,Na cidade chamada Roma,na cidade chamada roma,Taba Roma 'îápe,True,lowercased
2627,Para honrar a Deus,para honrar a deus,Tupã moeteagûama resé,True,lowercased
2628,Desvirginaste alguma menina? Segundo tua vontade ou ela resistiu completamente?,desvirginaste alguma menina? segundo tua vontade ou ela resistiu completamente?,Eresugûykápe kunhataĩ amõ? Semimotara rupipe koîpó i popyatã-mbápe?,True,lowercased
2629,Ele está muito maduro,ele está muito maduro,I apaîé - Ele está maduro I apaîegûasu,True,lowercased
2630,"Por que, quando os inimigos cercam tua terra, o dia todo e a noite toda, estás preocupando-te com eles, não dormindo?","por que, quando os inimigos cercam tua terra, o dia todo e a noite toda, estás preocupando-te com eles, não dormindo?","Marãnamo-pakó tobaîara nde retama pîareme ko'arapukuî pysaré ereîkó sesé enhemosako'îabo, ekere'yma?",True,lowercased
2631,"Desviaste de alguém, detestando-o, para não o ver?","desviaste de alguém, detestando-o, para não o ver?",Ereîpynekûápe abá i amotare'yma nhẽ sepîaka suí?,True,lowercased
2632,o que foi pai,o que foi pai,tugûera,False,
2633,O que faz também um homem furtar alguma coisa,o que faz também um homem furtar alguma coisa,Oîmomondarõba'e abé abá mba'e resé,True,lowercased
2634,Ainda estou de pé,ainda estou de pé,A'ã bé,True,lowercased
2635,Pintaste-te a boca para sorrir para os homens?,pintaste-te a boca para sorrir para os homens?,"Ereîeîuru-mopiningype, abá supé epukamirĩamo?",True,lowercased
2636,Eu sou agradável,eu sou agradável,Xe matueté,True,lowercased
2637,Levanto-me,levanto-me,A'am,True,lowercased
2638,Dormiste muitas vezes com ódio?,dormiste muitas vezes com ódio?,Ereroker-etápe îoamotare'yma?,True,lowercased
2639,Matais,matais,Peîuká,True,lowercased
2640,Teus olhos misericordiosos volta em minha direção,teus olhos misericordiosos volta em minha direção,Nde resá poraûsubara erobak ixé koty,True,lowercased
2641,"Escudo-me, defendo-me","escudo-me, defendo-me",Aîepîar,True,lowercased
2642,"O dia em que esses fatos se consumaram (lit, tempo da consumação desses fatos) os cristãos não estavam felizes",o dia em que esses fatos se consumaram os cristãos não estavam felizes,Ara kó tekó aûîesaba cristãos rorybe'ymamo,True,parentheses_removed | lowercased | whitespace_collapsed
2643,Como o fogo do diabo o fogo dele é penoso?,como o fogo do diabo o fogo dele é penoso?,Anhanga ratá îabépe satá rasyramo?,True,lowercased
2644,Um só é o conteúdo de minha rede,um só é o conteúdo de minha rede,Oîepé xe pysá pora,True,lowercased
2645,Eu estou-me agitando,eu estou-me agitando,Xe akurẽ-kurẽî,True,lowercased
2646,"Cumpriste as palavras de teu confessor, a auto-flagelação, os jejuns?","cumpriste as palavras de teu confessor, a auto-flagelação, os jejuns?","Ereîmoporype nde monhemombegûara nhe'enga, nhenupã, îekuakuba?",True,lowercased
2647,Eu sou o diabo esquentador de gente,eu sou o diabo esquentador de gente,Xe anhanga moropé,True,lowercased
2648,"É muito, com efeito, o grande zelo","é muito, com efeito, o grande zelo",Setá nhẽ kunu'umusu,True,lowercased
2649,"Pensai que, nalgum dia, a morte virá para bater em vossas portas","pensai que, nalgum dia, a morte virá para bater em vossas portas",Penheangerekó amõ 'ara pupé te'õ pe rokena motaka turagûama resé,True,lowercased
2650,"Será que estais sossegados, sem mais, nos vossos montes de maldades?","será que estais sossegados, sem mais, nos vossos montes de maldades?",Pe apysykĩ serã peîkóbo pe rekomemûã aty-atyra pupé?,True,lowercased
2651,Quem fez isso outrora?,quem fez isso outrora?,Abápe aîpoba'e oîmonhang erimba'e?,True,lowercased
2652,Com seu próprio irmão não pode ninguém se casar,com seu próprio irmão não pode ninguém se casar,O kybyra resé nd'e'ikatuî abá omendá,True,lowercased
2653,"Ao passar minha família, tu cuidavas dela","ao passar minha família, tu cuidavas dela","Xe anama gûatasápe, nde morerekoá sesé",True,lowercased
2654,A felicidade no céu,a felicidade no céu,Ybakype toryba,True,lowercased
2655,Nasceu para nós hoje,nasceu para nós hoje,- O'a îandébo kori,True,lowercased
2656,"Ah, quem me dera eu tivesse ido!","ah, quem me dera eu tivesse ido!",Asó me'ĩmo mã!,True,lowercased
2657,na tua terra,na tua terra,nde retãme,False,
2658,Levando uma outra semelhante a ela,levando uma outra semelhante a ela,Sapixara rerasóbono,True,lowercased
2659,"Portanto, eu vim","portanto, eu vim","Emonãnamo, xe ruri",True,lowercased
2660,Destila tuas lágrimas,destila tuas lágrimas,Nde resa'y eîmondyky,True,lowercased
2661,vespa pontuda,vespa pontuda,kabatĩ,False,
2662,"pedra de afiar que gira, pedra de afiar de barbeiro","pedra de afiar que gira, pedra de afiar de barbeiro",itaky-nhatimana,False,
2663,Dei-o a meu pai,dei-o a meu pai,Aîme'eng xe ruba pé,True,lowercased
2664,Oh! Estes são castelhanos?,oh! estes são castelhanos?,Tó! Kasîanap'ikó?,True,lowercased
2665,"Entram grandes espinhos, espetando sua cabeça, furando-a toda","entram grandes espinhos, espetando sua cabeça, furando-a toda","Oîké îugûasu i akanga kutuka, opá i mombuka",True,lowercased
2666,"ilha de mato, CAPÃO","ilha de mato, capão",ka'a-pa'ũ,True,lowercased
2667,"Fica-nos atacando, pensando em perverter-nos","fica-nos atacando, pensando em perverter-nos","Îandé repenhã-penhã, îandé momoxy mo'anga",True,lowercased
2668,O que me cabe é tomar cauim,o que me cabe é tomar cauim,Xe potaba kaûĩ rá,True,lowercased
2669,E com essa tua mentira tornaste alguém famoso?,e com essa tua mentira tornaste alguém famoso?,A'epe ebokûé nde îuraragûaîa pupé eremoerapûã abá amõ?,True,lowercased
2670,Tirarão suas maldades deles,tirarão suas maldades deles,Oîmbo'ir i angaîpaba i xuíne,True,lowercased
2671,"Que fez antes de morrer, estando pronto?","que fez antes de morrer, estando pronto?",Marãpe erimba'e sekóû o e'õ îanondé o ekoaûîéramo?,True,lowercased
2672,Vem para fazê-lo experimentar o sofrimento,vem para fazê-lo experimentar o sofrimento,Eîori i moporaraa'anga,True,lowercased
2673,de onde? donde?,de onde? donde?,umã suí?,False,
2674,Lado a lado seus cadáveres ao longo do mar estavam,lado a lado seus cadáveres ao longo do mar estavam,O îoybyri se'õmbûera paranã ybyri i kûáî,True,lowercased
2675,Fazendo sair de tua alma o que havia no teu paganismo,fazendo sair de tua alma o que havia no teu paganismo,Nde nhemongaraibe'yma pupé oîkoba'e mosema nde 'anga suí,True,lowercased
2676,Serão muitos os fatos que assustarão as pessoas,serão muitos os fatos que assustarão as pessoas,Setá tekó oporomondyîba'ene,True,lowercased
2677,Estou pressionado (isto se diz quando já se está para ir),estou pressionado,Gûebirãîari nhote aîkó,True,parentheses_removed | lowercased | trimmed
2678,Com eles os animais e os pássaros ajuntarei para destruí-los,com eles os animais e os pássaros ajuntarei para destruí-los,Sesé so'o gûyrá aîmoîese'a i mokanhemane,True,lowercased
2679,A terra ficou levantando,a terra ficou levantando,Yby obu-obur,True,lowercased
2680,Fazendo-me enxergar,fazendo-me enxergar,Xe moma'ẽmo,True,lowercased
2681,Não se arrependeram alguns de seus vitupérios após o injuriarem?,não se arrependeram alguns de seus vitupérios após o injuriarem?,Nd'oîmoasyîpe amõ o nhe'engaibagûera iî a'o ré?,True,lowercased
2682,"Na verdade, ver-me-ás futuramente estar sentado ao lado da mão direita de Deus-Pai","na verdade, ver-me-ás futuramente estar sentado ao lado da mão direita de deus-pai",Anheté pesepîak irã Tupã tuba 'ekatûaba koty xe gûapyka xe renane,True,lowercased
2683,Eu fui rendido,eu fui rendido,Xe aûîé,True,lowercased
2684,Honrando-o falsamente como seu Deus,honrando-o falsamente como seu deus,O Tupãnamo i moeté-a'upa,True,lowercased
2685,Eu tenho muitos (parentes),eu tenho muitos,Xe retá,True,parentheses_removed | lowercased | trimmed
2686,"Foi, porventura?","foi, porventura?",Osó ruã-tepe é?,True,lowercased
2687,O julgamento de Deus de nós,o julgamento de deus de nós,Tupã asé rekokuapaba,True,lowercased
2688,"Estou bem estabelecido (isto é, estou firmemente assentado)",estou bem estabelecido,Aĩngatu,True,parentheses_removed | lowercased | trimmed
2689,Ela é leitosa,ela é leitosa,I 'aysyk,True,lowercased
2690,Realizar-se-ão futuramente,realizar-se-ão futuramente,I por irãne,True,lowercased
2691,"De manhã, cuidando de sua comida","de manhã, cuidando de sua comida",Ko'ẽme gûemi'urama resé onhemosaînana,True,lowercased
2692,Suas palavras ásperas não cessam,suas palavras ásperas não cessam,I nhe'engasy n'opabi,True,lowercased
2693,Uma coroa de espinhos enroscados,uma coroa de espinhos enroscados,-Mba'epe onong i akanga 'arybo? -Îuatĩ-apapûara apynha - Que puseram sobre sua cabeça?,True,lowercased
2694,O que conta o que não sabe bem,o que conta o que não sabe bem,O eminguá-katue'yma oîmombe'uba'e,True,lowercased
2695,Confessar-se a cada ano,confessar-se a cada ano,Seixu îabi'õ nhemombe'u,True,lowercased
2696,curral de vacas,curral de vacas,tapi'irokaîa,False,
2697,Fazendo-a estar como presa de Aguaixaí,fazendo-a estar como presa de aguaixaí,Agûaîxay rembiaramo i moingóbo,True,lowercased
2698,"ao longo do caminho, todo o caminho","ao longo do caminho, todo o caminho",pé pukuî,False,
2699,Este é o meu princípio,este é o meu princípio,Kó xe ypy,True,lowercased
2700,"Este dia honramos Nele, os judeus agiram em conjunto, com pedras, ficando a atirar em Santo Estêvão, quebrando sua cabeça","este dia honramos nele, os judeus agiram em conjunto, com pedras, ficando a atirar em santo estêvão, quebrando sua cabeça","Kó 'ara îamoeté I pupé îudeus itá reropotyrõû, Santo Estevão apîá-apîábo, i akanga kábo",True,lowercased
2701,Estou preso nos ferros,estou preso nos ferros,Itá resé aín,True,lowercased
2702,Os opostos daqueles pecados assim se enunciam,os opostos daqueles pecados assim se enunciam,Aîpó tekoangaîpaba robaîara nã e'i,True,lowercased
2703,"Não teve mãe, não tem corpo, não teve começo","não teve mãe, não tem corpo, não teve começo","N'i xyî, na setéî, n'i ypyî",True,lowercased
2704,É muito medonho o diabo?,é muito medonho o diabo?,I abaeté-katupe Anhanga?,True,lowercased
2705,"Fui a bom tempo, fui a propósito","fui a bom tempo, fui a propósito",Aûîebéramo asó,True,lowercased
2706,Está pronto o guaitacá ou o filho do guaianá?,está pronto o guaitacá ou o filho do guaianá?,Sekoaûîépe gûaîtaká koîpó gûaîanã ra'yra?,True,lowercased
2707,Porventura a tentação é algo semelhante a uma juçana?,porventura a tentação é algo semelhante a uma juçana?,Îusana abŷare'yma nhẽ serã tentação?,True,lowercased
2708,A ira de Deus atrairás para ti mesmo,a ira de deus atrairás para ti mesmo,Tupã nhemoŷrõ nhẽ ereîxûé nde îoupéne,True,lowercased
2709,terra levantada,terra levantada,yby-'ama,False,
2710,quando ele peida,quando ele peida,sepynõneme,False,
2711,"Argumentei contra suas palavras, com efeito","argumentei contra suas palavras, com efeito",Aînhe'engapypyk îepé,True,lowercased
2712,"Eu não enxergo (isto é, eu sou cego)",eu não enxergo,N'ama'ẽî,True,parentheses_removed | lowercased | trimmed
2713,"Ah, que bom seria se Deus me levasse!","ah, que bom seria se deus me levasse!",Marãîasûaramo Tupã xe rerasóû mã!,True,lowercased
2714,Como as coisas devagar,como as coisas devagar,A'é umanĩ mba'e gûabo,True,lowercased
2715,Não porque eu fizesse algum mal,não porque eu fizesse algum mal,Na marã xe rekóreme ruã,True,lowercased
2716,"Que lancemos fora nossa maldade, não acreditando nos pajés, em danças e rodopios","que lancemos fora nossa maldade, não acreditando nos pajés, em danças e rodopios","T'oroîtyk oré poxy, paîé rerobîare'yma, moraseîa, mbyryryma",True,lowercased
2717,Vou frequentemente,vou frequentemente,Asó py'i,True,lowercased
2718,prender tapuias,prender tapuias,tapuîa rara,False,
2719,Eu tenho mãos sardentas,eu tenho mãos sardentas,Xe pó-pinim,True,lowercased
2720,Até mesmo gritou comigo,até mesmo gritou comigo,Xe aká tekatunhẽ,True,lowercased
2721,Irritando-se com o diabo,irritando-se com o diabo,Anhanga pé oîemoŷrõmo,True,lowercased
2722,Eu estou imaturo,eu estou imaturo,Xe kyr,True,lowercased
2723,Reunindo seus ossos no chamado Vale de Josafat,reunindo seus ossos no chamado vale de josafat,I kangûera reŷnhanga ybytygûaîa Îosaphat 'îápe,True,lowercased
2724,o que é igual a algo ou a alguém,o que é igual a algo ou a alguém,îandûara,False,
2725,"Viram somente muitas chamas de fogo, parecidas com nossas línguas","viram somente muitas chamas de fogo, parecidas com nossas línguas","Tatá-endy-etá, asé apekũ-abyare'yma anhõ osepîak",True,lowercased
2726,e portanto,e portanto,emonãnamo é,False,
2727,"Eu tenho buzina, eu buzino","eu tenho buzina, eu buzino",Xe remimby,True,lowercased
2728,Far-nos-ia remoçar cada vez que nós o comêssemos,far-nos-ia remoçar cada vez que nós o comêssemos,Îandé o 'u îabi'õ îandé moybymo,True,lowercased
2729,"Por isso mesmo, o que os agrada em alguma coisa transgride a palavra de Deus","por isso mesmo, o que os agrada em alguma coisa transgride a palavra de deus",Nd'e'i te'e mba'e amõ resé i moîekosupara Tupã nhe'enga abŷabo,True,lowercased
2730,"Fugiram dele, deixando-o","fugiram dele, deixando-o","Oîabab i xuí, seîá",True,lowercased
2731,topo da escada,topo da escada,mytamytá-ypy,False,
2732,"Logo, vencendo os temiminós, habitantes daqui, frequentá-los-ei","logo, vencendo os temiminós, habitantes daqui, frequentá-los-ei","Koromõ, keygûara temiminõ moaûîébo, asapekóne",True,lowercased
2733,Não cruzei suas palmas das mãos,não cruzei suas palmas das mãos,N'asasabi i popytera,True,lowercased
2734,Amai vosso criador,amai vosso criador,Pesaûsu pe monhangara,True,lowercased
2735,Olhaste também com desejo para a vagina de alguma?,olhaste também com desejo para a vagina de alguma?,Erema'ẽ-nhemomotarype amõ rapopé reséno?,True,lowercased
2736,prensa de cana-de-açúcar,prensa de cana-de-açúcar,u'ubae'ẽ-yamĩsaba,False,
2737,menos ou menor que aquele,menos ou menor que aquele,akûeîa gûyri nhote,False,
2738,ao amanhecer,ao amanhecer,ko'ẽme,False,
2739,"Eu estou inchado, eu tenho calombos","eu estou inchado, eu tenho calombos",Xe gûa'a-gûa'a,True,lowercased
2740,Falei duramente,falei duramente,Anhe'eng-atã,True,lowercased
2741,prensa de espremer cana-de-açúcar,prensa de espremer cana-de-açúcar,u'ubae'ẽ kambykaba,False,
2742,"Mas não foste tu, porventura, que te atraíste pelas mulheres?","mas não foste tu, porventura, que te atraíste pelas mulheres?",Na nde ruã-te-pakó kunhã ri ereîemomotá?,True,lowercased
2743,"Esse é meu antigo enforcador, uma taturana, um tamanduá","esse é meu antigo enforcador, uma taturana, um tamanduá","Akó xe îubykarûera, tataûrana, tamandûá !",True,lowercased
2744,Vamos ver se fará hoje realmente algum milagre diante de mim,vamos ver se fará hoje realmente algum milagre diante de mim,Oîmonhang ipó kori milagre amõ xe robakéne re'a,True,lowercased
2745,A água transformou em vinho,a água transformou em vinho,Y anhẽ monhangi kaûĩnamo,True,lowercased
2746,"O que bebe somente na medida, que acontece?","o que bebe somente na medida, que acontece?","Oîá nhote kagûarape, marã?",True,lowercased
2747,Arei-o,arei-o,Asyby'ab,True,lowercased
2748,Aquieta-te Verdadeiramente este é teu caminho,aquieta-te verdadeiramente este é teu caminho,Nde arybé Anheté kó nde rapé,True,lowercased
2749,"Está segundo minha medida, somente","está segundo minha medida, somente",Xe îá nhote,True,lowercased
2750,ao longo dos dias,ao longo dos dias,ara rupi,False,
2751,"o que é frito, a fritura","o que é frito, a fritura",i moxyryrykypyra,False,
2752,Já todos os tamoios foram,já todos os tamoios foram,Opá umã tamũîa sóû,True,lowercased
2753,Estamos entrecruzados,estamos entrecruzados,Oroîekunasab,True,lowercased
2754,"Por isso mesmo alguém, antes de se casar, confessa-se de seus pecados","por isso mesmo alguém, antes de se casar, confessa-se de seus pecados",Nd'e'i te'e abá o mendá îanondé onhemombegûabo o angaîpagûera resé,True,lowercased
2755,Veio também sua panela para que os cozinhe adiante de mim,veio também sua panela para que os cozinhe adiante de mim,Oú bé senha'ẽpepó t'omoîy xe renondé,True,lowercased
2756,No mesmo dia em que tu a comeres cairá a morte em ti,no mesmo dia em que tu a comeres cairá a morte em ti,Ara nde i gûaba pupé bé o'a te'õ nde reséne,True,lowercased
2757,Ajuntamo-nos,ajuntamo-nos,Oronhemondysyk,True,lowercased
2758,Balanço meu rabo,balanço meu rabo,Aîmobabak xe rûaîa,True,lowercased
2759,"Como ages embriagando-te de cauim? Fazes o que não deves, então?","como ages embriagando-te de cauim? fazes o que não deves, então?",-Marãpe ereîkó kaûĩ suí esabeypó? Ereîkomemûãpe a'ereme?,True,lowercased
2760,"Ó meu filhinho, em um momento desapareceste de mim!","ó meu filhinho, em um momento desapareceste de mim!","Xe membyrĩ mã, korite'ĩ-aíb-eté erekanhem xe suí",True,lowercased
2761,"Que vos preocupeis muito com ele, ensinando-o acerca da doutrina","que vos preocupeis muito com ele, ensinando-o acerca da doutrina","Ta penhemosaînãngatu sesé, nhembo'esaba resé i mbo'ebo",True,lowercased
2762,o que profere as ladainhas,o que profere as ladainhas,Ladainhas ra'angara,False,
2763,Detestando-se em seu coração,detestando-se em seu coração,O py'ape oîeroŷrõmo,True,lowercased
2764,Come ainda,come ainda,Okaru bé,True,lowercased
2765,Mas meu fogo apagou-se,mas meu fogo apagou-se,Xe ratá-te ogûé!,True,lowercased
2766,"Para ensinar as pessoas, assim procedeu","para ensinar as pessoas, assim procedeu",Oporombo'ebo nãîabé sekóû,True,lowercased
2767,"Seu sangue era muito, na terra escorrendo, dentro do horto","seu sangue era muito, na terra escorrendo, dentro do horto","Sugûy turusu, ybype osyryka, mityma pupé",True,lowercased
2768,"Eis aqui também a ingapema pintada, para que arrebente a cabeça dos malditos","eis aqui também a ingapema pintada, para que arrebente a cabeça dos malditos","Kó bé ingapé-kûatiara, t'aîakã-mombuk muru",True,lowercased
2769,Censuram? Quem?,censuram? quem?,Oporakakab? Abá?,True,lowercased
2770,"Vem, dize o nome, ó sim, dos que tu venceste por aí","vem, dize o nome, ó sim, dos que tu venceste por aí","Îori, esenõî angá kûeîbo nde remimoaûîé",True,lowercased
2771,Acalentei-a,acalentei-a,Aîmboyî,True,lowercased
2772,"Estou há longo tempo (isto é, tardo)",estou há longo tempo,Oîeí aîkó,True,parentheses_removed | lowercased | trimmed
2773,Voltou a viver dos que morreram,voltou a viver dos que morreram,Omanõba'epûera suí sekobeîebyri,True,lowercased
2774,"Certamente, eis que percebendo isso, deixei ontem minha casa","certamente, eis que percebendo isso, deixei ontem minha casa","Aûîeté, kó anga andupa, aseîá kûesé xe roka",True,lowercased
2775,Cutuquei-o,cutuquei-o,Aîpekãî,True,lowercased
2776,"Os bem-aventurados e os santos no céu, que vêem a Deus, ultrapassam o número dos dias que o ano tem","os bem-aventurados e os santos no céu, que vêem a deus, ultrapassam o número dos dias que o ano tem",Marangatuba'e santos ybakype Tupã repîakaretá osasá 'ara ro'y remierekó papasaba,True,lowercased
2777,Eu sou agourento,eu sou agourento,Xe morangygûan,True,lowercased
2778,Da mesma forma que fulano matou alguém há tempos,da mesma forma que fulano matou alguém há tempos,Mba'enakó ahẽ amõ îukáû akûeîme,True,lowercased
2779,Parti-o pelo meio,parti-o pelo meio,Oîopytera rupi aîasy'ab,True,lowercased
2780,lua cheia,lua cheia,îasy-obagûasu,False,
2781,"intervalo de água, ilha","intervalo de água, ilha",y-pa'ũ,False,
2782,"o que é raro, poucas vezes visto ou que se não acha a cada passo","o que é raro, poucas vezes visto ou que se não acha a cada passo",setapokãba'e,False,
2783,Eu estou estirado,eu estou estirado,Aîepysó gûitupa,True,lowercased
2784,Tosta alguma farinha,tosta alguma farinha,Esapek u'i amõ,True,lowercased
2785,Sara mesmo minha alma somente com tuas palavras,sara mesmo minha alma somente com tuas palavras,opûerab é ipó xe 'anga nde nhe'enga pupé nhote,True,lowercased
2786,"Vingar-me-ei dele no futuro, certamente","vingar-me-ei dele no futuro, certamente",Aîepyk ipó irã seséne,True,lowercased
2787,Na superfície das águas os peixes estavam,na superfície das águas os peixes estavam,Y ape'arybo pirá kûáî,True,lowercased
2788,suas túnicas ficando a rasgar,suas túnicas ficando a rasgar,o aobusu mondoró-ndoroka,False,
2789,Quem Deus fez primeiro como habitantes do céu?,quem deus fez primeiro como habitantes do céu?,Abá ranhẽpe erimba'e Tupã oîmonhang-ypy ybaka porama?,True,lowercased
2790,E a aproximação do parto de uma grávida não é causa de se ter medo também?,e a aproximação do parto de uma grávida não é causa de se ter medo também?,"A'epe muru'apora membyrasy kakara, na nheangûaba bé ruã?",True,lowercased
2791,"A vida de minha alma, que eu perdi, fará devolver a mim","a vida de minha alma, que eu perdi, fará devolver a mim",Xe 'anga rekobepûera xe remimokanhẽûera oîmoîebyrukar ixébone,True,lowercased
2792,o magro que convidei,o magro que convidei,xe remipoîangaîbara,False,
2793,Esbofeteei suas têmporas,esbofeteei suas têmporas,Aîatypetek,True,lowercased
2794,A crença no Deus verdadeiro encheu meu interior,a crença no deus verdadeiro encheu meu interior,Tupã-eté rerobîara îaîporaká xe ybỹîa,True,lowercased
2795,"Esses, na verdade, não honram a Deus","esses, na verdade, não honram a deus",A'e ipó Tupã n'omoangaturami,True,lowercased
2796,Vomitaste cauim quando te encheu?,vomitaste cauim quando te encheu?,Ereîmoîebyrype kaûĩ nde poesemõneme?,True,lowercased
2797,O que batizou não pode casar-se com aquela que batizou,o que batizou não pode casar-se com aquela que batizou,Oporoerokyba'epûera nd'e'ikatuî omendá o emierokûera resé,True,lowercased
2798,"o que é igual a algo ou a alguém, a igualha de, o igual de (VLB, II, 123) (V tb îakatu e îá)","o que é igual a algo ou a alguém, a igualha de, o igual de",îabendûara,True,parentheses_removed | whitespace_collapsed | trimmed
2799,Não perdoa,não perdoa,N'i nhyrõî,True,lowercased
2800,Visito os aposentos dos índios,visito os aposentos dos índios,Aîosub abá koty,True,lowercased
2801,Aos tapuias trouxe as velhas de além de Magueá,aos tapuias trouxe as velhas de além de magueá,Tapuîpe gûaîbĩ aru amõ Magûeá suí,True,lowercased
2802,Anuncia os que serão casados na igreja nos feriados,anuncia os que serão casados na igreja nos feriados,Ogûeronhe'eng i mendarypyrama Tupãokype marãtekoabe'yma pupé,True,lowercased
2803,por ocasião de meu retorno,por ocasião de meu retorno,xe atimandápe,False,
2804,Fi-lo mal,fi-lo mal,Aîmonhã-memûã,True,lowercased
2805,"Na verdade, somente estas retirei dos malditos","na verdade, somente estas retirei dos malditos",Kó nhõ anosẽ îepé moxy suí,True,lowercased
2806,Que nós sejamos corajosos,que nós sejamos corajosos,T'oré pyatã,True,lowercased
2807,logo que vim,logo que vim,xe rura rupibé,False,
2808,"Atravessando o céu, foi, deixando-te","atravessando o céu, foi, deixando-te","Ybaka rasapa, osó, nde reîá",True,lowercased
2809,Tão logo vindo ele,tão logo vindo ele,Oú abé,True,lowercased
2810,o Senhor Deus,o senhor deus,Pa'i Tupã,True,lowercased
2811,Transgride também aquele (mandamento) o que faz resguardo por causa do parto de sua esposa?,transgride também aquele o que faz resguardo por causa do parto de sua esposa?,Oîaby bépe aîpó o emirekó membyrara resé oîekuakuba'e?,True,parentheses_removed | lowercased | whitespace_collapsed
2812,De madrugada levanto-me,de madrugada levanto-me,Îeîbé apu'am,True,lowercased
2813,morador de Pacatá,morador de pacatá,Pakataygûara,True,lowercased
2814,Servi a comida dele,servi a comida dele,Asemi'u-erokûab,True,lowercased
2815,Eu tenho os buracos da orelhas tapados,eu tenho os buracos da orelhas tapados,Xe apysakûá-îe'o,True,lowercased
2816,Eu tenho o coração palpitante,eu tenho o coração palpitante,Xe py'a-tytyk,True,lowercased
2817,"Atrás de uma cerca feita de pedras, tomou a casa dos animais de criação como sua pousada","atrás de uma cerca feita de pedras, tomou a casa dos animais de criação como sua pousada",Ybyrá itá monhangymbyra kupépe so'o mimbaba roka ogûar og upabamo,True,lowercased
2818,"Rapei-lhe o queixo, barbeei-o","rapei-lhe o queixo, barbeei-o",Asendybá-apin,True,lowercased
2819,Pranteando o que o visita,pranteando o que o visita,O supara rapirõmo,True,lowercased
2820,muitos meninos,muitos meninos,kunumĩ-etá,False,
2821,Ele é azul,ele é azul,Soby,True,lowercased
2822,mulher de baixa estatura,mulher de baixa estatura,kunhã-mirĩ,False,
2823,"Esse santo a vida de seu mestre escreveu para nós, deixando-a","esse santo a vida de seu mestre escreveu para nós, deixando-a","Kó santo o mbo'esara rekopûera erimba'e oîkûatiar îandébo, seîá",True,lowercased
2824,Deram-lhe de beber?,deram-lhe de beber?,-Oîmo'y'upe gûá?,True,lowercased
2825,Defequei (ou fui defecar),defequei,Aka'apîasó,True,parentheses_removed | lowercased | trimmed
2826,"parida, mulher que gerou filhos","parida, mulher que gerou filhos",membyrasara,False,
2827,o que entra para junto de mim,o que entra para junto de mim,xebe teîkeara,False,
2828,Sou novato nisto,sou novato nisto,ikó ramõ - ser novato - Aîkó ramõ anga resé,True,lowercased
2829,estando aflito,estando aflito,tekotebẽboramo oîkóbo,False,
2830,"Tendo falta do acompanhamento da farinha (isto é, da carne ou do peixe)",tendo falta do acompanhamento da farinha,U'i tyrama resé ekotebẽmo,True,parentheses_removed | lowercased | trimmed
2831,Eu tenho cachaço grande,eu tenho cachaço grande,Xe aîurupygûasu,True,lowercased
2832,Sei lá!,sei lá!,Sé ruã!,True,lowercased
2833,Mas os guardiães da gente são os anjos?,mas os guardiães da gente são os anjos?,Asé rarõanamo-tepe karaibebé rekóû?,True,lowercased
2834,o namorado de tua filha,o namorado de tua filha,nde raîyra aba'yba,False,
2835,Fogo em que se elimina a dívida de nossos pecados,fogo em que se elimina a dívida de nossos pecados,Tatá asé angaîpaba repy mondykaba,True,lowercased
2836,Eu sou temporão,eu sou temporão,Xe ranhẽ,True,lowercased
2837,"São um único e mesmo Deus esse Deus-Pai, Deus-Filho e Deus-Espírito Santo?","são um único e mesmo deus esse deus-pai, deus-filho e deus-espírito santo?","Oîepé Tupã memẽpe a'e Tupã-Tuba, Tupã-Ta'yra, Tupã-Espírito Santo?",True,lowercased
2838,Replico a Pero,replico a pero,Aînhe'ẽpoepyk Pero,True,lowercased
2839,Tendo também coroas vermelhas e brilhantes,tendo também coroas vermelhas e brilhantes,Akanetá-pyrã-beraba reroínano,True,lowercased
2840,Ele dorme Não o acordes!,ele dorme não o acordes!,Okerĩ Nd'eremombaki!,True,lowercased
2841,Eu vos mato,eu vos mato,Ixé opoîuká,True,lowercased
2842,"É no final da missa que entras sempre, manifestamente consciente?","é no final da missa que entras sempre, manifestamente consciente?","Missa mondykápe épe ereîké îepi, nde îesûere'yîpe?",True,lowercased
2843,Alimentar os famintos,alimentar os famintos,Ambyasybora poîa,True,lowercased
2844,Fazendo estar os outros bem longe dele,fazendo estar os outros bem longe dele,I xuí-katu amõba'e rerekóbo,True,lowercased
2845,"Importuna-me bem, irritando-me muitíssimo, aquela lei nova","importuna-me bem, irritando-me muitíssimo, aquela lei nova","Xe moaîu-marangatu, xe moŷrõ-etekatûabo, aîpó tekó-pysasu",True,lowercased
2846,O que tem a bem-aventurança é o que é pobre por sua própria vontade,o que tem a bem-aventurança é o que é pobre por sua própria vontade,Tekokatueté rerekoara o emimotarybo é i mba'ee'ymba'e,True,lowercased
2847,Curaste os doentes,curaste os doentes,Eremombûeîrá mara'abora,True,lowercased
2848,Em Deus somente faze estar tua alma,em deus somente faze estar tua alma,Tupana ri nhõ nde 'anga eîmoín,True,lowercased
2849,a mortandade da caça,a mortandade da caça,so'o paba,False,
2850,O sol eclipsa-se,o sol eclipsa-se,Kuarasy onhemoputun,True,lowercased
2851,"Destruiu outrora os tamoios, os valentes","destruiu outrora os tamoios, os valentes","Tamũîa, kyre'ymbagûera, omombab erimba'e",True,lowercased
2852,Tomaste o animal que a onça matou?,tomaste o animal que a onça matou?,Ereîápe so'o îagûara remiîukapûera?,True,lowercased
2853,Eram muitos os que estavam a castigá-lo?,eram muitos os que estavam a castigá-lo?,- Setápe i nupã-nupãsara?,True,lowercased
2854,Dizem que o homem fez assim antes,dizem que o homem fez assim antes,Emonã îé abá rekóû raẽ,True,lowercased
2855,Mas não castigará o homem seu filho e seu escravo?,mas não castigará o homem seu filho e seu escravo?,N'oînupãî xûé-tepe abá o a'yra o embiaûsubane?,True,lowercased
2856,Separemos os que assim procederam,separemos os que assim procederam,Emonã tekoarûera îaîpe'a,True,lowercased
2857,Que dê hoje a nós seu filho muito belo,que dê hoje a nós seu filho muito belo,T'oîme'eng kori îandébo o memby-porangeté,True,lowercased
2858,Ajudas teu pai e tua mãe?,ajudas teu pai e tua mãe?,Ereîpopytybõpe nde ruba nde sy abé?,True,lowercased
2859,Ele é pequenino Ta'yrĩ'i-nhota'ub (ou Ta'yrĩ'i-a'ub) - Ele é pequenino,ele é pequenino ta'yrĩ'i-nhota'ub - ele é pequenino,Ta'yrĩ'ĩ,True,parentheses_removed | lowercased | whitespace_collapsed
2860,Moderei-os,moderei-os,Anhonen,True,lowercased
2861,Zune como o vento,zune como o vento,Ybytu îabé osunung,True,lowercased
2862,Enterrai-me vós,enterrai-me vós,Xe aty peîepé,True,lowercased
2863,"Eu estou febril, eu tenho febre","eu estou febril, eu tenho febre",Xe rakub,True,lowercased
2864,"Espera, eu hei de ir primeiro","espera, eu hei de ir primeiro","Eambé, xe ranhẽ t'akûáne",True,lowercased
2865,as boas obras dos que são bons,as boas obras dos que são bons,i angaturamba'e remimonhãngatu,False,
2866,cova da nuca,cova da nuca,atuá-pyko'ẽ,False,
2867,ao vir a lua para visitá-la,ao vir a lua para visitá-la,o supa îasy rureme,False,
2868,quando a ave bate asas,quando a ave bate asas,gûyrá pepekeme,False,
2869,O sol certamente brilha após passar a grande noite,o sol certamente brilha após passar a grande noite,"Kûarasy nipó oberá, putunusu kûab'iré",True,lowercased
2870,Eis que sobre o capim ele está deitado,eis que sobre o capim ele está deitado,Kapi'i sosé kó tuî,True,lowercased
2871,De que espécie será que é isto? (ou Que será que é isto?),de que espécie será que é isto?,Marãba'e-p'iã ri?,True,parentheses_removed | lowercased | trimmed
2872,"Sou íntimo deles, isto é, sou o que eles honram","sou íntimo deles, isto é, sou o que eles honram",Semimoetéramo aîkó,True,lowercased
2873,Dobrei-o,dobrei-o,Aîapapûar,True,lowercased
2874,Eu somente beberei tudo,eu somente beberei tudo,Xe nhõ a'u pakatune,True,lowercased
2875,Eu tenho palavras afáveis,eu tenho palavras afáveis,Xe nhe'engangaturam,True,lowercased
2876,"Tendo saudades do nenenzinho, vim de minha casa","tendo saudades do nenenzinho, vim de minha casa","Pitangĩ repîaka'upa, aîur xe roka suí",True,lowercased
2877,Entraste com ele em teu aposento?,entraste com ele em teu aposento?,Ereroîképe nde kotype?,True,lowercased
2878,Que eu afaste o proceder antigo para que não esteja no mal,que eu afaste o proceder antigo para que não esteja no mal,Tekopûera t'aîpe'a t'aîkó umẽne marani,True,lowercased
2879,"O nome da terra deles é Mboijy, ali assando-os e comendo-os","o nome da terra deles é mboijy, ali assando-os e comendo-os","Setama rera Mboîy, a'epe i moîypa, i gûabo",True,lowercased
2880,Trouxeste tua caixa?,trouxeste tua caixa?,Ererupe nde karamemûã?,True,lowercased
2881,"Qual era, mesmo, o nome dele?","qual era, mesmo, o nome dele?",Marã-takó ahẽ rera?,True,lowercased
2882,Eram bons na totalidade quando Deus começou a criá-los?,eram bons na totalidade quando deus começou a criá-los?,I angaturam sykype erimba'e Tupã o monhang-ypyreme?,True,lowercased
2883,Perdoa também Deus a nós?,perdoa também deus a nós?,I nhyrõ bépe Tupã asébe?,True,lowercased
2884,"Hei de ir cumprir essas palavras, juntando muitos dos meus servos","hei de ir cumprir essas palavras, juntando muitos dos meus servos","T'asó aîpó nhe'enga mopó, xe boîá reŷnhangetábo",True,lowercased
2885,Comecei-o,comecei-o,Aîypymoín,True,lowercased
2886,Não diferem uns dos outros,não diferem uns dos outros,N'oîkoéî o îosuí,True,lowercased
2887,"Ah, oxalá eu sofresse por Deus muitíssimos infortúnios!","ah, oxalá eu sofresse por deus muitíssimos infortúnios!",Aîporará temõ Tupã resé mba'easy katupabẽ mã!,True,lowercased
2888,Em teu nome guardo-me,em teu nome guardo-me,Nde rera pupé anhenong,True,lowercased
2889,Era muito grande aquela cruz?,era muito grande aquela cruz?,Turusu-katupe a'e cruz erimba'e?,True,lowercased
2890,"Flechei todos eles, capturando-os, amarrando-os","flechei todos eles, capturando-os, amarrando-os","Aîybõ mbá, i pysyka, i apytĩamo",True,lowercased
2891,mancebo de pouca idade,mancebo de pouca idade,kunumĩgûasu-kakuabamo,False,
2892,"Espremeste-te após alguém fazer sexo contigo, não querendo filhos?","espremeste-te após alguém fazer sexo contigo, não querendo filhos?",Ereîeamĩpe nde resé abá rekó riré nde memby-potare'ymamo?,True,lowercased
2893,Aqueles pregados junto dele também,aqueles pregados junto dele também,Aîpó i pyri i moîarypyrûera abé,True,lowercased
2894,Eu sou um circuncidado,eu sou um circuncidado,Xe api'a,True,lowercased
2895,Reparti-os pela metade,reparti-os pela metade,Oîopytera rupi aîmoîa'ok,True,lowercased
2896,Mas não se esforçam esses por aprender sempre?,mas não se esforçam esses por aprender sempre?,N'osa'angi-tep'akó nhembo'e ko'arapukuî?,True,lowercased
2897,O cauim está pela metade da vasilha somente,o cauim está pela metade da vasilha somente,Kamusi ku'a rupi nhote kaûĩ reni,True,lowercased
2898,Sou traidora de meu marido,sou traidora de meu marido,Amondarõ xe mena suí,True,lowercased
2899,"Por isso mesmo, até a terra que a gente pisa detesta os cadáveres daqueles","por isso mesmo, até a terra que a gente pisa detesta os cadáveres daqueles",Nd'e'i te'e yby asé purungaba tiruã aîpoba'e re'õmbûera reroŷrõmo,True,lowercased
2900,Não irás futuramente à guerra?,não irás futuramente à guerra?,Nd'eresóî xópe irã gûarinĩ?,True,lowercased
2901,"Adivinha, vamos ver, o que bateu em ti!","adivinha, vamos ver, o que bateu em ti!",Eîkuá ra'u nde ri opûaryba'e!,True,lowercased
2902,"por dois meses [lit, duas luas]",por dois meses,mokõî îasy,True,brackets_removed | trimmed
2903,Nós somos gêmeos,nós somos gêmeos,Kõîgûera oré,True,lowercased
2904,Eu tenho uma grande grenha,eu tenho uma grande grenha,Xe 'abebogûasu,True,lowercased
2905,Guarda-te de o levares,guarda-te de o levares,Teumẽ teké serasóbo nhandu ruã,True,lowercased
2906,gosto de carne,gosto de carne,so'o ré,False,
2907,"as porções miúdas dela, o refugo dela","as porções miúdas dela, o refugo dela",i akytãmbûera,False,
2908,"coisa quente, quentura","coisa quente, quentura",mba'e-akuba,False,
2909,Comunhão a cada Páscoa,comunhão a cada páscoa,Páscoa îabi'õ tupãrara,True,lowercased
2910,Dá-me ânsia de vômito minha comida,dá-me ânsia de vômito minha comida,Xe mbouk xe remi'u,True,lowercased
2911,Entremeei-as,entremeei-as,Aîmoîoparab,True,lowercased
2912,Dormiste com ódio muitas vezes?,dormiste com ódio muitas vezes?,Ereroker-etápe îoamotare'yma?,True,lowercased
2913,É ele o que dá o bem desses,é ele o que dá o bem desses,A'e aé koba'e katu me'engara re'a,True,lowercased
2914,"Diante deles os diabos ajuntando-se, querendo engoli-los","diante deles os diabos ajuntando-se, querendo engoli-los","Sobaké Anhanga onheŷnhanga, i mokona motá",True,lowercased
2915,Tenta-nos demais o diabo?,tenta-nos demais o diabo?,Asé ra'angetekatu Anhanga?,True,lowercased
2916,"O bondoso São Lourenço guarda vossa terra, elevando-vos","o bondoso são lourenço guarda vossa terra, elevando-vos","São Lourenço-angaturama osarõ nhẽ pe retama, pe mopu'ama",True,lowercased
2917,Furo orelhas,furo orelhas,Anambi-kutuk,True,lowercased
2918,Lembrai-vos da morte,lembrai-vos da morte,Penhemoma'enduar te'õ resé,True,lowercased
2919,Isso é o que é destinado a mim,isso é o que é destinado a mim,Xe resendûara ebokûea,True,lowercased
2920,Não lhe quis fazer mal o neném compadecedor,não lhe quis fazer mal o neném compadecedor,Nd'îaîmomarã-potari pitangĩ-moraûsubara,True,lowercased
2921,maltratar a seu próximo,maltratar a seu próximo,o apixara rerekoaíba,False,
2922,Já tinha dado Judas aos judeus o meio de reconhecer Nosso Senhor?,já tinha dado judas aos judeus o meio de reconhecer nosso senhor?,Oîkuapá-me'eng umûãpe Îudas Îandé Îara îudeus supé erimba'e?,True,lowercased
2923,Catei-lhe a cabeça,catei-lhe a cabeça,Aî'abiú,True,lowercased
2924,Pão que porta a vida para os amigos de Deus,pão que porta a vida para os amigos de deus,Miapé tekobé îara Tupã raûsupara pé,True,lowercased
2925,Como disse Pilatos aos seus aprisionadores?,como disse pilatos aos seus aprisionadores?,Marã e'ipe Pilatos serekoaretá supé?,True,lowercased
2926,"meios de contar das duas mãos da gente (isto é, os dedos)",meios de contar das duas mãos da gente,mokõî asé pó papasaba,True,parentheses_removed | trimmed
2927,Lambi-o,lambi-o,Asereb,True,lowercased
2928,meu sobrinho,meu sobrinho,xe ri'yra,False,
2929,"Fiquei carregado com ele (isto é, carreguei-o, levei-o às costas)",fiquei carregado com ele,Ambosyî ahẽ resé,True,parentheses_removed | lowercased | trimmed
2930,"Fez-lhe perguntas de novo, mas não achando maldade alguma dele","fez-lhe perguntas de novo, mas não achando maldade alguma dele","Oporandu benhẽ, n'i angaîpaba amõ supé ogûasema ruã-te",True,lowercased
2931,Vem para me adornar,vem para me adornar,Eîori xe moîegûaka,True,lowercased
2932,"Ele está enferrujado, ele tem ferrugem (pex, o ferro)","ele está enferrujado, ele tem ferrugem",Sepoti,True,parentheses_removed | lowercased | trimmed
2933,Eis que até mesmo contra Deus murmura,eis que até mesmo contra deus murmura,Tupã resé tiruã kó nhe'enga reîtyki,True,lowercased
2934,Água é o que não tem essa ilha,água é o que não tem essa ilha,Y angaba'eamẽ ebokûé 'ypa'ũ,True,lowercased
2935,"Engolir-me-á hoje, como sempre","engolir-me-á hoje, como sempre","Xe mokõ kori, îandune",True,lowercased
2936,Sofre pela gente,sofre pela gente,Sosang poresé,True,lowercased
2937,Vários homens brancos são pecadores,vários homens brancos são pecadores,Karaíba amõ amõ i angaîpá,True,lowercased
2938,Fiquei-o contando,fiquei-o contando,Aîkuabe'u-be'u,True,lowercased
2939,Em que parte do corpo ele o flechou?,em que parte do corpo ele o flechou?,I mba'epepe i nhybõû?,True,lowercased
2940,Por que mais a gente reconhece o dia dos santos?,por que mais a gente reconhece o dia dos santos?,Mba'erama ri bépe asé santos 'ara kuabi?,True,lowercased
2941,Eu estou debilitado,eu estou debilitado,Xe aíb,True,lowercased
2942,Afio-a,afio-a,Asaembe'e,True,lowercased
2943,Querendo nossa preocupação com o futuro estado de nossa alma,querendo nossa preocupação com o futuro estado de nossa alma,Îandé 'anga rekorama resé îandé putupaba potá,True,lowercased
2944,"Na verdade, não são conhecedores das coisas","na verdade, não são conhecedores das coisas","Anhẽ, n'i tekokuabi",True,lowercased
2945,Enforquei-o,enforquei-o,Aîubyk,True,lowercased
2946,Deixei ontem minha casa para ouvir a missa dentro desta (igreja),deixei ontem minha casa para ouvir a missa dentro desta,Aseîá kûesé xe roka kó pupé missa rendupa,True,parentheses_removed | lowercased | trimmed
2947,A partilha entre si de suas obras por Deus,a partilha entre si de suas obras por deus,Tupã resé marã o ekó o îoupé moîa'oîa'okaba,True,lowercased
2948,Como diz a outra petição da gente?,como diz a outra petição da gente?,Marã e'ipe amõaé asé îeruresaba?,True,lowercased
2949,Como se eu fosse lá,como se eu fosse lá,A'epe xe só îaramẽ,True,lowercased
2950,Detestas completamente a confiança dele em si mesmo?,detestas completamente a confiança dele em si mesmo?,Ereroŷrõ-mbápe o îoesé i îerobîara?,True,lowercased
2951,Obedeço às palavras dele,obedeço às palavras dele,Aînhe'engapîar,True,lowercased
2952,mortandade de gente,mortandade de gente,mbaba,False,
2953,"Ruim por ruim, ele é, de fato, um pouco melhor (isto é, ele é menos ruim que os outros)","ruim por ruim, ele é, de fato, um pouco melhor",Ahẽ nakó i angaturã-be'ĩ,True,parentheses_removed | lowercased | trimmed
2954,Fica aumentando sua bondade,fica aumentando sua bondade,I angaturama nhẽ oîrumõ-rumõ,True,lowercased
2955,Escondo-me bem,escondo-me bem,Aîemĩngatu,True,lowercased
2956,Os chefes velhos falam sempre a eles,os chefes velhos falam sempre a eles,Morubixaba tuîba'e onhe'eng memẽ i xupé,True,lowercased
2957,"Eu mesmo, como se viu, já vos disse isso","eu mesmo, como se viu, já vos disse isso",Ixé aé ã a'é umûã nakó peẽme,True,lowercased
2958,Vós mesmos vos danais ao ficar perturbando esta aldeia,vós mesmos vos danais ao ficar perturbando esta aldeia,Peẽ aé peîekûá kó taba pobu-pobu,True,lowercased
2959,Esfalfei-o,esfalfei-o,Aîmoa'ypab,True,lowercased
2960,Todos e quaisquer homens que morreram com o amor a Cristo,todos e quaisquer homens que morreram com o amor a cristo,Pabẽ abá tetiruã Cristo raûsuba bé ogûeromanõba'epûera,True,lowercased
2961,Queimei carvão,queimei carvão,Asapy tatapynha,True,lowercased
2962,"rio acima, a montante","rio acima, a montante",y-apyrakoty,False,
2963,"Leva-o, olha lá!","leva-o, olha lá!",Erasó ké raré,True,lowercased
2964,"Vinde, levai os malditos, erguendo-os, embrulhando-os","vinde, levai os malditos, erguendo-os, embrulhando-os","Peîori, perasó muru, supi i pokeka",True,lowercased
2965,Queimo campinas,queimo campinas,Akusu-mondyk,True,lowercased
2966,"Antigamente frequentavas nossa terra, amando-a","antigamente frequentavas nossa terra, amando-a","Akûeîme eresapekó oré retama, saûsupa",True,lowercased
2967,Barreei a casa com terra,barreei a casa com terra,Oka aîyby-apetek,True,lowercased
2968,por que seria que? por que razão haveria de?,por que seria que? por que razão haveria de?,marãpemo?,False,
2969,Tomei-lhe a dianteira,tomei-lhe a dianteira,Asapekysym,True,lowercased
2970,Como reza aquela outra petição nossa?,como reza aquela outra petição nossa?,Marã e'ipe amoaé asé îeruresaba?,True,lowercased
2971,Parece voar,parece voar,Obebé-berame'ĩ,True,lowercased
2972,"Poucos nesta aldeia moram, estando a salvar-se","poucos nesta aldeia moram, estando a salvar-se","Mokõnhõ kó taba pupé sekóû, oîepysyrõ okupa",True,lowercased
2973,Estai aqui esperando-me,estai aqui esperando-me,Iké nhẽ peîkó xe rarõmo,True,lowercased
2974,"Vem, mãe de meu senhor, para fazê-lo estar contigo dentro de minh'alma","vem, mãe de meu senhor, para fazê-lo estar contigo dentro de minh'alma","Eîori, xe îara sy, xe 'anga pupé serupa!",True,lowercased
2975,Mulheres virgens que morreram com seu corpo incorrupto,mulheres virgens que morreram com seu corpo incorrupto,Kunhã-kûare'yma gûeté-marane'yma bé ogûeromanõba'epûera,True,lowercased
2976,"O que esgota verdadeiramente o cauim, esse é o fazedor de mal","o que esgota verdadeiramente o cauim, esse é o fazedor de mal","Kaûĩ mboapŷareté, a'e marã monhangara",True,lowercased
2977,este outro (e não ele),este outro,ikó-te,True,parentheses_removed | trimmed
2978,Por sua morte Deus-Pai bem perdoa a nós?,por sua morte deus-pai bem perdoa a nós?,Se'õagûera resépe Tupã tuba nhyrõngaturamo asébo?,True,lowercased
2979,Vós mentis,vós mentis,Pe îuraragûaî,True,lowercased
2980,Com ele honrando-te,com ele honrando-te,I ndibé nde moetébo,True,lowercased
2981,Eu sou de pequeno tamanho,eu sou de pequeno tamanho,Xe ra'yrĩ-a'ub,True,lowercased
2982,ajuntamento de pedregulhos,ajuntamento de pedregulhos,itakurubi-tyba,False,
2983,Eu tenho muitos parentes,eu tenho muitos parentes,Xe mũetá,True,lowercased
2984,Trazendo o resplendor de Deus,trazendo o resplendor de deus,Tupã beraba reru,True,lowercased
2985,"Quem, hoje, é como eu?","quem, hoje, é como eu?",Abápe kori xe îá?,True,lowercased
2986,Por isso mesmo os que conversam com eles transgridem a palavra de Deus,por isso mesmo os que conversam com eles transgridem a palavra de deus,Nd'e'i te'e i mongetasara Tupã nhe'enga abŷabo,True,lowercased
2987,vida longa de minha alma,vida longa de minha alma,xe 'anga rekó-puku,False,
2988,Adiantei-me,adiantei-me,Akûabĩ,True,lowercased
2989,"Serão bons, doravante, os que eu guardo de costume","serão bons, doravante, os que eu guardo de costume","I angaturam, ko'yré, xe remiarõ îandune",True,lowercased
2990,Narrar as coisas segundo o modo em que Deus o instruiu,narrar as coisas segundo o modo em que deus o instruiu,Tupã o motekokuapaba rupi mba'e mombe'u,True,lowercased
2991,"Os habitantes do céu afligiram-se, vendo-o humilhar-se","os habitantes do céu afligiram-se, vendo-o humilhar-se",Ybakygûara onhemoputupab i nhemomoreaûsuba repîaka,True,lowercased
2992,manchas diversas,manchas diversas,pará-paraba,False,
2993,Antes sua ida para junto dele no céu que sua ida para o inferno,antes sua ida para junto dele no céu que sua ida para o inferno,Ybakype i pyri o só îanondé Anhanga ratápe o só suí,True,lowercased
2994,"o que quer mal, o que detesta","o que quer mal, o que detesta",amotare'ymbara,False,
2995,Como o confitente procede?,como o confitente procede?,Marãpe nhemombegûara rekóû?,True,lowercased
2996,Será que é por isso que Deus transformou a costela de nosso pai primeiro no corpo de sua esposa?,será que é por isso que deus transformou a costela de nosso pai primeiro no corpo de sua esposa?,Emonãnamo serã Tupã îandé rubypy arukangûera nhẽ monhangi semirekó retéramo?,True,lowercased
2997,"Será que é um morcego, uma borboleta ou uma cuíca?","será que é um morcego, uma borboleta ou uma cuíca?","Andyrá ruãpe é, panama koîpó gûaîkuíka?",True,lowercased
2998,Ela requeima,ela requeima,Taî,True,lowercased
2999,Arranquei-lhe a casca (fal de árvore ou madeira),arranquei-lhe a casca,Aîpé-'ok,True,parentheses_removed | lowercased | trimmed
3000,Queimo-o,queimo-o,Asapy,True,lowercased
3001,Dá anzóis para mim,dá anzóis para mim,Eîme'eng pindá ixébe,True,lowercased
3002,Eu tive vertigem (ou eu estou enjoado),eu tive vertigem,Xe resagûyryb,True,parentheses_removed | lowercased | trimmed
3003,Trabalho com mariscos,trabalho com mariscos,Paranãmbora ri aîkó,True,lowercased
3004,"Que possa nossa alma crer nele, anunciando-o todos os dias","que possa nossa alma crer nele, anunciando-o todos os dias",T'e'ikatu oré 'anga serobîá i mombegûabo 'aré-'arebo,True,lowercased
3005,"Cobriste tua esposa quando sucedia o sangue dela (isto é, na sua menstruação)?",cobriste tua esposa quando sucedia o sangue dela ?,"Ereîopykype nde remirekó, sugûy sekóreme?",True,parentheses_removed | lowercased
3006,"Arrepende-se muito de sua maldade, não querendo repeti-la","arrepende-se muito de sua maldade, não querendo repeti-la",Oîmboasy-katu o angaîpaba seroîeby-potare'yma,True,lowercased
3007,A graça que ele dá não acaba,a graça que ele dá não acaba,Graça semime'enga n'opabi,True,lowercased
3008,"Passaste à frente de tudo, nosso inimigo vencendo para sempre","passaste à frente de tudo, nosso inimigo vencendo para sempre","Opá ereîopûã, oré sumarã reîtyka memẽ",True,lowercased
3009,Bendita és entre as mulheres,bendita és entre as mulheres,I mombe'ukatupyramo ereîkó kunhã suí,True,lowercased
3010,"São Sebastião também, o que cuidava das guerras, destruiu os tamoios, os valentes","são sebastião também, o que cuidava das guerras, destruiu os tamoios, os valentes","São Sebastião abé, marana rerekoarûera, tamũîa, kyre'ymbagûera, omombab erimba'e",True,lowercased
3011,"Ah, quem me dera bater nele!","ah, quem me dera bater nele!",Apûar temõ sesé mã!,True,lowercased
3012,"tempo, lugar, modo, finalidade, etc de comer, de pastar","tempo, lugar, modo, finalidade, etc de comer, de pastar",karûaba,False,
3013,Ameaço-o muito,ameaço-o muito,Aîmomboî-katu,True,lowercased
3014,"Entregando tua alma, que Deus dignifica, para o diabo","entregando tua alma, que deus dignifica, para o diabo",Nde 'anga Tupã remimomba'eté me'enga anhanga pé,True,lowercased
3015,toco de braço,toco de braço,îybá-asyka,False,
3016,"Em caso de divulgação de sua morte, o próprio padre responsável por ele que o julgue","em caso de divulgação de sua morte, o próprio padre responsável por ele que o julgue","Se'õagûera rerapûaneme, abaré serekoara aé t'osekokuab",True,lowercased
3017,Sendo mãe de Deus é que ela é a causa verdadeira da bondade dele,sendo mãe de deus é que ela é a causa verdadeira da bondade dele,Tupã syramo oîkóbo é i angaturambabetéramo sekóû,True,lowercased
3018,Todos eles voltaram para trás,todos eles voltaram para trás,Opá i îeakypûereroîebyri,True,lowercased
3019,reflexo ou resplendor do mar,reflexo ou resplendor do mar,paranãendy,False,
3020,"Tu, finalmente, perdoa a mim","tu, finalmente, perdoa a mim",Nde nhyrõ-tene xébo,True,lowercased
3021,"Que coisas, pois, hoje eu fiz?","que coisas, pois, hoje eu fiz?",Marã-marã-pakó îeí xe rekóû?,True,lowercased
3022,Veio a aurora,veio a aurora,Our ko'emytanga,True,lowercased
3023,Hospedar os peregrinos,hospedar os peregrinos,Atara mombytá,True,lowercased
3024,Que desapareça vossa lei antiga,que desapareça vossa lei antiga,T'okanhẽ pe rekopûera,True,lowercased
3025,Estou a ponto de ir Vou daqui a pouquinho,estou a ponto de ir vou daqui a pouquinho,A'ar apyrĩ - Estou prestes a cair Our apyrĩ - Está já para vir Asó apyri'ĩ,True,lowercased
3026,o que irá para o céu,o que irá para o céu,ybakype soarama,False,
3027,As criancinhas também têm somente o pecado de nosso pai primeiro,as criancinhas também têm somente o pecado de nosso pai primeiro,Pitangĩ abé îandé rubypy angaîpaba nhõ ogûerekó,True,lowercased
3028,Conhece o modo pelo qual o padre te tratou ao te batizar,conhece o modo pelo qual o padre te tratou ao te batizar,Eîkuab abaré nde mongaraipápe nde rerekoagûera,True,lowercased
3029,Estando de cor preta,estando de cor preta,Moroún oîkóbo,True,lowercased
3030,"Mas não teve mãe, sendo Deus verdadeiro?","mas não teve mãe, sendo deus verdadeiro?",N'i xyîtepe Tupã-etéramo oîkóbo?,True,lowercased
3031,Vemos sempre as suas pegadas,vemos sempre as suas pegadas,Îasepîak îepi i pypora,True,lowercased
3032,"pedaço de roupa, retalho de pano","pedaço de roupa, retalho de pano",aopesembûera,False,
3033,A aldeia está assentada de comprido,a aldeia está assentada de comprido,Opukubo taba reni,True,lowercased
3034,Tu foste torpe com alguma irmã de tua esposa ou com sua parente próxima?,tu foste torpe com alguma irmã de tua esposa ou com sua parente próxima?,Nde poxype nde remirekó asykûereté amõ resé koîpó i mũ-mbyryba?,True,lowercased
3035,"Que estejamos perto de ti, espantando nossos inimigos","que estejamos perto de ti, espantando nossos inimigos","T'oroîkó nde ypype nhẽ, oré sumarã mondyîa",True,lowercased
3036,Tenho-a como minha namorada,tenho-a como minha namorada,Xe kunhã'ybamo arekó,True,lowercased
3037,Eh! Onde ele está?,eh! onde ele está?,Tó! Mamõpe ahẽ rekóû?,True,lowercased
3038,Estou na penúria,estou na penúria,Atyabor,True,lowercased
3039,Vou beber cauim!,vou beber cauim!,T'aka'une!,True,lowercased
3040,Peca muito o homem que fica fazendo as pessoas fumarem?,peca muito o homem que fica fazendo as pessoas fumarem?,I angaîpabetépe abá oporomopetymbûabo?,True,lowercased
3041,"Perdoará hoje, certamente, a mim","perdoará hoje, certamente, a mim",I nhyrõ ipó kori ixébene,True,lowercased
3042,Deus me atrai,deus me atrai,Xe momotar Tupã,True,lowercased
3043,"jorro d'água, ITORORÓ, bica d'água","jorro d'água, itororó, bica d'água",y-tororoma,True,lowercased
3044,Mandam que os batizados honrem o domingo após Nosso Senhor o santificar com seu retorno à vida,mandam que os batizados honrem o domingo após nosso senhor o santificar com seu retorno à vida,Domingo momba'eté-ukari i mongaraibypyretá supé o ekobé îebyragûera pupé Îandé Îara i mongaraib'iré,True,lowercased
3045,"o que tem fama, o que é famoso","o que tem fama, o que é famoso",serapûanyba'e,False,
3046,Não pode outra pessoa batizar em vez do padre?,não pode outra pessoa batizar em vez do padre?,Nd'e'ikatupe amõaé abá oporomongaraípa abaré suí?,True,lowercased
3047,"Ó, hei de ir!","ó, hei de ir!","T'asóne, gûy!",True,lowercased
3048,Faze transformar os moradores do rio,faze transformar os moradores do rio,Eîmonhangukar 'ygûara,True,lowercased
3049,A armadilha caiu (apanhando caça),a armadilha caiu,O'ar mundé,True,parentheses_removed | lowercased | trimmed
3050,Não nos deixes tu fazer cair em tentação,não nos deixes tu fazer cair em tentação,Oré mo'arukar umẽ îepé tentação pupé,True,lowercased
3051,Pronuncia-o bem,pronuncia-o bem,Esa'ãngatu,True,lowercased
3052,"coisa cotidiana, o que é de cada dia","coisa cotidiana, o que é de cada dia",ko'arapukuîndûara,False,
3053,O que se casa bem contra sua vontade,o que se casa bem contra sua vontade,O emimotare'yma-katu omendaryba'e,True,lowercased
3054,corda de rede,corda de rede,upá-sama,False,
3055,a que ingere veneno,a que ingere veneno,mosangygûaba gûara,False,
3056,Tu me escaldaste,tu me escaldaste,Xe rũî îepé,True,lowercased
3057,Pelo Deus verdadeiro faço perguntas a ti,pelo deus verdadeiro faço perguntas a ti,Tupãeté resé aporandub endébe,True,lowercased
3058,Veio detrás de mim,veio detrás de mim,Xe atuaî turi,True,lowercased
3059,Que me guarde sempre,que me guarde sempre,Ta xe rarõ memẽ îepi,True,lowercased
3060,Nem por isso eu vou para longe,nem por isso eu vou para longe,Naroîaî mamõ xe sóû,True,lowercased
3061,Ambas as minhas coxas adormeceram,ambas as minhas coxas adormeceram,Opá xe uba îesyî,True,lowercased
3062,E confessaste que tu as roubaste?,e confessaste que tu as roubaste?,A'epe ereîmombe'u a'e resé nde mondá?,True,lowercased
3063,"Oxalá agora alguma pessoa, habitante do fogo do inferno, levantasse aqui na nossa multidão","oxalá agora alguma pessoa, habitante do fogo do inferno, levantasse aqui na nossa multidão","Temone ko'yr Anhanga ratá pora, abá amõ opu'ama iké îandé re'yîpemo",True,lowercased
3064,"tempo, lugar, modo, etc de estar em pé","tempo, lugar, modo, etc de estar em pé",ambaba,False,
3065,"fibras esvoaçantes (isto é, fibras finas)",fibras esvoaçantes,pó-bebé,True,parentheses_removed | trimmed
3066,Eu iria inutilmente,eu iria inutilmente,Îepémo asó,True,lowercased
3067,Eu sou molengão,eu sou molengão,Xe membek,True,lowercased
3068,"Isso não seria possível enumerar, ainda que o sol se pusesse!","isso não seria possível enumerar, ainda que o sol se pusesse!","Aîpó n'i papasabi, kûarasymo oîké îepémo!",True,lowercased
3069,"E por outra parte, semelhantemente, o próprio mar será mais terrível do que é seu costume","e por outra parte, semelhantemente, o próprio mar será mais terrível do que é seu costume",Kokoty paranã aé rame'ĩ o abaetéramo erimba'e gûekoagûera sosé,True,lowercased
3070,Queimar-vos-ão as chamas!,queimar-vos-ão as chamas!,Pe rapy tataendyne!,True,lowercased
3071,Obedecem-me bem os índios,obedecem-me bem os índios,Xe rapîakatu abá,True,lowercased
3072,Faremos o que ele fez,faremos o que ele fez,Semimonhangûera îamonhangyne,True,lowercased
3073,"por aí, por ali, por esse lugar","por aí, por ali, por esse lugar",eboûĩ rupi,False,
3074,Não vi os de cá,não vi os de cá,N'asepîaki kybõygûara,True,lowercased
3075,Eis aqui também meu rabo comprido,eis aqui também meu rabo comprido,Kó bé xe rûaî-puku,True,lowercased
3076,Eu sou tísico,eu sou tísico,Xe angaîbabîar,True,lowercased
3077,Para onde será que eu irei?,para onde será que eu irei?,Mamõ serã xe sóûne?,True,lowercased
3078,"São Pedro puxou a espada, ferindo um amigo do chefe, chamado Malco","são pedro puxou a espada, ferindo um amigo do chefe, chamado malco",S Pedro itangapema osekyî morubixaba rembiaûsuba Malko seryba'e apixapa,True,lowercased
3079,"ajuntamento de búzios (nome antigo de Cabo Frio, RJ)",ajuntamento de búzios,gûatapy-tyba,True,parentheses_removed | trimmed
3080,Não pode alguém casar-se com seu parente verdadeiro?,não pode alguém casar-se com seu parente verdadeiro?,Nd'e'ikatuîpe abá o mũeté resé omendá?,True,lowercased
3081,"Vai, pois","vai, pois",Ekûãî rõ,True,lowercased
3082,Agitamo-nos,agitamo-nos,Orondururuk,True,lowercased
3083,Fez-me arder as pernas,fez-me arder as pernas,Xe retymã-moîosar,True,lowercased
3084,"Ajudei-o em suas palavras (isto é, ajudei-o naquilo que dizia, argumentando a favor dele)",ajudei-o em suas palavras,Aînhe'ẽ-pytybõ,True,parentheses_removed | lowercased | trimmed
3085,Que mau é ele!,que mau é ele!,Tieté maniîabo a'e!,True,lowercased
3086,Guardai-vos de serdes maus doravante,guardai-vos de serdes maus doravante,"Peteumẽ, pe poxyramo angiré",True,lowercased
3087,rio direito,rio direito,y-atã,False,
3088,"Trespassaram suas mãos juntamente com seus pés, sobre a cruz pregando meu senhor","trespassaram suas mãos juntamente com seus pés, sobre a cruz pregando meu senhor","Îaîpó-asá-sá i py resébe, krusá sosé nhẽ xe îara moîá",True,lowercased
3089,propondo ser bom,propondo ser bom,xe katurama momboîa,False,
3090,poucas vezes,poucas vezes,amõamõme é,False,
3091,Mas que faremos com estas muitíssimas riquezas?,mas que faremos com estas muitíssimas riquezas?,Marã-tepe ang mba'e-katupabẽ orogûerekóne?,True,lowercased
3092,sinal de golpe com pedra,sinal de golpe com pedra,itá-pora,False,
3093,Dentro de nosso coração colocando sua lei,dentro de nosso coração colocando sua lei,Îandé py'a pupé sekó mondepa,True,lowercased
3094,"Insultam-se as velhas, odeiam-se","insultam-se as velhas, odeiam-se","Oîoa'o-a'o gûaîbĩ, oîoamotare'ỹ",True,lowercased
3095,Mostra o erro de minhas palavras,mostra o erro de minhas palavras,Eîkuabe'eng xe nhe'engaipaba,True,lowercased
3096,É usual os bons homens tratarem bem as pessoas,é usual os bons homens tratarem bem as pessoas,Sekoab apŷabangaturama i porerekó-katu,True,lowercased
3097,Fazendo escorrer o sangue dele,fazendo escorrer o sangue dele,Sugûy mosyryka i xuí,True,lowercased
3098,Apresentei-o,apresentei-o,Arokûab,True,lowercased
3099,Vem para destruir o maldito,vem para destruir o maldito,"Eîori, muru mombapa",True,lowercased
3100,Eu estou adoentado,eu estou adoentado,Xe rekoruînhẽ,True,lowercased
3101,Aproxima-se o nascimento de S João,aproxima-se o nascimento de s joão,Okakar S João 'aragûera,True,lowercased
3102,eis que amanheceu,eis que amanheceu,ko'ẽ kó,False,
3103,O pão que apanhou em suas mãos devolveu-o como seu corpo e o vinho como seu sangue,o pão que apanhou em suas mãos devolveu-o como seu corpo e o vinho como seu sangue,"Miapé o pópe o emiîara i moîebyû o etéramo, kaûĩ og ugûyramo",True,lowercased
3104,"Batendo numa mulher grávida, matando o bebê dela","batendo numa mulher grávida, matando o bebê dela","Kunhã muru'abora resé opûá, pitanga îukábo i xuí",True,lowercased
3105,Eis que teu filho me fez mudar de idéia,eis que teu filho me fez mudar de idéia,Xe resaekoabok ikó nde ra'yra,True,lowercased
3106,Talvez ele fosse se eu dissesse,talvez ele fosse se eu dissesse,Osó ipóne re'a gûi'îabo mona'ẽ,True,lowercased
3107,Coisa beiçuda!,coisa beiçuda!,Mba'e-embegûasu!,True,lowercased
3108,Eu sou torto,eu sou torto,Xe apẽ,True,lowercased
3109,Caso com uma mulher,caso com uma mulher,Aîkó kunhã rupi,True,lowercased
3110,poucas vezes,poucas vezes,amõneme é,False,
3111,a mãe de meus filhos,a mãe de meus filhos,xe ra'ysy,False,
3112,Chegamos sucessivamente,chegamos sucessivamente,Orosy-syk,True,lowercased
3113,Por confundir o inimigo sua alma,por confundir o inimigo sua alma,O 'anga sumarã o mbo'eaíme,True,lowercased
3114,"Tem muito cauim, por acaso, meu avô Jaguaruna?","tem muito cauim, por acaso, meu avô jaguaruna?",I kaûĩgûasu-pipó xe ramûĩa Îagûaruna?,True,lowercased
3115,"Faço a brincadeira, o jogo","faço a brincadeira, o jogo",Nhemosaraîa aîmonhang,True,lowercased
3116,Quem não reconheceria ter comido algo bom?,quem não reconheceria ter comido algo bom?,Abámo mba'e-katu 'uagûera n'oîkuabi xûé?,True,lowercased
3117,Trazei também a ingapema!,trazei também a ingapema!,Ingapema bé peru!,True,lowercased
3118,a que é (ou deve ser) alforriada,a que é alforriada,i mokunhãetepyra,True,parentheses_removed | whitespace_collapsed
3119,Jazo de costas,jazo de costas,Oatukupepyterybo aîub,True,lowercased
3120,"No final de minha fala, ele falou","no final de minha fala, ele falou",Xe nhe'enga apyrûerype ahẽ nhe'engi,True,lowercased
3121,Convenço-o,convenço-o,Aîmoapapub,True,lowercased
3122,"o que porta pestes, coisa pestilencial","o que porta pestes, coisa pestilencial",mbabyîara,False,
3123,"Que queimem em teu fogo, para que os pecados dos malditos tenham retribuição","que queimem em teu fogo, para que os pecados dos malditos tenham retribuição","T'okaî nde ratá pupé, ta sepy muru angaîpaba",True,lowercased
3124,Que me livre das dificuldades,que me livre das dificuldades,Ta xe pysyrõ marãtekó suí,True,lowercased
3125,Ainda que eu já tivesse ido,ainda que eu já tivesse ido,Aûîebé-temo xe só-umani,True,lowercased
3126,"Tu te agitaste, querendo fazer-nos viver","tu te agitaste, querendo fazer-nos viver","Nde ereîemosusuni, oré moingobé-potá",True,lowercased
3127,Dizendo palavras más acerca de coisas nojentas,dizendo palavras más acerca de coisas nojentas,Mba'epoxy koty onhe'engaíbamo,True,lowercased
3128,As juntas de seus ossos afastando umas das outras,as juntas de seus ossos afastando umas das outras,I kanga îepotasaba pe'abo o îosuí,True,lowercased
3129,"Indo para fora, deixando de ouvir missa","indo para fora, deixando de ouvir missa","Kûepe osóbo, missa renduba reîá",True,lowercased
3130,"A dança é que é boa, enfeitar-se, tingir-se as pernas com urucu","a dança é que é boa, enfeitar-se, tingir-se as pernas com urucu","Moraseîa é i katu, îegûaka, îetymã-gûanga",True,lowercased
3131,Fingindo fazer viver as pessoas,fingindo fazer viver as pessoas,Oporomoingobé-mo'anga,True,lowercased
3132,Tornou-te muito bondosa o senhor Deus,tornou-te muito bondosa o senhor deus,Nde moangaturameté pa'i Tupã,True,lowercased
3133,"Queimo-te hoje, como de costume!","queimo-te hoje, como de costume!","Oroapy kori, îandu!",True,lowercased
3134,"boquitorto, homem da boca torta","boquitorto, homem da boca torta",abaîuru-apẽ,False,
3135,Fiz taipa de pilão,fiz taipa de pilão,Aybysosok,True,lowercased
3136,"O que bebe somente o suficiente, que acontece?","o que bebe somente o suficiente, que acontece?","Oîá nhote kagûarape, marã?",True,lowercased
3137,"ponta de topete, pontinha aguda de cabelo que alguns têm na testa","ponta de topete, pontinha aguda de cabelo que alguns têm na testa",Tetobapy-apûá,False,
3138,Eu sou antigo filho de Jetuú Criei-me dentro dela,eu sou antigo filho de jetuú criei-me dentro dela,Xe Îetu'u ra'yrûera Anhemonhang i pupé,True,lowercased
3139,Cuidado para não o levares,cuidado para não o levares,Erasó umẽ ké,True,lowercased
3140,"E onde está aquele limbo, morada das crianças que não foram batizadas?","e onde está aquele limbo, morada das crianças que não foram batizadas?",Umãmepe a'e putunusu pitanga nhemongaraibypyre'yma rekoaba rekóû?,True,lowercased
3141,Não hei de ir (dito por mulher),não hei de ir,Asó umẽpe ky,True,parentheses_removed | lowercased | trimmed
3142,Eu tenho um nervo encolhido,eu tenho um nervo encolhido,Xe raîyîeapar,True,lowercased
3143,Faço-o ruim,faço-o ruim,Aîmoangaîpab,True,lowercased
3144,Mostrando sua própria beleza mais que o sol,mostrando sua própria beleza mais que o sol,Kûarasy sosé o poranga kuabe'enga,True,lowercased
3145,Tu te alegraste por alguém cometer furto delas?,tu te alegraste por alguém cometer furto delas?,Nde rorype sesé abá mondarõagûera resé?,True,lowercased
3146,"Meu senhor, eis que eu não sou digno de que entres em meu coração","meu senhor, eis que eu não sou digno de que entres em meu coração","Xe îar, na xe angaturami ã a'emo ereîké xe py'ape",True,lowercased
3147,"Eu sou Guaixará bebedor de cauim, grande cascavel, onça, trucidador de gente","eu sou guaixará bebedor de cauim, grande cascavel, onça, trucidador de gente","Gûaîxará kagûara ixé, mboîtiningusu, îagûara, morapitîara",True,lowercased
3148,curtinho,curtinho,asangĩ,False,
3149,calos já duros,calos já duros,mbyru'apûera,False,
3150,lêndeas de piolho (do corpo),lêndeas de piolho,mokyrana'yra,True,parentheses_removed | trimmed
3151,Deste veneno para uma mulher grávida?,deste veneno para uma mulher grávida?,Ereîme'engype mosangygûaba kunhãmuru'abora supé?,True,lowercased
3152,Com alegria honramos este dia,com alegria honramos este dia,Tesãîa pupé kó 'ara îaîmoeté,True,lowercased
3153,raízes angulosas (nome de lugar),raízes angulosas,sapopema,True,parentheses_removed | trimmed
3154,Medi-o,medi-o,Asa'ang,True,lowercased
3155,Havemos de ir contigo,havemos de ir contigo,T'orosóne nde rupi,True,lowercased
3156,Retribuindo seu regozijo com ele,retribuindo seu regozijo com ele,O morybagûera poepyka,True,lowercased
3157,"Quando a gente se batiza, põe seu próprio entendimento?","quando a gente se batiza, põe seu próprio entendimento?",Asé îemongaraíme o 'ara moíni?,True,lowercased
3158,"Salve Rainha, mãe de misericórdia","salve rainha, mãe de misericórdia","Salve Rainha, moraûsubara sy",True,lowercased
3159,tranca da porta,tranca da porta,okena kokaba,False,
3160,Que eu esteja contigo,que eu esteja contigo,T'aîkó nde irũ,True,lowercased
3161,Aparei-o,aparei-o,Anhopan,True,lowercased
3162,"ajuntamento de cana-de-açúcar, canavial","ajuntamento de cana-de-açúcar, canavial",u'ubae'ẽndyba,False,
3163,"um par de pares, quatro","um par de pares, quatro",oîoirũîrũ,False,
3164,"Acabado isso, ele se casa","acabado isso, ele se casa",Aûîé-katu i mendari,True,lowercased
3165,Aqui estou eu,aqui estou eu,Kobé aîkó,True,lowercased
3166,Ameacei Pedro com um pau,ameacei pedro com um pau,Asenopu'am Pedro ybyrá pupé,True,lowercased
3167,Bem que o chamei,bem que o chamei,Îepé asenõî,True,lowercased
3168,Meu senhor é que me mandou fazê-lo,meu senhor é que me mandou fazê-lo,Xe îara é xe pûaî sesé,True,lowercased
3169,Sobre ela morrendo Nosso Senhor para nos resgatar,sobre ela morrendo nosso senhor para nos resgatar,I 'arybo omanõmo Îandé Îara îandé repyme'engagûera resé,True,lowercased
3170,interesse pela lei de Deus,interesse pela lei de deus,Tupã rekó resé nhemoryryîa,True,lowercased
3171,Eu estou maleitoso,eu estou maleitoso,Xe karasy,True,lowercased
3172,"Coisa muito boa é a confissão, como modo de impedir, também, tua ida para o inferno","coisa muito boa é a confissão, como modo de impedir, também, tua ida para o inferno",Mba'e-eté anhẽ nhemombe'u Anhanga ratápe nde sorambûera morambûesabamono,True,lowercased
3173,"Compadece-te um pouco de mim, ó morte!","compadece-te um pouco de mim, ó morte!",Xe raûsubá-mirĩ îepé te'õ gûé!,True,lowercased
3174,Perdoa tu nossas maldades a nós como nós perdoamos aos que nos tratam mal,perdoa tu nossas maldades a nós como nós perdoamos aos que nos tratam mal,Nde nhyrõ oré angaîpaba resé orébe oré rerekomemûãsara supé oré nhyrõ îabé,True,lowercased
3175,"Ah, quem me dera tivesse o padre um pouquinho de piedade de mim, mandando-me pôr em outra parte!","ah, quem me dera tivesse o padre um pouquinho de piedade de mim, mandando-me pôr em outra parte!","Xe raûsubá-mirĩ temõ abaré, amongoty nhõte xe moinuká mã!",True,lowercased
3176,Vou para a casa,vou para a casa,Asó okype,True,lowercased
3177,Eis que procuramos Jesus de Nazaré,eis que procuramos jesus de nazaré,Iesus Nazareno ikó orosekar,True,lowercased
3178,Fi-lo meu senhor,fi-lo meu senhor,Amombiaryîar,True,lowercased
3179,"Eu hei de bem apanhar-te, na minha armadilha fazendo-te cair","eu hei de bem apanhar-te, na minha armadilha fazendo-te cair","Xe t'oropysy-katu, xe mundépe nde mbo'a",True,lowercased
3180,Querendo imitar os atos de Nosso Senhor,querendo imitar os atos de nosso senhor,Îandé Îara rekoagûera ra'anga motá,True,lowercased
3181,Ofereci-lhes comida,ofereci-lhes comida,Asemi'u-erekûab,True,lowercased
3182,"capim que fica estalando, junco","capim que fica estalando, junco",kapi'ĩ-pururuka,False,
3183,Fiz preparativos para receber o inimigo,fiz preparativos para receber o inimigo,Anhemosako'i tobaîara resé,True,lowercased
3184,"Ah, quem me dera comer veneno para que eu morresse!","ah, quem me dera comer veneno para que eu morresse!",A'u temõ mba'eaíba mã a'emo nhẽ xe re'õû,True,lowercased
3185,Estou tendo polução,estou tendo polução,Apu-apuk,True,lowercased
3186,Eu estou atolado,eu estou atolado,Xe pykûab,True,lowercased
3187,Esbofeteando suas faces,esbofeteando suas faces,Setobapé sosoka,True,lowercased
3188,Eu sou uma pessoa desprezível,eu sou uma pessoa desprezível,Xe abangaíba,True,lowercased
3189,O que tem a bem-aventurança é o que não agride,o que tem a bem-aventurança é o que não agride,Tekokatueté rerekoara onherane'ymba'e,True,lowercased
3190,Não tem modo de o comer,não tem modo de o comer,N'i gûabi,True,lowercased
3191,Eu tenho barba ruiva,eu tenho barba ruiva,Xe rendybá-aîub,True,lowercased
3192,Endireitei-o,endireitei-o,Aîaparok,True,lowercased
3193,"Lava-o, fazendo brilhar meu coração","lava-o, fazendo brilhar meu coração","Eîmoîasyk, xe py'a moberapa",True,lowercased
3194,Descreve tua terra para mim,descreve tua terra para mim,Emombe'u nde retama ixébe,True,lowercased
3195,"Após entrarem em colapso o sol, a lua, a terra, o mar, então os anjos vêm","após entrarem em colapso o sol, a lua, a terra, o mar, então os anjos vêm","Kûarasy, îasy, yby, paranã rekomemûã roiré a'ereme karaibebé ruri",True,lowercased
3196,estando eu,estando eu,gûitekóbo,False,
3197,Porventura fizeram-se muito maus os homens após se multiplicarem?,porventura fizeram-se muito maus os homens após se multiplicarem?,Onhemoangaîpabeté serã apŷaba o îeapyká-eté roîré?,True,lowercased
3198,Traze os habitantes do Paraíba para aumentar nossa terra,traze os habitantes do paraíba para aumentar nossa terra,Eru Paraibygûara oré retama irumõmo,True,lowercased
3199,Que espécie de mulher é Santa Maria?,que espécie de mulher é santa maria?,Marãba'e kunhãpe Santa Maria?,True,lowercased
3200,Eu não me afasto deles,eu não me afasto deles,Ixé n'aîeîyî i xuí,True,lowercased
3201,Ocupando-me de ti,ocupando-me de ti,Nde ri xe nhemboryryîa,True,lowercased
3202,com ele,com ele,ahẽ pabẽ,False,
3203,"Eu tenho palavras enganosas, falsas","eu tenho palavras enganosas, falsas",Xe nhe'ẽ-puraké,True,lowercased
3204,Passo jenipapo nele,passo jenipapo nele,passo jenipapo Aîîanypá-mongy,True,lowercased
3205,"Portanto, esses são os mandamentos do Senhor Deus a nós","portanto, esses são os mandamentos do senhor deus a nós",Irõ ianga Pa'i Tupã îandé rekomonhangaba,True,lowercased
3206,Torno a trazer a roupa,torno a trazer a roupa,Aroîebyr aoba,True,lowercased
3207,Parto,parto,Aîepabok,True,lowercased
3208,"terra avermelhada, barro","terra avermelhada, barro",yby-pytanga,False,
3209,o nó dela (da madeira),o nó dela,i puru'ã,True,parentheses_removed | trimmed
3210,É difícil essa língua,é difícil essa língua,I abaíb aîpó nhe'enga,True,lowercased
3211,Querendo furar os buracos das orelhas da gente,querendo furar os buracos das orelhas da gente,Asé apysakûá-puka potá,True,lowercased
3212,Eu fiz confusão,eu fiz confusão,Xe apaîugûá,True,lowercased
3213,teu nome,teu nome,nde rera,False,
3214,Eis que agora eu hei de perecer!,eis que agora eu hei de perecer!,Akanhem kó ixé re'a,True,lowercased
3215,Eis que aqui estou,eis que aqui estou,Aín,True,lowercased
3216,Queres ouro?,queres ouro?,Ereîpotápe itaîuba?,True,lowercased
3217,ter-nos-iam amaldiçoado,ter-nos-iam amaldiçoado,îandé momburu meémo,False,
3218,injúria recíproca (com palavras),injúria recíproca,îoa'o,True,parentheses_removed | trimmed
3219,Meu filho!,meu filho!,Xe ra'yt!,True,lowercased
3220,Acreditas em falsas oferendas?,acreditas em falsas oferendas?,Ererobîápe îetanonga'uba?,True,lowercased
3221,Constituímos-te chefe,constituímos-te chefe,Oromoingó tubixabamo,True,lowercased
3222,Quantos são os chefes principais por aqui?,quantos são os chefes principais por aqui?,Mobype tubixá-katu kybõ?,True,lowercased
3223,"Que nos renovemos, repelindo completamente os costumes antigos","que nos renovemos, repelindo completamente os costumes antigos","T'îanhemopysasu, tekopûera pe'apapa",True,lowercased
3224,Ordenei-o,ordenei-o,Aîmoabaré,True,lowercased
3225,Eu afrouxei,eu afrouxei,Xe apapub,True,lowercased
3226,"o que caça, caçador","o que caça, caçador",ka'amondoara,False,
3227,Sei lá!,sei lá!,-Abá ra'yrape ûĩ?! -Sé! -Filhos de quem eram esses?!,True,lowercased
3228,"Já se juntaram por causa disso muitos moços bebedores de cauim, os pervertedores desta aldeia","já se juntaram por causa disso muitos moços bebedores de cauim, os pervertedores desta aldeia","Onheŷnhang umã sesé kunumĩ-etá kagûara, kó taba moangaîpapara",True,lowercased
3229,Minha família te ama,minha família te ama,Xe anama nde raûsu,True,lowercased
3230,Lançando palavras contra a lei de Deus,lançando palavras contra a lei de deus,Tupã rekó koty nhe'enga reîtyka,True,lowercased
3231,"Descendo com seus choros, indo com seus gritos Nem por isso eles acabarão","descendo com seus choros, indo com seus gritos nem por isso eles acabarão","O îase'o rerogûeîypa, ogûasẽ-gûasema rerasóbo Ndaeroîaî xûé i pabine",True,lowercased
3232,"A mim é como que pedra (isto é, parece pedra)",a mim é como que pedra,Itá berame'ĩ ixébo,True,parentheses_removed | lowercased | trimmed
3233,"Ah, como me importuna o fedor dele!","ah, como me importuna o fedor dele!",Xe moaîu-te i nema mã!,True,lowercased
3234,"Sim, hei de ir para onde me mandam Mesmo porque eu, em meu coração, assim quero fazer","sim, hei de ir para onde me mandam mesmo porque eu, em meu coração, assim quero fazer","Îé t'asóne xe mondoápe Memeté ixé, xe py'ape, emonã tekó potá",True,lowercased
3235,Indo eu para trabalhar,indo eu para trabalhar,Ûiporabykŷabo gûixóbo,True,lowercased
3236,É muito terrível meu nome,é muito terrível meu nome,I abaeté-katu xe rera,True,lowercased
3237,homem severo,homem severo,abaposykyîe'yma,False,
3238,homem sovina,homem sovina,abá-pûapẽîara,False,
3239,Sempre atam as mãos dos diabos,sempre atam as mãos dos diabos,Memẽ anhanga popûari,True,lowercased
3240,mingau grudento,mingau grudento,minga'u-pomonga,False,
3241,Sairá também futuramente de lá?,sairá também futuramente de lá?,Osem-y bépe irã eboûinga suíne?,True,lowercased
3242,Hás de confessar primeiro tua atração por eles,hás de confessar primeiro tua atração por eles,Sesé nde nhemomotaragûera ranhẽ t'ereîmombe'u,True,lowercased
3243,"Vamos, devagar, para queimar a terra dos malditos","vamos, devagar, para queimar a terra dos malditos","T'îasó, mbegûé t'ixapy moxy retama",True,lowercased
3244,o que é felpudo,o que é felpudo,sabiîuakytãba'e,False,
3245,Mas que nós não paremos de chamá-la,mas que nós não paremos de chamá-la,Îandé-te îapyk umẽ senõîa,True,lowercased
3246,"Se ele tem muita dor quando o empalidece e quando o deixa doente aquilo que se abrandará, quanto mais aquilo que não se abrandará","se ele tem muita dor quando o empalidece e quando o deixa doente aquilo que se abrandará, quanto mais aquilo que não se abrandará","O moaîureme o momara'areme a'e i arybeba'erama biã sasyeté, memetipó i arybeba'erame'yma",True,lowercased
3247,"Se longamente ficas pranteando teus amigos ou teus parentes, por que não queres chorar nem um pouquinho por causa de teus antigos pecados?","se longamente ficas pranteando teus amigos ou teus parentes, por que não queres chorar nem um pouquinho por causa de teus antigos pecados?",Kype rakó ereín nde raûsupara koîpó nde mũ rapirõmo marãpe nde rekoangaîpagûera resé é nd'ereîase'o-mirĩngatutenhẽ-motari?,True,lowercased
3248,Vou como teu substituto,vou como teu substituto,Asó nde rekobîaramo,True,lowercased
3249,mas antes,mas antes,-te nakó,False,
3250,Eu sou nadador (ou sei nadar),eu sou nadador,Xe 'ytab,True,parentheses_removed | lowercased | trimmed
3251,Ele está feliz,ele está feliz,Soryb,True,lowercased
3252,Eu sou muito longevo,eu sou muito longevo,Xe rekosûé-katu,True,lowercased
3253,"Todo o céu preenches, o mar e a terra firme também","todo o céu preenches, o mar e a terra firme também","Opá ybaka ereîmopó, paranã, yby abé",True,lowercased
3254,Faze perdoar a nós,faze perdoar a nós,Emoîerekûab orébo,True,lowercased
3255,"Com pranto estai, como modo de louvar o que entra junto a vós, como modo de o receber","com pranto estai, como modo de louvar o que entra junto a vós, como modo de o receber","Îase'o rakó perekó peẽmo teîkeara moetesabamo, i mobasembabamo",True,lowercased
3256,"Enfim, esses temiminós não tomam a lei de Deus, não a amam, não a acatam","enfim, esses temiminós não tomam a lei de deus, não a amam, não a acatam","Aûîé, kó temiminõ nd' ogûari Tupã rekó, nd'osaûsubi, n'omotybi",True,lowercased
3257,"Ambas as minhas coxas tremem, endurecendo","ambas as minhas coxas tremem, endurecendo","Opá xe uba îesyî, oîemoatãmo",True,lowercased
3258,remédio portador de cura,remédio portador de cura,mosanga mûeîrabyîara,False,
3259,"coisa cotidiana, o que é de cada dia","coisa cotidiana, o que é de cada dia",ara-îabi'õndûara,False,
3260,"Melhor que isso me seria, pois, morrer","melhor que isso me seria, pois, morrer",I xosémo nã ky xe re'õ,True,lowercased
3261,"A cobra, antes de fazer destruir a vida daquele que morde, deixa sua própria vida, ao pisarem sua cabeça","a cobra, antes de fazer destruir a vida daquele que morde, deixa sua própria vida, ao pisarem sua cabeça","Mboîa o emindu'u rekobé mokanhemukar-y îanondé, o ekobé reîari o akanga patukasagûerype",True,lowercased
3262,"Aimbirê, vem diante de mim! Apressa-te!","aimbirê, vem diante de mim! apressa-te!","Aîmbiré, eîori xe robaké! Nde apûan!",True,lowercased
3263,Que vá Guaixará para o fogo,que vá guaixará para o fogo,Gûaîxará t'osó tatápe,True,lowercased
3264,A cobra deixa sua própria vida ao pisarem sua cabeça,a cobra deixa sua própria vida ao pisarem sua cabeça,Mboîa o ekobé reîari o akanga patukasagûerype,True,lowercased
3265,"São muitos os não conhecidos que Deus somente, o criador deles, conhece","são muitos os não conhecidos que deus somente, o criador deles, conhece",Se'yî i kuabypyre'yma Tupã i monhangara remingûaba nhõ,True,lowercased
3266,São Filipe e São Tiago são os que devem ser honrados neste dia,são filipe e são tiago são os que devem ser honrados neste dia,"S Filipe, STiago kó 'ara i moetepyra",True,lowercased
3267,"Ao vir eu, encontrei o que guardara","ao vir eu, encontrei o que guardara","Xe rureme, asobaîtĩ xe remierekopûera",True,lowercased
3268,querendo também que nós afrouxemos nossa carne,querendo também que nós afrouxemos nossa carne,îandé ro'o îandé i momby'a-potáno,False,
3269,Contaste para alguém que tu ficaste passando a mão em mulheres?,contaste para alguém que tu ficaste passando a mão em mulheres?,Ereîmombe'upe kunhã resé nde pokó-pokokagûera abá supé?,True,lowercased
3270,"Ficamos bradando, como desterrados","ficamos bradando, como desterrados",Orosapuká-pukaî i pe'apyramo,True,lowercased
3271,"Apoio-me sobre o braço, estando deitado","apoio-me sobre o braço, estando deitado",Aîeatyrung gûitupa,True,lowercased
3272,"Assim tratada, uma pessoa certamente chega bem","assim tratada, uma pessoa certamente chega bem",Emonã serekopyra rakó abá obasẽ-porang,True,lowercased
3273,Como a gente procederá para obedecer a Deus?,como a gente procederá para obedecer a deus?,Marãngatupe asé rekóû Tupã o apîaraûama rine?,True,lowercased
3274,Toleraste as pessoas em sua crença no pajé?,toleraste as pessoas em sua crença no pajé?,Ereîmorype abá paîé rerobîaragûama resé?,True,lowercased
3275,"Por isso, na verdade, é que a gente detesta o pecado mais que a morte?","por isso, na verdade, é que a gente detesta o pecado mais que a morte?",Nd'e'i te'e ipó asé pecado moabaetébo te'õ sosé?,True,lowercased
3276,O nosso chamado à mãe de Deus fá-lo sofrer muito,o nosso chamado à mãe de deus fá-lo sofrer muito,Tupã sy îandé senõîa oîmoasy-katu-eté,True,lowercased
3277,Aparei-o,aparei-o,Asembe'y-kytĩ,True,lowercased
3278,Por isso mesmo os homens erigem-te em dirigente deles,por isso mesmo os homens erigem-te em dirigente deles,Apŷaba nd'e'i te'e o 'ybamo nde mo'ama,True,lowercased
3279,Hei de mexer hoje as igaçabas,hei de mexer hoje as igaçabas,T'aîpobu kori ygasaba,True,lowercased
3280,Tendo-lhe amor,tendo-lhe amor,Saûsuba rerekóbo,True,lowercased
3281,Antigamente pescava bem os peixes,antigamente pescava bem os peixes,"Akûeîme, rakó, pirá asekyî-marangatu",True,lowercased
3282,Não quis em nós o assalto de nosso inimigo,não quis em nós o assalto de nosso inimigo,N'oîpotari îandé ri îandé sumarã pu'ama,True,lowercased
3283,Tenho-o na cintura,tenho-o na cintura,Xe ku'aî arekó,True,lowercased
3284,"Derramando o seu sangue, ficaram a açoitá-lo","derramando o seu sangue, ficaram a açoitá-lo","Sugûy mombukapa, îaînupã-nupã",True,lowercased
3285,Somos vizinhos uns dos outros,somos vizinhos uns dos outros,O îoamundabamo oroîub,True,lowercased
3286,"em baixo, na lájea","em baixo, na lájea",ybype,False,
3287,Um certo judeu velho mostrou o lugar em que ela fora enterrada,um certo judeu velho mostrou o lugar em que ela fora enterrada,Amõ îudeu-tuîba'e i tymagûera kuabe'engi,True,lowercased
3288,Não se hão de esvanecer nem um pouco minhas palavras acerca daqueles futuros fatos,não se hão de esvanecer nem um pouco minhas palavras acerca daqueles futuros fatos,N'i rambûé-mirĩî xûé aîpó tekorama resé xe nhe'engane,True,lowercased
3289,Tiveste amizade com um homem pecador?,tiveste amizade com um homem pecador?,-Ereîekotyápe abá-angaîpaba resé?,True,lowercased
3290,Tu foste desonesto com alguma irmã verdadeira de tua esposa?,tu foste desonesto com alguma irmã verdadeira de tua esposa?,Nde poxype nde remirekó asykûereté amõ resé?,True,lowercased
3291,Costumo alimentar gente,costumo alimentar gente,Xe poropoîxûer,True,lowercased
3292,Deus-Pai fez-te vir,deus-pai fez-te vir,Tupã Tuba nde mbouri,True,lowercased
3293,Santificando-se na pia batismal,santificando-se na pia batismal,Moromoîasukaba pupé onhemongaraípa,True,lowercased
3294,"Apoiando-me na vossa valentia, quero ir","apoiando-me na vossa valentia, quero ir","Pe ratãngatu resé gûiîekoka, asó-potá",True,lowercased
3295,ponta de pedra,ponta de pedra,itá-atĩ,False,
3296,Eu tenho a pele quente,eu tenho a pele quente,Xe pirakubor,True,lowercased
3297,A seu pai somente o homem obedece?,a seu pai somente o homem obedece?,Og uba anhõpe abá osapîá?,True,lowercased
3298,Resgatei os índios,resgatei os índios,Aporepŷan apŷaba,True,lowercased
3299,"Vela bem por mim, mandando que não me façam cair","vela bem por mim, mandando que não me façam cair","Ema'enãngatu xe ri, xe mbo'are'ym-uká",True,lowercased
3300,"Tu mentiste ao te confessares, disfarçando teus pecados?","tu mentiste ao te confessares, disfarçando teus pecados?","Nde remo'emype nde nhemombegûápe, nde angaîpaba mo'anga?",True,lowercased
3301,Hoje eu deveria ir,hoje eu deveria ir,Kori monẽ asó,True,lowercased
3302,Dou roça a Pedro,dou roça a pedro,Aîkó-me'eng Pedro,True,lowercased
3303,cordão de contas,cordão de contas,mbo'yrysy,False,
3304,"Eia, que estejais alegres","eia, que estejais alegres","Pene'ĩ, ta pe rory",True,lowercased
3305,Tornou-te mais formosa que ela,tornou-te mais formosa que ela,Nde moaysó-eté i xuí,True,lowercased
3306,"Na verdade hei de me enfeitar, pretejando-me","na verdade hei de me enfeitar, pretejando-me","Aûîeté pakó, aîegûak ûinhemoúna",True,lowercased
3307,Que é a morte?,que é a morte?,Mba'epe te'õ?,True,lowercased
3308,Hoje o matou,hoje o matou,Kori i îukáû,True,lowercased
3309,"sábio fingido, pseudo-sábio","sábio fingido, pseudo-sábio",mba'ekugûapara'uba,False,
3310,"Todo o céu preenches, o mar e a terra também","todo o céu preenches, o mar e a terra também","Opá ybaka ereîmopó, paranã, yby abé",True,lowercased
3311,Um frio que faz as pessoas tremerem muito,um frio que faz as pessoas tremerem muito,Ro'y oporomoryryîeteba'e,True,lowercased
3312,Eu estou desinchado,eu estou desinchado,Xe rurunhyng,True,lowercased
3313,Invocam as mulheres o pajé Caruara,invocam as mulheres o pajé caruara,Osekyî kunhã maîé Karûara,True,lowercased
3314,meu igual,meu igual,xe arõana,False,
3315,"Dei-o por dar (isto é, de graça)",dei-o por dar,Aîme'engĩ,True,parentheses_removed | lowercased | trimmed
3316,Lembrai-vos do que se sofre no inferno,lembrai-vos do que se sofre no inferno,Penhemoma'enduá Anhanga ratápe i porarapyra resé,True,lowercased
3317,o que enforcou gente,o que enforcou gente,moroîubykarûera,False,
3318,"Eis que, na verdade, esse ato é o que tem o dom de nos fazer fracassar","eis que, na verdade, esse ato é o que tem o dom de nos fazer fracassar",Anhẽ ã aîpó tekó îandé mopanem-y-îara,True,lowercased
3319,Por causa de sua crença nele não duvidando,por causa de sua crença nele não duvidando,Serobîara resé o akasange'ymamo,True,lowercased
3320,casa de barro,casa de barro,nhau'umoka,False,
3321,Fi-lo enriquecer,fi-lo enriquecer,Aîmomba'e,True,lowercased
3322,Inclina-se,inclina-se,-Oîerokype asé Cruz supé? -Oîeroky -A gente se inclina junto à cruz?,True,lowercased
3323,pescador com puçá-guaçu,pescador com puçá-guaçu,pysagûasu-eîtykara,False,
3324,"Vamos, devagar, para fazer o assalto","vamos, devagar, para fazer o assalto","T'îasó, mbegûé, îapu'ama",True,lowercased
3325,Em que ocasiões a gente se confessará?,em que ocasiões a gente se confessará?,Mba'e-mba'eremepe asé nhemombe'une?,True,lowercased
3326,Dou topadas no esteio,dou topadas no esteio,Aîapi okytá,True,lowercased
3327,lenitivo de minha fome,lenitivo de minha fome,xe ambyasy posanga,False,
3328,licor de aipim,licor de aipim,aîpi 'y,False,
3329,"A dança é que é boa, enfeitar-se, avermelhar-se, ficar fazendo feitiços","a dança é que é boa, enfeitar-se, avermelhar-se, ficar fazendo feitiços","Moraseîa é i katu, îegûaka, îemopyranga, karaimonhã-monhanga",True,lowercased
3330,o que tem olhos que são luxuriosos,o que tem olhos que são luxuriosos,sesá-poropotaryba'e,False,
3331,"Hei de me confessar ainda hoje, antes de me surpreender a morte","hei de me confessar ainda hoje, antes de me surpreender a morte","T'anhemombe'une kori bé, te'õ xe resapy'a e'ymebé ká",True,lowercased
3332,Hei de comer todo o banquete de Jacaré-guaçu!,hei de comer todo o banquete de jacaré-guaçu!,T'a'u pá Îakaregûasu pepyra!,True,lowercased
3333,Hei de ver tua face,hei de ver tua face,T'asepîáne nde robá,True,lowercased
3334,"Lavou-se as mãos à vista da multidão (isto é, como o que a multidão vê)",lavou-se as mãos à vista da multidão,Oîepó-eî te'yîa remiepîakamo,True,parentheses_removed | lowercased | trimmed
3335,Arranca de minha casa a poeira dos pés,arranca de minha casa a poeira dos pés,Eîpytybyrok xe roka,True,lowercased
3336,"Por acaso estava o maldito com a cintura fendida, balançando?","por acaso estava o maldito com a cintura fendida, balançando?",I ku'a-bok serã moxy oatimunga?,True,lowercased
3337,"rapariga (por desprezo, pejorativo)",rapariga,kunhataĩ-a'uba,True,parentheses_removed | trimmed
3338,As juntas de seus ossos afastando umas das outras,as juntas de seus ossos afastando umas das outras,I kanga îepotasaba pe'abo o îosuí,True,lowercased
3339,Tenho-o como meu par para dança,tenho-o como meu par para dança,Xe andaramo arekó,True,lowercased
3340,Guardai-vos de serdes maus doravante,guardai-vos de serdes maus doravante,Peteumẽ pe poxyramo angiré,True,lowercased
3341,"Dentro dele está Jesus Cristo, em todo o seu ser e em seu espírito","dentro dele está jesus cristo, em todo o seu ser e em seu espírito","I pupé Îesu Cristo rekóû, o ekó îakatu tenhẽ i 'anga abé",True,lowercased
3342,Rangem-me os dentes,rangem-me os dentes,Xe rãî-ngyrỹî,True,lowercased
3343,"Queimo-te hoje, como de costume!","queimo-te hoje, como de costume!","Oroapy kori, îandu!",True,lowercased
3344,Forçaste uma solteira antes de lhe fazer mal?,forçaste uma solteira antes de lhe fazer mal?,Ereîukaípe mendare'yma i momoxy îanondé?,True,lowercased
3345,Não o deixo de querer,não o deixo de querer,N'aîpotare'ymi,True,lowercased
3346,Aproximei-me de Guenum (a Ilha dos Frades),aproximei-me de guenum,Arokakar Gûenũ,True,parentheses_removed | lowercased | trimmed
3347,"O que não recebe a Deus (isto é, não comunga) a cada Quaresma",o que não recebe a deus a cada quaresma,Îekuakubusu îabi'õ Tupã ogûare'ymba'e,True,parentheses_removed | lowercased | whitespace_collapsed
3348,"Eu açouto gente, de costume","eu açouto gente, de costume",Xe poronupã îá,True,lowercased
3349,Eu sou ladrão,eu sou ladrão,Xe mondá,True,lowercased
3350,Abre a porta de tua casa,abre a porta de tua casa,Esokendabok nde roka,True,lowercased
3351,"Corrige-os, censura-os, para que queiram livrar-se do inferno","corrige-os, censura-os, para que queiram livrar-se do inferno","Enonhẽ, eîakaká, t'oîepysyrõ-motá anhanga ratá suí",True,lowercased
3352,Tiro a sua ferrugem,tiro a sua ferrugem,Aîkytyngok,True,lowercased
3353,Esbofeteio as costas de suas mãos,esbofeteio as costas de suas mãos,Aîpokupé-petek,True,lowercased
3354,Eu estou adoentado,eu estou adoentado,Xe rekoruruînhẽ,True,lowercased
3355,"Eu estava, mesmo, esquecendo, não que o quisesse omitir","eu estava, mesmo, esquecendo, não que o quisesse omitir","Xe resaraî é gûitekóbo, n'aseîá-potá ruã!",True,lowercased
3356,"Estas rãs, minhas presas, que as comas","estas rãs, minhas presas, que as comas","Ikó îu'i, xe rupîara, t'ere'u",True,lowercased
3357,Eu tenho olhos zarcos,eu tenho olhos zarcos,Xe resá-îub,True,lowercased
3358,Enruguei-me,enruguei-me,Anheãî,True,lowercased
3359,arraia pitoca (nome de uma aldeia),arraia pitoca,îabebyrasyka,True,parentheses_removed | trimmed
3360,Querem afugentar-te,querem afugentar-te,Nde monhegûasẽ-motá,True,lowercased
3361,Vou como catador de pedras,vou como catador de pedras,Asó itá piaramo,True,lowercased
3362,Guarda-te de o levares,guarda-te de o levares,Teumẽ ké serasóbo rá,True,lowercased
3363,"Eu sou o grande tamoio Aimbirê, uma sucuriju, um tauató","eu sou o grande tamoio aimbirê, uma sucuriju, um tauató","Xe tamuîusu Aîmbiré, sukuriîu, tagûató",True,lowercased
3364,"Transtorno o coração das velhas, irritando-as, fazendo-as brigar","transtorno o coração das velhas, irritando-as, fazendo-as brigar","Aîpobu gûaîbĩ py'a, i moŷrõmo, i momarana",True,lowercased
3365,chumbada do anzol,chumbada do anzol,pindá posyîtaba,False,
3366,"Ao chegar o dia oitavo (duas vezes quatro), cortaram seu prepúcio","ao chegar o dia oitavo , cortaram seu prepúcio","Mokõî oîoirundyk oito 'ara sykeme, i 'apira mondoki",True,parentheses_removed | lowercased
3367,Apertei meus passos,apertei meus passos,Aîmoatã xe rapupa'ũ,True,lowercased
3368,Não seremos miseráveis,não seremos miseráveis,Nd'oré poreaûsubi xûéne,True,lowercased
3369,Tu costumas levantar-te diante de teu pai?,tu costumas levantar-te diante de teu pai?,Nde pu'amixûé nde ruba pé?,True,lowercased
3370,Não pode com ela casar-se enquanto a mantiver em esconderijo,não pode com ela casar-se enquanto a mantiver em esconderijo,Nd'e'ikatuî sesé omendá mimbápe serekó pukuî,True,lowercased
3371,Eu sou pecador como meu pai,eu sou pecador como meu pai,Xe ruba rupi é xe angaîpabamo,True,lowercased
3372,Não me mexo,não me mexo,N'amyĩ,True,lowercased
3373,Eu tenho olhos enevoados,eu tenho olhos enevoados,Xe resá-oby,True,lowercased
3374,Mesmo o que assassina na guerra (transgride o mandamento de Deus)?,mesmo o que assassina na guerra ?,Gûariniãme oporapitiba'e tiruãpe?,True,parentheses_removed | lowercased
3375,"Ao comer junto de seus discípulos antes de sua morte, no dia posterior","ao comer junto de seus discípulos antes de sua morte, no dia posterior",Oîrã o e'õ îanondé o emimbo'e pyri o karûápe,True,lowercased
3376,Ainda que eu já fosse,ainda que eu já fosse,Aûîebé-te xe só-umani,True,lowercased
3377,"há bem pouco tempo, agora há pouco, agorinha mesmo","há bem pouco tempo, agora há pouco, agorinha mesmo","kûesé-té'ĩ, kûesé-té'ĩ-mbyryb, kûesé-té'ĩbé, kûesé-bé'ĩ, kûesé-pyryb",False,
3378,Jazo imóvel,jazo imóvel,Aîubé,True,lowercased
3379,Que fez neste mundo depois que cresceu?,que fez neste mundo depois que cresceu?,Marãpe sekóû ikó 'ara pupé o kakuab'iré?,True,lowercased
3380,Eu hei de ir primeiro,eu hei de ir primeiro,Xe ranhẽ t'akûáne,True,lowercased
3381,Escaparão futuramente os animais quadrúpedes?,escaparão futuramente os animais quadrúpedes?,Okûabépe irã so'o?,True,lowercased
3382,"E por outra parte, semelhantemente, o próprio mar será mais terrível do que é seu costume, as ondas fazendo grande estrondo","e por outra parte, semelhantemente, o próprio mar será mais terrível do que é seu costume, as ondas fazendo grande estrondo",Kokoty paranã aé rame'ĩ o abaetéramo erimba'e gûekoagûera sosé yapenunga ryapugûasuramo,True,lowercased
3383,Eu tenho cabelo crespo,eu tenho cabelo crespo,Xe akangaíb,True,lowercased
3384,Não me faças demorar,não me faças demorar,Xe mombuku umẽ îepé,True,lowercased
3385,Eu sou bem feito,eu sou bem feito,Xe aysó,True,lowercased
3386,Detestando-os mais que tudo o que se deve detestar neste mundo,detestando-os mais que tudo o que se deve detestar neste mundo,Seroŷrõmo opakatu ikó 'ara pupé seroŷrõmbyra sosé,True,lowercased
3387,Eu sou elegante nas palavras,eu sou elegante nas palavras,Xe nhe'ẽ-matueté,True,lowercased
3388,Eu estou fendido em diversas partes,eu estou fendido em diversas partes,Xe îurubó-bok,True,lowercased
3389,"Eis que sofrem muito, tendo sua vida envergonhada","eis que sofrem muito, tendo sua vida envergonhada",Sasyeté niã ogûekomara'ara reroína,True,lowercased
3390,o que está vestido,o que está vestido,iî aoba'e,False,
3391,"não deve ser, não será assim","não deve ser, não será assim","aan ipó, aan ipó biã",False,
3392,"Tão logo ao sair a alma da gente de seu próprio corpo, seu envoltório, Deus a julga","tão logo ao sair a alma da gente de seu próprio corpo, seu envoltório, deus a julga","Ogûeté suí, o uru suí, asé 'anga sẽme bé, Tupã sekomonhangi",True,lowercased
3393,"Jogou o pagamento por seu senhor no templo, indo finalmente enforcar-se","jogou o pagamento por seu senhor no templo, indo finalmente enforcar-se",O îara repypûera reîtyki Tupãokype aûîé osóbo oîeaîubyka,True,lowercased
3394,as que vão para o purgatório,as que vão para o purgatório,Purgatório pupé osoba'e,False,
3395,Deve ter ido,deve ter ido,Osó ipó re'a,True,lowercased
3396,"Ah, se viesse!","ah, se viesse!",Tera'ute oú,True,lowercased
3397,"Dormiu demais seu cadáver, estando deitado no lugar em que o puseram?","dormiu demais seu cadáver, estando deitado no lugar em que o puseram?",Okeretápe se'õmbûera o mondebagûerype oupa?,True,lowercased
3398,"É visto, com efeito, que ela conserva a incorruptibilidade dos cadáveres daqueles","é visto, com efeito, que ela conserva a incorruptibilidade dos cadáveres daqueles",Sepîakypyra niã aîpoba'e re'ombûera o marane'yma rerekó,True,lowercased
3399,Não ficou ninguém no campo de batalha,não ficou ninguém no campo de batalha,N'opytáî amõ abá maranápe,True,lowercased
3400,"Esta agia assim, longe de ti","esta agia assim, longe de ti",Emonã rakó sekóû nde suí,True,lowercased
3401,Envolvendo seu rosto com véus,envolvendo seu rosto com véus,Aobybĩ pupé sobá ubana,True,lowercased
3402,Nada,nada,-Mba'epe aûîeramanhẽ serekopyrama ikó 'ara pupé? -Aani ã biã - Que é o que será conservado para sempre neste mundo?,True,lowercased
3403,"Desvirginaste alguma menina, furando-a?","desvirginaste alguma menina, furando-a?","Ereîmombukype kunhataĩ amõ, i mokûá?",True,lowercased
3404,"Pensai que, algum dia, a morte virá para bater em vossas portas, em despreparo, surpreendendo-vos","pensai que, algum dia, a morte virá para bater em vossas portas, em despreparo, surpreendendo-vos","Penheangerekó amõ 'ara pupé te'õ pe rokena motaka turagûama resé é, nhemosako'ie'yma pupé, pe pokosupa",True,lowercased
3405,"No meio da terra fazendo um fogo inextinguível, que não se apagará","no meio da terra fazendo um fogo inextinguível, que não se apagará",Yby apyterype tatá-amororé ogûeba'erame'yma monhanga,True,lowercased
3406,"cinzas do alguidar, da bacia, feitas pelas chamas","cinzas do alguidar, da bacia, feitas pelas chamas",nha'ẽpesẽ-uba,False,
3407,"Envergonha-se o sol de nascer, diante de teu brilho","envergonha-se o sol de nascer, diante de teu brilho","Otĩ kûarasy osema, nde beraba robaké",True,lowercased
3408,Não me acostumei,não me acostumei,N'aîepokuabi,True,lowercased
3409,"Após aquele revirar-se do mundo, então os anjos vêm","após aquele revirar-se do mundo, então os anjos vêm",A'e 'ara îepubur'iré a'ereme karaibebé ruri,True,lowercased
3410,O que entrou em vossas almas,o que entrou em vossas almas,Pe 'angyme oîkeba'epûera,True,lowercased
3411,convés da embarcação,convés da embarcação,ygara rokabytera,False,
3412,"Que bom que existes, ó meu senhor!","que bom que existes, ó meu senhor!",Aûîebeté ereîkó xe îar-y gûé!,True,lowercased
3413,Eu fico salivando,eu fico salivando,Xe rendy-rendy,True,lowercased
3414,"de uma só parte, de um só lado","de uma só parte, de um só lado",amongoty nhõ,False,
3415,Eu sou travessa,eu sou travessa,Xe resaarũaíb,True,lowercased
3416,Tua bondade não cessa,tua bondade não cessa,Nde angaturama n'opyki,True,lowercased
3417,"Envergonhai-vos aqui também, após terdes amado as coisas más","envergonhai-vos aqui também, após terdes amado as coisas más",Penhenotĩ iké bé mba'e-memûã raûsub'iré,True,lowercased
3418,"armação de fios, roca de fiar","armação de fios, roca de fiar",inimbó-'yba,False,
3419,Agradeci-o,agradeci-o,Aîkugûab,True,lowercased
3420,"Olha, arrasamos todos os tupinambás que estavam no Paraguaçu","olha, arrasamos todos os tupinambás que estavam no paraguaçu","Ma'ẽne, tupinambá Paragûasupendarûera opakatu îamombá",True,lowercased
3421,Eu não tenho com que bater,eu não tenho com que bater,Na xe pûasabi,True,lowercased
3422,tirante a vermelho,tirante a vermelho,pyrangaíb,False,
3423,o bom do Pedro,o bom do pedro,Pero angaba,True,lowercased
3424,"Eia, hei de ir contigo","eia, hei de ir contigo","Ne'ĩ, t'asó nde irũmo",True,lowercased
3425,a abertura da saia dela,a abertura da saia dela,Iî ikeboka,False,
3426,"Ah, quem me dera esconder alguma coisa do fulano!","ah, quem me dera esconder alguma coisa do fulano!",Anhomim temõ ahẽ mba'e amõ mã!,True,lowercased
3427,Fiz-lhe cócegas,fiz-lhe cócegas,Aîmokyxyk,True,lowercased
3428,Entristeci-me,entristeci-me,Anhemoingotebẽ,True,lowercased
3429,Tive a segunda menstruação,tive a segunda menstruação,Aîeporero'ypok,True,lowercased
3430,"Caem às vezes os frutos de suas árvores sendo ainda flores, outras vezes em seu estado verde, outras vezes caem após madurarem","caem às vezes os frutos de suas árvores sendo ainda flores, outras vezes em seu estado verde, outras vezes caem após madurarem","Okuî rakó amũme 'ybarambûera o 'yba suí 'ybotyramo oîkóbo bé, amõ rakó ogûakyra pupé i kuî, amõ rakó ogûaîub'iré i kuî",True,lowercased
3431,No seu próprio ombro levanta a cruz,no seu próprio ombro levanta a cruz,O ati'yba ri kurusá osupi,True,lowercased
3432,Não somos diferentes,não somos diferentes,Nd'oroîoabyî,True,lowercased
3433,A gente não come carne de caça no dia de jejum,a gente não come carne de caça no dia de jejum,Nd'o'uî asé so'o îekuakuba 'ara pupé,True,lowercased
3434,Aumentaram as riquezas para mim,aumentaram as riquezas para mim,Ono'ong mba'e ixébo,True,lowercased
3435,Esses (mandamentos) estão implícitos nos que dizem como?,esses estão implícitos nos que dizem como?,Marã e'iba'e pupépe aîpoba'e ruî?,True,parentheses_removed | lowercased | whitespace_collapsed
3436,Torrei-o,torrei-o,Asa'embé,True,lowercased
3437,Um prisioneiro fazeis-me sempre libertar,um prisioneiro fazeis-me sempre libertar,Mundepora amõ îepé peîmosemukar ixébe îepi,True,lowercased
3438,Tomamo-lo de ombro a ombro,tomamo-lo de ombro a ombro,Oîoybari orogûar,True,lowercased
3439,Teu costumeiro desejo sensual não se separava verdadeiramente de ti,teu costumeiro desejo sensual não se separava verdadeiramente de ti,Nde poropotarixûera nd'o'ir-etéî nde suí,True,lowercased
3440,Cortei um pedaço dela,cortei um pedaço dela,Aîasy-'ab,True,lowercased
3441,Acariciaste tua namorada com quem brincaste desonestamente?,acariciaste tua namorada com quem brincaste desonestamente?,Ereîmomorangype nde kunhã'yba nde i moîaruagûera?,True,lowercased
3442,gargalo fino (como da cabaça),gargalo fino,anhurĩ,True,parentheses_removed | trimmed
3443,Os homens estão acostumados comigo,os homens estão acostumados comigo,Apŷaba xe pokuá,True,lowercased
3444,Eu estou calombento,eu estou calombento,Xe asur,True,lowercased
3445,Os homens que roubam mulheres,os homens que roubam mulheres,Apŷaba kunhã ri i mondaba'e,True,lowercased
3446,"Que lancemos fora nossa maldade, não acreditando nos pajés","que lancemos fora nossa maldade, não acreditando nos pajés","T'oroîtyk oré poxy, paîé rerobîare'yma",True,lowercased
3447,Aqui estamos alegrando-nos para festejarmos teu dia,aqui estamos alegrando-nos para festejarmos teu dia,Kó oroîkó oronhemborypa nde 'ara momorangápe,True,lowercased
3448,Os beatos e os santos que Deus faz ir consigo para o céu são muitos,os beatos e os santos que deus faz ir consigo para o céu são muitos,Marangatuba'e santos ybakype Tupã remieroîeoîa setá,True,lowercased
3449,"Após acabar este desterro comum, faze a nós vê-lo","após acabar este desterro comum, faze a nós vê-lo",Ikó îope'asagûera syk'iré esepîakukar orébe,True,lowercased
3450,Eis que veio o que me entregará,eis que veio o que me entregará,Aîpó xe me'engarama ruri,True,lowercased
3451,"carreirão, caminho pequeno para quem vai a pé","carreirão, caminho pequeno para quem vai a pé",pé-mirĩ,False,
3452,"Eu sou Guaixará bebedor de cauim, comedor de gente","eu sou guaixará bebedor de cauim, comedor de gente","Gûaîxará kagûara ixé, morûara",True,lowercased
3453,Tu te entristeceste ao alguém tratar bem teu próximo?,tu te entristeceste ao alguém tratar bem teu próximo?,Nde arurupe abá nde rapixara rerekó-katureme?,True,lowercased
3454,Estou dependurado,estou dependurado,Aîasekó,True,lowercased
3455,"saco, teia ou teagem dos miolos","saco, teia ou teagem dos miolos",aputu'ũ-aoba,False,
3456,"O forro que se casou com uma escrava verdadeira, pensando falsamente ""-eis que esta é forra"", não se casou","o forro que se casou com uma escrava verdadeira, pensando falsamente ""-eis que esta é forra"", não se casou","Mbiaûsube'yma mbiaûsubeté resé omendaryba'e ""-miaûsube'yma kó"" o'îaba'upa, n'omendari",True,lowercased
3457,"Vem para lavar minha alma, branqueando-a","vem para lavar minha alma, branqueando-a","Eîori xe 'anga reîa, i motinga",True,lowercased
3458,"o que é líquido, o que é ralo","o que é líquido, o que é ralo",tykuba'e,False,
3459,Que cheire muito bem a palavra de Deus a ele,que cheire muito bem a palavra de deus a ele,Ta syapûãngatu Tupã rekó i xupé,True,lowercased
3460,o doente que está ao teu lado,o doente que está ao teu lado,mba'easybora nde kotypendûara,False,
3461,Ficando a experimentar poções,ficando a experimentar poções,Mosanga ra'ã-ra'anga,True,lowercased
3462,"agora mesmo, agora neste instante","agora mesmo, agora neste instante",ko'yr-y bé,False,
3463,Desceu aonde nós estamos,desceu aonde nós estamos,Ogûeîy îandé rekoápe,True,lowercased
3464,"Quanto mais um caminhante se aflige por um caminho que não conhece, mais deseja logo ver o dia","quanto mais um caminhante se aflige por um caminho que não conhece, mais deseja logo ver o dia","Memeté rakó pé o eminguabe'yma rupi oguataba'e o angekotebẽnamo, korikorinhẽa'ub 'ara repîaki",True,lowercased
3465,O que se compraz em seu sonho mau,o que se compraz em seu sonho mau,O ké-poxy omboryba'e,True,lowercased
3466,"Não abrandam sua raiva, não perdoam","não abrandam sua raiva, não perdoam","N'oîmogûabi o nhemoŷrõ, n'i nhyrõî",True,lowercased
3467,Acalmei-me,acalmei-me,Aîukatu,True,lowercased
3468,À direita de Jesus tu somente estás,à direita de jesus tu somente estás,Îesu 'ekatuápe nde nhõ ereîmbé,True,lowercased
3469,"Sabendo disso, impedirias a transgressão da palavra de Deus","sabendo disso, impedirias a transgressão da palavra de deus","Aîpó kuapamo, ereîmorambûé Tupã nhe'enga abyrambûeramo",True,lowercased
3470,"Brigarão, cuspirão um no outro?","brigarão, cuspirão um no outro?","Omarãmonhangype, oîoendyne?",True,lowercased
3471,Evita ir,evita ir,Eteumẽ esóbo,True,lowercased
3472,As pedras ficaram-se quebrando pelo meio,as pedras ficaram-se quebrando pelo meio,Itá oîeká-îeká oîopyterybo,True,lowercased
3473,De modo algum,de modo algum,-N'asé ruã-tepe o emi'urama oîmonhang? - Aani - Mas não é a gente que faz sua comida?,True,lowercased
3474,Fico andando à toa,fico andando à toa,Agûatá-gûatá tenhẽ,True,lowercased
3475,o que fica aumentando seus pecados,o que fica aumentando seus pecados,o angaîpaba irumõ-rumõsara,False,
3476,Mesmo dando-o à luz sua mãe bondosa estava virgem?,mesmo dando-o à luz sua mãe bondosa estava virgem?,I mbo'a tiruãpe i xy-angaturama rekóû ababykagûere'ymamo?,True,lowercased
3477,Os que assim dizem,os que assim dizem,Nã e'iba'e,True,lowercased
3478,braço de rio,braço de rio,y-akã,False,
3479,o que é (ou deve ser) feito morrer,o que é feito morrer,i momanõmbyra,True,parentheses_removed | whitespace_collapsed
3480,"Como diz alguém, tendo medo da morte, não querendo fazer estar por longo tempo sua falta de confissão?","como diz alguém, tendo medo da morte, não querendo fazer estar por longo tempo sua falta de confissão?",Marã e'ipe abá te'õ suí onheangûabo o nhemombe'ue'yma mokûá-puku potare'yma?,True,lowercased
3481,As que dizem coisas más,as que dizem coisas más,Marã e'îara,True,lowercased
3482,"Quem não saberia ter comido algo bom, esquecendo-se da excelência de seu sabor?","quem não saberia ter comido algo bom, esquecendo-se da excelência de seu sabor?",Abámo mba'e-katu 'uagûera n'oîkuabi xûé sé katûagûera resé o esaraîamo?,True,lowercased
3483,"Atravessam suas mãos, assim como seus pés, sobre a cruz pregando meu Senhor","atravessam suas mãos, assim como seus pés, sobre a cruz pregando meu senhor","Îaîpó-asá-sá i py resebé, krusá sosé nhẽ xe Îara moîá",True,lowercased
3484,Quantas vezes o homem transgride aquele (mandamento) após atrair-se por uma mulher?,quantas vezes o homem transgride aquele após atrair-se por uma mulher?,Mbobype abá aîpoba'e oîaby kunhã resé o nhemomotar'iré?,True,parentheses_removed | lowercased | whitespace_collapsed
3485,Vai-te daqui já!,vai-te daqui já!,Ekûá ké suí ra'a!,True,lowercased
3486,Ele não foi mesquinho antes de tua vinda aqui diante de mim,ele não foi mesquinho antes de tua vinda aqui diante de mim,Na sa'ubi iké xe robaké nde rur'e'ymebé,True,lowercased
3487,"Não acabam os desejos sensuais, a lascívia, as maledicências","não acabam os desejos sensuais, a lascívia, as maledicências","N'opabi moropotara, tesãînana, marã'é",True,lowercased
3488,"Que sejais futuramente os que terão a verdadeira felicidade na nossa terra desejada, no céu","que sejais futuramente os que terão a verdadeira felicidade na nossa terra desejada, no céu","Ta peîkó irã mba'ekatueté rerekoaramo îandé retãpotasápe, ybakype",True,lowercased
3489,Caiu-me uma tormenta,caiu-me uma tormenta,O'ar yaíba ixébo,True,lowercased
3490,doador de nossa vida,doador de nossa vida,îandé rekobé me'engara,False,
3491,Dar de beber aos sedentos,dar de beber aos sedentos,Useîbora mbo'y'u,True,lowercased
3492,Nós somos muitos,nós somos muitos,Oré retá,True,lowercased
3493,Qual outro é conhecedor senão ele?,qual outro é conhecedor senão ele?,Ma'e-kugûapara aé-amẽ ahẽ?,True,lowercased
3494,"Vinde, para vos voltar para Deus, levando-o convosco em vossos corações","vinde, para vos voltar para deus, levando-o convosco em vossos corações","Peîori, pebaka Tupã koty, pe py'a pupé serupa",True,lowercased
3495,Eu tenho bafo fedorento,eu tenho bafo fedorento,Xe ybĩî-rem,True,lowercased
3496,Eu tenho impigem,eu tenho impigem,Xe titing,True,lowercased
3497,Os homens batizados honram este dia,os homens batizados honram este dia,Apŷá-serokypyra kó 'ara oîmoeté,True,lowercased
3498,Não querendo transgredir a boa lei,não querendo transgredir a boa lei,Tekó-katu aby potare'yma,True,lowercased
3499,Que venhas para levar-me para o alto,que venhas para levar-me para o alto,T'ereîu ybaté xe rerasóbo,True,lowercased
3500,Eu me escafedo ao ir,eu me escafedo ao ir,Xe rembykãî gûixóbo,True,lowercased
3501,Bem no teu coração disseste isso?,bem no teu coração disseste isso?,Nde py'ape-katupe aîpó eré?,True,lowercased
3502,Preparando-se para a futura ressurreição do senhor Jesus,preparando-se para a futura ressurreição do senhor jesus,Pa'i Îesus rekobeîebyragûama resé onhemosako'îabo,True,lowercased
3503,Pedindo para nos ajudarem (etim - pela nossa futura ajuda),pedindo para nos ajudarem,Îandé pytybõagûama resé oîerurébo,True,parentheses_removed | lowercased | trimmed
3504,"Tataurana, traze aqui tua muçurana!","tataurana, traze aqui tua muçurana!","Tataûrana, eru ké nde musurana!",True,lowercased
3505,Ali assando-os e comendo-os,ali assando-os e comendo-os,"A'epe i moîypa, i gûabo",True,lowercased
3506,Não o deixes afastar daqui minha morada,não o deixes afastar daqui minha morada,Eseîyî-ukar umẽ iké suí xe retama,True,lowercased
3507,Infamam-me pelas costas,infamam-me pelas costas,Xe kupébo xe mombe'u,True,lowercased
3508,"Passaste as mãos nalguma virilha de mulher, estando enternecido?","passaste as mãos nalguma virilha de mulher, estando enternecido?","Erepo'ẽpe kunhã rapopé amõ pupé, nde akyramo?",True,lowercased
3509,"Fi-lo aos trancos, fi-lo confusamente","fi-lo aos trancos, fi-lo confusamente",Aîapixosok,True,lowercased
3510,"Ao passar a quarta-feira de cinzas sagradas começa o grande jejum, chamado Quaresma","ao passar a quarta-feira de cinzas sagradas começa o grande jejum, chamado quaresma","Quarta-feira tanimbukaraíba rasápe, îekuakupabusu Quaresma 'îaba nheypyrungi",True,lowercased
3511,Mãe de Deus muito bela,mãe de deus muito bela,Tupã sy-porangeté,True,lowercased
3512,"E ao partir muitas vezes o padre a hóstia em pedaços, em cada pedaço Nosso Senhor Jesus Cristo está?","e ao partir muitas vezes o padre a hóstia em pedaços, em cada pedaço nosso senhor jesus cristo está?",A'epe abaré hóstia pese'õ-etá-etáreme i pese'õmbûera îabi'õ Îandé Îara Îesu Cristo rekóû?,True,lowercased
3513,"Grita tu, lamenta-te!","grita tu, lamenta-te!","- Nde rasẽ, eîeapirõ!",True,lowercased
3514,Tu tens namorada?,tu tens namorada?,Nde kunhã'ype?,True,lowercased
3515,dia muito bom,dia muito bom,arangaturam-eté,False,
3516,"Tu te preocupaste com que teu filho, os que estão em tua casa, teus vizinhos ouvissem a missa desde o começo dela?","tu te preocupaste com que teu filho, os que estão em tua casa, teus vizinhos ouvissem a missa desde o começo dela?","Erenhemosaînanype nde ra'yra, nde roka pora nde rambyagûá missa iî ypyrungápe sendubagûama ri?",True,lowercased
3517,"Depois disso, finalmente, volta-se em direção a eles, falando muito terrivelmente","depois disso, finalmente, volta-se em direção a eles, falando muito terrivelmente",A'e roîré ko'yté i koty obaka onhe'eng-abaetéramo,True,lowercased
3518,Não me dá vontade de comer,não me dá vontade de comer,Na xe îuruéî,True,lowercased
3519,"Neste vale, lugar de choro","neste vale, lugar de choro",Ikó ybytygûaîa îasegûaba pupé,True,lowercased
3520,"São João criancinha, ao estar no ventre, ficou saltando","são joão criancinha, ao estar no ventre, ficou saltando","São João pitangĩ, tygépe o endápe opor-oporĩ",True,lowercased
3521,"Ergueu-se com as feridas de suas mãos, de seus pés, de seu flanco?","ergueu-se com as feridas de suas mãos, de seus pés, de seu flanco?","O pó, o py, o yké kutukagûera bépe erimba'e ogûeropu'am?",True,lowercased
3522,"Tu, no paraíso para sempre estás","tu, no paraíso para sempre estás","Endé, Tupã rorypápe aûîeramanhẽ ereîkó",True,lowercased
3523,Não desiste nosso inimigo de sempre nos tentar,não desiste nosso inimigo de sempre nos tentar,N'i apori oré sumarã îepinhẽ oré ra'anga,True,lowercased
3524,Com sabão esfreguei-o,com sabão esfreguei-o,Itayîuîa pupé aîkytyk,True,lowercased
3525,dois ladrões,dois ladrões,mokõî mondabora,False,
3526,Quem são os que rogam por nós a Deus?,quem são os que rogam por nós a deus?,Abá-abápe asé resé Tupã mongetasaramo sekóû?,True,lowercased
3527,Estiraram-no sobre a cruz,estiraram-no sobre a cruz,Oîpysó ybyraîoasaba 'arybo,True,lowercased
3528,Esfreguei-o com cera,esfreguei-o com cera,Aîkytyk iraîty pupé,True,lowercased
3529,animal quadrúpede que não se come,animal quadrúpede que não se come,so'o-aíba,False,
3530,Ainda que somente uma migalha dele a gente come,ainda que somente uma migalha dele a gente come,I kurubipûera anhõte îepé asé o'u,True,lowercased
3531,Eu sou comilão,eu sou comilão,Xe karu,True,lowercased
3532,Compadece-te de nós,compadece-te de nós,Oré raûsubá îepé,True,lowercased
3533,Deixou de estar sua divindade em seu cadáver?,deixou de estar sua divindade em seu cadáver?,Oîkó-po'ipe i tupã se'õmbûera pupé?,True,lowercased
3534,"Não era Pedro, mas, sim, seu irmão","não era pedro, mas, sim, seu irmão","Na Pero ruã, tybyra a'e",True,lowercased
3535,"Os anos passaram muitas vezes, causa de atraso da ida do homem para o céu?","os anos passaram muitas vezes, causa de atraso da ida do homem para o céu?","Okûabetápe erimba'e seîxu, ybakype abá só moabaîpaba?",True,lowercased
3536,"Despiram-no, amarrando-lhe as mãos numa coluna de pedra, fazendo-o estar de pé","despiram-no, amarrando-lhe as mãos numa coluna de pedra, fazendo-o estar de pé","Oîaobok, itá okytá resé i popûá i mo'ama",True,lowercased
3537,"Comeu aquele fruto, causa de morte?","comeu aquele fruto, causa de morte?","O'u nhẽpe a'e 'ybá, tegûama?",True,lowercased
3538,Faço lisonjas ao homem,faço lisonjas ao homem,Anhemokunu'unu'uma'ub abá resé,True,lowercased
3539,"ao longo do dia, todo o dia","ao longo do dia, todo o dia",ara pukuî,False,
3540,Ele é o anjo que encomenda o enforcamento,ele é o anjo que encomenda o enforcamento,"Karaibebé a'e, moroîubyka puaîtara",True,lowercased
3541,"Que sejamos corajosos, sim, suportando as coisas dolorosas","que sejamos corajosos, sim, suportando as coisas dolorosas","T'oré pyatã, angá, mba'e-asy porarábo",True,lowercased
3542,"Muito devagar ele o mata (lit, não se mostra ele finalmente matando-o)",muito devagar ele o mata,Nd'e'i ymûanĩ ahẽ i îukábo,True,parentheses_removed | lowercased | trimmed
3543,palmito de juçara,palmito de juçara,îeîsaru'ã,False,
3544,Digo mal dele,digo mal dele,Aîmombe'uaíb,True,lowercased
3545,Faço-me matar,faço-me matar,Aîeîuká-ukar,True,lowercased
3546,barrancos,barrancos,yby'ã-by'ama,False,
3547,Eu tenho muito pitiú,eu tenho muito pitiú,Xe pyti'ugûasu,True,lowercased
3548,Puxa-o rijamente!,puxa-o rijamente!,Esekyî-atã!,True,lowercased
3549,"Confesso a ti, senhor padre","confesso a ti, senhor padre","Anhemombe'u ndebe, pa'i abaré",True,lowercased
3550,"Cortei o pé dela (isto é, da parreira, da mandioca, etc)",cortei o pé dela,Aî'ybab,True,parentheses_removed | lowercased | trimmed
3551,comida dos anjos,comida dos anjos,apŷabebé remi'u,False,
3552,Lacei a perna dele,lacei a perna dele,Aîpukuîurar,True,lowercased
3553,"filho em gestação, feto","filho em gestação, feto",memby-kyra,False,
3554,Eu tenho diarréia,eu tenho diarréia,Xe rygeaíb,True,lowercased
3555,para fazer passar a hóstia em nossa boca,para fazer passar a hóstia em nossa boca,hóstia mongûapagûama resé asé îuru resé,False,
3556,Senhor Jesus,senhor jesus,Pa'i Îesu,True,lowercased
3557,Não dando para seu dono a coisa sumida que ele achou,não dando para seu dono a coisa sumida que ele achou,Mba'e-kanhema o basemagûera i îara supé i me'enge'yma,True,lowercased
3558,Bem logo nos livremos,bem logo nos livremos,Taûîé-te t'îanhembo'i,True,lowercased
3559,Ficará injuriando seu marido por ele assim proceder?,ficará injuriando seu marido por ele assim proceder?,Oîa'o-îa'ope o mena emonã sekó reséne?,True,lowercased
3560,Picar-me-ia o marigui,picar-me-ia o marigui,- Xe su'umo marigûi,True,lowercased
3561,"Após lançar fora de seu meio os vícios, o homem não os faz voltar consigo para seu meio, dispersando-os","após lançar fora de seu meio os vícios, o homem não os faz voltar consigo para seu meio, dispersando-os","O koty suí mba'epoxy reîtyk'iré, abá nd'ogûeroîebyri o kotype, i mosãîa",True,lowercased
3562,Tocam na cabeça da gente,tocam na cabeça da gente,Opokok asé akanga resé,True,lowercased
3563,"Piscaste para alguma, também?","piscaste para alguma, também?",Eresapumimype amõ supéno?,True,lowercased
3564,"Por sua maldade, todos os homems destrói","por sua maldade, todos os homems destrói","O ekopoxy resé, opabĩ abá mondyki",True,lowercased
3565,Pode o padrinho casar-se com aquele que batiza?,pode o padrinho casar-se com aquele que batiza?,E'ikatupe morerokarûera omendá o emierokûera resé?,True,lowercased
3566,"Tu, em teus braços ergueste Jesus","tu, em teus braços ergueste jesus","Endé, nde îybápe Îesu eresupi",True,lowercased
3567,Soltei as algemas dele,soltei as algemas dele,Aîpopûasá-rab,True,lowercased
3568,Não dormi absolutamente para procurá-los,não dormi absolutamente para procurá-los,N'aker-angáî sekasápe,True,lowercased
3569,Faço-a chocar os ovos,faço-a chocar os ovos,Aîmoîoupi'aerub,True,lowercased
3570,Em que lado porá os que são bons?,em que lado porá os que são bons?,Marangotype i angaturamba'e nongine?,True,lowercased
3571,Cortei um pedaço,cortei um pedaço,Asykûera aîasy'ab,True,lowercased
3572,Eu fui mentiroso dizendo isso,eu fui mentiroso dizendo isso,Xe remo'em aîpó gûi'îabo,True,lowercased
3573,As doenças da alma do homem com ela saram bem,as doenças da alma do homem com ela saram bem,Abá 'anga mara'ara i pupé opûeîrá-katu,True,lowercased
3574,"Em vão eles se esquivam, querendo fazer passar as flechas","em vão eles se esquivam, querendo fazer passar as flechas","E'i tenhẽ onhemoîtỹamo, u'uba mongûá-potá",True,lowercased
3575,A que nos faz viver na virtude,a que nos faz viver na virtude,Tekokatu resé îandé moingoara,True,lowercased
3576,"Eia, roga por nossa virtude!","eia, roga por nossa virtude!",Katunhẽ eîerurébo oré katûagûama ri,True,lowercased
3577,"Eu tenho o andar escarrapachado (isto é, abro muito as pernas ao andar)",eu tenho o andar escarrapachado,Xe atá-îaî,True,parentheses_removed | lowercased | trimmed
3578,Uma criancinha és (ou na condição de uma criancinha estás),uma criancinha és,Pitangĩnamo ereîkó…,True,parentheses_removed | lowercased | trimmed
3579,De meu pesado sono despertando-me,de meu pesado sono despertando-me,Xe keranama mombaka,True,lowercased
3580,os parentes de minha mulher,os parentes de minha mulher,xe ra'ysé,False,
3581,Em terra ele se transformará,em terra ele se transformará,Ybyramo i nhemonhangyne,True,lowercased
3582,Ajuntai-vos todos com eles!,ajuntai-vos todos com eles!,Penheŷnhang pabẽ sesé!,True,lowercased
3583,"É bonita esta igreja, contendo muitos enfeites!","é bonita esta igreja, contendo muitos enfeites!","I porang kó tupãoka, îegûakabetá rerupa!",True,lowercased
3584,"Eu sou o que é antigo, o de tempos atrás","eu sou o que é antigo, o de tempos atrás",Erimba'endûarûera ixé,True,lowercased
3585,"Fazemos oferendas às sepulturas, pondo algumas coisas (nelas)","fazemos oferendas às sepulturas, pondo algumas coisas",Îatyby-poî ma'e amõ nonga,True,parentheses_removed | lowercased | trimmed
3586,Pélo a testa a mim mesma,pélo a testa a mim mesma,Aîobabo'o,True,lowercased
3587,Confortando-se tão somente na virtude,confortando-se tão somente na virtude,Tekokatu resé nhõngatu o apysykamo,True,lowercased
3588,Tu és sempre nosso remédio,tu és sempre nosso remédio,Nde îepi oré posanga,True,lowercased
3589,Eu sou um aleijado,eu sou um aleijado,Xe ate'ẽ,True,lowercased
3590,Irritam completamente as pessoas,irritam completamente as pessoas,Oporoîrarõ mbá,True,lowercased
3591,"Tua alma entregando para o diabo, ele se compraz muito","tua alma entregando para o diabo, ele se compraz muito","Nde 'anga me'enga anhanga pé, oangabó-katu",True,lowercased
3592,Debalde vou,debalde vou,Aûîebé-te asó,True,lowercased
3593,"Mataram, na verdade, a outra pessoa que não aquele assassino","mataram, na verdade, a outra pessoa que não aquele assassino",Ahẽ morapitîarûera taté nhẽ anhẽ ybŷá oîuká,True,lowercased
3594,Eu estaria bem arrumado se o levasse,eu estaria bem arrumado se o levasse,A'emopeé ixé serasó-a'ubi é,True,lowercased
3595,Escondendo ser parente legítimo dela,escondendo ser parente legítimo dela,O mũetéramo sekó kuakupa,True,lowercased
3596,"Olha, arrasamos todos os tupinambás que estavam no Paraguaçu","olha, arrasamos todos os tupinambás que estavam no paraguaçu","Ma'ẽne, tupinambá Paragûasupendarûera opakatu îamombá",True,lowercased
3597,"Vinde, levai os malditos","vinde, levai os malditos","Peîori, perasó muru",True,lowercased
3598,Foi meu pai também,foi meu pai também,Osó xe ruba béno,True,lowercased
3599,Querendo fazer passar as flechas,querendo fazer passar as flechas,U'uba mongûá-potá,True,lowercased
3600,Deito-me,deito-me,Aîepysó,True,lowercased
3601,Ainda bem que todos vós queimareis à uma,ainda bem que todos vós queimareis à uma,Iîamuru opabenhẽ pekaî oîepegûarane,True,lowercased
3602,morcegão voador,morcegão voador,andyragûasu-bebé,False,
3603,O período anterior ao dia dele é dia em que se jejua,o período anterior ao dia dele é dia em que se jejua,I 'ara renondesaba 'ara îekuakupaba,True,lowercased
3604,Toleraste o desejo sensual em direção a ti?,toleraste o desejo sensual em direção a ti?,Eresepîakĩpe îopotara nde kotype?,True,lowercased
3605,Pelei-lhe a testa,pelei-lhe a testa,Asobabo'o,True,lowercased
3606,Ele secou,ele secou,Typab,True,lowercased
3607,ribanceira da terra,ribanceira da terra,yby-esapykanga,False,
3608,Dei-o de graça,dei-o de graça,Aîme'eng tenhẽ,True,lowercased
3609,Coloquei colar nele,coloquei colar nele,Aîpo'y-rung,True,lowercased
3610,Coloquei-me colar,coloquei-me colar,Aîepo'y-rung,True,lowercased
3611,Eu sou redondo,eu sou redondo,Xe amandab,True,lowercased
3612,Dia de guarda e de jejum,dia de guarda e de jejum,"Ara i pîasaba, îekuakupaba",True,lowercased
3613,Fazendo-nos ir para o céu,fazendo-nos ir para o céu,Ybakype îandé sorama monhanga,True,lowercased
3614,Quê? Que é? (respondendo ao que chamou),quê? que é?,Mba'e-pipó?,True,parentheses_removed | lowercased | trimmed
3615,Quantas vezes te confessaste ou comungaste?,quantas vezes te confessaste ou comungaste?,Mobype erenhemombe'u koîpó eretupãar?,True,lowercased
3616,"Eu sou um mísero índio, de fato","eu sou um mísero índio, de fato",Xe abá-aibĩ anhẽ,True,lowercased
3617,Vou para resgatar os índios,vou para resgatar os índios,Asó apŷaba porepŷana,True,lowercased
3618,"Vieram para consolá-lo, confortando-o","vieram para consolá-lo, confortando-o","Our i moapysyka, i motagaypa",True,lowercased
3619,Eu soluço,eu soluço,Xe îeîok,True,lowercased
3620,"Teus pecados estando a aumentar, com efeito","teus pecados estando a aumentar, com efeito",Nde rekomemûã rumõ-rumõmo nhẽ,True,lowercased
3621,Eu tenho cachaço grande,eu tenho cachaço grande,Xe aŷpygûasu,True,lowercased
3622,"Tenhamos, de fato, as coisas boas, apartando-as do que é mau","tenhamos, de fato, as coisas boas, apartando-as do que é mau",Îarekó é rakó mba'e-katu i poxyba'e suí i mouruébo,True,lowercased
3623,Vais em busca de meu pai?,vais em busca de meu pai?,Xe ruba supépe eresó?,True,lowercased
3624,Desvirginaste alguma menina?,desvirginaste alguma menina?,Ereîmombukype kunhataĩ amõ?,True,lowercased
3625,teia de aranha,teia de aranha,nhandu'i-kesaba,False,
3626,Fiquei falando em favor dele,fiquei falando em favor dele,Asepy-sepyk,True,lowercased
3627,É muito má a vontade destas vossas presas,é muito má a vontade destas vossas presas,I angaîpab-eté kó pe rembiá potasaba,True,lowercased
3628,Preparai-vos!,preparai-vos!,Peîemosako'i!,True,lowercased
3629,Quantas vezes a lua desapareceu ou o caju madurou?,quantas vezes a lua desapareceu ou o caju madurou?,Mbobype îasy kanhemi koîpó akaîu 'aîubamo?,True,lowercased
3630,Dei uma cambalhota,dei uma cambalhota,Anheatĩapyr,True,lowercased
3631,"Não te convém o riso, não te fica bem o riso","não te convém o riso, não te fica bem o riso",Na nde arõî nde puká,True,lowercased
3632,Fico fazendo mimos,fico fazendo mimos,Anhemopoîá-poîaî,True,lowercased
3633,"Vela bem por mim, fazendo que não me derrubem","vela bem por mim, fazendo que não me derrubem","Ema'enãngatu xe ri, xe mbo'are'ymuká",True,lowercased
3634,"Mostra-se fixo, está fixo, apresenta-se fixo","mostra-se fixo, está fixo, apresenta-se fixo",Ten e'i,True,lowercased
3635,Hei de levar todos para meu fogo,hei de levar todos para meu fogo,T'arasó pá xe ratápe,True,lowercased
3636,"Apanhei-as (pex, frutas num pano)",apanhei-as,Aîapûapyk,True,parentheses_removed | lowercased | trimmed
3637,"Eu tenho casca (isto é, de ferida prestes a sarar) estalada",eu tenho casca estalada,Xe pé-pok,True,parentheses_removed | lowercased | whitespace_collapsed
3638,"Vieste para te confessar, ó meu filhinho?","vieste para te confessar, ó meu filhinho?","Enhemombegûabo ereîur, xe ra'yrĩ gûé?",True,lowercased
3639,Segura-o por enquanto,segura-o por enquanto,Eîpysyk ranhẽ,True,lowercased
3640,"Veio há pouco por tua causa, adiantando-se aos temiminós","veio há pouco por tua causa, adiantando-se aos temiminós","Oú ramõ nde resé, temiminõ rokesyma",True,lowercased
3641,"Que entres em meu coração, guardando meu interior","que entres em meu coração, guardando meu interior","Xe nhy'ãme t'ereîké, xe py'a moingatûabo",True,lowercased
3642,Não por minha causa sua morte ocorrerá,não por minha causa sua morte ocorrerá,Na xe resé ruã i îukasaba 'arine,True,lowercased
3643,"Por esta aldeia luzir, eu estou junto de vós","por esta aldeia luzir, eu estou junto de vós","Kó taba renyreme, pe pyri nhẽ xe rekóû",True,lowercased
3644,estátua,estátua,abá ra'angaba,False,
3645,Paguei-o,paguei-o,Asepyme'eng,True,lowercased
3646,"Ao comer junto dos seus discípulos, o pão que tomou em suas mãos devolveu-o como seu corpo","ao comer junto dos seus discípulos, o pão que tomou em suas mãos devolveu-o como seu corpo","Gûemimbo'e pyri o karûápe, miapé o pópe gûemiîara i moîebyû gûetéramo",True,lowercased
3647,Mudei minhas palavras,mudei minhas palavras,Asekoabok xe nhe'enga,True,lowercased
3648,Eu sou mau de costume,eu sou mau de costume,Xe memûã îá,True,lowercased
3649,grande folha caída,grande folha caída,sobûerusu,False,
3650,"O que leva aquele que recebe o óleo santo em sua testa (isto é, seu padrinho de crisma) não pode casar-se com ele",o que leva aquele que recebe o óleo santo em sua testa não pode casar-se com ele,O sybápe îandy-karaíba rasara rerasoara nd'e'ikatuî sesé omendá,True,parentheses_removed | lowercased | whitespace_collapsed
3651,Queres que eu te unte com óleo bento?,queres que eu te unte com óleo bento?,Ereîpotápe îandy-karaíba pupé ixé nde pixyba?,True,lowercased
3652,seu senhor,seu senhor,i îara,False,
3653,ferimentos mútuos,ferimentos mútuos,îoapixaba,False,
3654,castrado,castrado,sapi'a'ỹî'okypyra,False,
3655,"Lourenço tostado atou minhas mãos, queimando-me, oprimindo-me","lourenço tostado atou minhas mãos, queimando-me, oprimindo-me","Rorẽ-ka'ẽ xe popûá, xe rapŷabo, xe apypyka",True,lowercased
3656,"Imediatamente, água e seu sangue dele vazaram, escorrendo","imediatamente, água e seu sangue dele vazaram, escorrendo","Aûnhenhẽ 'y sugûy abé i xuí i 'emi, osyryka",True,lowercased
3657,o que é cabeçudo (como o virote),o que é cabeçudo,i akangagûaba'e,True,parentheses_removed | trimmed
3658,"Ah, se eu tivesse ido para o céu!","ah, se eu tivesse ido para o céu!",Asó me'ĩmo ybakype mã!,True,lowercased
3659,Eis que não obedeço a meu pai verdadeiro,eis que não obedeço a meu pai verdadeiro,N'asapîari kó xe rubeté,True,lowercased
3660,O que supõe saber as coisas,o que supõe saber as coisas,I mba'e-kuá-mo'anga'uba'e,True,lowercased
3661,var de chapéu,var de chapéu,akangaó-îepepira,False,
3662,Não omiti nada,não omiti nada,N'aîkuakubi mba'e,True,lowercased
3663,"Por causa da estrela sua guardiã, como indicadora do caminho para eles","por causa da estrela sua guardiã, como indicadora do caminho para eles",Îasytatá serekoarama resé pé 'îaramo i xupé,True,lowercased
3664,sangradouro de rio,sangradouro de rio,y-mombukaba,False,
3665,Não fui de modo algum,não fui de modo algum,N'asó-angáî,True,lowercased
3666,Que fez Deus outrora com nosso pai primeiro por causa de seu proceder assim?,que fez deus outrora com nosso pai primeiro por causa de seu proceder assim?,Marãpe erimba'e Tupã îandé rubypy rerekóû emonã sekoagûera ri?,True,lowercased
3667,Eu não tenho resistência,eu não tenho resistência,Na xe rosangi,True,lowercased
3668,"É formosa, certamente, a lua, vindo com sua grande face","é formosa, certamente, a lua, vindo com sua grande face","Î aysó, nipó, îasy, og obagûasu reru",True,lowercased
3669,"Haveis de bem recobrar o fôlego no futuro, após vos cansardes","haveis de bem recobrar o fôlego no futuro, após vos cansardes",Ta pe putu'ẽngatuté irã pe îemokane'õ ré,True,lowercased
3670,"Se meter a mão neste nosso fogo é terrível, quanto mais ali","se meter a mão neste nosso fogo é terrível, quanto mais ali","Ikó îandé ratá pupé asé po'ema biã iî abaeté, memetaé a'epe",True,lowercased
3671,"Transgridem, certamente, algumas vezes, somente","transgridem, certamente, algumas vezes, somente",Oîaby ipó amõme é,True,lowercased
3672,"mingau grosso, massa (que se punha sobre queijo, manjar branco, etc)","mingau grosso, massa",apytaîyka,True,parentheses_removed | trimmed
3673,Trazei também o tacape!,trazei também o tacape!,Ingapema bé peru!,True,lowercased
3674,Mostrai bem o que é essa Santíssima Trindade,mostrai bem o que é essa santíssima trindade,Peîmoîekuakatu aîpó Santíssima Trindade rekó,True,lowercased
3675,o que se defronta com a morte,o que se defronta com a morte,Tegûama porarasara,False,
3676,Digo isso com razão,digo isso com razão,Supi aîpó a'é,True,lowercased
3677,"Este mundo é a terra prometida dos animais quadrúpedes, dos peixes e dos pássaros","este mundo é a terra prometida dos animais quadrúpedes, dos peixes e dos pássaros","So'o, pirá, gûyrá retãme'engaba é ikó 'ara",True,lowercased
3678,Capim às pressas colocando,capim às pressas colocando,Kapi'ĩ anhẽ rerupa,True,lowercased
3679,Por acaso arrancaram sua roupa?,por acaso arrancaram sua roupa?,Oîaobok serã gûá?,True,lowercased
3680,Eu estava ainda cansado,eu estava ainda cansado,Xe pûeraî mbyté,True,lowercased
3681,"Portanto, corrige-te logo, antes que a morte te surpreenda","portanto, corrige-te logo, antes que a morte te surpreenda","Emonãnamo enhenonhen esapy'a, te'õ nde resapy'a e'ymebé",True,lowercased
3682,"Procedo bem, tendo a intenção de ir para o céu","procedo bem, tendo a intenção de ir para o céu",Aîkó-katu t'asóne ybakype ûi'îabo,True,lowercased
3683,Os guardadores de cabra querem visitar seu Senhor,os guardadores de cabra querem visitar seu senhor,Sygûasumé rerekoara oîosu-potá o îara,True,lowercased
3684,"Ficando a esperar ansiosamente a morte (Ar, Cat, 158v) Korikorinhẽa'ub 'ara repîaki, i moanhẽmo - Deseja logo ver o dia, ficando ansioso por ele","ficando a esperar ansiosamente a morte korikorinhẽa'ub 'ara repîaki, i moanhẽmo - deseja logo ver o dia, ficando ansioso por ele",Te'õ moanhẽ-anhẽmo,True,parentheses_removed | lowercased | whitespace_collapsed
3685,homem muito entendido,homem muito entendido,abá-tekokugûá-katu,False,
3686,"Depois disso, o cauim transbordante nas igaçabas atrai-os","depois disso, o cauim transbordante nas igaçabas atrai-os","Ygasápe kaûĩ-tuîa, a'e ré, îamomotá",True,lowercased
3687,Por que o coloca nos nossos pés?,por que o coloca nos nossos pés?,Mba'erama resépe i nongi asé pype?,True,lowercased
3688,"Eis que também minhas presas hei de dar algumas para ti, para que quebres suas cabeças","eis que também minhas presas hei de dar algumas para ti, para que quebres suas cabeças","Kobé xe rembiaretá t'ame'ẽne amõ endébo, i akanga t'ereîoká",True,lowercased
3689,"Sobre grelhas de moquear, de ferro, assaram-no","sobre grelhas de moquear, de ferro, assaram-no",Moka'ẽ itá îurá 'arybo sesyri,True,lowercased
3690,enxada de ferro,enxada de ferro,itá-syra,False,
3691,Que será que a gente detestará?,que será que a gente detestará?,Mba'epe asé ogûeroŷrõ ra'ene?,True,lowercased
3692,Eh! Onde ele está?,eh! onde ele está?,Tó! Mamõpe ahẽ rekóû?,True,lowercased
3693,Crês que o pajé ruim é o que tem o dom dos prodígios?,crês que o pajé ruim é o que tem o dom dos prodígios?,Ererobîápe paîé-aíba mosangyîaramo sekó?,True,lowercased
3694,"Hei de ir junto de ti, hoje, para comer aqueles reis","hei de ir junto de ti, hoje, para comer aqueles reis","T'asó nde pyri, kori, aîpó tubixaba gûabo",True,lowercased
3695,Observei-o,observei-o,Asepîakatu,True,lowercased
3696,"Como um pobre, tomou a casa dos animais de criação como sua pousada","como um pobre, tomou a casa dos animais de criação como sua pousada",Mba'eîare'yma îabé so'o mimbaba roka ogûâr og upabamo,True,lowercased
3697,Untei as penas nele,untei as penas nele,Asá-mongy,True,lowercased
3698,"Taquari e Tapera, que está diante dela, acreditam em mim","taquari e tapera, que está diante dela, acreditam em mim","Takûary, sobaîygûara, Tapera, xe rerobîá",True,lowercased
3699,"Mostra-se com firmeza, está fixo","mostra-se com firmeza, está fixo",Ten e'i,True,lowercased
3700,Tu tiveste palavras muito resmungonas?,tu tiveste palavras muito resmungonas?,Nde nhe'ẽ-kuru-kurukype?,True,lowercased
3701,Que não deixem de crer em mim,que não deixem de crer em mim,Ta xe rerobîapo'ir umẽ,True,lowercased
3702,Havemos de nos ajudar um ao outro para criarmos nossos filhos,havemos de nos ajudar um ao outro para criarmos nossos filhos,T'oroîopytybõne oré poromonhangagûera mongakuapa,True,lowercased
3703,Contar aos homens a futura felicidade deles,contar aos homens a futura felicidade deles,Abá supé sekokatusagûama mombe'u,True,lowercased
3704,Os que não são escondidos perdoa bem a eles,os que não são escondidos perdoa bem a eles,I kuakubypyre'yma i nhyrõngatu i xupé,True,lowercased
3705,"Está molestando as pessoas, ficando a confundir as aldeias","está molestando as pessoas, ficando a confundir as aldeias",Oporomoaîu oîkóbo taba moapaîugûá-îugûabo,True,lowercased
3706,"Imaginai, ó meus filhinhos, imaginai que estais deitados em vossa morte","imaginai, ó meus filhinhos, imaginai que estais deitados em vossa morte","Peîmo'ang ra'u xe ra'yrĩ gûé, peîmo'ang pe re'õ pupé pe ruba",True,lowercased
3707,Tirei faísca dele,tirei faísca dele,Aîmoendyîab,True,lowercased
3708,"Dormes, Guaixará?","dormes, guaixará?","Ereképe, Gûaîxará?",True,lowercased
3709,Fazendo-os levantar imediatamente,fazendo-os levantar imediatamente,I mopu'ama kûeîeténe,True,lowercased
3710,"Se o sol faz as pessoas terem muita sede, tanto mais estando no fogo as pessoas desejam beber","se o sol faz as pessoas terem muita sede, tanto mais estando no fogo as pessoas desejam beber","Kûarasy abiã oporomo'y'useî-eté, memetaé tatápe oína abá o'useî-etéramo",True,lowercased
3711,Meu quinhão és tu!,meu quinhão és tu!,Xe potaba nde!,True,lowercased
3712,Chego-me ao fogo,chego-me ao fogo,Arobyk tatá,True,lowercased
3713,Que estejam os chefes e os moçacaras junto a mim,que estejam os chefes e os moçacaras junto a mim,"Morubixá, mosakara, t'e'i ixébo!",True,lowercased
3714,Tragamo-lo!,tragamo-lo!,T'iru! ou Iru!,True,lowercased
3715,Eu também danço com meus parentes,eu também danço com meus parentes,Xe abé xe anametá aroporaseî,True,lowercased
3716,Movi-o,movi-o,Aîmomỹî,True,lowercased
3717,Peço a Deus por minha virtude,peço a deus por minha virtude,Aîeruré Tupã supé xe angaturãgûama resé,True,lowercased
3718,quando ele diz algo acerca do bem proceder de nossa alma,quando ele diz algo acerca do bem proceder de nossa alma,asé 'anga tekokaturama resé marã i 'ereme,False,
3719,"São maus estes teus servos, não me tratam bem","são maus estes teus servos, não me tratam bem","I angaîpá kó nde boîá, na xe rerekó-katuî",True,lowercased
3720,No ventre de uma moça gerando-se como uma criança,no ventre de uma moça gerando-se como uma criança,Kunhãmuku rygépe pitangamo onhemonhanga,True,lowercased
3721,"Muito bem, eis que aqui estou, trazendo para ti estes siris","muito bem, eis que aqui estou, trazendo para ti estes siris","Auîebeté kó aîkó, ndébo ko siri reru",True,lowercased
3722,Nado,nado,A'ytab,True,lowercased
3723,Eu sou covarde,eu sou covarde,Xe abang,True,lowercased
3724,Foram de novo alguns soldados para quebrar as pernas daqueles dois ladrões,foram de novo alguns soldados para quebrar as pernas daqueles dois ladrões,Osó bé amõ maranaritekoara a'e mokõî mondá retymã mopena,True,lowercased
3725,"Com cravos espetando suas mãos, pregando-as","com cravos espetando suas mãos, pregando-as","Itapygûá pupé i pó kutuka, i moîá",True,lowercased
3726,Encalhei a canoa,encalhei a canoa,Aîmoîar ygara,True,lowercased
3727,Onde deixou os outros?,onde deixou os outros?,Umãmepe amoaé reîari?,True,lowercased
3728,Roí-o,roí-o,Aîakarãî,True,lowercased
3729,"Eu estou cansado, eu estou com sono!","eu estou cansado, eu estou com sono!","Xe pûeraî, xe ropesyî!",True,lowercased
3730,Nem por isso se importa com o resgate de seus antigos pecados,nem por isso se importa com o resgate de seus antigos pecados,Ndaeroîaî o ekoangaîpagûera repyme'engagûama resé o putupabamo,True,lowercased
3731,Tiveste relações com uma virgem também?,tiveste relações com uma virgem também?,Ereîkópe kûare'ymano resé?,True,lowercased
3732,É um modo de assustar o diabo,é um modo de assustar o diabo,Anhanga mosykyîaba,True,lowercased
3733,Sobram-te galinhas e porcos,sobram-te galinhas e porcos,"Nde resemõ arinhama, taîasu",True,lowercased
3734,Não o teríamos trazido a ti se ele não tivesse pecado,não o teríamos trazido a ti se ele não tivesse pecado,N'orogûeruri xûémo ndebe i angaîpabe'ỹmemo,True,lowercased
3735,Eu sou aleijado,eu sou aleijado,Xe apar,True,lowercased
3736,O jejum difere de não comer carne,o jejum difere de não comer carne,Îekuakuba oîkoé so'o gûabe'yma suí,True,lowercased
3737,Ai! Por acaso é o Lourenço tostado?,ai! por acaso é o lourenço tostado?,Kaî! Rorẽ-ka'ẽ-piã?,True,lowercased
3738,Lançaste algum menino sobre ti por desejo sensual?,lançaste algum menino sobre ti por desejo sensual?,Ereîtykype kunumĩ amõ nde 'arybo moropotara suí?,True,lowercased
3739,Ocupa-me tu,ocupa-me tu,Xe pûaî îepé,True,lowercased
3740,a que mata seu marido,a que mata seu marido,o mena îukasara,False,
3741,Eu sou grosseirão,eu sou grosseirão,Xe aíbusu,True,lowercased
3742,Uniu-se a nós,uniu-se a nós,Îandé ri oîese'a,True,lowercased
3743,Que tenhais medo disso,que tenhais medo disso,Ta pesykyîé ianga suí,True,lowercased
3744,Tu tens polução?,tu tens polução?,Nde purepukype?,True,lowercased
3745,"Roga a Deus por nós, os que somos pecadores","roga a deus por nós, os que somos pecadores",Etupãmongetá oré i angaîpaba'e resé,True,lowercased
3746,Como Deus fará com os que os cumprem?,como deus fará com os que os cumprem?,Marãpe Tupã i moposara rerekóûne?,True,lowercased
3747,Assim dizem sempre,assim dizem sempre,Nã e'i memẽ îepi,True,lowercased
3748,"Ataquemo-los, prendamo-los antes que se consolem","ataquemo-los, prendamo-los antes que se consolem","Îasepenhan, îaîpysyk i apysyk' e'ymebé",True,lowercased
3749,Afirmamos que isso é o que deve ser festejado,afirmamos que isso é o que deve ser festejado,Îaîmombe'u aîpó i momorangymbyra,True,lowercased
3750,Vamos ver se vem!,vamos ver se vem!,Tera'umo ou!,True,lowercased
3751,Basta! Não me despertes!,basta! não me despertes!,Aûîé! Teumẽ xe mombaka!,True,lowercased
3752,"Vêm em vão para me afastar os ditos ""padres""","vêm em vão para me afastar os ditos ""padres""","Oú tenhẽ xe pe'abo ""abaré"" 'îaba",True,lowercased
3753,Por quantas coisas a gente pede?,por quantas coisas a gente pede?,Mboby mba'e resépe asé îeruréû?,True,lowercased
3754,Que habitante do mundo há como tu?,que habitante do mundo há como tu?,Abápe 'ara pora oîkó nde îabé?,True,lowercased
3755,Então também as almas de todos os que morreram virão quando forem chamadas,então também as almas de todos os que morreram virão quando forem chamadas,A'ereme bé opá omanõba'epûera 'angûera ruri o enõîndápe,True,lowercased
3756,Com água nos molham a cabeça,com água nos molham a cabeça,Y pupé asé 'apiramõû,True,lowercased
3757,Cortei-lhe o prepúcio,cortei-lhe o prepúcio,Aî'amopikytĩ,True,lowercased
3758,"É aparência, somente, este mundo falso","é aparência, somente, este mundo falso",A'uba nhote ikó 'ara'uba,True,lowercased
3759,Nem sequer um só homem pode livrar-se da morte,nem sequer um só homem pode livrar-se da morte,Oîepé tiruã abá nd'e'ikatuî oîepysyrõmo te'õ suí,True,lowercased
3760,Percebendo que a morte sucederia a si,percebendo que a morte sucederia a si,O îoesé te'õ 'aragûama andupa,True,lowercased
3761,Meu senhor vos mata,meu senhor vos mata,Pe îuká xe îara,True,lowercased
3762,Imitaste os homens maus?,imitaste os homens maus?,Eresa'angype abá-memûã?,True,lowercased
3763,"Importuna-me bem, irritando-me muitíssimo, aquela lei nova","importuna-me bem, irritando-me muitíssimo, aquela lei nova","Xe moaîu-marangatu, xe moŷrõetekatûabo, aîpó tekó-pysasu",True,lowercased
3764,Esse é o que eu flechei?,esse é o que eu flechei?,Akó xe remiybõmbûera?,True,lowercased
3765,Onde ele mora?,onde ele mora?,Umãmepe sekóû?,True,lowercased
3766,curral dos porcos,curral dos porcos,taîasu rokaîa,False,
3767,"Eu estava-me, mesmo, esquecendo e não querendo omiti-lo","eu estava-me, mesmo, esquecendo e não querendo omiti-lo","Xe resaraî é gûitekóbo, n'aseîá-potá ruã!",True,lowercased
3768,lembrando nós,lembrando nós,îandé ma'enduaramo,False,
3769,Bebendo cauim só o suficiente,bebendo cauim só o suficiente,Oîakatu nhote okagûabo-eté,True,lowercased
3770,"raiz fedorenta, SAPOREMA, doença que ataca as plantas","raiz fedorenta, saporema, doença que ataca as plantas",sapó-rema,True,lowercased
3771,"Hei de frequentar Ibioca, revirarei também Itaoca e, enfim, Jupaoguaó","hei de frequentar ibioca, revirarei também itaoca e, enfim, jupaoguaó","Ybyoka asapekóne, Itaoka abé aîpobu, rumby, Îupaogûaóne",True,lowercased
3772,Reprimir o desejo de coisas más,reprimir o desejo de coisas más,Mba'e-aí-potara renonhena,True,lowercased
3773,coisa mirrada ou muito seca,coisa mirrada ou muito seca,tining-atã,False,
3774,"Ele estava nu, cobrindo-o sua própria mãe com seu véu","ele estava nu, cobrindo-o sua própria mãe com seu véu","I katupenhẽ, i xy aé ipó opîá o akangaobĩ pupé",True,lowercased
3775,filhote de cão,filhote de cão,îagûara'yra,False,
3776,Muito bem! Que venha!,muito bem! que venha!,Aûîebeté! T'oú!,True,lowercased
3777,Arranca de minha casa a poeira dos pés,arranca de minha casa a poeira dos pés,Eîpy-tybyrok xe roka,True,lowercased
3778,Não sei se morrerei nesta noite que surgirá,não sei se morrerei nesta noite que surgirá,N'aîkuabi ikó pytuna o'aba'erama pupé xe re'õnama,True,lowercased
3779,"Fugiram dele, deixando-o","fugiram dele, deixando-o","Oîabab i xuí, seîá",True,lowercased
3780,Os homens reconheceram-no como Deus verdadeiro?,os homens reconheceram-no como deus verdadeiro?,Abá Tupãetéramo sekokuabi?,True,lowercased
3781,Ele sempre vai,ele sempre vai,Memẽ nhẽ i xóû îepi,True,lowercased
3782,Tinjo as pernas,tinjo as pernas,Aîpitupuku,True,lowercased
3783,Vem para derrotar meus inimigos,vem para derrotar meus inimigos,Eîori xe sumarã reîtyka,True,lowercased
3784,Ele tomou os traços dos olhos de seu pai,ele tomou os traços dos olhos de seu pai,Og uba resá ahẽ ogûar,True,lowercased
3785,Pelo chão também escorreu seu sangue?,pelo chão também escorreu seu sangue?,Yby rupi bépe sugûy syryki?,True,lowercased
3786,muito longe,muito longe,apûé-katu,False,
3787,Muitíssimas coisas más eles acharão,muitíssimas coisas más eles acharão,Mba'e-memûãngatupabẽ resé i îekosubyne,True,lowercased
3788,Dificultando a primeira menstruação,dificultando a primeira menstruação,Nhemondîara mo'ybatatãmo,True,lowercased
3789,Qual é a causa da sujeira de nossa alma?,qual é a causa da sujeira de nossa alma?,Mba'epe asé 'anga ky'asabamo?,True,lowercased
3790,Bem feito que adoeceu!,bem feito que adoeceu!,Iîá omba'easyramo!,True,lowercased
3791,"estrutura de cume, cumieira","estrutura de cume, cumieira",apyrytá,False,
3792,Filhos de quem eram esses?!,filhos de quem eram esses?!,Abá ra'yrape ûĩ?!,True,lowercased
3793,Que habitante do mundo há como tu?,que habitante do mundo há como tu?,Abápe 'ara pora oîkó nde îabé?,True,lowercased
3794,Mas são eles os que mandam fazer cauim,mas são eles os que mandam fazer cauim,A'e-te kaûĩ pûaîtara,True,lowercased
3795,Enfim de volta!,enfim de volta!,Irõ bé!,True,lowercased
3796,Esse homem e sua esposa gastaram todas as suas riquezas,esse homem e sua esposa gastaram todas as suas riquezas,Kó abá semirekó abé opá o mba'e mombabi,True,lowercased
3797,Estou,estou,Aîmẽ,True,lowercased
3798,Para bem pagarmos nós a transgressão da palavra de Deus,para bem pagarmos nós a transgressão da palavra de deus,Tupã nhe'engabŷagûera îandé i moepykatûagûama resé,True,lowercased
3799,Trouxe todos (ou Trouxe tudo),trouxe todos,Aru-pab,True,parentheses_removed | lowercased | trimmed
3800,Vamos ao seu caminho,vamos ao seu caminho,T'îasó sapépe,True,lowercased
3801,Mas não iríamos para o céu se ele não morresse?,mas não iríamos para o céu se ele não morresse?,Nd'îasóî xûé-tepemo ybakype se'õe'ỹmemo?,True,lowercased
3802,Como sem ti,como sem ti,Amba'e-'u nde suí,True,lowercased
3803,Não havia nenhuma pessoa que se compadecesse dele?,não havia nenhuma pessoa que se compadecesse dele?,Nd'oîkóîpe abá amõ i poreaûsuberekosaramo?,True,lowercased
3804,"Ah, oxalá esconda eu as boas coisas dele","ah, oxalá esconda eu as boas coisas dele",Anhomim temõ i mba'e-katu mã!,True,lowercased
3805,As criancinhas também têm somente o pecado de nosso pai primeiro,as criancinhas também têm somente o pecado de nosso pai primeiro,Pitangĩ abé îandé rubypy angaîpaba nhõ ogûerekó,True,lowercased
3806,Eu tenho fôlego comprido,eu tenho fôlego comprido,Xe pytu-muku,True,lowercased
3807,Com algum neto seu não pode ninguém se casar,com algum neto seu não pode ninguém se casar,O emiarirõ amõ resé nd'e'ikatuî abá omendá,True,lowercased
3808,Eu sou amarelo,eu sou amarelo,I îub - Ele é amarelo Xe îub,True,lowercased
3809,Que ele fique dentro de vós como fica com seu estado de feto no ventre de sua mãe,que ele fique dentro de vós como fica com seu estado de feto no ventre de sua mãe,"O sy rygépe o pitanga reropytá îabé, t'opytá pe pupé",True,lowercased
3810,"Era bela, outrora, Miaí, minha antiga região","era bela, outrora, miaí, minha antiga região","I porang, erimba'e, Mia'y, xe retãmbûera",True,lowercased
3811,Oxalá não fosse eu,oxalá não fosse eu,Na xe ruã-eté ikó mã,True,lowercased
3812,"Outrora, passando por cima dela, eu fui causa de te fazer agir","outrora, passando por cima dela, eu fui causa de te fazer agir","Akûeîme, i apyrasapa, xe nde moingosaba é",True,lowercased
3813,"Em tuas mãos sentando-se, vai o menino, consolando-te","em tuas mãos sentando-se, vai o menino, consolando-te","Nde pópe ogûapyka, osó kunumĩ nde moapysyka",True,lowercased
3814,"Verdadeira estância de Deus, filha de Deus","verdadeira estância de deus, filha de deus","Tupã rendabeté, Tupã raîyra",True,lowercased
3815,Fazendo nosso pai primeiro casar com nossa mãe primeira,fazendo nosso pai primeiro casar com nossa mãe primeira,Îandé rubypy momendá îandé sy-ypy resé,True,lowercased
3816,És um nenenzinho,és um nenenzinho,Pitangĩnamo ereîkó,True,lowercased
3817,Caí doente,caí doente,Xe mba'easy-'ar,True,lowercased
3818,Cobrindo-o com seu véu,cobrindo-o com seu véu,Opîá o akangaobĩ pupé,True,lowercased
3819,Eu estou úmido,eu estou úmido,Xe ryby'y,True,lowercased
3820,Feriste alguém também?,feriste alguém também?,Ereî'apixabype amõno?,True,lowercased
3821,Em seu ventre Deus tomou seu próprio corpo,em seu ventre deus tomou seu próprio corpo,Sygépe o eterama Tupã tari,True,lowercased
3822,Desencontramo-nos,desencontramo-nos,Oroîopynekûab,True,lowercased
3823,"Ah, beliscar-me-á hoje!","ah, beliscar-me-á hoje!","Xe pixã korine, mã!",True,lowercased
3824,Nem me cruzei as palmas das mãos,nem me cruzei as palmas das mãos,N'aîasabi pó-pytera,True,lowercased
3825,Eu estou ricamente vestido de roupas,eu estou ricamente vestido de roupas,Xe aó-mondé-matueté,True,lowercased
3826,Confessa bem a nós que és o filho de Deus,confessa bem a nós que és o filho de deus,Eîmombe'u-katu Tupã ra'yramo nde rekó orébe,True,lowercased
3827,"Verdadeiramente, eis aqui teu caminho, o que tu procuras","verdadeiramente, eis aqui teu caminho, o que tu procuras","Anheté, kó nde rapé, a'e nde remiekara",True,lowercased
3828,"De costume, eu não ando a estas horas","de costume, eu não ando a estas horas",Sekoabanhẽ nãnyme xe gûatae'ym,True,lowercased
3829,Mas eis que minha alma não está aflita,mas eis que minha alma não está aflita,Xe 'anga-t'iã n'i marani,True,lowercased
3830,Para onde a multidão numerosíssima levou Nosso Senhor da casa de Caifás após o amanhecer?,para onde a multidão numerosíssima levou nosso senhor da casa de caifás após o amanhecer?,Mamõpe erimba'e te'yî-katupabẽ Îandé Îara rerasóû Kaiphás roka suí ko'em'iré?,True,lowercased
3831,o que é temido,o que é temido,iî abaeteba'e,False,
3832,Como disse Nosso Senhor para o que esbofeteou seu rosto?,como disse nosso senhor para o que esbofeteou seu rosto?,Marã e'ipe Îandé Îara og obá petekarûera supé?,True,lowercased
3833,Eu manquejo,eu manquejo,Xe parĩ,True,lowercased
3834,Não estou acostumado,não estou acostumado,N'abîari,True,lowercased
3835,"Para uma grande escuridão, na verdade, iriam","para uma grande escuridão, na verdade, iriam",Pytunusupe émo i xóûmo,True,lowercased
3836,Fiz todos os jejuns,fiz todos os jejuns,Aîá pá îekuakuba,True,lowercased
3837,"Esse somente é, de fato, teu nome?","esse somente é, de fato, teu nome?",Aîpó nhõ-pipó nde rera?,True,lowercased
3838,Então já estava São João Batista no ventre de sua mãe,então já estava são joão batista no ventre de sua mãe,A'ereme oín uman São João Batista o sy rygépe,True,lowercased
3839,"Ah, mas como me importuna o fedor dele!","ah, mas como me importuna o fedor dele!",Xe moaîu-te i nema mã!,True,lowercased
3840,Acendemos o fogo,acendemos o fogo,Tatá îaîmondyk,True,lowercased
3841,Eu sou mestre,eu sou mestre,Morombo'esara ixé,True,lowercased
3842,Queres comer farinha puba?,queres comer farinha puba?,Ereî'useîpe u'i-puba?,True,lowercased
3843,"Mas quem, outrora, como vossas coisas os índios deu?","mas quem, outrora, como vossas coisas os índios deu?","Abá-tepe, erimba'e, pe mba'erama resé apŷaba me'enga'ubi?",True,lowercased
3844,Ameaçaste alguém?,ameaçaste alguém?,Ereîmomburupe amõ?,True,lowercased
3845,Ficando a aumentar teu temor também,ficando a aumentar teu temor também,Nde nheangûaba bé irumõ-rumõmo,True,lowercased
3846,vida eterna,vida eterna,tekobé-apyrasye'yma,False,
3847,Eu sou novo,eu sou novo,Xe pysasu,True,lowercased
3848,Ele conosco caminharia,ele conosco caminharia,A'emo îandé resé i atarimo,True,lowercased
3849,"Se alguém escondesse os atos passados uma só vez, Deus não perdoaria","se alguém escondesse os atos passados uma só vez, deus não perdoaria","Oîkuakumo amõ abá tekopûera oîepé'ĩ nhõmo, Tupana n'i nhyrõî xómo",True,lowercased
3850,"É, totalmente, uma comida de morte","é, totalmente, uma comida de morte",Te'õ remi'u pabẽ,True,lowercased
3851,Meu senhor!,meu senhor!,Xe 'a!,True,lowercased
3852,A mãe de Deus está sabendo todas as coisas,a mãe de deus está sabendo todas as coisas,Tupã sy opabenhẽ mba'e oîkuab oîkóbo,True,lowercased
3853,"Elas, certamente, são más","elas, certamente, são más","A'e, rakó, i angaîpá",True,lowercased
3854,Eu tenho usagre,eu tenho usagre,Xe 'apiraíb,True,lowercased
3855,Encolho-me,encolho-me,Aîeapûapyk,True,lowercased
3856,Arruinei a todos,arruinei a todos,Aîmomoxy pabenhẽ,True,lowercased
3857,vencedora,vencedora,moroîtykara,False,
3858,Haveria de morrer certamente a criança de mim após eu querer comer caça,haveria de morrer certamente a criança de mim após eu querer comer caça,Omanõ îepémo pitanga xe suí ixé so'o 'useî tenhẽ roîrémo re'ĩ,True,lowercased
3859,Bocejei,bocejei,Aîeîurupirar,True,lowercased
3860,Ouvindo missa nos dias que devem ser honrados,ouvindo missa nos dias que devem ser honrados,Ara i momba'etepyra pupé missa rendupa,True,lowercased
3861,Onde (está) Tatapitera? Onde (está) Caumondá?,onde tatapitera? onde caumondá?,Umãpe Tatapytera? Umãpe Ka'umondá?,True,parentheses_removed | lowercased | whitespace_collapsed
3862,"Parti dele, para que não vos corte em pedaços!","parti dele, para que não vos corte em pedaços!","Pepo'i i xuí, aîpó n'opoasyk-asykabi",True,lowercased
3863,"daí, desse lugar (em que estás)","daí, desse lugar",eboûĩ suí,True,parentheses_removed | trimmed
3864,"Por que a gente em sua boca a assinala também (isto é, a cruz)?",por que a gente em sua boca a assinala também ?,Marãnamope asé o îurupe sa'angino?,True,parentheses_removed | lowercased
3865,"Talvez seja o anjo, guardião verdadeiro desta aldeia","talvez seja o anjo, guardião verdadeiro desta aldeia","-Karaibebé serã, kó taba rarõaneté",True,lowercased
3866,"Arruinei a todos, fazendo-os roubar também","arruinei a todos, fazendo-os roubar também","Aîmomoxy pabenhẽ, i momondarõmo bé",True,lowercased
3867,Eu estou amontoado,eu estou amontoado,Xe rapûá,True,lowercased
3868,Levo-o junto de mim,levo-o junto de mim,Arasó xe apyri,True,lowercased
3869,"Fico à espera dele, fico no caminho dele","fico à espera dele, fico no caminho dele",Aîpiarõ,True,lowercased
3870,"Pensai que, algum dia, a morte virá mesmo para bater em vossas portas, surpreendendo-vos","pensai que, algum dia, a morte virá mesmo para bater em vossas portas, surpreendendo-vos",Penheangerekó amõ 'ara pupé te'õ pe rokena motaka turagûama resé é pe pokosupa,True,lowercased
3871,Eu tenho o interior das pálpebras trêmulo,eu tenho o interior das pálpebras trêmulo,Xe ropé-py-sysyî,True,lowercased
3872,um pouco mais para cá,um pouco mais para cá,kybõ-ngoty-pyryb,False,
3873,Que aumenteis o amor a Deus neste mundo,que aumenteis o amor a deus neste mundo,Ikó 'ara pupé Tupã raûsubagûera ta pemoîoapyr,True,lowercased
3874,"Por amar muito vossas almas, como seus discípulos vos tomaram","por amar muito vossas almas, como seus discípulos vos tomaram","Pe 'anga raûsukatûápe, o boîáramo pe rari",True,lowercased
3875,"Revelou-se a eles somente, alegrando-os","revelou-se a eles somente, alegrando-os",Oîepîakukar i xupé nhõ i moesãîa,True,lowercased
3876,Hoje mesmo hei de te fazer ir,hoje mesmo hei de te fazer ir,Kori é t'oromondóne,True,lowercased
3877,Santa Maria é o seu nome,santa maria é o seu nome,"""Santa Maria"" sera",True,lowercased
3878,"Como os soldados que o agarravam trataram-no, então?","como os soldados que o agarravam trataram-no, então?",Marãpe gûarinĩetá i pysykara serekóû a'ereme?,True,lowercased
3879,Este é o máximo,este é o máximo,Kó-tene i îaeté,True,lowercased
3880,Fiquei-o esfregando com gordura,fiquei-o esfregando com gordura,Aîkyty-kytyk mba'e-kagûera pupé,True,lowercased
3881,Trouxeste teu fumo?,trouxeste teu fumo?,Ererupe nde petyma?,True,lowercased
3882,"pele esfolada, fora da carne","pele esfolada, fora da carne",pirûera,False,
3883,"Ao lado uns dos outros seus cadáveres estavam, ao longo do mar","ao lado uns dos outros seus cadáveres estavam, ao longo do mar",O îoybyri se'õmbûera paranã ybyri i kûáî,True,lowercased
3884,Segundo a vontade de Deus,segundo a vontade de deus,Tupã remimotara rupi,True,lowercased
3885,"O laço está quedo O pássaro é que vai dentro dele, caindo","o laço está quedo o pássaro é que vai dentro dele, caindo","Îusana oĩ nhote Gûyrá aé osó i pupé, o'á",True,lowercased
3886,licor de mangaba,licor de mangaba,mangaby,False,
3887,Ele passou diante de Ilhéus,ele passou diante de ilhéus,Nhoesembé robabo i kûáî,True,lowercased
3888,Mataram erradamente a fulano em lugar do assassino,mataram erradamente a fulano em lugar do assassino,Ahẽ morapitîarûera tatenhẽ anhẽ ybŷá oîuká,True,lowercased
3889,Todos os meus pêlos se arrepiaram,todos os meus pêlos se arrepiaram,Opá xe raba bybyri,True,lowercased
3890,Não se cansam de rezar a Deus,não se cansam de rezar a deus,N'oîeruré-pytubari Tupã supé,True,lowercased
3891,"São João criancinha, estando no ventre, ao perceber tua vinda, ficou saltando","são joão criancinha, estando no ventre, ao perceber tua vinda, ficou saltando","São João pitangĩ, tygépe o endápe, nde rura andupápe, o por-oporĩ",True,lowercased
3892,Cumpri minha palavra,cumpri minha palavra,Aîmopor xe nhe'enga,True,lowercased
3893,Não me desterres tu,não me desterres tu,Xe pe'a umẽ îepé,True,lowercased
3894,Todos os habitantes da terra destruiu com um dilúvio,todos os habitantes da terra destruiu com um dilúvio,Opab erimba'e yby pora 'yporu pupé i mokanhemi,True,lowercased
3895,Eu sou risonho,eu sou risonho,Xe pukasûer,True,lowercased
3896,"Eu tinha o pescoço caído (isto é, por um desmaio Também se diz do figo derrubado, por estar muito maduro)",eu tinha o pescoço caído,Xe aîurar,True,parentheses_removed | lowercased | trimmed
3897,Aguço a ponta dela,aguço a ponta dela,Asapûá-mobyr,True,lowercased
3898,Sejamos bons para aqueles homens,sejamos bons para aqueles homens,T'i marangatu apó abá pé,True,lowercased
3899,Confiamos em ti,confiamos em ti,Oroîerobîá nde ri,True,lowercased
3900,"Vem, ó meu senhorzinho, para que esteja muito feliz minha alma por causa do teu nascimento","vem, ó meu senhorzinho, para que esteja muito feliz minha alma por causa do teu nascimento","Eîori, xe îarĩ gûé, ta sorybeté xe 'anga nde 'aragûera resé",True,lowercased
3901,as moças habitantes das aldeias,as moças habitantes das aldeias,kunhãmuku taba pora,False,
3902,"Reproduzi-me, procriei","reproduzi-me, procriei",Aîeapyká,True,lowercased
3903,Lançaste algum menino que estava aconchegado a ti sobre ti por desejo sensual?,lançaste algum menino que estava aconchegado a ti sobre ti por desejo sensual?,Ereîtykype kunumĩ amõ nde abiîxûara nde 'arybo moropotara suí?,True,lowercased
3904,Esbofeteei a nuca dele,esbofeteei a nuca dele,Aîatuá-petek,True,lowercased
3905,Nós somos numerosos,nós somos numerosos,Oré re'yî,True,lowercased
3906,"Eu sou aquele em quem se deve acreditar, o que tem nome Guaixará","eu sou aquele em quem se deve acreditar, o que tem nome guaixará","Ixé serobîarypyra, Gûaîxará seryba'e",True,lowercased
3907,Faço agouros para ele,faço agouros para ele,Asaybõ,True,lowercased
3908,Eu fiz confusão,eu fiz confusão,Xe apererá,True,lowercased
3909,Mais que a roupa batida é a brancura de sua alma,mais que a roupa batida é a brancura de sua alma,Akó aoba i putukapyra sosé o 'anga tinga,True,lowercased
3910,gordura de vaca,gordura de vaca,tapi'i-kaba,False,
3911,"Eu não estou forte (isto é, estou debilitado pela doença, pela fome, etc)",eu não estou forte,Na xe pyatãî,True,parentheses_removed | lowercased | trimmed
3912,Ele está boquiaberto,ele está boquiaberto,I îurupukĩ ahẽ oîkóbo,True,lowercased
3913,Amarra tua rede ao lado de mim,amarra tua rede ao lado de mim,Eîotĩ nde kesaba xe porupi,True,lowercased
3914,Não! Meu quinhão és tu!,não! meu quinhão és tu!,Aã! Xe potaba nde!,True,lowercased
3915,Uma púrpura colocando nele,uma púrpura colocando nele,Amõ aopyranga mondepa sesé,True,lowercased
3916,Fiz-lhe dentes,fiz-lhe dentes,Asãîngá,True,lowercased
3917,Queres sair em vão de debaixo de nossas mãos,queres sair em vão de debaixo de nossas mãos,Eresẽ-potá tenhẽ oré pó gûyra suí,True,lowercased
3918,"Levou sua mãe e seus discípulos sobre o cume do monte chamado ""das Oliveiras""","levou sua mãe e seus discípulos sobre o cume do monte chamado ""das oliveiras""",Ybytyra Olivete seryba'e apyra 'arybo o sy o boîá rerasóû,True,lowercased
3919,Tinjo-lhe os pés (com urucu),tinjo-lhe os pés,Aîpy-gûang,True,parentheses_removed | lowercased | trimmed
3920,"Perdoar-lhe-ia Nosso Senhor se ele lhe dissesse ""-perdoa tu a mim""?","perdoar-lhe-ia nosso senhor se ele lhe dissesse ""-perdoa tu a mim""?","I nhyrõ nhẽpemo Îandé Îara i xupé ""nde nhyrõ ixébe"" o îoupé i 'erememo?",True,lowercased
3921,A senhora desta aldeia compadece-se grandemente das pessoas,a senhora desta aldeia compadece-se grandemente das pessoas,Kó tabyîara ndaeté i poraûsubari,True,lowercased
3922,Fi-la engravidar,fi-la engravidar,Aîmomburu'a,True,lowercased
3923,"Os que estão em Maratauá acreditam em minhas palavras, entregando suas almas em minhas mãos","os que estão em maratauá acreditam em minhas palavras, entregando suas almas em minhas mãos","Marataûãme tekoara ogûerobîá xe nhe'enga, xe pópe o 'anga me'enga",True,lowercased
3924,Apartaste alguma mulher de seu marido?,apartaste alguma mulher de seu marido?,Ereîmombo'irype kunhã amõ i mena suí?,True,lowercased
3925,"o fujão, o que tem costume de fugir","o fujão, o que tem costume de fugir",kanhembora,False,
3926,"peso de orelha, orelheira","peso de orelha, orelheira",nambi-paîa,False,
3927,Eu sou torto do olho,eu sou torto do olho,Xe resab,True,lowercased
3928,levantadoras de mentiras,levantadoras de mentiras,mo'ema mopu'ambara,False,
3929,"Ele, com seu trabalho, ajudou-o","ele, com seu trabalho, ajudou-o",A'e o porabykysaba pupé oîpytybõ,True,lowercased
3930,"Mal a gente diz algo, já se irrita","mal a gente diz algo, já se irrita",Îeperibe'ĩ asé marã i 'éû onhemoŷrõ ymûan,True,lowercased
3931,"Caem às vezes os frutos de suas árvores, sendo ainda flores, outras vezes caem em seu estado verde","caem às vezes os frutos de suas árvores, sendo ainda flores, outras vezes caem em seu estado verde","Okuî rakó amũme 'ybarambûera o 'yba suí 'ybotyramo oîkóbo bé, amõ rakó ogûakyra pupé i kuî",True,lowercased
3932,"Como vês, eu sou muito forte, um diabo que domina as guerras","como vês, eu sou muito forte, um diabo que domina as guerras","Irõ, xe ratãngatu, anhanga maranyîara",True,lowercased
3933,o que tem sede de justiça,o que tem sede de justiça,tekokatu 'useîtara,False,
3934,tamanduá topetudo,tamanduá topetudo,tamandûá-atyrabebó,False,
3935,"lugar em que o sol se põe, poente, oeste","lugar em que o sol se põe, poente, oeste",kûarasy reîkeaba,False,
3936,"Querendo tua virtude, detesto minha cultura antiga","querendo tua virtude, detesto minha cultura antiga","Nde rekokatu potá, aroŷrõ xe rekopûera",True,lowercased
3937,Não há absolutamente servos meus,não há absolutamente servos meus,N'i tyb-angáî xe boîá,True,lowercased
3938,Mudei-a,mudei-a,Aseyî,True,lowercased
3939,Seguindo o rastro das mulheres,seguindo o rastro das mulheres,Kunhã rakypûemondóbo,True,lowercased
3940,"Dizendo maldades à toa para alguém, dando-lhe má fama","dizendo maldades à toa para alguém, dando-lhe má fama","Abá supé marã o'îabo tenhẽ, i moerapûana",True,lowercased
3941,Por longo espaço de tempo ele se deteve,por longo espaço de tempo ele se deteve,Ymûanĩ ahẽ rekóû,True,lowercased
3942,Virá novamente Jesus Cristo do céu?,virá novamente jesus cristo do céu?,Our-y bépe irã Jesus Cristo ybaka suíne?,True,lowercased
3943,Eu sou um homem soberbo,eu sou um homem soberbo,Abá-porerobîare'yma ixé,True,lowercased
3944,Entreouvi tuas palavras,entreouvi tuas palavras,Asendubaíb nde nhe'enga,True,lowercased
3945,"É mole, está sob as mãos do diabo","é mole, está sob as mãos do diabo","I membek, Anhanga pó gûyrybo nhẽ sekóû",True,lowercased
3946,Vem para ver tua futura terra,vem para ver tua futura terra,Îandé repîaka our! - Veio para nos ver! Eîori nde retamûama repîaka,True,lowercased
3947,"Eu, o diabão assado","eu, o diabão assado","Xe, anhangusu-mixyra",True,lowercased
3948,Essa é uma cidade?,essa é uma cidade?,Tabusupe ûĩ?,True,lowercased
3949,Que se alegrem nossos filhos!,que se alegrem nossos filhos!,Ta sory îandé ra'yra !,True,lowercased
3950,"produtivo, de bom rendimento","produtivo, de bom rendimento",ybykûab,False,
3951,Surpreendi os pecadores,surpreendi os pecadores,Angaîpaba aîpokosu,True,lowercased
3952,"Havemos de chegar ao céu, ao lugar em que tu te revelas","havemos de chegar ao céu, ao lugar em que tu te revelas",T'orobasẽne ybakype nde îepîakukasápe,True,lowercased
3953,Estais na condição de fetos de vosso senhor,estais na condição de fetos de vosso senhor,Peín pe îara momburu'abamo nhẽ,True,lowercased
3954,minha barba branca,minha barba branca,xe rendybaá-tinga,False,
3955,"Vituperaste pelas costas a teu pai, a teu mestre?","vituperaste pelas costas a teu pai, a teu mestre?","Ereîkupeanga'ope nde ruba, nde mbo'esara?",True,lowercased
3956,Queimou tua alma o fogo dele,queimou tua alma o fogo dele,Nde 'anga osapy satá,True,lowercased
3957,Eu estou esquelético,eu estou esquelético,Xe kangûer,True,lowercased
3958,Quando virá?,quando virá?,Moîrãpe turine?,True,lowercased
3959,"Resististe a teu marido quando quis chegar-se a ti, estando deitada longe dele?","resististe a teu marido quando quis chegar-se a ti, estando deitada longe dele?",Ereîmomaranype nde mena nde reroby-potareme i amongoty eîupa?,True,lowercased
3960,Bem feito para o maldito! Seus fígados hão de ser minha porção,bem feito para o maldito! seus fígados hão de ser minha porção,Iîá muru! I py'apûera xe potabamo t'oîkó,True,lowercased
3961,Aí são muitas as mulheres que se estão oferecendo para Deus,aí são muitas as mulheres que se estão oferecendo para deus,A'epe se'yî kunhã Tupã supé onheme'engyba'e oîkóbo,True,lowercased
3962,Vou por minha vontade,vou por minha vontade,Xe remimotarybo asó,True,lowercased
3963,Eu tenho inclinação a me irritar,eu tenho inclinação a me irritar,Xe nhemoŷrõndûer,True,lowercased
3964,Bem nesse momento perdoou a Pilatos,bem nesse momento perdoou a pilatos,A'eîbé Pilatos supé oîerekûabamo,True,lowercased
3965,Mas esconde-me tu dele!,mas esconde-me tu dele!,Xe mĩ-te îepé i xuí!,True,lowercased
3966,Ficam invocando a morte,ficam invocando a morte,Osekyî-sekyî te'õ,True,lowercased
3967,Não trouxe nenhum parati,não trouxe nenhum parati,Nd'aruri amõ parati,True,lowercased
3968,"Eu tenho os buracos das orelhas perdidos (isto é, não ouço nada)",eu tenho os buracos das orelhas perdidos,Xe apysakûá-kanhem,True,parentheses_removed | lowercased | trimmed
3969,"E os rapazes que perseguem mulheres, fugindo sempre?","e os rapazes que perseguem mulheres, fugindo sempre?","A'epe kunumĩgûasu kunhã oîmomosemba'e, onhegûasema memẽ?",True,lowercased
3970,Rocei,rocei,Aka'anupã,True,lowercased
3971,"Ah, eu fui muito pecador!","ah, eu fui muito pecador!",Xe angaîpabeté'i ra'u mã!,True,lowercased
3972,Embrulhei-o,embrulhei-o,Aîapugûar,True,lowercased
3973,em sua terra,em sua terra,setãme,False,
3974,E este?,e este?,A'e-p'ikó?,True,lowercased
3975,Que recrudesça minha antiga maldade!,que recrudesça minha antiga maldade!,T'oîepun xe marandûera!,True,lowercased
3976,"Igualmente, após dá-lo à luz, estando virgem","igualmente, após dá-lo à luz, estando virgem","A'erame'ĩ i mbo'ar'iré, omarane'ymamo",True,lowercased
3977,Apanho caranguejos,apanho caranguejos,Ausá-'ok,True,lowercased
3978,Faço que não o vejo,faço que não o vejo,N'asepîake'ym-a'ubi,True,lowercased
3979,Tu te importas com teu filho?,tu te importas com teu filho?,Nde putupápe nde ra'yra resé?,True,lowercased
3980,Temos nossas coisas comuns,temos nossas coisas comuns,Îarekó îandé îomba'e,True,lowercased
3981,mulher viúva,mulher viúva,kunhã-mene'õ,False,
3982,Eu hei de ser bom,eu hei de ser bom,Xe katupe ká,True,lowercased
3983,O marido dela não temeu comê-lo,o marido dela não temeu comê-lo,I mena nd'o'u-poûsubi,True,lowercased
3984,Certamente vemos sempre as marcas de seus pés,certamente vemos sempre as marcas de seus pés,Anhẽ serã îasepîak îepi i py-pora,True,lowercased
3985,Benze a gente sua comida?,benze a gente sua comida?,Osobasápe asé o emi'urama?,True,lowercased
3986,Moro de parede-meia,moro de parede-meia,Apyri aîkó,True,lowercased
3987,banco redondo,banco redondo,apykabapu'a,False,
3988,Nossos cadáveres levantar-se-ão todos?,nossos cadáveres levantar-se-ão todos?,Asé re'õmbûera pu'am-pabine?,True,lowercased
3989,os dons do Espírito Santo,os dons do espírito santo,Espírito Santo remime'enga,True,lowercased
3990,"Após arrependerem-se de seu procedimento, os índios vão confessar-se","após arrependerem-se de seu procedimento, os índios vão confessar-se","O ekó moasy riré, abá sóû îemombegûabo",True,lowercased
3991,Mata (ou matam),mata,Oîuká,True,parentheses_removed | lowercased | trimmed
3992,as crianças que completam dois anos,as crianças que completam dois anos,pitanga mokõî ro'y omoaûîeba'e,False,
3993,Bordei-o,bordei-o,Asemberung,True,lowercased
3994,Parece flutuar,parece flutuar,Obebuî-berame'ĩ,True,lowercased
3995,Fiz confusão,fiz confusão,Arekorekó,True,lowercased
3996,"Obedecei ao padre, vosso mestre","obedecei ao padre, vosso mestre","Pesapîá abaré, pe mbo'esara",True,lowercased
3997,"É ele o que dá o bem desses, com certeza","é ele o que dá o bem desses, com certeza",A'e aé koba'e katu me'engara re'a,True,lowercased
3998,Qual é o nome do chefe dos anjos que confiam em Deus?,qual é o nome do chefe dos anjos que confiam em deus?,Marãpe karaibebé Tupã resé îerobîasara rubixaba rera?,True,lowercased
3999,minhas palavras engasgadas,minhas palavras engasgadas,xe nhe'ẽ-pa'ama,False,
4000,Ele me deixou sem palavras,ele me deixou sem palavras,Xe nhe'ẽmbyk ahẽ,True,lowercased
4001,Fá-los-ei voar comigo,fá-los-ei voar comigo,Arobebéne,True,lowercased
4002,"Não me chames pelo nome diante dele, senão me mata!","não me chames pelo nome diante dele, senão me mata!","Xe renõî umẽ îepé i xupé, na xe îukáî!",True,lowercased
4003,Chegou a nós sua luz para sempre,chegou a nós sua luz para sempre,Osyk oré ri sendy îepinhẽ,True,lowercased
4004,nó da garganta,nó da garganta,aseó-kytã,False,
4005,Sigo-lhe o rastro,sigo-lhe o rastro,Asakypûembour,True,lowercased
4006,"Invocaste o Anhanga, o Taguaíba, o Curupira, o Jurupari ou a morte para alguém?","invocaste o anhanga, o taguaíba, o curupira, o jurupari ou a morte para alguém?","Eresykyîpe Anhanga, Tagûaíba, Kurupira, Îurupari koîpó te'õ abá supé?",True,lowercased
4007,Empanturrei as pessoas,empanturrei as pessoas,Aporomoebykatã,True,lowercased
4008,Numa certa noite,numa certa noite,Putuna amõ resé,True,lowercased
4009,nossas coisas mútuas,nossas coisas mútuas,oré îomba'e,False,
4010,O que pede ao pajé por trabalhos,o que pede ao pajé por trabalhos,Marãtekorama resé paîé mongetasara,True,lowercased
4011,Confundindo as aldeias desde a Galiléia,confundindo as aldeias desde a galiléia,Taba moapaîugûá-îugûábo Galilea suí-katu,True,lowercased
4012,"Eis que a todos nós vence, como também já venceu os antepassados","eis que a todos nós vence, como também já venceu os antepassados",Opá ã îandé moaûîéû tamyîpagûama moaûîé ymã îabé bé,True,lowercased
4013,Que vá Guaixará para o fogo!,que vá guaixará para o fogo!,Gûaîxará t'osó tatápe!,True,lowercased
4014,o que retribui verdadeiramente o amor de Deus a si,o que retribui verdadeiramente o amor de deus a si,Tupã o aûsuba poepykareté,True,lowercased
4015,Por isso mesmo os escravos festejam este dia,por isso mesmo os escravos festejam este dia,Nd'e'i te'e miasûbetá ikó 'ara momoranga,True,lowercased
4016,"Caem algumas vezes os frutos de suas árvores, sendo ainda flores, outras vezes em seu estado verde, outras vezes caem após seu amadurecimento","caem algumas vezes os frutos de suas árvores, sendo ainda flores, outras vezes em seu estado verde, outras vezes caem após seu amadurecimento","Okuî rakó amũme 'ybarambûera o 'yba suí 'ybotyramo oîkóbo bé, amõ rakó ogûakyra pupé i kuî, amõ rakó ogûaîub'iré i kuî",True,lowercased
4017,Terá a mulher ciúmes de seu marido?,terá a mulher ciúmes de seu marido?,Sygûyrõpe kunhã o mena reséne?,True,lowercased
4018,Desarmaste as armadilhas de teu próximo?,desarmaste as armadilhas de teu próximo?,Ereîmopyĩpe nde rapixara mundé?,True,lowercased
4019,Tu és guardião de mim,tu és guardião de mim,Nde morerekoar xe ri,True,lowercased
4020,Eia de novo!,eia de novo!,Ne'ĩ bé!,True,lowercased
4021,o que está tingido de jenipapo,o que está tingido de jenipapo,i îanypapyxunyba'e,False,
4022,"o que rompe o sangue de uma moça, o que a desvirgina","o que rompe o sangue de uma moça, o que a desvirgina",kunhataĩ rugûy kasara,False,
4023,"O sol brilha, certamente, após passar a grande noite","o sol brilha, certamente, após passar a grande noite","Kûarasy, nipó, oberá, putunusu kûab'iré",True,lowercased
4024,Esbofeteaste as têmporas de alguém?,esbofeteaste as têmporas de alguém?,Ereî'atypetekype amõ abá?,True,lowercased
4025,canoa de junco,canoa de junco,piripiri-ygara,False,
4026,"Não é minha escrava, mas, sim, minha esposa","não é minha escrava, mas, sim, minha esposa","Na xe remiaûsuba ruã, xe remirekó a'e",True,lowercased
4027,Antigamente esses habitantes da aldeia sob minhas mãos estavam,antigamente esses habitantes da aldeia sob minhas mãos estavam,Akûeîme kó tabygûara xe pó gûyrybo sekóû,True,lowercased
4028,quarto traseiro que se parte de um animal ou de uma pessoa,quarto traseiro que se parte de um animal ou de uma pessoa,ugûera,False,
4029,guardião dos tapuias,guardião dos tapuias,tapuîa rarõsara,False,
4030,"São muitas, com efeito, as grandes igaçabas","são muitas, com efeito, as grandes igaçabas",Setá nhẽ ygasabusu,True,lowercased
4031,Contigo sempre estou,contigo sempre estou,Nde resé memẽ oroîkó,True,lowercased
4032,saída de gente,saída de gente,morosema,False,
4033,o que manda matá-lo,o que manda matá-lo,i îuká-ukasara,False,
4034,"Eu tenho bom abrigo, eu estou bem abrigado","eu tenho bom abrigo, eu estou bem abrigado","Xe 'ang - Eu tenho abrigo, eu estou abrigado Xe 'ãngatu",True,lowercased
4035,"peixão, peixe grande","peixão, peixe grande",piragûasu,False,
4036,Contigo sempre estamos,contigo sempre estamos,Nde resé memẽ oroîkó,True,lowercased
4037,Por longo tempo ele se deteve,por longo tempo ele se deteve,Ymûanĩ ahẽ rekóû,True,lowercased
4038,Aguço-a,aguço-a,Asapûapin,True,lowercased
4039,Abraçando a cintura de teu companheiro,abraçando a cintura de teu companheiro,Nde rapixara ku'a îubana,True,lowercased
4040,"o que é circuncidado, o que tem o prepúcio cortado","o que é circuncidado, o que tem o prepúcio cortado",i 'amopikytĩpyra,False,
4041,A que coisa chamamos graça?,a que coisa chamamos graça?,Mba'e supépe asé graça i 'éû?,True,lowercased
4042,"detrás da casa, atrás da casa","detrás da casa, atrás da casa",ó-kupépe,False,
4043,"Vem, coisa fedorenta, coisa nojenta, borá!","vem, coisa fedorenta, coisa nojenta, borá!","Eîori, mba'enem, mba'e-poxy, mborá!",True,lowercased
4044,Come moderadamente,come moderadamente,Nde îanhõte mba'e e'u,True,lowercased
4045,Castrei-os,castrei-os,Asapi'anupã,True,lowercased
4046,Acudi-o,acudi-o,Asopenhan,True,lowercased
4047,Mas minha sujeira era muita,mas minha sujeira era muita,Xe ky'a-te turusu,True,lowercased
4048,"Ah, quem me dera o tivesse matado!","ah, quem me dera o tivesse matado!",Aîukámo mã!,True,lowercased
4049,Apressei-me muito,apressei-me muito,Anhemoaîu-katu,True,lowercased
4050,Vê bem a tua frente para que não te percas no caminho do céu,vê bem a tua frente para que não te percas no caminho do céu,Esepîá-katu nde renonderama ybaka pîarype nde ropare'ymamo,True,lowercased
4051,Não querendo conversar com ele,não querendo conversar com ele,I mongetá-potare'yma,True,lowercased
4052,Tu mesmo assim procedeste,tu mesmo assim procedeste,Nde aé ipó emonã ereîkó,True,lowercased
4053,Eu sou arisco,eu sou arisco,Xe resaeté,True,lowercased
4054,"Tu voltas o rosto para trás, olhando com a ponta dos olhos, sorrindo, espreguiçando-te","tu voltas o rosto para trás, olhando com a ponta dos olhos, sorrindo, espreguiçando-te","Nde atybak, nde resá-popybo ema'ẽmo, epukamirĩamo, eîepokábo tenhẽ",True,lowercased
4055,Nós somos gêmeos,nós somos gêmeos,Oré kõî,True,lowercased
4056,Ela tem pecados variadíssimos,ela tem pecados variadíssimos,I angaîpá-pará-pará,True,lowercased
4057,Seus fígados hão de ser minha porção,seus fígados hão de ser minha porção,I py'apûera xe potabamo t'oîkó,True,lowercased
4058,"Assim tratado, certamente fica bem, satisfazendo-se com o que o distingue","assim tratado, certamente fica bem, satisfazendo-se com o que o distingue","Emonã serekopyra, rakó opytá-katu, o apysykamo o moingoeara ri",True,lowercased
4059,"É formosa, certamente, a lua, vindo com sua grande face","é formosa, certamente, a lua, vindo com sua grande face","I aysó, nipó, îasy, og obagûasu reru",True,lowercased
4060,Que quebres suas cabeças,que quebres suas cabeças,I akanga t'ereîoká,True,lowercased
4061,Flechou-me em lugar vital,flechou-me em lugar vital,Xe aépe xe ybõû,True,lowercased
4062,enquanto eu o faço,enquanto eu o faço,ixé i monhanga pukuî,False,
4063,Durmo com roupa,durmo com roupa,Aroker aoba,True,lowercased
4064,Enxuguei-o,enxuguei-o,Aîmokang,True,lowercased
4065,Os pecadores que não se confessam bem,os pecadores que não se confessam bem,I angaîpaba'e onhemombe'ukatue'ymba'e,True,lowercased
4066,Não queiras nem um pouquinho que eu vá para o fogo,não queiras nem um pouquinho que eu vá para o fogo,Eîpotá-mirĩ umẽ tatápe xe soaûama,True,lowercased
4067,Fiz que não o conhecia,fiz que não o conhecia,N'aîkugûabe'ym-a'ubi,True,lowercased
4068,Receando por suas almas,receando por suas almas,O 'anga resé oîeangûabo,True,lowercased
4069,"Quer ter relações sexuais com ela, como de costume","quer ter relações sexuais com ela, como de costume",Oîkó-potá sesé îandu,True,lowercased
4070,Eu estou caindo de sono,eu estou caindo de sono,Xe kerapará-parar,True,lowercased
4071,Faze-me tu valente para que eu me oponha ao maldito,faze-me tu valente para que eu me oponha ao maldito,"Xe mopyatã îepé, t'apu'am muru resé",True,lowercased
4072,"Com um neto ou uma neta, com algum descendente não pode ninguém se casar","com um neto ou uma neta, com algum descendente não pode ninguém se casar",O emiminõ koîpó o emiarirõ amõ îeapyká resé nd'e'ikatuî abá omendá,True,lowercased
4073,Fiz fogueira,fiz fogueira,Aîatapygûasu,True,lowercased
4074,"O cão é ávido (isto é, bom de caça, quer tudo apanhar)",o cão é ávido,I mba'epotar îagûara,True,parentheses_removed | lowercased | trimmed
4075,"Não perdoam, não são afáveis","não perdoam, não são afáveis","N'i nhyrõî, n'i îerekûabi",True,lowercased
4076,Eu estou liso,eu estou liso,Xe sym,True,lowercased
4077,Chefe dos que ficaram no céu,chefe dos que ficaram no céu,Ybakype opytaba'epûera rubixaba,True,lowercased
4078,Santa Maria é o nome dela,santa maria é o nome dela,Santa Maria sera,True,lowercased
4079,canto dela,canto dela,sendybangã,False,
4080,"na ponta, no punho da rede","na ponta, no punho da rede",apy anhãî,False,
4081,argola de ferro,argola de ferro,itá-apynha,False,
4082,colher de madeira (com que as índias mexiam suas bebidas e mingaus),colher de madeira,ybyrá pesẽ,True,parentheses_removed | trimmed
4083,Depressa haja minha comida!,depressa haja minha comida!,Keremẽ xe remi'u rekoaba!,True,lowercased
4084,Eu sou hábil,eu sou hábil,Xe pokarugûar,True,lowercased
4085,"A lua foi comida (isto é, a lua eclipsou-se)",a lua foi comida,Îasy mba'e i 'upyra,True,parentheses_removed | lowercased | trimmed
4086,Embelezou-te grandemente,embelezou-te grandemente,Ndaeté nde momorangi,True,lowercased
4087,"Um rapaz, não chegando aos catorze anos, não pode casar-se com ninguém","um rapaz, não chegando aos catorze anos, não pode casar-se com ninguém","Kunumĩgûasu catorze ro'y resé i xyke'yma, nd'e'ikatuî abá resé omendá",True,lowercased
4088,"Como a gente faz à tarde, antes de dormir?","como a gente faz à tarde, antes de dormir?","Marãpe asé rekóû karukeme, o ker-y îanondé?",True,lowercased
4089,Eu estou corcunda,eu estou corcunda,Xe aŷpyasur,True,lowercased
4090,Fazendo desaparecer nossa morte,fazendo desaparecer nossa morte,Îandé re'õ mokanhema,True,lowercased
4091,var de peneira,var de peneira,urupemusu,False,
4092,"Eva, nossa mãe primeira, atraiu-se muito pelo belo fruto","eva, nossa mãe primeira, atraiu-se muito pelo belo fruto","Eva, îandé sy-ypy, onhemomotar-eté 'ybá-poranga resé",True,lowercased
4093,Caí,caí,Agûyapy,True,lowercased
4094,"E a mim é que faz vir hoje para vos empurrar, enxotando-vos desta sua terra","e a mim é que faz vir hoje para vos empurrar, enxotando-vos desta sua terra","Xe-te xe mboú kori pe moanhana, pe mondóbo ikó setama suí",True,lowercased
4095,Não me desterres tu,não me desterres tu,Xe pe'a umẽ îepé,True,lowercased
4096,Façamo-lo cair conosco no fogo para fazê-lo queimar conosco,façamo-lo cair conosco no fogo para fazê-lo queimar conosco,Îaro'a tatá pupé serokaîa,True,lowercased
4097,"Mal a gente diz algo, já se irrita","mal a gente diz algo, já se irrita","Îeperibe'ĩ asé marã i 'éû, onhemoŷrõ ymûan",True,lowercased
4098,Lanço [à água] a canoa,lanço a canoa,Aîtyk ygara,True,brackets_removed | lowercased | whitespace_collapsed
4099,"Embora seja vinho, tão logo pronuncie o padre as palavras de Nosso Senhor Jesus Cristo, é seu sangue, na verdade","embora seja vinho, tão logo pronuncie o padre as palavras de nosso senhor jesus cristo, é seu sangue, na verdade","Kaûĩ biãaûîé, Îandé Îara Îesu Cristo nhe'engûera abaré sa'angireme, sugûyramo nhẽ sekóû",True,lowercased
4100,Por ser coisa que deve ser dividida,por ser coisa que deve ser dividida,Mba'eramo i moîa'okypyra rekóreme,True,lowercased
4101,Nem por isso vou para longe,nem por isso vou para longe,Naroîaî mamõ xe sóû,True,lowercased
4102,aquele em quem se deve acreditar,aquele em quem se deve acreditar,serobîarypyra,False,
4103,Por que razão eu o levaria?,por que razão eu o levaria?,Marãmope xe serasóû?,True,lowercased
4104,"Comemoramos este dia, lembrando-nos do tempo em que nô-la fizeram alcançar","comemoramos este dia, lembrando-nos do tempo em que nô-la fizeram alcançar",Sesé îandé moîekosupagûera resé îandé ma'enduaramo kó 'ara îaîmoeté,True,lowercased
4105,"Antes dessas mortes, um certo homem muito mau, chamado Anti-Cristo, virá, exaltando-se","antes dessas mortes, um certo homem muito mau, chamado anti-cristo, virá, exaltando-se",Aîpó te'õ îanondé irã amõ abá-angaîpabeté Anti-Cristo seryba'e ruri onhemoetébo,True,lowercased
4106,"Oh, oxalá viesse!","oh, oxalá viesse!","Té, temõ oú mã!",True,lowercased
4107,Por que ele vive tendo coisas boas mais que eu?,por que ele vive tendo coisas boas mais que eu?,Marãmo ahẽ rekóû o mba'ekaturamo xe suí?,True,lowercased
4108,Ouve,ouve,Esendu,True,lowercased
4109,menor ainda que eu,menor ainda que eu,xe gûyri bé,False,
4110,Por isso mesmo os moços entram sempre no lugar de beber cauim,por isso mesmo os moços entram sempre no lugar de beber cauim,Nd'e'i te'e kunumĩgûasu oîkébo memẽ kagûápe,True,lowercased
4111,Receio levá-lo,receio levá-lo,Arasó-poûsub,True,lowercased
4112,"Curou-o, somente tocando sua orelha, imediatamente fazendo-a sarar, grudando-a","curou-o, somente tocando sua orelha, imediatamente fazendo-a sarar, grudando-a","Oîposanong, i nambi atõîa nhote, aûnhenhẽ i monga'ẽmo, i moîepotá",True,lowercased
4113,Fizeram feridas por seu corpo todo?,fizeram feridas por seu corpo todo?,Seté îakatupe ybŷá i moperé-perebi?,True,lowercased
4114,"Não vitupereis as pessoas, ó meus filhos, para que tenhais seus bens","não vitupereis as pessoas, ó meus filhos, para que tenhais seus bens","Pe poroanga'o umẽ, xe ra'yr-y gûé, ta perekó i mba'e",True,lowercased
4115,Eu enviuvei,eu enviuvei,Xe remirekoe'õ,True,lowercased
4116,"abaixo de mim, mais pequeno que eu","abaixo de mim, mais pequeno que eu",xe gûyri,False,
4117,Tu te enfureceste por causa de alguém?,tu te enfureceste por causa de alguém?,Nde marãmotarype abá resé?,True,lowercased
4118,"Vomitaste cauim, brigando por causa dele?","vomitaste cauim, brigando por causa dele?","Ereîmoîebype kaûĩ, sesé nde apore'ymamo?",True,lowercased
4119,Escapuli das mãos dele,escapuli das mãos dele,Aîpomogûab,True,lowercased
4120,Eis que a cada Páscoa um prisioneiro fazeis-me libertar sempre,eis que a cada páscoa um prisioneiro fazeis-me libertar sempre,Aretegûasu îabi'õ ã mundepora moîepé peîmosemukar ixébe îepi,True,lowercased
4121,Ele se lembra,ele se lembra,I ma'enduar,True,lowercased
4122,Ali ficai enquanto eu não vos informar acerca de vossa futura volta,ali ficai enquanto eu não vos informar acerca de vossa futura volta,Ebapó ta peîkó pe îebyragûama resé ixé nde momorandube'yma pukuî,True,lowercased
4123,"Que eu não adoeça, comendo-o","que eu não adoeça, comendo-o",Ta xe maran umẽ i gûabo,True,lowercased
4124,Dentro dessa igreja Maria cresceu,dentro dessa igreja maria cresceu,Kó tupãoka pupé Maria kakuabi,True,lowercased
4125,socador de pilão,socador de pilão,ungûá-obaîara,False,
4126,"Eles, na verdade, em três pessoas se distinguem, na união de seu único ser divino","eles, na verdade, em três pessoas se distinguem, na união de seu único ser divino","A'e anhẽ mosapyr pessoaamo i îa'oki, oîepé og ekó-karaíba îese'ara pupé nhẽ",True,lowercased
4127,Por que não te escondes?,por que não te escondes?,Marãpe nd'erenhemimi?,True,lowercased
4128,A mim certamente é que vós procurais,a mim certamente é que vós procurais,Xe ipó xe rekar peîepé,True,lowercased
4129,Rapamos nesta medida,rapamos nesta medida,Nãmo oroapin,True,lowercased
4130,Após tocar em seu segundo cônjuge,após tocar em seu segundo cônjuge,I mendá-mokõîa resé i byk'iré,True,lowercased
4131,É o suficiente?,é o suficiente?,Aûîé ruãpe?,True,lowercased
4132,Tomara não seja eu o que jazerá primeiro,tomara não seja eu o que jazerá primeiro,N'aîkóî ipó irã tuîba'eramo ranhẽne re'a,True,lowercased
4133,"Antigamente estava aflito, praticando meus vícios","antigamente estava aflito, praticando meus vícios","Akûeîme aîkotebẽ, xe rekopoxy purûabo",True,lowercased
4134,"Tende-o por vontade, tende-o para matá-lo","tende-o por vontade, tende-o para matá-lo","Perekó potasábo é, perekó i îukábo",True,lowercased
4135,dois homens,dois homens,mokõî apŷaba,False,
4136,"Não existem mais as suas antigas terras Todas, desde então, não contêm muita coisa","não existem mais as suas antigas terras todas, desde então, não contêm muita coisa",N'i tybangáî setãmbûera Opá akûeîme n'i poretáî,True,lowercased
4137,Hoje eu deveria ir,hoje eu deveria ir,Kori temone asómo,True,lowercased
4138,"pena de tucano para dança (isto é, pena que os índios levavam comumente quando dançavam",pena de tucano para dança,tukana tá-poraseîa,True,parentheses_removed | trimmed
4139,"Não que alguém se compadecerá deles, não que alguém vá libertá-los","não que alguém se compadecerá deles, não que alguém vá libertá-los","Na abá o aûsubar-y îanondé ruã, na abá o pysyrõ îanondé ruãne",True,lowercased
4140,homem soberbo,homem soberbo,abá-poroîukaíba,False,
4141,Tu mesmo dizes isso,tu mesmo dizes isso,Endé é aîpó eré,True,lowercased
4142,"Aquele pão o padre o partiu, certamente","aquele pão o padre o partiu, certamente",A'e miapepûera abaré oîmbo'i re'a,True,lowercased
4143,Esse fez aquele céu que vemos,esse fez aquele céu que vemos,Kó a'e ybaka îandé remiepîakûama oîmonhang,True,lowercased
4144,a alma depois que sai do corpo,a alma depois que sai do corpo,angûera,False,
4145,"Daqui vou para longe, outras aldeias frequentando","daqui vou para longe, outras aldeias frequentando","Kûé suí asó mamõ, amõ taba rapekóbo",True,lowercased
4146,São numerosos os que não são conhecidos,são numerosos os que não são conhecidos,Se'yî i kuabypyre'yma,True,lowercased
4147,"Por isso mesmo as malditas correm, insultando-se muito umas às outras","por isso mesmo as malditas correm, insultando-se muito umas às outras",Nd'e'i te'e moxy onhana oîoa'o-marangatûabo,True,lowercased
4148,forquilha de madeira,forquilha de madeira,ybyrá kamby,False,
4149,Alegrando todas as velhas,alegrando todas as velhas,Gûaîbĩ moesãîa mbá,True,lowercased
4150,"Para cima suas pernas mandou pregar e, para baixo, sua cabeça","para cima suas pernas mandou pregar e, para baixo, sua cabeça","Ybaté koty ogûetymã moîarukari,'yba koty o akanga",True,lowercased
4151,"E mentindo aquele que invoca sua própria alma, a alma de alguém ou também algum santo que está no céu, que acontece?","e mentindo aquele que invoca sua própria alma, a alma de alguém ou também algum santo que está no céu, que acontece?","O'anga koîpó abá 'anga koîpó santo amõ ybakype tekoara renõîndara abé o îuraragûaîamo nhẽ, marãpe?",True,lowercased
4152,o tradutor do padre,o tradutor do padre,abaré nhe'engerekoara,False,
4153,Eu sou todo manchado,eu sou todo manchado,Xe pinĩ-pinim,True,lowercased
4154,Mas sua vida é muito má,mas sua vida é muito má,Sekó-te i poxyeté,True,lowercased
4155,Eu tenho as cavidades dos olhos encovadas,eu tenho as cavidades dos olhos encovadas,Xe resakûá-rorẽ,True,lowercased
4156,Fiz que não o vi,fiz que não o vi,N'asendube'ym-a'ubi - Fiz que não o ouvi N'asepîake'ym-a'ubi,True,lowercased
4157,Minha coragem ainda existe,minha coragem ainda existe,Oîkó bé xe taŷaíba,True,lowercased
4158,muito maior,muito maior,turusu-katu-eté,False,
4159,Está pronto o guaitacá?,está pronto o guaitacá?,Sekoaûîépe gûaîtaká?,True,lowercased
4160,"Ele, de costume, agiria de outra maneira (isto é, se ele agiu assim é porque deves ter feito alguma coisa)","ele, de costume, agiria de outra maneira",Marandé ipó ahẽ rekóû nhandu,True,parentheses_removed | lowercased | trimmed
4161,"Sofreu, suportando o fogo","sofreu, suportando o fogo","Sosang, tatá porarábo",True,lowercased
4162,Já transborda o cauim,já transborda o cauim,Tynysẽ umã kaûĩ,True,lowercased
4163,Envergonhaste à toa tua esposa?,envergonhaste à toa tua esposa?,Ereîmomara'a tenhẽpe nde remirekó?,True,lowercased
4164,"A terra ferve, ficando a estremecer","a terra ferve, ficando a estremecer","Yby obu-obur, otumu-tumunga",True,lowercased
4165,Batendo numa mulher grávida,batendo numa mulher grávida,Kunhã muru'abora resé opûá,True,lowercased
4166,E os rapazes que perseguem mulheres?,e os rapazes que perseguem mulheres?,A'epe kunumĩgûasu kunhã oîmomosemba'e?,True,lowercased
4167,"Vem para prová-los, pois","vem para prová-los, pois",Eîori sa'anga rõ,True,lowercased
4168,milho de que se faz pão,milho de que se faz pão,abati-tinga,False,
4169,Não quero que os índios deixem isso,não quero que os índios deixem isso,N'aîpotari abá seîara,True,lowercased
4170,"Dardejaste palavras em teu pai, respondendo ele agressivamente?","dardejaste palavras em teu pai, respondendo ele agressivamente?","Erenhe'eng-ybõpe nde ruba, i îuruobaîtĩamo?",True,lowercased
4171,Deus o tomou,deus o tomou,Tupã tari,True,lowercased
4172,Ela teve penca uma vez,ela teve penca uma vez,Oîepé i pem,True,lowercased
4173,"""ajuntamento de ostras"", nome de um lugar","""ajuntamento de ostras"", nome de um lugar",Rerityba,False,
4174,Derrubei-o,derrubei-o,Aîaparaîtyk,True,lowercased
4175,Eu me escafedo ao ir,eu me escafedo ao ir,- Xe rembyrĩ gûixóbo,True,lowercased
4176,certo homem branco nobre,certo homem branco nobre,amõ karaíba mosakara,False,
4177,Posso vê-lo,posso vê-lo,A'ekatu sepîaka,True,lowercased
4178,Não conheço esse homem,não conheço esse homem,N'aîkuabi a'e abá,True,lowercased
4179,costas corcovadas,costas corcovadas,kupé-asura,False,
4180,Guarda-te de me estranhares,guarda-te de me estranhares,Teumẽ xe mote'ebo,True,lowercased
4181,"Tu não sossegas, não sabendo as ações dos inimigos","tu não sossegas, não sabendo as ações dos inimigos","Na nde apysyki, tobaîara rekorama kuabe'yma",True,lowercased
4182,prender escravos,prender escravos,tapuîa rara,False,
4183,Creio na vida que não acabará,creio na vida que não acabará,Arobîar tekobé opaba'erame'yma,True,lowercased
4184,"Cantemos um pouquinho, primeiro, para festejarmos bem o dia","cantemos um pouquinho, primeiro, para festejarmos bem o dia",T'îanhe'engá-mirĩ ranhẽ 'ara momorãngatûabo,True,lowercased
4185,Medi a profundidade dele,medi a profundidade dele,Atypy-a'ang,True,lowercased
4186,Sou leve,sou leve,Abebuîkatu,True,lowercased
4187,"Após passar o seu parto, Santa Maria levou seu filho Jesus para o templo","após passar o seu parto, santa maria levou seu filho jesus para o templo","O membyraragûera kûab'iré, Santa Maria o membyra Îesus rerasóû Tupãokype",True,lowercased
4188,"Entrando nos seus antigos corpos, fazendo-os levantar imediatamente","entrando nos seus antigos corpos, fazendo-os levantar imediatamente","Ogûetepûera pupé oîkŷabo, i mopu'ama kûeîeténe",True,lowercased
4189,"a saída do sol, o nascer do sol","a saída do sol, o nascer do sol",kûarasy sembaba,False,
4190,Lanço palavras contra ele,lanço palavras contra ele,Aîtyk nhe'enga sesé,True,lowercased
4191,Não trouxe nem mesmo um só,não trouxe nem mesmo um só,Oîepé tiruã nd'aruri,True,lowercased
4192,"Mandando-o ir, sem problemas, não ages como o que estima teu imperador César","mandando-o ir, sem problemas, não ages como o que estima teu imperador césar",I mondóbo nhẽ nd'ereîkóî César nde rubixaba raûsuparamo,True,lowercased
4193,esteira da canoa,esteira da canoa,ygara rakypûera,False,
4194,Que ajudemos um ao outro para criarmos nossos filhos,que ajudemos um ao outro para criarmos nossos filhos,T'oroîopytybõne oré poromonhangagûera mongakuapa,True,lowercased
4195,O que fica escarnecendo das pessoas,o que fica escarnecendo das pessoas,Oporokurá-kuraba'e,True,lowercased
4196,Eu sou mais que tu,eu sou mais que tu,Nde sosé ixé,True,lowercased
4197,Pesquei peixes,pesquei peixes,Asekyî pirá,True,lowercased
4198,"Conhecendo esses teus pecados, sinto que tu queres ir para o fogo do diabo","conhecendo esses teus pecados, sinto que tu queres ir para o fogo do diabo","Iang nde angaîpaba kuapa, anhandub Anhanga ratápe nde só potara",True,lowercased
4199,Soltei as peias dos pés dele,soltei as peias dos pés dele,Aîpukusamb-ok,True,lowercased
4200,"o pai de meus filhos (isto é, meu marido legítimo)",o pai de meus filhos,xe membyra ruba,True,parentheses_removed | trimmed
4201,"Fui ao encontro do meio das águas (isto é, para o alto-mar)",fui ao encontro do meio das águas,Y pytera asopenhan,True,parentheses_removed | lowercased | trimmed
4202,Ao estar o sol no meio do mundo,ao estar o sol no meio do mundo,Kûarasy 'ara pyterype seneme,True,lowercased
4203,Passamos uns atrás dos outros,passamos uns atrás dos outros,Orokûakeó,True,lowercased
4204,"Verdadeiramente, eis aqui teu caminho, aquele que tu procuras","verdadeiramente, eis aqui teu caminho, aquele que tu procuras",Anheté kó nde rapé a'e nde remiekara,True,lowercased
4205,o que minh'alma busca,o que minh'alma busca,xe 'anga remiekara,False,
4206,Eu sou molengão,eu sou molengão,Xe rekoporeaûsub,True,lowercased
4207,"Retribuí o que ele escreveu (isto é, escrevi-lhe como ele fez a mim)",retribuí o que ele escreveu,Aîpoepyk semikûatiara,True,parentheses_removed | lowercased | trimmed
4208,"Eles mentem, um de cara para o outro","eles mentem, um de cara para o outro","Semo'ẽ, oîobaúpa",True,lowercased
4209,"Eu sou uma jibóia, eu sou um socó, eu sou o grande tamoio Aimbirê","eu sou uma jibóia, eu sou um socó, eu sou o grande tamoio aimbirê","Xe îyboîa, xe sokó, xe tamuîusu Aîmbiré",True,lowercased
4210,"flor de planta, flor (em geral)","flor de planta, flor",ybotyra,True,parentheses_removed | trimmed
4211,"Sumiu a canoa de mim (isto é, de minha vista)",sumiu a canoa de mim,Okanhem ygara xe suí,True,parentheses_removed | lowercased | trimmed
4212,Dei-lhe porradas na cabeça,dei-lhe porradas na cabeça,Aîaparupã,True,lowercased
4213,Para nos ensinar a orar a Deus,para nos ensinar a orar a deus,Tupã mongetá resé îandé mbo'ebo nhẽ,True,lowercased
4214,"outro dia, já não agora","outro dia, já não agora",karamosé é,False,
4215,"Sequei muito, sequei duramente","sequei muito, sequei duramente",Atining-atã,True,lowercased
4216,1) quê? que dizes? (como o que não entendeu bem o que outrem disse ou respondendo ao que chamou),1) quê? que dizes?,marã-pipó?,True,parentheses_removed | trimmed
4217,"Atacamo-los, prendemo-los, antes que se consolem","atacamo-los, prendemo-los, antes que se consolem","Îasepenhan, îaîpysyk, i apysyk' e'ymebé",True,lowercased
4218,Fazemos passar as flechas dos malditos,fazemos passar as flechas dos malditos,Îamongûá moxy ru'uba,True,lowercased
4219,"Que se alegrem, descansando","que se alegrem, descansando","Ta soryb, oputugûabo",True,lowercased
4220,"Não era Deus Espírito Santo, mas um sinal da sua vinda","não era deus espírito santo, mas um sinal da sua vinda","-Tupã Espírito Santo anhẽ a'e tatá? -Nda Tupã Espírito Santo ruã, tura îekuapaba é - Deus Espírito Santo era, na verdade, aquele fogo?",True,lowercased
4221,A fala de fulano repreendeu-me,a fala de fulano repreendeu-me,Xe momotîasó ahẽ nhe'enga,True,lowercased
4222,Rapo-lhe a cabeça,rapo-lhe a cabeça,Aî'apin,True,lowercased
4223,imagem de Deus,imagem de deus,Tupã ra'angaba,True,lowercased
4224,Toco-a,toco-a,Aîopy,True,lowercased
4225,Este caminho também é penoso,este caminho também é penoso,Ikó pé bé iî abaí,True,lowercased
4226,Furo-lhe a pele,furo-lhe a pele,Aîpi-kutuk,True,lowercased
4227,Matemos meu marido,matemos meu marido,T'îaîuká xe mena,True,lowercased
4228,"Dou passos largos, dou grandes passos","dou passos largos, dou grandes passos",Xe rapupa'ũusu,True,lowercased
4229,"tempo, lugar, modo, etc de aparar, de rapar, etc","tempo, lugar, modo, etc de aparar, de rapar, etc",pindaba,False,
4230,Oprime-nos o coração,oprime-nos o coração,Oré py'a-pyk,True,lowercased
4231,Tu te alegras quando um homem apalpa teus seios?,tu te alegras quando um homem apalpa teus seios?,Nde rorype nde kama abá sungáreme?,True,lowercased
4232,Olhando para o órgão sexual da mulher ou do homem,olhando para o órgão sexual da mulher ou do homem,Kunhã koîpó abá remimborará resé oma'ẽmo,True,lowercased
4233,Eu tenho puxos,eu tenho puxos,Xe rygeasypu'ãpu'am,True,lowercased
4234,Essas serão teu futuro assado,essas serão teu futuro assado,Aîpó nde remixyrama,True,lowercased
4235,Que ele deseje muito a lei de Deus,que ele deseje muito a lei de deus,T'oî'useî-katu Tupã rekó,True,lowercased
4236,não há de ser (futuro),não há de ser,aani-xûé ipóne,True,parentheses_removed | trimmed
4237,"Tremo, ambas as minhas coxas adormeceram","tremo, ambas as minhas coxas adormeceram","Aryryî, opá xe uba îesyî",True,lowercased
4238,"Coisa muito boa é uma grande bebedeira, ficar vomitando cauim","coisa muito boa é uma grande bebedeira, ficar vomitando cauim","Mba'eeté ka'ugûasu, kaûĩ moîeby-îebyra",True,lowercased
4239,Eu estou roxo furta-cor,eu estou roxo furta-cor,Xe roby-kanugûá,True,lowercased
4240,Seu senhorzinho reconhecendo imediatamente,seu senhorzinho reconhecendo imediatamente,O îarĩ kuapa aunhenhẽ,True,lowercased
4241,Que se guarde fulano de falar,que se guarde fulano de falar,Te'itenhẽumẽ ahẽ onhe'enga,True,lowercased
4242,Está impedido também o homem de casar com os que sua irmã gera,está impedido também o homem de casar com os que sua irmã gera,Sarûab-y bé o endyra remimonhanga resé abá mendara,True,lowercased
4243,"Eles, na verdade, em três pessoas se distinguem, na união de seu único ser divino","eles, na verdade, em três pessoas se distinguem, na união de seu único ser divino","A'e anhẽ mosapyr pessoaamo i îa'oki, oîepé og ekó-karaíba îese'ara pupé nhẽ",True,lowercased
4244,"Ah, quem me dera uma mulher viesse para o meu lado!","ah, quem me dera uma mulher viesse para o meu lado!",Our temõ kunhã xe posé mã!,True,lowercased
4245,"Há um padrinho meu, velho pervertedor dos tupis","há um padrinho meu, velho pervertedor dos tupis","Oîkobé xe rubangaba, tupi moangaîpaparûera",True,lowercased
4246,A boa crença em Deus de teu coração não se desprendeu,a boa crença em deus de teu coração não se desprendeu,Tupã rerobîá-katu nde py'a suí nd'o'iri,True,lowercased
4247,Evocando a morte de meu Senhor,evocando a morte de meu senhor,xe îara re'õ renõîa,True,lowercased
4248,O diabo me importuna,o diabo me importuna,Anhanga xe moaîu,True,lowercased
4249,Preferiam outrora as pessoas que as matassem?,preferiam outrora as pessoas que as matassem?,Oîpotarĩ-p'amẽ abá erimba'e o îuká?,True,lowercased
4250,Não! Irritei-me,não! irritei-me,Aani! Aîemoŷrõ,True,lowercased
4251,Vou para fazer resgates,vou para fazer resgates,Asó gûiporepŷana,True,lowercased
4252,"Nós assomamos em grande número, nós éramos muitos","nós assomamos em grande número, nós éramos muitos",Oré akoroí,True,lowercased
4253,"Fica muito feliz, de fato, o homem que se defronta com a morte, encontrando o que cura","fica muito feliz, de fato, o homem que se defronta com a morte, encontrando o que cura",Sorybeté rakó abá tegûama porarasara moroposanongara supé ogûasema,True,lowercased
4254,Eu fui bom antes de ir para o céu,eu fui bom antes de ir para o céu,Xe angaturam ybakype xe só îanondé,True,lowercased
4255,Flechou-o em lugar não mortal (ou não perigoso),flechou-o em lugar não mortal,Iî ara'ape inhybõû,True,parentheses_removed | lowercased | trimmed
4256,São muitos os peixes que são gostosos?,são muitos os peixes que são gostosos?,Setápe pirá seba'e?,True,lowercased
4257,Vinha com púrpura e espinhos,vinha com púrpura e espinhos,Aopyranga îu abé ogûerur,True,lowercased
4258,"Desanima, sem mais, de suas diversões também","desanima, sem mais, de suas diversões também",Omanõaibí o nhemosaraîtápe bé,True,lowercased
4259,Amarrei-lhe os calcanhares,amarrei-lhe os calcanhares,Aîpytá-pûar,True,lowercased
4260,Diante de duas pessoas,diante de duas pessoas,Mokõî abá robaké,True,lowercased
4261,"Após não realizar nosso pai primeiro o que Deus havia dito, a morte surgiu nele e em nós também","após não realizar nosso pai primeiro o que deus havia dito, a morte surgiu nele e em nós também","Tupã 'îaba îandé rubypy i mopore'ym'iré, te'õ 'ari sesé îandé resé béno",True,lowercased
4262,"muito longe, fora ou ao revés do que é","muito longe, fora ou ao revés do que é",aroane'ỹngatu,False,
4263,"Por quê vocês, maíras e perós, quer dizer, franceses e portugueses, vêm de tão longe procurar madeira para se aquecerem?","por quê vocês, maíras e perós, quer dizer, franceses e portugueses, vêm de tão longe procurar madeira para se aquecerem?","""Que veut dire que vous autres Mairs et Peros, c'est à dire François et Portugais, veniez de si loin querir du bois pour vous chauffer?""",True,lowercased
4264,"Ah, quem me dera não ter transgredido outrora tuas palavras!","ah, quem me dera não ter transgredido outrora tuas palavras!",N'aîabŷî xûé temõ erimba'e nde nhe'enga mã!,True,lowercased
4265,Cingi-o,cingi-o,Aîku'aman,True,lowercased
4266,"Como modo de honrar sua vinda, comemoramos este dia","como modo de honrar sua vinda, comemoramos este dia",Turagûera moetesabamo kó 'ara îamoeté,True,lowercased
4267,Ficaste quebrando a cabeça de teu filho antes de o abortar?,ficaste quebrando a cabeça de teu filho antes de o abortar?,Ereîakangá-ngápe nde membyra i akyrar-y îanondé?,True,lowercased
4268,"Ao comer junto dos seus discípulos, o pão devolveu como seu corpo (Ar, Cat, 5) Kapi'ĩ sosé kó tuî, tapi'irusu karûápe - Eis que sobre o capim ele está deitado, no lugar em que a vaca come","ao comer junto dos seus discípulos, o pão devolveu como seu corpo kapi'ĩ sosé kó tuî, tapi'irusu karûápe - eis que sobre o capim ele está deitado, no lugar em que a vaca come","Gûemimbo'e pyri o karûápe, miapé moîebyû gûetéramo",True,parentheses_removed | lowercased | whitespace_collapsed
4269,"Portanto, não morri com um pecado sequer!","portanto, não morri com um pecado sequer!","Irõ, oîepé tiruã pecado n'aromanõî!",True,lowercased
4270,Lamentando terem nascido de suas mães,lamentando terem nascido de suas mães,O sy suí o 'aragûera moasŷabo,True,lowercased
4271,"Tu foste gabola, lembrando-te de coisas más?","tu foste gabola, lembrando-te de coisas más?",-Nde nhe'engapaparaípe mba'epoxy resé nde ma'enduaramo?,True,lowercased
4272,"Oh, muito bem!","oh, muito bem!","Té, aûîé nipó!",True,lowercased
4273,"Se o que tem relações sexuais com uma solteira ou por ela se atrai transgride muito a palavra de Deus, tanto mais o que perverte uma casada ou o que se atrai por ela","se o que tem relações sexuais com uma solteira ou por ela se atrai transgride muito a palavra de deus, tanto mais o que perverte uma casada ou o que se atrai por ela","Mene'yma resé oîkoba'e abiã koîpó sesé onhemomotaryba'e oîaby-eté Tupã nhe'enga, memetipó mendara momoxysara koîpó sesé nhemomotasara",True,lowercased
4274,Queres que ele te coma?,queres que ele te coma?,Ereîpotápe nde 'u?,True,lowercased
4275,Isso o Senhor Deus não quer,isso o senhor deus não quer,Ianga Pa'i Tupã n'oîpotari,True,lowercased
4276,"Meus dentes tiritam (isto é, batem com o frio) Xe rembé-tatak - Meu beiço tirita",meus dentes tiritam xe rembé-tatak - meu beiço tirita,Xe rãîtatak,True,parentheses_removed | lowercased | whitespace_collapsed
4277,Lourenço tostado atou minhas mãos,lourenço tostado atou minhas mãos,Rorẽ-ka'ẽ xe popûá,True,lowercased
4278,tuas palavras,tuas palavras,nde nhe'enga,False,
4279,inimiga do diabo,inimiga do diabo,Anhanga sumarã,False,
4280,Que não tenha medo de anunciar a Jesus Cristo,que não tenha medo de anunciar a jesus cristo,T'osykyîé umẽ Îesu Cristo mombegûabo,True,lowercased
4281,O próprio padre responsável por eles que o julgue,o próprio padre responsável por eles que o julgue,Abaré serekoara aé t'osekokuab,True,lowercased
4282,Nosso Senhor constituiu-me guardião da aldeia,nosso senhor constituiu-me guardião da aldeia,Taba raroanamo nhẽ Îandé Îara xe moingóû,True,lowercased
4283,Não querendo proceder segundo a vontade de sua própria carne,não querendo proceder segundo a vontade de sua própria carne,Og o'o remimotara rupi oîkó-potare'yma,True,lowercased
4284,Acaso trouxeste muitas coisas?,acaso trouxeste muitas coisas?,Ereruretá serã?,True,lowercased
4285,Vou em busca de água,vou em busca de água,Y piaramo asó,True,lowercased
4286,Ficaria aumentando meus miseráveis pecados vivendo nesta terra,ficaria aumentando meus miseráveis pecados vivendo nesta terra,Aîrumõ-rumõmo xe rekoangaîpagûera'uba ikó yby pupé gûitekóbomo,True,lowercased
4287,É no final da missa que entras sempre?,é no final da missa que entras sempre?,Missa mondykápe épe ereîké îepi?,True,lowercased
4288,"Para ele trouxeram, como oferendas, ouro, resina dura que recende (isto é, incenso) e mirra","para ele trouxeram, como oferendas, ouro, resina dura que recende e mirra","I xupé ogûeru îetanongabamo itaîuba, ysykatã syapûãba'e, mirra",True,parentheses_removed | lowercased | whitespace_collapsed
4289,"Vereis também, futuramente, minha vinda sobre as nuvens","vereis também, futuramente, minha vinda sobre as nuvens",Pesepîak irã ybytinga 'arybo xe rura béne,True,lowercased
4290,diminuto como isto,diminuto como isto,nãîbe'ĩnhot'a'ub,False,
4291,"barco de navio, barco salva-vidas","barco de navio, barco salva-vidas",ygá-membyra,False,
4292,"Vendo-o, somente, é como pão","vendo-o, somente, é como pão",Sepîaka nhõ miapé berame'ĩ,True,lowercased
4293,Afligiu-o muito,afligiu-o muito,Oîmomboreaûsu-katu,True,lowercased
4294,"Mataram seus corpos, mas suas almas foram-se para encontrar a vida que não acabará","mataram seus corpos, mas suas almas foram-se para encontrar a vida que não acabará","Seté îukáû, i 'anga-te oîeoî tekobé opaba'erame'yma ri oîekosupa",True,lowercased
4295,Mordo-lhe a cabeça,mordo-lhe a cabeça,Aî'a-su'u,True,lowercased
4296,"De diante deles ele foi, aos poucos, subindo","de diante deles ele foi, aos poucos, subindo",Sobaké suí mbegûé-mbegûé i xóû oîeupi,True,lowercased
4297,Está diante de mim,está diante de mim,E'am xe reseî,True,lowercased
4298,Por que a gente reconhece o dia dos santos?,por que a gente reconhece o dia dos santos?,Marãnamope asé santos 'ara kuabi?,True,lowercased
4299,Pus espertadura nela,pus espertadura nela,Aî'atype'apá-moín,True,lowercased
4300,bom trabalhador,bom trabalhador,morabuká-katu,False,
4301,casca de coco,casca de coco,inaîagûasu apepûera,False,
4302,Não conheço esse homem,não conheço esse homem,N'aîkuabi a'e abá,True,lowercased
4303,Que perguntem ao padre ao se confessarem,que perguntem ao padre ao se confessarem,T'oporandu abaré supé o nhemombegûápe,True,lowercased
4304,Eis que ele sempre vai,eis que ele sempre vai,Osó memẽ n'akó îepi,True,lowercased
4305,"Excitaste-o, querendo expelir teu sêmen?","excitaste-o, querendo expelir teu sêmen?",Ereîkapyrokype nde ra'y-pupuka potá?,True,lowercased
4306,"Antes que ela saiba, vamos para levar os malditos","antes que ela saiba, vamos para levar os malditos","I kuab'e'ymebé, îasó muru rerasóbo",True,lowercased
4307,sendo coisa antiga,sendo coisa antiga,o mba'epûeramo,False,
4308,Matei já os tupis,matei já os tupis,Aîuká umûã tupi,True,lowercased
4309,Eu sou leproso,eu sou leproso,Xe piryty,True,lowercased
4310,Repartimo-nos,repartimo-nos,Oronhemoîa'ok,True,lowercased
4311,Bem que disse isso,bem que disse isso,Îepé aîpó a'é,True,lowercased
4312,homem ignorante,homem ignorante,abá-tekokuabe'yma,False,
4313,"Amo-a, por ela tendo cuidado","amo-a, por ela tendo cuidado","Asaûsu, sesé gûinhemoryryîa",True,lowercased
4314,A seus olhos eu hei de estar,a seus olhos eu hei de estar,Sesápe xe rekóû re'ĩ,True,lowercased
4315,Urdiste mentiras contra alguém?,urdiste mentiras contra alguém?,Eresekyîpe îuraragûaîa abá supé?,True,lowercased
4316,Eu mesmo fiz assim,eu mesmo fiz assim,Ixé aé emonã aîkó,True,lowercased
4317,tendo o dom da vossa vida,tendo o dom da vossa vida,pe rekobé me'engaba rerekóbo,False,
4318,"Urdiste mentiras contra alguém, envergonhando-o, fazendo-o ser tratado como mentiroso?","urdiste mentiras contra alguém, envergonhando-o, fazendo-o ser tratado como mentiroso?",Eresekyîpe îuraragûaîa abá supé i motĩamo nhe'engabamo serekó-uká?,True,lowercased
4319,Cumpriste as palavras do governante da aldeia?,cumpriste as palavras do governante da aldeia?,Ereîporakápe taba rerekoara nhe'enga?,True,lowercased
4320,"Todo seu sangue deu, morrendo","todo seu sangue deu, morrendo","Opá og ugûy me'engi, omanomõ",True,lowercased
4321,"Cuidado, cuidado, menino, para que não te castigue o homem branco","cuidado, cuidado, menino, para que não te castigue o homem branco","Taté, taté, kunumĩ, na nde nupãî karaíba",True,lowercased
4322,Antigamente pescava bem os peixes,antigamente pescava bem os peixes,Akûeîme rakó pirá asekyî-marangatu,True,lowercased
4323,Também por embriaguez ficando a ferirem-se uns aos outros,também por embriaguez ficando a ferirem-se uns aos outros,Sabeypora suí bé oîoapixá-pixapa,True,lowercased
4324,Acenaste com a mão para alguma mulher?,acenaste com a mão para alguma mulher?,Ereîepoeîtykype kunhã amõ supé?,True,lowercased
4325,"Somente o domingo que está no meio dela (isto é, da Quaresma)",somente o domingo que está no meio dela,Domingo anhõ i pytera rupi okûaba'e,True,parentheses_removed | lowercased | trimmed
4326,Logo depois que morrerem irão para o céu os que foram assim desse jeito?,logo depois que morrerem irão para o céu os que foram assim desse jeito?,O manõ riremẽ serã emonã nungara sóû ybakypene?,True,lowercased
4327,Afilei-o bem fininho,afilei-o bem fininho,Aîmopoîĩ,True,lowercased
4328,Eu estou bento,eu estou bento,I mongaraibypyra ixé,True,lowercased
4329,"Vou à guerra, vou como guerreiro","vou à guerra, vou como guerreiro",Asó gûarinĩramo,True,lowercased
4330,"Semelhante a que é essa graça, o meio de fazê-los bons?","semelhante a que é essa graça, o meio de fazê-los bons?",Mba'e nungarape aîpó graça i moangaturãsaba?,True,lowercased
4331,a satisfação dos cônjuges,a satisfação dos cônjuges,mendara moîekosupaba,False,
4332,Eu sobrei,eu sobrei,Xe rembyr,True,lowercased
4333,Como se fosse aquele que não morrerá,como se fosse aquele que não morrerá,Akó omanõba'erame'yma berame'ĩ,True,lowercased
4334,Cada vez que tem medo da morte,cada vez que tem medo da morte,Te'õ suí o nheangu îabi'õ,True,lowercased
4335,"Mas não pode a gente, de modo nenhum, contar o procedimento oculto de alguém?","mas não pode a gente, de modo nenhum, contar o procedimento oculto de alguém?",Nd'e'ikatu angáî-tepe asé abá rekó-nhemima mombegûabo?,True,lowercased
4336,Endireitei-o,endireitei-o,Aîapengok,True,lowercased
4337,O bondoso São Lourenço guarda vossa terra,o bondoso são lourenço guarda vossa terra,São Lourenço-angaturama osarõ nhẽ pe retama,True,lowercased
4338,"ele (es, a, as) mesmo (os, a, as)",ele mesmo,Ixé aé - Eu mesmo A'e aé,True,parentheses_removed | whitespace_collapsed | trimmed
4339,"Vai para prová-los, para que pratiquem maus atos","vai para prová-los, para que pratiquem maus atos",Eîori sa'anga t'oîpuru tekó-poxy,True,lowercased
4340,"Mas tu brilhas mais que ele, iluminando-nos todos com tua virtude","mas tu brilhas mais que ele, iluminando-nos todos com tua virtude","Nde-te ereberá i xosé, oré resapébo pá nde rekokatu pupé",True,lowercased
4341,Escabelei-o,escabelei-o,Aî'abo'o-bo'o,True,lowercased
4342,"Eis que esta roupa será, adequadamente, de feriado","eis que esta roupa será, adequadamente, de feriado",Ikó aoba niã aûîé-katutenhẽ Tupãnemendarama,True,lowercased
4343,Ferrei-o,ferrei-o,Asapy,True,lowercased
4344,"Hei de ir, de fato?","hei de ir, de fato?",Asóp'ixéne é?,True,lowercased
4345,Creio na subida dele ao céu,creio na subida dele ao céu,Arobîar ybakype i îeupiragûera,True,lowercased
4346,fruto dela,fruto dela,i 'a,False,
4347,"fogo do cauim, isto é, com que se coze o cauim","fogo do cauim, isto é, com que se coze o cauim",kaûĩ ratá,False,
4348,"Os bem-aventurados e os santos no céu, que vêem a Deus, ultrapassam o número dos dias que o ano tem","os bem-aventurados e os santos no céu, que vêem a deus, ultrapassam o número dos dias que o ano tem","Marangatuba'e, Santos, ybakype Tupã repîakaretá, osasá 'ara ro'y remierekó papasaba",True,lowercased
4349,Meu preço é pouquinho,meu preço é pouquinho,Xe repy mokonhõ'ĩ,True,lowercased
4350,Quem aquele (mandamento) transgride?,quem aquele transgride?,Abápe aîpoba'e oîaby?,True,parentheses_removed | lowercased | whitespace_collapsed
4351,"Não parece bem fazer ele a defesa da morte fora de Jesus Cristo, mas faz sentido que sua morte fosse a finalidade com que seu Pai o fez viver","não parece bem fazer ele a defesa da morte fora de jesus cristo, mas faz sentido que sua morte fosse a finalidade com que seu pai o fez viver","N'i aîarõî Îesu Cristo taté é te'õ suí i îepirapûana, tuba i moingoaba se'õ a'e i aîarõ",True,lowercased
4352,Não ouço tuas palavras,não ouço tuas palavras,N'asendubi nde nhe'enga,True,lowercased
4353,de madrugada,de madrugada,ka'amutumome,False,
4354,Parei,parei,Apytá,True,lowercased
4355,"Mas eu a Deus, meu pai, rezava sempre, propondo ser bom, pranteando meus pecados","mas eu a deus, meu pai, rezava sempre, propondo ser bom, pranteando meus pecados","Ixé-te, Tupã, xe ruba, aîmongetá memẽ nhẽ, xe katurama momboîa, xe angaîpaba rapirõmo",True,lowercased
4356,"Esses, enfim, não diferem da cobra, isso porque a cobra, antes de fazer destruir a vida daquele que morde, deixa sua própria vida ao pisarem sua cabeça","esses, enfim, não diferem da cobra, isso porque a cobra, antes de fazer destruir a vida daquele que morde, deixa sua própria vida ao pisarem sua cabeça","Aîpoba'e tene nd'oîabyî mboîa, mba'etakó mboîa o emindu'u rekobé mokanhemukar-y îanondé, o ekobé reîari o akanga patukasagûerype",True,lowercased
4357,Não mates gente,não mates gente,Eporapiti umẽ,True,lowercased
4358,"O homem desanima, sem mais, de comer também","o homem desanima, sem mais, de comer também",Omanõaibí abá o mba'e gûápe bé,True,lowercased
4359,"O fogo te convém verdadeiramente, para que nele te asses","o fogo te convém verdadeiramente, para que nele te asses","Tatá nde arõeté, i pupé t'ereîesy",True,lowercased
4360,"Corta-o pela sua base (isto é, cerce)",corta-o pela sua base,Iî aŷpy rupi eîasy'ab,True,parentheses_removed | lowercased | trimmed
4361,Não conhece a preocupação com sua própria morte,não conhece a preocupação com sua própria morte,Ogûe'õnama resé nheangerekó n'oîkuabi,True,lowercased
4362,Vem para que faças ir de mim a maldade,vem para que faças ir de mim a maldade,Eîori t'eremondó xe suí tekoangaîpaba,True,lowercased
4363,A ele a gente pede pelo futuro viver de sua alma?,a ele a gente pede pelo futuro viver de sua alma?,I xupépe asé îeruréû o 'anga rekorama resé?,True,lowercased
4364,"Ele, com a mãe de Deus, foi o que criou a Jesus, Deus","ele, com a mãe de deus, foi o que criou a jesus, deus",A'e niã Tupã sy irũnamo Tupã Jesus mongakuasaramo sekóû,True,lowercased
4365,Podem casar-se um com o outro?,podem casar-se um com o outro?,E'ikatupe o îoesé omendá?,True,lowercased
4366,óleo de peixe,óleo de peixe,pirá-nhandy,False,
4367,Ferrei-o,ferrei-o,Aîpyapasamoín,True,lowercased
4368,"Vamos, devagar, para fazer o assalto, para queimar a terra dos malditos","vamos, devagar, para fazer o assalto, para queimar a terra dos malditos","T'îasó, mbegûé, îapu'ama, t'ixapy moxy retama",True,lowercased
4369,Prendi-os um ao lado do outro,prendi-os um ao lado do outro,O îoybyri aîmoín,True,lowercased
4370,Uniram-se os homens maus,uniram-se os homens maus,I îasear apŷabaíba,True,lowercased
4371,"Veio de novo, achando-os novamente no sono","veio de novo, achando-os novamente no sono",Our benhẽ i kera pé nhẽ obasemano,True,lowercased
4372,Fui na direção do meio das águas,fui na direção do meio das águas,Y-pytera koty asó,True,lowercased
4373,Mas que vá Pero,mas que vá pero,Pero-te t'osó,True,lowercased
4374,Segui adiante,segui adiante,Akûabĩ tenondé,True,lowercased
4375,Já veio,já veio,Our ugûan,True,lowercased
4376,Vem para te compadeceres de nós,vem para te compadeceres de nós,"Eîori, oré raûsubá",True,lowercased
4377,Apoiamo-nos em ti,apoiamo-nos em ti,Oroîekok nde resé,True,lowercased
4378,Eu sou curto,eu sou curto,Xe apûa'ĩ,True,lowercased
4379,Remo,remo,Aygapukuî,True,lowercased
4380,Esmigalhei-o,esmigalhei-o,Aîkumirik,True,lowercased
4381,Dizem que é assim,dizem que é assim,Emonã i'e ra'e,True,lowercased
4382,Para as armadilhas eles levam gente,para as armadilhas eles levam gente,Mundépe i porerasóû,True,lowercased
4383,O que fica urdindo as palavras de alguém,o que fica urdindo as palavras de alguém,Abá oînhe'ẽmonhã-monhangyba'e,True,lowercased
4384,Como será que um habitante do inferno viveria neste mundo se Deus o fizesse viver fora dali um mês?,como será que um habitante do inferno viveria neste mundo se deus o fizesse viver fora dali um mês?,Marãeté'ĩ ra'umope amõ Anhanga ratá pora rekóû ikó 'ara pupé oîepé îasy Tupã ebanõî suí o moingobérememo?,True,lowercased
4385,Eu sou um fujão,eu sou um fujão,Xe îababixûer,True,lowercased
4386,A que cuida da virtude é a mãe de Deus bondosa,a que cuida da virtude é a mãe de deus bondosa,Tekokatu angagûara Tupã sy-angaturama,True,lowercased
4387,Para o monte chamado Calvário,para o monte chamado calvário,Ybytyra Monte Calvário 'îápe,True,lowercased
4388,Eu estou enlameado,eu estou enlameado,Xe ru'um,True,lowercased
4389,"Vela bem por mim, mandando que não me façam cair","vela bem por mim, mandando que não me façam cair","Ema'enãngatu xe ri, xe mbo'are'ymuká",True,lowercased
4390,"Não existem mais absolutamente suas antigas terras Todas, há tempos, não contêm muita coisa","não existem mais absolutamente suas antigas terras todas, há tempos, não contêm muita coisa",N'i tyb-angáî setãmbûera Opá akûeîme n'i poretáî,True,lowercased
4391,"Tu és a manhã, causa verdadeira da alegria do dia","tu és a manhã, causa verdadeira da alegria do dia","Nde ko'ema, 'ara rorypabeté",True,lowercased
4392,"Sofrendo tudo o que é doloroso, que não se mitigará","sofrendo tudo o que é doloroso, que não se mitigará",Opakatu sasyeteba'e i arybeba'erame'yma porarábo,True,lowercased
4393,"Jesus, o que eu desejo","jesus, o que eu desejo","Îesu, xe remimotara",True,lowercased
4394,Limpo-o de ferrugem,limpo-o de ferrugem,Aîkytyngok,True,lowercased
4395,"Mostram-se a urdir mentiras, ficando a provar poções","mostram-se a urdir mentiras, ficando a provar poções","E'i mo'ema monhanga, mosanga ra'ã-ra'anga",True,lowercased
4396,"Tu és a manhã, verdadeira alegria do dia","tu és a manhã, verdadeira alegria do dia","Nde ko'ema, 'ara rorypabeté",True,lowercased
4397,"É natural dele (pex, um sinal que tem no rosto, que sempre ali esteve, que sempre foi assim e não é coisa nova)",é natural dele,Sekoaba nhẽ,True,parentheses_removed | lowercased | trimmed
4398,o ocultamento das coisas,o ocultamento das coisas,mba'e kuakubagûera,False,
4399,Que me livre Deus do pecado,que me livre deus do pecado,Ta xe pe'a Tupã tekoangaîpaba suí,True,lowercased
4400,Varri os ciscos,varri os ciscos,Aytypeir,True,lowercased
4401,"Após seres grande, serás mãe de Deus","após seres grande, serás mãe de deus","Nde reburusu riré, Tupã syramo ereîkóne",True,lowercased
4402,"tempo, lugar, instrumento, causa, modo, companhia, etc de matar","tempo, lugar, instrumento, causa, modo, companhia, etc de matar",îukasaba,False,
4403,Como seus discípulos procederam vendo tratar assim a seu senhor?,como seus discípulos procederam vendo tratar assim a seu senhor?,Marãpe i boîá rekóû emonã o îara rerekó repîaka?,True,lowercased
4404,Engolir-me-á por aí alguma cobra grande,engolir-me-á por aí alguma cobra grande,Xe mokõ kûepe mboîusu amõne,True,lowercased
4405,sujeira do menino,sujeira do menino,kunumĩ a'uba,False,
4406,Que mal eu agi outrora,que mal eu agi outrora,Akûere'õ xe rekóû rimba'e re'ĩ,True,lowercased
4407,"Retiraram-no para o pátio, colocando uma cruz no ombro dele","retiraram-no para o pátio, colocando uma cruz no ombro dele","Okarype senosemi, cruz nonga i ati'yba ri",True,lowercased
4408,Meu rosto é envelhecido,meu rosto é envelhecido,Xe robá tuîba'e,True,lowercased
4409,É certo que o comungante comungue algumas vezes (ou) sempre?,é certo que o comungante comungue algumas vezes sempre?,"A'eboépe Tupã rasara Tupã rari amõme, îepi?",True,parentheses_removed | lowercased | whitespace_collapsed
4410,"Eu vim do rio dos paratis para ver a mãe de Deus, ficando a enfeitar-me","eu vim do rio dos paratis para ver a mãe de deus, ficando a enfeitar-me","Xe Parati 'y suí aîu Tupã sy repîaka, gûinhemoîegûá-îegûaka",True,lowercased
4411,"Eu, em vez disso, quero presas em alguns bêbados","eu, em vez disso, quero presas em alguns bêbados","Xe-te, xe rembiá-potá sabeypora amõ resé",True,lowercased
4412,Apenas não me matou,apenas não me matou,Sa'ĩ xe îukae'ymi,True,lowercased
4413,"metal vivo, isto é, o mercúrio","metal vivo, isto é, o mercúrio",itá-ekobé,False,
4414,"Ah, vencer-me-ão hoje","ah, vencer-me-ão hoje",Xe reîtyk korine mã!,True,lowercased
4415,por baixo das brenhas dela,por baixo das brenhas dela,iî aigûyra rupi nhẽ,False,
4416,Desenfiei-o,desenfiei-o,Asysymbo'ir,True,lowercased
4417,Maltrato-o,maltrato-o,Arekomarã,True,lowercased
4418,pequeno como isto,pequeno como isto,nãmo-nhõta'ub,False,
4419,Se eu tivesse ido,se eu tivesse ido,Mba'emeémo asó,True,lowercased
4420,A mim também o flechado Bastião derrotou-me Não existe mais minha antiga bravura,a mim também o flechado bastião derrotou-me não existe mais minha antiga bravura,Xe abé iî ybõmbyrûera Bastião xe moaûîé N'i tybi xe abaetepûera,True,lowercased
4421,"Eia, agora, contai, pois, os impedimentos dele","eia, agora, contai, pois, os impedimentos dele",Pe'ĩ ko'yr sarûaba mombegûabo rõ,True,lowercased
4422,Arranquei-lhe as sementes,arranquei-lhe as sementes,Asa'ỹî-ok,True,lowercased
4423,Eu estou muito empanturrado,eu estou muito empanturrado,Xe rebykatãgûasu,True,lowercased
4424,"Vem para espantar o maldito, para que não invista contra nós","vem para espantar o maldito, para que não invista contra nós","Eîori muru mondyîa, t'opu'am umẽ oré ri",True,lowercased
4425,Será que a noite toda ages para fazer sumir as galinhas?,será que a noite toda ages para fazer sumir as galinhas?,Pysaré serã ereîkó arinhama mokanhema?,True,lowercased
4426,"O próprio céu é o que Deus prepara para nós, lugar em que bem coloca nossa felicidade futura","o próprio céu é o que deus prepara para nós, lugar em que bem coloca nossa felicidade futura","Ybaka aé Tupã îandé resé i nhemosako'îaba, îandé mba'ekaturama nongatûaba re'a",True,lowercased
4427,"Para cima mandou pregar suas pernas e, para baixo, sua cabeça","para cima mandou pregar suas pernas e, para baixo, sua cabeça","Ybaté koty ogûetymã moîarukari, 'yba koty o akanga",True,lowercased
4428,Não comas este fruto,não comas este fruto,E'u ymẽ ikó 'ybá,True,lowercased
4429,Mata-o!,mata-o!,Eîuká!,True,lowercased
4430,"Bebeste cauim, temendo tua embriaguez?","bebeste cauim, temendo tua embriaguez?","Ereka'upe, nde sabeypora reroangûabo nhẽ?",True,lowercased
4431,tentando inutilmente o modo antigo de falar,tentando inutilmente o modo antigo de falar,o nhe'engabûera ra'angyîepébo,False,
4432,"Na verdade, três vezes negarás ser meu discípulo","na verdade, três vezes negarás ser meu discípulo",Mosapy ipó xe boîáramo nde rekó ereîkuakub,True,lowercased
4433,Alimentando-o um pouco em teu seio,alimentando-o um pouco em teu seio,I poîa-mirĩ nde kama pupé,True,lowercased
4434,Fez Nosso Senhor algum (milagre) diante dele?,fez nosso senhor algum diante dele?,Oîmonhangype Îandé Îara amõ sobaké?,True,parentheses_removed | lowercased | whitespace_collapsed
4435,Solto o embrulho dele,solto o embrulho dele,Aîpokesá-rab,True,lowercased
4436,"Ó meu filhinho, lembra-te de que os que pereceram são objeto de esquecimento","ó meu filhinho, lembra-te de que os que pereceram são objeto de esquecimento","Xe ra'yrĩ gûé, tesaraîtabamo okanhemba'epûera rekó resé nde ma'enduar",True,lowercased
4437,se eu arrotar (lit - no caso de meu arroto),se eu arrotar,xe eúme,True,parentheses_removed | trimmed
4438,"Sede verdadeira, não a de antes de tocar a água","sede verdadeira, não a de antes de tocar a água","Useîeté, na 'y atõî' îanondé ruã",True,lowercased
4439,Com seu sangue me lavou,com seu sangue me lavou,Og ugûy pupé xe reî,True,lowercased
4440,Sou um menor de idade,sou um menor de idade,Xe gûyrigûana,True,lowercased
4441,"Tupiniquins, habitantes daqui, espiões inimigos","tupiniquins, habitantes daqui, espiões inimigos","Tupinakyîa, keygûara, tĩapyra moroupîara",True,lowercased
4442,Para as armadilhas eles levam gente,para as armadilhas eles levam gente,Mundépe i porerasóû,True,lowercased
4443,haste sem os grãos,haste sem os grãos,ygûera,False,
4444,Ter-nos-iam amaldiçoado,ter-nos-iam amaldiçoado,Îandé momburu meémo,True,lowercased
4445,Gritei com ele,gritei com ele,Aîakab,True,lowercased
4446,Eu tenho diarréia com sangue,eu tenho diarréia com sangue,Xe reîkûarugûy,True,lowercased
4447,"Sobra-me dinheiro, certamente","sobra-me dinheiro, certamente",Xe resemõ îepé itaîuba,True,lowercased
4448,Como viajantes é que nós estamos nesta terra,como viajantes é que nós estamos nesta terra,Ataramo é asé rekóû ikó yby pupé,True,lowercased
4449,Desviei-o comigo,desviei-o comigo,Aropîá,True,lowercased
4450,"de lado, de ilharga","de lado, de ilharga",o ykébo,False,
4451,Que estejam atacando gente,que estejam atacando gente,T'oporepenhã oîkóbo,True,lowercased
4452,Havemos de anunciar futuramente sua partida,havemos de anunciar futuramente sua partida,T'îaîmombe'u é irã i îepaboka,True,lowercased
4453,Tornando possíveis coisas que são difíceis,tornando possíveis coisas que são difíceis,Mba'e i abaiba'e moabaibe'yma,True,lowercased
4454,"Eu sou muito grosseiro, eu sou grosseirão","eu sou muito grosseiro, eu sou grosseirão",Xe ran - Eu sou grosseiro Xe ranusu,True,lowercased
4455,E Judas não se afligiu junto aos judeus por entregar a seu senhor?,e judas não se afligiu junto aos judeus por entregar a seu senhor?,A'epe Îudas n'oîkotebẽî Îudeus supé o îara me'engagûera resé?,True,lowercased
4456,trucidador,trucidador,morapitîara,False,
4457,"Conforme seu próprio pedido, na cruz o pregaram","conforme seu próprio pedido, na cruz o pregaram","Cruz resé i moîari, i îeruresabo é",True,lowercased
4458,Ajo velhacamente,ajo velhacamente,Aîkó-angaîpab,True,lowercased
4459,"Caem, às vezes, os que seriam os frutos das árvores, sendo ainda flores","caem, às vezes, os que seriam os frutos das árvores, sendo ainda flores",Okuî rakó amũme 'ybarambûera o 'yba suí 'ybotyramo oîkóbo bé,True,lowercased
4460,Ela está afiada,ela está afiada,Saembé,True,lowercased
4461,"Ao passar a quarta-feira das cinzas sagradas, o grande jejum chamado Quaresma começa","ao passar a quarta-feira das cinzas sagradas, o grande jejum chamado quaresma começa","Quarta-feira tanimbu-karaíba rasápe, îekuakupabusu Quaresma 'îaba nheypyrungi",True,lowercased
4462,"És parecido com um chamusco, ó coisa fedorenta!","és parecido com um chamusco, ó coisa fedorenta!","-Nde rapixara pixé, mba'enem-y îu!",True,lowercased
4463,"miolo, tutano de osso","miolo, tutano de osso",kanga putu'uma,False,
4464,Teço roupas,teço roupas,Aaó-pyasab,True,lowercased
4465,Trato-o como se fosse meu filho,trato-o como se fosse meu filho,Xe ra'yra berame'ĩ arekó,True,lowercased
4466,Acaso Deus tem vista aguda para me ver?,acaso deus tem vista aguda para me ver?,Sesapysó a'upe é Tupã xe repîaka?,True,lowercased
4467,Não trabalhamos neste dia,não trabalhamos neste dia,N'îaporabykyî kó 'ara pupé,True,lowercased
4468,"Levantai-vos, vamos em seu caminho para encontrá-lo","levantai-vos, vamos em seu caminho para encontrá-lo","Pepu'am, t'îasó sapépe sobaîtĩamo",True,lowercased
4469,"Que coisas, pois, eu fiz hoje?","que coisas, pois, eu fiz hoje?",Marã-marã-pakó îeí xe rekóû?,True,lowercased
4470,lasca de madeira,lasca de madeira,ybyrá-pesembûera,False,
4471,Não foi à toa que os feriados surgiram para nós como um intercalação no trabalho,não foi à toa que os feriados surgiram para nós como um intercalação no trabalho,Na tenhẽ ruã 'areté marãtekoaba ri oîoparabamo 'ari îandébo,True,lowercased
4472,Como modo de fazer voltar em si a virtude,como modo de fazer voltar em si a virtude,Tekokatu reroîebysabamo,True,lowercased
4473,Enrolei o cipó no esteio,enrolei o cipó no esteio,Aîmaman okytá ysypó pupé - Amarrei o esteio com cipó Aîmaman ysypó okytá resé,True,lowercased
4474,nariz achatado,nariz achatado,tĩmbeba,False,
4475,Espero-o no seu caminho,espero-o no seu caminho,Asapearõ,True,lowercased
4476,Pratiquei todos os jejuns,pratiquei todos os jejuns,Aîá pá îekuakuba,True,lowercased
4477,Eu estou muito melancólico,eu estou muito melancólico,Xe pytubarusu,True,lowercased
4478,Eis aqui meu arco,eis aqui meu arco,Kobé xe îurupara,True,lowercased
4479,"fio embotado (de faca, de machado, etc)",fio embotado,aembé-koroîa,True,parentheses_removed | trimmed
4480,Tenho jeito de o saber,tenho jeito de o saber,Aîkugûab-arõan,True,lowercased
4481,Regurgitei,regurgitei,Atuî,True,lowercased
4482,palavra ruim,palavra ruim,nhe'engasy,False,
4483,"Entram grandes espinhos, espetando sua cabeça","entram grandes espinhos, espetando sua cabeça","Oîké îugûasu, i akanga kutuka",True,lowercased
4484,Nesse dia proferem as ladainhas ao longo da procissão,nesse dia proferem as ladainhas ao longo da procissão,Ebokûé 'ara pupé gûá osa'ang ladainhas îebyîebysaba rupi,True,lowercased
4485,"Logo, vencendo os temiminós, habitantes daqui, eu os frequentarei","logo, vencendo os temiminós, habitantes daqui, eu os frequentarei","Koromõ, keygûara temiminõ moaûîébo, asapekóne",True,lowercased
4486,Vem para nos arrancar o visgo,vem para nos arrancar o visgo,Eîori oré mongoka,True,lowercased
4487,Estava já Deus no ventre de Santa Maria?,estava já deus no ventre de santa maria?,Oín uãpe Tupã Santa Maria rygépe?,True,lowercased
4488,"Esse santo a vida de seu mestre escreveu para nós, deixando-a","esse santo a vida de seu mestre escreveu para nós, deixando-a","Kó santo o mbo'esara rekopûera erimba'e oîkûatiar îandébo, seîá",True,lowercased
4489,Que pareçam juntar-se como um só,que pareçam juntar-se como um só,T'oîese'ar-y berame'ĩ oîepekaturamo,True,lowercased
4490,Estou-me agachando (em movimento),estou-me agachando,Anhemombé-mombeb gûitekóbo,True,parentheses_removed | lowercased | trimmed
4491,"o que entrega os reféns, o redentor","o que entrega os reféns, o redentor",morepy me'engara,False,
4492,Não pode alguém casar-se com seu parente verdadeiro?,não pode alguém casar-se com seu parente verdadeiro?,Nd'e'ikatuîpe abá o anameté resé omendá?,True,lowercased
4493,"Vais, neste dia","vais, neste dia","Eresó, kó 'ara ri",True,lowercased
4494,Na minha aûsência é que ele disse isso,na minha aûsência é que ele disse isso,Xe kupépe é ahẽ aîpó i 'éû,True,lowercased
4495,Vieram para consolá-lo,vieram para consolá-lo,Our i moapysyka,True,lowercased
4496,Despejei-o,despejei-o,Asekoabok,True,lowercased
4497,Eis que também minhas muitas presas hei de dar algumas a ti,eis que também minhas muitas presas hei de dar algumas a ti,Kobé xe rembiaretá t'ame'ẽne amõ endébo,True,lowercased
4498,É por causa do chefe que a aldeia é ótima,é por causa do chefe que a aldeia é ótima,Morubixaba ri é taba matuetéramo,True,lowercased
4499,Pode o homem não cuidar de sua esposa?,pode o homem não cuidar de sua esposa?,E'ikatupe abá o emirekó resé oposykyîee'yma?,True,lowercased
4500,ouvir o sermão do padre,ouvir o sermão do padre,abaré nhe'ẽnhe'enga renduba,False,
4501,"Ah, quem me dera comer veneno para que eu morresse","ah, quem me dera comer veneno para que eu morresse","-A'u temõ mba'eaíba mã, a'emo nhẽ xe re'õû",True,lowercased
4502,"na parte de dentro da embarcação (isto é, sob a cobertura dela)",na parte de dentro da embarcação,ygá-pype,True,parentheses_removed | trimmed
4503,Meteste a mão nas partes erógenas de teu companheiro?,meteste a mão nas partes erógenas de teu companheiro?,Erepo'ẽpe nde rapixara rapupé resé?,True,lowercased
4504,Um ladrão que fora posto na prisão,um ladrão que fora posto na prisão,Abá-mondá mundeokype i mondebypyrûera,True,lowercased
4505,Acreditas em falsas oferendas ou em pajelanças?,acreditas em falsas oferendas ou em pajelanças?,Ererobîápe îetanonga'uba koîpó karaimonhanga?,True,lowercased
4506,Creio na descida dele para o meio da terra,creio na descida dele para o meio da terra,Arobîar yby apyterype i gûeîybagûera,True,lowercased
4507,"Obedeceu, enfim, Pilatos à sua palavra, então?","obedeceu, enfim, pilatos à sua palavra, então?",Osapîápe Pilatos i nhe'enga a'ereme ko'yté?,True,lowercased
4508,Que tipo de mulher é Santa Maria?,que tipo de mulher é santa maria?,Marãba'e kunhãpe Santa Maria?,True,lowercased
4509,Já transborda o cauim,já transborda o cauim,Tynysẽ umã kaûĩ,True,lowercased
4510,sob a areia branca,sob a areia branca,ybyku'i-tinga gûyri,False,
4511,Penetram os cravos dentro de tua alma,penetram os cravos dentro de tua alma,Oîké itapygûá nde 'anga pupé,True,lowercased
4512,Seus antigos companheiros dei para os índios em troca de cauim,seus antigos companheiros dei para os índios em troca de cauim,"Irũmbûera, kaûĩ repyrama ri, aîme'eng abá supé",True,lowercased
4513,Pus entradas no rosto dele,pus entradas no rosto dele,Asobagûá-moín,True,lowercased
4514,"Da mesma forma, a morte também entrou como componente deste mundo","da mesma forma, a morte também entrou como componente deste mundo",Te'õ abé reîkéû ikó 'ara poramo oîá,True,lowercased
4515,"Fá-los-ei correr comigo, fá-los-ei voar comigo","fá-los-ei correr comigo, fá-los-ei voar comigo","Anonhan, arobebéne",True,lowercased
4516,cera de ouvidos,cera de ouvidos,apysakûarygugûá,False,
4517,Faço sua futura casa,faço sua futura casa,Aîmonhang sokûama,True,lowercased
4518,mina de ouro,mina de ouro,itaîu-kûara,False,
4519,fazendo-me estar sozinho,fazendo-me estar sozinho,oîepebẽ xe moingóbo re'ĩ,False,
4520,Logo eu estou feliz,logo eu estou feliz,Koromõ xe rorybamo,True,lowercased
4521,Que eu faça brilhar a face escura de Deus para minha alma,que eu faça brilhar a face escura de deus para minha alma,T'amoberab Tupã robá-pytuna xe 'anga supé,True,lowercased
4522,"Será que estais sossegados, sem mais, com vossos montes de maldades?","será que estais sossegados, sem mais, com vossos montes de maldades?",Pe apysykĩ serã peîkóbo pe rekomemûã aty-atyra pupé?,True,lowercased
4523,Faço roça,faço roça,Akopir,True,lowercased
4524,Foram terríveis contra os malditos as flechas de São Sebastião,foram terríveis contra os malditos as flechas de são sebastião,I abaeté muru supé São Sebastião ru'uba,True,lowercased
4525,"Eu não queria vir (mas vim), irando os homens brancos","eu não queria vir , irando os homens brancos","Xe n'aîu-potari biã, karaíba moabaîtébo",True,parentheses_removed | lowercased
4526,Eu hei de vingar-te,eu hei de vingar-te,Ixé t'oroepyk,True,lowercased
4527,"Já se juntaram por causa disso muitos moços bebedores de cauim, velhas e velhos também","já se juntaram por causa disso muitos moços bebedores de cauim, velhas e velhos também","Onheŷnhang umã sesé kunumĩetá kagûara, gûaîbĩ, tuîba'e abé",True,lowercased
4528,Abortei meu filho,abortei meu filho,Xe membyrakyrar,True,lowercased
4529,Tenho vida boa,tenho vida boa,Tekó-katu arekó,True,lowercased
4530,Eu tenho muitas comborças,eu tenho muitas comborças,Xe nhemõîetá,True,lowercased
4531,Comi,comi,Akaru,True,lowercased
4532,Tendo relações sexuais com mulheres diante de sua companheira,tendo relações sexuais com mulheres diante de sua companheira,O apixara robaké kunhã resé oîkóbo,True,lowercased
4533,Eu gemo dormindo,eu gemo dormindo,Xe keraíb,True,lowercased
4534,"Tratemo-los bem, junto de nós","tratemo-los bem, junto de nós",T'i rekó-katu îandébe,True,lowercased
4535,Não deixam de ser presas de nossas mãos os que se confessam,não deixam de ser presas de nossas mãos os que se confessam,N'opyki nhemombegûara îandé pó suí sembiara,True,lowercased
4536,o que é cabeçudo (como o virote),o que é cabeçudo,i apytagûaba'e,True,parentheses_removed | trimmed
4537,"Estai aqui esperando-me, junto de mim, não dormindo","estai aqui esperando-me, junto de mim, não dormindo","Iké nhẽ peîkó xe rarõmo, xe pyri, pekere'yma",True,lowercased
4538,eia! (incitando com ênfase),eia!,ne'ĩ ne'ĩ!,True,parentheses_removed | trimmed
4539,Como o trataram ao dizer ele isso?,como o trataram ao dizer ele isso?,Marãpe ybŷá serekóû aîpó i 'ereme?,True,lowercased
4540,"Deus parece obter descanso, como se fazer quaisquer coisas fosse cansaço de Deus","deus parece obter descanso, como se fazer quaisquer coisas fosse cansaço de deus",Mutu'u resé Tupã îekosu-berame'ĩ Tupã kane'õ mba'e tetiruã monhanga îaramẽ,True,lowercased
4541,Como será que um habitante do inferno viveria neste mundo se Deus o fizesse viver fora dali um mês?,como será que um habitante do inferno viveria neste mundo se deus o fizesse viver fora dali um mês?,Marãeté'ĩ ra'umope amõ Anhanga ratá pora rekóû ikó 'ara pupé oîepé îasy Tupã ebanoĩ suí o moingobérememo?,True,lowercased
4542,O que trabalha perto de mim,o que trabalha perto de mim,Xe pyri marãtekoara,True,lowercased
4543,"Portanto, deixai de crer nele futuramente","portanto, deixai de crer nele futuramente",Emonãnamo peteumẽ irã serobîá,True,lowercased
4544,Eu estou muito leve nas minhas coisas,eu estou muito leve nas minhas coisas,Xe rekó-apepu-pepu,True,lowercased
4545,Mas seria difícil para as pessoas comer minha carne,mas seria difícil para as pessoas comer minha carne,A'e iîabaíbymo abá supé xe ro'o 'u,True,lowercased
4546,Todos eles voltaram-se para trás,todos eles voltaram-se para trás,Opá i îeakypûereroîebyri,True,lowercased
4547,Até mesmo em Deus este lança palavras,até mesmo em deus este lança palavras,Tupã resé tiruã kó nhe'enga reîtyki,True,lowercased
4548,"Eram muitos, mesmo, todos os que diziam isso","eram muitos, mesmo, todos os que diziam isso",Setá tenhẽ erimba'e opab aîpó 'îarûera,True,lowercased
4549,Voltou a viver dos que morreram,voltou a viver dos que morreram,Omanõba'epûera suí sekobé-îebyri,True,lowercased
4550,Eu sou arredio,eu sou arredio,Xe îeîaî,True,lowercased
4551,Saí em fuga,saí em fuga,Asem îepé,True,lowercased
4552,Princípio da compaixão,princípio da compaixão,Moroaûsubara 'yba,True,lowercased
4553,pó de madeira (como o que faz o caruncho no pau),pó de madeira,ybyrá ku'i,True,parentheses_removed | trimmed
4554,"Que amemos nosso pai, nosso verdadeiro criador","que amemos nosso pai, nosso verdadeiro criador","T'orosaûsu îandé ruba, îandé monhangareté",True,lowercased
4555,Quem são os que rogam a Deus por nós?,quem são os que rogam a deus por nós?,Abá-abápe asé resé Tupã mongetasaramo sekóû?,True,lowercased
4556,"Por isso mesmo o homem se confessa a seu substituto, o padre","por isso mesmo o homem se confessa a seu substituto, o padre",Nd'e'i te'e abá soŷpyra abaré supé onhemombegûabo,True,lowercased
4557,Olha bem para nós!,olha bem para nós!,Ema'ẽngatu oré ri!,True,lowercased
4558,Qual? Aquele Lourenço tostado?,qual? aquele lourenço tostado?,Umã? Akó Rorẽ-ka'ẽ?,True,lowercased
4559,"Quantas são, necessariamente, as verdadeiras esposas de um homem?","quantas são, necessariamente, as verdadeiras esposas de um homem?",Mobype amẽ abá remirekó-eté?,True,lowercased
4560,Mato gente,mato gente,Aporoîuká,True,lowercased
4561,"Querendo devorar suas almas, a noite toda não dormi, absolutamente","querendo devorar suas almas, a noite toda não dormi, absolutamente",I 'anga 'u-potá é pysaré n'aker-angáî,True,lowercased
4562,Como tu és mau!,como tu és mau!,Nde poxy ûĩ!,True,lowercased
4563,A gente se batiza muitas vezes?,a gente se batiza muitas vezes?,Setápe asé nhemongaraíbi?,True,lowercased
4564,Não chamando o padre para o doente que está consigo,não chamando o padre para o doente que está consigo,Mba'easybora o îoesendûara supé abaré renõîe'yma,True,lowercased
4565,E o escravo não obedecerá às palavras de seu senhor?,e o escravo não obedecerá às palavras de seu senhor?,A'epe miaûsuba n'osapîari xûé o îara nhe'engane?,True,lowercased
4566,"""Vou para ir"" (isto é, vou para morar)","""vou para ir""",Gûixóbo asó,True,parentheses_removed | lowercased | trimmed
4567,Nele as pessoas batem à tua vista,nele as pessoas batem à tua vista,Sesé abá pûari nde resápe nhẽ,True,lowercased
4568,"Eis que era costume, por ocasião disso, pôr nome Assim, puseram como nome dele ""Jesus""","eis que era costume, por ocasião disso, pôr nome assim, puseram como nome dele ""jesus""",Ã tekó a'ereme moreroka Ké bŷá Îesus nongi seramo,True,lowercased
4569,Fiz meu filho dormir comigo,fiz meu filho dormir comigo,Aroker xe ra'yra,True,lowercased
4570,Tiveste relações sexuais com algum sodomita?,tiveste relações sexuais com algum sodomita?,Ereîkópe tebira amõ resé?,True,lowercased
4571,Trouxe as velhas de além de Magueá,trouxe as velhas de além de magueá,Gûaîbĩ aru amõ Magûeá suí,True,lowercased
4572,Aqueles velhos reis fedorentos?,aqueles velhos reis fedorentos?,-Akó tubixanẽmbûera?,True,lowercased
4573,"Vem, coisa fedorenta!","vem, coisa fedorenta!","Eîori, mba'e-nem!",True,lowercased
4574,Olha para nós!,olha para nós!,Ema'ẽ oré resé!,True,lowercased
4575,Dar também o quinhão de Deus naquilo que plantou primeiro,dar também o quinhão de deus naquilo que plantou primeiro,O emitymbûerypy pupé Tupã potá-me'engano,True,lowercased
4576,Que pesa mais ao que está ali do que tudo o que sofre?,que pesa mais ao que está ali do que tudo o que sofre?,Mba'epe sasyeté a'epe tekoara supé opakatu semiporará sosé?,True,lowercased
4577,"Haveria de morrer, na verdade, antes de se batizar","haveria de morrer, na verdade, antes de se batizar",Omanõ îepémo oîemongaraíb'e'ymebé re'a,True,lowercased
4578,Meu corpo treme (de medo),meu corpo treme,Xe reté-piring,True,parentheses_removed | lowercased | trimmed
4579,Golpeamos um ao outro,golpeamos um ao outro,Oronheatõî,True,lowercased
4580,Por que será que ele não vem?,por que será que ele não vem?,Marã serã ture'ymi?,True,lowercased
4581,"Morro eu próprio (isto é, sem que me matem)",morro eu próprio,Amanõ teé,True,parentheses_removed | lowercased | trimmed
4582,Eu vou só,eu vou só,Ixé anhõ asó,True,lowercased
4583,Quase o matei,quase o matei,Aîukasûer,True,lowercased
4584,"o que está preso em ferros, o que está peado","o que está preso em ferros, o que está peado",i pukusamba'e,False,
4585,Sinto que tu queres ir para o fogo do diabo,sinto que tu queres ir para o fogo do diabo,Anhandub Anhanga ratápe nde só-potara,True,lowercased
4586,Machuco-lhe a cabeça,machuco-lhe a cabeça,Aî'apirungá,True,lowercased
4587,"o sem-orelhas, coisa mocha","o sem-orelhas, coisa mocha",nambie'yma,False,
4588,Tapei-lhe a boca,tapei-lhe a boca,Aîputupyk,True,lowercased
4589,Deverias ter sabido antes o que fazias,deverias ter sabido antes o que fazias,Ereîkuá ranhẽ meémo emonã nde rekorama,True,lowercased
4590,Eu espumei,eu espumei,Xe rendyîuî,True,lowercased
4591,Longamente nosso pai primeiro esteve chorando,longamente nosso pai primeiro esteve chorando,Ipuku erimba'e îandé rubypy rekóû îase'o-monhanga,True,lowercased
4592,Eu tenho dores de parto,eu tenho dores de parto,Xe membyrasy,True,lowercased
4593,O que Cristo deixa como chefes dos cristãos batizados,o que cristo deixa como chefes dos cristãos batizados,Cristãos i mongaraibypyra tekokuaparamo Cristo remieîara,True,lowercased
4594,"Detesta-te, emenda-te","detesta-te, emenda-te","Eîeroŷrõ, enhemomotiasó",True,lowercased
4595,Não trouxeste foices?,não trouxeste foices?,N'ererupe îyapara?,True,lowercased
4596,"No meio do caminho, meninos assaltaram-me mesquinhamente","no meio do caminho, meninos assaltaram-me mesquinhamente","Pé ku'ape, kunumĩ pu'ama'ubi xe ri",True,lowercased
4597,homem covarde,homem covarde,abá-ekoetee'yma,False,
4598,Com sua própria filha ninguém se casa,com sua própria filha ninguém se casa,O aîyra resé abá n'omendari,True,lowercased
4599,Estou em guerra,estou em guerra,Aîkó marana ri,True,lowercased
4600,sua orelha arrancada,sua orelha arrancada,i nambi-mondokypyra,False,
4601,Como coisa um do outro estão os que são casados,como coisa um do outro estão os que são casados,O îomba'eramo i momendarypyra rekóû,True,lowercased
4602,"""frio coalhado"", isto é, neve, geada","""frio coalhado"", isto é, neve, geada",ro'ynhemoapysanga,False,
4603,Escondo-me bem estando deitado aqui,escondo-me bem estando deitado aqui,Aîemĩngatu kó gûitupa,True,lowercased
4604,Aoba -Marãba'e? -Pykasu-aba -Que trouxeste dentro de tua caixa? -Roupas -De que tipo? -De pena de pomba,aoba -marãba'e? -pykasu-aba -que trouxeste dentro de tua caixa? -roupas -de que tipo? -de pena de pomba,-Mba'epe ereru nde karamemûã pupé?,True,lowercased
4605,"Eu, Tatapitera, inflamo os antigos ódios","eu, tatapitera, inflamo os antigos ódios","Xe, Tatapytera asapy nhemoŷrõmbûera",True,lowercased
4606,Experimentemos a força dos homens conosco,experimentemos a força dos homens conosco,T'isa'ang apŷaba marã îandé irũ,True,lowercased
4607,entalhe da flecha,entalhe da flecha,u'uba nhã,False,
4608,Ficando a repreendê-lo por ocasião de seu erro,ficando a repreendê-lo por ocasião de seu erro,Sekomemûãneme senonhẽ-nonhena,True,lowercased
4609,Devolve o objeto de seu furto,devolve o objeto de seu furto,Ogûeroîebyr o mondasagûera,True,lowercased
4610,lua nova,lua nova,îasy-semamo,False,
4611,"Depois disso, vamos hoje para quebrar as cabeças dos reis","depois disso, vamos hoje para quebrar as cabeças dos reis",A'e ré kori îasó tubixaba akanga kábo,True,lowercased
4612,Lavou-se as mãos à vista da multidão,lavou-se as mãos à vista da multidão,Oîepó-eî te'yîa remiepîakamo,True,lowercased
4613,Eu sou peçonhento,eu sou peçonhento,Xe ranhasy,True,lowercased
4614,serra braceira,serra braceira,ybyrakytĩabusu,False,
4615,Vendo os pagãos a virtude dos cristãos,vendo os pagãos a virtude dos cristãos,Cristãos rekokatu repîaka é ipó imongaraibypyre'yma,True,lowercased
4616,"Tu fizeste mexericos, contando as palavras de teu próximo?","tu fizeste mexericos, contando as palavras de teu próximo?",Nde mba'epûerype nde rapixarĩ nhe'engûera mombegûabo?,True,lowercased
4617,"mulher bondosa, não tocada por homem","mulher bondosa, não tocada por homem",kunhã-angaturama abá bykagûere'yma,False,
4618,Tu me alegras muito,tu me alegras muito,Xe moory-katu îepé,True,lowercased
4619,Por que minha mãe me deu à luz outrora?,por que minha mãe me deu à luz outrora?,Marã-pakó xe sy xe mbo'ari erimba'e?,True,lowercased
4620,Ó! Não há modo de contar isso,ó! não há modo de contar isso,Tó! Aîpó n'i papasabi!,True,lowercased
4621,casa de pedra,casa de pedra,itá-oka,False,
4622,Eu estou de luto,eu estou de luto,Xe anhangyar,True,lowercased
4623,"Tu te compadeceste deles quando eles estavam doentes, tirando-lhes fogo?","tu te compadeceste deles quando eles estavam doentes, tirando-lhes fogo?","Eresaûsubarype i mba'easyreme, satá-á",True,lowercased
4624,"Mas, então, eu amei isto?","mas, então, eu amei isto?",Iang-tepe ixé asaûsub ra'e?,True,lowercased
4625,Quando cumprirás isso que dizes?,quando cumprirás isso que dizes?,Erimba'epe aîpó nde 'îaba ereîmopóne?,True,lowercased
4626,Apressam-me estes meus súditos,apressam-me estes meus súditos,Xe moanhẽ kó xe boîá,True,lowercased
4627,"estreitado em forma de pescoço, isto é, com estreitamento entre duas partes bojudas","estreitado em forma de pescoço, isto é, com estreitamento entre duas partes bojudas",anhurĩ,False,
4628,"Por teres misericórdia, nossa alma visitas","por teres misericórdia, nossa alma visitas","Moraûsuberekosápe, asé 'anga ereîosub",True,lowercased
4629,Alegrando todas as velhas,alegrando todas as velhas,Gûaîbĩ moesãîa mbá,True,lowercased
4630,E finalmente?,e finalmente?,Tépe?,True,lowercased
4631,Meus antigos e grandes pecados farei sair,meus antigos e grandes pecados farei sair,Xe angaîpá-tubixagûera amosẽne,True,lowercased
4632,Veio novamente por tua causa,veio novamente por tua causa,Oú ramõ nde resé,True,lowercased
4633,Agradando-se com o que o hospeda,agradando-se com o que o hospeda,O apysykamo o momytasara ri,True,lowercased
4634,"Ele é lampeiro como uma onça, seguindo nosso rastro","ele é lampeiro como uma onça, seguindo nosso rastro","I ara'a îagûara îá, îandé rakypûemboú",True,lowercased
4635,o que é de dia,o que é de dia,arybondûara,False,
4636,Como assim? Diante de uma madeira a gente faz reverência?,como assim? diante de uma madeira a gente faz reverência?,Marã? Ybyrá supé nhẽpe asé îerokyû?,True,lowercased
4637,bolinho de pão,bolinho de pão,miapé-mirĩ,False,
4638,Palavras de quem são aquelas?,palavras de quem são aquelas?,Abá nhe'engûerape aîpó?,True,lowercased
4639,Que tenha reparação teu roubo,que tenha reparação teu roubo,Ta sepy nde mondagûera,True,lowercased
4640,Não sentindo o peso de suas maldades,não sentindo o peso de suas maldades,O angaîpaba posyîûera andube'yma,True,lowercased
4641,Eu lhe pelo o couro cabeludo,eu lhe pelo o couro cabeludo,Aî'apirabo'o,True,lowercased
4642,mastro da embarcação,mastro da embarcação,ygara rokytá,False,
4643,Haveis de bem recobrar o fôlego após vos cansardes,haveis de bem recobrar o fôlego após vos cansardes,Ta pe putuẽngatuté irã pe îemokane'õ ré,True,lowercased
4644,Quantos são os chefes principais por aqui?,quantos são os chefes principais por aqui?,Mobype tubixá-katu kybõ?,True,lowercased
4645,"Eis que eu amo vossas almas, modificando os costumes antigos","eis que eu amo vossas almas, modificando os costumes antigos",Xe ikó asaûsu pe 'anga tekopûera rekoaboka,True,lowercased
4646,Que bom seria se eu fosse!,que bom seria se eu fosse!,Marãîasûaramo asó mã!,True,lowercased
4647,"Mas agora, por minha causa, dentro de uma casinha estás","mas agora, por minha causa, dentro de uma casinha estás","A'e ko'y, xe resé, ó-mirĩ pupé ereîkó",True,lowercased
4648,Fazendo o doente ter esperança,fazendo o doente ter esperança,Mba'easybora moîerobîaruká,True,lowercased
4649,Faço Pedro ser padre,faço pedro ser padre,Aîmoabaré Pedro,True,lowercased
4650,Que tenhamos estes homens contra nossos inimigos,que tenhamos estes homens contra nossos inimigos,T'irekó ikó apŷaba îandé robaîara ri,True,lowercased
4651,Fez-nos viver,fez-nos viver,Îandé moingobé,True,lowercased
4652,Fazendo-me mudar de direção por aí,fazendo-me mudar de direção por aí,Kûeîbo nhẽ xe rerobaka,True,lowercased
4653,Tendo medo de que alguém o maltrate muito,tendo medo de que alguém o maltrate muito,abá ogûerekomemûãeté suí onheangûabo,True,lowercased
4654,Mostram-se a urdir mentiras,mostram-se a urdir mentiras,E'i mo'ema monhanga,True,lowercased
4655,cara de onça,cara de onça,îagûarobá,False,
4656,Veio o que está em tua busca,veio o que está em tua busca,Nde piara our,True,lowercased
4657,antes de te esconderes,antes de te esconderes,nhemim-y îanondé,False,
4658,"Invocaste em vão o nome de Deus, mentindo, sabendo ser mentira?","invocaste em vão o nome de deus, mentindo, sabendo ser mentira?","Eresenõî tenhẽpe Tupã rera, nde îuraragûaîamo nhẽ, îuraragûaîamo sekó kuapa?",True,lowercased
4659,Meu anzol muito ditoso há de pescar para ti,meu anzol muito ditoso há de pescar para ti,Xe pindá-porangeté t'opindaîtykyne endébo,True,lowercased
4660,Sofrerão algo estando ali?,sofrerão algo estando ali?,Oîporarápe mba'e amõ a'epe oîkóbone?,True,lowercased
4661,"Que suas almas caiam logo, deixando seu criador, apegando-se, pois, a nós","que suas almas caiam logo, deixando seu criador, apegando-se, pois, a nós","I 'anga t'o'a taûîé, o monhangara reîá, rõ oby'a îandé resé",True,lowercased
4662,"pôr-do-sol, poente (etim - lugar em que o sol entra)","pôr-do-sol, poente",kûara reîkeaba,True,parentheses_removed | trimmed
4663,"Arrependendo-se de seus pecados, deplorando-os","arrependendo-se de seus pecados, deplorando-os","O angaîpaba moasŷabo, seroîasegûabo",True,lowercased
4664,Morrendo vós,morrendo vós,Pemanõmo,True,lowercased
4665,De sua vida má nos afastando,de sua vida má nos afastando,Sekó-poxy suí îandé reîyîa,True,lowercased
4666,Vem para espantar o diabo,vem para espantar o diabo,Îori anhanga mondyîa,True,lowercased
4667,Hospedo-me com Pedro,hospedo-me com pedro,Apytá Pero resé,True,lowercased
4668,"A terra também, então, agitando-se, tremendo","a terra também, então, agitando-se, tremendo","Yby abé a'ereme onhemonguébo, oryryîane",True,lowercased
4669,"Vi, outrora, a grande batalha de Gûaîxará","vi, outrora, a grande batalha de gûaîxará","Asepîak, erimba'e, Gûaîxará maranusu",True,lowercased
4670,"Por que vocês, maíras e perós, quer dizer, franceses e portugueses, vêm de tão longe procurar madeira para se aquecerem?","por que vocês, maíras e perós, quer dizer, franceses e portugueses, vêm de tão longe procurar madeira para se aquecerem?","""Que veut dire que vous autres Mairs et Peros, c'est à dire François et Portugais, veniez de si loin querir du bois pour vous chauffer?""",True,lowercased
4671,"Esse, enfim, não é diferente da cobra","esse, enfim, não é diferente da cobra",Aîpoba'e-tene n'oîabyî mboîa,True,lowercased
4672,"Criancinha muito bela, creio muito em ti","criancinha muito bela, creio muito em ti","Pitangĩ-porangeté, orogûerobîá-katu",True,lowercased
4673,homem muito preguiçoso,homem muito preguiçoso,abá-ate'ymusu,False,
4674,"Jesus Cristo, o juiz","jesus cristo, o juiz","Îesu Cristo, tekomonhangara",True,lowercased
4675,"Eis que é penoso, certamente, remar canoa","eis que é penoso, certamente, remar canoa",Sasy nakó ygá-pukuîa,True,lowercased
4676,"Os moradores da aldeia, velhos, velhas, moços, homens, moças, como meus súditos todos em minhas mãos os tenho","os moradores da aldeia, velhos, velhas, moços, homens, moças, como meus súditos todos em minhas mãos os tenho","Tapiîara, tuîba'e, gûaîbĩ, kunumĩgûasu, apŷaba, kunhãmuku, xe boîáramo pabẽ xe pópe arekó-katu",True,lowercased
4677,"Sê tu guardião de mim, sob tuas mãos colocando-me","sê tu guardião de mim, sob tuas mãos colocando-me","Nde morerekoar xe ri, nde pó gûyrype xe nonga",True,lowercased
4678,"Que me livre Deus de meus inimigos, em toda parte, em minhas dificuldades","que me livre deus de meus inimigos, em toda parte, em minhas dificuldades",Ta xe pysyrõ Tupã xe sumarã suí kûepe marã xe rekoápe,True,lowercased
4679,Levantei-me dormindo,levantei-me dormindo,Apakaíb,True,lowercased
4680,Eu estou molhado,eu estou molhado,Xe akym,True,lowercased
4681,este desterro comum,este desterro comum,ikó îope'asagûera,False,
4682,Não vos perceberam,não vos perceberam,Na pe andubi,True,lowercased
4683,Vou com Pedro,vou com pedro,Orosó Pedro ndi,True,lowercased
4684,meu padrinho,meu padrinho,xe rerokarûera,False,
4685,o que é (ou deve ser) enforcado,o que é enforcado,i îubykypyra,True,parentheses_removed | whitespace_collapsed
4686,o grande chefe Aimbirê,o grande chefe aimbirê,tubixá-katu Aîmbiré,True,lowercased
4687,"Ah, eu haveria de queimar verdadeiramente no fogo do diabo!","ah, eu haveria de queimar verdadeiramente no fogo do diabo!",Ixé tekatu-eté'ĩ ra'u anhanga ratápe akaîmo mã!,True,lowercased
4688,"Eu sou moçacara, eu sou forte","eu sou moçacara, eu sou forte","Xe posaká, xe ratã",True,lowercased
4689,"Apressam-me estes meus súditos, tendo saudades de mim hoje","apressam-me estes meus súditos, tendo saudades de mim hoje","Xe moanhẽ kó xe boîá, îeí xe repîaka'upa",True,lowercased
4690,Enruguei-me,enruguei-me,Anhynhyng,True,lowercased
4691,"instrumento de desvio de água, sangradouro","instrumento de desvio de água, sangradouro",y-mombîasaba,False,
4692,Ele comeu demais aquela coisa,ele comeu demais aquela coisa,O'u-eté-eté ahẽ mba'e,True,lowercased
4693,Vem para persegui-lo,vem para persegui-lo,Eîori i momosema,True,lowercased
4694,"Caiu a chuva sem parar, enchendo o mar, levantando-o bem acima do cume das montanhas","caiu a chuva sem parar, enchendo o mar, levantando-o bem acima do cume das montanhas","Okyr ko'ẽ-ko'ẽ amana, paranã mopungábo, ybytyra apyra sosé-katu i mopu'ama",True,lowercased
4695,O próprio céu é o que Deus prepara para nós,o próprio céu é o que deus prepara para nós,Ybaka aé Tupã îandé resé i nhemosako'îaba,True,lowercased
4696,Depois que tu sonhaste com uma mulher deleitaste-te no teu sonho com ela?,depois que tu sonhaste com uma mulher deleitaste-te no teu sonho com ela?,Kunhã resé nde posaûsub'iré ereîmborype sesé nde posaûsubagûera?,True,lowercased
4697,Tu vives? (Fórmula de saudação a quem chega),tu vives?,-Endépe ereîkó?,True,parentheses_removed | lowercased | trimmed
4698,"Amarraram-no com corda, fazendo-o estar em pé","amarraram-no com corda, fazendo-o estar em pé",Oîxamysyk sero'ama,True,lowercased
4699,Vesti a roupa nele,vesti a roupa nele,Aîaó-mondeb,True,lowercased
4700,Que nos leve para seu lugar de felicidade consigo,que nos leve para seu lugar de felicidade consigo,T'îandé rerasó o orypápe o îoesé,True,lowercased
4701,Eu lhe mordo a cabeça,eu lhe mordo a cabeça,Aî'asu'u,True,lowercased
4702,Trancei-o,trancei-o,Anhopẽ,True,lowercased
4703,Lavando a maldade de nossa alma,lavando a maldade de nossa alma,Oré 'anga poxy reîa,True,lowercased
4704,Faça-se tua vontade,faça-se tua vontade,T'onhemonhang nde remimotara,True,lowercased
4705,Ainda que eu fosse,ainda que eu fosse,Îepémo asó,True,lowercased
4706,"Se tivesses vindo, já o teria matado","se tivesses vindo, já o teria matado","Nde rurememo, aîuká umûãmo",True,lowercased
4707,Não nos queremos bem,não nos queremos bem,Nd'oronhoamotari,True,lowercased
4708,"Na casa de quem passaste, tomando-as [isto é, as coisas roubadas], antes de te esconderes?","na casa de quem passaste, tomando-as , antes de te esconderes?","Abá rokype erekûá, tá, nhemim-y îanondé?",True,brackets_removed | lowercased
4709,Nossa verdadeira inimiga é a morte,nossa verdadeira inimiga é a morte,Îandé robaîareté te'õ,True,lowercased
4710,Quem aqui dá a cara?,quem aqui dá a cara?,Abápe ké sobasẽ?,True,lowercased
4711,"Eia vós, avante!","eia vós, avante!",Pe katunhẽ,True,lowercased
4712,Que esteja comigo também ao estar eu em ocupação,que esteja comigo também ao estar eu em ocupação,Xe irũnamo bé t'oîkó marã xe rekóreme,True,lowercased
4713,A vida ruim lançamos fora,a vida ruim lançamos fora,Tekoaíba oromombó,True,lowercased
4714,Eu sou coxo,eu sou coxo,Xe pyte'em,True,lowercased
4715,indo eu de noite,indo eu de noite,putũ gûixóbo,False,
4716,Fui defecar,fui defecar,Ka'ape asó,True,lowercased
4717,Eu fedo,eu fedo,Xe ryapûanusu,True,lowercased
4718,Eu tenho a boca aberta,eu tenho a boca aberta,Xe îuru-îaî,True,lowercased
4719,casa de telha,casa de telha,kamusy-oka,False,
4720,Nós somos muitos,nós somos muitos,Oré anangatu,True,lowercased
4721,Como estas são vossas casas?,como estas são vossas casas?,Anga îápe pe roka?,True,lowercased
4722,colares azuis,colares azuis,mo'yrobyeté,False,
4723,Que afastemos o diabo agora e para sempre,que afastemos o diabo agora e para sempre,Anhanga t'îaîpe'a ko'yr aûîeramanhẽ,True,lowercased
4724,Mas quem entregou os índios como coisas vossas?,mas quem entregou os índios como coisas vossas?,"Abá-tepe erimba'e, pe mba'erama resé apŷaba me'enga'ubi?",True,lowercased
4725,couraça que tem muitas lâminas,couraça que tem muitas lâminas,itaoba i apenhugûã-nhugûanyba'e,False,
4726,"Havemos de ir à dura guerra, cara a cara uns contra os outros?","havemos de ir à dura guerra, cara a cara uns contra os outros?",T'îasó maranatãûãme o îoupé oîobaúpa?,True,lowercased
4727,Eu sou fedorento,eu sou fedorento,Xe nem,True,lowercased
4728,"o que está no pote, o conteúdo do pote","o que está no pote, o conteúdo do pote",kamusi-pora,False,
4729,Quem será como eu?,quem será como eu?,Abá serã xe îabé?,True,lowercased
4730,Levou-o com suas ataduras,levou-o com suas ataduras,I popûasaba resebé serasóû,True,lowercased
4731,Os ferros em mim estão presos,os ferros em mim estão presos,Itá xe resé seni,True,lowercased
4732,Assim deve de ser,assim deve de ser,Emonã ruãpe rĩ,True,lowercased
4733,Eu tenho o sangue escorrido,eu tenho o sangue escorrido,Xe rugûy-syryk,True,lowercased
4734,Esconde-te!,esconde-te!,Enhemim!,True,lowercased
4735,Não respeitando o que Deus dissera,não respeitando o que deus dissera,Tupã 'éagûera moabaetee'yma,True,lowercased
4736,Hei de te ajudar,hei de te ajudar,T'oropytybõne,True,lowercased
4737,Deixa que vá,deixa que vá,Te'inhẽ t'osó,True,lowercased
4738,Eu sou modesto,eu sou modesto,Xe kunusãî,True,lowercased
4739,ovo de arinhama,ovo de arinhama,arinhama rupi'a,False,
4740,o que é (ou deve ser) louvado,o que é louvado,i mombe'uporangymbyra,True,parentheses_removed | whitespace_collapsed
4741,Concluí que ele está querendo matar alguém,concluí que ele está querendo matar alguém,Amõ îuká-potá ûĩ sekóû a'é,True,lowercased
4742,E a aproximação das dores de parto de uma grávida não é causa de se ter medo também?,e a aproximação das dores de parto de uma grávida não é causa de se ter medo também?,"A'epe muruapora membyrasy kakara, na nheangûaba bé ruã?",True,lowercased
4743,Eu tenho flores,eu tenho flores,Xe potyr,True,lowercased
4744,Separamo-nos uns dos outros,separamo-nos uns dos outros,Oroîa'ok oré îosuí,True,lowercased
4745,"vagem seca, pronta para ser colhida","vagem seca, pronta para ser colhida",topé-tininga,False,
4746,"Ela tem pecados variadíssimos, estando a tremer","ela tem pecados variadíssimos, estando a tremer","Î angaîpá-pará-pará, oîemoryry-ryryîa",True,lowercased
4747,Cubro-o,cubro-o,Aîaob,True,lowercased
4748,Com toda uma corda amarraram-no,com toda uma corda amarraram-no,Opá sama pupé i apytĩû,True,lowercased
4749,"Envergonhar-se-ia, talvez, o que é mau","envergonhar-se-ia, talvez, o que é mau",Otĩ nhẽmo serã i angaîpaba'e,True,lowercased
4750,Acreditas na dança do maracá?,acreditas na dança do maracá?,Ererobîápe maraká poraseîa?,True,lowercased
4751,O que trabalha no domingo,o que trabalha no domingo,Domingo pupé oporabykyba'e,True,lowercased
4752,Muito a propósito comportei-me como filho de Deus,muito a propósito comportei-me como filho de deus,A'eboé Tupã ra'yramo anhemoingó re'a,True,lowercased
4753,Viemos de longe,viemos de longe,Îaîu kûepe suí,True,lowercased
4754,Eu sou sensível,eu sou sensível,Xe mba'emoasyîá,True,lowercased
4755,Uma notícia chegou-me aos ouvidos,uma notícia chegou-me aos ouvidos,Xe apysakûaraby moranduba,True,lowercased
4756,Arranco lenha,arranco lenha,Aîepe'abar,True,lowercased
4757,adversário antigo de franceses,adversário antigo de franceses,aîuruîubupîarûera,False,
4758,"Portanto, tomou este dia como tempo de honrá-los em conjunto","portanto, tomou este dia como tempo de honrá-los em conjunto",Emonãnamo kó 'ara rari oîepegûasu i moetesabamo,True,lowercased
4759,Tu mesmo és a causa de teu dano,tu mesmo és a causa de teu dano,Endé aé ereîekûá,True,lowercased
4760,farinha da mesma água da mandioca crua coalhada,farinha da mesma água da mandioca crua coalhada,typy'o-ku'i,False,
4761,Por que Deus os deu para a gente?,por que deus os deu para a gente?,Mba'erama resépe Tupã i me'engi asébe?,True,lowercased
4762,Eu tenho amantes,eu tenho amantes,Xe piraty,True,lowercased
4763,Por isso mesmo todos os homens estarão secos,por isso mesmo todos os homens estarão secos,Nd'e'i te'e opá abá tiningamo,True,lowercased
4764,Retirei as amarras dele,retirei as amarras dele,Aîmamã-rok,True,lowercased
4765,Desobedeci a meu pai,desobedeci a meu pai,Aîmomaran xe ruba,True,lowercased
4766,Quantos são os mandamentos dele à gente?,quantos são os mandamentos dele à gente?,Mobype a'e asé rekomonhangaba?,True,lowercased
4767,o que é afamado por aí,o que é afamado por aí,kûepe i moerapûanymbyra,False,
4768,Lembra-te bem de Deus-Filho ter-se feito menino por tua causa,lembra-te bem de deus-filho ter-se feito menino por tua causa,Nde ma'enduá-katu nde resé Tupã Ta'yra nhemokunumĩagûera resé,True,lowercased
4769,Deram-lhe de beber?,deram-lhe de beber?,Ose'ymype gûá?,True,lowercased
4770,"fugitivo, o que foge","fugitivo, o que foge",kanhembara,False,
4771,Rejo pessoas,rejo pessoas,Aporoerekó,True,lowercased
4772,Levei as tuas coisas entre as minhas coisas,levei as tuas coisas entre as minhas coisas,Arasó nde mba'e xe mba'e pupé,True,lowercased
4773,Meu ex-marido há de ser certamente,meu ex-marido há de ser certamente,Xe mendûera ipó re'ĩ,True,lowercased
4774,"Eia, puxa-o enfim!","eia, puxa-o enfim!",Ne'ĩ sekyîa ko'yté!,True,lowercased
4775,"Dessa maneira, vens para afastar nossa escuridão","dessa maneira, vens para afastar nossa escuridão","Emonãnamo, ereîu oré putuna pe'abo",True,lowercased
4776,dificultando a primeira menstruação,dificultando a primeira menstruação,nhemondy'ara mo'ybatatãmo,False,
4777,"Isso não tem meio de se contar, ainda que o sol se pusesse!","isso não tem meio de se contar, ainda que o sol se pusesse!","Aîpó n'i papasabi, kûarasymo oîké îepémo!",True,lowercased
4778,seu próprio corpo incorrupto,seu próprio corpo incorrupto,gûeté-marane'yma,False,
4779,"Quais as novidades, por acaso?","quais as novidades, por acaso?",Marã-pipó moranduba?,True,lowercased
4780,"Querendo isso, fez-se homem, não deixando de ser Deus","querendo isso, fez-se homem, não deixando de ser deus","Aîpó potá é erimba'e nhemoapŷabi, Tupãnamo o ekó po'ire'yma",True,lowercased
4781,Estiveste deitado outrora sobre tua amante como um rufião?,estiveste deitado outrora sobre tua amante como um rufião?,Ereîubype erimba'e nde agûasá 'arybo nde arãíbamo?,True,lowercased
4782,Veio para nos ver!,veio para nos ver!,Îandé repîaka our!,True,lowercased
4783,Sovei-a,sovei-a,Aîaîuká,True,lowercased
4784,"Eu sou moçacara, eu sou forte","eu sou moçacara, eu sou forte","Xe posaká, xe ratã",True,lowercased
4785,Ficando de mal com Deus,ficando de mal com deus,Tupã resé oîeerekomemûãmo,True,lowercased
4786,Vai para trazer um pouco dela,vai para trazer um pouco dela,Ekûãî îá reru,True,lowercased
4787,"São Tiago, primo de Jesus Cristo, Apóstolo, entregou sua cabeça e sua vida","são tiago, primo de jesus cristo, apóstolo, entregou sua cabeça e sua vida","S Tiago, Îesu Cristo ri'yra, Apóstolo, o akanga o ekobé me'engi",True,lowercased
4788,estes habitantes de Pernambuco,estes habitantes de pernambuco,kó Paranambukygûara,True,lowercased
4789,o que tem seu próprio nome,o que tem seu próprio nome,ogûer-y îara,False,
4790,"O que ama muito a Deus, bem como o que ama a seu próximo também, não têm dificuldades em viver segundo os mandamentos de Deus","o que ama muito a deus, bem como o que ama a seu próximo também, não têm dificuldades em viver segundo os mandamentos de deus","Tupã raûsupareté oîabekatu o apixara raûsupara bé, n'oîmoabaíbi Tupã asé rekomonhangaba rupi o ekó",True,lowercased
4791,Estando nós no amor de Deus,estando nós no amor de deus,Tupã îoaûsuba pupé îaîkóbo,True,lowercased
4792,"meus prisioneiros (ie, aqueles que são inferiores a mim e que devem servir-me)",meus prisioneiros,xe rûaîa,True,parentheses_removed | trimmed
4793,"Não encontro nem um pouco, absolutamente, algum ato passado deste homem no mal","não encontro nem um pouco, absolutamente, algum ato passado deste homem no mal",N'abasẽ-mirĩ-angáî marãbirĩ ikó abá rekopûera amõ supé,True,lowercased
4794,trazendo farpas junto com o arco,trazendo farpas junto com o arco,arupare'aka îurupara ndi seru,False,
4795,Não obedecerá a ela,não obedecerá a ela,N'osapîari,True,lowercased
4796,"Contaste para as pessoas o mau procedimento de alguém, que somente tu viste?","contaste para as pessoas o mau procedimento de alguém, que somente tu viste?",Ereîmombe'upe abá rekopoxŷagûera oîepebẽ nde remiepîakûera abá supé?,True,lowercased
4797,Porventura eu não disse isso tudo?,porventura eu não disse isso tudo?,Aîpó nd'a'eî pá ky?,True,lowercased
4798,Era eu,era eu,Ixé raka'e,True,lowercased
4799,Consolar os aflitos,consolar os aflitos,Oîkotebẽba'e moapysyka,True,lowercased
4800,Em mim confiam,em mim confiam,Xe resé oîerobîá,True,lowercased
4801,Suas túnicas ficando a rasgar,suas túnicas ficando a rasgar,O aobusu mondoró-ndoroka,True,lowercased
4802,Hei de levar esta vasilha,hei de levar esta vasilha,T'arasó kó ygaporaîa,True,lowercased
4803,"Serão muito fedorentos, serão muito podres, corroídos de vermes e de bernes","serão muito fedorentos, serão muito podres, corroídos de vermes e de bernes","I nemeté, i tuîuketé, tasoka, ura remimongûyamone",True,lowercased
4804,Creio na nossa futura ressurreição,creio na nossa futura ressurreição,Arobîar asé rekobeîebyragûama,True,lowercased
4805,Podem deixar um do outro?,podem deixar um do outro?,E'ikatupe o îosuí opo'i?,True,lowercased
4806,"por ocasião de minha morte, quando me matarem","por ocasião de minha morte, quando me matarem",xe îukasápe,False,
4807,"Por isso, ando com o provincial hoje","por isso, ando com o provincial hoje",Angari abaregûasu kori arogûatá,True,lowercased
4808,mais para cá,mais para cá,kokoty bé,False,
4809,Embebedava-te o cauim,embebedava-te o cauim,Nde mondabeypó kaûĩ,True,lowercased
4810,A água benta seja o meio de viver de minha alma,a água benta seja o meio de viver de minha alma,Y i mongaraibypyra t'oîkó xe 'anga rekobesabamo,True,lowercased
4811,Eu sou ligeiro de mãos,eu sou ligeiro de mãos,Xe popy'i,True,lowercased
4812,"Nunca acaba de comer, não come fulano completamente as coisas","nunca acaba de comer, não come fulano completamente as coisas",Nd'o'u-apyî ahẽ mba'e,True,lowercased
4813,matando as criações de alguém,matando as criações de alguém,abá reîmbaba îukábo,False,
4814,"Por isso tão somente nasceu dela, não lhe fazendo rombo","por isso tão somente nasceu dela, não lhe fazendo rombo","Nd'e'i te'e oá nhote i xuí, nd'i pekábo ruã",True,lowercased
4815,Sobre quê será nossa conversa?,sobre quê será nossa conversa?,Ma'e resé îandé nhomongetá?,True,lowercased
4816,Qual é o outro meio de curar nossa alma?,qual é o outro meio de curar nossa alma?,Marãpe amoaé îandé 'anga posanongaba?,True,lowercased
4817,Enfrentamo-nos,enfrentamo-nos,Oroîobaîar,True,lowercased
4818,Eles mentem de cara um para o outro,eles mentem de cara um para o outro,"Semo'ẽ, oîobaúpa",True,lowercased
4819,Estava muito satisfeito na morada deles,estava muito satisfeito na morada deles,Xe apysy-katu sekoápe,True,lowercased
4820,Para a benção também do nosso trabalho,para a benção também do nosso trabalho,Îandé porabykysaba robasakatûagûama resé bé,True,lowercased
4821,Acaso todos os que estavam ali ficaram a injuriá-lo?,acaso todos os que estavam ali ficaram a injuriá-lo?,Opabenhẽ serã erimba'e a'epe tekoara iî a'oîa'oû?,True,lowercased
4822,Já anunciara o anjo a sua prima estar ela grávida dele,já anunciara o anjo a sua prima estar ela grávida dele,Oîmombe'u uman karaibebé i pyky'yra pé i puru'aramo sekó,True,lowercased
4823,"Suas próprias coisas, na verdade, a gente ama em seu coração","suas próprias coisas, na verdade, a gente ama em seu coração","O mba'e, nipó, asé o py'a pupé saûsubi",True,lowercased
4824,"Tu, em teus braços, Jesus ergueste para alimentá-lo um pouco em teu seio","tu, em teus braços, jesus ergueste para alimentá-lo um pouco em teu seio","Endé, nde îybápe, Îesu eresupi i poîa-mirĩ nde kama pupé",True,lowercased
4825,Por isso mesmo ficava caindo com ela por causa do seu peso,por isso mesmo ficava caindo com ela por causa do seu peso,Nd'e'i te'e sero'a-ro'a i posyîa suí,True,lowercased
4826,Em quais dias a gente se confessa?,em quais dias a gente se confessa?,Umãba'e 'ara pupé asé nhemombe'uû?,True,lowercased
4827,"Não serão somente poucos anos, mas para sempre","não serão somente poucos anos, mas para sempre",Na mboby nhõ ruã akaîu-'aîubane aûîeramanhẽ-te,True,lowercased
4828,"Eu tenho corcova, eu estou corcunda","eu tenho corcova, eu estou corcunda",Xe kupeasur,True,lowercased
4829,Eu tenho catarata,eu tenho catarata,Xe resaoby,True,lowercased
4830,"de dia, todo o dia","de dia, todo o dia",arybo,False,
4831,Será que todos aqueles esbofeteadores dele ficaram a injuriá-lo?,será que todos aqueles esbofeteadores dele ficaram a injuriá-lo?,-Opabenhẽ serã erimba'e a'e petekara iî a'o-îa'oû?,True,lowercased
4832,atrás de uma cerca feita de pedras,atrás de uma cerca feita de pedras,ybyrá itá-monhangymbyra kupépe,False,
4833,Guarda nossa terra de nossos inimigos,guarda nossa terra de nossos inimigos,Esarõ oré retama oré sumarã suí,True,lowercased
4834,Eu tenho muitas bolhas,eu tenho muitas bolhas,Xe piru'a-ru'a,True,lowercased
4835,"Iam mulheres, suas discípulas, pranteando-o","iam mulheres, suas discípulas, pranteando-o",Osó kunhã semimbo'e-etá sapirõmo,True,lowercased
4836,Inchei-me muito as bochechas,inchei-me muito as bochechas,Anhemoatypygûasu,True,lowercased
4837,Eu arquejo,eu arquejo,Xe u'ukûar,True,lowercased
4838,O anjo da guarda está perto?,o anjo da guarda está perto?,Karaibebé i ko'ĩ?,True,lowercased
4839,Aplacando a Deus,aplacando a deus,Tupã moîerekûapa,True,lowercased
4840,"Adão, nosso primeiro pai, fez-nos perder verdadeiramente, para nos queimarmos no fogo do diabo","adão, nosso primeiro pai, fez-nos perder verdadeiramente, para nos queimarmos no fogo do diabo","Adão, oré rubypy, oré mokanhemeté, Anhanga ratápe nhẽ oré kaîaûama ri",True,lowercased
4841,São muito belas estas coisas para nós,são muito belas estas coisas para nós,I porangeté ã tekó îandébe,True,lowercased
4842,Estão queimando para sempre como pena de dizerem isso somente em suas bocas,estão queimando para sempre como pena de dizerem isso somente em suas bocas,Okaî oupa aûîeramanhẽ o îurupe nhote aîpó o 'eagûera repyramo,True,lowercased
4843,Atravessar a água elimina a sujeira dos pés,atravessar a água elimina a sujeira dos pés,Y aé rasaba mby ky'a îaîmomemûã,True,lowercased
4844,Somente Deus é a verdade,somente deus é a verdade,Tupã anhõ mba'eeté,True,lowercased
4845,"Queremos amar-te muito, entregando-nos a ti","queremos amar-te muito, entregando-nos a ti","Oroaûsu-potá-katu, oroîeme'enga endébo",True,lowercased
4846,Eu sou acostumado,eu sou acostumado,Sekoba'e ixé,True,lowercased
4847,Que sejamos dignos do que Cristo prometeu,que sejamos dignos do que cristo prometeu,T'oré angaturãne Cristo remienõîûera resé,True,lowercased
4848,Ele é muito grosso,ele é muito grosso,Tubixabeté,True,lowercased
4849,"Daí ía para longe, frequentando outras aldeias","daí ía para longe, frequentando outras aldeias","Kûé suí asó mamõ, amõ taba rapekóbo",True,lowercased
4850,"Entram grandes espinhos, espetando sua cabeça","entram grandes espinhos, espetando sua cabeça",Oîké îugûasu i akanga kutuka,True,lowercased
4851,"Quem aqui dá a cara, para cá olhando furtivamente?","quem aqui dá a cara, para cá olhando furtivamente?","Abápe ké sobasẽ, kûybõ oma'ẽ-nhemima?",True,lowercased
4852,Os habitantes da aldeia tenho-os bem em minhas mãos,os habitantes da aldeia tenho-os bem em minhas mãos,Tapiîara xe pópe arekó-katu,True,lowercased
4853,"Ele nasceu de Maria, a que não foi tocada por homem","ele nasceu de maria, a que não foi tocada por homem",A'eba'e o'ar Maria abá bykagûere'yma suí,True,lowercased
4854,ovos de içá,ovos de içá,ysá rupi'a,False,
4855,Proclamando a lei de Deus,proclamando a lei de deus,Tupã rekó mombegûabo,True,lowercased
4856,Eu estou rouco,eu estou rouco,Xe îase'opyoú,True,lowercased
4857,Que se lembre bem de que Deus branqueou sua alma,que se lembre bem de que deus branqueou sua alma,T'onhemoma'enduá-katu Tupã o 'anga momorotingûera resé,True,lowercased
4858,"Hoje, assim, de modo nenhum impedem nossa estada","hoje, assim, de modo nenhum impedem nossa estada","Kori, nã, îandé rekó îandé moarûapa angá",True,lowercased
4859,Mas quem há como eu?,mas quem há como eu?,Abá-tepe oîkó xe oîá?,True,lowercased
4860,"Que venha logo o que me guarda para me livrar dele, combatendo-o","que venha logo o que me guarda para me livrar dele, combatendo-o","T'oú taûîé xe rarõana xe pysyrõmo i xuí, i momarana!",True,lowercased
4861,Fiz-me homem,fiz-me homem,Anhemoabá,True,lowercased
4862,Então as estrelas cairão completamente,então as estrelas cairão completamente,A'ereme îasytatá o apakuîamo,True,lowercased
4863,Fico escarnecendo das pessoas,fico escarnecendo das pessoas,Aporoîaî - Escarneço das pessoas Aporoîá-roîaî,True,lowercased
4864,"Tu, talvez, para retribuir, a vida má, o desejo sensual atiras nele o dia todo","tu, talvez, para retribuir, a vida má, o desejo sensual atiras nele o dia todo","Nde serã i poepyka tekomemûã, poropotara ereîapi ko'arapukuî",True,lowercased
4865,Maltratando-o todos os seus súditos,maltratando-o todos os seus súditos,O boîaetá pabẽ serekomemûãmo,True,lowercased
4866,Invocaram falsos ditos contra ele,invocaram falsos ditos contra ele,Marã'etenhẽa osekyî i xupé,True,lowercased
4867,Vê bem a tua frente para que não te percas no caminho do céu,vê bem a tua frente para que não te percas no caminho do céu,Esepîá-katu nde renonderama ybaka piarype nde ropare'ymamo,True,lowercased
4868,"Ficaste bêbado de cauim, perdendo o juízo?","ficaste bêbado de cauim, perdendo o juízo?","Eresabeyporype kaûĩ suí, 'ara mokanhema?",True,lowercased
4869,Colocando o boi capim às pressas para impedi-lo,colocando o boi capim às pressas para impedi-lo,Tapi'irusu sarûápe kapi'ĩ anhẽ rerupa,True,lowercased
4870,"Ambos tremerão hoje, assim que me virem","ambos tremerão hoje, assim que me virem","Mokõîbé osyî kori, xe repîaka rupibéne",True,lowercased
4871,Não ficam receosos os outros de não serem objetos do perdão de Deus?,não ficam receosos os outros de não serem objetos do perdão de deus?,N'oîkotebẽî amõba'e Tupã nhyrõsabe'yma?,True,lowercased
4872,Disse elegantemente,disse elegantemente,A'é muruangaba,True,lowercased
4873,Mesmo replicando as palavras de alguém a gente transgride a palavra de Deus?,mesmo replicando as palavras de alguém a gente transgride a palavra de deus?,Abá nhe'enga poepyka tiruãpe asé Tupã nhe'enga abyû?,True,lowercased
4874,Que mais?,que mais?,Mba'epe amõ?,True,lowercased
4875,Tirei minha roupa,tirei minha roupa,Aîo'ok xe aoba,True,lowercased
4876,Coisa beiçuda!,coisa beiçuda!,Xe rembegûasu - Eu tenho beiço grande Mba'e-embegûasu!,True,lowercased
4877,agora há pouco,agora há pouco,korite'ĩ-mbyryb,False,
4878,após vertê-la dentro de alguma casca de coco,após vertê-la dentro de alguma casca de coco,inaîagûasu apepûera amõ pupé i nhang'iré,False,
4879,"roupa de algodão grossa (isto é, malha para a defesa na guerra)",roupa de algodão grossa,amyniîu-aó-poanama,True,parentheses_removed | trimmed
4880,Homem coitadinho,homem coitadinho,Abá-poreaûsubĩ,True,lowercased
4881,Em vão o padre quer fazê-la voltar para Deus,em vão o padre quer fazê-la voltar para deus,E'i tenhẽ abaré Tupã resé serobaka potara'upa,True,lowercased
4882,"Chorai continuamente, pranteando vossos pecados","chorai continuamente, pranteando vossos pecados","Pe resangá, pe angaîpaba rapirõmo",True,lowercased
4883,Essas serão as que tu assarás,essas serão as que tu assarás,Aîpó nde remixyrama,True,lowercased
4884,Quando a guerra for aquilo que é justo,quando a guerra for aquilo que é justo,Marana supikatundûaramo sekóreme é,True,lowercased
4885,Muitíssimas lorotas invocaram contra ele,muitíssimas lorotas invocaram contra ele,Tenhẽngatupabẽ osykyî i xupé,True,lowercased
4886,Caminhei o dia todo por causa da tua fama,caminhei o dia todo por causa da tua fama,Agûatá ko'arapukuî nde rerapûana resé,True,lowercased
4887,Eu tenho estatura elevada,eu tenho estatura elevada,Xe îeysá-puku,True,lowercased
4888,"Odeiam-te, expulsar-te-ão","odeiam-te, expulsar-te-ão","Nde reroŷrõ, nde mombóne",True,lowercased
4889,Eis que ele é o adversário costumeiro das almas dos homens,eis que ele é o adversário costumeiro das almas dos homens,Eboûĩ abá 'anga rupîatyba a'e,True,lowercased
4890,Que ela nos destrua para que vivamos contigo,que ela nos destrua para que vivamos contigo,"Orébe t'oré mondyki, nde irũmo t'oroîkobé",True,lowercased
4891,"No seu próprio ombro levanta a cruz De fraqueza, Jesus fá-la cair consigo","no seu próprio ombro levanta a cruz de fraqueza, jesus fá-la cair consigo","O ati'yba ri krusá osupi Membeka suí, Îesu sero'ari",True,lowercased
4892,"Seguindo o rastro das mulheres, os índios não desistem","seguindo o rastro das mulheres, os índios não desistem","Kunhã rakypûemondóbo, apŷaba n'i apysáî",True,lowercased
4893,"Vinde, levai os malditos, erguendo-os para sapecá-los em nosso fogo, derretendo-os","vinde, levai os malditos, erguendo-os para sapecá-los em nosso fogo, derretendo-os","Peîori, perasó muru, supi îandé ratápe sapeka, i momembeka",True,lowercased
4894,minhas costas,minhas costas,xe atukupé,False,
4895,"Dançaram a noite toda, fazendo feitiçarias, antes de irem para o inferno","dançaram a noite toda, fazendo feitiçarias, antes de irem para o inferno","Oporaseî pysaré, oîemopaîeangaípa, tatápe o só îanondé",True,lowercased
4896,"roçado antigo, onde o mato cresceu de novo","roçado antigo, onde o mato cresceu de novo",kopûera,False,
4897,Penteio-o,penteio-o,Aîabyky,True,lowercased
4898,"Um frio que fará as pessoas tremerem muito, fazendo-as chorar","um frio que fará as pessoas tremerem muito, fazendo-as chorar","Ro'y oporomoryryîeteba'e, i moîasegûábone",True,lowercased
4899,coisa ganha com a espada,coisa ganha com a espada,itangapema pora,False,
4900,"Compadeceste-te deles, procurando-lhes alimento?","compadeceste-te deles, procurando-lhes alimento?",Eresaûsubarype i poraká?,True,lowercased
4901,"Não vamos, ela nos castiga, fazendo-nos saltar no fogo","não vamos, ela nos castiga, fazendo-nos saltar no fogo","Îasó umẽ, îandé nupã, tatápe îandé mombómo",True,lowercased
4902,"São Pedro puxou a espada, cortando sua orelha","são pedro puxou a espada, cortando sua orelha",S Pedro itangapema osekyî i nambi mondoka,True,lowercased
4903,Eu sou antigo filho de Jetuú,eu sou antigo filho de jetuú,Xe Îetu'u ra'yrûera,True,lowercased
4904,Por isso mesmo Deus aqueles lançou no fogo,por isso mesmo deus aqueles lançou no fogo,Nd'e'i te'e Tupã a'eba'e reîtyka tatápe,True,lowercased
4905,Não querendo que o diabo esteja como seu senhor,não querendo que o diabo esteja como seu senhor,Anhanga o îaramo sekó potare'yma,True,lowercased
4906,Entisnei o rosto dele,entisnei o rosto dele,Asobaún,True,lowercased
4907,Esta aldeia transtorno sempre,esta aldeia transtorno sempre,Kó taba aîpobu memẽ,True,lowercased
4908,"Em reparação disso, mudaste-te de aldeia","em reparação disso, mudaste-te de aldeia","Sepyápe, ereîakasó",True,lowercased
4909,Já vou,já vou,A'é uman ûixóbo,True,lowercased
4910,"Quem o fez outrora, começando a pronunciá-lo?","quem o fez outrora, começando a pronunciá-lo?","Abápe aîpoba'e oîmonhang erimba'e, sa'angypŷabo?",True,lowercased
4911,A todos os que assim vivem nosso fogo convém,a todos os que assim vivem nosso fogo convém,Opá emonã tekoara îandé ratá îaîarõ,True,lowercased
4912,Dei-o em troca,dei-o em troca,Sekobîaramo aîme'eng,True,lowercased
4913,vergôntea de cará,vergôntea de cará,kará-embó,False,
4914,Caminhei o dia todo,caminhei o dia todo,Agûatá ko'arapukuî,True,lowercased
4915,Eu sou leproso,eu sou leproso,Xe piraíb,True,lowercased
4916,lêndeas de piolho (da cabeça),lêndeas de piolho,kyba'yra,True,parentheses_removed | trimmed
4917,para a parte traseira dele,para a parte traseira dele,i 'anga koty,False,
4918,Eu tenho as orelhas cortadas,eu tenho as orelhas cortadas,Xe nambi-asyk,True,lowercased
4919,"Não tenho vida direita (isto é, sou uma prostituta)",não tenho vida direita,N'akakuabi,True,parentheses_removed | lowercased | trimmed
4920,faze como te parece,faze como te parece,ne'ĩ n'endé aé,False,
4921,Todos gostaram delas,todos gostaram delas,I apysyk pabẽ sesé,True,lowercased
4922,"Tocaste no teu pênis, excitando-te?","tocaste no teu pênis, excitando-te?",Erepokokype nde rakûãîa resé enhemoagûyrõmo?,True,lowercased
4923,meu paizinho,meu paizinho,xe rubĩ,False,
4924,Mas chorai por vós mesmas,mas chorai por vós mesmas,Peẽ aé-te peîeapirõ,True,lowercased
4925,"Quando eu morrer, que venhas","quando eu morrer, que venhas","Xe îekyîme, t'ereîu",True,lowercased
4926,papo grande,papo grande,aîusu,False,
4927,Nasci,nasci,Anhemonhang,True,lowercased
4928,"diabo mau, assassino","diabo mau, assassino","anhangaíba, morapitîara",False,
4929,"Não tenho a ver com ele, enfim (isto é, desisti dele)","não tenho a ver com ele, enfim",N'aîkóî sesé ko'yté,True,parentheses_removed | lowercased | trimmed
4930,"Num pano branco, por nossa causa, a imagem de seu rosto tomou","num pano branco, por nossa causa, a imagem de seu rosto tomou",Aó-tinga pupé asé resé sobá ra'anga rari,True,lowercased
4931,"Urdiste mentiras contra alguém, envergonhando-o?","urdiste mentiras contra alguém, envergonhando-o?",Eresekyîpe îuraragûaîa abá supé i motĩamo?,True,lowercased
4932,A causa da alegria de minha alma,a causa da alegria de minha alma,Xe 'angorypaba,True,lowercased
4933,"Contendo a Deus, está cheio teu ventre","contendo a deus, está cheio teu ventre","Tupana rerupa, i por nde rygé",True,lowercased
4934,Isso é muito difícil!,isso é muito difícil!,Iîabaíbeté aîpó!,True,lowercased
4935,"E, principalmente, eles são adversários de agressores","e, principalmente, eles são adversários de agressores",Memeté a'e morero'arupîara,True,lowercased
4936,Basta! Tu me matas!,basta! tu me matas!,Aûîé! Xe îuká îepé!,True,lowercased
4937,Aquento-o,aquento-o,Aîopé,True,lowercased
4938,Arredondei-o,arredondei-o,Aîmoamandab,True,lowercased
4939,Diante de uma madeira a gente se inclina?,diante de uma madeira a gente se inclina?,Ybyrá supé nhẽpe asé îerokyû?,True,lowercased
4940,Como criança está sentado nos braços de Maria,como criança está sentado nos braços de maria,Pitangamo seni Maria îybápe,True,lowercased
4941,Cortaram seu prepúcio,cortaram seu prepúcio,I 'apira mondoki,True,lowercased
4942,Não que não soubesse o que buscava,não que não soubesse o que buscava,Na sekasaba kuabe'yma ruã,True,lowercased
4943,Eu sou mandão,eu sou mandão,Xe poropûaîxûer,True,lowercased
4944,Rapei-lhe a barba,rapei-lhe a barba,Asendybá-apin,True,lowercased
4945,"É assim, porventura, que respondes as palavras do chefe?","é assim, porventura, que respondes as palavras do chefe?",Emonã-pipó morubixaba erenhe'engobaîxûar?,True,lowercased
4946,Sua própria formosura também viram,sua própria formosura também viram,O aysó abé osepîak,True,lowercased
4947,Faço-a soar,faço-a soar,Aîmimby,True,lowercased
4948,Dar também o dízimo naquilo que plantou primeiro,dar também o dízimo naquilo que plantou primeiro,O emitymbûerypy pupé Tupãpotá-me'engano,True,lowercased
4949,"Ah, muito bem, ficai tranquilos!","ah, muito bem, ficai tranquilos!","Erĩ, aûîé, peputu'u!",True,lowercased
4950,Todos os bens de meus avós joguei fora,todos os bens de meus avós joguei fora,Opá xe ramỹîa ma'epûera aîtyk,True,lowercased
4951,Eu sou muito delgado,eu sou muito delgado,Xe rembó nhẽ,True,lowercased
4952,Fazendo vir à tona seus atos escondidos,fazendo vir à tona seus atos escondidos,Sekó-nhemima monduîa,True,lowercased
4953,Tive alento,tive alento,Xe 'ãur,True,lowercased
4954,Que a gente manda pôr em seu aposento como objeto de seu olhar?,que a gente manda pôr em seu aposento como objeto de seu olhar?,Mba'epe asé oîmoinukar o kotype o ma'ẽsabamo?,True,lowercased
4955,"Vem, coisa fedorenta, coisa nojenta, borá, maritacaca, sanguessuga, tamarutaca!","vem, coisa fedorenta, coisa nojenta, borá, maritacaca, sanguessuga, tamarutaca!","Eîori, mba'enem, mba'e-poxy, mborá, miaratakaka, sebo'i, tamarutaka!",True,lowercased
4956,Escarneceste de alguma pessoa?,escarneceste de alguma pessoa?,Ereîoîaîpe abá amõ?,True,lowercased
4957,desinteresse pela lei de Deus,desinteresse pela lei de deus,Tupã rekó resé nhemoryryîe'yma,True,lowercased
4958,O maldito não difere de uma arara,o maldito não difere de uma arara,Nd'oîabyî muru arara,True,lowercased
4959,Que tipo de coisa será que é isto?,que tipo de coisa será que é isto?,Marãba'ep'iã ri?,True,lowercased
4960,Força de minha alma,força de minha alma,Xe 'anga taŷaíba,True,lowercased
4961,Um homem ladrão que foi posto na prisão como pena de assassinatos,um homem ladrão que foi posto na prisão como pena de assassinatos,Abá-mondá morapitîagûera repyramo mundeokype i mondebypyrûera,True,lowercased
4962,A força vital das frutas aqui está,a força vital das frutas aqui está,Ybá seté kó sekóû,True,lowercased
4963,"Eu estava de pés soltos, meus pés soltaram-se (pex, subindo eu a escada)","eu estava de pés soltos, meus pés soltaram-se",Xe py-'ir,True,parentheses_removed | lowercased | trimmed
4964,Tu terás a alma limpa,tu terás a alma limpa,Nde 'ã-kytyngokyne,True,lowercased
4965,"Podem também as pessoas casar-se diante de um outro padre, de acordo com a vontade do padre responsável por elas","podem também as pessoas casar-se diante de um outro padre, de acordo com a vontade do padre responsável por elas",Ikatu bé abá omendá amoaé abaré robaké abaré ogûerekoara remimotara rupi,True,lowercased
4966,"Quem, necessariamente, a gente chama, estando aflita?","quem, necessariamente, a gente chama, estando aflita?",Abáp'amẽ asé osenõî oîkotebẽmo?,True,lowercased
4967,"O homem desanima, sem mais, de suas danças também","o homem desanima, sem mais, de suas danças também",Omanõaibí abá o poraseîtápe bé,True,lowercased
4968,"O diabo te agasta, de ti tendo medo","o diabo te agasta, de ti tendo medo","Anhanga nde moabaîté, nde suí osykyîébo",True,lowercased
4969,o ensinamento a nós da palavra de Deus,o ensinamento a nós da palavra de deus,Tupã nhe'enga asé mbo'esaba,True,lowercased
4970,Eu sou manchado,eu sou manchado,Xe apŷab,True,lowercased
4971,"Logo então, muito rapidamente, levou-o para sempre para o fogo","logo então, muito rapidamente, levou-o para sempre para o fogo",A'eîbé korite'ĩ-aíb-eté serasóû aûîeramanhẽ tatápe,True,lowercased
4972,Meu fogo é o lugar em que queimarás,meu fogo é o lugar em que queimarás,Xe ratá nde kaîaûama,True,lowercased
4973,"Ele nunca acaba de completar as roupas (lit, não se mostra ele, enfim, completando as roupas) Nd'e'i ymûanĩ osóbo - Nunca acaba ele de ir (lit, não se mostra finalmente indo)",ele nunca acaba de completar as roupas nd'e'i ymûanĩ osóbo - nunca acaba ele de ir,Nd'e'i ymûanĩ ahẽ aoba moaûîébo,True,parentheses_removed | lowercased | whitespace_collapsed | trimmed
4974,aldrava da porta,aldrava da porta,okena potãîa,False,
4975,"Isso é que deve ser bem amado, isso verdadeiramente","isso é que deve ser bem amado, isso verdadeiramente","Aîpó saûsukatupyra, aîpó anhẽ",True,lowercased
4976,Eia! Que vás logo! Apressa-te!,eia! que vás logo! apressa-te!,Ne'ĩ! T'eresó taûîé! Nde apûan!,True,lowercased
4977,"de fora, do lado da rua","de fora, do lado da rua",okara koty,False,
4978,"cinzas do alguidar, cinzas da bacia (feitas pelas chamas)","cinzas do alguidar, cinzas da bacia",nha'ẽpesẽ-uba,True,parentheses_removed | trimmed
4979,"É penoso, de fato, remar canoa","é penoso, de fato, remar canoa",Sasy nakó ygá-pukuîa,True,lowercased
4980,Bateste com um pau na tua esposa!,bateste com um pau na tua esposa!,Ereropûar ybyrá nde remirekó resé!,True,lowercased
4981,Eu não estou sendo fantasioso,eu não estou sendo fantasioso,Na xe poranguî gûitekóbo,True,lowercased
4982,Transgredirei eu a lei de Deus procedendo assim?,transgredirei eu a lei de deus procedendo assim?,Aîabyp'ixé Tupã rekó inã ûitekóbone?,True,lowercased
4983,Fi-lo rispidamente,fi-lo rispidamente,Aîmonhang-îeaseî,True,lowercased
4984,Bateste com o pau na tua esposa!,bateste com o pau na tua esposa!,Ereropûar ybyrá nde remirekó resé!,True,lowercased
4985,Recebemo-nos uns aos outros,recebemo-nos uns aos outros,Oroîopopysyk,True,lowercased
4986,rapazes muito fortes,rapazes muito fortes,kunumĩûasu-atã-atã,False,
4987,Por isso Deus transformou a costela de nosso pai primeiro em sua esposa?,por isso deus transformou a costela de nosso pai primeiro em sua esposa?,Emonãnamope Tupã îandé rubypy arukanga nhẽ apóû semirekóramo?,True,lowercased
4988,Minha vaca que crio,minha vaca que crio,Xe reîmbaba tapi'ira,True,lowercased
4989,Não querendo repetir seu pecado que ele detestava,não querendo repetir seu pecado que ele detestava,O angaîpagûera o emieroŷrõagûera reroîeby-potare'yma,True,lowercased
4990,Tenho-te como meu filho,tenho-te como meu filho,Orogûerekó xe ra'yramo,True,lowercased
4991,Nós estamos amontoados,nós estamos amontoados,Oré atyr,True,lowercased
4992,"Hei de ir adiante de vós, como vosso espião, primeiro","hei de ir adiante de vós, como vosso espião, primeiro","T'akûáne pe renondé, pe manhanamo, ranhẽ",True,lowercased
4993,Igualmente guarda vossa terra,igualmente guarda vossa terra,Oîoîá osarõ nhẽ pe retama,True,lowercased
4994,Fazendo as pessoas detestarem umas às outras,fazendo as pessoas detestarem umas às outras,Abá moîoamotare'ymuká,True,lowercased
4995,"Certo judeu velho mostrou o lugar em que ela foi enterrada, fazendo-nos alcançá-la","certo judeu velho mostrou o lugar em que ela foi enterrada, fazendo-nos alcançá-la","Amõ îudeu tuîba'e i tymagûera kuabe'engi, sesé îandé moîekosupa",True,lowercased
4996,"Honra a gente também outros dias, neles não trabalhando","honra a gente também outros dias, neles não trabalhando","Oîmoeté bé asé amõ amõ 'ara, i pupé oporabykye'yma",True,lowercased
4997,Perdendo o entendimento por causa de sua bebedeira,perdendo o entendimento por causa de sua bebedeira,Sabeypora suí 'ara mokanhema,True,lowercased
4998,Eu sou paciente,eu sou paciente,Xe putumuku,True,lowercased
4999,Hei de tirar-lhe as dificuldades,hei de tirar-lhe as dificuldades,T'aîabaíbokyne,True,lowercased
5000,Eu sou de bom semblante,eu sou de bom semblante,Xe resakûanhyrõ,True,lowercased
5001,"Confessa-se alguém antes de ir à guerra, antes de embarcar num navio?","confessa-se alguém antes de ir à guerra, antes de embarcar num navio?","Onhemombe'upe abá gûarinĩnamo o só îanondé, ygarusupe o 'ar-y îanondé?",True,lowercased
5002,O sol se eclipsa,o sol se eclipsa,Kûarasy onhemoputun,True,lowercased
5003,Eu lhe faço ninho,eu lhe faço ninho,Asayty-monhang,True,lowercased
5004,Eu sou um pouco bochechudo,eu sou um pouco bochechudo,Xe retobapé-pyryb,True,lowercased
5005,Andaste pelos caminhos de fontes com mulheres?,andaste pelos caminhos de fontes com mulheres?,Eregûatápe nhãîmbiara rupi kunhã resé?,True,lowercased
5006,"Eu não sou resistente, eu não sou firme","eu não sou resistente, eu não sou firme",Na xe popyatãî,True,lowercased
5007,todos os que estão nas ilhas,todos os que estão nas ilhas,opá 'ypa'ũmendûara,False,
5008,Daí virá para julgar todos os que vivem e os que morreram,daí virá para julgar todos os que vivem e os que morreram,A'e suí turi oîkobeba'e omanõba'epûera pabẽ rekomonhangane,True,lowercased
5009,Forrei-o,forrei-o,Aîapŷuban,True,lowercased
5010,Eu tusso,eu tusso,Xe u'u,True,lowercased
5011,Não pode a boca de ninguém contar as coisas muito dolorosas no inferno,não pode a boca de ninguém contar as coisas muito dolorosas no inferno,Nd'e'ikatuî abá îuru Anhanga ratápe tekó-asyeté mombegûabo,True,lowercased
5012,Salteio,salteio,Aporero'ar,True,lowercased
5013,Não beberás hoje o que eu mastigo,não beberás hoje o que eu mastigo,Nd'ere'uî xó kori xe remindu'une!,True,lowercased
5014,"empenadura de flecha, isto é, penas de asas de pássaros que eram atadas às flechas","empenadura de flecha, isto é, penas de asas de pássaros que eram atadas às flechas",u'upepó,False,
5015,Vivendo para ir ao encontro da virtude,vivendo para ir ao encontro da virtude,Tekokatu repenhandápe peîkóbo,True,lowercased
5016,Eu não,eu não,Na ixé ruã,True,lowercased
5017,Nas armadilhas fiz os malditos entrarem,nas armadilhas fiz os malditos entrarem,Kotype muru amoingé,True,lowercased
5018,remanso d'água,remanso d'água,y-îebyra,False,
5019,"Atravessando o oceano, fui para fazer pecar os tupis","atravessando o oceano, fui para fazer pecar os tupis","Paranãgûasu rasapa, asó tupi moangaîpapa",True,lowercased
5020,Cura-se às vezes,cura-se às vezes,Opûerab amõnume,True,lowercased
5021,Tomei-o em seco,tomei-o em seco,Asa'ubar,True,lowercased
5022,"Amarram-lhe as mãos fortemente, fazendo-lhe mal","amarram-lhe as mãos fortemente, fazendo-lhe mal","Îapopûaratã, i moangaîpapa",True,lowercased
5023,Esse homem e sua esposa também fizeram acabar todas as suas riquezas,esse homem e sua esposa também fizeram acabar todas as suas riquezas,Kó abá semirekó abé opá o mba'e mombabi,True,lowercased
5024,Faço papa dela,faço papa dela,Aîka'u,True,lowercased
5025,"Ficou saltando, reconhecendo imediatamente Jesus, seu senhorzinho","ficou saltando, reconhecendo imediatamente jesus, seu senhorzinho","Opor-oporĩ, Îesu o îarĩ kuapa aûnhenhẽ",True,lowercased
5026,Eu sou gago,eu sou gago,Xe nhe'ẽrueru,True,lowercased
5027,Junto de si mesmo ninguém lhes dá de comer,junto de si mesmo ninguém lhes dá de comer,O pyri abá n'omomba'e'uî,True,lowercased
5028,"Por que vieste, ó meu muito amado?","por que vieste, ó meu muito amado?",Mba'e resépe ereîur xe remiaûsukatu gûi?,True,lowercased
5029,A palavra de Deus experimentei,a palavra de deus experimentei,Tupã nhe'enga asa'ang,True,lowercased
5030,Futuros defuntos somos todos nós,futuros defuntos somos todos nós,Ambyrama pabẽ îandé,True,lowercased
5031,"Desatei a boca dele (isto é, do cavalo), desencabrestei-o","desatei a boca dele , desencabrestei-o",Aîuru-sambok,True,parentheses_removed | lowercased
5032,Estou de joelhos,estou de joelhos,O endypy'ãe'yîbo aín,True,lowercased
5033,Eu tenho barba ruiva,eu tenho barba ruiva,Xe rendybaá-îub,True,lowercased
5034,Picar-me-ia o marigui,picar-me-ia o marigui,Xe su'umo marigûi,True,lowercased
5035,Eu já estou desvirginada,eu já estou desvirginada,Xe kûar ymûan,True,lowercased
5036,"Que era, mesmo, aquilo? (como quem se esquece do que passou)","que era, mesmo, aquilo?",Mba'e-takó?,True,parentheses_removed | lowercased | trimmed
5037,Eu permaneço seu guardião,eu permaneço seu guardião,Aîkobé n'ixé sarõana,True,lowercased
5038,"Que é, porventura, daquele?","que é, porventura, daquele?",Umã-pakó? Umã-takó? ou Umã-pakó akûea?,True,lowercased
5039,Sentou-se em público,sentou-se em público,Te'yîpe nhẽ i gûapyki,True,lowercased
5040,Queimemo-lo!,queimemo-lo!,T'ixapy! ou Ixapy!,True,lowercased
5041,Deverias ter sabido antes do teu agir assim,deverias ter sabido antes do teu agir assim,Ereîkuá ranhẽ meémo emonã nde rekorama,True,lowercased
5042,"Ah, não estamos acovardados!","ah, não estamos acovardados!","Erĩ, nd'oré abangabi!",True,lowercased
5043,Haveis de bem recobrar o fôlego após vos cansardes,haveis de bem recobrar o fôlego após vos cansardes,Ta pe putu'ẽngatueté irã pe îemokane'õ ré,True,lowercased
5044,"Os que não acreditavam nele trabalharam em conjunto, ficando a flechá-lo","os que não acreditavam nele trabalharam em conjunto, ficando a flechá-lo",Serobîasare'yma potyrõû iî ybõîybõmo,True,lowercased
5045,Quanto foi o pagamento?,quanto foi o pagamento?,Mbobype sepy?,True,lowercased
5046,Mas ele não era Deus?,mas ele não era deus?,Na Tupã ruã-tepe a'e?,True,lowercased
5047,Nós estamos em igualdade,nós estamos em igualdade,Oîoîá îandé,True,lowercased
5048,Suas antigas lembranças das coisas aí se retirarão,suas antigas lembranças das coisas aí se retirarão,Mba'e resé o nhemoma'enduaragûera a'epe onhenosẽne,True,lowercased
5049,Encaixotei-me as coisas,encaixotei-me as coisas,Anhemba'e-nhang,True,lowercased
5050,"Muito bem, pois! Hei de comer todo o banquete de Jacaré-guaçu!","muito bem, pois! hei de comer todo o banquete de jacaré-guaçu!","Aûîebeté, rõ! T'a'u pá Îakaregûasu pepyra!",True,lowercased
5051,"A dança é que é boa, enfeitar-se, untar suas penas","a dança é que é boa, enfeitar-se, untar suas penas","Moraseîa é i katu, îegûaka, sa-mongy",True,lowercased
5052,Sei fazer isso,sei fazer isso,A'ekatu eboûinga resé,True,lowercased
5053,Deus revelar-se-á a mim,deus revelar-se-á a mim,Tupã îepîakukari xebene,True,lowercased
5054,Deixei ontem minha casa,deixei ontem minha casa,Aseîá kûesé xe roka,True,lowercased
5055,Encurtei-o,encurtei-o,Aîapûapyk,True,lowercased
5056,Vós me matais,vós me matais,Xe îuká peîepé,True,lowercased
5057,de madrugada,de madrugada,ka'amutumo,False,
5058,De ti a morte não se aproximou,de ti a morte não se aproximou,Nde resé te'õ n'osyki,True,lowercased
5059,desde minha vinda,desde minha vinda,xe rura agûerabé,False,
5060,"Surpreendi-o, na verdade","surpreendi-o, na verdade",Asesapy'a é nakó,True,lowercased
5061,Queimar-vos-ão as chamas de fogo!,queimar-vos-ão as chamas de fogo!,Pe rapy tatá-endyne!,True,lowercased
5062,Pondo-o dentro de um túmulo de pedra,pondo-o dentro de um túmulo de pedra,Itá karamemûã pupé i mondepa,True,lowercased
5063,Levo carga,levo carga,Ambosyî,True,lowercased
5064,"Eia, hei de ir contigo!","eia, hei de ir contigo!",Ne'ĩ t'asó nde irũmo!,True,lowercased
5065,"Esta aldeia, não disseste maldades a ela ainda?","esta aldeia, não disseste maldades a ela ainda?","Ikó tabape, marã nd'eréîpe i xupé ranhẽ?",True,lowercased
5066,Não desejes gente,não desejes gente,Eporopotar umẽ,True,lowercased
5067,corpo morto,corpo morto,Teté-kanhema,False,
5068,"Destruiremos a aldeia, como de costume","destruiremos a aldeia, como de costume",Îamombá taba îandune,True,lowercased
5069,agora há pouco,agora há pouco,korite'ĩ-mbyryb,False,
5070,Ele nunca acaba de completar as roupas,ele nunca acaba de completar as roupas,Nd'e'i ymûanĩ ahẽ aoba moaûîébo,True,lowercased
5071,Mostrando-o aos judeus,mostrando-o aos judeus,Îudeus supé sepîakuká,True,lowercased
5072,Verdadeiros amaldiçoadores de Deus no fogo te assaram,verdadeiros amaldiçoadores de deus no fogo te assaram,Tupã momburûareté tatá pupé nde resyri,True,lowercased
5073,Que sejamos dignos do lugar futuro de nosso regozijo,que sejamos dignos do lugar futuro de nosso regozijo,T'oré angaturãne oré îekosubagûama ri,True,lowercased
5074,Nossa alma visitas,nossa alma visitas,Asé 'anga ereîosub,True,lowercased
5075,Eu sou muito pecador,eu sou muito pecador,Xe angaîpab-eté,True,lowercased
5076,"Que confesses a transgressão da palavra de Deus, a persistência nisso também","que confesses a transgressão da palavra de deus, a persistência nisso também","Tupã nhe'enga abŷagûera t'ereîmombe'u, apore'ymagûera béno",True,lowercased
5077,Por nos amar mais do que nossa mãe ama seus próprios filhinhos,por nos amar mais do que nossa mãe ama seus próprios filhinhos,Asé sy o membypitanga raûsuba sosé asé raûsume nhẽ,True,lowercased
5078,Lavro as madeiras,lavro as madeiras,Aybyrá-pan,True,lowercased
5079,O que foge com uma mulher contra sua vontade não pode casar-se com ela,o que foge com uma mulher contra sua vontade não pode casar-se com ela,Kunhã reroîabapara semimotare'yma rupi nd'e'ikatuî sesé omendá,True,lowercased
5080,Ensina falsamente as pessoas a provarem a palavra de Deus,ensina falsamente as pessoas a provarem a palavra de deus,Oporombo'e-a'u Tupã nhe'enga ra'anga,True,lowercased
5081,"Confessam seus pecadilhos somente Os que são muito grandes deixam-nos, escondendo-os do padre","confessam seus pecadilhos somente os que são muito grandes deixam-nos, escondendo-os do padre","Oîmombe'u o angaîpá-mirĩ anhõ Tubixabeté oseîá, abaré suí i mima",True,lowercased
5082,"Escaparão futuramente os animais, os pássaros?","escaparão futuramente os animais, os pássaros?","Okûabépe irã so'o, gûyrá?",True,lowercased
5083,Eu sempre ensinei as pessoas publicamente,eu sempre ensinei as pessoas publicamente,Te'yîpe memẽ nhẽ ixé aporombo'e,True,lowercased
5084,"Como a esses, matarei os que costumam pecar","como a esses, matarei os que costumam pecar","Anga îá, angaîpabora aîuká",True,lowercased
5085,muito longe,muito longe,kûé-kûeîpe é,False,
5086,"Enfim, tendo-se vingado, obedeceram-me","enfim, tendo-se vingado, obedeceram-me","Rumby oîeepyka, xe rapîá",True,lowercased
5087,"esteio, alicerce de casa","esteio, alicerce de casa",okytá,False,
5088,o grande número de dias de tua vida,o grande número de dias de tua vida,nde rekobesaba 'ara retá,False,
5089,Esses temiminós malvados nossa lei detestam,esses temiminós malvados nossa lei detestam,Kó temiminó-poxy îandé rekó ogûeroŷrõ,True,lowercased
5090,meu pescador,meu pescador,xe porakasara,False,
5091,Afinei-o muito,afinei-o muito,Aîmoa'yrĩngatu,True,lowercased
5092,Em seu ventre Deus recebeu seu próprio corpo,em seu ventre deus recebeu seu próprio corpo,Sygépe o eterama Tupã tari,True,lowercased
5093,Em roupas brancas envolveram-no,em roupas brancas envolveram-no,Aó-tinga pupé i nhubani,True,lowercased
5094,"Como o vento zune, tremendo por causa de sua bravura","como o vento zune, tremendo por causa de sua bravura","Ybytu îabé osunung, î abaeté suí osyîa",True,lowercased
5095,Para nos honrarem os índios fazem festa,para nos honrarem os índios fazem festa,Îandé moetébo apŷaba nhemosaraî,True,lowercased
5096,Eis que ele é mau!,eis que ele é mau!,E'i tieté ahẽ maniîabo niã!,True,lowercased
5097,Teus olhos misericordiosos volta em minha direção,teus olhos misericordiosos volta em minha direção,Nde resá-poraûsubara erobak ixé koty,True,lowercased
5098,Tomando o leite de sua mãe,tomando o leite de sua mãe,O sy kambûabo oúpa,True,lowercased
5099,Acordo de madrugada,acordo de madrugada,Îeîbé apak,True,lowercased
5100,Eu dou à luz,eu dou à luz,Xe membyrar,True,lowercased
5101,Eu sou sábio,eu sou sábio,Xe mba'ekugûab,True,lowercased
5102,"Logo então a cruz ergueram, fincando-a?","logo então a cruz ergueram, fincando-a?",A'eîbépe ybŷá cruz mo'ami i atykábo?,True,lowercased
5103,Pôr o bispo em nossa testa o óleo santo,pôr o bispo em nossa testa o óleo santo,Asé sybápe abaregûasu nhandy-karaíba nonga,True,lowercased
5104,Sairão ainda futuramente dali?,sairão ainda futuramente dali?,Osem-y bépe irã a'e suíne?,True,lowercased
5105,O que cria mentiras por causa de alguém,o que cria mentiras por causa de alguém,Abá resé mo'ema oîmonhangyba'e,True,lowercased
5106,"Eis que meu corpo não está disposto, amolecendo","eis que meu corpo não está disposto, amolecendo","Xe reté ã n'oîkoetéî, omembeka",True,lowercased
5107,"Enfim, o Filho de Deus nos julgará","enfim, o filho de deus nos julgará",Rumby Tupã Ta'yra îandé rekomonhangane,True,lowercased
5108,Preocupam-se todos os cristãos em saber isso?,preocupam-se todos os cristãos em saber isso?,-Onhemosaînan pabẽpe cristãos aîpoba'e kuabaûama resé?,True,lowercased
5109,"A chuva ficava amanhecendo a cair, enchendo o mar","a chuva ficava amanhecendo a cair, enchendo o mar","Oky-ko'ẽ-ko'ẽ amana, paranã momungábo",True,lowercased
5110,Eu sou terrível,eu sou terrível,Xe taŷgaíb,True,lowercased
5111,"borbotão d'água, água que brota para cima","borbotão d'água, água que brota para cima",y-bura,False,
5112,Tenho a carne arrepiada,tenho a carne arrepiada,Xe ro'o-piring,True,lowercased
5113,"Vem, compadecedor de mim","vem, compadecedor de mim",Eîori xe poraûsubara,True,lowercased
5114,O que é comum é aquela mulher quebrar em pedaços nossas cabeças,o que é comum é aquela mulher quebrar em pedaços nossas cabeças,Sekoaba'e kûé kunhã oré akanga i apiti,True,lowercased
5115,"Eva atraiu-se muito pelo belo fruto, colhendo-o","eva atraiu-se muito pelo belo fruto, colhendo-o",Eva onhemomotareté 'ybá-poranga resé iî ykyébo,True,lowercased
5116,Segurei-o fortemente,segurei-o fortemente,Aîpysyk-atã,True,lowercased
5117,Fiquei-o simulando,fiquei-o simulando,Aîmorã-moran,True,lowercased
5118,"Na casa de quem passaste tomando-as, antes de te esconderes?","na casa de quem passaste tomando-as, antes de te esconderes?","Abá rokype erekûá tá, nhemim-y îanondé?",True,lowercased
5119,Eu tenho bens,eu tenho bens,Xe mba'e,True,lowercased
5120,Eis que aqui nós estamos,eis que aqui nós estamos,Orokub ikó,True,lowercased
5121,querendo ir tu para o lado de gente,querendo ir tu para o lado de gente,mosé esó-potá,False,
5122,Sustituindo suas palavras para os que o ouviram,sustituindo suas palavras para os que o ouviram,Ogûenduparûera supé o nhe'enga rekobîarõmo,True,lowercased
5123,como criança gerando-se,como criança gerando-se,pitangamo onhemonhanga,False,
5124,Em tuas mãos nossa alma está,em tuas mãos nossa alma está,Nde pópe oré 'anga ruî,True,lowercased
5125,Ser cordato com um pequeno proceder no mal de alguém,ser cordato com um pequeno proceder no mal de alguém,Abá marã sekoagûerĩ resé nherane'yma,True,lowercased
5126,"Ah, excelente!","ah, excelente!","Té, aûîé-katutenhẽ!",True,lowercased
5127,Sofreste a morte,sofreste a morte,Te'õ ereîporará,True,lowercased
5128,"E os cadáveres da gente, que sucede a eles?","e os cadáveres da gente, que sucede a eles?","A'epe asé re'õmbûera, marã?",True,lowercased
5129,Peço a Pedro por roupa,peço a pedro por roupa,Aîeruré aoba resé Pedro supé,True,lowercased
5130,"Acredita, meu padrinho, hão de te apresar hoje","acredita, meu padrinho, hão de te apresar hoje","Erobîá, xe rubangab, ta nde moembiá kori",True,lowercased
5131,remédio bom,remédio bom,mosãngatu,False,
5132,Sou um novato,sou um novato,Aîkó pysasuramo,True,lowercased
5133,"Despiram-no, amarrando-lhe as mãos numa coluna de pedra","despiram-no, amarrando-lhe as mãos numa coluna de pedra","Oîaobok, itá-okytá resé i popûá",True,lowercased
5134,Três são as potências de nossa alma a respeito das coisas,três são as potências de nossa alma a respeito das coisas,Mosapyr ma'e resé asé 'anga 'ekatuaba,True,lowercased
5135,Eu tenho muitos bernes,eu tenho muitos bernes,Xe ur - Eu tenho berne Xe u-xe ur,True,lowercased
5136,Ó mesquinho repositório de muitíssimas coisas más!,ó mesquinho repositório de muitíssimas coisas más!,Mba'e-poxy-katupabẽ ruru-a'ub-y gûé!,True,lowercased
5137,"Tenho meu modo de ser diferente (VLB, I, 103), Oré rekó-rekó-aé oroerekó - Temos nossos modos de ser diferentes","tenho meu modo de ser diferente , oré rekó-rekó-aé oroerekó - temos nossos modos de ser diferentes",Xe rekó-aé arekó,True,parentheses_removed | lowercased
5138,Tu mesmo és causa de teu dano,tu mesmo és causa de teu dano,Endé aé ereîekûá,True,lowercased
5139,Hei de ser bom,hei de ser bom,"""Xe katupe ká""",True,lowercased
5140,Não haverá outra comida?,não haverá outra comida?,N'i tybi xûépe amõ mi'u?,True,lowercased
5141,"Fico girando em círculos, fico rodeando (como o que se perdeu ou que busca alguma coisa)","fico girando em círculos, fico rodeando",Anhatimã-timanĩ,True,parentheses_removed | lowercased | trimmed
5142,Enterrando os antigos maus hábitos,enterrando os antigos maus hábitos,Tekopoxypûera tyma,True,lowercased
5143,"daí, desse lugar (em que estás)","daí, desse lugar",ebanõîa suí,True,parentheses_removed | trimmed
5144,"Enfim, os moços escondem seus muito maus procedimentos","enfim, os moços escondem seus muito maus procedimentos",Aûîé kunumĩgûasu o ekó-aíbeté oîomim,True,lowercased
5145,"encontros das asas, isto é, a parte superior delas, onde vão fazendo a volta e onde nascem as penas maiores","encontros das asas, isto é, a parte superior delas, onde vão fazendo a volta e onde nascem as penas maiores",pepó-ypy,False,
5146,Dei um tombo,dei um tombo,Ayapyĩ,True,lowercased
5147,"Talvez seja o anjo, guardião verdadeiro desta aldeia","talvez seja o anjo, guardião verdadeiro desta aldeia","Karaibebé serã, kó taba rarõaneté",True,lowercased
5148,pescando bem os canapus,pescando bem os canapus,kunapu rekyî-etébo,False,
5149,"Assim, desta maneira, na verdade, a gente subirá para o céu, após lançar fora seu grande peso","assim, desta maneira, na verdade, a gente subirá para o céu, após lançar fora seu grande peso","Nandé rakó asé îeupiri ybakypene, o posyîusu reîtyk'iré",True,lowercased
5150,Provejo-me das minhas coisas,provejo-me das minhas coisas,Anhemosaînan xe mba'erama resé,True,lowercased
5151,água sem mistura,água sem mistura,y anhẽ,False,
5152,"Logo, vencendo os temiminós, habitantes daqui, frequentá-los-ei","logo, vencendo os temiminós, habitantes daqui, frequentá-los-ei","Koromõ keygûara temiminõ moaûîébo, asapekóne",True,lowercased
5153,Que a gente evoca diante dele como sua esperança?,que a gente evoca diante dele como sua esperança?,"Mba'epe asé osenõî i xupé, o îerobîasabamo?",True,lowercased
5154,Ainda hoje fazendo-os cair,ainda hoje fazendo-os cair,A'ebé kori i mbo'ane,True,lowercased
5155,"Ali também estão os meninos, as meninas, as moças que guardaram seus corpos em Deus","ali também estão os meninos, as meninas, as moças que guardaram seus corpos em deus","A'epe bé kunumĩ, kunhataĩ, kunhãmuku Tupã resé ogûeté onongatuba'epûera rekóû",True,lowercased
5156,"o próprio Pedro, Pedro mesmo","o próprio pedro, pedro mesmo",Pedro aé,True,lowercased
5157,resto do tronco de árvore que fica na terra após o seu corte,resto do tronco de árvore que fica na terra após o seu corte,ypypûera,False,
5158,Está muito desfigurado meu rosto,está muito desfigurado meu rosto,I te i té xe robá,True,lowercased
5159,"Guardai-vos de inventar impedimentos ao casamento, contando o que não é verdade","guardai-vos de inventar impedimentos ao casamento, contando o que não é verdade",Peteumẽ mendara moarupaba mo'anga'upa supindûare'yma mombegûabo,True,lowercased
5160,Para julgar todos os que vivem e os que morreram,para julgar todos os que vivem e os que morreram,"Oîkobeba'e, omanõba'epûera pabẽ rekomonhanga",True,lowercased
5161,Não o temais,não o temais,Peîpoûsub ymẽ,True,lowercased
5162,minha herança,minha herança,xe potaba,False,
5163,Não querendo que se apague a luz de nossa alma,não querendo que se apague a luz de nossa alma,Asé 'anga resapesaba gûeba potare'yma,True,lowercased
5164,"Ah, esquadrinham todos os lugares por nós","ah, esquadrinham todos os lugares por nós","Té, oîoakypûereká îandébe",True,lowercased
5165,Eu sou furioso,eu sou furioso,Xe marãmotar,True,lowercased
5166,"o que tem pênis, macho","o que tem pênis, macho",sakûãîba'e,False,
5167,"Vamos dar uma volta, primeiro","vamos dar uma volta, primeiro",Îaîebyîeby ranhẽ,True,lowercased
5168,Desde ontem não como nada,desde ontem não como nada,Kûesé bé mba'e n'a'uî,True,lowercased
5169,Mando matá-lo,mando matá-lo,Aîuká-ukar,True,lowercased
5170,Não mato,não mato,Aîukae'ym,True,lowercased
5171,Três pessoas vieram,três pessoas vieram,Mosapyr abá our,True,lowercased
5172,Pus-me espertadura,pus-me espertadura,Aîe'atype'a,True,lowercased
5173,"Estando diante de Deus, de mim não te afastas","estando diante de deus, de mim não te afastas","Tupã robaké eîkóbo, xe suí nd'eresyryki",True,lowercased
5174,Não pode o que não é padre fazer as coisas assim?,não pode o que não é padre fazer as coisas assim?,Nd'e'ikatuîpe abaréramo oîkoe'ymba'e emonã tekó monhanga?,True,lowercased
5175,Estavam dormindo de aflição,estavam dormindo de aflição,Oker okûapa tekotebẽ suí nhẽ,True,lowercased
5176,"Estando nós no amor de Deus, a verdadeira felicidade temos","estando nós no amor de deus, a verdadeira felicidade temos","Tupã îoaûsuba pupé îaîkóbo, tekokatu-eté îarekó",True,lowercased
5177,folha tenra,folha tenra,só-kyra,False,
5178,É para mim terrível vê-los,é para mim terrível vê-los,I abaeté sepîaka ixébo,True,lowercased
5179,Ele é gostoso,ele é gostoso,Sé,True,lowercased
5180,Qual é o modo verdadeiro de chamar os batizados?,qual é o modo verdadeiro de chamar os batizados?,Marãpe i mongaraibypyramo renõîndabeté?,True,lowercased
5181,Hei de embebedar-me!,hei de embebedar-me!,T'asabeypó!,True,lowercased
5182,Estando eu em casa de cristãos,estando eu em casa de cristãos,Karaibokype ûitekóbo,True,lowercased
5183,Eu sou ríspido,eu sou ríspido,Xe îeaseîxûer,True,lowercased
5184,Hei de me aproximar de minha futura e verdadeira vida,hei de me aproximar de minha futura e verdadeira vida,Arokakar xe rekobé-etérama re'ĩ,True,lowercased
5185,pescaria com puçá-guaçu,pescaria com puçá-guaçu,pysagûasu-eîtykaba,False,
5186,poleiro das aves,poleiro das aves,gûyrá rendaba,False,
5187,Dou-o em recompensa,dou-o em recompensa,Aîme'eng sepyramo,True,lowercased
5188,"o sem mãe, o órfão de mãe","o sem mãe, o órfão de mãe",sye'yma,False,
5189,"Tão logo ao ouvir o teu nome, o diabo está tremendo","tão logo ao ouvir o teu nome, o diabo está tremendo","Nde rera rendupa abé, Anhanga ryryî okûapa",True,lowercased
5190,"Contaste o mau procedimento de alguém, que somente tu viste, para as pessoas?","contaste o mau procedimento de alguém, que somente tu viste, para as pessoas?",Ereîmombe'upe abá rekopoxŷagûera oîepebẽ nde remiepîakûera abá supé?,True,lowercased
5191,"Haveis de vos consolar muito futuramente, após acabar a batalha","haveis de vos consolar muito futuramente, após acabar a batalha",Ta peapysyketé irã marana pab'iré,True,lowercased
5192,"Em reparação disso, mudaste-te de aldeia","em reparação disso, mudaste-te de aldeia","Sepŷápe, ereîakasó",True,lowercased
5193,Eis que aqui ele está deitado,eis que aqui ele está deitado,Kó tuî kó,True,lowercased
5194,porto das canoas,porto das canoas,ygara îepotasatyba,False,
5195,"Desesperar-se-ão muito, certamente, os que são maus","desesperar-se-ão muito, certamente, os que são maus",I anhamãngatu nipó i angaîpaba'e-ne,True,lowercased
5196,Saqueei-lhe as coisas completamente,saqueei-lhe as coisas completamente,Aîmba'e-pysyrõ-mbab,True,lowercased
5197,"mata ótima, de boa madeira","mata ótima, de boa madeira",ka'aeté,False,
5198,"Eia, para não serdes semelhantes a uma maldição a vosso senhor","eia, para não serdes semelhantes a uma maldição a vosso senhor",Pe'ĩ pe îara momburu îasûara suí,True,lowercased
5199,rarissimamente,rarissimamente,marangatuabé é,False,
5200,Fá-lo sofrer o frio,fá-lo sofrer o frio,Îaîmomboreaûsu ro'y,True,lowercased
5201,"Eu tenho presas, eu faço presas, eu apreso","eu tenho presas, eu faço presas, eu apreso",Xe rembiar,True,lowercased
5202,Fico-o mastigando (sem dentes),fico-o mastigando,Anhagûã-nhagûãî,True,parentheses_removed | lowercased | trimmed
5203,Pode a gente trocar seu próprio nome ao receber aquele?,pode a gente trocar seu próprio nome ao receber aquele?,E'ikatupe asé aîpoba'e rasápe ogûera rekobîarõmo?,True,lowercased
5204,"Por isso mesmo Deus te repeliu, desde então o fogo para sempre queimando-te","por isso mesmo deus te repeliu, desde então o fogo para sempre queimando-te","Nd'e'i te'e Tupã nde pe'abo, a'epûerype tatá aûîerama nde rapŷabo",True,lowercased
5205,"Por isso mesmo, tendo saudades um do outro, ficam tristes","por isso mesmo, tendo saudades um do outro, ficam tristes","Nd'e'i te'e oîoepîaka'upa, o karukasyramo",True,lowercased
5206,"Este meu tacape não está à toa nas minhas mãos, mas, sim, é o instrumento com que vos racharei","este meu tacape não está à toa nas minhas mãos, mas, sim, é o instrumento com que vos racharei","Kó xe itangapema xe pópe nd'oîkóî tenhẽ, pe mombokaûama é",True,lowercased
5207,Procuremos alimentos para aqueles homens,procuremos alimentos para aqueles homens,T'i poraká apó abá,True,lowercased
5208,"Curou-o, somente tocando sua orelha","curou-o, somente tocando sua orelha","Oîposanong, i nambi atõîa nhõte",True,lowercased
5209,"Que amemos a mãe de Deus, por ela interessando-nos","que amemos a mãe de deus, por ela interessando-nos","Tupã sy t'îasaûsu, sesé îanhemoryryîa",True,lowercased
5210,Que experimentemos a força dos homens conosco,que experimentemos a força dos homens conosco,T'isa'ang apŷaba marã îandé irũ,True,lowercased
5211,para adiante de Lisboa,para adiante de lisboa,Lisboa amongoty,True,lowercased
5212,somente um bocado,somente um bocado,oîepé îuru nhõ,False,
5213,Culpei-o falsamente,culpei-o falsamente,Asenõî tenhẽ,True,lowercased
5214,a vaca que crio,a vaca que crio,xe reîmbaba tapi'ira,False,
5215,o limite de minha roça,o limite de minha roça,xe kó robapy,False,
5216,Estejamos em união,estejamos em união,Oîepegûasu t'îaîkó,True,lowercased
5217,Para que creiam os que se batizarão,para que creiam os que se batizarão,T'ogûerobîá oîemongaraiba'erama,True,lowercased
5218,Tiveste relações sexuais com alguma mulher como tua prostituta?,tiveste relações sexuais com alguma mulher como tua prostituta?,Ereîkópe kunhã amõ resé nde sugûaraîyramo?,True,lowercased
5219,"Não foste tu, certamente, que te atraíste pelas mulheres?","não foste tu, certamente, que te atraíste pelas mulheres?",Na nde ruã-te p'akó kunhã ri ereîemomotá?,True,lowercased
5220,salvador da gente,salvador da gente,moropysyrõana,False,
5221,Eu caí de sono,eu caí de sono,Xe ker-aparar,True,lowercased
5222,Havemos de ir,havemos de ir,T'asóne - Hei de ir T'orosóne,True,lowercased
5223,Vivei verdadeiramente com a rainha Graça,vivei verdadeiramente com a rainha graça,Peîkó-eté Grácia rainha ndibé,True,lowercased
5224,"Eis aqui meu arco, eis aqui as farpas","eis aqui meu arco, eis aqui as farpas","Kobé xe îurupara, kobé arupare'aka",True,lowercased
5225,Estando eu junto de ti,estando eu junto de ti,Nde pyri gûitekóbo nhẽ,True,lowercased
5226,Logo o viu,logo o viu,Koromõ sepîaki,True,lowercased
5227,Mas livra-nos tu das coisas más,mas livra-nos tu das coisas más,Oré pysyrõ-te îepé mba'e-aíba suí,True,lowercased
5228,Ando perdido,ando perdido,Xe ropá-ropar,True,lowercased
5229,Eu tenho o rabo cortado,eu tenho o rabo cortado,Xe rûaîasyk,True,lowercased
5230,Os que estão achegados a ti,os que estão achegados a ti,Nde resé serosypyra,True,lowercased
5231,Eu sou habilidoso,eu sou habilidoso,Xe kyre'ym,True,lowercased
5232,"Fi-lo estar como forro, alforriei-o","fi-lo estar como forro, alforriei-o",Abaetéramo aîmoingó,True,lowercased
5233,As namoradas me amavam,as namoradas me amavam,Kunhã'yba xe raûsu,True,lowercased
5234,E os rapazes que perseguem mulheres?,e os rapazes que perseguem mulheres?,A'epe kunumĩgûasu kunhã oîmomosemba'e?,True,lowercased
5235,Vestir os nus,vestir os nus,Ikatupendûara moaoba,True,lowercased
5236,De maneira nenhuma,de maneira nenhuma,-Setápe asé nhemongaraíbi? - Aani - A gente batiza-se muitas vezes?,True,lowercased
5237,Eis que aqui estou como teu filho pecador,eis que aqui estou como teu filho pecador,Kobé aîkó nde ra'yrangaîpabĩnamo,True,lowercased
5238,Que cheguemos ao alto,que cheguemos ao alto,Ybaté t'orobasẽ,True,lowercased
5239,Querendo abertos os buracos das orelhas da gente,querendo abertos os buracos das orelhas da gente,Asé apysakûá-puka potá,True,lowercased
5240,cal de ostra,cal de ostra,reri ku'i,False,
5241,"Tremo, ambas as minhas coxas adormeceram","tremo, ambas as minhas coxas adormeceram","Aryryî, opá xe uba îesyî",True,lowercased
5242,Alarguei meus passos,alarguei meus passos,Aîmoatã xe rapupa'ũ,True,lowercased
5243,Arrependendo-se ele de ter batido em ti,arrependendo-se ele de ter batido em ti,Nde resé i pûaragûera moasŷabo,True,lowercased
5244,castrado,castrado,sapi'a'okypyra,False,
5245,Invocando a Deus ou sua própria alma ou a cruz ou algo verdadeiro,invocando a deus ou sua própria alma ou a cruz ou algo verdadeiro,Tupã koîpó o 'anga koîpó cruz koîpó anheté renõîa,True,lowercased
5246,"Eu não tenho boca cuidadosa (isto é, sou destemido em falar)",eu não tenho boca cuidadosa,Na xe îuruposykyîéî,True,parentheses_removed | lowercased | trimmed
5247,"Por causa disso, agora amo a meu senhor Jesus","por causa disso, agora amo a meu senhor jesus","Aîpoba'e ri, ko'y asaûsu xe îara Îesu",True,lowercased
5248,"Eu sou cristão, eu sou virtuoso","eu sou cristão, eu sou virtuoso","Xe cristão, xe karaí",True,lowercased
5249,"Filhos de índios, certamente","filhos de índios, certamente","Abá ra'yra, ipó",True,lowercased
5250,Eu sou malhado na cabeça,eu sou malhado na cabeça,Xe 'apititing,True,lowercased
5251,Fazei a Deus Nosso Senhor perdoar a mim,fazei a deus nosso senhor perdoar a mim,Peîmonhyrõ Tupã Îandé Îara ixébo,True,lowercased
5252,largamente,largamente,marangatu-eté,False,
5253,"Baixou a cabeça, ficando a gritar","baixou a cabeça, ficando a gritar",Oîeaŷbyk ogûasem-asemamo,True,lowercased
5254,neném compadecedor,neném compadecedor,pitangĩ-moraûsubara,False,
5255,Eu sou visitador,eu sou visitador,Xe posubixûer,True,lowercased
5256,suas coisas comuns,suas coisas comuns,i îomba'e,False,
5257,"Caem, às vezes, os frutos das suas árvores, sendo ainda flores","caem, às vezes, os frutos das suas árvores, sendo ainda flores",Okuî rakó amũme 'ybarambûera o 'yba suí 'ybotyramo oîkóbo bé,True,lowercased
5258,Eu lhe pélo o couro cabeludo,eu lhe pélo o couro cabeludo,Aî'apir-abo'o,True,lowercased
5259,"meu irmão gêmeo, o que nasceu juntamente comigo","meu irmão gêmeo, o que nasceu juntamente comigo",xe kõîgûera,False,
5260,a que é (ou deve ser) alforriada,a que é alforriada,i mokunhãmbyra,True,parentheses_removed | whitespace_collapsed
5261,"Esse é meu antigo enforcador, querendo enforcar-me novamente!","esse é meu antigo enforcador, querendo enforcar-me novamente!",Akó xe îubykarûera xe îubyk benhẽ potá!,True,lowercased
5262,Por que bates em mim?,por que bates em mim?,Marãpe erepûar xe resé?,True,lowercased
5263,Feriste alguém também?,feriste alguém também?,Ereîapixabype amõno?,True,lowercased
5264,Que a gente honra ao erguer o padre o cálice da missa?,que a gente honra ao erguer o padre o cálice da missa?,Mba'epe asé oîmoeté abaré itaîukamusi rupireme?,True,lowercased
5265,"Dói-me a cabeça (e não o corpo na qual ela está, que não participa do processo descrito pelo verbo)",dói-me a cabeça,Sasy xe akanga xe suí,True,parentheses_removed | lowercased | trimmed
5266,Embarco contigo,embarco contigo,A'ar nde pupé,True,lowercased
5267,"Eis que somente ele tem coisas boas, em vez de mim!","eis que somente ele tem coisas boas, em vez de mim!","Ahẽ nhõ ikó i mba'e-katu, xe suí mã!",True,lowercased
5268,Dentro de uma casinha estás,dentro de uma casinha estás,Ó-mirĩ pupé ereîkó,True,lowercased
5269,Matemos juntos o que diz isso,matemos juntos o que diz isso,Îaîuká memẽ aîpó 'îara,True,lowercased
5270,Que vos lembreis deste dia em que descansei após terminá-las todas,que vos lembreis deste dia em que descansei após terminá-las todas,Ta pe ma'enduar ikó 'ara ixé i moaûîé pá roîré xe putu'uagûera resé,True,lowercased
5271,Eu sou calvo,eu sou calvo,Xe 'akuî,True,lowercased
5272,Fica pisando o maldito,fica pisando o maldito,-Muru ri opurũ-purung,True,lowercased
5273,Eu sou pardo,eu sou pardo,Xe pytang,True,lowercased
5274,"Detestando-os muito, tratai-los muito mal","detestando-os muito, tratai-los muito mal","I amotare'ym-etébo, perekó-aí-aí",True,lowercased
5275,escória do ferro,escória do ferro,itá repoti,False,
5276,Torci-o,torci-o,Aîpepyr,True,lowercased
5277,"Não em vão Deus disse isso, não dizendo ""- pode ser""","não em vão deus disse isso, não dizendo ""- pode ser""","Nd'e'i te'e Tupã aîpó o'îabo ""re'ĩ"" o'eyma",True,lowercased
5278,"Somente desejando-a, nela tocando também","somente desejando-a, nela tocando também","I potá nhote, sesé opokoka abé",True,lowercased
5279,Longamente eu o estive fazendo,longamente eu o estive fazendo,Ipuku xe rekóû i monhanga,True,lowercased
5280,Que coisa é que fica batendo no rosto de seu próprio chefe?,que coisa é que fica batendo no rosto de seu próprio chefe?,Mba'e-embiarĩ-pakó og ubixaba robá resé opûá-opûar?,True,lowercased
5281,terceiro,terceiro,momosapysara,False,
5282,"Calava-se, estando de pé, não respondendo as palavras deles","calava-se, estando de pé, não respondendo as palavras deles","Opyk o'ama, i nhe'engobaxûare'yma",True,lowercased
5283,"Eu sou enfermiço, doentio (isto é, tenho propensão para adoecer amiúde)","eu sou enfermiço, doentio",Xe mba'easy-potar îá,True,parentheses_removed | lowercased | trimmed
5284,querendo fazer-nos preparar,querendo fazer-nos preparar,îandé monhemosako'i-potá,False,
5285,Ele é fundo,ele é fundo,Typy,True,lowercased
5286,Confio muito em mim mesmo,confio muito em mim mesmo,Aîerobîá-katu xe îoesé,True,lowercased
5287,Eu também sou um porco,eu também sou um porco,Xe abé taîasugûaîa,True,lowercased
5288,Hei de vê-lo,hei de vê-lo,T'asepîáne,True,lowercased
5289,"Ostra Grande, nome de pessoa","ostra grande, nome de pessoa",Reriûasu,True,lowercased
5290,Comeste carne no tempo de não a comer?,comeste carne no tempo de não a comer?,Ere'upe so'o i gûabe'yma pupé?,True,lowercased
5291,"Ah, bom tempo aquele em que lá fui!","ah, bom tempo aquele em que lá fui!",Kûesenhe'ymĩkaé xe sóû a'epe mã!,True,lowercased
5292,quando ele defeca,quando ele defeca,sepotireme,False,
5293,Procedo muito mal,procedo muito mal,Marã-marã tenhẽ aîkó,True,lowercased
5294,Eu estou esfalfado,eu estou esfalfado,Xe ra'ypab,True,lowercased
5295,Tragamos quaisquer coisas para esses,tragamos quaisquer coisas para esses,T'irur ma'e tiruã anga pé,True,lowercased
5296,Entornei-o,entornei-o,Anhosen,True,lowercased
5297,"Estando com suas roupas brancas, como recompensa de o terem batizado","estando com suas roupas brancas, como recompensa de o terem batizado",O aó-tinga o mongaraibagûera repyramo reroína,True,lowercased
5298,Com seu sopro somente dando vida a ele,com seu sopro somente dando vida a ele,O pytu pupé nhote tekobé me'enga i xupé,True,lowercased
5299,Não se separa algumas vezes da alma da gente?,não se separa algumas vezes da alma da gente?,Nd'o'iripe amõnyme asé 'anga suí?,True,lowercased
5300,"Tomaste remédio, não querendo ficar grávida?","tomaste remédio, não querendo ficar grávida?",Ereposangu'upe nde puru'a-potare'ymamo?,True,lowercased
5301,"Mas vinho mesmo, de fato, colocam dentro dele?","mas vinho mesmo, de fato, colocam dentro dele?",Kaûĩ aé ruã-tepe ybŷá onong i pupé?,True,lowercased
5302,Enfim eu vou,enfim eu vou,Rumby gûixóbo,True,lowercased
5303,Sujei-o de visgo,sujei-o de visgo,Anhomong,True,lowercased
5304,Eu tenho olhos esbugalhados,eu tenho olhos esbugalhados,Xe resá-ynhusu,True,lowercased
5305,"Suportando a escuridão, estamos muito aflitos","suportando a escuridão, estamos muito aflitos","Putunusu porarábo, oroîkotebẽngatu",True,lowercased
5306,Todos os vícios colocaram bem em seus corações,todos os vícios colocaram bem em seus corações,Opabĩ tekoaíba mondebi-katu o py'ape,True,lowercased
5307,"A gente confessa totalmente, de costume, seus próprios pecados?","a gente confessa totalmente, de costume, seus próprios pecados?",Oîmombe'u pakatupe amẽ asé o angaîpagûera?,True,lowercased
5308,Levei-o secretamente,levei-o secretamente,Arasó-nhemim,True,lowercased
5309,"Eis que com seu corpo deve estar sua divindade, nos pedacinhos também, inteiramente","eis que com seu corpo deve estar sua divindade, nos pedacinhos também, inteiramente","I Tupã irũmo bé kó seté rekóû, pesembûeri pupé bé gûetépe-katu re'a",True,lowercased
5310,Como o saberão?,como o saberão?,Marãpe i kugûabine?,True,lowercased
5311,"por aí, por ali","por aí, por ali",eboûinga rupi,False,
5312,Não por me amar,não por me amar,Na xe raûsupeî,True,lowercased
5313,"Eu sou mediano, eu não sou grande nem pequeno","eu sou mediano, eu não sou grande nem pequeno",Xe boîá,True,lowercased
5314,"Disseste falsamente que ele disse isso, sendo maledicente?","disseste falsamente que ele disse isso, sendo maledicente?","""-E'i kó"" eré tenhẽpe nde îuruaíbamo?",True,lowercased
5315,Não faz sentido ele fazer a defesa da morte fora de Jesus Cristo,não faz sentido ele fazer a defesa da morte fora de jesus cristo,N'i aîarõî Îesu Cristo taté é te'õ suí i îepirapûana,True,lowercased
5316,Ergui a espinhela,ergui a espinhela,Aîpusu'ã-mogûyr,True,lowercased
5317,Pilei-lhe as taipas,pilei-lhe as taipas,Aîybysosok,True,lowercased
5318,Uma coisa amarga com vinagre misturaram,uma coisa amarga com vinagre misturaram,Mba'e-py'aûpîara kaûĩaîasy resé i monani,True,lowercased
5319,Descasquei-o,descasquei-o,Aîape'ok,True,lowercased
5320,caminho impraticável,caminho impraticável,pé-aíba,False,
5321,"meu clítoris, meu tamatiá","meu clítoris, meu tamatiá",Xe ramati'ã,False,
5322,cova de sepultura,cova de sepultura,Tyby-kûara,False,
5323,"Tomaste, sem razão, alguma coisa de alguém?","tomaste, sem razão, alguma coisa de alguém?",Ereîar tenhẽpe abá mba'e amõ?,True,lowercased
5324,Puni-o,puni-o,Arekomarã,True,lowercased
5325,"Faço intervalos em minhas entradas na igreja (isto é, entro uma vez sim, outra não)",faço intervalos em minhas entradas na igreja,Aîmopa'ũ-pa'ũ nhote Tupãokype xe reîké,True,parentheses_removed | lowercased | trimmed
5326,"Saiu para o pátio, chorando muito dolorosamente","saiu para o pátio, chorando muito dolorosamente","Osem okarype, oîase'o-asy-katûabo",True,lowercased
5327,Querendo conhecer seus casamentos antigos,querendo conhecer seus casamentos antigos,I mendarymana kuaba potá,True,lowercased
5328,Eles se tratam uns aos outros como semelhantes por causa de sua irmandade,eles se tratam uns aos outros como semelhantes por causa de sua irmandade,O îoasykûera ri îasûaramo i îogûerekóû,True,lowercased
5329,Estou em cilada,estou em cilada,Kotype aîub,True,lowercased
5330,Eu tenho fala rápida,eu tenho fala rápida,Xe nhe'ẽ-mby'i,True,lowercased
5331,Não contém mais nada minha bolsa,não contém mais nada minha bolsa,N'i pori be'ĩ xe aîó,True,lowercased
5332,"Quando chegou a morte, para junto de Deus-Pai Jesus fez-te subir","quando chegou a morte, para junto de deus-pai jesus fez-te subir","Te'õ mbasembápe, Tupã Tuba pyri Îesu nde rupiri",True,lowercased
5333,Levanto-me,levanto-me,Abyr,True,lowercased
5334,Pagaste aquilo que tu usaste?,pagaste aquilo que tu usaste?,Eresepyme'engype nde remiporupûera?,True,lowercased
5335,Se tivesses sido bom,se tivesses sido bom,Nde marangatu meémo,True,lowercased
5336,Quem és tu?,quem és tu?,Abápe nde?,True,lowercased
5337,Mas acreditais realmente em Deus?,mas acreditais realmente em deus?,Perobîar-y-tepe aé Tupã?,True,lowercased
5338,Envolvendo com véus seu rosto,envolvendo com véus seu rosto,Aobybĩ pupé sobá ubana,True,lowercased
5339,Ela fez seu marido comer o fruto de modo vil,ela fez seu marido comer o fruto de modo vil,A'e o mena supé 'ybá-'u-ukar-a'ubi,True,lowercased
5340,Bebi água,bebi água,A'y-'u,True,lowercased
5341,por um triz que não,por um triz que não,-sûerĩ,False,
5342,"Castiga o maldito, fazendo-o correr","castiga o maldito, fazendo-o correr","Moxy oînupã, i monhana",True,lowercased
5343,Estão sempre cheias as igaçabas,estão sempre cheias as igaçabas,Tynysẽ memẽ ygasaba,True,lowercased
5344,Eu estou muito desfigurado,eu estou muito desfigurado,Xe té xe té,True,lowercased
5345,"A que ingere uma poção, querendo matar seu feto","a que ingere uma poção, querendo matar seu feto",O puru'a îuká-potá mosanga o'uba'e,True,lowercased
5346,Não deixarei de o querer,não deixarei de o querer,N'aîpotare'ymi xûéne,True,lowercased
5347,Estou sendo um tanto arrogante,estou sendo um tanto arrogante,Aîerobîá-pyryb gûitekóbo,True,lowercased
5348,enseada ou baía de mar,enseada ou baía de mar,paranãngûá,False,
5349,"Para confortar tua alma, nós o ficamos abraçando","para confortar tua alma, nós o ficamos abraçando","Nde 'anga moapysykápe, oroîaîubã-îubã",True,lowercased
5350,"brandamente, suavemente","brandamente, suavemente",mbegûé-katu,False,
5351,Vôo como este vento,vôo como este vento,Abebé kó ybytu îá,True,lowercased
5352,"Eu estou febril, eu tenho febre","eu estou febril, eu tenho febre",Xe akanunduk,True,lowercased
5353,Por acaso todos os que estavam ali ficaram a injuriá-lo?,por acaso todos os que estavam ali ficaram a injuriá-lo?,Opabenhẽ serã erimba'e a'epe tekoara iî a'o-îa'oû?,True,lowercased
5354,"Vim de motu próprio, vim de própria vontade","vim de motu próprio, vim de própria vontade",Aîur é,True,lowercased
5355,"farinha puba, farinha d'água, ou seja, de mandioca curtida, que se espremia no tipiti e que se passava pela urupema","farinha puba, farinha d'água, ou seja, de mandioca curtida, que se espremia no tipiti e que se passava pela urupema",u'i-puba,False,
5356,Não comas este fruto que me é reservado,não comas este fruto que me é reservado,E'u umẽ ikó 'ybá xe rekoate'ỹmbaba,True,lowercased
5357,Madeira é o que falta,madeira é o que falta,Ybyrá angapeẽamẽ,True,lowercased
5358,Sou leviano,sou leviano,Abebuînhẽ,True,lowercased
5359,Qual é o preço delas?,qual é o preço delas?,Mba'epe sepyrama?,True,lowercased
5360,A gente o faz ir em busca de padre também?,a gente o faz ir em busca de padre também?,Abaré abépe asé oîpiamondó?,True,lowercased
5361,"Morro falsamente, isto é, desmaio, desfaleço","morro falsamente, isto é, desmaio, desfaleço",Amanõ-aíb,True,lowercased
5362,Finjo que não o quero,finjo que não o quero,N'aîpotare'ym-a'ubi,True,lowercased
5363,Arrebentando as coisas de alguém,arrebentando as coisas de alguém,Abá mba'e mombuka,True,lowercased
5364,Segui pelo mar (em navio) 'Y rupi agûatá - Andei pelo rio (de barco),segui pelo mar 'y rupi agûatá - andei pelo rio,Paranã rupi agûatá,True,parentheses_removed | lowercased | whitespace_collapsed | trimmed
5365,Ao lado de sua mãe a criança está deitada,ao lado de sua mãe a criança está deitada,O sy posé pitanga ruî,True,lowercased
5366,Lembra-te já do término de tuas coisas,lembra-te já do término de tuas coisas,Nde ma'enduar nde rekó pabagûama resé rá,True,lowercased
5367,Acreditas em falsas oferendas?,acreditas em falsas oferendas?,Ererobîápe îetanonga'uba?,True,lowercased
5368,"Por isso mesmo é que, em seus corações ficando a refletir, desafiam muito a Deus","por isso mesmo é que, em seus corações ficando a refletir, desafiam muito a deus","Nd'ei te'e, o py'a pupé oîemongetá-ngetábo, Tupã momburukatûabo",True,lowercased
5369,Catorze são aquelas coisas em que creremos,catorze são aquelas coisas em que creremos,Catorze asé remierobîarama,True,lowercased
5370,"O tucum é estopento (isto é, fibroso como a estopa)",o tucum é estopento,Tukũ sybyr,True,parentheses_removed | lowercased | trimmed
5371,Parti-o pelo meio,parti-o pelo meio,Oîopyterybo rupi aîmombok,True,lowercased
5372,Ponde uma cruz diante deste doente como objeto da visão de seus olhos,ponde uma cruz diante deste doente como objeto da visão de seus olhos,Peîmoín amõ cruz oîepé kó mara'abora robaké sesá ma'ẽndabamo,True,lowercased
5373,Procedendo de que forma o homem o transgride?,procedendo de que forma o homem o transgride?,Marã oîkóbo bépe abá i abyû?,True,lowercased
5374,"Tentastes em vão, por pouco tempo, não dormir perto de mim","tentastes em vão, por pouco tempo, não dormir perto de mim",Pesa'ang îepé korite'ĩ nhõte xe pyri pekere'yma,True,lowercased
5375,o avesso dele,o avesso dele,i py,False,
5376,Fiquei-a beliscando,fiquei-a beliscando,Aîpĩ-pin,True,lowercased
5377,Aonde ele foi após acabar de comer?,aonde ele foi após acabar de comer?,Mamõpe i xóû o mba'e'u-pab'iré?,True,lowercased
5378,Estou quieto,estou quieto,Aîubĩote,True,lowercased
5379,Ficaram todos gritando com ele,ficaram todos gritando com ele,Oposẽ-posẽ pabenhẽ sesé,True,lowercased
5380,"Embora me evoques os atos, daqueles arrependo-me","embora me evoques os atos, daqueles arrependo-me","Xe rekó-ekyî îepé, a'epûera aîmoasy",True,lowercased
5381,"Assim como a gente reconhece o dia dos santos, do mesmo modo, também, até mesmo seus ossinhos a gente cultua, tendo-os no pescoço","assim como a gente reconhece o dia dos santos, do mesmo modo, também, até mesmo seus ossinhos a gente cultua, tendo-os no pescoço","Oîabo asé santos 'ara kuabi, oîabo bé asé i kangûerĩ tiruã momba'etéû, o aîuri serekóbo",True,lowercased
5382,Dizendo que um canto de pássaro ou um urro de onça são agouros,dizendo que um canto de pássaro ou um urro de onça são agouros,Gûyrá koîpó îagûara nhe'enga supé morangygûana o'îabo,True,lowercased
5383,"Por se compadecer de mim, minh'alma faz firme","por se compadecer de mim, minh'alma faz firme","Xe raûsubasápe, xe 'anga moteni",True,lowercased
5384,"E quanto a ti, Boiuçu?","e quanto a ti, boiuçu?","Marãpe nde, Mboîusu?",True,lowercased
5385,"Alguém não reconheceria ter comido algo bom, esquecendo-se da excelência de seu sabor?","alguém não reconheceria ter comido algo bom, esquecendo-se da excelência de seu sabor?",Abámo mba'e-katu 'uagûera n'oîkuabi xûé sé katûagûera resé o esaraîamo?,True,lowercased
5386,pedra de beiço pontuda,pedra de beiço pontuda,metarapûá,False,
5387,Dei coisas para outra pessoa que não a meu pai,dei coisas para outra pessoa que não a meu pai,Aîme'eng mba'e xe ruba taté nhẽ,True,lowercased
5388,"prenseiro, o que prensa","prenseiro, o que prensa",pokasara,False,
5389,"madeira fina, ótima","madeira fina, ótima",ybyrá-eté,False,
5390,três dedos dos pés,três dedos dos pés,mosapyr mysã,False,
5391,Que me faça viver longamente,que me faça viver longamente,Ta xe moingobé-puku,True,lowercased
5392,Pensa em vir para vos espantar,pensa em vir para vos espantar,Oú-mo'ang pe mondyîa,True,lowercased
5393,Eu sou mal-encarado,eu sou mal-encarado,Xe robasy,True,lowercased
5394,o que está junto de Deus,o que está junto de deus,Tupã pyri oîkoba'e,True,lowercased
5395,"na ponta da rede, no punho da rede","na ponta da rede, no punho da rede",api anhãî,False,
5396,"Ainda sendo criancinha aquele Nosso Senhor Jesus Cristo era conhecedor de quaisquer coisas, como em sua idade adulta?","ainda sendo criancinha aquele nosso senhor jesus cristo era conhecedor de quaisquer coisas, como em sua idade adulta?",O pitangĩnamo bépe a'e Îandé Îara Îesu Cristo mba'e tetiruã kuaparamo sekóû o kakuaba îabé?,True,lowercased
5397,beco ou rua estreita,beco ou rua estreita,onhoba'ũ-mirĩ,False,
5398,Vinde para pranteá-lo ao entrar ele em vós,vinde para pranteá-lo ao entrar ele em vós,Peîori sapirõagûama resé pe pupé seîkéreme,True,lowercased
5399,Agora tua concepção trouxe grande alegria,agora tua concepção trouxe grande alegria,"Ko'y, nde nhemonhangaba ogûeru torybeté",True,lowercased
5400,aquele outro,aquele outro,akó amõaé,False,
5401,Eles estarão muitíssimo doentes,eles estarão muitíssimo doentes,I mara'a tenhẽ,True,lowercased
5402,"Eia, roga por nossa virtude!","eia, roga por nossa virtude!",Katunhẽ eîerurébo oré katûagûama ri!,True,lowercased
5403,"Querendo que ele entre para junto de vós mesmos, lançai fora vossas maldades","querendo que ele entre para junto de vós mesmos, lançai fora vossas maldades","Pe îoupé seîké potá, peîtyk pe angaîpaba",True,lowercased
5404,A morte é a ameaça daqueles que se casam verdadeiramente,a morte é a ameaça daqueles que se casam verdadeiramente,Te'õ a'e mendasareté momboîsabamo,True,lowercased
5405,Eu quero presas nas pessoas de alguns bêbados,eu quero presas nas pessoas de alguns bêbados,Xe rembiá-potá sabeypora amõ resé,True,lowercased
5406,Querendo logo levar-nos,querendo logo levar-nos,Asé rerasó sapy'a potá,True,lowercased
5407,"Os chefes velhos falam sempre a eles, repreendendo-os, censurando-os","os chefes velhos falam sempre a eles, repreendendo-os, censurando-os","Morubixaba tuîba'e onhe'eng memẽ i xupé, senonhena, i akakapa",True,lowercased
5408,Derrama tuas lágrimas,derrama tuas lágrimas,Eîmo'ẽ nde resa'y,True,lowercased
5409,"A lã em roupa transformamos (isto é, da lã fazemos roupa)",a lã em roupa transformamos,So'o ragûera aobamo îaîmonhang,True,parentheses_removed | lowercased | trimmed
5410,"Embora eles tenham igrejas para ficar rezando, a todos arruinei","embora eles tenham igrejas para ficar rezando, a todos arruinei","I Tupãok îepé, Tupãmongetá-ngetábo, aîmomoxy pabenhẽ",True,lowercased
5411,cera dos ouvidos,cera dos ouvidos,apysá-ygugûá,False,
5412,Transformo o ferro em anzol,transformo o ferro em anzol,Aîmonhang itá pindáramo,True,lowercased
5413,Que ela faça seu mui belo filho perdoar a nós,que ela faça seu mui belo filho perdoar a nós,O memby-porangeté t'omoîerekûab orébo,True,lowercased
5414,Estou quieto,estou quieto,Aîubĩ,True,lowercased
5415,a companheira de minha mãe,a companheira de minha mãe,xe sy'yra,False,
5416,"daí, desse lugar (que tu dizes)","daí, desse lugar",aîpó suí,True,parentheses_removed | trimmed
5417,Nosso inimigo vencendo para sempre,nosso inimigo vencendo para sempre,Oré sumarã reîtyka memẽ,True,lowercased
5418,"Ontem, é verdade, alguns sumiram","ontem, é verdade, alguns sumiram","Kûeîsé, rakó, amõ kanhemi",True,lowercased
5419,"a descida dele (pex, de um monte)",a descida dele,seroapy'ambaba,True,parentheses_removed | trimmed
5420,Que Deus dará para a gente no céu?,que deus dará para a gente no céu?,Mba'epe Tupã oîme'eng asébe ybakypene?,True,lowercased
5421,Sede corajosos junto de vosso inimigo,sede corajosos junto de vosso inimigo,Peîkoeté pe robaîara pé,True,lowercased
5422,Vivo mal,vivo mal,Aîkó-poxy,True,lowercased
5423,"Hoje, assim, de modo nenhum nos impedem nossa estada","hoje, assim, de modo nenhum nos impedem nossa estada","Kori, nã, îandé rekó îandé moarûapa angá",True,lowercased
5424,Enjoa-te de teu velho modo de ser!,enjoa-te de teu velho modo de ser!,Eîmoting nde rekopûera!,True,lowercased
5425,"Por causa disso, com efeito, agora o amo","por causa disso, com efeito, agora o amo","Aîpó resé nhẽ, ko'y asaûsu",True,lowercased
5426,"Ai, quem me dera ir com ele hoje!","ai, quem me dera ir com ele hoje!",Asó temõ kori ahẽ irũmo mã!,True,lowercased
5427,meu soltar de grunhidos,meu soltar de grunhidos,xe kororõ-pysyrõ,False,
5428,fedor de boca,fedor de boca,îurunema,False,
5429,"Tu estás muito feliz, ilusoriamente, envergonhando meus súditos","tu estás muito feliz, ilusoriamente, envergonhando meus súditos","Nde rory-roryb-a'u, xe boîá momara'a",True,lowercased
5430,Não deixes de o querer,não deixes de o querer,Eîpotare'ymumẽ,True,lowercased
5431,remador de canoa,remador de canoa,ygá-pukuîtara,False,
5432,E a aproximação do parto de uma grávida não é também motivo de se ter medo?,e a aproximação do parto de uma grávida não é também motivo de se ter medo?,- A'epe muru'apora membyrasy kakara na nheangûaba bé ruã?,True,lowercased
5433,Finjo que vou,finjo que vou,Asó-asó-a'ub,True,lowercased
5434,Por isso mesmo as malditas correm,por isso mesmo as malditas correm,Nd'e'i te'e moxy onhana,True,lowercased
5435,Reatei-o,reatei-o,Aîapytĩatã,True,lowercased
5436,Qual é teu nome?,qual é teu nome?,Marãpe nde rera?,True,lowercased
5437,"Eis que, como está no céu, Nosso Senhor está dentro do pão nas mãos do padre, com certeza","eis que, como está no céu, nosso senhor está dentro do pão nas mãos do padre, com certeza","Akó ybakype ogûekó îakatu, Îandé Îara rekóû miapepûera pupé nhẽ abaré pópe re'a",True,lowercased
5438,"Rompeu-se teu coração, por amor a ele","rompeu-se teu coração, por amor a ele","Obok nde nhy'ã, saûsuba resé",True,lowercased
5439,homem intolerante,homem intolerante,abá-poromborybe'yma,False,
5440,Hei de contar os pecados deles para que tu acredites em mim,hei de contar os pecados deles para que tu acredites em mim,T'aîpapáne i angaîpaba ta xe rerobîá îepé,True,lowercased
5441,"Ah, tão somente eu, na verdade, sofrerei isto!","ah, tão somente eu, na verdade, sofrerei isto!",Xe nhõngatueté koba'e aîporaráne mã!,True,lowercased
5442,Não há muitos restos deles,não há muitos restos deles,N'i tyb-etáî semyrûera,True,lowercased
5443,"Que seja minha mãe, de fato","que seja minha mãe, de fato",Xe syramongatu t'oîkó,True,lowercased
5444,"Iam mulheres, discípulas dele, pranteando-o","iam mulheres, discípulas dele, pranteando-o",Osó kunhã semimbo'e-etá sapirõmo,True,lowercased
5445,"Eis que sofrem muito os que Deus repeliu, tendo sua vida envergonhada","eis que sofrem muito os que deus repeliu, tendo sua vida envergonhada","Sasyeté niã Tupã remipe'apûera, ogûekó-mara'ara reroína",True,lowercased
5446,Porventura a tentação é coisa semelhante a um laço?,porventura a tentação é coisa semelhante a um laço?,Îusana abŷare'yma nhẽ serã tentação?,True,lowercased
5447,"São Sebastião destruiu os tamoios, os valentes","são sebastião destruiu os tamoios, os valentes","São Sebastião tamũîa, kyre'ymbagûera, omombab erimba'e",True,lowercased
5448,"Abri-me a boca, bocejei","abri-me a boca, bocejei",Aîeîuru-pirar,True,lowercased
5449,"Lentamente, enfim, o homem perde entendimento, sua vista aguda de outrora desaparece, tentando inutilmente a fala","lentamente, enfim, o homem perde entendimento, sua vista aguda de outrora desaparece, tentando inutilmente a fala","Mbegûé é ko'yté abá tekokuá kanhemi, sesapysopûera kanhemi, o nhe'engabûera ra'ang îepébo",True,lowercased
5450,"Que entres no meu coração, guardando bem meu interior","que entres no meu coração, guardando bem meu interior","Xe nhy'ãme t'ereîké, xe py'a moingatûabo",True,lowercased
5451,"O próprio Deus a gente honra, de costume","o próprio deus a gente honra, de costume",Tupã aé namẽ asé oîmoeté,True,lowercased
5452,a que amamenta,a que amamenta,mokambûara,False,
5453,Estou desleixando,estou desleixando,Atumbé-tumbek,True,lowercased
5454,"Eia, meu aliado!","eia, meu aliado!",Ne'ĩ xe atuasar,True,lowercased
5455,"Enfim, de volta!","enfim, de volta!",Irõ bé!,True,lowercased
5456,"Jesus, guardião da alegria","jesus, guardião da alegria",Iesu toryberekoara,True,lowercased
5457,É certeiro esse maldito,é certeiro esse maldito,I pûakatu kó muru,True,lowercased
5458,três chefes,três chefes,mosapyr morubixaba,False,
5459,"Isso é assim, certamente","isso é assim, certamente",Emonã ûĩ re'a,True,lowercased
5460,Antigamente eu ficava sempre junto de ti,antigamente eu ficava sempre junto de ti,Akûeîme apytá memẽ nde pyri,True,lowercased
5461,Temos coisas comuns,temos coisas comuns,Îarekó o îomba'e,True,lowercased
5462,Abusaste de alguma criança no seu sono?,abusaste de alguma criança no seu sono?,Ereîapyaípe pitanga amõ i kerype?,True,lowercased
5463,Eu estou embasbacado,eu estou embasbacado,Xe rembeirĩ,True,lowercased
5464,"Enfim, os moços escondem seus muito maus procedimentos","enfim, os moços escondem seus muito maus procedimentos","Aûîé, kunumĩgûasu o ekó-aíbeté oîomim",True,lowercased
5465,"Estão felizes os anjos, festejando este dia","estão felizes os anjos, festejando este dia","Sory karaibebé, ikó 'ara momoranga",True,lowercased
5466,Qual é a causa de nos amar Santa Maria?,qual é a causa de nos amar santa maria?,Mba'epe Santa Maria asé raûsupaba?,True,lowercased
5467,"Não fomos nós, mas nossos subordinados","não fomos nós, mas nossos subordinados","Na oré ruã, oré kyra é",True,lowercased
5468,Beijei-o,beijei-o,Aîpyter,True,lowercased
5469,Eu estou em guerra,eu estou em guerra,Xe marãmotar,True,lowercased
5470,"Assim como tu não queres que alguém furte de ti tuas coisas, guarda-te de furtar as coisas de alguém","assim como tu não queres que alguém furte de ti tuas coisas, guarda-te de furtar as coisas de alguém","Nde îosuí nde mba'e resé abá mondarõ nde i potare'yma îabé, teumẽ abá mba'e resé é mondarõmo",True,lowercased
5471,Obedeceste às palavras do governante da aldeia ou a teu mestre?,obedeceste às palavras do governante da aldeia ou a teu mestre?,Ereîporakápe taba rerekoara nhe'enga koîpó nde mbo'esara?,True,lowercased
5472,Quase fui,quase fui,Asosûé,True,lowercased
5473,Eu tenho mãos rápidas para assim agir,eu tenho mãos rápidas para assim agir,Xe pó-py'i emonã gûitekóbo,True,lowercased
5474,debaixo da pedra,debaixo da pedra,itá gûyrype,False,
5475,"Meu irmão, perdoa tu a mim","meu irmão, perdoa tu a mim","Xe rybyt, nde nhyrõ xebo",True,lowercased
5476,"Eis meus chifrões, meus dentes","eis meus chifrões, meus dentes","Kó xe 'akusu, xe ranha",True,lowercased
5477,Tenho jeito para a coisa,tenho jeito para a coisa,A'ekatu mba'e resé,True,lowercased
5478,Roupa branca mandando colocar nele como meio de maltratá-lo,roupa branca mandando colocar nele como meio de maltratá-lo,Aó-tinga mondebuká sesé serekomemûãsabamo,True,lowercased
5479,"por aí, por essa parte","por aí, por essa parte",ebapó rupi,False,
5480,"conhecedor de animais, bom de caça (fal de cão)","conhecedor de animais, bom de caça",so'o-kugûaba,True,parentheses_removed | trimmed
5481,Sabem bem de sua futura saída dali?,sabem bem de sua futura saída dali?,Oîkuá-katupe a'e suí o semagûama?,True,lowercased
5482,Dói muito ao homem perceber sua morte,dói muito ao homem perceber sua morte,Sasy-eté abá supé ogûe'õnama anduba,True,lowercased
5483,Faça-se tua vontade,faça-se tua vontade,T'onhemonhang nde remimotara,True,lowercased
5484,Escolheu-a para sua futura mãe,escolheu-a para sua futura mãe,I pysyrõû o syrama resé,True,lowercased
5485,Sua busca de gente nas pessoas das mulheres,sua busca de gente nas pessoas das mulheres,Kunhã ri i moreká,True,lowercased
5486,Morreram todos,morreram todos,Omanõ-mbá,True,lowercased
5487,Vou com Pedro,vou com pedro,Orosó Pedro pabẽ,True,lowercased
5488,A ponte derrubam,a ponte derrubam,Îarybobõ omonguî,True,lowercased
5489,Livra-me tu!,livra-me tu!,Xe pysyrõ îepé!,True,lowercased
5490,Espalham pelas aldeias homens que pregam às pessoas,espalham pelas aldeias homens que pregam às pessoas,Apŷaba abá mombegûara oîmosãî taba rupi,True,lowercased
5491,Que índios são esses?,que índios são esses?,Mba'e apŷabap'aîpó?,True,lowercased
5492,"rapaz (por desprezo, pejorativo)",rapaz,kunumĩ-a'uba,True,parentheses_removed | trimmed
5493,Eu tenho muito preço,eu tenho muito preço,Xe repy-etá,True,lowercased
5494,Ele é grande,ele é grande,Xe reburusu - Eu sou grande Seburusu,True,lowercased
5495,Eu tenho olhos tortos,eu tenho olhos tortos,Xe py-bang - Eu tenho os pés tortos Xe resá-bang,True,lowercased
5496,Pedro foi primeiro,pedro foi primeiro,Pedro ranhẽ osó,True,lowercased
5497,"de que parte de, de que lugar específico? (Pex, perguntando a alguém que vem de Paraguaçu de qual das fazendas ali situadas ele vem)","de que parte de, de que lugar específico?",umã suí-katu?,True,parentheses_removed | trimmed
5498,"Tenho medo, tremo!","tenho medo, tremo!","Asykyîé, aryryî!",True,lowercased
5499,Deste as coisas sumidas que tu achaste para seu dono?,deste as coisas sumidas que tu achaste para seu dono?,Ereîme'engype mba'e-kanhema nde basemagûera i îara supé?,True,lowercased
5500,"O homem, ao morrer um filho seu, fica longamente em pranto","o homem, ao morrer um filho seu, fica longamente em pranto",Abá o a'yra re'õneme oîase'o-erekó-puku,True,lowercased
5501,"os que foram seus companheiros, seus ex-companheiros","os que foram seus companheiros, seus ex-companheiros",irũmbûera,False,
5502,Fiquei em pranto,fiquei em pranto,Aîase'o-rekó,True,lowercased
5503,"Segundo seu costume, certamente Deus perdoará a ti, afinal","segundo seu costume, certamente deus perdoará a ti, afinal",O poekûabo ipó Tupã nhyrõnamo ndebe ko'yténe,True,lowercased
5504,Cavei-o duramente,cavei-o duramente,Asybykoî-atã,True,lowercased
5505,Açoito gente frequentemente,açoito gente frequentemente,Xe poronupã îaby,True,lowercased
5506,Tomei-o às costas,tomei-o às costas,Aîar xe aseî,True,lowercased
5507,Eu tenho mestre,eu tenho mestre,Xe porombo'esar,True,lowercased
5508,Pagou outrora por seu proceder assim?,pagou outrora por seu proceder assim?,Osepyme'engype erimba'e emonã o ekoagûera?,True,lowercased
5509,Os índios atacarás,os índios atacarás,Apŷaba eresepenhãne,True,lowercased
5510,E agora?,e agora?,ko'yr é-katuetépe?,True,lowercased
5511,Nós nos combatemos uns aos outros,nós nos combatemos uns aos outros,Oroîogûerekó,True,lowercased
5512,Não sejas mentiroso por causa de ninguém,não sejas mentiroso por causa de ninguém,Nde remo'em umẽ abá resé,True,lowercased
5513,Eis que este é discípulo de Jesus,eis que este é discípulo de jesus,Iesus boîá ã ikó,True,lowercased
5514,"Eis que minha alma, lugar de tua vinda, há de estar como teu leito","eis que minha alma, lugar de tua vinda, há de estar como teu leito","Kó xe 'anga, nde rusaba, nde rupabamo t'oîkó",True,lowercased
5515,Atraíste alguma mulher para junto de teu próximo?,atraíste alguma mulher para junto de teu próximo?,Ereîmonharõpe kunhã amõ nde rapixara pyri?,True,lowercased
5516,Sofrerá também alguma coisa ali estando?,sofrerá também alguma coisa ali estando?,Oîporará abépe mba'e amõ eboûĩme oîkóbone?,True,lowercased
5517,"Suportando o choro, o menino belo está deitado","suportando o choro, o menino belo está deitado","Îase'o porarasápe, kunumĩ-poranga ruî",True,lowercased
5518,Tapei-o,tapei-o,Asesaatyká,True,lowercased
5519,"o que estava à sua direita (isto é, a companhia do lado da sua mão direita)",o que estava à sua direita,i 'ekatûaba kotysaba é,True,parentheses_removed | trimmed
5520,Eu estou úmido,eu estou úmido,Xe akymaíb,True,lowercased
5521,Tendo alegria após sua morte,tendo alegria após sua morte,O manõ riré toryba rerekóbo,True,lowercased
5522,É difícil para mim tentá-los,é difícil para mim tentá-los,I abaí xebo sa'anga,True,lowercased
5523,Guarda-te de abandonar tua obra,guarda-te de abandonar tua obra,Teumẽ nde rekó mote'ebo,True,lowercased
5524,Que não aconteça de alguma coisa te deixar ignorante,que não aconteça de alguma coisa te deixar ignorante,Te'itenheumẽ mba'e amõ nde motekokuabe'yma,True,lowercased
5525,afastando o diabo,afastando o diabo,anhanga pe'abo,False,
5526,O que não repete seus antigos pecados,o que não repete seus antigos pecados,O angaîpagûera reroîebysare'yma,True,lowercased
5527,cacos de pedra,cacos de pedra,itá-pesembûera,False,
5528,Pelo sinal da Santa Cruz livra-nos tu,pelo sinal da santa cruz livra-nos tu,Santa Cruz ra'angaba resé oré pysyrõ îepé,True,lowercased
5529,"Não são segundo a quantidade deles os peixes que ele apanha (isto é, o que ele pesca é muito aquém dos peixes que há)",não são segundo a quantidade deles os peixes que ele apanha,N'i îáî pirá sembiara,True,parentheses_removed | lowercased | trimmed
5530,Eu vivo papeando,eu vivo papeando,Xe nhe'engixûer gûitekóbo,True,lowercased
5531,Por que libertas aquele por quem nos cansamos?,por que libertas aquele por quem nos cansamos?,Marãpe ereîpysyrõ oré kane'õagûera?,True,lowercased
5532,"Tu foste chocarreira, estando deitada sobre teu próximo?","tu foste chocarreira, estando deitada sobre teu próximo?",Nde arũaípe nde rapixara 'arybo eîupa?,True,lowercased
5533,Por que alguém se casa?,por que alguém se casa?,Mba'erama resépe abá mendari?,True,lowercased
5534,Que coisa buscas?,que coisa buscas?,Mba'e resépe ereîkó?,True,lowercased
5535,Coze o peixe,coze o peixe,Emoîyb pirá,True,lowercased
5536,Pus o sapato,pus o sapato,Aîpyapasá-mondeb,True,lowercased
5537,"Isso é referente a mim, isso é o que me concerne","isso é referente a mim, isso é o que me concerne",Xe resendûara ebokûea,True,lowercased
5538,minha antiga região,minha antiga região,xe retãmbûera,False,
5539,Hei de ser bom,hei de ser bom,Xe katupe ká,True,lowercased
5540,Furou também minha cabeça,furou também minha cabeça,Omombuk-y bé xe akanga,True,lowercased
5541,"Que disseram seus adversários, indo?","que disseram seus adversários, indo?",Marã e'ipe supîarûera osóbo?,True,lowercased
5542,tipo de corte de cabelo dos índios (etim - cabelo de morcego),tipo de corte de cabelo dos índios,andyrá-'aba,True,parentheses_removed | trimmed
5543,"Apressa-te, corre, vem!","apressa-te, corre, vem!","Nde apûan, enhan, eîu!",True,lowercased
5544,Diz-se que vou,diz-se que vou,Asó ra'e,True,lowercased
5545,Saiu para o pátio,saiu para o pátio,Osem okarype,True,lowercased
5546,Usaste feitiço?,usaste feitiço?,Mosangape ereîpuru?,True,lowercased
5547,"Como os inimigos e os soldados, apanhando-o, trataram-no, então?","como os inimigos e os soldados, apanhando-o, trataram-no, então?","Marãpe tobaîaretá, maranaritekoara, i pysyka, serekóû a'ereme?",True,lowercased
5548,Semelhante a uma roupa de querejuá que brilha mais que o sol,semelhante a uma roupa de querejuá que brilha mais que o sol,Aó-kereîûá kûarasy sosé oberaba'e nungara,True,lowercased
5549,rego d'água,rego d'água,y rapé,False,
5550,Veio um grande chefe,veio um grande chefe,Oú tubixá-katu,True,lowercased
5551,"Tão logo indo eu, ele veio","tão logo indo eu, ele veio",Xe só abé turi,True,lowercased
5552,A gente os tem cada um o seu próprio (anjo da guarda)?,a gente os tem cada um o seu próprio ?,O îabi'õpe asé serekóû?,True,parentheses_removed | lowercased
5553,"Fi-lo apresador de mim (isto é, deixei-me vencer por ele)",fi-lo apresador de mim,Aîmoembiaryîar ahẽ xe îoesé,True,parentheses_removed | lowercased | trimmed
5554,Não por sair eu,não por sair eu,Na xe sẽmbeî,True,lowercased
5555,"Não faz efeito, às vezes, nosso remédio","não faz efeito, às vezes, nosso remédio",Sarûab amõme asé posangygûaba,True,lowercased
5556,Já não quero viver neste mundo falso,já não quero viver neste mundo falso,N'aîkó-potari ymã ikó 'ara'uba pupé,True,lowercased
5557,Agi ordenadamente,agi ordenadamente,Peîkó-aturõ,True,lowercased
5558,"Ao chegar o oitavo dia, cortaram seu prepúcio","ao chegar o oitavo dia, cortaram seu prepúcio",Mokõî oîoirundyk oito 'ara sykeme i 'apira mondoki,True,lowercased
5559,"Todos eles voltaram para trás, caindo no chão de costas -","todos eles voltaram para trás, caindo no chão de costas -","Opá i îeakypûereroîebyri, o atukupé pyterybo o'á ybype",True,lowercased
5560,"Portanto, como escravos do diabo tornamo-nos totalmente?","portanto, como escravos do diabo tornamo-nos totalmente?",Emonãnamope anhanga remiaûsubamo pabẽ asé nhemonhangi?,True,lowercased
5561,Ai! Por que bates em mim?,ai! por que bates em mim?,Akaîgûá! Marãpe xe ri erepûá?,True,lowercased
5562,arraia pitoca,arraia pitoca,Îabebyrasyka,False,
5563,Cortei madeira,cortei madeira,Aybyrá-kytĩ,True,lowercased
5564,É o modo de ser deles? (ou É natural deles?),é o modo de ser deles?,Sekoaba nhẽpe?,True,parentheses_removed | lowercased | trimmed
5565,Eu estou faminto,eu estou faminto,Xe ambyasy,True,lowercased
5566,Eu sou destro,eu sou destro,Xe poîabab,True,lowercased
5567,o que vai à roça,o que vai à roça,kopîasoara,False,
5568,"o que é sem mistura, puro, de uma só espécie","o que é sem mistura, puro, de uma só espécie",oîeperemõndûara,False,
5569,Apoio sua cabeça,apoio sua cabeça,Aî'a-kok,True,lowercased
5570,Antes de fazer embelezar sua alma,antes de fazer embelezar sua alma,O 'anga moporangukar e'ymebé,True,lowercased
5571,Eu tenho arrepiamentos,eu tenho arrepiamentos,Xe aning-aning,True,lowercased
5572,saca,saca,aîogûasu,False,
5573,Arranquei o miolo dele,arranquei o miolo dele,Aîputu'umbok,True,lowercased
5574,tempo de rogar a Deus pelas almas,tempo de rogar a deus pelas almas,angûera resé Tupã mongetasagûama,True,lowercased
5575,"Caburé, vem correndo para que comamos os inimigos!","caburé, vem correndo para que comamos os inimigos!","Kaburé, îori enhana tobaîara t'îa'u!",True,lowercased
5576,Confessaste-te antes de nascer teu filho?,confessaste-te antes de nascer teu filho?,Erenhemombe'upe nde memby-kuî îanondé?,True,lowercased
5577,Tu não me detestas,tu não me detestas,Na xe reroŷrõî îepé,True,lowercased
5578,"palavras grosseiras, de zombaria","palavras grosseiras, de zombaria",nhe'ẽ-memûã,False,
5579,"Vinde, para comer a criança, engolindo completamente o menino","vinde, para comer a criança, engolindo completamente o menino","Peîori pitanga gûabo, kunumĩ mokona mbá",True,lowercased
5580,Este homem trago aqui para que o reconheçais,este homem trago aqui para que o reconheçais,Ikó abá arur iké ta peîkuab,True,lowercased
5581,Mas eu me esqueci completamente,mas eu me esqueci completamente,Xe resaraî-te-katu,True,lowercased
5582,Eu sou barulhento,eu sou barulhento,Xe ryapu,True,lowercased
5583,"o doente, o que está doente","o doente, o que está doente",mara'asara,False,
5584,"Que nossa alma ele visite, dispersando os vícios dela","que nossa alma ele visite, dispersando os vícios dela","Oré 'anga t'oîosu, sekopoxy mosasãîa",True,lowercased
5585,Reza a gente muito frequentemente para Santa Maria?,reza a gente muito frequentemente para santa maria?,Oîmongetá-py'i-py'ipe asé Santa Maria?,True,lowercased
5586,Não deu certo minha ida,não deu certo minha ida,I rambûer xe só,True,lowercased
5587,Hei de dar ova de peixe para ti,hei de dar ova de peixe para ti,T'ame'ẽne pirá ruba endébo,True,lowercased
5588,bolota de sal,bolota de sal,îukyrapu'a,False,
5589,Jesus fez-te subir,jesus fez-te subir,Îesu nde rupiri,True,lowercased
5590,O rosto da criança está alegre para eles,o rosto da criança está alegre para eles,Pitanga robá sesãî i xupé,True,lowercased
5591,Perguntei a Pero por seu pai,perguntei a pero por seu pai,Aporandub Pero supé tuba resé,True,lowercased
5592,Eu sobrei,eu sobrei,Xe rembyrûer,True,lowercased
5593,Sara mesmo minha alma apenas com tuas palavras,sara mesmo minha alma apenas com tuas palavras,Opûerab é ipó xe 'anga nde nhe'enga pupé nhote,True,lowercased
5594,mãos entorpecidas,mãos entorpecidas,pó-e'õ,False,
5595,Para quem a gente reza?,para quem a gente reza?,Abá supépe asé îeruréû?,True,lowercased
5596,Estou-me apoiando sobre o braço (estando deitado),estou-me apoiando sobre o braço,Aîeatykok gûitupa,True,parentheses_removed | lowercased | trimmed
5597,"Entram grandes espinhos, espetando sua cabeça","entram grandes espinhos, espetando sua cabeça","Oîké îugûasu, i akanga kutuka",True,lowercased
5598,"neste vale, lugar de chorar","neste vale, lugar de chorar",ikó ybytygûaîa îasegûaba pupé,False,
5599,"A ele, certamente, beijarei suas faces","a ele, certamente, beijarei suas faces",A'e ipó asetobapé-pyténe,True,lowercased
5600,Tu ou eu,tu ou eu,Endé konipó ixé,True,lowercased
5601,Vamos a terra (diz o que está no navio),vamos a terra,T'îasó ybyetépe,True,parentheses_removed | lowercased | trimmed
5602,por quê?,por quê?,mba'e resé?,False,
5603,fibras sujas,fibras sujas,pó-ky'a,False,
5604,Eis que sofrem muito os que Deus repeliu,eis que sofrem muito os que deus repeliu,Sasyeté niã Tupã remipe'apûera,True,lowercased
5605,Estiveste no roçado para plantar roça,estiveste no roçado para plantar roça,Ereîkó kopira resé kó tyma,True,lowercased
5606,Traze água para mim,traze água para mim,Erur 'y ixébe,True,lowercased
5607,Veio para visitar esta minha terra outrora,veio para visitar esta minha terra outrora,Our kó xe yby supa rimba'e,True,lowercased
5608,"Que eles gritem, chorando!","que eles gritem, chorando!","Ta sasẽ, oîasegûabo!",True,lowercased
5609,Eu dou tropeçada,eu dou tropeçada,Xe pysakang,True,lowercased
5610,Deve ser substituída a esposa verdadeira?,deve ser substituída a esposa verdadeira?,Sekobîarõmbyrape temirekó-eté?,True,lowercased
5611,"Aqui alguém está, certamente","aqui alguém está, certamente",Ké abá rekóû anhẽ,True,lowercased
5612,o que se batiza,o que se batiza,oîasukyba'e,False,
5613,Fazendo alguém ser seu alcoviteiro,fazendo alguém ser seu alcoviteiro,O manhanamo abá moingóbo,True,lowercased
5614,Andaste pelos caminhos de fontes com mulheres?,andaste pelos caminhos de fontes com mulheres?,Eregûatápe nhaîmbiara rupi kunhã resé?,True,lowercased
5615,"Hás de confessar primeiro tua atração por eles O que diz respeito aos casados, depois","hás de confessar primeiro tua atração por eles o que diz respeito aos casados, depois",mendasara resendûara tekori,True,lowercased
5616,Bem devagar o fiz,bem devagar o fiz,Mbegûé-katu aîmonhang,True,lowercased
5617,Imediatamente ficaram gritando,imediatamente ficaram gritando,Aûnhenhẽ sasẽ-sasemamo,True,lowercased
5618,aljava de ferro,aljava de ferro,itá-u'uburu,False,
5619,Um pau me desconjuntou o pé,um pau me desconjuntou o pé,Xe py-mongaraû ybyrá,True,lowercased
5620,"Não tem limite, não tem fim","não tem limite, não tem fim","N'i sykabi, n'i papabi",True,lowercased
5621,Havemos de chegar ao céu,havemos de chegar ao céu,T'orobasẽne ybakype,True,lowercased
5622,"Sua vista aguda desaparece, tapando-se seus ouvidos","sua vista aguda desaparece, tapando-se seus ouvidos","Sesapysopûera kanhemi, iî apysaká oîe'obo",True,lowercased
5623,"Por isso mesmo, então, os judeus a puxaram fortemente, fazendo vir junto a pele dele também","por isso mesmo, então, os judeus a puxaram fortemente, fazendo vir junto a pele dele também","Nd'e'i te'e a'ereme Îudeus sykyîatãmo, i pira abé reru",True,lowercased
5624,Encosto-me nele,encosto-me nele,Aîekok sesé,True,lowercased
5625,Fiquei-o esfregando com coisa gordurosa,fiquei-o esfregando com coisa gordurosa,Aîkyty-kytyk mba'e-kagûera pupé,True,lowercased
5626,Atrai-me a roupa daquele,atrai-me a roupa daquele,Xe momotar ahẽ aoba,True,lowercased
5627,A borboleta tornou-se pássaro,a borboleta tornou-se pássaro,Panama onhemogûyrá,True,lowercased
5628,Um homem ladrão que foi posto na prisão como pena de chacinas,um homem ladrão que foi posto na prisão como pena de chacinas,Abá-mondá morapitîagûera repyramo mundeokype i mondebypyrûera,True,lowercased
5629,injuriando-o,injuriando-o,i agûabo,False,
5630,"Dois ladrões, um à sua direita e o outro à sua esquerda","dois ladrões, um à sua direita e o outro à sua esquerda","Mokõî mondabora, i 'ekatûaba koty amõ, a'e amõ i asu koty",True,lowercased
5631,Hei de ir tocar tuas pálpebras,hei de ir tocar tuas pálpebras,T'asóne nde ropé syka,True,lowercased
5632,"dois e dois no total (isto é, quatro)",dois e dois no total,mokõ-mokõî syk,True,parentheses_removed | trimmed
5633,Não te apropries das coisas de ninguém,não te apropries das coisas de ninguém,Teumẽ abá mba'e resé é mondarõmo,True,lowercased
5634,Acaso o que será deixado é tudo?,acaso o que será deixado é tudo?,Seîarypyrama ruã-tepe mba'e tetiruã kûáî?,True,lowercased
5635,nosso anjo da guarda,nosso anjo da guarda,îandé karaibebé,False,
5636,Vou buscar água (à fonte),vou buscar água,A'ypîasó,True,parentheses_removed | lowercased | trimmed
5637,Em eu falando,em eu falando,Gûinhe'enga abé,True,lowercased
5638,Cortei a fila deles,cortei a fila deles,Asysy-mondok,True,lowercased
5639,"Eles são, realmente, muito fortes","eles são, realmente, muito fortes",Satãngatu-te nipó,True,lowercased
5640,Não cessarão de dizer maldades,não cessarão de dizer maldades,Marã 'é n'opyki xóne,True,lowercased
5641,Contando as maldades escondidas de alguém,contando as maldades escondidas de alguém,Abá angaîpá-nhemima mombegûabo,True,lowercased
5642,Para uma grande escuridão é que iriam,para uma grande escuridão é que iriam,Pytunusupe émo i xóûmo,True,lowercased
5643,Limpou seu rosto com um pano branco,limpou seu rosto com um pano branco,Osobá-syb aó-tinga pupé,True,lowercased
5644,Eu tenho vermes (na carne podre),eu tenho vermes,Xe rasok,True,parentheses_removed | lowercased | trimmed
5645,Eu tenho pernas tortas,eu tenho pernas tortas,Xe retymãnhemang,True,lowercased
5646,tear de redes,tear de redes,inĩ-ytá,False,
5647,Saí há pouco dele,saí há pouco dele,Asẽ amo'ĩ i xuí,True,lowercased
5648,pena de gavião,pena de gavião,gûyragûasu-aba,False,
5649,Ainda bem que Deus me livrou do diabo!,ainda bem que deus me livrou do diabo!,Aûîeteramo rimba'e Tupã xe pysyrõ Anhanga suí re'a,True,lowercased
5650,A consorciação deles em toda a parte,a consorciação deles em toda a parte,I îogûerekó kûeîkûeîbo,True,lowercased
5651,"Vou em busca de meu pai (isto é, por meu pai)",vou em busca de meu pai,Asó xe ruba pé,True,parentheses_removed | lowercased | trimmed
5652,Então matarei alguns,então matarei alguns,A'ereme amõ aîukáne,True,lowercased
5653,Como que para ele ficaste gritando hoje,como que para ele ficaste gritando hoje,I xupé îasûá oîeí eresapuká-pukaî,True,lowercased
5654,Não se afligem por nada,não se afligem por nada,N'oîkotebẽî ma'e amõ resé,True,lowercased
5655,Salto com ela,salto com ela,Aropor,True,lowercased
5656,protetora dos aflitos,protetora dos aflitos,moreaûsuba rerekoara,False,
5657,Eu estou triste,eu estou triste,Xe karukasy,True,lowercased
5658,Torci-me a mão,torci-me a mão,Aîepó-mongaraû,True,lowercased
5659,Deus somente seja a causa de temor ao diabo,deus somente seja a causa de temor ao diabo,Tupã anhõ Anhanga sykyîabamo t'oîkó,True,lowercased
5660,Ele é o anjo que encomenda o enforcamento,ele é o anjo que encomenda o enforcamento,"Karaibebé a'e, moroîubyka pûaîtara",True,lowercased
5661,Eu sou esquecidiço,eu sou esquecidiço,Xe resaraîpotar,True,lowercased
5662,além do rio,além do rio,y robaî,False,
5663,"Eu, dele perguntando, vim da minha casa","eu, dele perguntando, vim da minha casa","Ixé sesé gûiporandupa, xe roka suí aîu",True,lowercased
5664,"Estejas bem, ó meu mestre!","estejas bem, ó meu mestre!","Eîkobé-katu, xe mbo'esar gûy!",True,lowercased
5665,"Eu não tenho prepúcio (isto é, eu sou circuncidado)",eu não tenho prepúcio,Na xe 'amopiri,True,parentheses_removed | lowercased | trimmed
5666,"Surpreendeu-me ele, vindo","surpreendeu-me ele, vindo","Xe resapy'a ahẽ, oú",True,lowercased
5667,Ele é bom se o que é contado é mesmo verdade,ele é bom se o que é contado é mesmo verdade,I marangatu supi é i mombe'upyra rekóreme é,True,lowercased
5668,"Maria, mulher bondosa, engravidando, conforme dizem, o vício amaldiçoa","maria, mulher bondosa, engravidando, conforme dizem, o vício amaldiçoa","Maria, kunhãngatu, o puru'aramo, ra'e, tekopoxy oîmomburu",True,lowercased
5669,Vem para arrancá-lo logo do interior dela,vem para arrancá-lo logo do interior dela,Îori sekyîa taûîé i py suí,True,lowercased
5670,Anuncia os que serão casados,anuncia os que serão casados,Ogûeronhe'eng i mendarypyrama,True,lowercased
5671,Vanglorio-me,vanglorio-me,Aîerobîatenhẽ,True,lowercased
5672,Terão bernes e terão vermes os corpos miseráveis dos homens pecadores e das mulheres pecadoras,terão bernes e terão vermes os corpos miseráveis dos homens pecadores e das mulheres pecadoras,"I ur, sasok abá-angaîpaba, kunhã-angaîpaba reté-a'ubane",True,lowercased
5673,"Existe meu auxiliar verdadeiro, o que trabalha junto de mim","existe meu auxiliar verdadeiro, o que trabalha junto de mim","Oîkobé xe pytybõanameté, xe pyri marãtekoara",True,lowercased
5674,Hei de comer hoje seus braços (arrancados),hei de comer hoje seus braços,T'a'u kori i îybapûera,True,parentheses_removed | lowercased | trimmed
5675,Não quero ir para longe,não quero ir para longe,N'asó-potari mamõ…,True,lowercased
5676,"peixe imprestável (isto é, que não é bom para se comer)",peixe imprestável,pirá-poxy,True,parentheses_removed | trimmed
5677,"Arrepiando-te, o desejo sensual aumentou teus olhos?","arrepiando-te, o desejo sensual aumentou teus olhos?","Enhemopiringa, moropotara nde resá moîo'arype?",True,lowercased
5678,Adoeci com ele,adoeci com ele,Aromara'ar,True,lowercased
5679,Ao lado uns dos outros seus cadáveres estavam ao longo do mar,ao lado uns dos outros seus cadáveres estavam ao longo do mar,O îoybyri se'õmbûera paranã ybyri i kûáî,True,lowercased
5680,Atraiu-se minha alma pela beleza de tua alma,atraiu-se minha alma pela beleza de tua alma,Onhemomotá xe 'anga nde 'anga poranga ri,True,lowercased
5681,Estareis aflitos hoje,estareis aflitos hoje,Pe poreaûsu korine,True,lowercased
5682,"Sim, eis aqui também minhas garras, meu rabo comprido, meus ganchos","sim, eis aqui também minhas garras, meu rabo comprido, meus ganchos","Îé, kó bé xe pûapẽ, xe rûaîpuku, xe tyãîa",True,lowercased
5683,"Tu mentiste acerca de teu próximo, difamando-o?","tu mentiste acerca de teu próximo, difamando-o?",Nde remo'emype nde rapixara resé i moerapûanaípa?,True,lowercased
5684,Eis que a todos nós vence,eis que a todos nós vence,Opá ã îandé moaûîéû,True,lowercased
5685,O que perseguiu o cão de seu próximo,o que perseguiu o cão de seu próximo,O apixara reîmbaba îagûara remimomosẽgûera,True,lowercased
5686,cutelo de ferro,cutelo de ferro,itá-kysegûasu,False,
5687,"Assa-me o Lourenço tostado, embora eu seja um rei","assa-me o lourenço tostado, embora eu seja um rei","Xe resy Lorẽ-ka'ẽ, xe morubixaba biã",True,lowercased
5688,O juiz mandou desorelhar o ladrão,o juiz mandou desorelhar o ladrão,Morubixaba mondá îaînambi-'okukar,True,lowercased
5689,Estive por longo tempo,estive por longo tempo,Ymûanĩ xe rekóû,True,lowercased
5690,Por acaso ele tinha o sangue escorrido pelo rosto e pelas costas?,por acaso ele tinha o sangue escorrido pelo rosto e pelas costas?,Sugûy-syryk serã sobá rupi i atukupé rupi bé?,True,lowercased
5691,Eles se consolam muitíssimo,eles se consolam muitíssimo,I apysy-katueté,True,lowercased
5692,Os padrinhos junto ao padre ou a outra pessoa não podem casar-se com o que batizaram,os padrinhos junto ao padre ou a outra pessoa não podem casar-se com o que batizaram,Abaré koîpó amõ abá pyri morerokarûera nd'e'ikatuî omendá gûemierokûera resé,True,lowercased
5693,Traze peixe para que o coma,traze peixe para que o coma,Eru pirá t'a'une,True,lowercased
5694,Fica aflito o padre por passar ali,fica aflito o padre por passar ali,Oîkotebẽ abaré uĩ gûasapaûama ri,True,lowercased
5695,"Afastando o diabo, assim como a morte","afastando o diabo, assim como a morte","Anhanga pe'abo, te'õ resebé",True,lowercased
5696,Eis que grandemente a aflição oprime minha alma,eis que grandemente a aflição oprime minha alma,Naetenhẽ ã tekotebẽ xe 'anga apypyki,True,lowercased
5697,Que estes em quem mandas lancem fora toda a maldade,que estes em quem mandas lancem fora toda a maldade,Kó nde remimbûaîetá t'oîtyk pá tekopoxy,True,lowercased
5698,Eu fiz confusão,eu fiz confusão,Xe apaxixã,True,lowercased
5699,Digo que está muito bem (aceitando como opinião própria ou concedendo algo),digo que está muito bem,Ne'ĩ a'é,True,parentheses_removed | lowercased | trimmed
5700,Esses homens são os que portam riquezas para nós,esses homens são os que portam riquezas para nós,Aîpó abá ma'e îara îandébe,True,lowercased
5701,Amando tua grande beleza,amando tua grande beleza,Nde porãngatu raûsupa,True,lowercased
5702,Acaso estava o maldito com a cintura fendida?,acaso estava o maldito com a cintura fendida?,I ku'a-bok serã moxy?,True,lowercased
5703,Confia em mim,confia em mim,Eîerobîá xe resé,True,lowercased
5704,O sol certamente brilha após passar a grande noite,o sol certamente brilha após passar a grande noite,Kûarasy nipó oberá putunusu kûab'iré,True,lowercased
5705,Invejar as coisas boas de alguém,invejar as coisas boas de alguém,Abá mba'ekatu moasy,True,lowercased
5706,Deixai-os estar deitados,deixai-os estar deitados,Te'inhẽ oupa,True,lowercased
5707,Choravas sempre,choravas sempre,Ereîase'o îepi,True,lowercased
5708,Para ele ficaste gritando hoje,para ele ficaste gritando hoje,I xupé oîeí eresapuká-pukaî,True,lowercased
5709,É muito misericordiosa a mãe de Deus,é muito misericordiosa a mãe de deus,I poraûsubá-katu Tupã sy,True,lowercased
5710,"Aqui os homens estão, na verdade, para me ficar ameaçando","aqui os homens estão, na verdade, para me ficar ameaçando",Ké abá rekóû anhẽ xe renopu'ã-pu'ama,True,lowercased
5711,Afastará os que são maus dos que são bons?,afastará os que são maus dos que são bons?,Oîpe'ape i angaîpaba'e i angaturamba'e suíne?,True,lowercased
5712,Não quero que ele se achegue a vós,não quero que ele se achegue a vós,N'aîpotari pe ri i xyka,True,lowercased
5713,Desceu para o centro da terra,desceu para o centro da terra,Ogûeîyb yby apyterype,True,lowercased
5714,"Ontem, é verdade que alguns sumiram","ontem, é verdade que alguns sumiram","Kûeîsé, rakó, amõ kanhemi",True,lowercased
5715,Apenas não me fez morrer,apenas não me fez morrer,Sãî na xe momanõî,True,lowercased
5716,Meus pés escorregaram,meus pés escorregaram,Xe py-syryk,True,lowercased
5717,"Serão fedorentos, serão muito podres, corroídos de vermes e de bernes","serão fedorentos, serão muito podres, corroídos de vermes e de bernes","I nem-eté, i tuîuketé, tasoka, ura remimongûyamone",True,lowercased
5718,"A mãe de Deus, a que me ameaça","a mãe de deus, a que me ameaça","Tupã sy, xe momburûara",True,lowercased
5719,Que disse a mulher que guardava a porta a São Pedro?,que disse a mulher que guardava a porta a são pedro?,Marã e'ipe kunhã okena rerekoara S Pedro supé?,True,lowercased
5720,"Finalmente abre-se a terra engolindo-os, finalmente com o diabo vão os que pecam","finalmente abre-se a terra engolindo-os, finalmente com o diabo vão os que pecam","Teîpó yby oîe'apa, i mokona, teîpó Anhanga irũnamo i angaîpaba'e osóbo",True,lowercased
5721,"Pranteai logo vossa miséria, estai a vos lastimar","pranteai logo vossa miséria, estai a vos lastimar","Taûîé pe poreaûsubagûama rapirõmo, peîemoangekoaíb peína",True,lowercased
5722,Vida longa de minha alma,vida longa de minha alma,Xe 'anga rekó-puku,True,lowercased
5723,É verdade isso?,é verdade isso?,Anhẽpe ûĩé?,True,lowercased
5724,"Graça é seu nome, eis que esta é a que deve ser chamada ""tua rainha""","graça é seu nome, eis que esta é a que deve ser chamada ""tua rainha""","Grácia sera, kó nde rainhamo senõîmbyra",True,lowercased
5725,Eu estou tingido de jenipapo,eu estou tingido de jenipapo,Xe îanypagûer,True,lowercased
5726,Insisti,insisti,Na xe apysáî,True,lowercased
5727,"Alternaste alguns dias de guarda, não entrando na igreja?","alternaste alguns dias de guarda, não entrando na igreja?","Ereîmopa'ũpe 'areté amõ, Tupãokype eîkee'yma?",True,lowercased
5728,"A cruz, lugar em que se pregou a Cristo, Nosso Senhor, os judeus a enterraram","a cruz, lugar em que se pregou a cristo, nosso senhor, os judeus a enterraram",Cruz Cristo Îandé Îara moîaragûera îudeus otym erimba'e,True,lowercased
5729,Haveria de cair,haveria de cair,A'arixûer,True,lowercased
5730,Nós temos muitas igrejas,nós temos muitas igrejas,Oré tupãoketá,True,lowercased
5731,Vomitas cauim?,vomitas cauim?,Ereîmoîebype kaûĩ?,True,lowercased
5732,Lembrai-vos das almas dos defuntos,lembrai-vos das almas dos defuntos,Penhemoma'enduar ambyra 'angûera,True,lowercased
5733,Olhando na ponta dos teus olhos,olhando na ponta dos teus olhos,Nde resá-popybo ema'ẽmo,True,lowercased
5734,Não há como passar por mim para os que caminham,não há como passar por mim para os que caminham,N'i tybi xe rasapaba ogûataba'e supé,True,lowercased
5735,Que é isso? (respondendo ao que chamou),que é isso?,Mba'ep'ipó?,True,parentheses_removed | lowercased | trimmed
5736,Procedeste segundo a determinação do padre a ti?,procedeste segundo a determinação do padre a ti?,Ereîkópe abaré nde moingoaba rupi?,True,lowercased
5737,Deixa que venha primeiro,deixa que venha primeiro,T'oú turi - Deixa-o que venha T'oú turi ranhẽ,True,lowercased
5738,"o que escurece roupas, o tintureiro","o que escurece roupas, o tintureiro",aó-moundara,False,
5739,Em sua cabeça batendo com aquela cana,em sua cabeça batendo com aquela cana,I akanga resé a'e takûara reropûá,True,lowercased
5740,Arrancando suas aflições,arrancando suas aflições,I poraûsuboka,True,lowercased
5741,Distribuo-os,distribuo-os,Aîma'e'ĩ,True,lowercased
5742,"Ando despido, vivo despido","ando despido, vivo despido",Ikatupe aîkó,True,lowercased
5743,"Ai, que enfadonho és tu, de fato!","ai, que enfadonho és tu, de fato!",Tekatunheté rakûé endé hegûy!,True,lowercased
5744,Quando supõe cair em si a morte,quando supõe cair em si a morte,Te'õ o îoesé i 'a-mo'angeme,True,lowercased
5745,Para quem a gente reza pela felicidade futura de sua alma?,para quem a gente reza pela felicidade futura de sua alma?,Abá supépe asé îeruréû o 'anga rekokaturama resé?,True,lowercased
5746,Logo depois que morrerem irão para o céu os que foram semelhantes a algo assim?,logo depois que morrerem irão para o céu os que foram semelhantes a algo assim?,O manõ riremẽ serã emonã nungara sóû ybakypene?,True,lowercased
5747,Será que eu irei?,será que eu irei?,Asóp'ixéne ri?,True,lowercased
5748,Talvez queira agarrar-me novamente este pássaro grande,talvez queira agarrar-me novamente este pássaro grande,Xe pysy-potar-y bé serã kó gûyragûasu,True,lowercased
5749,"NANAÚ, NANAUÍ, licor de ananás, bebida fermentada que os índios faziam com tal fruta","nanaú, nanauí, licor de ananás, bebida fermentada que os índios faziam com tal fruta",naná-'y,True,lowercased
5750,Parece bem que sua morte fosse a finalidade com que seu pai o fez viver,parece bem que sua morte fosse a finalidade com que seu pai o fez viver,Tuba i moingoaba se'õ a'e i aîarõ,True,lowercased
5751,Levo uma vida boa,levo uma vida boa,Tekó-katu aîporará,True,lowercased
5752,Eu estou admirado contigo,eu estou admirado contigo,Xe putupab nhẽ nde ri,True,lowercased
5753,Vela por nós,vela por nós,Ema'ẽngatu oré ri,True,lowercased
5754,pessoa paroleira,pessoa paroleira,abá-nhe'engixûera,False,
5755,Chegou a nós sua luz para sempre,chegou a nós sua luz para sempre,Osyk oré ri sendy îepi nhẽ,True,lowercased
5756,Confiando na formosura de muitos de si,confiando na formosura de muitos de si,O matueté aysó resé é oîerobîá,True,lowercased
5757,Hei de ouvir em vão,hei de ouvir em vão,T'asendu tenhẽ,True,lowercased
5758,"Vingo-me, de fato, deles, após tornar-se bom seu povo","vingo-me, de fato, deles, após tornar-se bom seu povo","Aîepyk anhẽ sesé, i anama katu riré",True,lowercased
5759,"Na verdade, hei de enfeitar-me (ou já me enfeito), pintando-me de preto","na verdade, hei de enfeitar-me , pintando-me de preto",Aûîeté pakó aîegûak ûiîemoúna,True,parentheses_removed | lowercased
5760,bem tardiamente,bem tardiamente,ariré é,False,
5761,Tu no paraíso para sempre estás,tu no paraíso para sempre estás,Endé tupãrorypápe aûîeramanhẽ ereîkó,True,lowercased
5762,Eu tenho um preço baixinho,eu tenho um preço baixinho,Xe repy-mokonhõ'ĩ,True,lowercased
5763,Meu entendimento todo fiz desaparecer,meu entendimento todo fiz desaparecer,Xe tekokuaba opá amokanhem,True,lowercased
5764,Indo para a borda da floresta,indo para a borda da floresta,Ka'a-embe'ype osóbo,True,lowercased
5765,Eu sou calvo,eu sou calvo,Xe 'apytekuî,True,lowercased
5766,homem fugido,homem fugido,abá-kanhema,False,
5767,Ficando a tomar poções para não gerar uma criança,ficando a tomar poções para não gerar uma criança,Pitanga nhemonhanga suí oîeposanõ-sanonga,True,lowercased
5768,Eu sou alto,eu sou alto,Xe puku,True,lowercased
5769,Mexi-as,mexi-as,Aîapamonan,True,lowercased
5770,"Embora tão somente uma vez uns anjos tenham transgredido a palavra de Deus, por causa disso, somente, Deus os fez ser diabos","embora tão somente uma vez uns anjos tenham transgredido a palavra de deus, por causa disso, somente, deus os fez ser diabos","Oîepé nhõngatu erimba'e karaibebé Tupã nhe'enga abyû biã, sesé nhõ Tupã i moingóû Anhangamo",True,lowercased
5771,"Eu lamento-me, de costume (isto é, reclamo de qualquer coisa)","eu lamento-me, de costume",Xe mba'e-moasy îá,True,parentheses_removed | lowercased | trimmed
5772,"Enfim, à sua esquerda estando os que foram pecadores","enfim, à sua esquerda estando os que foram pecadores",Aûîé i asu koty é i angaîpaba'epûera oîkóbone,True,lowercased
5773,ao te trespassar o vento,ao te trespassar o vento,ybytu nde rasapápe,False,
5774,Eu tenho muita felpa,eu tenho muita felpa,Xe rabusu,True,lowercased
5775,Aqui estamos para nos alegrar,aqui estamos para nos alegrar,Kó oroîkó oronhemborypa,True,lowercased
5776,"Hei de comer hoje seus braços, Caburé, suas pernas","hei de comer hoje seus braços, caburé, suas pernas","T'a'u kori i îybapûera, Kaburé, setymãmbûera",True,lowercased
5777,"Queimou tua alma o fogo dele, descendo","queimou tua alma o fogo dele, descendo",Nde 'anga osapy satá ogûeîypa,True,lowercased
5778,habitante de fronteira,habitante de fronteira,tatobapyygûara,False,
5779,Aqui vem um urutaurana,aqui vem um urutaurana,Ké urutaûrana ruri!,True,lowercased
5780,Essas não conhecem o pecado,essas não conhecem o pecado,Eboinga tekoaíba nd'oîkuabi,True,lowercased
5781,Meu pai foi?,meu pai foi?,Xe rubape osó?,True,lowercased
5782,"Vinde, abraçai o neném compadecedor","vinde, abraçai o neném compadecedor","Peîori, peîaîubã pitangĩ-moraûsubara",True,lowercased
5783,"É terrível o senhor Jesus, fazendo tremer nosso inimigo","é terrível o senhor jesus, fazendo tremer nosso inimigo","I abaeté pa'i Îesu, îandé sumarã mondyîa",True,lowercased
5784,Ralando-o,ralando-o,Seébo,True,lowercased
5785,"Tomaste as coisas de alguém, o objeto do furto de teu próximo ou o que ele esconde?","tomaste as coisas de alguém, o objeto do furto de teu próximo ou o que ele esconde?","Ereîarype abá mba'e, nde rapixara mondarõagûera koîpó semimima?",True,lowercased
5786,Eu estou poento,eu estou poento,Xe yî,True,lowercased
5787,Abundar-me-á futuramente toda a felicidade desejada,abundar-me-á futuramente toda a felicidade desejada,Xe resemõ irã mba'ekatu-pabẽ i potarypyra,True,lowercased
5788,Vou atrás dele,vou atrás dele,Sakypûeri asó,True,lowercased
5789,"Guardai-vos de querer ser como eu, mas, antes, se eu estivesse como vós, todas as coisas dolorosas sofreria neste mundo para aplacar a Deus","guardai-vos de querer ser como eu, mas, antes, se eu estivesse como vós, todas as coisas dolorosas sofreria neste mundo para aplacar a deus","Peteumẽ xe îabé peîkó-potá, xe monẽ pe îabé gûitekóbomo opá mba'easy aîporará ikó 'ara pupé Tupã monhyrõmomo!",True,lowercased
5790,O vício atiramos fora,o vício atiramos fora,Tekoaíba oromombó,True,lowercased
5791,"Como recompensa de seu muito amor a Ele, Deus levou-o certamente, com seu corpo, para o céu","como recompensa de seu muito amor a ele, deus levou-o certamente, com seu corpo, para o céu","Ogûaûsukatuagûera repyramo, Tupã ipó serã serasóû seté resebé ybakype",True,lowercased
5792,"Logo depois de dizerem aquilo para ele, lançou o pagamento por seu senhor no templo","logo depois de dizerem aquilo para ele, lançou o pagamento por seu senhor no templo","Aîpó oîoupé 'é abé, o îara repypûera reîtyki Tupãokype",True,lowercased
5793,Aqui está teu danador,aqui está teu danador,Oîkobé nde arûara é,True,lowercased
5794,Por ocasião de um dia santo foste para longe?,por ocasião de um dia santo foste para longe?,Tupãneme nhẽpe eresó kûepe?,True,lowercased
5795,Quando foi para visitá-la? -Por ocasião da gravidez de seu filho São João,quando foi para visitá-la? -por ocasião da gravidez de seu filho são joão,-Erimba'epe i xóû i xupa? -I membyra São João rurureme,True,lowercased
5796,Rompeu-se teu coração por amor a ele,rompeu-se teu coração por amor a ele,Obok nde nhy'ã saûsuba resé,True,lowercased
5797,Eis que a noite toda ele não dormiu para ficar perturbando os índios!,eis que a noite toda ele não dormiu para ficar perturbando os índios!,"Pysaré kó i kere'ymi, apŷaba pobu-pobu!",True,lowercased
5798,o que Deus dá segundo seus propósitos,o que deus dá segundo seus propósitos,Tupã remime'enga o ekopotasaba rupi,True,lowercased
5799,"O cão é ávido (isto é, bom de caça, que quer tudo apanhar)",o cão é ávido,I mba'e-potar îagûara,True,parentheses_removed | lowercased | trimmed
5800,"Lentamente, enfim, o homem perde entendimento, sua tosse irrompendo","lentamente, enfim, o homem perde entendimento, sua tosse irrompendo","Mbegûé é ko'yté abá tekokuá kanhemi, iî u'u osororoka",True,lowercased
5801,De modo nenhum os temiminós tiram seus nomes antigos,de modo nenhum os temiminós tiram seus nomes antigos,Naînanĩ temiminõ o erumûana mombó,True,lowercased
5802,Bendita és tu entre as mulheres,bendita és tu entre as mulheres,I mombe'ukatupyramo ereîkó kunhã suí,True,lowercased
5803,"Detestaste teu próximo, ficando a pôr-lhe nomes também?","detestaste teu próximo, ficando a pôr-lhe nomes também?","Ereîamotare'ymype nde rapixara, serok-y -bé-kybémo?",True,lowercased
5804,Muito bem! Hei de ser castelhano,muito bem! hei de ser castelhano,Aûîé nipó! Kasianamo t'aîkó,True,lowercased
5805,"É doloroso deixar o vício, a vida má, contudo, depois disso, o homem consola-se muito","é doloroso deixar o vício, a vida má, contudo, depois disso, o homem consola-se muito","Sasy tekopoxy, tekomemûã pe'a biã, aûîeté a'e roîré abá apysykaturamo",True,lowercased
5806,Para fazer-te festa minha família fez-me vir,para fazer-te festa minha família fez-me vir,Ndebo toryba monhanga xe anama xe mbouri,True,lowercased
5807,"Vai para prová-los, pois, para que transgridam a palavra de Deus","vai para prová-los, pois, para que transgridam a palavra de deus","Eîori sa'anga, rõ, t'otupã-nhe'engaby",True,lowercased
5808,"Bateste numa mulher grávida, matando o feto dela? (Isto é, só o feto é que foi morto, não a mãe)","bateste numa mulher grávida, matando o feto dela?","Erepûarype kunhã muru'abora resé, pitanga îukábo i xuí?",True,parentheses_removed | lowercased | trimmed
5809,Vomitei,vomitei,Agûe'en,True,lowercased
5810,"Para confortar a tua alma, nós o ficamos abraçando","para confortar a tua alma, nós o ficamos abraçando","Nde 'anga moapysykápe, oroîaîubã-îubã",True,lowercased
5811,Eu sou fibroso,eu sou fibroso,Xe raîy-raîyk,True,lowercased
5812,Vou para arrancar lenha,vou para arrancar lenha,Asó îepe'abá,True,lowercased
5813,um dia muito reluzente,um dia muito reluzente,aresakangeté,False,
5814,Nós nos igualamos um ao outro,nós nos igualamos um ao outro,Oronhomoîoîá,True,lowercased
5815,"A terra, todas as nuvens que caem do céu cobri-la-ão","a terra, todas as nuvens que caem do céu cobri-la-ão",Yby opá ybytinga ybaka suí o'aryba'e i aso'iûne,True,lowercased
5816,"por isso, portanto","por isso, portanto",emonã resé,False,
5817,Dá também Deus neste mundo algumas coisas aos que são bons?,dá também deus neste mundo algumas coisas aos que são bons?,Oîme'eng-y bépe Tupã ikó 'ara pupé mba'e amõ i angaturamba'e supéno?,True,lowercased
5818,"Ah, eu fui muito pecador!","ah, eu fui muito pecador!",Xe angaîpabeté'ĩ ra'u mã!,True,lowercased
5819,Eu sou o grande tamoio Aimbirê,eu sou o grande tamoio aimbirê,Xe tamũîusu Aîmbiré,True,lowercased
5820,"Falaste duramente a alguém, irritando-o?","falaste duramente a alguém, irritando-o?","Erenhe'eng-aparatãpe abá supé, i moŷrõmo?",True,lowercased
5821,"Deu-me pancada de ponta, somente (isto é, sem me furar)","deu-me pancada de ponta, somente",Xe sok îõte,True,parentheses_removed | lowercased | trimmed
5822,"Visitaste o covo de alguém, esvaziando-o?","visitaste o covo de alguém, esvaziando-o?",Ereîosubype abá îeke'a i poroka?,True,lowercased
5823,Aos poucos a ave se torna papuda,aos poucos a ave se torna papuda,Mbegûé-mbegûé gûyrá nhemoaî,True,lowercased
5824,"São famosos esses moçacaras, que esgotam verdadeiramente o cauim","são famosos esses moçacaras, que esgotam verdadeiramente o cauim","Serapûan kó mosakara, kaûĩ mboapŷareté",True,lowercased
5825,"doença superficial, indisposição, doença fraca","doença superficial, indisposição, doença fraca",mba'easy-aíba,False,
5826,"Mas eu, tendo saudades de ti, quero-te muito bem","mas eu, tendo saudades de ti, quero-te muito bem","Xe-te, nde repîaka'upa, oroamotá-katu",True,lowercased
5827,o que dá a eles a virtude,o que dá a eles a virtude,i xupé tekokatu me'engara,False,
5828,"Amaldiçoa-te, temendo ver tua face","amaldiçoa-te, temendo ver tua face","Nde momburu, nde robá repîá-poûsupa",True,lowercased
5829,Não fazer ataque às pequenas maldades dos homens,não fazer ataque às pequenas maldades dos homens,Abá marã sekoagûerĩ resé nherane'yma,True,lowercased
5830,A gente o honra mesmo como a seu próprio pai?,a gente o honra mesmo como a seu próprio pai?,Og uba îakatu tenhẽpe asé i moetéû?,True,lowercased
5831,Queres teu batismo?,queres teu batismo?,Ereîpotápe nde nhemoîasuka?,True,lowercased
5832,"Isto era muito preto, de fato","isto era muito preto, de fato",Moroũ-mbyry nakó,True,lowercased
5833,Aqueles serão saciados,aqueles serão saciados,A'eba'e i moytarõmbyramo sekóûne,True,lowercased
5834,Desceu para o meio da terra,desceu para o meio da terra,Ogûeîyb yby apyterype,True,lowercased
5835,"Vinde índios, em uníssono","vinde índios, em uníssono","Peîori apŷabetá, oîepé",True,lowercased
5836,Os que têm a bem-aventurança são os que choram,os que têm a bem-aventurança são os que choram,Tekokatueté rerekoara oîase'oba'e,True,lowercased
5837,de que parte? de que lado? (mais específico que mamõ suí? - donde?),de que parte? de que lado?,marãngoty suí?,True,parentheses_removed | trimmed
5838,"A chuva ficava amanhecendo a cair, enchendo o mar","a chuva ficava amanhecendo a cair, enchendo o mar","Oky-ko'ẽ-ko'ẽ amana, paranã mopungábo",True,lowercased
5839,Vem para lavar minha alma,vem para lavar minha alma,Eîori xe 'anga reîa,True,lowercased
5840,Mais que todas as coisas dolorosas que estão neste mundo,mais que todas as coisas dolorosas que estão neste mundo,Opakatu ikó 'ara pupîara mba'easy sosé,True,lowercased
5841,A gente pede a Deus somente pelas coisas que deve comer?,a gente pede a deus somente pelas coisas que deve comer?,Mba'e i 'upyra resé nhõpe asé îeruréû Tupã supé?,True,lowercased
5842,Matador de nossa alma,matador de nossa alma,Îandé 'anga îukasara,True,lowercased
5843,Eu estou inchado,eu estou inchado,Xe pungá,True,lowercased
5844,Vai neste dia,vai neste dia,Osó kó 'ara pupé,True,lowercased
5845,"o que anuncia as coisas, o pregador","o que anuncia as coisas, o pregador",mba'e reronhe'engara,False,
5846,"Eis-me aqui, eis que aqui estou","eis-me aqui, eis que aqui estou",Aîkó,True,lowercased
5847,"Creio na repartição das virtudes dos santos (isto é, na comunhão dos santos)",creio na repartição das virtudes dos santos,Arobîar santos rekokatu nhemoîa'oîa'oka,True,parentheses_removed | lowercased | trimmed
5848,"Como disseram os judeus, seus perseguidores, para ele?","como disseram os judeus, seus perseguidores, para ele?",Marã e'ipe Îudeus i piaretá i xupé?,True,lowercased
5849,Defequei,defequei,Aka'ab,True,lowercased
5850,Tendo medo dos judeus,tendo medo dos judeus,Îudeus suí osykyîébo,True,lowercased
5851,Em tua direção fazendo-me voltar,em tua direção fazendo-me voltar,Nde koty xe rerobaka,True,lowercased
5852,Todas as pessoas vão fazendo as ladainhas,todas as pessoas vão fazendo as ladainhas,Opakatu abá sóû ladainhas monhanga,True,lowercased
5853,"Nosso espião vá primeiro, à frente de nós","nosso espião vá primeiro, à frente de nós",Îandé manhana ranhẽ t'osó îandé renondé,True,lowercased
5854,Eu meço a profundidade do rio,eu meço a profundidade do rio,Aty-ypy-a'ang,True,lowercased
5855,Não desobedecem nem sequer um pouco os habitantes do céu à vontade de Deus?,não desobedecem nem sequer um pouco os habitantes do céu à vontade de deus?,N'oîmomarã-mirĩ-angáîpe ybakygûara Tupã remimotara?,True,lowercased
5856,"O homem que tenta, sem resultado, ter relações sexuais com uma mulher, não pode casar-se","o homem que tenta, sem resultado, ter relações sexuais com uma mulher, não pode casar-se",Apŷaba kunhã resé o ekó osa'ang-îepeba'e nd'e'ikatuî omendá,True,lowercased
5857,"A gente diz ""anjos"" para eles por irem eles por sua vontade para longe, como que voando, muito rapidamente","a gente diz ""anjos"" para eles por irem eles por sua vontade para longe, como que voando, muito rapidamente","Korite'ĩ-aíbeté obebébo berameĩ kûepe o emimotarybo i xóreme ""karaibebé "" asé i 'éû i xupé",True,lowercased
5858,Estou deitado de bruços,estou deitado de bruços,Oobapybo aîub,True,lowercased
5859,Folgo muito em ouvi-lo,folgo muito em ouvi-lo,Asendu-potakatu,True,lowercased
5860,Estão sempre cheias as igaçabas,estão sempre cheias as igaçabas,Tynysẽ memẽ ygasaba,True,lowercased
5861,Digo a verdade,digo a verdade,Anheté a'é,True,lowercased
5862,a união à nossa carne,a união à nossa carne,îandé ro'o resé îese'aragûera,False,
5863,É terrível para mim vê-los,é terrível para mim vê-los,I abaeté sepîaka ixébo,True,lowercased
5864,Estou com ele,estou com ele,Irũnamo aîkó,True,lowercased
5865,esse mesmo,esse mesmo,ebokûé aé,False,
5866,Ordenhei-a,ordenhei-a,Aîkambyamĩ,True,lowercased
5867,"Aprende acerca da palavra de Deus, em que crerá","aprende acerca da palavra de deus, em que crerá",Onhembo'e Tupã nhe'enga o emierobîarama resé,True,lowercased
5868,Vamos em seu caminho para encontrá-lo,vamos em seu caminho para encontrá-lo,T'îasó sapépe sobaîtĩamo,True,lowercased
5869,Por que ele vive tendo coisas boas mais que eu?,por que ele vive tendo coisas boas mais que eu?,Marãmo ahẽ rekóû o mba'e-katuramo xe suí?,True,lowercased
5870,a que tem nome Santa Maria,a que tem nome santa maria,Santa Maria seryba'e,True,lowercased
5871,Eu estava ainda cansado,eu estava ainda cansado,Xe pûeraî mbyté,True,lowercased
5872,Vim de novo para externar minha alegria,vim de novo para externar minha alegria,Aîur-y bé xe roryba mombegûabo,True,lowercased
5873,As pedras ficaram-se quebrando ao meio,as pedras ficaram-se quebrando ao meio,Itá oîeká-îeká o îopyterybo,True,lowercased
5874,Eu sou ligeiro de mãos,eu sou ligeiro de mãos,Xe poapyî,True,lowercased
5875,"Basta, tu me matas!","basta, tu me matas!","Aûîé, xe îuká îepé!",True,lowercased
5876,"Transgridem muito a palavra de Deus os que se casam, sendo traidores um do outro?","transgridem muito a palavra de deus os que se casam, sendo traidores um do outro?",Oîabyetépe omendaryba'e Tupã nhe'enga o îosuí omondarõmo?,True,lowercased
5877,"Tendo medo, farias bem","tendo medo, farias bem","Esykyîébomo, ereîkó-katumo",True,lowercased
5878,"Tu, ao contrário, obedece a ele!","tu, ao contrário, obedece a ele!",-Esapîá-te!,True,lowercased
5879,"Leva-o, vamos ver! Vamos ver se o levas!","leva-o, vamos ver! vamos ver se o levas!",Erasóne ra'u!,True,lowercased
5880,Após vertê-la dentro do recipiente em que a bebe ou de alguma casca de coco,após vertê-la dentro do recipiente em que a bebe ou de alguma casca de coco,I gûaburu koîpó inaîagûasu apepûera amõ pupé i nhang'iré,True,lowercased
5881,"Fazemos passar as flechas dos malditos, diante deles esquivando-nos","fazemos passar as flechas dos malditos, diante deles esquivando-nos","Îamongûá moxy ru'uba, i xupé îaîemoîtỹamo",True,lowercased
5882,Estavas realmente dormindo?,estavas realmente dormindo?,Ereké-pipó eîupa?,True,lowercased
5883,"Que retire as coisas más de minha alma, enchendo-a com seu amor","que retire as coisas más de minha alma, enchendo-a com seu amor",T'ogûenosem mba'e-aíba xe 'anga suí o poroaûsuba resé i moynysema,True,lowercased
5884,água doce,água doce,y-eté,False,
5885,Por isso mesmo o ladrão é o que deve ser enforcado como pena de seus roubos passados,por isso mesmo o ladrão é o que deve ser enforcado como pena de seus roubos passados,Nd'e'i te'e abá mondá iî aîubykypyramo oîkóbo o mondarõagûera repyramo nhẽ,True,lowercased
5886,"Oxalá eu esteja muito bela, para que os homens me desejem","oxalá eu esteja muito bela, para que os homens me desejem","Xe porangeté temomã, a'emo abá xe potari",True,lowercased
5887,Imitei-o fingidamente,imitei-o fingidamente,Asa'ang-a'ub,True,lowercased
5888,Mostrando-lhe certa árvore que estava no meio do seu jardim,mostrando-lhe certa árvore que estava no meio do seu jardim,Amõ 'yba gûemityma pyterype o'amba'e kuabe'enga,True,lowercased
5889,"Eia, vamos logo!","eia, vamos logo!","Ene'ĩ, t'îasó taûîé!",True,lowercased
5890,o que está neste mundo,o que está neste mundo,ikó 'ara pora,False,
5891,Não há coisa alguma de que ele não conte os detalhes,não há coisa alguma de que ele não conte os detalhes,Nd'oîkóî mba'e amõ semiasapy-papare'yma re'a,True,lowercased
5892,Não sou eu que vou,não sou eu que vou,Na ixé ruã asó,True,lowercased
5893,Eis que enfim já chega!,eis que enfim já chega!,Aûîé ã ko'yté!,True,lowercased
5894,Não sabe o senhor que eu sou um beberrão?,não sabe o senhor que eu sou um beberrão?,Nd'oîkuabipe ta'a kagûaramo xe rekó?,True,lowercased
5895,Eu estou hirto,eu estou hirto,Xe aparatã,True,lowercased
5896,Porei armadilhas para eles,porei armadilhas para eles,Aîekotyrung seséne,True,lowercased
5897,"o que toca o tambor, o tamborileiro","o que toca o tambor, o tamborileiro",gûarará mopusara,False,
5898,"todos juntos, todos à uma vez, à uma","todos juntos, todos à uma vez, à uma",oîepekatu,False,
5899,Enterrando os antigos vícios,enterrando os antigos vícios,Tekopoxypûera tyma,True,lowercased
5900,Eis que eu sou homem,eis que eu sou homem,Xe abá niã ixé,True,lowercased
5901,Por isso mesmo será só chorar sem parar,por isso mesmo será só chorar sem parar,Nd'e'i te'e îase'o anhõ monhanga i mombyke'ymane,True,lowercased
5902,Sus! Avante!,sus! avante!,Pe'ĩ tîá!,True,lowercased
5903,o que está doente,o que está doente,i mara'aryba'e,False,
5904,Que os comam os que ficaram em nossas casas,que os comam os que ficaram em nossas casas,T'o'u îandé roŷpyrûera,True,lowercased
5905,Eu estou olheirento,eu estou olheirento,Xe resakûarumbyk,True,lowercased
5906,"Como recompensa também de seu arrependimento delas (isto é, das coisas más)",como recompensa também de seu arrependimento delas,I moasyagûera repyramono,True,parentheses_removed | lowercased | trimmed
5907,Mas seria difícil para as pessoas comer minha carne,mas seria difícil para as pessoas comer minha carne,A'e iî abaíbymo abá supé xe ro'o 'u,True,lowercased
5908,"pele imunda (isto é, lepra)",pele imunda,piryty,True,parentheses_removed | trimmed
5909,Verto o sangue dele,verto o sangue dele,Asugûy-mo'ẽ,True,lowercased
5910,Não queiras que te lance no inferno para se vingar de ti,não queiras que te lance no inferno para se vingar de ti,Eîpotar umẽ nde resé o îepykápe anhanga ratápe nde reîtyka,True,lowercased
5911,Hei de ir adiante de vós,hei de ir adiante de vós,T'akûáne pe renondé,True,lowercased
5912,"Estas rãs, que as comas em retribuição por isso","estas rãs, que as comas em retribuição por isso",Ikó îu'i t'ere'u sepy resé,True,lowercased
5913,"É bonita esta igreja, contendo muitos enfeites!","é bonita esta igreja, contendo muitos enfeites!","I porang kó tupãoka, îegûakabetá rerupa!",True,lowercased
5914,dia muito quente,dia muito quente,arakubeté,False,
5915,As estrelas bem longe se escondem,as estrelas bem longe se escondem,Îasytatá kûepe é i nhemimi,True,lowercased
5916,Quem devoraremos primeiro?,quem devoraremos primeiro?,Abápe îa'u raẽne?,True,lowercased
5917,"Destila tuas lágrimas, por detestá-los","destila tuas lágrimas, por detestá-los",Nde resa'y eîmondyky seroŷrõsápe,True,lowercased
5918,Os reis apressados junto ao nenenzinho vieram,os reis apressados junto ao nenenzinho vieram,Reîá-anhẽ  pitangĩ supé oú,True,lowercased
5919,Eu tenho pés tortos,eu tenho pés tortos,Xe are'a,True,lowercased
5920,Comeste terra?,comeste terra?,Ere'upe yby?,True,lowercased
5921,Cuidado ao esconder-lhe o que faz,cuidado ao esconder-lhe o que faz,Tîaté i mĩme i xupé marã oîkóbo,True,lowercased
5922,Jazo de lado,jazo de lado,Opemo aîub,True,lowercased
5923,"Existe meu auxiliar verdadeiro, o chefão Aimbirê","existe meu auxiliar verdadeiro, o chefão aimbirê","Oîkobé xe pytybõanameté, tubixakatu Aîmbiré",True,lowercased
5924,Acredita a gente nisso?,acredita a gente nisso?,Ogûerobîarype asé eboûinga?,True,lowercased
5925,Entra hoje em meu coração,entra hoje em meu coração,Eîké kori xe nhy'ãme,True,lowercased
5926,Aguei-a,aguei-a,Aîamõ,True,lowercased
5927,A ti ficamos bradando,a ti ficamos bradando,Ndebe orosapuká-pukaî,True,lowercased
5928,Levando nossa alma para o céu,levando nossa alma para o céu,Ybakype asé 'anga rerasóbo,True,lowercased
5929,Atei-lhe penas,atei-lhe penas,Aîpepó-pûar,True,lowercased
5930,"os tupiniquins, habitantes daqui","os tupiniquins, habitantes daqui",tupinakyîa keygûara,False,
5931,"Não faz mal, não há problema","não faz mal, não há problema",Na sasyî,True,lowercased
5932,"Enfim, obedeceram-me","enfim, obedeceram-me","Rumby, xe rapîá",True,lowercased
5933,Onde Deus está?,onde deus está?,Mamõpe Tupã rekóû?,True,lowercased
5934,Fujo,fujo,Aîabab,True,lowercased
5935,Dormiu demais seu cadáver?,dormiu demais seu cadáver?,Okeretápe se'õmbûera?,True,lowercased
5936,"Igualmente a morte está entre os moços e entre os velhos, não longe, mas nem por isso deixa de chegar às outras pessoas","igualmente a morte está entre os moços e entre os velhos, não longe, mas nem por isso deixa de chegar às outras pessoas","Oîoîá te'õ rekóû kunumĩgûasu suí tuîba'e suí bé, napûeî, ndaroîaî amõ abá mopanemi",True,lowercased
5937,Somente quando bebes cauim tu queres ser valente?,somente quando bebes cauim tu queres ser valente?,Kagûápe nhõ nde ratãngatu-potá?,True,lowercased
5938,Por que põe sua saliva no nariz da gente?,por que põe sua saliva no nariz da gente?,Mba'erama ripe asé tĩme o endy moíni?,True,lowercased
5939,"No caso de ser difícil frustrar-se essa minha morte, que não se faça minha vontade","no caso de ser difícil frustrar-se essa minha morte, que não se faça minha vontade","Aîpó xe re'õnama rambûera abaíme, t'onhemonhang umẽ xe remimotara",True,lowercased
5940,Este dia é feriado,este dia é feriado,Kó 'ara marãtekoabe'yma,True,lowercased
5941,Eis que eu tenho sede,eis que eu tenho sede,Xe 'useî ã,True,lowercased
5942,Estando a destilar coisa muito amarga,estando a destilar coisa muito amarga,Mba'e-rob-eté tuku-tuku okûapa,True,lowercased
5943,Que estejas prostrado no lugar de se fazerem sofrimentos,que estejas prostrado no lugar de se fazerem sofrimentos,T'ereîub moreaûsuba monhangápe,True,lowercased
5944,Padeci acidentes,padeci acidentes,Amanõmanõ,True,lowercased
5945,"É famosa Guaraparim, tendo uma igreja","é famosa guaraparim, tendo uma igreja","Serapûan Gûaraparĩ, Tupãoka rerokupa",True,lowercased
5946,Folgo,folgo,Aîkonhẽ,True,lowercased
5947,o que eu como costumeiramente,o que eu como costumeiramente,xe remi'utyba,False,
5948,Foste à roça no domingo ou em algum dia de guarda?,foste à roça no domingo ou em algum dia de guarda?,Erekopîasópe domingo koîpó 'areté amõ pupé?,True,lowercased
5949,sua cerviz ficando a esmurrar,sua cerviz ficando a esmurrar,i aŷpy atyká-tykábo,False,
5950,o que é feito de barro,o que é feito de barro,nha'uma suí i monhangymbyra,False,
5951,Lembra-te bem de que morreu por tua causa,lembra-te bem de que morreu por tua causa,Nde ma'enduá-katu nde resé se'õagûera resé,True,lowercased
5952,Que queimem em teu fogo,que queimem em teu fogo,T'okaî nde ratá pupé,True,lowercased
5953,"Estou com muitos furos, estou esburacado","estou com muitos furos, estou esburacado",Apu-puk,True,lowercased
5954,"Vem no dia de nossa terra, para visitá-la","vem no dia de nossa terra, para visitá-la","Eîori oré retama 'ara rupi nhẽ, i xupa",True,lowercased
5955,Como diz o primeiro deles?,como diz o primeiro deles?,Marã e'ipe iîypy?,True,lowercased
5956,Toma logo meu coração e minha alma como coisas tuas,toma logo meu coração e minha alma como coisas tuas,Xe py'a xe 'anga eîar nde mba'eramo taûîé,True,lowercased
5957,"Por ele fazer a defesa do amor a Jesus Cristo, mataram-no","por ele fazer a defesa do amor a jesus cristo, mataram-no","Îesu Cristo raûsuba resé i îepirapûaneme, bŷá i îukáû",True,lowercased
5958,água corrente,água corrente,y-syryka,False,
5959,Saiu para o pátio chorando muito dolorosamente,saiu para o pátio chorando muito dolorosamente,Osem okarype oîase'oasykatûabo,True,lowercased
5960,"Os cristãos como uma unidade, a consorciação deles","os cristãos como uma unidade, a consorciação deles","I mongaraibypyretá oîepegûasu îasûá, i îogûerekó anhẽ",True,lowercased
5961,Estava agradável a mim meu jogo,estava agradável a mim meu jogo,I porambyrambykĩ xe nhemosaraîa ixébo,True,lowercased
5962,o que proclama suas palavras,o que proclama suas palavras,i nhe'enga mombegûara,False,
5963,Que lancemos fora nossa maldade,que lancemos fora nossa maldade,T'oroîtyk oré poxy,True,lowercased
5964,"estorvo do anzol, isto é, corda com que se reata este","estorvo do anzol, isto é, corda com que se reata este",pindá-aŷpypûasaba,False,
5965,O que tem a bem-aventurança é o que não agride,o que tem a bem-aventurança é o que não agride,Tekokatueté rerekoara onherane'ymba'e,True,lowercased
5966,"Urdiste mentiras contra alguém, desonrando-o?","urdiste mentiras contra alguém, desonrando-o?",-Eresekyîpe îuraragûaîa abá supé i motĩbyka?,True,lowercased
5967,"Assim como a nós, Deus vê as minúcias de todas as coisas","assim como a nós, deus vê as minúcias de todas as coisas","Îandé îá, Tupã opakatu mba'e rasapy-epîaki",True,lowercased
5968,Passeei,passeei,Aîebyîebyr,True,lowercased
5969,"Perdoa-lhes, ó meu pai!","perdoa-lhes, ó meu pai!","Nde nhyrõ i xupé, xe rub-y gûy !",True,lowercased
5970,"Mandando fazê-los embarcar numa arca de madeira, semelhante a um navio","mandando fazê-los embarcar numa arca de madeira, semelhante a um navio","Ybyrá karamemûã, ygarusu nungara pupé, i mo'aruká",True,lowercased
5971,Por isso mesmo as malditas correm como faíscas de fogo,por isso mesmo as malditas correm como faíscas de fogo,Nd'e'i te'e moxy onhana tatá piririka îá,True,lowercased
5972,o limite de minha roça,o limite de minha roça,xe kó sykaba,False,
5973,"Serão muito terríveis os fatos, futuramente, para os que são maus, levantando-se com sua fealdade, com seus corpos escuros","serão muito terríveis os fatos, futuramente, para os que são maus, levantando-se com sua fealdade, com seus corpos escuros","I abaeté-katu irã tekó i angaîpaba'e supéne, o poxy, o eté-una reropu'ama",True,lowercased
5974,"Mandando fazê-los embarcar numa arca de madeira, semelhante a um navio","mandando fazê-los embarcar numa arca de madeira, semelhante a um navio","Ybyrá karamemûã, ygarusu nungara pupé i mo'ar-uká",True,lowercased
5975,Nesta noite tomou início,nesta noite tomou início,Kó pytuna ri sy-ari,True,lowercased
5976,Inventei-o,inventei-o,Aîypymonhang,True,lowercased
5977,Quem faz louvar o nome de Deus?,quem faz louvar o nome de deus?,Abá-abápe Tupã rera oîmoeté-ukar?,True,lowercased
5978,"Os que não criam nele trabalharam em conjunto, ficando a flechá-lo","os que não criam nele trabalharam em conjunto, ficando a flechá-lo","Serobîasare'yma potyrõû, iî ybõîybõmo",True,lowercased
5979,Eu lhe pélo a cabeça,eu lhe pélo a cabeça,Aî'abo'o,True,lowercased
5980,tremor de maleita,tremor de maleita,karasy-ryryîa,False,
5981,"Comedor deles, sobram-me sauiás, causa das caçadas","comedor deles, sobram-me sauiás, causa das caçadas","I gûara, îeporakaba, xe resemõ saûîá",True,lowercased
5982,Afastai-vos daquele que eu guardo!,afastai-vos daquele que eu guardo!,Pepo'i xe remiarõ suí!,True,lowercased
5983,"tijucal, grande atoleiro, pântano","tijucal, grande atoleiro, pântano",tuîukusu,False,
5984,Colares azuis não vistos (ainda),colares azuis não vistos,Mo'yrobyeté sepîakypyre'yma,True,parentheses_removed | lowercased | trimmed
5985,"Por isso mesmo os moços, por os convidarem os chefes, entram sempre no lugar de beber cauim","por isso mesmo os moços, por os convidarem os chefes, entram sempre no lugar de beber cauim","Nd'e'i te'e kunumĩgûasu, morubixaba o sogûápe, oîkébo memẽ kagûápe",True,lowercased
5986,Depois desse momento hei de atacá-los,depois desse momento hei de atacá-los,A'e ré t'asepenhan,True,lowercased
5987,"a descida dele (pex, de um monte)",a descida dele,serogûeîypaba,True,parentheses_removed | trimmed
5988,Tu não tens o coração arrebentado de aflição,tu não tens o coração arrebentado de aflição,Tekotebẽ suí nde nhy'ã-boke'ymi,True,lowercased
5989,"Durante a estada dele no ventre de sua mãe, Deus o santificou","durante a estada dele no ventre de sua mãe, deus o santificou",O sy rygépe sekó remebé Tupã i mongaraíbi,True,lowercased
5990,Acordo bem de madrugada,acordo bem de madrugada,Îeîbeté apak,True,lowercased
5991,De meu pesado sono despertando-me,de meu pesado sono despertando-me,Xe keranama mombaka,True,lowercased
5992,"Eu, Tatapitera, assim como meu grande fogo, inflamo os antigos ódios","eu, tatapitera, assim como meu grande fogo, inflamo os antigos ódios","Xe, Tatapytera, xe tatagûasu îabé, asapy nhemoŷrõmbûera",True,lowercased
5993,Não querendo sua infelicidade,não querendo sua infelicidade,Sekomemûã potare'yma,True,lowercased
5994,Trouxe muitas destas ostras,trouxe muitas destas ostras,Aruretá kó reri,True,lowercased
5995,"Envaideço-me sem motivo (isto é, de coisas más)",envaideço-me sem motivo,Anhemoeté-a'ub,True,parentheses_removed | lowercased | trimmed
5996,Faço Pedro ter roupa,faço pedro ter roupa,Aîmoaob Pedro,True,lowercased
5997,Eu não tenho preço alto,eu não tenho preço alto,Na xe repy-marangatuî,True,lowercased
5998,Não poderás doravante juntar-te a tua esposa por ser isso um procedimento muitíssimo inconveniente,não poderás doravante juntar-te a tua esposa por ser isso um procedimento muitíssimo inconveniente,"Nd'erékatuî xûé angiré nde remirekó rerobyka, ã tekó-abaíbeté-katureme",True,lowercased
5999,muitas chamas de fogo,muitas chamas de fogo,tatá-endy-etá,False,
6000,Achaste-os por perto?,achaste-os por perto?,Mbype erebasẽ i xupé?,True,lowercased
6001,Chegaste perto junto a eles?,chegaste perto junto a eles?,Mbype erebasẽ i xupé?,True,lowercased
6002,Acaso tu és o rei dos judeus?,acaso tu és o rei dos judeus?,Îudeus rubixabapiã nde?,True,lowercased
6003,Eu sou rechonchudinho,eu sou rechonchudinho,Xe apebĩ,True,lowercased
6004,Entrei nos caminhos das fontes,entrei nos caminhos das fontes,Aîké nhãîmbiara pupé,True,lowercased
6005,"coisa manifesta, pública, coisa notória por ser vista","coisa manifesta, pública, coisa notória por ser vista",ikatupesûara,False,
6006,"coisa manifesta, pública, coisa notória por ser vista","coisa manifesta, pública, coisa notória por ser vista",ikatupendûara,False,
6007,Para afugentar o diabo,para afugentar o diabo,Anhanga monhegûasemagûama resé,True,lowercased
6008,Dei-o a troco de dinheiro,dei-o a troco de dinheiro,Itaîuba repyramo aîme'eng,True,lowercased
6009,Fecharam aquele túmulo com uma pedra grande,fecharam aquele túmulo com uma pedra grande,Osokendab a'e karamemûã itagûasu pupé,True,lowercased
6010,Ia de costume,ia de costume,Asó amẽîepi,True,lowercased
6011,Ainda o faço,ainda o faço,A'é byter i monhanga,True,lowercased
6012,"Morreu na velhice (D'Evreux, Viagem, 133), O tuîba'e pupé te'õ kuapa - Conhecendo a morte em sua velhice","morreu na velhice , o tuîba'e pupé te'õ kuapa - conhecendo a morte em sua velhice",Tuîba'epe se'õû,True,parentheses_removed | lowercased
6013,Não sentimos cansaço,não sentimos cansaço,N'îaîandubi kane'õ,True,lowercased
6014,"Irrita-o, empurra-o para seu fogo","irrita-o, empurra-o para seu fogo","Oîrarõ, oîmoanhã satápe",True,lowercased
6015,"Tendo isso que ele disse, seus discípulos tomaram o pão em suas mãos","tendo isso que ele disse, seus discípulos tomaram o pão em suas mãos","Aîpó i 'eagûera rerekóbo, semimbo'e-etá miapé rari o pópe",True,lowercased
6016,Podem também as pessoas casar-se diante de um outro padre,podem também as pessoas casar-se diante de um outro padre,Ikatu bé abá omendá amoaé abaré robaké,True,lowercased
6017,"Ficaste bêbado de cauim, perdendo o juízo?","ficaste bêbado de cauim, perdendo o juízo?",Eresabeyporype kaûĩ suí 'ara mokanhema?,True,lowercased
6018,"Faze-me tu valente, para que eu me oponha ao maldito, para sempre vencendo-o","faze-me tu valente, para que eu me oponha ao maldito, para sempre vencendo-o","Xe mopyatã îepé, t'apu'am muru resé, aûîérama i moaûîébo",True,lowercased
6019,Fazendo levar imediatamente para o céu os que resgataram bem seus pecados ainda neste mundo,fazendo levar imediatamente para o céu os que resgataram bem seus pecados ainda neste mundo,Ikó 'ara pupé bé o angaîpagûera repyme'ẽngatusarûera ybakype aûnhenhẽ serasó-uká,True,lowercased
6020,"Vem, para que recebas a lei deles","vem, para que recebas a lei deles","Îori, t'ereîá sekó",True,lowercased
6021,Este pajé ruim tem espírito protetor,este pajé ruim tem espírito protetor,Supixûar ikó paîé-angaíba,True,lowercased
6022,Ele está salgado demais,ele está salgado demais,Se'ẽ-moxy,True,lowercased
6023,Quero mamar,quero mamar,Akambu-seî,True,lowercased
6024,Confessa-se alguém antes de embarcar num navio?,confessa-se alguém antes de embarcar num navio?,Onhemombe'upe abá ygarusupe o 'ar-y îanondé?,True,lowercased
6025,não matando,não matando,îukae'yma,False,
6026,"à flor d'água, na superfície da água","à flor d'água, na superfície da água",y-apé 'arybo,False,
6027,as juntas da cabeça,as juntas da cabeça,akanga îepotasaba,False,
6028,Faço muito barulho ao andar,faço muito barulho ao andar,Xe py-ambugûasu,True,lowercased
6029,"E por outra parte, semelhantemente, o próprio mar será mais terrível do que é seu costume, fazendo as ondas grande estrondo","e por outra parte, semelhantemente, o próprio mar será mais terrível do que é seu costume, fazendo as ondas grande estrondo",Kokoty paranã aé rame'ĩ o abaetéramo erimba'e gûekoagûera sosé yapenunga ryapugûasuramo,True,lowercased
6030,São vistos os cadáveres daqueles manterem sua incorruptibilidade três ou quatro anos após os enterrarem,são vistos os cadáveres daqueles manterem sua incorruptibilidade três ou quatro anos após os enterrarem,Sepîakypyra niã aîpoba'e re'ombûera o marane'yma rerekó mosapyr koîpó oîoirundyk seîxu ybŷá o tym'iré,True,lowercased
6031,o ofício de Pedro,o ofício de pedro,Peró rekoaba,True,lowercased
6032,"Escondeste algum pecado teu do padre, envergonhando-te dele?","escondeste algum pecado teu do padre, envergonhando-te dele?","Ereîkuakupe nde angaîpaba amõ abaré suí, senotĩamo nhẽ?",True,lowercased
6033,Grudei penagens nele,grudei penagens nele,Aîgûaîaý-moîar,True,lowercased
6034,"primeiro filho do homem, primogênito","primeiro filho do homem, primogênito",ta'yrypy,False,
6035,Eis que a noite toda ele não dormiu,eis que a noite toda ele não dormiu,Pysaré kó i kere'ymi,True,lowercased
6036,Não é muito forte o homem branco,não é muito forte o homem branco,Na satãngatuî maíra!,True,lowercased
6037,Não sabes que Deus lançou neste mundo também tudo o que a gente sofre costumeiramente?,não sabes que deus lançou neste mundo também tudo o que a gente sofre costumeiramente?,Nd'ereîkuabype Tupã opakatu ikó 'ara pupé îandé remimborará-tyba abé seîtykagûera?,True,lowercased
6038,Tiveste relação sexual com pessoa solteira?,tiveste relação sexual com pessoa solteira?,Ereîkópe abá-mendare'yma resé?,True,lowercased
6039,tua excitação pelas coisas más,tua excitação pelas coisas más,Mba'e-poxy resé nde ara'a,False,
6040,Por que haveria eu de o levar?,por que haveria eu de o levar?,A'emop'ixé serasó-a'ubi é?,True,lowercased
6041,Eu tenho o pé adormecido,eu tenho o pé adormecido,Xe py-îesyî,True,lowercased
6042,Baixo conversemos para que não o percebam os índios,baixo conversemos para que não o percebam os índios,Mbegûé îaîomongetá t'onhandu umẽ abá,True,lowercased
6043,Por aí as mulheres casadas ficavas pervertendo,por aí as mulheres casadas ficavas pervertendo,Kûepe kunhã-mendarûera ereîmomoxy-moxy,True,lowercased
6044,um pouquinho mais,um pouquinho mais,pyrybĩ,False,
6045,Que bom que meu próximo tenha coisas boas!,que bom que meu próximo tenha coisas boas!,Aûîé ipó xe rapixara mba'e-katuramo,True,lowercased
6046,tão somente uma vez,tão somente uma vez,oîepé nhõngatu,False,
6047,Amarra tua rede de dormir ao longo de mim,amarra tua rede de dormir ao longo de mim,Eîotĩ nde kesaba xe porupi,True,lowercased
6048,"Vim, voltando","vim, voltando",Aîur gûiîeby,True,lowercased
6049,Isso dirá somente a ele ou contará ao padre para que o repreenda,isso dirá somente a ele ou contará ao padre para que o repreenda,Aîpó e'i nhote i xupéne konipó abaré supé i mombe'uû i akakapagûama reséne,True,lowercased
6050,Põe mais outro,põe mais outro,Enhonong-y bé amõ,True,lowercased
6051,Jesus salvador da gente,jesus salvador da gente,Iesu moropysyrõana,True,lowercased
6052,alguns santos,alguns santos,amõ amõ santos,False,
6053,"Transgridem muito a palavra de Deus os que se casam, traindo-se um ao outro?","transgridem muito a palavra de deus os que se casam, traindo-se um ao outro?",Oîaby-etépe omendaryba'e Tupã nhe'enga o îosuí omondarõmo?,True,lowercased
6054,Apavorei-o,apavorei-o,Aîangerasó,True,lowercased
6055,Não estão casados os que não se casam diante de duas outras pessoas também,não estão casados os que não se casam diante de duas outras pessoas também,Amõ abá abé mokõî robaké omendare'ymba'e n'omendari,True,lowercased
6056,orelhas caídas,orelhas caídas,nambi-xoré,False,
6057,O que ama verdadeiramente a Deus não tem dificuldades em viver segundo os mandamentos de Deus,o que ama verdadeiramente a deus não tem dificuldades em viver segundo os mandamentos de deus,Tupã raûsupareté n'oîmoabaíbi Tupã asé rekomonhangaba rupi o ekó,True,lowercased
6058,Ela embarrou nos seus ramos,ela embarrou nos seus ramos,Sakã resé i îepokoki,True,lowercased
6059,"Em tuas mãos sentando-se, vai o menino","em tuas mãos sentando-se, vai o menino","Nde pópe ogûapyka, osó kunumĩ",True,lowercased
6060,É muito mal feito aquilo que fazes,é muito mal feito aquilo que fazes,I ranusu nhẽ kûé nde remimonhanga,True,lowercased
6061,Eu caí rodando,eu caí rodando,Xe aparaîereb,True,lowercased
6062,Procuramos Jesus Nazareno,procuramos jesus nazareno,Iesu Nazareno orosekar,True,lowercased
6063,Deus fez uma certa mulher bondosa,deus fez uma certa mulher bondosa,Tupã amõ kunhãngatu monhangi,True,lowercased
6064,"Oh, que fulano este!","oh, que fulano este!",Te'ĩ kó ahẽ mã!,True,lowercased
6065,Assim ajo conforme meu pai,assim ajo conforme meu pai,Xe ruba rupi é emonã aîkó,True,lowercased
6066,"Pois se levas cães, se estiverem eles ao lado um do outro da sua própria raça, acolhem-se um pouco mais","pois se levas cães, se estiverem eles ao lado um do outro da sua própria raça, acolhem-se um pouco mais","Îagûara biãé ererasó, gûa'ysé o îoesé posé o ẽme, oîepysyrõ bé'ĩ",True,lowercased
6067,Já te ungi com o óleo bento,já te ungi com o óleo bento,Oropixyb umã îandy-karaíba pupé,True,lowercased
6068,Morro com virtude,morro com virtude,Aromanõ tekokatu,True,lowercased
6069,"marca de dentes, sinal de dentada","marca de dentes, sinal de dentada",tãî-mbora,False,
6070,"Os que são maus, que o tomam, recebem a morte em si","os que são maus, que o tomam, recebem a morte em si",I poxyba'e tasara te'õ ogûar o îoupé,True,lowercased
6071,"Oh! Que há aqui, na verdade, semelhante a um canindé azul?","oh! que há aqui, na verdade, semelhante a um canindé azul?","To! Anhẽ, mba'epe ké kanindé-oby îasûara?",True,lowercased
6072,Maior que esta casa,maior que esta casa,Kó oka sosé,True,lowercased
6073,Eu sou pequeno,eu sou pequeno,Xe risi'ĩ,True,lowercased
6074,gordura de animal,gordura de animal,mba'e-kagûera,False,
6075,"Esse, somente, é de fato teu nome?","esse, somente, é de fato teu nome?",Aîpó nhõ-pipó nde rera?,True,lowercased
6076,O diabo nos capturou,o diabo nos capturou,Anhanga îandé pysyki,True,lowercased
6077,A seus próprios companheiros não querem bem,a seus próprios companheiros não querem bem,O irũ n'oîamotari,True,lowercased
6078,Louvo-te muito por me teres salvado,louvo-te muito por me teres salvado,Oromoeté-katu nde xe pysyrõagûera resé,True,lowercased
6079,Eu não tenho dentes,eu não tenho dentes,Na xe rãî,True,lowercased
6080,Sus! Ide!,sus! ide!,Pene'ĩ pesóbo,True,lowercased
6081,Devolvendo sua antiga firmeza,devolvendo sua antiga firmeza,Îepytasokûera eroîeby,True,lowercased
6082,Esgotei a água dele,esgotei a água dele,Aîtyapyî,True,lowercased
6083,"Embora tentásseis, estivestes deitados só pouco tempo junto a mim","embora tentásseis, estivestes deitados só pouco tempo junto a mim","Pesa'ang îepé, peuî korite'ĩ nhote xe pyri",True,lowercased
6084,Peneirei a farinha,peneirei a farinha,Au'i-mogûab,True,lowercased
6085,Querendo afastar de si mesmo o transtorno,querendo afastar de si mesmo o transtorno,O îosuí pubura pe'a potá,True,lowercased
6086,alguém (h),alguém,amõ ahẽ,True,parentheses_removed | trimmed
6087,"Logo, decerto, passarás no lugar onde moro","logo, decerto, passarás no lugar onde moro",Koromõ ipó eregûatá xe rekoápe,True,lowercased
6088,mau ar,mau ar,araíba,False,
6089,como criança estando deitado,como criança estando deitado,pitangamo oupa,False,
6090,"Qual é nosso consolo, então?","qual é nosso consolo, então?",Mba'epe asé apysykabamo a'ereme?,True,lowercased
6091,cabelos arrepiados e desgrenhados,cabelos arrepiados e desgrenhados,a-tyrá-bebó,False,
6092,Eles mandariam enforcá-los?,eles mandariam enforcá-los?,A'emo oîubyk-uká?,True,lowercased
6093,Para o desaparecimento dos vestígios da maldade de nossa alma,para o desaparecimento dos vestígios da maldade de nossa alma,Asé 'anga suí asé angaîpaba rakypûera kanhemagûama resé,True,lowercased
6094,Que se abstenha ele de dizer isso,que se abstenha ele de dizer isso,Te'itenhẽumẽ ahẽ aîpó o'îabo,True,lowercased
6095,"Estai com pranto, como modo de honrar o que entra para junto de vós","estai com pranto, como modo de honrar o que entra para junto de vós",Îase'o rakó perekó peẽmo teîkeara moetesabamo,True,lowercased
6096,Multiplico-o,multiplico-o,Aîrumõ,True,lowercased
6097,"Junto do diabo lançando-os, com o qual queimará para sempre","junto do diabo lançando-os, com o qual queimará para sempre",Anhanga pyri seîtyka aûîeramanhẽ i kaîagûama,True,lowercased
6098,"lugar em que nasce o sol, o oriente","lugar em que nasce o sol, o oriente",kûara sembaba,False,
6099,Hás de ser,hás de ser,Nde ram,True,lowercased
6100,"E aquelas mulheres não resistem, combatendo-os?","e aquelas mulheres não resistem, combatendo-os?",A'epe a'e kunhã n'onherani i momarana?,True,lowercased
6101,Por que a gente se persignará muitas e muitas vezes?,por que a gente se persignará muitas e muitas vezes?,Marãnamope asé îobasabetá-etáûne?,True,lowercased
6102,A chuva caiu lentamente,a chuva caiu lentamente,Osaybi amana,True,lowercased
6103,"Zune como o vento, tremendo por causa de sua bravura","zune como o vento, tremendo por causa de sua bravura","Ybytu îabé osunung, i abaeté suí osyîa",True,lowercased
6104,A ti nos apegamos,a ti nos apegamos,Oroby'a nde resé,True,lowercased
6105,Hei de viver bem como eles,hei de viver bem como eles,Aîkó-katupe i îabé ká,True,lowercased
6106,"Falando primeiro a seus filhos, que divide (isto é, os bons dos maus)","falando primeiro a seus filhos, que divide",Ogûemimoîa'oka ogûa'yra pé ranhẽ onhe'enga,True,parentheses_removed | lowercased | trimmed
6107,"Amarrei penas de asa nela (isto é, na flecha)",amarrei penas de asa nela,Aîpepó-pûar,True,parentheses_removed | lowercased | trimmed
6108,Erra muito o homem que se fica fazendo pajé?,erra muito o homem que se fica fazendo pajé?,I angaîpabetépe abá onhemopaîé-paîébo?,True,lowercased
6109,Como se eu dissesse,como se eu dissesse,Xe 'é îasûaramo n'aé,True,lowercased
6110,"Sob minhas mãos tenho os moços pecadores, os velhos crescidos","sob minhas mãos tenho os moços pecadores, os velhos crescidos","Xe pó gûyrype arekó kunumĩgûasu-angaîpaba, tunhãba'e-kakuaba",True,lowercased
6111,Afago-lhe a cabeça,afago-lhe a cabeça,Aî'apixyb,True,lowercased
6112,Semelhante a gotas de sangue,semelhante a gotas de sangue,Tugûy tykyrûera abŷare'yma,True,lowercased
6113,Ele é mais bonito,ele é mais bonito,Turusueté - Ele é maior I porangeté,True,lowercased
6114,Pegou-se firmemente sua roupa com que ele foi castigado às suas chagas?,pegou-se firmemente sua roupa com que ele foi castigado às suas chagas?,Oîar-atã serã i aoba i nupãsagûera i moperé-perebagûera resé?,True,lowercased
6115,Que se compadeçam dele os judeus,que se compadeçam dele os judeus,T'oîporeaûsuberekó îudeus,True,lowercased
6116,Esfreguei-lhe a caspa,esfreguei-lhe a caspa,Aîpiku'i-momemûã,True,lowercased
6117,Castrei-o,castrei-o,Asapi'a'yĩ'ok,True,lowercased
6118,São Pedro puxou a espada,são pedro puxou a espada,S Pedro itangapema osekyî,True,lowercased
6119,Que sejais futuramente os que terão a verdadeira felicidade na nossa terra prometida,que sejais futuramente os que terão a verdadeira felicidade na nossa terra prometida,Ta peîkó irã mba'ekatu-eté rerekoaramo îandé retãme'engápe,True,lowercased
6120,não já assim,não já assim,na emonani,False,
6121,"Salve Rainha, mãe de misericórdia, vida, a que é doce","salve rainha, mãe de misericórdia, vida, a que é doce","Salve Rainha, moraûsubara sy, tekobé, se'ẽba'e",True,lowercased
6122,Quantas vezes a lua desapareceu ou o caju madurou?,quantas vezes a lua desapareceu ou o caju madurou?,Mbobype îasy kanhemi koîpó akaîu aîubamo?,True,lowercased
6123,"De cada dez, repartir uma de nossas coisas com Deus","de cada dez, repartir uma de nossas coisas com deus",Opá kombó îabi'õ Tupã supé oîepé asé mba'e moîa'oka,True,lowercased
6124,Meu coração ficando a revirar,meu coração ficando a revirar,Xe py'a pobu-pobu,True,lowercased
6125,"o que é morto, o que deve ser morto, o morto","o que é morto, o que deve ser morto, o morto",i îukapyra,False,
6126,Elas são grandes?,elas são grandes?,Turusupe?,True,lowercased
6127,Pus-me as trouxas no panacu,pus-me as trouxas no panacu,Anhepanakũ-nhang,True,lowercased
6128,Acusando uma mulher para seu marido,acusando uma mulher para seu marido,Kunhã kuauká i mena supé,True,lowercased
6129,Quais as novidades? Quais as novas?,quais as novidades? quais as novas?,Marãpe moranduba?,True,lowercased
6130,"o que fia (Fig, Arte, 119), fiandeira","o que fia , fiandeira",pobandara,True,parentheses_removed
6131,Há poucos dias mandaste tua esposa como espiã,há poucos dias mandaste tua esposa como espiã,Kûesé nde remirekó manhanamo ereîmondó,True,lowercased
6132,Eu não duro muito,eu não duro muito,Na xe rekosûeri,True,lowercased
6133,Estragaste as coisas de teu próximo?,estragaste as coisas de teu próximo?,Ererekomemûãpe nde rapixara mba'e?,True,lowercased
6134,Que não esteja pelas casas para afrouxar nossas almas,que não esteja pelas casas para afrouxar nossas almas,T'oîkó umẽ oka rupi oré 'anga monguébo,True,lowercased
6135,futuro marido,futuro marido,menama,False,
6136,imitando tua virtude,imitando tua virtude,nde rekokatu ra'anga,False,
6137,Que me tratem como a seu próprio deus,que me tratem como a seu próprio deus,O tupãnamo ta xe rerekó,True,lowercased
6138,"Dizendo, digo asneiras (isto é, quando digo algo, digo asneiras)","dizendo, digo asneiras",A'é tenhẽ marã gûi'îabo,True,parentheses_removed | lowercased | trimmed
6139,"Serão bons, doravante, os que eu guardo de costume","serão bons, doravante, os que eu guardo de costume",I angaturam ko'yré xe remiarõ îandune,True,lowercased
6140,Quem é o inimigo da gente?,quem é o inimigo da gente?,Abápe asé sumarã?,True,lowercased
6141,Eu tenho sofrimento de sobra,eu tenho sofrimento de sobra,Xe rosang-esemõ,True,lowercased
6142,Eu tenho olhos claros,eu tenho olhos claros,Xe resá-ting,True,lowercased
6143,Eu cochilo,eu cochilo,Xe ropebypebyk,True,lowercased
6144,Todos os homens destrói,todos os homens destrói,Opabĩ abá mondyki,True,lowercased
6145,Bem à sua semelhança o fez?,bem à sua semelhança o fez?,Gûupi-katupe i monhangi?,True,lowercased
6146,Eu estou febril,eu estou febril,Xe rakûar,True,lowercased
6147,"Finquei-me, fiz pé firme","finquei-me, fiz pé firme",Aîeatyká,True,lowercased
6148,Por isso mesmo os que tiram seu chapéu para eles transgridem a palavra de Deus,por isso mesmo os que tiram seu chapéu para eles transgridem a palavra de deus,Nd'e'i te'e i xupé o akangaó-'okara Tupã nhe'enga abŷabo,True,lowercased
6149,Entrei nos caminhos de fontes,entrei nos caminhos de fontes,Aîké nhãîmbiara pupé,True,lowercased
6150,palavras desatinadas,palavras desatinadas,nhe'ẽ-tekokugûabe'yma,False,
6151,"Ah, bem parece!","ah, bem parece!",Îasûareté mã!,True,lowercased
6152,"Logo, decerto, passarás no lugar em que moro, chegando (por mar)","logo, decerto, passarás no lugar em que moro, chegando","Koromõ ipó eregûatá xe rekoápe, eîepotáne",True,parentheses_removed | lowercased | trimmed
6153,Limpou seu rosto com um pano branco,limpou seu rosto com um pano branco,Osobá-syb aó-tinga pupé,True,lowercased
6154,Os que acreditam em sonhos,os que acreditam em sonhos,Mosaûsuba rerobîasara,True,lowercased
6155,A gente não se esquece do que é saboroso só na aparência,a gente não se esquece do que é saboroso só na aparência,Seba'e-a'uba nhote resé asé na sesaraî,True,lowercased
6156,"Penetram grandes espinhos, espetando sua cabeça","penetram grandes espinhos, espetando sua cabeça","Oîké îugûasu, i akanga kutuka",True,lowercased
6157,o que é (ou deve ser) malquisto,o que é malquisto,i amotare'ymymbyra,True,parentheses_removed | whitespace_collapsed
6158,E como alguém procederá encontrando o que esqueceu?,e como alguém procederá encontrando o que esqueceu?,A'epe marã abá rekóû a'e o esaraîagûera supé ogûasemane?,True,lowercased
6159,"""-Entrai na igreja"" disse ele de modo louvável","""-entrai na igreja"" disse ele de modo louvável","""-Peîké Tupãokype"" e'i muruangaba",True,lowercased
6160,Fiquei estremecendo,fiquei estremecendo,Asy-syî,True,lowercased
6161,Eu tenho covinhas,eu tenho covinhas,Xe pygûaî,True,lowercased
6162,"""Ah, coitadinho de mim"" é o que é ouvido aí","""ah, coitadinho de mim"" é o que é ouvido aí","""Xe poreaûsubeté'ĩ mã!"" sendubypyramo a'epe",True,lowercased
6163,Não se cansam de pedir a Deus pelos que os resgataram,não se cansam de pedir a deus pelos que os resgataram,N'oîeruré-pytubari Tupã supé ogûenosemarûera resé,True,lowercased
6164,"Quereis que eu solte para vós a Jesus, vosso rei?","quereis que eu solte para vós a jesus, vosso rei?",Peîpotápe Îesus pe rubixaba ixé i mosema peẽme?,True,lowercased
6165,São muito temíveis teus chifres,são muito temíveis teus chifres,Iîabaeté-katu nde 'aka,True,lowercased
6166,"Aí também, certamente, o homem sofre","aí também, certamente, o homem sofre",A'epe bé rakó abá nhupatĩû,True,lowercased
6167,"Isso dizendo, eu não estou tíbio","isso dizendo, eu não estou tíbio","Aîpó gûi'îabo, n'akyî ixé",True,lowercased
6168,À serra eu fui para encontrar-me com nossos súditos,à serra eu fui para encontrar-me com nossos súditos,Ybytyrype xe sóû îandé boîá rerosupa,True,lowercased
6169,Sou desprezível,sou desprezível,Aîkomemûã,True,lowercased
6170,Não verão sequer seu corpo brilhante?,não verão sequer seu corpo brilhante?,Seté-beraba tiruãpe n'osepîaki xûéne?,True,lowercased
6171,Tanto mais porque eles são adversários de agressores,tanto mais porque eles são adversários de agressores,Memeté a'e morero'arupîara,True,lowercased
6172,meu avô Jaguaruna,meu avô jaguaruna,xe ramũîa Îagûaruna,True,lowercased
6173,Que não aconteça de algo te deixar ignorante,que não aconteça de algo te deixar ignorante,Te'itenhẽumẽ mba'e amõ nde motekokuabe'yma,True,lowercased
6174,Até mesmo gritou comigo,até mesmo gritou comigo,Xe aká tekatu nhẽ,True,lowercased
6175,roda de madeira (para algodão),roda de madeira,ybyrá-babaka,True,parentheses_removed | trimmed
6176,"gozador, brincalhão, zombeteiro","gozador, brincalhão, zombeteiro",nhemosaraîxûera,False,
6177,"Eram muitos os que estavam a castigá-lo? -Eram muitos, ficando a revezar-se uns com os outros nisso","eram muitos os que estavam a castigá-lo? -eram muitos, ficando a revezar-se uns com os outros nisso","-Setápe i nupã-nupãsara? -Setá, sesé oîoporu-porûabo",True,lowercased
6178,Impedem os casamentos,impedem os casamentos,Mendara omoarûab,True,lowercased
6179,Virei-o ao contrário,virei-o ao contrário,Arobak,True,lowercased
6180,nas roças,nas roças,kóbo,False,
6181,"Tem medo de ti o diabo, odiando-te","tem medo de ti o diabo, odiando-te","Osykyîé nde suí Anhanga, nde moabaetébo",True,lowercased
6182,Eu sou confuso,eu sou confuso,Xe abaíb,True,lowercased
6183,Estão bem felizes,estão bem felizes,Sory-porang,True,lowercased
6184,Pegou-se fortemente sua roupa às suas chagas?,pegou-se fortemente sua roupa às suas chagas?,Oîaratã serã i aoba i moperé-perebagûera resé?,True,lowercased
6185,Esse nome é o que me convém,esse nome é o que me convém,Aîpó tera xe arõana,True,lowercased
6186,Tu não me detestas,tu não me detestas,Na xe reroŷrõî îepé,True,lowercased
6187,A gente é parecida à criança que não tem pecado?,a gente é parecida à criança que não tem pecado?,Pitanga i angaîpabe'ymba'e rapixaramo nhẽpe asé rekóû?,True,lowercased
6188,Teu poder aquietou este mundo,teu poder aquietou este mundo,Nde 'ekatu kó 'ara moapysyki,True,lowercased
6189,"Tu fizeste mexericos, contando as palavras de teu próximo?","tu fizeste mexericos, contando as palavras de teu próximo?","Nde mba'epûerype, nde rapixarĩ nhe'engûera mombegûabo?",True,lowercased
6190,É por isso que o batizais junto ao padre,é por isso que o batizais junto ao padre,Aîporama resé é peîmongaraíb abaré pyri,True,lowercased
6191,"Nós, ao contrário, havemos de ir ao encontro da nossa pátria","nós, ao contrário, havemos de ir ao encontro da nossa pátria","Îandé-te, îandé retama t'ixepenhan",True,lowercased
6192,Eu fui o primeiro deles,eu fui o primeiro deles,Ixé iîypy,True,lowercased
6193,Rouba-o aí por perto,rouba-o aí por perto,Mbype emondarõ sesé,True,lowercased
6194,Mas não tentam esses aprender sempre?,mas não tentam esses aprender sempre?,N'osa'angi-tep'akó nhembo'e ko'arapukuî?,True,lowercased
6195,o que tem barba ruiva,o que tem barba ruiva,sendybaá-îuba'e,False,
6196,Sou seu parceiro de dança,sou seu parceiro de dança,I nhandaramo aîkó,True,lowercased
6197,De modo nenhum os temiminós tiram seus nomes antigos,de modo nenhum os temiminós tiram seus nomes antigos,Nainanĩ temiminõ o erumûana mombó,True,lowercased
6198,Agi ordenadamente para que se quede em vós,agi ordenadamente para que se quede em vós,Peîkó-aturõ t'oby'ar pe ri,True,lowercased
6199,Eu sou o que é rico,eu sou o que é rico,I mba'eba'e ixé,True,lowercased
6200,Eu sou fibroso,eu sou fibroso,Xe raîu-raîu,True,lowercased
6201,Leio-o,leio-o,Asa'ang,True,lowercased
6202,E de que maneira é homem verdadeiro como nós?,e de que maneira é homem verdadeiro como nós?,A'epe marã apŷabetéramo sekóû îandé îabé?,True,lowercased
6203,Arrepiei-me,arrepiei-me,Aîepoká,True,lowercased
6204,Estou acordando,estou acordando,Apak gûitupa,True,lowercased
6205,"Seus amigos, os franceses, trouxeram armas de fogo em vão","seus amigos, os franceses, trouxeram armas de fogo em vão","Saûsupara, aîuruîuba, mokaba ogûeru tenhẽ",True,lowercased
6206,Os cristãos não eram muitos,os cristãos não eram muitos,Karaíba na setáî,True,lowercased
6207,"Deus te fez viver, guardando-te, não somente por uma semana, não somente por um ano, mas por muitos anos","deus te fez viver, guardando-te, não somente por uma semana, não somente por um ano, mas por muitos anos","Nde moingobé Tupã, nde rerekóbo n'oîepé îasy nhõ ruã, n'oîepé seîxu nhõ ruã, setá nhẽ seîxu-te",True,lowercased
6208,"Queremos muito amar-te, entregando-nos a ti","queremos muito amar-te, entregando-nos a ti","Oroaûsu-potá-katu, oroîeme'enga endébo",True,lowercased
6209,o magro que convido para comer,o magro que convido para comer,xe remipoîangaîbara,False,
6210,"casas do lado, vizinhança","casas do lado, vizinhança",amỹîoka,False,
6211,O desejo sensual aumentou teus olhos?,o desejo sensual aumentou teus olhos?,Moropotara nde resá moîo'arype?,True,lowercased
6212,Daqui a pouquinho castigo-o,daqui a pouquinho castigo-o,Aînupã apyri'ĩ,True,lowercased
6213,Aceitei dinheiro de Pedro,aceitei dinheiro de pedro,Aîar itaîuba Pedro suí,True,lowercased
6214,"Aos olhos dos homens somente, mas não de verdade,","aos olhos dos homens somente, mas não de verdade,",Abá resápe nhote na supi ruã-te,True,lowercased
6215,Esses homens são os que portam riquezas para nós,esses homens são os que portam riquezas para nós,Aîpó abá ma'e îara îandébe,True,lowercased
6216,marca antiga de pedrada,marca antiga de pedrada,itá-porûera,False,
6217,Fiz oferenda para o pajé,fiz oferenda para o pajé,Anhetanong paîé resé,True,lowercased
6218,"-Quem és tu? -Sarauaia, adversário antigo de franceses","-quem és tu? -sarauaia, adversário antigo de franceses","-Abápe nde? -Saraûaîa, aîuruîubupîarûera",True,lowercased
6219,quinhão de Deus dízimo,quinhão de deus dízimo,Tupã potaba,True,lowercased
6220,São numerosos os que te procuram,são numerosos os que te procuram,Se'yî nhẽ nde rekasara,True,lowercased
6221,O grão-sacerdote de nome Caifás,o grão-sacerdote de nome caifás,Morerekoara Caifás seryba'e,True,lowercased
6222,Fiquei-o esfregando com gordura,fiquei-o esfregando com gordura,Aîkyty-kytyk mba'ekagûera pupé,True,lowercased
6223,Já se juntaram por causa disso muitos moços bebedores de cauim e as moças que dão de beber às pessoas,já se juntaram por causa disso muitos moços bebedores de cauim e as moças que dão de beber às pessoas,"Onheŷnhang umã sesé kunumĩetá kagûara, kunhãmuku i more'ymbara",True,lowercased
6224,Instruir os que são ignorantes,instruir os que são ignorantes,I tekokuabe'ymba'e motekokuaba,True,lowercased
6225,Completamente ele me revistou,completamente ele me revistou,Opá ahẽ xe subi,True,lowercased
6226,Não hei de deitar a perder a meu pai,não hei de deitar a perder a meu pai,Amote'e umẽpe xe ruba ká,True,lowercased
6227,Tu outrora me salvaste,tu outrora me salvaste,Nde erimba'e xe pysyrõ îepé,True,lowercased
6228,Hei de ir para cumprir essas palavras,hei de ir para cumprir essas palavras,T'asó aîpó nhe'enga mopó,True,lowercased
6229,Brinco,brinco,Anhemosaraî,True,lowercased
6230,cantinho dela,cantinho dela,sûá'ĩ,False,
6231,"lugar de se abrigar da água, barra de porto","lugar de se abrigar da água, barra de porto",y-mbîasaba,False,
6232,A maldade fez feder minha alma,a maldade fez feder minha alma,Xe 'anga omonem tekoangaîpaba,True,lowercased
6233,Algo semelhante a um navio,algo semelhante a um navio,Ygarusu nungara,True,lowercased
6234,"Para visitar a aldeia, eu fui à serra","para visitar a aldeia, eu fui à serra","Taba supa, ybytyrype xe sóû",True,lowercased
6235,"Eia, amarrai os malditos!","eia, amarrai os malditos!","Pe'ĩ, peîpûá muru!",True,lowercased
6236,Cuspi-o,cuspi-o,Anhomun,True,lowercased
6237,"de alguma parte, dalgures","de alguma parte, dalgures",kûeîpe suí,False,
6238,ajudante de São Lourenço,ajudante de são lourenço,São Lourenço pytybõana,True,lowercased
6239,"Aproximando-me da morte, meus grandes pecados antigos farei sair","aproximando-me da morte, meus grandes pecados antigos farei sair","Te'õ rerobyka é, xe angaîpá-tubixagûera amosẽne",True,lowercased
6240,"Os bem-aventurados e os santos no céu, que vêem a Deus, ultrapassam o número dos dias que o ano tem","os bem-aventurados e os santos no céu, que vêem a deus, ultrapassam o número dos dias que o ano tem","Marangatuba'e santos ybakype, Tupã repîakaretá, osasá 'ara ro'y remierekó papasaba",True,lowercased
6241,Tenho-o bem na minha cintura,tenho-o bem na minha cintura,Xe ku'aî bé arekó,True,lowercased
6242,pelos campos,pelos campos,nhũbo,False,
6243,"A dança é que é boa, enfeitar-se, fumar","a dança é que é boa, enfeitar-se, fumar","Moraseîa é i katu, îegûaka, petymbu",True,lowercased
6244,teu sêmen ejaculado,teu sêmen ejaculado,nde ra'y-pupuka,False,
6245,"Eu sou Guaixará, bebedor de cauim, grande boicininga","eu sou guaixará, bebedor de cauim, grande boicininga","Gûaîxará kagûara ixé, mboîtiningusu",True,lowercased
6246,"Ah, que dizes!?","ah, que dizes!?",Teté marã e'îabo mã!?,True,lowercased
6247,Quantos são os que recebem compaixão?,quantos são os que recebem compaixão?,Mbobype saûsubarypyra?,True,lowercased
6248,tomou o pão em suas mãos,tomou o pão em suas mãos,miapé rari o pópe,False,
6249,"Entreouvi tuas palavras (isto é, ouvi-as superficialmente)",entreouvi tuas palavras,Asendub-aíb nde nhe'enga,True,parentheses_removed | lowercased | trimmed
6250,Após vertê-la dentro de alguma casca de coco,após vertê-la dentro de alguma casca de coco,Inaîagûasu apepûera amõ pupé i nhang'iré,True,lowercased
6251,Nas armadilhas fiz os malditos entrarem,nas armadilhas fiz os malditos entrarem,Kotype muru amoingé,True,lowercased
6252,Eu sou magro,eu sou magro,Xe angaîbor,True,lowercased
6253,Prendi-o a uma pedra,prendi-o a uma pedra,Aîmoín itá resé,True,lowercased
6254,Voltou a vir ao lugar em que tinha deixado seus discípulos?,voltou a vir ao lugar em que tinha deixado seus discípulos?,Ouîebype erimba'e o boîá reîasagûerype?,True,lowercased
6255,De modo algum os temiminós tiram seus nomes antigos,de modo algum os temiminós tiram seus nomes antigos,Nainanĩ temiminõ o erumûana mombó,True,lowercased
6256,Hei de me esconder bem,hei de me esconder bem,Aîemĩngatu-pe ká,True,lowercased
6257,"Eu sou rechonchudão (isto é, de corpo muito largo)",eu sou rechonchudão,Xe asangusu,True,parentheses_removed | lowercased | trimmed
6258,Presumo que ele deve ter ido,presumo que ele deve ter ido,"""Osó ipó re'a"" a'é",True,lowercased
6259,"Mas eu, amando minh'alma, fico quieto em minha terra","mas eu, amando minh'alma, fico quieto em minha terra","Xe-te, xe 'anga raûsupa, aby'arĩ xe retãme",True,lowercased
6260,Conhece bem as guerras,conhece bem as guerras,Oîkuá-katu marana,True,lowercased
6261,A ti somente louvando-te muito!,a ti somente louvando-te muito!,Nde nhõ nde moetekatûabo!,True,lowercased
6262,O que reflete sobre sua morte,o que reflete sobre sua morte,Se'õagûera resé onheangerekoba'e,True,lowercased
6263,A terceira (virtude) dele é a satisfação dos cônjuges,a terceira dele é a satisfação dos cônjuges,I momosapysaba mendara moîekosupaba,True,parentheses_removed | lowercased | whitespace_collapsed
6264,Que perdoe Deus a nós,que perdoe deus a nós,T'i nhyrõ Tupã orébo,True,lowercased
6265,fininho,fininho,po'i'i,False,
6266,Adversária da morte,adversária da morte,Te'õ rupîara nhẽ,True,lowercased
6267,"Estou pela metade (pex, afundado n'água)",estou pela metade,Xe ragûé rupi aín,True,parentheses_removed | lowercased | trimmed
6268,arrependendo-te fracamente de teus atos passados,arrependendo-te fracamente de teus atos passados,nde rekopûera moasy-bebuîa,False,
6269,Eu sou raro,eu sou raro,Xe kûaî,True,lowercased
6270,Atraio a Pedro,atraio a pedro,Aîmomotar Pedro,True,lowercased
6271,ira que te impregna,ira que te impregna,nhemoŷrõ nde momungasara,False,
6272,O que te põe nu,o que te põe nu,Ikatupe nde moĩndara,True,lowercased
6273,Coze algum cauim,coze algum cauim,Emoîyb kaûĩ amõ,True,lowercased
6274,"faval, plantação de favas","faval, plantação de favas",komandagûasu-tyba,False,
6275,Por que não queres chorar nem mesmo um pouquinho?,por que não queres chorar nem mesmo um pouquinho?,Marãpe nd'ereîase'o-mirĩngatutenhẽ-motari?,True,lowercased
6276,"instrumento de aquentar o fogo, abano, abanador","instrumento de aquentar o fogo, abano, abanador",tatá pegûaba,False,
6277,Há de prantear a gente o desaparecimento de seu pai e de sua mãe,há de prantear a gente o desaparecimento de seu pai e de sua mãe,Osapirõ-n'asé og uba o sy kanhemagûera,True,lowercased
6278,"Indo, eu me escafedo","indo, eu me escafedo",Xe rebinhỹ gûixóbo,True,lowercased
6279,Trouxeste algumas facas de ferro?,trouxeste algumas facas de ferro?,Ererupe itá kysé amõ?,True,lowercased
6280,Oxalá Deus mandasse os cadáveres de toda parte falarem,oxalá deus mandasse os cadáveres de toda parte falarem,Omonhe'eng-uká temõ Tupã te'õmbûera kóbo,True,lowercased
6281,Que está deitado aqui?,que está deitado aqui?,Mba'epe ké tuî?,True,lowercased
6282,Para as coisas que costuma sofrer não tendo paciência,para as coisas que costuma sofrer não tendo paciência,Mba'e o emimborará-tyba supé og osange'ymamo,True,lowercased
6283,Ele está um pouco melhor,ele está um pouco melhor,I katu be'ĩ,True,lowercased
6284,Vim de minha casa,vim de minha casa,Aîur xe roka suí,True,lowercased
6285,"Quando ele mama, ela fica alegre","quando ele mama, ela fica alegre","I kambuneme, sory",True,lowercased
6286,Que fazem conosco os que nos batizam?,que fazem conosco os que nos batizam?,Marãpe asé rerokara asé rerekóû?,True,lowercased
6287,"Não dou ouvidos, não me importo","não dou ouvidos, não me importo",Na xe apysáî,True,lowercased
6288,Fico-o chacoteando,fico-o chacoteando,Aîkurá-kurab,True,lowercased
6289,Trazendo um pouco de linha,trazendo um pouco de linha,Inimbó'i amõ reru,True,lowercased
6290,Que estejamos perto de ti,que estejamos perto de ti,T'oroîkó nde ypype nhẽ,True,lowercased
6291,Trouxe muitas destas ostras,trouxe muitas destas ostras,Aruretá kó reri,True,lowercased
6292,comichão da pele,comichão da pele,mbiremonã,False,
6293,Nossa comida de cada dia dá hoje para nós,nossa comida de cada dia dá hoje para nós,Oré remi'u 'ara îabi'õndûara eîme'eng kori orébe,True,lowercased
6294,acompanhante de caminhada,acompanhante de caminhada,atá-irũ,False,
6295,Coisa muito boa é uma grande bebedeira,coisa muito boa é uma grande bebedeira,Mba'e-eté ka'ugûasu,True,lowercased
6296,"Depois disso, vamos quebrar as cabeças dos reis","depois disso, vamos quebrar as cabeças dos reis",A'e ré kori îasó tubixaba akanga kábo,True,lowercased
6297,"Qual é a causa de nossa alegria, então?","qual é a causa de nossa alegria, então?",Mba'epe asé moesãîndaba a'ereme?,True,lowercased
6298,o que socorre gente,o que socorre gente,morepenhandara,False,
6299,"Ladroeiras, palavras más sobejavam-te, danças, diversões, vômitos, bebedeiras, guerras","ladroeiras, palavras más sobejavam-te, danças, diversões, vômitos, bebedeiras, guerras","Mondarõ, nhe'engaíba nde resemõ, moraseîa, nhemoryba, gûe'ena, ka'uaíba, marana",True,lowercased
6300,O que tem relações sexuais com o que não é seu cônjuge,o que tem relações sexuais com o que não é seu cônjuge,O mendasabe'yma resé oîkoba'e,True,lowercased
6301,"Enchendo o mar, levantando-o bem acima do cume das montanhas","enchendo o mar, levantando-o bem acima do cume das montanhas","Paranã momungábo, ybytyra apyra sosé katu i mopu'ama",True,lowercased
6302,Estou-me recolhendo,estou-me recolhendo,Anhenong gûitupa,True,lowercased
6303,Não honram seu criador,não honram seu criador,N'omoetéî o monhangara,True,lowercased
6304,Ofendeste teu pai?,ofendeste teu pai?,Ereînhe'engybõpe nde ruba?,True,lowercased
6305,Minha alma fez feder a vida pecaminosa,minha alma fez feder a vida pecaminosa,Xe 'anga omonem tekoangaîpaba,True,lowercased
6306,Teriam ido para longe?,teriam ido para longe?,Osó meémo mamõ?,True,lowercased
6307,"no vértice, no ápice","no vértice, no ápice",apyteri,False,
6308,À direita de Jesus somente tu estás,à direita de jesus somente tu estás,Îesu 'ekatûápe nde nhõ ereimbé,True,lowercased
6309,Tu falaste mal de alguém?,tu falaste mal de alguém?,Nde îuru'arype abá amõ resé?,True,lowercased
6310,a maldade de suas palavras,a maldade de suas palavras,o nhe'enga poxŷagûera,False,
6311,Eu sou inchado,eu sou inchado,Xe susu'a,True,lowercased
6312,sardas do rosto,sardas do rosto,tobá pinima,False,
6313,Alegrando-se com a morte de alguém,alegrando-se com a morte de alguém,Abá re'õagûera resé og orybamo,True,lowercased
6314,O que manda um falso pajé sugar outra pessoa,o que manda um falso pajé sugar outra pessoa,Paîé-a'uba supé amõ abá oîxuban-ukaryba'e,True,lowercased
6315,"Eis que aqui estou, o que vos enxota","eis que aqui estou, o que vos enxota",Aîkobé pe mondoarama,True,lowercased
6316,Minha casa está escura,minha casa está escura,I pytun xe roka,True,lowercased
6317,cabeça (arrancada) de peixe,cabeça de peixe,pirá akangûera,True,parentheses_removed | whitespace_collapsed
6318,"Após vir Sarauaia, destruiremos a aldeia, como de costume","após vir sarauaia, destruiremos a aldeia, como de costume","Saraûaîa rur'iré, îamombá taba îandune",True,lowercased
6319,Não há nada errado,não há nada errado,N'i tybi mba'e-memûã,True,lowercased
6320,"Que transformou outrora em mundo? (isto é, de que fez o mundo?)",que transformou outrora em mundo?,Mba'epe erimba'e oîmonhang 'aramo?,True,parentheses_removed | lowercased | trimmed
6321,Para ser a futura mãe de Deus ela foi feita,para ser a futura mãe de deus ela foi feita,Tupã syrama ri i monhangymbyra…,True,lowercased
6322,Fizeste resguardo por causa do parto de tua mulher?,fizeste resguardo por causa do parto de tua mulher?,Ereîekuakupe nde remirekó membyrara resé?,True,lowercased
6323,água salgada (do mar),água salgada,y-e'ẽ,True,parentheses_removed | trimmed
6324,É coisa que falta,é coisa que falta,Mba'e angaba'eamẽ,True,lowercased
6325,Qual era mesmo o nome dele?,qual era mesmo o nome dele?,Marã-takó ahẽ rera?,True,lowercased
6326,Bem com os meus olhos vi que tu as escondeste,bem com os meus olhos vi que tu as escondeste,Xe resá pupé-katu asepîak nde i mimagûera,True,lowercased
6327,Como peregrinos é que a gente mora nesta terra,como peregrinos é que a gente mora nesta terra,Ataramo é asé rekóû ikó yby pupé,True,lowercased
6328,Aceitaste suas palavras ao dar ordens a ti para alguma coisa boa?,aceitaste suas palavras ao dar ordens a ti para alguma coisa boa?,Ereîmorype i nhe'enga mba'e-katu resé nde pûaîme?,True,lowercased
6329,O que come terra ou outra coisa,o que come terra ou outra coisa,Yby koîpó mba'e amõ gûara,True,lowercased
6330,"Quando era ele rei, foi maltratado","quando era ele rei, foi maltratado",Morubixabamo sekóreme serekomemûãmbyramo sekóû,True,lowercased
6331,ajuntamento de pedras,ajuntamento de pedras,itá re'yîa,False,
6332,Sorvi o caldo,sorvi o caldo,Aîty-kukur,True,lowercased
6333,Ainda bem que o faz correr consigo!,ainda bem que o faz correr consigo!,Iîá muru senonhana!,True,lowercased
6334,começando a pronunciá-lo,começando a pronunciá-lo,sa'ang-ypŷabo,False,
6335,Não confio em Macaxeras,não confio em macaxeras,Nd'arobîari Makaxera,True,lowercased
6336,Não estaremos mais aflitos,não estaremos mais aflitos,Nd'oroîkotebẽ béî xóne,True,lowercased
6337,parede de casa,parede de casa,ó-pyá,False,
6338,"Aonde chegaram com Nosso Senhor, finalmente?","aonde chegaram com nosso senhor, finalmente?",Mamõpe gûá Îandé Îara rerosyki ko'yté?,True,lowercased
6339,"De forma inadequada, certamente, está o regente do canto","de forma inadequada, certamente, está o regente do canto",Aroane'ym nakó nhe'engaryba rekóû,True,lowercased
6340,"Derrama tuas lágrimas, pranteando a vergonha de tua alma","derrama tuas lágrimas, pranteando a vergonha de tua alma","Eîmo'ẽ nde resa'y, nde 'anga i momara'aragûera rapirõmo",True,lowercased
6341,Nós estamos juntos,nós estamos juntos,Oré apûanã,True,lowercased
6342,"pelas costas, na ausência, à traição","pelas costas, na ausência, à traição",kupébo,False,
6343,Andei sumido,andei sumido,Akanhẽ-kanhem,True,lowercased
6344,Sua lei pôs ordem em nossa antiga vida má,sua lei pôs ordem em nossa antiga vida má,Sekó omongaturõ îandé rekó-poxypûera,True,lowercased
6345,Nós vos matamos,nós vos matamos,Oré opoîuká,True,lowercased
6346,Não são muitos meus pecados,não são muitos meus pecados,Na setáî xe angaîpaba,True,lowercased
6347,Contigo quero estar,contigo quero estar,Nde irũnamo aîkó-potá,True,lowercased
6348,"Com uma lança de ferro espetou seu flanco, estourando suas entranhas","com uma lança de ferro espetou seu flanco, estourando suas entranhas","Itamina pupé iî yké kutuki, i nhy'ã moboka",True,lowercased
6349,Fizeste sexo com uma mulher com alguém observando-o?,fizeste sexo com uma mulher com alguém observando-o?,Ereîkópe kunhã resé abá remiandubamo?,True,lowercased
6350,este outro (e não ele),este outro,ikoba'e-te,True,parentheses_removed | trimmed
6351,Ajudaste alguém num roubo?,ajudaste alguém num roubo?,Ereîpytybõpe abá mondá resé?,True,lowercased
6352,"Estão em grande número, são muitos","estão em grande número, são muitos",Tyk e'i,True,lowercased
6353,Assei,assei,Amixyr,True,lowercased
6354,"Imaginai, em vossa morte, estardes vós deitados","imaginai, em vossa morte, estardes vós deitados",Peîmo'ang pe re'õ pupé pe ruba,True,lowercased
6355,Emplumei-o,emplumei-o,Asamongy,True,lowercased
6356,Mandaste tua esposa ir em busca de mulheres?,mandaste tua esposa ir em busca de mulheres?,Ereîopûaîpe nde remirekó kunhã resé?,True,lowercased
6357,"dali, daquele lugar","dali, daquele lugar",ûĩinga suí,False,
6358,Tu deste à luz por tua vontade?,tu deste à luz por tua vontade?,Nde membyrápe erimba'e nde remimotarybo?,True,lowercased
6359,Riscaram todo o teu corpo com ferro pontiagudo,riscaram todo o teu corpo com ferro pontiagudo,Opá nde reté raíri itatîãîa pupé,True,lowercased
6360,Fazendo zombaria diante dele,fazendo zombaria diante dele,Sobaké o memûãnamo,True,lowercased
6361,Fi-lo suar,fi-lo suar,Asyaîká,True,lowercased
6362,Quebrei-me,quebrei-me,Aîeká,True,lowercased
6363,o que é circuncidado,o que é circuncidado,i api'aba'e,False,
6364,Eu sou travesso,eu sou travesso,Xe resakûé-kûé,True,lowercased
6365,Consolas teu pai e tua mãe em suas aflições?,consolas teu pai e tua mãe em suas aflições?,Ereîmoîekosupe nde ruba nde sy sekotebẽsaba ri?,True,lowercased
6366,retribuindo o amor a ti,retribuindo o amor a ti,nde raûsuba poepyka,False,
6367,O que me cabe é tomar cauim,o que me cabe é tomar cauim,Xe potaba kaûĩ rá,True,lowercased
6368,Hei de contar os modos de impedi-los,hei de contar os modos de impedi-los,I moarûapaba t'aîmombe'une,True,lowercased
6369,"o que paga, o que resgata","o que paga, o que resgata",osepyme'engyba'e,False,
6370,Vieste do céu,vieste do céu,Ybaka suí ereîur,True,lowercased
6371,Com eles alio-me,com eles alio-me,Sesé nhẽ aîekotyá,True,lowercased
6372,"margem de rio, praia, ourela de mar ou rio","margem de rio, praia, ourela de mar ou rio",y-embe'yba,False,
6373,"Deixai, pois, estes meus discípulos irem com saúde","deixai, pois, estes meus discípulos irem com saúde",T'e'i nhẽ ã xe boîá o marane'yma rerasóbo rõ,True,lowercased
6374,Aguço-a,aguço-a,Asapûa'ok,True,lowercased
6375,Dizem que o homem fez assim antes,dizem que o homem fez assim antes,Emonã îé abá rekóû rãé,True,lowercased
6376,peneira rala,peneira rala,urupẽ-mokanga,False,
6377,"Embora eles tenham igrejas, a todos arruinei","embora eles tenham igrejas, a todos arruinei",I tupãok îepé aîmomoxy pabenhẽ,True,lowercased
6378,mulher bondosa e estéril,mulher bondosa e estéril,kunhã-marangatu-membyre'yma,False,
6379,Contando as maldades escondidas de alguém para quem não as conhece,contando as maldades escondidas de alguém para quem não as conhece,Abá angaîpá-nhemima i kuapare'yma supé mombegûabo,True,lowercased
6380,"Portanto, eu vim a ti","portanto, eu vim a ti","Emonãnamo, xe ruri ndébo",True,lowercased
6381,"Que a Maria alegremos, a lei do diabo repelindo","que a maria alegremos, a lei do diabo repelindo","Maria t'îambory, Anhanga rekó reîyîa",True,lowercased
6382,lavadeira ou lavador de roupas,lavadeira ou lavador de roupas,aopotukasara,False,
6383,palavras vãs,palavras vãs,nhe'ẽ-tenhẽa,False,
6384,Afasta-te! Vai-te daqui já!,afasta-te! vai-te daqui já!,Eîepe'a! Ekûá ké suí ra'a!,True,lowercased
6385,Creio que Deus perdoa às pessoas,creio que deus perdoa às pessoas,Arobîar moroupé Tupã nhyrõ,True,lowercased
6386,Por que não seriam muito fortes?,por que não seriam muito fortes?,Marãmo satãngatue'ymamo?,True,lowercased
6387,Eu tenho diarréia,eu tenho diarréia,Xe rebykasy,True,lowercased
6388,Não porque não queira,não porque não queira,N'i potare'ỹme ruã,True,lowercased
6389,fazendo estar bem minha alma!,fazendo estar bem minha alma!,xe 'anga moingó-katûabo!,False,
6390,Hei de ir cumprir essas palavras,hei de ir cumprir essas palavras,T'asó aîpó nhe'enga mopó,True,lowercased
6391,a mim (ou para mim),a mim,Ixé supé,True,parentheses_removed | trimmed
6392,"Eva, nossa mãe primeira, atraiu-se muito pelo belo fruto, de acordo com a palavra da serpente","eva, nossa mãe primeira, atraiu-se muito pelo belo fruto, de acordo com a palavra da serpente","Eva, îandé sy-ypy, onhemomotareté 'ybá-poranga resé, mboîa nhe'enga rupi",True,lowercased
6393,E também as esposas de seus filhos,e também as esposas de seus filhos,Ta'y-taty abé,True,lowercased
6394,Paga o objeto de seu furto,paga o objeto de seu furto,Oîmoepy o mondasagûera,True,lowercased
6395,Minhas palavras somente cumprirás,minhas palavras somente cumprirás,Xe nhe'enga nhõ ereîporaká,True,lowercased
6396,Prendi-os um ao lado do outro,prendi-os um ao lado do outro,O îoybyri aîmoín,True,lowercased
6397,Prendi-os uns ao lado dos outros,prendi-os uns ao lado dos outros,O îoyby-ybyri aîmoín,True,lowercased
6398,São muitas as grandes igaçabas,são muitas as grandes igaçabas,Setá nhẽ ygasabusu,True,lowercased
6399,Já saíste da grande escuridão,já saíste da grande escuridão,Eresem ymã putunusu suí,True,lowercased
6400,"a vida que não acabará (isto é, a vida eterna)",a vida que não acabará,tekobé opaba'erame'yma,True,parentheses_removed | trimmed
6401,Toma-nos a dianteira sempre o diabo,toma-nos a dianteira sempre o diabo,Îandé rokesỹ memẽ anhanga,True,lowercased
6402,Compadeceste-te de tua mãe e de teu pai?,compadeceste-te de tua mãe e de teu pai?,"Eresaûsubápe nde sy, nde ruba?",True,lowercased
6403,monte de terra,monte de terra,yby-atyra,False,
6404,"Eia, depressa desviando-me","eia, depressa desviando-me","Ne'ĩ, taûîé, xe reîyîa",True,lowercased
6405,"Eles, na verdade, em três pessoas se distinguem","eles, na verdade, em três pessoas se distinguem",A'e anhẽ mosapyr pessoaamo i îa'oki,True,lowercased
6406,Ameacei-o,ameacei-o,Aropu'am,True,lowercased
6407,Deste atenção a tua confissão?,deste atenção a tua confissão?,Ereîeapysaká-katupe nde nhemombe'urama resé?,True,lowercased
6408,Deixei esse cadáver seu,deixei esse cadáver seu,Aseîá kó se'õmbûera,True,lowercased
6409,os restos de nossos pecados,os restos de nossos pecados,asé angaîpaba rembyrûera,False,
6410,Que se acautelem futuramente os habitantes da terra para que não creiam nele,que se acautelem futuramente os habitantes da terra para que não creiam nele,T'onhemosako'i irã yby pora t'ogûerobîar umẽ,True,lowercased
6411,"O próprio Deus, com sua santidade, as almas e os corpos deles fez","o próprio deus, com sua santidade, as almas e os corpos deles fez","Tupã aé, o karaíba pupé, i 'anga seté monhangi",True,lowercased
6412,por causa de seu próprio pai,por causa de seu próprio pai,og uba resé,False,
6413,Com sua própria neta não pode ninguém casar-se,com sua própria neta não pode ninguém casar-se,O emiminõ resé nd'e'ikatuî abá omendá,True,lowercased
6414,"O cauim transbordante nas igaçabas, depois disso, os atrai","o cauim transbordante nas igaçabas, depois disso, os atrai","Ygasápe kaûĩ-tuîa, a'e ré, îamomotá",True,lowercased
6415,"marca de espada, sinal de ferimento com espada","marca de espada, sinal de ferimento com espada",itangapẽ-mbora,False,
6416,buraco do chão,buraco do chão,yby kûara,False,
6417,Tomo-o no meu ombro,tomo-o no meu ombro,Xe ati'yba ri aîar,True,lowercased
6418,"Ah, ai de mim, o fogo do diabo sofrerei para sempre!","ah, ai de mim, o fogo do diabo sofrerei para sempre!","Ixé tekatuete'ĩ ra'u, Anhanga ratá aîporará aûîeramanhẽne mã!",True,lowercased
6419,"Das cuias ficando a quebrar as pontas, afrontaste os homens","das cuias ficando a quebrar as pontas, afrontaste os homens","Kuîa nhẽ i tĩ-ngá-tĩ-ngábo, ereîanga'o abá",True,lowercased
6420,"Por isso mesmo os malditos se alegram por causa deles, fazendo disputa por eles","por isso mesmo os malditos se alegram por causa deles, fazendo disputa por eles","Nd'e'i te'e moxy sesé og orybamo, sesé oîomoaîuabo",True,lowercased
6421,Fi-lo emergir comigo,fi-lo emergir comigo,Arobur,True,lowercased
6422,"""Ele deve ter ido"", disse eu em suposição","""ele deve ter ido"", disse eu em suposição","""Osó ipó re'a"" a'é angá",True,lowercased
6423,"Eu sou um espião, um velho poltrão","eu sou um espião, um velho poltrão","Xe manhana, manembûera",True,lowercased
6424,Não serei pecador doravante,não serei pecador doravante,Na xe rekopoxyî xûé angiréne,True,lowercased
6425,Viemos muitos,viemos muitos,Oroîurusu,True,lowercased
6426,Vingo-me deles,vingo-me deles,Aîeepyk anhẽ sesé,True,lowercased
6427,espinhas do rosto,espinhas do rosto,Tobá kuruba,False,
6428,"Seu sangue era muito, oprimindo sua alma","seu sangue era muito, oprimindo sua alma","Sugûy turusu, i 'anga apypyka",True,lowercased
6429,"Como, então, futuramente, os homens dirão, invocando-o, ao circundarem-nos muitíssimos inimigos?","como, então, futuramente, os homens dirão, invocando-o, ao circundarem-nos muitíssimos inimigos?",Marã e'ipe irã abá a'ereme tobaîá-katupabẽ o amaneme sekyîabone?,True,lowercased
6430,"Espera! Que venha o maldito, primeiro","espera! que venha o maldito, primeiro","Enhambé! T'oú-te muru, ranhẽ",True,lowercased
6431,Eu tenho palavras desatinadas,eu tenho palavras desatinadas,Xe nhe'engetá,True,lowercased
6432,Mas livra-nos do mal!,mas livra-nos do mal!,Oré pysyrõ-te mba'eaíba suí,True,lowercased
6433,Dando para ele alguma semelhante a si,dando para ele alguma semelhante a si,I xupé o apixara amõ me'enga,True,lowercased
6434,Quem foi o que o entregou?,quem foi o que o entregou?,Abápe i me'engarama?,True,lowercased
6435,Começando-os logo,começando-os logo,Taûîé iîypyrunga,True,lowercased
6436,var de chapéu em forma de cogumelo,var de chapéu em forma de cogumelo,akangaoburupé,False,
6437,"Eu também os meus parentes trazendo, faço-os dançar comigo","eu também os meus parentes trazendo, faço-os dançar comigo",Xe abé xe anametá aroporaseî seru,True,lowercased
6438,Não é longe,não é longe,N'apûéî,True,lowercased
6439,"Portanto, prendo-te!","portanto, prendo-te!",Irõ oropokosub!,True,lowercased
6440,Está cheio teu ventre,está cheio teu ventre,I por nde rygé,True,lowercased
6441,Frustrei-me,frustrei-me,Xe rambûer,True,lowercased
6442,Hei de pescar para ti,hei de pescar para ti,T'oroporaká,True,lowercased
6443,Mandei um homem em busca de pindoba,mandei um homem em busca de pindoba,Aîopûaî amõ abá pindoba resé,True,lowercased
6444,Por isso mesmo eles não se deleitam com as boas coisas,por isso mesmo eles não se deleitam com as boas coisas,Nd'e'i te'e mba'e-katu resé oîekosube'yma,True,lowercased
6445,"Ataca-o, Sarauaia!","ataca-o, sarauaia!","Esepenhan, Saraûaî!",True,lowercased
6446,Nomes de quem são esses?,nomes de quem são esses?,Abá-abá rerape eboinga?,True,lowercased
6447,Aqui estou para levar seu ventre e também seus pulmões para minha sogra velha,aqui estou para levar seu ventre e também seus pulmões para minha sogra velha,Kó aîkó sygepûera t'arasó i nhy'ãbebuîa abé xe raîxó-gûaîbĩ supé,True,lowercased
6448,característica de homem mau,característica de homem mau,apŷabaíba rekoaba é,False,
6449,Confundindo esta aldeia,confundindo esta aldeia,Ikó taba apamonana,True,lowercased
6450,Que olhe para nós o neném compadecedor,que olhe para nós o neném compadecedor,T'oma'ẽ îandé resé pitangĩ-moraûsubara,True,lowercased
6451,Vai por aí,vai por aí,Ebokûé rupi ekûab,True,lowercased
6452,Seus matadores repartiram-nas uns com os outros,seus matadores repartiram-nas uns com os outros,I îukasarama oîmoîa'ok o îoupé,True,lowercased
6453,Vivendo como se estivessem unidos,vivendo como se estivessem unidos,T'oîese'ar-y berame'ĩ oîkóbo,True,lowercased
6454,Mas não tentam esses aprender sempre?,mas não tentam esses aprender sempre?,N'osa'angi-te-p'akó nhembo'e ko'arapukuî?,True,lowercased
6455,"Para onde meus amigos foram, sem mais?","para onde meus amigos foram, sem mais?",Marãngotype xe îekotyasaba sóû-'ĩ,True,lowercased
6456,Jazia ao lado de mim,jazia ao lado de mim,Xe ybyri tuî,True,lowercased
6457,A ti suspiramos,a ti suspiramos,Ndebe oronheangerur,True,lowercased
6458,Arranca a miséria de minha alma para que esteja firme em ti,arranca a miséria de minha alma para que esteja firme em ti,"Eporeaûsubok xe 'anga, t'i pyatã nde resé",True,lowercased
6459,Ai! Guarda-te de me queimar!,ai! guarda-te de me queimar!,Akaî! Teumẽ xe rapŷabo!,True,lowercased
6460,Assim deve ser,assim deve ser,Emonã ruãpe é,True,lowercased
6461,Ai! Queima-me Deus!,ai! queima-me deus!,Erĩ! Xe rapy Tupã!,True,lowercased
6462,Eu tenho terçol,eu tenho terçol,Xe ropepirekó,True,lowercased
6463,"Tu tiveste polução, tendo desejos sensuais?","tu tiveste polução, tendo desejos sensuais?",Erenhemoa'ypupukype nde poropotaramo?,True,lowercased
6464,Cortei a fila deles,cortei a fila deles,Asysy-mondok,True,lowercased
6465,refletindo sobre suas maldades,refletindo sobre suas maldades,onheangerekóbo o angaîpagûera resé,False,
6466,"Faz a cruz em nossa testa com ele (isto é, com óleo)",faz a cruz em nossa testa com ele,Asé sybasab i pupé,True,parentheses_removed | lowercased | trimmed
6467,Eu não sou constante,eu não sou constante,Na xe rekoposyî,True,lowercased
6468,Hei de dar ovas de peixe para ti,hei de dar ovas de peixe para ti,T'ame'ẽne pirá ruba endébo,True,lowercased
6469,Surpreendeu-te Deus a deleitar-te com nossas palavras,surpreendeu-te deus a deleitar-te com nossas palavras,Nde resapy'ari Tupã oré nhe'enga morypa,True,lowercased
6470,pau do casco (da canoa),pau do casco,apé-'yba,True,parentheses_removed | trimmed
6471,Dou laçadas nela,dou laçadas nela,Aîmokusambar,True,lowercased
6472,Em terra não os mandando transformar,em terra não os mandando transformar,Ybyramo i moingoukare'yma,True,lowercased
6473,Veio das alturas,veio das alturas,Ybaté suí oú,True,lowercased
6474,Antigamente pescava bem os peixes,antigamente pescava bem os peixes,"Akûeîme, rakó, pirá asekyî-marangatu",True,lowercased
6475,Ele tem o rosto muito alegre,ele tem o rosto muito alegre,Xe resãî - Eu estou alegre Sobá-esãîngatu,True,lowercased
6476,"Quando morre seu cônjuge verdadeiro, uma pessoa não pode casar-se com algum irmão ou irmã dele","quando morre seu cônjuge verdadeiro, uma pessoa não pode casar-se com algum irmão ou irmã dele","O me'engabeté re'õneme, abá nd'e'ikatuî omendá i asykûera amõ resé",True,lowercased
6477,remédio de nossos antigos desejos sensuais,remédio de nossos antigos desejos sensuais,moropotaragûera posanga,False,
6478,Sede valentes junto de vosso inimigo,sede valentes junto de vosso inimigo,Peîkoeté pe robaîara pé,True,lowercased
6479,"Que nada! Vou vencê-los, como sempre","que nada! vou vencê-los, como sempre",Erĩ! Aîmoaûîé îandune,True,lowercased
6480,Trouxeram pólvora em vão,trouxeram pólvora em vão,Mokaba ogûeru tenhẽ,True,lowercased
6481,"Aproximando-se da morte, suou bastante","aproximando-se da morte, suou bastante","Te'õ rerobyka, syaî-tekatu",True,lowercased
6482,"possivelmente, provavelmente","possivelmente, provavelmente",emonã ipó re'a,False,
6483,E porventura na hóstia está Jesus Cristo?,e porventura na hóstia está jesus cristo?,A'e serãne hóstia pupé Îesu Cristo rekóû?,True,lowercased
6484,Mas olha primeiro! Olha cá! (como que mostrando alguma coisa notável),mas olha primeiro! olha cá!,Ema'ẽ-te ranhẽ!,True,parentheses_removed | lowercased | trimmed
6485,meu parceiro,meu parceiro,xe rapixara,False,
6486,"Ide logo daqui, apartando-vos com vosso grande fedor!","ide logo daqui, apartando-vos com vosso grande fedor!","Pekûá, taûîé, ké suí, pe nemeté rerosyîa!",True,lowercased
6487,Já se juntaram a eles muitos moços bebedores de cauim,já se juntaram a eles muitos moços bebedores de cauim,Onheŷnhang umã sesé kunumĩetá kagûara,True,lowercased
6488,Somente com Ele os olhos dos homens se satisfazem no céu,somente com ele os olhos dos homens se satisfazem no céu,Sesé nhõ abá resá apysykamo ybakype,True,lowercased
6489,Mandei um homem ir em busca de palma,mandei um homem ir em busca de palma,Aîopûaî amõ abá pindoba resé,True,lowercased
6490,Esforça-te por causa de Deus,esforça-te por causa de deus,Enhemopyatã Tupã resé,True,lowercased
6491,Sou fujão (sou inclinado a fugir),sou fujão,Aîababixûer,True,parentheses_removed | lowercased | trimmed
6492,"Caem, às vezes, os frutos das suas árvores, sendo ainda flores","caem, às vezes, os frutos das suas árvores, sendo ainda flores",Okuî rakó amũme ybarambûera o 'yba suí ybotyramo oîkóbo bé,True,lowercased
6493,Para mãe de Deus é feita,para mãe de deus é feita,Tupã syrama ri i monhangymbyra,True,lowercased
6494,faca de taquara,faca de taquara,takûá-kysé,False,
6495,Para mãe de Deus é que é feita,para mãe de deus é que é feita,Tupã syrama ri i monhangymbyra,True,lowercased
6496,"Tua alma elimina a posse do céu com coisas fétidas e más, borrando-a por causa delas","tua alma elimina a posse do céu com coisas fétidas e más, borrando-a por causa delas","Nde 'anga ybaka rerekoarambûera mba'enẽ-memûã pupé oîmomemûã, sesé i monana",True,lowercased
6497,Eu sou Sauiaetá Famoso é meu nome,eu sou sauiaetá famoso é meu nome,Ixé Saûîaetá Serapûã xe renoĩndaba,True,lowercased
6498,lugar costumeiro de minha pescaria,lugar costumeiro de minha pescaria,xe pindaeîtykatyba,False,
6499,Tem tu compaixão de nós durante nossa vida,tem tu compaixão de nós durante nossa vida,Oré raûsubá îepé oré rekobé pukuî,True,lowercased
6500,Estava-me agradável meu jogo,estava-me agradável meu jogo,I porambyrambyk xe rekó ixébo - São-me agradáveis meus afazeres I porambyrambykĩ xe nhemosaraîa ixébo,True,lowercased
6501,Santa Maria está supondo a aproximação de seu parto,santa maria está supondo a aproximação de seu parto,Santa Maria o membyrá-kakara omo'ã-mo'ang,True,lowercased
6502,"Agiste como não devias, certamente","agiste como não devias, certamente",Marandé ipó ereîkó,True,lowercased
6503,furna em penedos ou rochas,furna em penedos ou rochas,itá-kûarusu,False,
6504,Pode a gente trocar seu próprio nome?,pode a gente trocar seu próprio nome?,E'ikatupe asé ogûera rekobîarõmo?,True,lowercased
6505,O que não quer ir para onde está o que ele detesta para não o ver,o que não quer ir para onde está o que ele detesta para não o ver,O emiamotare'yma rekoápe osó-potare'ymba'e sepîaka suí,True,lowercased
6506,entrando em tua casa,entrando em tua casa,nde rokype oîkébo,False,
6507,"Tornaste-te pajé, fazendo sucções?","tornaste-te pajé, fazendo sucções?",Erenhemopaîépe eposubana?,True,lowercased
6508,Eles bem sabem que não mudarão?,eles bem sabem que não mudarão?,Oîkuá-katupe i îekûaboke'ymagûama?,True,lowercased
6509,Moro com Pedro,moro com pedro,Kó taba pupé aîkó - Moro nesta aldeia Aîkó iké xe roka pupé - Moro aqui em minha casa Aîkó Pero irũnamo,True,lowercased
6510,Deveria mandá-lo,deveria mandá-lo,Aîmondó-monẽmo,True,lowercased
6511,Tu tiveste excitação com teu amante?,tu tiveste excitação com teu amante?,-Nde regûyrõpe nde agûasá resé?,True,lowercased
6512,Voltou a vir aonde tinha deixado seus discípulos?,voltou a vir aonde tinha deixado seus discípulos?,Oú-îebype erimba'e o boîá reîasagûerype?,True,lowercased
6513,Cheguei (por terra),cheguei,Agûasem,True,parentheses_removed | lowercased | trimmed
6514,passarinho,passarinho,gûyrá-mirĩ,False,
6515,Morrendo nós,morrendo nós,Oromanõmo,True,lowercased
6516,Embelezando-te totalmente,embelezando-te totalmente,Opabĩ nde momoranga,True,lowercased
6517,Urdiste mentiras contra alguém?,urdiste mentiras contra alguém?,Eresekyîpe îuraragûaîa abá supé?,True,lowercased
6518,Amando tua grande beleza,amando tua grande beleza,Nde porãngatu raûsupa,True,lowercased
6519,Desejando ardentemente ver tua face,desejando ardentemente ver tua face,Nde robá repîaka'upa,True,lowercased
6520,Tremeram após te matarem,tremeram após te matarem,Oryryî nde îuká ré,True,lowercased
6521,porca fêmea,porca fêmea,taîasu-kunhã,False,
6522,"Ah, que velhaco!","ah, que velhaco!",Angaîpaba maniîabo mã!,True,lowercased
6523,"o mais cedo possível, em um momento","o mais cedo possível, em um momento",korite'ĩ-aíb-eté,False,
6524,Enfeitei-me,enfeitei-me,Anhemongatyrõ,True,lowercased
6525,Querendo revirar minha casa,querendo revirar minha casa,Xe roka pobu-potá,True,lowercased
6526,Apodreci,apodreci,Atuîuk,True,lowercased
6527,Desembarcando seu senhor na própria cachoeira,desembarcando seu senhor na própria cachoeira,O îara opeá ytupe é,True,lowercased
6528,"Arrepender-nos-emos, de coração, dos maus procedimentos","arrepender-nos-emos, de coração, dos maus procedimentos",Îaîmoasy marãtekoagûera îandé py'a suíne,True,lowercased
6529,"São muito molestos, certamente, quando a lua está escura, os tropeços de nossa caminhada","são muito molestos, certamente, quando a lua está escura, os tropeços de nossa caminhada","Iîabaíb-eté nhẽ rakó îasy putuneme, asé atá mysakanga",True,lowercased
6530,Eu estou descoroçoado,eu estou descoroçoado,Xe akangûyr,True,lowercased
6531,Sempre atam as mãos dos diabos quando querem em vós suas presas,sempre atam as mãos dos diabos quando querem em vós suas presas,Memẽ anhanga popûari pe ri sembiá-potasápe,True,lowercased
6532,"Por sua vontade é que ele se entregou aos seus adversários, não resistindo?","por sua vontade é que ele se entregou aos seus adversários, não resistindo?",O emimotarybo épe erimba'e i nheme'engi og upîarama pé onherane'yma?,True,lowercased
6533,"Nessa igreja Maria cresceu e, após a maturidade dela, Deus entregou-a a São José","nessa igreja maria cresceu e, após a maturidade dela, deus entregou-a a são josé","Kó tupãoka pupé Maria kakuabi, i aûîé ré é Tupã i me'engi São José pé",True,lowercased
6534,"Vem, coisa fedorenta, coisa nojenta!","vem, coisa fedorenta, coisa nojenta!","Eîori, mba'enem, mba'e-poxy!",True,lowercased
6535,"antigamente, após a criação do mundo","antigamente, após a criação do mundo",raka'e 'ara nhemonhang'iré,False,
6536,"Ah, oxalá ele viesse!","ah, oxalá ele viesse!",Marãîasûaramo turi mã!,True,lowercased
6537,Fiz-lhe uma gaiola,fiz-lhe uma gaiola,Asuru-monhang,True,lowercased
6538,Por acaso ele teve seu intestino caído totalmente pelo lugar em que se rasgou sua cintura?,por acaso ele teve seu intestino caído totalmente pelo lugar em que se rasgou sua cintura?,Opakatu serã sygeapûá-kuîamo i ku'a sorokaba rupi?,True,lowercased
6539,Minha morte não há de ser ainda,minha morte não há de ser ainda,Nd'e'i ipó xe re'õnama ranhẽ re'a,True,lowercased
6540,Uma coisa amarga misturaram com vinagre,uma coisa amarga misturaram com vinagre,Mba'e-py'aûpîara kaûĩaîasy resé i monani,True,lowercased
6541,Amarrei-lhe as pernas,amarrei-lhe as pernas,Aîkupy-pûar,True,lowercased
6542,Eu estou rugoso,eu estou rugoso,Xe axixã,True,lowercased
6543,Penteio-me,penteio-me,Aîeabyky,True,lowercased
6544,baliza do caminho,baliza do caminho,pé kugûapaba,False,
6545,Ide depressa!,ide depressa!,Pekûá esapy'a!,True,lowercased
6546,Foram S Pedro e São João,foram s pedro e são joão,"Osó S Pedro, São João abé",True,lowercased
6547,Ficando a tomar poções para não se gerar uma criança,ficando a tomar poções para não se gerar uma criança,Pitanga nhemonhanga suí oîeposanõ-sanonga,True,lowercased
6548,"cabeleira, peruca","cabeleira, peruca",agûera,False,
6549,"Fizeste o pajé ser feiticeiro, acreditando nele?","fizeste o pajé ser feiticeiro, acreditando nele?","Ereîmoupixûarype paîé, serobîá?",True,lowercased
6550,Sua remissão foi minha determinação,sua remissão foi minha determinação,Sepyrama xe pûaîtaba,True,lowercased
6551,Faço-o muito apressadamente,faço-o muito apressadamente,Aîapó-anhẽ-anhẽ,True,lowercased
6552,"Sarauaia, vem para beber cauim","sarauaia, vem para beber cauim","Saraûaî, îori ekagûabo",True,lowercased
6553,Estou menstruada,estou menstruada,Aîkoaíb,True,lowercased
6554,o que toca a quando eu fui,o que toca a quando eu fui,xe soremendûara,False,
6555,Matamos,matamos,Îaîuká,True,lowercased
6556,"Quanto mais um caminhante por um caminho que não conhece se aflige, mais deseja logo ver o dia","quanto mais um caminhante por um caminho que não conhece se aflige, mais deseja logo ver o dia","Memeté rakó pé o eminguabe'yma rupi oguataba'e o angekotebẽnamo, korikorinhẽa'ub 'ara repîaki",True,lowercased
6557,É certo que foi?,é certo que foi?,Osó ruãpe é?,True,lowercased
6558,Cheguei (por mar),cheguei,Aîepotar,True,parentheses_removed | lowercased | trimmed
6559,Eu sou um homem vadio,eu sou um homem vadio,Abá-ekotenhẽ ixé,True,lowercased
6560,Para o alto do chamado Monte das Oliveiras levou sua mãe e seus discípulos,para o alto do chamado monte das oliveiras levou sua mãe e seus discípulos,Ybytyra Olivete seryba'e apyterybo o sy o boîá rerasóû,True,lowercased
6561,Honrar a Deus,honrar a deus,Tupã moabaeté,True,lowercased
6562,A morte estava dentro deles como sua pena,a morte estava dentro deles como sua pena,Sepyramo é anhẽ te'õ rekóû i pupé,True,lowercased
6563,Fartei-me de comê-lo,fartei-me de comê-lo,Aî'useîmogûab,True,lowercased
6564,Das cuias quebrando as pontas,das cuias quebrando as pontas,Kuîa nhẽ i tĩ-ngá-tĩ-ngábo,True,lowercased
6565,ir para a guerra,ir para a guerra,marãmonhangápe só,False,
6566,Eis que agora eu pereço,eis que agora eu pereço,Akanhem kó ixé re'a,True,lowercased
6567,"Aimbirê, levemos os malditos logo","aimbirê, levemos os malditos logo","Aîmbiré, îarasó muru taûîé",True,lowercased
6568,"Seu sangue era muito, escorrendo no chão","seu sangue era muito, escorrendo no chão",Sugûy turusu ybype osyryka,True,lowercased
6569,Lacei-o pelo pescoço,lacei-o pelo pescoço,Aîaîurar,True,lowercased
6570,"E ao partir muitas vezes o padre a hóstia em pedaços, em cada pedaço dela Nosso Senhor Jesus Cristo está?","e ao partir muitas vezes o padre a hóstia em pedaços, em cada pedaço dela nosso senhor jesus cristo está?",A'epe abaré hóstia pese'õ-etá-etáreme i pese'õmbûera îabi'õ Îandé Îara Îesu Cristo rekóû?,True,lowercased
6571,"Portanto, essa é a primeira finalidade de se aspergir a gente com água benta","portanto, essa é a primeira finalidade de se aspergir a gente com água benta",Irõ aîpó 'y-karaíba pupé asé îeepyîtabypy,True,lowercased
6572,"A noite em que estava ele como presa dos judeus, os cristãos não estavam felizes","a noite em que estava ele como presa dos judeus, os cristãos não estavam felizes","Putuna îudeus i pysykagûeramo sekóreme, cristãos rorybe'ymamo",True,lowercased
6573,Pôr o bispo em nossa testa o óleo sagrado,pôr o bispo em nossa testa o óleo sagrado,Asé sybápe abaregûasu nhandy-karaíba nonga,True,lowercased
6574,Todos os lugares preenche,todos os lugares preenche,Opakatu mamõ mopori,True,lowercased
6575,"Em que direção eram, pois, meus atos passados?","em que direção eram, pois, meus atos passados?",Marangoty-pakó xe rekopûera é?,True,lowercased
6576,As almas dos homens morrem ao transgredirem a palavra de Deus,as almas dos homens morrem ao transgredirem a palavra de deus,Abá 'anga re'õû nhẽ Tupana nhe'enga abŷápe,True,lowercased
6577,Deus-Pai,deus-pai,Tupã Tuba,True,lowercased
6578,"Embora me evoques os atos, daqueles arrependi-me, bem resgatando-os também","embora me evoques os atos, daqueles arrependi-me, bem resgatando-os também","Xe rekoekyî îepé, a'epûera aîmoasy, i mboepykatûabo bé",True,lowercased
6579,Como disse a seu pai antes de morrer?,como disse a seu pai antes de morrer?,Marã e'ipe og uba supé o îekyî'îanondé?,True,lowercased
6580,Como teus filhos estando nós,como teus filhos estando nós,Nde membyramo orokupa,True,lowercased
6581,"São muito molestos, certamente, os tropeços de nossa caminhada, o fatigar-se","são muito molestos, certamente, os tropeços de nossa caminhada, o fatigar-se","Iî abaibeté nhẽ rakó asé atá mysakanga, asé mopytubara",True,lowercased
6582,"Assim que pôs sua alma em seu corpo, Deus a preservou","assim que pôs sua alma em seu corpo, deus a preservou","I 'anga seté pupé i mondepa bé, Tupã i pe'aû",True,lowercased
6583,É enjoativa minha comida,é enjoativa minha comida,I ting xe remi'u,True,lowercased
6584,o cauim que é preparado para meu recebimento,o cauim que é preparado para meu recebimento,kaûĩ xe renotara,False,
6585,Ficaram todos gritando por causa disso,ficaram todos gritando por causa disso,Oposẽ-posẽ pabenhẽ sesé,True,lowercased
6586,Que deteste muito o diabo,que deteste muito o diabo,T'aroŷrõngatu anhanga,True,lowercased
6587,os que põem armadilhas bem nos caminhos das fontes,os que põem armadilhas bem nos caminhos das fontes,nhãîmbiara pupé-katu oîekotyrungyba'e,False,
6588,Que farão no céu?,que farão no céu?,Marãpe sekóû ybakypene?,True,lowercased
6589,cabeceiras de rio,cabeceiras de rio,y-apyra,False,
6590,"De fato, quiseste matar mesmo o bondoso São Lourenço","de fato, quiseste matar mesmo o bondoso são lourenço","Supi é, ereîuká-potar é São Lourenço-angaturama",True,lowercased
6591,O oposto da avareza é a liberalidade,o oposto da avareza é a liberalidade,Tekate'yma robaîara tekate'yme'yma,True,lowercased
6592,Apartá-lo-íamos dele precisamente depois disso?,apartá-lo-íamos dele precisamente depois disso?,Îaîpe'a nhẽmope i xuí a'e roîré katu?,True,lowercased
6593,Deus fez vir um anjo no sonho de São José para o avisar,deus fez vir um anjo no sonho de são josé para o avisar,Tupã karaibebé mbouri São José mosaûsuba pupé i momorandupa,True,lowercased
6594,"Afastou-se daqueles seus três discípulos, então?","afastou-se daqueles seus três discípulos, então?",Oîeîyîpe a'e o boîá mosapyr suí a'ereme?,True,lowercased
6595,"Como um cão, atacou-me","como um cão, atacou-me",Îagûara rame'ĩ xe repenhani,True,lowercased
6596,corpo morto de peixe,corpo morto de peixe,pirá re'õmbûera,False,
6597,Eu estou com a base com firmeza,eu estou com a base com firmeza,Xe ypy ten,True,lowercased
6598,"Tocaste nas tuas pudendas, abrindo-lhes a pele?","tocaste nas tuas pudendas, abrindo-lhes a pele?",Erepokokype nde rapopé resé i pipekábo?,True,lowercased
6599,Dizem que fui?,dizem que fui?,Asó serãne ra'e?,True,lowercased
6600,Com meu cônjuge verdadeiro somente hei de ter relações sexuais,com meu cônjuge verdadeiro somente hei de ter relações sexuais,Xe mendasabeté resé nhõ t'aîkóne,True,lowercased
6601,poeira da terra,poeira da terra,yby tubyra,False,
6602,Então foi?,então foi?,Osó-tepe ra'e é?,True,lowercased
6603,"armadilha de ratos, ratoeira","armadilha de ratos, ratoeira",gûabiru rupîara,False,
6604,Toquei-o,toquei-o,Anhatõî,True,lowercased
6605,Guardei todos os jejuns,guardei todos os jejuns,Aîá pá îekuakuba,True,lowercased
6606,"É muito feliz, certamente, o homem, após alcançar alguma verdade","é muito feliz, certamente, o homem, após alcançar alguma verdade",Sorybeté rakó abá mba'eeté amõ resé o îekosub'iré,True,lowercased
6607,coleira de ferro para prender pessoas,coleira de ferro para prender pessoas,itá-îurutá,False,
6608,Eu tenho palavras ásperas,eu tenho palavras ásperas,Xe nhe'engasy,True,lowercased
6609,O que tem jeito para ele sou eu,o que tem jeito para ele sou eu,Iî arõana ixé,True,lowercased
6610,Os maus padecem açoites,os maus padecem açoites,Angaîpaba oîporará îonupã,True,lowercased
6611,"Que se frustre esse meu futuro sofrimento, que eu o faça passar","que se frustre esse meu futuro sofrimento, que eu o faça passar","T'i rambûer iã xe remimborarama, t'amongûabyne",True,lowercased
6612,Deveria eu por bem ensiná-lo,deveria eu por bem ensiná-lo,Aîmbo'e be'ĩmo mã,True,lowercased
6613,a segunda vez dele,a segunda vez dele,i mokõîa,False,
6614,o limiar da porta,o limiar da porta,okena robapy,False,
6615,"No caso de morrer algum, o que fica não pode casar-se com algum irmão ou irmã de seu cônjuge falecido","no caso de morrer algum, o que fica não pode casar-se com algum irmão ou irmã de seu cônjuge falecido","Amõ re'õneme, opytaba'e nd'e'ikatuî omendá o mendasabambyra asykûera amõ resé",True,lowercased
6616,"Arrependeu-se, depois disso, de ter comido aquele fruto?","arrependeu-se, depois disso, de ter comido aquele fruto?",Oîmoasype a'e riré a'e 'ybá 'uagûera?,True,lowercased
6617,"Que disse Deus, vendo seu frouxo pudor?","que disse deus, vendo seu frouxo pudor?",Marã e'ipe Tupã i tĩîeraba repîaka?,True,lowercased
6618,Enfileirei-o,enfileirei-o,Asysyrung,True,lowercased
6619,Para outra coisa que não o pássaro a flecha foi,para outra coisa que não o pássaro a flecha foi,Gûyrá taté u'uba sóû,True,lowercased
6620,Leva-o completamente,leva-o completamente,Ererasó nhetekatunhẽpeũî,True,lowercased
6621,isso mesmo,isso mesmo,ebokûeîba'e a'e,False,
6622,Eu sou melhor que tu,eu sou melhor que tu,Xe katu-eté nde suí,True,lowercased
6623,"Ave Maria, a que está cheia de graça","ave maria, a que está cheia de graça","Ave Maria, graça resé tynysemba'e",True,lowercased
6624,Vou mesmo castigar-te,vou mesmo castigar-te,A'e tenhẽ nde nupãmone,True,lowercased
6625,"Aqueles serão os futuros habitantes do fundo do nosso fogo, os que serão queimados","aqueles serão os futuros habitantes do fundo do nosso fogo, os que serão queimados","Aîpó îandé ratá gûyra porama, sapypyrama",True,lowercased
6626,Do céu vieste,do céu vieste,Ybaka suí ereîur,True,lowercased
6627,Viram seus discípulos a vinda dele?,viram seus discípulos a vinda dele?,Osepîakype i boîá tura?,True,lowercased
6628,"lugar em que dormem os japuguaçus, também antigo nome da Ilha de Santana, da cota leste do Brasil","lugar em que dormem os japuguaçus, também antigo nome da ilha de santana, da cota leste do brasil",îapugûasu-kesaba,True,lowercased
6629,Eram muitos mesmo todos os que diziam isso,eram muitos mesmo todos os que diziam isso,Setá tenhẽ erimba'e opab aîpó 'îarûera,True,lowercased
6630,Fiz fogo,fiz fogo,Aîatapy,True,lowercased
6631,"Eia, amai a Jesus, a verdade!","eia, amai a jesus, a verdade!","Îesu, mba'eeté, pe'ĩ, pesaûsu!",True,lowercased
6632,Veio de novo ao lugar em que estavam deitados seus discípulos?,veio de novo ao lugar em que estavam deitados seus discípulos?,Our benhẽpe o boîá rupápe?,True,lowercased
6633,"São muito molestos, certamente, os tropeços de nossa caminhada","são muito molestos, certamente, os tropeços de nossa caminhada",Iîabaíbeté nhẽ rakó asé atá mysakanga,True,lowercased
6634,"Forçaste alguma mulher, sendo tu ladino com ela?","forçaste alguma mulher, sendo tu ladino com ela?","Ereîukaípe kunhã amõ, sesé nde ara'apy'iramo?",True,lowercased
6635,Afasta o diabo deste dia em diante,afasta o diabo deste dia em diante,Eîpe'a Îurupari kó 'ara suí,True,lowercased
6636,Esbofeteei suas nádegas,esbofeteei suas nádegas,Sebira aîpetek,True,lowercased
6637,Afasta-te!,afasta-te!,Eîepe'a!,True,lowercased
6638,Fiei o algodão,fiei o algodão,Aamyniîu-poban,True,lowercased
6639,Eu sou muito barulhento,eu sou muito barulhento,Xe pugûasu,True,lowercased
6640,"Eu, tão somente","eu, tão somente",Ixé anhotenhẽ,True,lowercased
6641,Toma mais outro,toma mais outro,Eîar-y bé amõ,True,lowercased
6642,Eu sou garrido,eu sou garrido,Xe araakasyk,True,lowercased
6643,Vou-me esconder!,vou-me esconder!,Asópe ûinhemima ká!,True,lowercased
6644,"Eis aí teu filho, ó mulher!","eis aí teu filho, ó mulher!","Ebokûé nde membyra, kunhã gûé!",True,lowercased
6645,Mudo-me,mudo-me,Asem,True,lowercased
6646,Caprichei nele,caprichei nele,Aîmomatueté,True,lowercased
6647,"Ficaste impotente diante de tua esposa, detestando-a?","ficaste impotente diante de tua esposa, detestando-a?","Erenhemote'õ'ape nde remirekó supé, i amotare'yma nhẽ?",True,lowercased
6648,"Estou atrás dele (isto é, no seu encalço)",estou atrás dele,Sakypûeri aîkó,True,parentheses_removed | lowercased | trimmed
6649,"É no final da missa que entras sempre, manifestamente consciente?","é no final da missa que entras sempre, manifestamente consciente?","Missa mondykápe épe ereîké îepi, nde îesûere'yîpe",True,lowercased
6650,a palavra de Deus,a palavra de deus,Tupana nhe'enga,True,lowercased
6651,"Na verdade, ver-me-eis futuramente estar sentado ao lado direito de Deus-Pai","na verdade, ver-me-eis futuramente estar sentado ao lado direito de deus-pai",Anheté pesepîak irã Tupã Tuba 'ekatuaba koty xe gûapyka xe renane,True,lowercased
6652,A canoa já está pronta,a canoa já está pronta,I aûîé umûã ygara,True,lowercased
6653,"Ah, eu estou muito quente aqui!","ah, eu estou muito quente aqui!",Xe rakubeté kó mã!,True,lowercased
6654,Passou a aflição,passou a aflição,I pûer tekoaíba,True,lowercased
6655,Põe a espada na bainha dela,põe a espada na bainha dela,Eîmondeb itangapema surupe,True,lowercased
6656,Fiz-lhe cócegas,fiz-lhe cócegas,Aîpokirik,True,lowercased
6657,meu escravo,meu escravo,xe remiaûsuba,False,
6658,"Se me mandasse, iria","se me mandasse, iria","Xe mondórememo, asómo",True,lowercased
6659,"Contaste a maledicência de alguém, sendo mexeriqueiro?","contaste a maledicência de alguém, sendo mexeriqueiro?",Ereîmombe'upe abá marã'eagûera nde mba'epûeramo?,True,lowercased
6660,Eu estou com a boca entreaberta,eu estou com a boca entreaberta,Xe îuru-bok,True,lowercased
6661,"Muito a propósito comportei-me como filho de Deus, fazendo-me batizar","muito a propósito comportei-me como filho de deus, fazendo-me batizar","A'eboé Tupã ra'yramo anhemoingó re'a, gûinhemoîasukuká",True,lowercased
6662,"A dança é que é boa, enfeitar-se, pintar-se de preto","a dança é que é boa, enfeitar-se, pintar-se de preto","Moraseîa é i katu, îegûaka, îemoúna",True,lowercased
6663,"Semelhantemente a isso fizeram com seus pés, pregando-os também com cravos?","semelhantemente a isso fizeram com seus pés, pregando-os também com cravos?",A'e rame'ĩpe ybŷá i py rerekóû itapygûá pupé i moîáno?,True,lowercased
6664,Aliaste-te com tua comborça?,aliaste-te com tua comborça?,Ereîekotyápe nde nhemõîa resé?,True,lowercased
6665,"Vem, nomeia os que tu derrotas por aí","vem, nomeia os que tu derrotas por aí","Îori, esenõî angá kûeîbo nde remimoaûîé",True,lowercased
6666,São muito molestos os tropeços de nossa caminhada,são muito molestos os tropeços de nossa caminhada,Iî abaíbeté asé atá mysakanga,True,lowercased
6667,Obra-prima sou eu,obra-prima sou eu,Ixé-tene îaeté,True,lowercased
6668,O próprio Deus distinguiu o padre como seu substituto,o próprio deus distinguiu o padre como seu substituto,Tupã é abaré oîmoîa'ok gûekobîaramo,True,lowercased
6669,Sob a areia branca,sob a areia branca,Ybyku'i-tinga gûyri,True,lowercased
6670,"Mulher bondosa, uma virgem","mulher bondosa, uma virgem",Kunhã-angaturama ababykagûere'yma,True,lowercased
6671,A cada dez dar um como quinhão de Deus,a cada dez dar um como quinhão de deus,Opá kó mbó îabi'õ moîepé me'enga Tupã potabamo,True,lowercased
6672,Não se afligem os outros?,não se afligem os outros?,N'oîkotebẽî amõba'e,True,lowercased
6673,Fiz enfiada de peixes,fiz enfiada de peixes,Aîmoapytam pirá,True,lowercased
6674,"O homem que tenta, sem êxito, ter relações sexuais com uma mulher, não pode casar","o homem que tenta, sem êxito, ter relações sexuais com uma mulher, não pode casar",Apŷaba kunhã resé o ekó osa'angîepéba'e nd'e'ikatuî omendá,True,lowercased
6675,"Sê tu guardião de mim, sob tuas mãos colocando-me","sê tu guardião de mim, sob tuas mãos colocando-me","Nde morerekoar xe ri, nde pó gûyrype xe nonga",True,lowercased
6676,homem membrudo,homem membrudo,abá-tubixaba,False,
6677,"Hei de ir para o rio dos paratis, ao bando dos tupiniquins","hei de ir para o rio dos paratis, ao bando dos tupiniquins","T'asóne parati'ype, tupinakyîa re'yîpe",True,lowercased
6678,Ficando a chacotear as pessoas,ficando a chacotear as pessoas,oporokurá-kurapa,True,lowercased
6679,"Coloquei uma ponte, fiz uma ponte","coloquei uma ponte, fiz uma ponte",Anharybobõ-rung,True,lowercased
6680,Finalmente ele a levou,finalmente ele a levou,Té ahẽ serasóbo ko'yté,True,lowercased
6681,"Curou-o, somente tocando sua orelha, imediatamente fazendo-a sarar, colando-a","curou-o, somente tocando sua orelha, imediatamente fazendo-a sarar, colando-a","Oîposanong i nambi atõîa nhote, aûnhenhẽ i monga'ẽmo, i moîepotá",True,lowercased
6682,"O cauim está pela metade da vasilha, somente","o cauim está pela metade da vasilha, somente",Kamusi ku'a rupi nhote kaûĩ reni,True,lowercased
6683,"Na missa toma o pão em suas mãos, benzendo-o, sobre ele pronunciando as palavras de Nosso Senhor Jesus Cristo","na missa toma o pão em suas mãos, benzendo-o, sobre ele pronunciando as palavras de nosso senhor jesus cristo","Missa pupé miapé rari o pópe, sobasapa, i 'arybo Îandé Îara Îesu Cristo nhe'engûera ra'anga",True,lowercased
6684,Para a coutada do rei ele foi para cortar madeira,para a coutada do rei ele foi para cortar madeira,Morubixaba ybyragûype ahẽ sóû ybyrá-'apa,True,lowercased
6685,raramente,raramente,amõneme nhõ,False,
6686,muitas coisas miúdas,muitas coisas miúdas,ta'yrĩ-rĩ,False,
6687,"Assassinaste gente após acabar a guerra, matando prisioneiros?","assassinaste gente após acabar a guerra, matando prisioneiros?","Ereporapitipe marana pab'iré, mbiarûera nhẽ îukábo?",True,lowercased
6688,"Muito bem, então! Que venha","muito bem, então! que venha","Aûîebeté, rõ! T'oú",True,lowercased
6689,Deixo-o levar,deixo-o levar,Arasó-ukar,True,lowercased
6690,"Ergueu-se com as feridas de suas mãos, de seus pés e de seu flanco?","ergueu-se com as feridas de suas mãos, de seus pés e de seu flanco?","O pó, o py, o yké kutukagûera bépe erimba'e ogûeropu'am?",True,lowercased
6691,Untei as penas de pássaro (para me emplumar com elas),untei as penas de pássaro,Aîmongy gûyrá-aba,True,parentheses_removed | lowercased | trimmed
6692,Igualmente fazem o mal,igualmente fazem o mal,Oîoîá marã sekóû,True,lowercased
6693,"Eia, que eu vá!","eia, que eu vá!",Ene'ĩ t'asóne!,True,lowercased
6694,Faço trejeitos com a boca,faço trejeitos com a boca,Xe îuru-memûã,True,lowercased
6695,"Eis que sobre o capim ele está deitado, no lugar de comer da vaca","eis que sobre o capim ele está deitado, no lugar de comer da vaca","Kapi'ĩ sosé kó tuî, tapi'irusu karuápe",True,lowercased
6696,medroso,medroso,sykyîebora,False,
6697,Que deteste a vida má,que deteste a vida má,T'aroŷrõ tekomemûã,True,lowercased
6698,Escondendo ser sua parente verdadeira a que ele perverteu,escondendo ser sua parente verdadeira a que ele perverteu,O emimomoxypûera o mũetéramo sekó kuakupa,True,lowercased
6699,o patrimônio dado a mim por meu pai,o patrimônio dado a mim por meu pai,xe ruba xe mba'eme'engaba,False,
6700,lua minguante,lua minguante,îasy-angaîbara,False,
6701,Tendo saudades de tua face,tendo saudades de tua face,Nde robá repîaka'upa,True,lowercased
6702,Reconciliei-os um com o outro,reconciliei-os um com o outro,Anhonongatu o îoupé,True,lowercased
6703,Desvirginaste alguma menina?,desvirginaste alguma menina?,Eresugûykápe kunhataĩ amõ?,True,lowercased
6704,Eu sou exaltado,eu sou exaltado,Xe kagûaíb,True,lowercased
6705,Gastei-o totalmente,gastei-o totalmente,Aîmongûy-pab,True,lowercased
6706,Os que confessou com os que escondeu voltará a confessar,os que confessou com os que escondeu voltará a confessar,O emimombe'upûera o emikuakugûera irũmo bé i mombe'uîebyrine,True,lowercased
6707,Lado a lado seus cadáveres ao longo do mar estavam,lado a lado seus cadáveres ao longo do mar estavam,Oîoybyri se'õmbûera paranã ybyri i kûáî,True,lowercased
6708,Eis que vou,eis que vou,Asó ikó,True,lowercased
6709,Defeco,defeco,Apoti,True,lowercased
6710,Vim para informar-te sobre minhas chacinas,vim para informar-te sobre minhas chacinas,Aîu nde momorandupa xe porapiti resé,True,lowercased
6711,Veio também sua panela para que os cozinhe adiante de mim,veio também sua panela para que os cozinhe adiante de mim,"Oú bé senha'ẽpepó, t'omoîy xe renondé",True,lowercased
6712,"Vai, por acaso?","vai, por acaso?",Osó nipó?,True,lowercased
6713,Farei todos pecarem de novo,farei todos pecarem de novo,Aîmoangaîpá pá benhẽne,True,lowercased
6714,"E pois, como há de ser?","e pois, como há de ser?",marã-tepene?,True,lowercased
6715,Bem nesse momento perdoou a Pilatos,bem nesse momento perdoou a pilatos,A'eîbé Pilatos supé oîerekûabamo,True,lowercased
6716,"Hoje, assim, nossa estada de modo nenhum nos impedem","hoje, assim, nossa estada de modo nenhum nos impedem","Kori, nã, îandé rekó îandé moarûapa angá",True,lowercased
6717,Manda pregá-lo na cruz,manda pregá-lo na cruz,Eîmoîar-ukar ybyraîoasaba resé,True,lowercased
6718,Estou bem (deitado) Aûîé aîkó - Estou bem,estou bem aûîé aîkó - estou bem,Aûîé aîub,True,parentheses_removed | lowercased | whitespace_collapsed
6719,"Eu estou no cio, eu estou saída","eu estou no cio, eu estou saída",Xe kûaruru,True,lowercased
6720,"Eia, advogada nossa!","eia, advogada nossa!","Ene'ĩ, oré îeruresar!",True,lowercased
6721,"Para onde Pilatos retirou-o, então?","para onde pilatos retirou-o, então?",Mamõpe Pilatos senosemi a'ereme?,True,lowercased
6722,A mirra de polpa era o anúncio de sua futura morte pela gente,a mirra de polpa era o anúncio de sua futura morte pela gente,To'o suí mirra moroesé se'õagûama mombegûaba,True,lowercased
6723,Abrimos caminho,abrimos caminho,Oroîepeká,True,lowercased
6724,A Santa Maria o pecado não chegou,a santa maria o pecado não chegou,Santa Maria resé tekopoxy nd'obasemi,True,lowercased
6725,Queimar-vos-ão as chamas!,queimar-vos-ão as chamas!,Pe rapy tatá-endyne!,True,lowercased
6726,Eis que o tempo está para chuva,eis que o tempo está para chuva,Amãpytuna ã,True,lowercased
6727,"Estão queimando, conservando suas vidas","estão queimando, conservando suas vidas",Okaî oúpa o ekobé rerekóbo,True,lowercased
6728,Tinjo-o com jenipapo,tinjo-o com jenipapo,Aîmongy îanypaba resé,True,lowercased
6729,Induziste alguém a coisas más em seus futuros atos?,induziste alguém a coisas más em seus futuros atos?,Ereîmoîesuerype abá mba'eaíba ri sekorama resé?,True,lowercased
6730,"Ontem, aos brancos deram combate","ontem, aos brancos deram combate","Kûesé, karaíba ri i pokoki",True,lowercased
6731,Esfreguei a pele dele,esfreguei a pele dele,Aîpi-momemûã,True,lowercased
6732,"Com ele, hoje, vamos atacar os temiminós, cercando imediatamente sua terra","com ele, hoje, vamos atacar os temiminós, cercando imediatamente sua terra","I ndi, kori, t'îasó temiminõ repenhana, aûnhenhẽ setama amana",True,lowercased
6733,"Dizendo algo, digo asneiras","dizendo algo, digo asneiras",A'é tenhẽ marã gûi'îabo,True,lowercased
6734,"Serão bons, doravante","serão bons, doravante","I angaturam, ko'yré",True,lowercased
6735,Eu sou muito gordo,eu sou muito gordo,Xe kyragûasu,True,lowercased
6736,Já ia,já ia,Osó ymûã,True,lowercased
6737,Vendi coisas,vendi coisas,Amba'e-ma'e'ĩ,True,lowercased
6738,"Somente estas, na verdade, retirei dos malditos","somente estas, na verdade, retirei dos malditos","Kó nhõ anosẽ, îepé, moxy suí",True,lowercased
6739,o que foi encarcerado na prisão,o que foi encarcerado na prisão,mundeokype i mondebypyrûera,False,
6740,Pu-los em enfiada,pu-los em enfiada,Asysybõ,True,lowercased
6741,Tragamo-lo!,tragamo-lo!,Îaru!,True,lowercased
6742,"Alegrai-vos, meus filhos, por minha causa","alegrai-vos, meus filhos, por minha causa","Pe rory, xe ra'yretá, xe ri",True,lowercased
6743,Santa Maria está pensando na aproximação de seu parto,santa maria está pensando na aproximação de seu parto,Santa Maria o membyrá-kakara omo'ã-mo'ang,True,lowercased
6744,Eis que eu faço as pessoas estarem sempre na bebedeira,eis que eu faço as pessoas estarem sempre na bebedeira,Ixé kó ka'u resé aporomoingó îepi,True,lowercased
6745,este outro (e não ele),este outro,koba'e-te,True,parentheses_removed | trimmed
6746,"Ah! Na verdade hei de me enfeitar, pintando-me de preto","ah! na verdade hei de me enfeitar, pintando-me de preto",Erĩ! Aûîeté-pakó aîegûak ûinhemoúna,True,lowercased
6747,Estes habitantes da aldeia sob minhas mãos estavam,estes habitantes da aldeia sob minhas mãos estavam,Kó tabygûara xe pó gûyrybo sekóû,True,lowercased
6748,o desejo sensual que ele não torna costumeiro,o desejo sensual que ele não torna costumeiro,moropotara semipokuabe'yma,False,
6749,Amando muito sua santificação,amando muito sua santificação,O karaibagûama raûsukatûabo,True,lowercased
6750,Como a gente procede para o cumprimento da vontade de Deus?,como a gente procede para o cumprimento da vontade de deus?,Marãpe asé rekóû Tupã remimotara moporagûama resé,True,lowercased
6751,"Sendo ignorantes, sem mais, assim me tratam","sendo ignorantes, sem mais, assim me tratam",O tekokuabe'ymamo nhẽ emonã xe rerekóû,True,lowercased
6752,"do lado da superfície de, do lado de fora de (pex, de um vaso, de algo que tenha lado interior e exterior)","do lado da superfície de, do lado de fora de",i apé koty,True,parentheses_removed | trimmed
6753,"Vivo na mancebia, vivo amancebado","vivo na mancebia, vivo amancebado",Agûasá pupé aîkó,True,lowercased
6754,Que não te moleste o diabo,que não te moleste o diabo,Ta nde moangekoaíb umẽ Anhanga,True,lowercased
6755,Eu tenho a carne palpitante,eu tenho a carne palpitante,Xe ro'o-tytyk,True,lowercased
6756,O que se preocupa com Deus,o que se preocupa com deus,Tupã resé o nheangerekosara,True,lowercased
6757,"Após nossa perdição, Deus fez uma mulher bondosa","após nossa perdição, deus fez uma mulher bondosa","Îandé kanhem'iré, Tupã amõ kunhãngatu monhangi",True,lowercased
6758,"O ouro era o meio de anunciar que ele era um príncipe, um rei","o ouro era o meio de anunciar que ele era um príncipe, um rei","Itaîuba morubixaba, Reiamo sekó mombegûaba",True,lowercased
6759,"Que sejamos corajosos, sim","que sejamos corajosos, sim","T'oré pyatã, angá",True,lowercased
6760,Não! Estou bêbado,não! estou bêbado,Aanumẽne! Asabeypó,True,lowercased
6761,Trata-la-á como uma escrava?,trata-la-á como uma escrava?,Miaûsuba îabépe serekóûne?,True,lowercased
6762,Eis que vou (não se podendo traduzir por eis que fui),eis que vou,Asó iã,True,parentheses_removed | lowercased | trimmed
6763,Eu arquejo,eu arquejo,Xe ukûakûar,True,lowercased
6764,Parece flutuar,parece flutuar,Obebuî-berame'ĩ,True,lowercased
6765,Para que Deus criou a esposa dele? -Para sua futura ajudante,para que deus criou a esposa dele? -para sua futura ajudante,-Mba'erama resépe Tupã semirekorama monhangi? -I pytybõsarama resé,True,lowercased
6766,marca antiga de facada,marca antiga de facada,itá-kysé-porûera,False,
6767,"Esse santo, pela primeira vez, fez verter seu sangue","esse santo, pela primeira vez, fez verter seu sangue",Kó santo ranhẽ ypy og ugûy mo'ẽ-ukar,True,lowercased
6768,Eis que são vistos os cadáveres daqueles manterem sua incorruptibilidade,eis que são vistos os cadáveres daqueles manterem sua incorruptibilidade,Sepîakypyra niã aîpoba'e re'õmbûera o marane'yma rerekó,True,lowercased
6769,"Expulsou-o do Paraíso Terreal, sua morada","expulsou-o do paraíso terreal, sua morada",Oîmosem Paraíso Terreal sekoaba suí,True,lowercased
6770,"Porventura é terra, na verdade, a nossa carne?","porventura é terra, na verdade, a nossa carne?",Yby anhẽ nipó asé ro'o?,True,lowercased
6771,"Meu anzol muito ditoso há de pescar para ti, puxando bem os canapus e as arabaianas verdadeiras","meu anzol muito ditoso há de pescar para ti, puxando bem os canapus e as arabaianas verdadeiras","Xe pindá-porangeté t'opindaîtykyne endébo, kunapu rekyîetébo, gûaraobanhaneté",True,lowercased
6772,como retribuição por seu procedimento,como retribuição por seu procedimento,sekoagûera repyramo,False,
6773,Com pranto estai como modo de louvar o que entra junto a vós,com pranto estai como modo de louvar o que entra junto a vós,Îase'o rakó perekó peẽmo teîkeara moetesabamo,True,lowercased
6774,Qual outro é guerreiro senão ele?,qual outro é guerreiro senão ele?,Maratekoara aé-amẽ ahẽ?,True,lowercased
6775,A gente se inclina para os santos que estão no céu também?,a gente se inclina para os santos que estão no céu também?,Oîerokype asé santos ybakypendûara supé bé?,True,lowercased
6776,Ide pelas aldeias,ide pelas aldeias,Pekûá taba rupi,True,lowercased
6777,"Tua casa santa edificamos, amando-te, tua imagem fazendo estar conosco","tua casa santa edificamos, amando-te, tua imagem fazendo estar conosco","Nde rokangaturamûama oroîmoĩ, nde raûsupa, nde ra'angaba rerokupa",True,lowercased
6778,"Sendo isso assim como é, vós também não reconheceis que vos enterrarão?","sendo isso assim como é, vós também não reconheceis que vos enterrarão?",Aîpó e'ymetépe peẽ bé ybŷa pe tymagûama na peîkuabi?,True,lowercased
6779,Quem cumpre aquele (mandamento)?,quem cumpre aquele ?,Abápe aîpoba'e oîmopor?,True,parentheses_removed | lowercased
6780,Que vá (com ênfase),que vá,T'e'i osóbo,True,parentheses_removed | lowercased | trimmed
6781,ainda agorinha,ainda agorinha,ramo'ĩ,False,
6782,Levei todos,levei todos,Opab arasó,True,lowercased
6783,linha de pescar delgada,linha de pescar delgada,pindasã-po'i,False,
6784,"Sua mãe, cobrindo-o bem, defende-o do frio","sua mãe, cobrindo-o bem, defende-o do frio","I xy i aso'ikatûabo, oîopîá ro'y suí",True,lowercased
6785,"Eu não queria vir, irando os homens brancos","eu não queria vir, irando os homens brancos","Xe n'aîu-potari biã, karaíba moabaîtébo",True,lowercased
6786,Eu tenho a mão parcialmente descoberta,eu tenho a mão parcialmente descoberta,Xe robá-seb - Eu tenho o rosto parcialmente descoberto Xe pó-seb,True,lowercased
6787,Nomeia tudo,nomeia tudo,Esenõî mbá,True,lowercased
6788,"Não tendes ouvidos, como de costume","não tendes ouvidos, como de costume","Na pe apysáî, îandu",True,lowercased
6789,Os que têm a beatitude são os que apaziguam as pessoas,os que têm a beatitude são os que apaziguam as pessoas,Tekokatueté rerekoara oporomonhyrõba'e,True,lowercased
6790,Porventura tinha o maldito sua cintura rompida?,porventura tinha o maldito sua cintura rompida?,I ku'a-sorok serã moxy?,True,lowercased
6791,Eis que ides Ides (agora),eis que ides ides,Pesó ûĩ,True,parentheses_removed | lowercased | trimmed
6792,Vou ao caminho das pessoas,vou ao caminho das pessoas,Asó morapépe,True,lowercased
6793,"Conhece bem as guerras, ficando a esperar escondido as pessoas","conhece bem as guerras, ficando a esperar escondido as pessoas","Oîkuá-katu marana, morapearõ-arõmo",True,lowercased
6794,"Aimbirê, levemos os malditos logo, para alegrar os que ficaram em nossas casas","aimbirê, levemos os malditos logo, para alegrar os que ficaram em nossas casas","Aîmbiré, îarasó muru taûîé, îandé roŷpyra moesãîa",True,lowercased
6795,Detesto minha lei antiga,detesto minha lei antiga,Aroŷrõ xe rekopûera,True,lowercased
6796,o que foi morto,o que foi morto,miîukapûera,False,
6797,Ele passou defronte de Nhoesembé,ele passou defronte de nhoesembé,Sobábo akûab - Diante deles passei Nhoesembé robábo i kûáî,True,lowercased
6798,Novamente o soube,novamente o soube,Aîkugûab amõ,True,lowercased
6799,"o que Deus faz, o feito de Deus","o que deus faz, o feito de deus",Tupana remimonhanga,True,lowercased
6800,Pensaste nalguma mulher?,pensaste nalguma mulher?,Nde py'anhemongetápe kunhã amõ resé?,True,lowercased
6801,Uma roupa vermelha colocando nele,uma roupa vermelha colocando nele,Amõ aó-pyranga mondepa sesé,True,lowercased
6802,Meu senhor Jesus sofre pela gente,meu senhor jesus sofre pela gente,Xe îara Îesu sosang poresé,True,lowercased
6803,Acaso todo o seu intestino caiu pela fissura de sua cintura?,acaso todo o seu intestino caiu pela fissura de sua cintura?,Opakatu serã sygeapûá-kuîamo i ku'a sorokaba rupi?,True,lowercased
6804,Com seu filho não se importando,com seu filho não se importando,O a'yra resé oputupabe'ymamo,True,lowercased
6805,O que me guarda é o habitante do céu,o que me guarda é o habitante do céu,Xe rarõana ybakygûara,True,lowercased
6806,Está molestando as pessoas,está molestando as pessoas,Oporomoaîu oîkóbo,True,lowercased
6807,para nosso encorajamento,para nosso encorajamento,asé mopyatãgûama resé,False,
6808,"Amando os homens, nós nos preocupamos com eles","amando os homens, nós nos preocupamos com eles",Apŷaba raûsupa nhẽ oré putupá sesé,True,lowercased
6809,Desfaleço de fome,desfaleço de fome,Amanõaíb ambyasy suí,True,lowercased
6810,Eu estou caindo de sono,eu estou caindo de sono,Xe kerá-kerar,True,lowercased
6811,Eu não tenho sapatos,eu não tenho sapatos,Na xe pyapasabi,True,lowercased
6812,"A noite toda, após sua grande bebedeira, vou falar aos ouvidos dos índios","a noite toda, após sua grande bebedeira, vou falar aos ouvidos dos índios","Pysaré, i ka'ugûasu riré, asó abá rerobobõmo",True,lowercased
6813,Eis que a virtude somente há de ser o modo de se libertar da morte,eis que a virtude somente há de ser o modo de se libertar da morte,Tekokatu anhõ ã te'õ suí îepysyrõsabeté re'a,True,lowercased
6814,"Vem para arrancar logo, de dentro dela, o tinhoso","vem para arrancar logo, de dentro dela, o tinhoso","Îori sekyîa taûîé, i py suí, serubu",True,lowercased
6815,Muito bem! (consentindo),muito bem!,Aûîé ipó!,True,parentheses_removed | lowercased | trimmed
6816,os que devem ser honrados,os que devem ser honrados,i moetepyra,False,
6817,Por que a gente põe a cruz na testa?,por que a gente põe a cruz na testa?,Marãnamope asé o sybápe îoasaba moíni?,True,lowercased
6818,"Vim para ficar de vez (isto é, para morar)",vim para ficar de vez,Gûitu aîur,True,parentheses_removed | lowercased | trimmed
6819,Como será que um habitante do inferno viveria neste mundo?,como será que um habitante do inferno viveria neste mundo?,Marãeté'ĩ ra'umope amõ Anhanga ratá pora rekóû ikó 'ara pupé?,True,lowercased
6820,O que acredita na dança do chocalho,o que acredita na dança do chocalho,Maraká poraseîa rerobîasara,True,lowercased
6821,O que nos faz estar segundo a vontade de Deus,o que nos faz estar segundo a vontade de deus,Tupã remimotara rupi asé moingosara,True,lowercased
6822,"E o que, torpemente, tem relações sexuais com sua parenta verdadeira?","e o que, torpemente, tem relações sexuais com sua parenta verdadeira?",A'epe o mũeté resé oîkopoxyba'e?,True,lowercased
6823,Lembrando-se de que Deus os honra muito no céu,lembrando-se de que deus os honra muito no céu,Ybakype Tupã i moeté-katu resé o ma'enduaramo,True,lowercased
6824,maldade (lit - qualidade da alma ruim),maldade,angaipaba,True,parentheses_removed | trimmed
6825,"Vossos avós todos com pranto estavam, recolhendo-se","vossos avós todos com pranto estavam, recolhendo-se","Pe ramỹîa pabẽ rakó îase'o rerekóû, îemoingeabo",True,lowercased
6826,Tu costumas levantar-te no lugar em que estás diante de teu pai?,tu costumas levantar-te no lugar em que estás diante de teu pai?,Nde pu'amixûé nde îekûápe nde ruba pé?,True,lowercased
6827,"Existe a confissão, remédio portador de cura","existe a confissão, remédio portador de cura","Oîkobé îemombe'u, mosanga mûeîrabyîara",True,lowercased
6828,"Caem às vezes os frutos de suas árvores, sendo ainda flores, outras vezes em seu estado verde, outras vezes após amadurecerem caem","caem às vezes os frutos de suas árvores, sendo ainda flores, outras vezes em seu estado verde, outras vezes após amadurecerem caem","Okuî rakó amũme 'ybarambûera o 'yba suí 'ybotyramo oîkóbo bé, amõ rakó ogûakyra pupé i kuî, amõ rakó ogûaîub'iré i kuî",True,lowercased
6829,Eu brilho,eu brilho,Xe rendy,True,lowercased
6830,Chamo os homens,chamo os homens,Asenõî apŷabetá,True,lowercased
6831,Eu sou manchado,eu sou manchado,Xe rabarab,True,lowercased
6832,E Judas não se afligiu junto aos judeus pela traição a seu senhor?,e judas não se afligiu junto aos judeus pela traição a seu senhor?,A'epe Îudas n'oîkotebẽî Îudeus supé o îara me'engagûera resé?,True,lowercased
6833,Dentro de um túmulo de pedra o puseram,dentro de um túmulo de pedra o puseram,Itá karamemûã pupé i nongi,True,lowercased
6834,"Ah, nossos avós muito quiseram verdadeiros substitutos seus para nós","ah, nossos avós muito quiseram verdadeiros substitutos seus para nós",Té! Oîpotareté îandé ramuîa o ekobîareté îandébe,True,lowercased
6835,Nem por isso eu vou para longe,nem por isso eu vou para longe,Ndaroîaî mamõ xe sóû,True,lowercased
6836,Mas esconde-me dele!,mas esconde-me dele!,Xe mĩ-te îepé i xuí!,True,lowercased
6837,Também por embriaguez ficando a ferirem-se uns aos outros,também por embriaguez ficando a ferirem-se uns aos outros,Sabeypora suí bé oîoapixá-pixapa,True,lowercased
6838,Jazo acordado,jazo acordado,Aîubé,True,lowercased
6839,Piquei-o,piquei-o,Aîopi,True,lowercased
6840,Este santo faz aquele que a ele roga alcançar suas coisas sumidas ou seu escravo fugido,este santo faz aquele que a ele roga alcançar suas coisas sumidas ou seu escravo fugido,Kó santo o mongetasara oîmoîekosub i mba'e i kanhẽmbyra koîpó semiaûsuîababa supé,True,lowercased
6841,Fico a espojar-me,fico a espojar-me,Anhemonduby-ndubyr,True,lowercased
6842,Do nada fez nossa alma,do nada fez nossa alma,Nama'eruã oîmonhang asé 'angamo,True,lowercased
6843,Eu faço bochecha (comendo),eu faço bochecha,Xe ratypygûasu,True,parentheses_removed | lowercased | trimmed
6844,Pratica o que tu aprendeste,pratica o que tu aprendeste,Eîporu nde nhembo'eagûera,True,lowercased
6845,Trago-o no meu colo,trago-o no meu colo,Xe ambyî arekó,True,lowercased
6846,Lamento tua ida,lamento tua ida,Aîmoasy nde só,True,lowercased
6847,Eu sou mal-encarado,eu sou mal-encarado,Xe resakûarasy,True,lowercased
6848,Devem ser substituídos a esposa ou o marido verdadeiros que estão em vossas residências?,devem ser substituídos a esposa ou o marido verdadeiros que estão em vossas residências?,Sekobîarõmbyrape temirekoeté koîpó meneté pe retãmendûara?,True,lowercased
6849,Que coisas quer o diabo?,que coisas quer o diabo?,Mba'e-mba'epe Anhanga oîpotar?,True,lowercased
6850,Assim havemos de nos acariciar?,assim havemos de nos acariciar?,Nã takó îomomoranga re'a?,True,lowercased
6851,Eu chorei até ficar com olhos avermelhados,eu chorei até ficar com olhos avermelhados,Xe resaapytãpytang,True,lowercased
6852,"Aprende acerca da palavra de Deus em que crerá, que cumprirá também","aprende acerca da palavra de deus em que crerá, que cumprirá também",Onhembo'e Tupã nhe'enga o emierobîarama resé o emiporama resé bé,True,lowercased
6853,Resisti-lhe (defendendo-me),resisti-lhe,Anheran i xupé,True,parentheses_removed | lowercased | trimmed
6854,"Ele (isto é, o mar, o rio) não é fundo",ele não é fundo,Na typyî,True,parentheses_removed | lowercased | whitespace_collapsed
6855,"Que venha, por teus pedidos, Deus para nos fazer felizes","que venha, por teus pedidos, deus para nos fazer felizes","T'oú, nde îeruresápe, Tupã oré moorypa",True,lowercased
6856,"Será que Nosso Senhor estava muito angustiado, longamente rezando a Ele?","será que nosso senhor estava muito angustiado, longamente rezando a ele?",I angekoaí-katu serã Îandé Îara i mongetapukûabo?,True,lowercased
6857,Eis que o adversário costumeiro da alma do homem é ele,eis que o adversário costumeiro da alma do homem é ele,Eboûĩ abá 'anga rupîatyba a'e,True,lowercased
6858,campo limpo,campo limpo,nhũasyma,False,
6859,"Cobrindo-o sua própria mãe, na verdade, com seu véu","cobrindo-o sua própria mãe, na verdade, com seu véu",I xy aé ipó opîá o akangaobĩ pupé,True,lowercased
6860,"Eis que era costume, então, batizar","eis que era costume, então, batizar",Ã tekó a'ereme moreroka,True,lowercased
6861,Se não fosse a vinda do fulano,se não fosse a vinda do fulano,Ahẽ ruraba a'eîponomã,True,lowercased
6862,Todos os seus discípulos para tuas mãos fazendo-os passar,todos os seus discípulos para tuas mãos fazendo-os passar,Opá o boîá nde pópe i mongûapa,True,lowercased
6863,"E o que tem excitação por sua amante, que acontece?","e o que tem excitação por sua amante, que acontece?","A'epe o agûasá resé segûyrõba'e, marã?",True,lowercased
6864,Firmei-o comigo,firmei-o comigo,Aroten,True,lowercased
6865,Não desiste nosso inimigo de sempre nos tentar,não desiste nosso inimigo de sempre nos tentar,N'i apori oré sumarã îepi nhẽ oré ra'anga,True,lowercased
6866,"Hei de me confessar ainda hoje, antes de me surpreender a morte","hei de me confessar ainda hoje, antes de me surpreender a morte","T'anhemombe'une kori bé, te'õ xe resapy'a e'ymebé",True,lowercased
6867,É muitíssimo terrível cair o homem nas mãos de Deus,é muitíssimo terrível cair o homem nas mãos de deus,I abaeté-tekatueté Tupã pópe abá 'ara,True,lowercased
6868,A bondade de sua vida em mim se fortaleça,a bondade de sua vida em mim se fortaleça,Sekopûera angaturama xe resé t'oîeratã,True,lowercased
6869,Estou na medida,estou na medida,Taé a'e,True,lowercased
6870,"Por isso mesmo os moços entram sempre no lugar de beber cauim, ali atacando as moças","por isso mesmo os moços entram sempre no lugar de beber cauim, ali atacando as moças","Nd'e'i te'e kunumĩgûasu oîkébo memẽ kagûápe, a'epe kunhãmuku repenhana",True,lowercased
6871,Trava-me a língua esta fruta,trava-me a língua esta fruta,Xe apekũ-mombyk ikó 'ybá,True,lowercased
6872,Eu estou amargo,eu estou amargo,Xe 'ak,True,lowercased
6873,"o que tem fome, o faminto","o que tem fome, o faminto",i ambyasyba'e,False,
6874,Estou sendo muito miserável,estou sendo muito miserável,Xe poreaûsukatu gûitekóbo,True,lowercased
6875,"Sobre grelhas de moquear, de ferro, assaram-no","sobre grelhas de moquear, de ferro, assaram-no",Moka'ẽ itá îurá 'arybo sesyri,True,lowercased
6876,Guardando-nos,guardando-nos,Îandé rarõmo,True,lowercased
6877,Ensoberbeci-me acerca de mim mesmo,ensoberbeci-me acerca de mim mesmo,Aîerobîá xe îoesé,True,lowercased
6878,Ele é muito bom,ele é muito bom,I katu-pyryb,True,lowercased
6879,Mas não foi nosso pai que fez nosso corpo?,mas não foi nosso pai que fez nosso corpo?,N'asé ruba ruã-tepe asé reté oîmonhang?,True,lowercased
6880,Ela é fininha e comprida,ela é fininha e comprida,Ta'yrĩ'i-muku,True,lowercased
6881,É-lhe natural a valentia,é-lhe natural a valentia,Sekoaba é kyre'ymbaba,True,lowercased
6882,"Ao fustigar o sol a terra, eu vim","ao fustigar o sol a terra, eu vim","Ara yby sokeme, xe ruri",True,lowercased
6883,Colocando-o dentro de um túmulo de pedra em que ninguém estava enterrado,colocando-o dentro de um túmulo de pedra em que ninguém estava enterrado,Itá karamemûã abá tymagûere'yma pupé i mondepa,True,lowercased
6884,por meio da oração,por meio da oração,tupãmongetá pupé,False,
6885,"pedra de amolar que gira, pedra de barbeiro","pedra de amolar que gira, pedra de barbeiro",itakynhatimana,False,
6886,Interessando-se também por sua felicidade,interessando-se também por sua felicidade,Sekobekaturama resé bé onhemboryryîa,True,lowercased
6887,Irei hoje ao mar,irei hoje ao mar,Asó kori paranãmene,True,lowercased
6888,Entregando-me à morte tu me beijas o rosto,entregando-me à morte tu me beijas o rosto,Te'õ supé xe me'enga xe robá-pyter îepé,True,lowercased
6889,Pusemo-nos em fila,pusemo-nos em fila,Oroîeysyrung,True,lowercased
6890,Que não esteja o maldito perto de mim,que não esteja o maldito perto de mim,T'oîkó umẽ moxy xe ypybo,True,lowercased
6891,"Por isso mesmo o homem que quer a virtude se esvazia de corpo, fazendo-o jejuar","por isso mesmo o homem que quer a virtude se esvazia de corpo, fazendo-o jejuar","Nd'e'i te'e abá tekokatu potasara og o'opore'yma, i moîekuakupa",True,lowercased
6892,Ficaste dono daquilo que alguém esqueceu?,ficaste dono daquilo que alguém esqueceu?,Ereîpysyrõpe abá resaraîagûera?,True,lowercased
6893,"Sua vida bondosa tendo, nossa alma regozija-se","sua vida bondosa tendo, nossa alma regozija-se","Sekó-katu rerekóbo, îandé 'anga îekosubi",True,lowercased
6894,indo eu voando,indo eu voando,gûymaenhẽ gûixóbo,False,
6895,Arei-a,arei-a,Aîybyyby'ab,True,lowercased
6896,Eu tenho diarréia com sangue,eu tenho diarréia com sangue,Xe rebykasy-pyrang,True,lowercased
6897,Continuei,continuei,Aîepotabẽ,True,lowercased
6898,"Após fazer a São João Batista, seu primo, batizá-lo","após fazer a são joão batista, seu primo, batizá-lo",São João Batista o i'yra pé onhemoîasuk-ukar'iré,True,lowercased
6899,"cabeça baixa, desânimo","cabeça baixa, desânimo",akã-gûyra,False,
6900,como este,como este,kó îá,False,
6901,Eis que vou,eis que vou,Ebokûé asó,True,lowercased
6902,"o que lavra as madeiras, o carpinteiro","o que lavra as madeiras, o carpinteiro",ybyrá pandara,False,
6903,Não sei (ignoro),não sei,N'a'ekatuî,True,parentheses_removed | lowercased | trimmed
6904,Faço-o ficar com firmeza,faço-o ficar com firmeza,Ten amo'e,True,lowercased
6905,Acovardo-me,acovardo-me,Amembek,True,lowercased
6906,Quase que fui,quase que fui,Asó só,True,lowercased
6907,"A mãe de Deus, senhora desta aldeia, não queirais apresá-la","a mãe de deus, senhora desta aldeia, não queirais apresá-la","Tupã sy, kó tabyîara, na pemoembiá-potari",True,lowercased
6908,Tendo dor de suas queimaduras,tendo dor de suas queimaduras,O kaîa moasŷabo,True,lowercased
6909,"Os corpos dos que são bons serão sutis, brilhando mais que o sol","os corpos dos que são bons serão sutis, brilhando mais que o sol",I angaturamba'e reté i pokãngatu kûarasy sosé oberapa,True,lowercased
6910,Hei de cumprir tuas palavras,hei de cumprir tuas palavras,T'aîmopóne nde nhe'enga,True,lowercased
6911,A respeito dele lembrando-se,a respeito dele lembrando-se,Sesé oma'enduaramo,True,lowercased
6912,Graças a Deus meu pai veio!,graças a deus meu pai veio!,Our-eté'ĩ xe ruba mã!,True,lowercased
6913,Não poderás doravante juntar-te a tua esposa,não poderás doravante juntar-te a tua esposa,Nd'erekatuî xûé angiré nde remirekó rerobyka-ne,True,lowercased
6914,E vosso rei não tem riquezas?,e vosso rei não tem riquezas?,A'epe n'oerekóî pe rubixaba ma'e?,True,lowercased
6915,extremidades de minhas mãos,extremidades de minhas mãos,xe pó apyra,False,
6916,Para um príncipe que tinha nome Anás,para um príncipe que tinha nome anás,Morubixaba Anás seryba'e supé,True,lowercased
6917,"Em vão crêem em ti (lit, acham-se, em vão, crendo em ti)",em vão crêem em ti,E'i tenhẽ nde rerobîá,True,parentheses_removed | lowercased | trimmed
6918,Apropriaste-te de alguma coisa?,apropriaste-te de alguma coisa?,Nde mondápe mba'e amõ resé?,True,lowercased
6919,"A gente mesma acovarda-se, consentindo-o","a gente mesma acovarda-se, consentindo-o",Asé aé oîemoabangá i mborypa,True,lowercased
6920,Hei de obedecer muito a ele doravante,hei de obedecer muito a ele doravante,Asapîá-katupe angiré ká,True,lowercased
6921,Acenaste com a cabeça para alguma mulher?,acenaste com a cabeça para alguma mulher?,Ereîe'aîtykype kunhã amõ supé?,True,lowercased
6922,"Atiras nele, o dia todo, as palavras mentirosas","atiras nele, o dia todo, as palavras mentirosas",Nhe'ẽ-porangu ereîapi ko'arapukuî,True,lowercased
6923,Hei de revirar seu ventre opilado!,hei de revirar seu ventre opilado!,T'aîpobu sygé-aponga!,True,lowercased
6924,Dentro de tuas entranhas como criança estando (deitado),dentro de tuas entranhas como criança estando,Nde ybỹîa pupé pitangamo oúpa,True,parentheses_removed | lowercased | trimmed
6925,"Tua alma está muito branca, como roupa lavada","tua alma está muito branca, como roupa lavada","Morotĩngatu nde 'anga, aoba i potukapyra rame'ĩ",True,lowercased
6926,Orando eu para Deus,orando eu para deus,Tupã supé ûiîerurébo,True,lowercased
6927,Estavam dormindo por causa da aflição,estavam dormindo por causa da aflição,Oker okûapa tekotebẽ suí nhẽ,True,lowercased
6928,Assim hoje procederei,assim hoje procederei,Emonã kori aîkóne,True,lowercased
6929,Mas que procurais nesta minha terra?,mas que procurais nesta minha terra?,Mba'e-tepe peseká kó xe retama pupé?,True,lowercased
6930,"Escaparão futuramente os animais de caça, os pássaros, os peixes, as matas?","escaparão futuramente os animais de caça, os pássaros, os peixes, as matas?","Okûabépe irã so'o, gûyrá, pirá, ka'a?",True,lowercased
6931,"Levaram-no, com suas ataduras, para Pilatos, o governador","levaram-no, com suas ataduras, para pilatos, o governador",Pilatos ybyrarerekoara supé i popûasaba resebé serasóû,True,lowercased
6932,Faço-as umas atrás das outras (se são muitas),faço-as umas atrás das outras,Aîmoîoakypûé-kypûer,True,parentheses_removed | lowercased | trimmed
6933,Fazendo-me erguer o rosto,fazendo-me erguer o rosto,Xe moobaybaka,True,lowercased
6934,Vim do céu pelo interior de vossas ocas,vim do céu pelo interior de vossas ocas,Aîur ybaka suí pe rokybỹîa rupi,True,lowercased
6935,Ao lado de sua própria mãe a criança está deitada,ao lado de sua própria mãe a criança está deitada,O sy posé pitanga ruî,True,lowercased
6936,"Ao comer junto dos seus discípulos, o pão que apanhou em suas mãos devolveu-o","ao comer junto dos seus discípulos, o pão que apanhou em suas mãos devolveu-o","Ogûemimbo'e pyri o karuápe, miapé o pópe gûemiîara i moîebyû",True,lowercased
6937,"Fizemo-nos passar uns aos outros, passamos uns com os outros","fizemo-nos passar uns aos outros, passamos uns com os outros",Oroîoerokûab,True,lowercased
6938,"Cantemos um pouquinho, primeiro","cantemos um pouquinho, primeiro",T'îanhe'engá-mirĩ ranhẽ,True,lowercased
6939,Hei de ir contigo hoje,hei de ir contigo hoje,T'asó nde pyri kori,True,lowercased
6940,"muitos outeiros, serrania","muitos outeiros, serrania",ybyty-bytyra,False,
6941,Não cozendo sequer sua comida,não cozendo sequer sua comida,O emi'urama tiruã moîybe'yma,True,lowercased
6942,Eu sou certeiro,eu sou certeiro,Xe pûakatu,True,lowercased
6943,E no caso de não acabar sua dívida neste mundo?,e no caso de não acabar sua dívida neste mundo?,A'epe ikó 'ara pupé sepy syke'ỹme?,True,lowercased
6944,Também não pode aquele excomungado miserável ouvir a missa,também não pode aquele excomungado miserável ouvir a missa,Nd'e'ikatu béî aîpó i pe'apyra'uba missa renduba resé,True,lowercased
6945,"Hei de comer hoje seus braços (fora do corpo, isto é, o que foram seus braços)",hei de comer hoje seus braços,T'a'u kori i îybapûera,True,parentheses_removed | lowercased | trimmed
6946,"Ah, como desejo aquela mulher casada!","ah, como desejo aquela mulher casada!",Aîpotá-te kûé kunhã-mendara mã!,True,lowercased
6947,enfeitando minha cabeça,enfeitando minha cabeça,xe akanga moîegûaka,False,
6948,Chamusquei-o,chamusquei-o,Asereb,True,lowercased
6949,Amarrei-o pelos pés,amarrei-o pelos pés,Aîpukusãmoín,True,lowercased
6950,Quanto mais eu haveria de ir,quanto mais eu haveria de ir,Memetémo n'ixé ûixóbo,True,lowercased
6951,Prega-o na cruz,prega-o na cruz,Eîmoîar ybyraîoasaba resé,True,lowercased
6952,Choravas sempre,choravas sempre,Ereîase'o îepi,True,lowercased
6953,"Seus antigos companheiros, então, em troca de cauim dei aos índios","seus antigos companheiros, então, em troca de cauim dei aos índios","Irũmbûera, akûeîmebé, kaûĩ repyrama ri aîme'eng abá supé",True,lowercased
6954,Em meio de campo repartindo-os,em meio de campo repartindo-os,Nhũ-myterype i mbo'îabo,True,lowercased
6955,Todos os bens de meus avós joguei fora,todos os bens de meus avós joguei fora,Opá xe ramyîa ma'epûera aîtyk,True,lowercased
6956,Cortei-lhe a garganta,cortei-lhe a garganta,Aîaseó-mondok,True,lowercased
6957,São um monte os seus antigos vícios,são um monte os seus antigos vícios,I aty sekopoxypûera,True,lowercased
6958,Não pode com ela casar-se enquanto a mantiver em esconderijo,não pode com ela casar-se enquanto a mantiver em esconderijo,Nd'e'ikatuî sesé omendá mimbápe serekó pukuî,True,lowercased
6959,Que puseram sobre sua cabeça?,que puseram sobre sua cabeça?,Mba'epe onong i akanga 'arybo?,True,lowercased
6960,"Viram os anjos a Deus, seu criador, quando ele começou a criá-los?","viram os anjos a deus, seu criador, quando ele começou a criá-los?",Osepîápe karaibebé Tupã o monhangara o monhang-ypyreme?,True,lowercased
6961,Espremi mandioca,espremi mandioca,Amiamĩ,True,lowercased
6962,"Junto a ela, primeiramente, os padres foram, anunciando a Deus","junto a ela, primeiramente, os padres foram, anunciando a deus","I xupé, ranhẽ, abaré, Tupã mombegûabo, i xóû",True,lowercased
6963,A todos os homens ama para o bem deles,a todos os homens ama para o bem deles,…Opabĩ abá raûsubi i katurama resé,True,lowercased
6964,"Aimbirê, vem diante de mim!","aimbirê, vem diante de mim!","Aîmbiré, eîori xe robaké!",True,lowercased
6965,dia de guarda e de jejum,dia de guarda e de jejum,"ara i pîasaba, îekuakupaba",False,
6966,A não ser que Deus não a fizesse estar consigo,a não ser que deus não a fizesse estar consigo,Tupã serekó e'ymetemonaémo,True,lowercased
6967,Lancei-o no chão,lancei-o no chão,Aîmombor ybype,True,lowercased
6968,Eu sou rechonchudo,eu sou rechonchudo,Xe asang,True,lowercased
6969,É difícil para mim tentá-los,é difícil para mim tentá-los,I abaí xébo sa'anga,True,lowercased
6970,Com uma lança espetou seu flanco,com uma lança espetou seu flanco,Itamina pupé iî yké kutuki,True,lowercased
6971,Não pode outra pessoa batizar em vez do padre?,não pode outra pessoa batizar em vez do padre?,Nd'e'ikatuîpe amoaé abá oporomongaraípa abaré suí?,True,lowercased
6972,Vinde para receber as determinações a vós no lugar em que vos ajuntais,vinde para receber as determinações a vós no lugar em que vos ajuntais,Peîori pe nheŷnhangápe pe rekorama rá,True,lowercased
6973,tirante a vermelho,tirante a vermelho,pyrã-mbyryb,False,
6974,"Além disso, atrai-os o cauim transbordante nas igaçabas","além disso, atrai-os o cauim transbordante nas igaçabas",Ygasápe kaûĩ-tuîa a'e ré îamomotá,True,lowercased
6975,Vamos hoje para trazer alguns assim desse jeito,vamos hoje para trazer alguns assim desse jeito,Emonã nungara amõ t'îasó kori seru,True,lowercased
6976,Mandando-os fazer afastar-se logo de suas maldades,mandando-os fazer afastar-se logo de suas maldades,I angaîpaba suí i moîepe'aesapy'a-uká,True,lowercased
6977,Benzi-me a testa,benzi-me a testa,Aîesybasab,True,lowercased
6978,Por que bates em mim?,por que bates em mim?,Marãpe xe ri erepûá?,True,lowercased
6979,Ele tem olhos claros como seu pai,ele tem olhos claros como seu pai,Og uba rupi ahẽ resatingamo,True,lowercased
6980,Para nos honrar os índios fazem festa,para nos honrar os índios fazem festa,Îandé moetébo apŷaba nhemosaraî,True,lowercased
6981,riacho,riacho,yekûabusu,False,
6982,Pesco com rede,pesco com rede,Aîeporakar,True,lowercased
6983,Como o nosso perdão aos que nos tratam mal,como o nosso perdão aos que nos tratam mal,Oré rerekomemûãsara supé oré nhyrõ îabé,True,lowercased
6984,Nós somos poucos (em relação ao número de pessoas que seriam necessárias),nós somos poucos,Oré retapokang,True,parentheses_removed | lowercased | trimmed
6985,"Não encontrei nem um pouquinho, absolutamente, algum ato deste homem no mal","não encontrei nem um pouquinho, absolutamente, algum ato deste homem no mal",N'abasẽ-mirĩ-angáî marãbirĩ ikó abá rekopûera amõ supé,True,lowercased
6986,"Consola-se muito o homem, de fato, com as coisas que estão contidas neste mundo","consola-se muito o homem, de fato, com as coisas que estão contidas neste mundo",Onhemoapysy-katu rakó abá mba'e ikó 'ara pora resé,True,lowercased
6987,E como alguém procederá encontrando aquilo que esqueceu?,e como alguém procederá encontrando aquilo que esqueceu?,A'epe marã abá rekóû a'e o esaraîagûera supé ogûasemane?,True,lowercased
6988,Os que se fizeram matar por causa de Deus,os que se fizeram matar por causa de deus,Tupã resé oîeîuká-ukaba'epûera,True,lowercased
6989,Botei-me os ovos,botei-me os ovos,Aîupi'a-mombor,True,lowercased
6990,Vem para amedrontá-lo,vem para amedrontá-lo,Eîori i mosykyîébo,True,lowercased
6991,Veio atrás de mim,veio atrás de mim,Xe pytaî turi,True,lowercased
6992,É terrível minha captura,é terrível minha captura,I abaîté xe rembiasaba,True,lowercased
6993,Ajo mal,ajo mal,Marani aîkó,True,lowercased
6994,"sobre os ombros de duas pessoas, de um e do outro ombro (como a levar uma escada muito comprida)","sobre os ombros de duas pessoas, de um e do outro ombro",o îoati'yba ri,True,parentheses_removed | trimmed
6995,Eis que também minhas muitas presas hei de dar algumas a ti,eis que também minhas muitas presas hei de dar algumas a ti,Kó bé xe rembiaretá t'ame'ẽne amõ endébo,True,lowercased
6996,Mencionaste o nome de alguém para o padre?,mencionaste o nome de alguém para o padre?,Ereîmombe'upe abá rera abaré supé?,True,lowercased
6997,"Querem, sem mais, que as amem, ficando a enfeitar-se","querem, sem mais, que as amem, ficando a enfeitar-se","O aûsuba oîpotarĩ, oîemomorã-moranga",True,lowercased
6998,ponta de galho,ponta de galho,sakãpyra,False,
6999,os reis inimigos de Deus,os reis inimigos de deus,Tupã sumarã reîa,True,lowercased
7000,Arranquei o invólucro dele,arranquei o invólucro dele,Aînhubã-rok,True,lowercased
7001,cume de casa,cume de casa,okapyra,False,
7002,"Eis que aqui estou, procurando-te","eis que aqui estou, procurando-te",Kó xe rekóû nde reká,True,lowercased
7003,Urinei,urinei,Akaruk,True,lowercased
7004,Todas as nuvens que caem do céu cobrirão a terra,todas as nuvens que caem do céu cobrirão a terra,Yby opá ybytinga ybaka suí o'aryba'e i aso'iûne,True,lowercased
7005,"O que, dizendo em vão ""-Eis que é assim, por Deus"", não o cumpre","o que, dizendo em vão ""-eis que é assim, por deus"", não o cumpre","I pore'ymba'e ""-emonã kó Tupã resé"" o'îabo tenhẽ",True,lowercased
7006,Eu não levanto a cabeça,eu não levanto a cabeça,Na xe 'aîubyri,True,lowercased
7007,Querendo que eles se afastem de Deus,querendo que eles se afastem de deus,Tupã suí i îepe'a-potá,True,lowercased
7008,Irrito-me habitualmente,irrito-me habitualmente,Xe îemoŷrõndûer îá,True,lowercased
7009,Amortalhei-os,amortalhei-os,Aîapyear,True,lowercased
7010,Três de seus discípulos,três de seus discípulos,Mosapyr o boîá,True,lowercased
7011,"Aimbirê, levemos os malditos logo para alegrar os que ficaram em nossas casas","aimbirê, levemos os malditos logo para alegrar os que ficaram em nossas casas","Aîmbiré, îarasó muru taûîé îandé roŷpyra moesãîa",True,lowercased
7012,Faz-me sair sempre da aldeia o padre,faz-me sair sempre da aldeia o padre,Xe mosẽ memẽ taba suí abaré,True,lowercased
7013,Passamos uns atrás dos outros,passamos uns atrás dos outros,Orokûaka'ar,True,lowercased
7014,couraça com lâminas,couraça com lâminas,itaoba i apenhugûã-nhugûanyba'e,False,
7015,"Minha embarcação (isto é, a que me contém, não aquela que me pertence)",minha embarcação,Xe ruru,True,parentheses_removed | lowercased | trimmed
7016,Por causa da estrela sua guardiã,por causa da estrela sua guardiã,Îasytatá serekoarama resé,True,lowercased
7017,fazendo-te viver no meu coração,fazendo-te viver no meu coração,nde moingóbo xe py'ape,False,
7018,"Cresceram muito as águas (isto é, subiu a maré)",cresceram muito as águas,Our paranã - Subiu a água do mar Ourusu 'y,True,parentheses_removed | lowercased | trimmed
7019,Estareis aflitos hoje,estareis aflitos hoje,Peporeaûsu korine,True,lowercased
7020,Logo o vento se levantará,logo o vento se levantará,Koromõ ybytu pu'amine,True,lowercased
7021,Aqui é minha casa,aqui é minha casa,Iké xe roka,True,lowercased
7022,"Enfim, os moços escondem seus muito maus procedimentos, calam-nos","enfim, os moços escondem seus muito maus procedimentos, calam-nos","Aûîé kunumĩgûasu o ekoaibeté oîomim, oîkuaku",True,lowercased
7023,Não beberás hoje o que eu mastigo,não beberás hoje o que eu mastigo,Nd'ere'uî xó kori xe remindu'une!,True,lowercased
7024,Poucos moram nesta aldeia,poucos moram nesta aldeia,Mokõînhõ kó taba pupé sekóû,True,lowercased
7025,"Estava-se calando, não respondendo as palavras deles","estava-se calando, não respondendo as palavras deles","Opyk o'ama, i nhe'engobaîxûare'yma",True,lowercased
7026,Suportando as coisas dolorosas por causa de Deus,suportando as coisas dolorosas por causa de deus,Mba'e-asy porarábo Tupana resé,True,lowercased
7027,Esfregaste teu pênis excitado?,esfregaste teu pênis excitado?,Ereîkytykype nde ragûyrõ?,True,lowercased
7028,Fiz-me rapaz,fiz-me rapaz,Akakuab,True,lowercased
7029,Olhando detidamente para alguma que foi casada,olhando detidamente para alguma que foi casada,Mendarûera amõ resé enhemosapysóbo,True,lowercased
7030,o que seria morto,o que seria morto,miîukarambûera,False,
7031,"casa assobradada (lit, casa alta)",casa assobradada,okybaté,True,parentheses_removed | trimmed
7032,Eu me calei,eu me calei,Xe nhe'endok,True,lowercased
7033,outra coisa,outra coisa,mba'e-aé,False,
7034,"Vem, meu compadecedor, por tua bondade","vem, meu compadecedor, por tua bondade","Eîori xe poreaûsubara, nde angaturama ri",True,lowercased
7035,minhas coisinhas,minhas coisinhas,xe mba'e'ĩ,False,
7036,"Ah, se tivesse percebido isso outrora!","ah, se tivesse percebido isso outrora!",Anhandu beémo erimba'e angûama mã!,True,lowercased
7037,Aquele padre que te batiza dá uma vela na tua mão,aquele padre que te batiza dá uma vela na tua mão,A'e abaré nde mongaraipara iraîtytataendy me'engi nde pópe,True,lowercased
7038,Estou à parte,estou à parte,Aindé,True,lowercased
7039,Socorri-o,socorri-o,Asepenhan,True,lowercased
7040,Falastes torpemente para vós mesmos?,falastes torpemente para vós mesmos?,Penhe'eng poxype pe îoupé?,True,lowercased
7041,"Segundo o rito dos judeus, seu prepúcio cortaram","segundo o rito dos judeus, seu prepúcio cortaram",Îudeos ekomonhangábo i 'apira mondoki,True,lowercased
7042,Mas me esconde tu dele!,mas me esconde tu dele!,Xe mĩ-te îepé i xuí!,True,lowercased
7043,Com seus irmãos não pode ninguém se casar,com seus irmãos não pode ninguém se casar,O asykûera resé nd'e'ikatuî abá omendá,True,lowercased
7044,"Uma moça, não tendo doze anos e um rapaz também, não chegando aos catorze anos, não podem casar-se com ninguém","uma moça, não tendo doze anos e um rapaz também, não chegando aos catorze anos, não podem casar-se com ninguém","Kunhãmbuku doze ro'y rerekoare'yma, kunumĩgûasu abé catorze ro'y resé i xyke'yma nd'e'ikatuî abá resé omendá",True,lowercased
7045,Sou feito,sou feito,Aîemonhang,True,lowercased
7046,princípio da compaixão,princípio da compaixão,moroaûsubara 'yba,False,
7047,"Trouxe muitas destas ostras, com elas querendo alimentar-te","trouxe muitas destas ostras, com elas querendo alimentar-te","Aruretá kó reri, i pupé nde poî-potá",True,lowercased
7048,"cara ruim, mau humor","cara ruim, mau humor",tobasy,False,
7049,"Estava longe tua lembrança das coisas, estando a conversar contigo mesmo?","estava longe tua lembrança das coisas, estando a conversar contigo mesmo?","Oîkó kûepe mba'e resé nde ma'enduara, enhemongetábo ekupa?",True,lowercased
7050,enaltecendo vossos antigos pecados,enaltecendo vossos antigos pecados,pe rekopoxypûera momoranga,False,
7051,"águas tranquilas, bonança","águas tranquilas, bonança",y-katu,False,
7052,Jazi atravessado na rede,jazi atravessado na rede,Asasab pé gûitupa - Estava atravessado no caminho Aînĩ-asab,True,lowercased
7053,"Chamusquei o casco dela (isto é, da embarcação, para calafetá-la)",chamusquei o casco dela,Aîapé-ereb,True,parentheses_removed | lowercased | trimmed
7054,meu estrado,meu estrado,Xe rendaba,False,
7055,Eu fiz confusão,eu fiz confusão,Xe apatynã,True,lowercased
7056,"Eram muitos, para se revezarem uns aos outros nisso, ficando cansados","eram muitos, para se revezarem uns aos outros nisso, ficando cansados","Setá, sesé oîopuru-purûabo o kane'õ-ne'õnamo",True,lowercased
7057,"Vim, atravessando o oceano","vim, atravessando o oceano",Paranãgûasu rasapa aîu,True,lowercased
7058,caçador de pacas,caçador de pacas,paka rupîara,False,
7059,Tomai este meu sangue como vosso resgate,tomai este meu sangue como vosso resgate,Peîar kó niã xe rugûy pe repyramo,True,lowercased
7060,poleiro de aves,poleiro de aves,gûyrá-kesaba,False,
7061,"Escondo-me bem, estando deitado aqui","escondo-me bem, estando deitado aqui",Aîemĩngatu kó gûitupa,True,lowercased
7062,levemente,levemente,bebuî-nhõte,False,
7063,Para nos honrar os índios fazem festa,para nos honrar os índios fazem festa,Îandé moetébo apŷaba nhemosaraî,True,lowercased
7064,Tirei o luto,tirei o luto,Aîeaibok,True,lowercased
7065,"Assim também fizeram com seus pés, pregando-os com cravos?","assim também fizeram com seus pés, pregando-os com cravos?","A'e îá bépe gûá i py rerekóû, itapygûá pupé i moîáno?",True,lowercased
7066,"Embora ele fosse nosso pai primeiro, o que (lhe) foi dito foi ""-Não comas este fruto""","embora ele fosse nosso pai primeiro, o que foi dito foi ""-não comas este fruto""","Aûîeté a'e îandé rubypy, ""-E'u umẽ ikó 'ybá"" 'îagûera",True,parentheses_removed | lowercased | whitespace_collapsed
7067,Todas as aldeias abrasou,todas as aldeias abrasou,Opabẽ taba mondyki,True,lowercased
7068,Desprezando-vos completamente antes de fazer entrar vosso senhor,desprezando-vos completamente antes de fazer entrar vosso senhor,Peîeroŷrõmo aûîé-katu pe îara moingé îanondé,True,lowercased
7069,Aqui estou para levar seu ventre e também seus pulmões para minha sogra velha,aqui estou para levar seu ventre e também seus pulmões para minha sogra velha,Kó aîkó sygepûera t'arasó i nhy'ãbebuîa abé xe raîxó-gûaîbĩ supé,True,lowercased
7070,Fez-te subir por te honrar,fez-te subir por te honrar,Nde rupiri nde moetesápe,True,lowercased
7071,Quem é a que fala a Deus por nós?,quem é a que fala a deus por nós?,Abápe asé resé Tupã mongetasara sekóû?,True,lowercased
7072,Fico andando à toa,fico andando à toa,Agûatá-gûatá-tenhẽ,True,lowercased
7073,Ele mesmo está em todas as igrejas?,ele mesmo está em todas as igrejas?,A'e memẽpe tupãoka îakatu i kûáî?,True,lowercased
7074,Cheirei-o,cheirei-o,Asetun,True,lowercased
7075,Que queres?,que queres?,Ma'epe ereîpotar?,True,lowercased
7076,Cerquei-o,cerquei-o,Aîpemim,True,lowercased
7077,Uma pessoa em vão enfia a mão num recipiente de água benta,uma pessoa em vão enfia a mão num recipiente de água benta,Abá opo'ẽ tenhẽ 'y-karaíba ruru pupé,True,lowercased
7078,"Conforme ela, curaste os doentes","conforme ela, curaste os doentes",Supibé eremombûeîrá mara'abora,True,lowercased
7079,Eu resmungo,eu resmungo,Xe nhe'ẽkurukuruk,True,lowercased
7080,Não foi algum discípulo seu atrás dele?,não foi algum discípulo seu atrás dele?,Nd'osóîpe i boîá amõ sakypûeri?,True,lowercased
7081,Eu me derreti,eu me derreti,Xe ryku,True,lowercased
7082,Vou novamente,vou novamente,Asó benhẽ,True,lowercased
7083,"Consola-te muito, enfim, após tua saída da escuridão, da aflição de tua alma","consola-te muito, enfim, após tua saída da escuridão, da aflição de tua alma",Nde apysy-katu ko'yté pytunusu nde 'anga moingotebẽsagûera suí nde sem'iré,True,lowercased
7084,Apartei-os,apartei-os,Aîmoîa'ok,True,lowercased
7085,o que é ruivo,o que é ruivo,i aîuba'e,False,
7086,o que perseguiu o cão de seu próximo,o que perseguiu o cão de seu próximo,o apixara reîmbaba îagûara remimomosẽgûera,False,
7087,Tua pureza seja igual em mim,tua pureza seja igual em mim,Nde poropotare'yma t'oîakatu xe resé,True,lowercased
7088,"Ah, um homem pecador há de ter mais coisas boas que eu!","ah, um homem pecador há de ter mais coisas boas que eu!",Abá-angaîpabĩ takó mba'e-katu ogûerekó xe suí mã!,True,lowercased
7089,"dali, daquela parte (que tu e eu sabemos - nvis)","dali, daquela parte",akûea suí,True,parentheses_removed | trimmed
7090,Vou para beber água,vou para beber água,Asó 'y gûabo,True,lowercased
7091,Eu tenho pintas,eu tenho pintas,Xe pinim,True,lowercased
7092,bem em frente do mar,bem em frente do mar,paranã robaîkatu,False,
7093,"Depois disso, os malvados estão, a altas horas, atravessando o interior das ocas","depois disso, os malvados estão, a altas horas, atravessando o interior das ocas","A'e ré, moxy rekóû pysaîé okybỹîa asá-asapa",True,lowercased
7094,Perdendo o entendimento por causa de bebedeira,perdendo o entendimento por causa de bebedeira,Sabeypora suí 'ara mokanhema,True,lowercased
7095,var de peneira,var de peneira,urupẽ-mby'i,False,
7096,A gente o honra como a seu próprio pai?,a gente o honra como a seu próprio pai?,Og uba îakatutenhẽpe asé i moetéû?,True,lowercased
