source_text,target_text
aparei as pontas deles,Aîapyr-etab
de agora em diante procedo assim,Ko'yré emonã aîkó
as doenças da alma do homem curam-se bem com ele,Abá 'anga mara'ara i pupé opûeîrá-katu
é discreta ao falar com os homens,I kunusãî abá supé onhe'enga
"para se vingar do seu cão que cria, um homem não o alimenta","O eîmbaba îagûara resé oîepyka, abá n'oîmomba'e'uî"
dizem que foi,Osó ra'e
"vem para espantar o diabo, para que não me prejudique","Îori anhanga mondyîa, ta xe momoxy umẽ"
"quanto a esses, matarei os que costumam pecar, fazendo-os cair comigo no meu fogo","Anga îá, angaîpabora aîuká, xe ratápe sero'ane"
vou como catador de madeira,Asó ybyrá piaramo
"ao examinar a armadilha de alguém, tomo o seu conteúdo","Abá mundé supa, i pora rá"
você se compraz quando um homem apalpa seus seios?,Nde rorype nde kama abá sungáreme?
mostra o erro das minhas palavras,Eîkuabe'eng xe nhe'engaipaba
você afastou seu filho e seu escravo de suas amantes?,"Ereîpe'ape nde ra'yra, nde remiaûsuba i agûasá suí?"
eu tenho os cabelos muito arrepiados,Xe 'a-tyragûasu
"fora, na rua",okarype
matem-no!,Peîuká!
podem deixar um ao outro?,E'ikatupe o îesuí opo'i?
eu recuperei o bom senso,Xe tekokuabar
então era costume dar nome às pessoas,Ã tekó a'ereme moreroka
vou com ele,Sesé orosó
deixe que venha,T'oúne turi
também queima vivo para sempre,Sekobé abé okaî aûîeramanhẽ
"estando doente de verdade, você não a ouviu, ou foi preguiçoso?",Nde mba'easyramo épe nd'eresendubi koîpó nde ate'ymamo nhẽ?
"o que tem o nome guaixará, o chamado guaixará",Gûaîxará seryba'e
que a antiga lei dos meus avós não me atraia,Ta xe momotar umẽ xe ramỹîa rekopûera
que esta sua terra se alegre,Ta sesãî kó pe retama
"confesso-me a você, senhor padre, por ter pecado muitas vezes","Anhemombe'u ndebe, pa'i abaré setá nhẽ xe angaîpagûera resé"
"amo pedro, assim como o seu filho",Asaûsub Pedro ta'yra resebé
tutano dos ossos,kanga putu'uma
"você foi revistar as cisternas de água doce de alguém, tomando seu conteúdo?","Eresópe abá îeky-'ye'ẽ supa, i pora rá?"
os que são bem-aventurados são os que têm compaixão pelas pessoas,Tekokatu-eté rerekoara i poraûsubaryba'e
ela é muito bojuda,I ku'agûasu
venham todos para festejar a jesus,"Peîó pabẽnhẽ, Îesu momoranga"
como são estas suas casas? - diferem muito,-Anga îápe pe roka? -Oîkoé-katu
nosso criador faz estar contigo em teus braços,Îandé monhangara nhẽ erenoĩ nde îybápe
saiu-me torto,Xe raîé i xemi
"e, portanto,",a'e emonãnamo
o saltei,Aîapyrasab
quem apanha o que ele matou,semiîukapûera rasara
"que o diabo saia dela, afastando-se com seu mau proceder","T'osẽ Anhanga i xuí, gûekó-poxy rerosyîa"
as brasas não falham,Tatapynha n'oîabyî
"mandou assassinar as crianças que habitavam a aldeia de belém e também as que habitavam suas vizinhanças, querendo nelas incluir nosso senhor","Taba Belém pora pitanga i amundaba pora abé apitiukari, sesebé Îandé Îara moîese'a-potá"
que deram à sua mão direita?,Mba'epe oîme'eng i 'ekatuápe?
fez vir alguma vez alguma coisa boa do céu para seus discípulos?,Oîmbourype erimba'e mba'e-katu amõ ybaka suí o boîaetá supé?
se você não endurecer seu coração,Nde nhy'ã nde i moatãnhẽe'ỹme
venha para nos arrebatar,Eîori oré rekyîa
"se vocês não foram percebidos, abaixem-se",Na pe andubi Peîaŷbyk
"por acaso o maldito estava com a cintura fendida, balançando?",I ku'a-bok serã moxy oatimunga?
devolveu o seu pagamento aos príncipes,Oîme'eng-îeby sepypûera morubixabetá supé
passo raramente,Moîepenhombé akûab
por isso mesmo me apoio em tua grande força,Nd'a'é te'e nde ratãngatu resé gûiîekoka
eu sou doido,Xe 'angaingaíb
deve ter ido,Osó ipó re'ĩ
o que a justiça deseja,tekokatu 'useîtara
será muito terrível no futuro para os que são maus?,I abaeté-katupe irã i angaîpaba'e supé?
"mas, procedendo de que modo, está-se como amigo do diabo?",Marã oîkóbo-tepe asé Anhanga rembiaûsubamo sekóû?
"mirra, poção de polpa","mirra, mosanga to'o suí"
homem falso,abá-memûã
apenas não me faça morrer,Sa'ĩ na xe momanõî!
são numerosos os que procuram por você,Se'yî nde rekasara
você violentou uma solteira antes de lhe fazer mal?,Ereîukaípe mendare'yma i momoxy îanondé?
é terrível para mim vê-los,I abaeté sepîaka ixébo
"ah, vão me vencer hoje!",Xe reîtyk korine mã!
"quando o doente se aproximar da agonia, mandem chamar o padre","Mba'easybora o mara'ara kakareme, t'osenõîukar abaré"
diabo mau,anhangaíba
"ei, pois, sapo maneta!","Ené, rõ, kururu-asyka!"
"tão logo, ao ouvir o nome dela, eu me escondo em outro lugar",Serenduba rupibé amongoty xe nhemimi
nós estamos morrendo,Îamanõmo
arroto fétido,eú-rema
"ei, vamos levá-la na frente deles, esta muçurana","Ene'ĩ, t'îarasó senondé kó musurana"
escorei-o,Aîokok
os que moram em maratauá acreditam nas minhas palavras,Marataûãme tekoara ogûerobîá xe nhe'enga
que é o único filho dele,ta'yra oîepeba'e
"livra-nos, você",Oré pysyrõ îepé
coloquei-o de bruços,Oobapybo aîmoín
conhecendo a deus,Tupana kuapa
meteu você pelo pescoço,Nde mondeb o aîurybo
caiu no chão,O'ar ybype
"embora eles fossem obra dele, alguns anjos tornaram-se maus","Aûîeté a'e semimonhangûera, karaibebé amõ amõ oîemoangaîpab"
voltará a confessar todos os que confessou e também os que escondeu,O emimombe'upûera o emikuakugûera irũmo bé i mombe'uîebyrine
"mas, de verdade",anhẽ ruãp'anhẽ
ele mesmo certamente me guarda,A'e aé ipó xe rerekó
eu estou doente,Xe mba'easyaíb
mulher corajosa,kunhã-pyatã
estrebuchei,Ababak
você tomou remédio porque não queria ficar grávida?,Ereposangu'upe nde puru'apotare'ymamo?
comendo-o sempre ansiosamente,korikoria'u i gûabo îepi
veja que esses meus valentões sabem assassinar,Kó a'e xe kyre'ymbaba oîkuá morapiti
"suportando a grande noite, estamos muito aflitos","Putunusu porarábo, oroîkotebẽngatu"
dar também o dízimo daquilo que plantou primeiro,O emitymbûerypy pupé Tupã potá-me'engano
você acreditou nas mentiras de alguém?,Ererobîápe abá remo'ema?
nos enfileiramos,Oroîoysyrung
você ofendeu sua avó?,Ereîanga'ope nde aryîa?
eu desapareci,Xe apykanhem
jejuar sempre que a santa madre igreja mandar jejuar,Santa Madre Igreja îekuaku-pûaîa îabi'õ îekuakuba
"foi pregado na cruz, foi morto e foi sepultado","Ybyraîoasaba resé i moîarypyrûeramo sekóû, i îukapyrûeramo, i tymbyrûeramo"
"você vituperou seu pai, sua mãe, seu avô, sua avó?","Ereîanga'ope nde ruba, nde sy, nde ramũîa, nde aryîa?"
aqueles serão os futuros habitantes do fundo do nosso fogo,Aîpó îandé ratá gûyra porama
"o que é azul, o que é verde e o que é roxo",sobyba'e
cortei-lhe a cabeça,Aîakã-mondok
que o senhor deus me estorve!,Xe moarûá Pa'i Tupã!
a mulher obedece bem ao seu marido quando ele lhe confia boas coisas?,Osapîá-katupe kunhã o mena tekó-katu resé o pûaîme?
algum deles foi mau alguma vez?,"Oîepé-ĩombé, nipó, i angaîpab amõme é"
"de algum lugar, de alguma parte",mamõ suí
dizendo que um canto de pássaro ou um urro de onça são agouros,Gûyrá koîpó îagûara nhe'enga supé morangygûana o'îabo
"pois então, vamos ficar sentados aqui","Pene'ĩ, rõ, t'îasó ké îagûapyka îakupa"
eu sou um jaguaretê comedor de gente!,Xe îagûareteporu!
"que tenhamos, em sua terra, junto a você, a vida eterna","T'orogûerekó, setãme, nde pyri, tekopuku"
não ficou ninguém no lugar da batalha,N'opytáî amõ abá maranápe
esse é meu antigo carrasco,Akó xe îubykarûera
"tempo, lugar, modo, etc. de se lavar, de se batizar",moîasukaba
ele saiu vivo depois que o enterraram,"Osem oîkobébo, o tym-y roîré"
"ah, quem me dera que o tivesse matado!",Aîuká me'ĩ mã!
sua fama é sempre a de protetora dos aflitos,Moreaûsuba rerekoara nde rerapûana îepi
"assim como esta água lava o corpo da gente, aquela também","Akó 'y asé reté moîasuka îabé, akûeîa îabé"
"se aquele que tem relações sexuais com uma solteira, ou se sente atraído por ela, transgride muito a palavra de deus, tanto mais aquele que perverte uma casada ou se sente atraído por ela","Mene'yma resé oîkoba'e abiã koîpó sesé onhemomotaryba'e oîabyeté Tupã nhe'enga, memetipó mendara momoxysara koîpó sesé nhemomotasara"
deve ser apenas uma coisa insignificante,A'uba nhote i por re'a
no meio dos anjos a fez subir,Karaibebé pyterype supiri
as marcas delas,i kuapaba
qual é também o alimento de nossa alma?,Mba'e abépe asé 'anga remi'u?
semelhante a uma roupa de querejuá que brilha mais do que o sol,Aó-kereîûá kûarasy sosé oberaba'e nungara
"conhecendo a deus, agora amo meu senhor jesus","Tupana kuapa, ko'y asaûsu xe îara Îesu"
anunciando nossa futura felicidade,Asé rekokaturama mombegûabo
querendo confessar-se segundo o que a santa madre igreja lhe determina,Oîemombe'u-potá Santa Madre Igreja i mombe'u rupi
"elas, na verdade, são más, ficam fazendo pajelança","A'e, rakó, i angaîpá, oîemopaîé-paîébo"
pilatos dirigiu de novo sua fala aos judeus?,Oîmoín-y bépe Pilatos o nhe'enga îudeus supé?
a aflição oprime grandemente minha alma,Naetenhẽ ã tekotebẽ xe 'anga apypyki
ele ficou completamente cinza,Sugûé-katu
mandando fazê-los embarcar numa arca de madeira semelhante a um navio,"Ybyrá karamemûã, ygarusu nungara pupé i mo'aruká"
por isso mesmo constituiu os padres como seus apaziguadores,Nd'e'i te'e abaré moingóbo o monhyrõsaramo
"voando pelos montes, fui para fazer pecar os tupis","Ybytyrybo gûibebébo, asó tupi moangaîpapa"
afligiu-se por sua ida ter sido frustrada,O sorambûera resé sekotebẽû
vejo meu reflexo,Anhe'angepîak
você furtou na roça do seu próximo?,Eremondarõpe nde rapixaba kópe?
"certamente, a lua é formosa","Î aysó, nipó, îasy"
tenho meu modo de ser diferente,Xe rekó-aé arekó
"com o bafo de sua boca, sopra em nosso rosto",O îuru timbora pupé asé robá peîuû
"eia, faz-me andar nas minhas virtudes",Xe katûagûama ri ene'ĩ xe mbogûatábo
malha grossa de algodão para a defesa na guerra,amynyîu-aó-poanama
"em troca de sua criação, dei-lhe outra",Seîmbaba rekobîáramo amõ aîme'eng i xupé
"antigamente, quando eu morria, o diabo, de repente, mataria minha alma com o pecado","Akûeîme, gûimanõmo, anhanga, esapy'a, xe 'anga oîuká angaîpaba irũmomo"
chegando com sua ferocidade,o nharõ rerobasema
ela está crua,I pyr
eu fico me levantando na ponta dos pés,Xe pyta'ã-ta'am
"eu sou um mísero índio, de fato",Xe abá-aîbĩ anhẽ
"como vocês são, por acaso?",-Marã-piang peẽ?
"concavidade da nuca, depressão na parte inferior da nuca",atuá-pyko'ẽ
as prostitutas não me detestam,Na xe reroŷrõî sygûaraîybora
"poucos moram nesta aldeia, e estão a salvar-se","Mokõnhõ kó taba pupé sekóû, oîepysyrõmo okupa"
tratando-se uns aos outros como se estivessem numa fraternidade,Oîoasykûera ri îasûaramo oîoerekóbo
que tipo de caça você quer comer?,Marãba'e so'o ereî'useî?
o que se iguala às mulheres,Kunhã resé oîemoîoîaba'e
para onde ele foi depois de acabar de comer?,Mamõpe i xóû o mba'e-'u-pab'iré?
não lamentar um pelo outro é uma maneira de atentar contra si mesmo,Îoapirõe'yma rekóû îemomburûabamo nhẽ
embora eu já tivesse ido,Îepémo xe só umani
entro na igreja só de vez em quando,Aîké-pa'ũpa'ũ nhote Tupãokype
"basta! eu falo, sarauaia!","Aûîé! Anhe'eng, Saraûaî!"
dei à luz a ele,Aîmo'ar
"estou com o rosto amarelo, estou pálido",Xe robá-îub
"o que tem corpo, o que é corpóreo",seteba'e
a primeira lei,tekó-ypy
alguém se confessa antes de ir à guerra?,Onhemombe'upe abá gûarinĩ-namo o só îanondé?
por eu comê-las todas,Xe suí i gûabo pá
fiz com que ele tivesse vontade de comer,Aîmoîurué
suas antigas terras não existem mais,N'i tyb-angáî setãmbûera
"que seja minha mãe, de fato",Xe syramongatu t'oîkó
arrepende-se de suas maldades depois de ter comido alguma carne,"Eîmoasy nde angaîpagûera, to'o amõ 'u ré"
"que não se desvie de deus, seu criador",T'oîaby umẽ Tupã o monhangara
"então os anjos virão, chamarão os mortos e tocarão trombetas","A'ereme karaibebé ruri, te'õmbûera renõîa, mimbygûasu pŷabo"
faço-o ficar doente,Aîmomara'ar
não faça cara feia para ele; trate-o bem,"Ta sobasy umẽ i xupé, serekokatûabo"
altos e baixos,gûa'a-gûa'a
var de argola de penas,aûã-myranga
o que tem lábio grande,sembegûasuba'e
fazendo sua esposa trabalhar,O emirekó moporabykŷabo
"pela estrela que os guia, como aquela que mostra o caminho",Îasytatá serekoarama resé pé kuabe'ẽsaramo
manchas brancas no cabelo,a-titinga
"à tona da água, na superfície da água",y-ape'ara rupi
o vi em meus sonhos,Xe posaûsupe asepîak
o homem que consome um objeto furtado ou que o leva para sua casa,Abá mondarõagûera o'uba'e koîpó og okype ogûerasoba'e
o leme da embarcação,ygara ropytaerobakaba
uma pessoa não pode casar-se ocultamente?,Nd'e'ikatuîpe abá omendá-nhemima?
"ainda bem que não fui, pois",Aûîeté pakó xe soe'ymi é
quem deve ser ungido por nós ?,Mba'e-mba'epe asé suí i pitubypyra?
muitos moços bebedores de cauim já se juntaram por causa disso,Onheŷnhang umã sesé kunumĩetá kagûara
faço minha futura casa,Aîmonhang oka - Fiz uma casa Xe rokûama aîmonhang
"guarde-se, após conhecer essa lei, para não ter má vida","Eteumẽ, aîpó tekó kuab'iré, tekó-poxy rerekóbo"
levou sua filha maria quando completou três anos,O membyra Maria rerasóû mosapyr ro'y sykeme
logo no terceiro dia voltou a viver,Ara mosapyra riré bé sekobeîebyri
o fraco que convido para comer,xe remipoîmembeka
"deus deixou de amá-los, nele confiando fracamente","Tupã osaûsupe'a, sesé oîerobîá-bebuîa"
"instrumento para enxotar moscas, abano de moscas",mberu mondoaba
celebrando a missa para a gente,Missa ra'anga asébe
"quando você veio, eu já o tinha matado",Nde rureme aîuká umûan
perguntou herodes sobre qualquer coisa para ele?,Oporandupe Herodes mba'e tetiruã resé i xupé?
quando eu morrer,gûimanõmo
você tomou poção querendo o aborto do seu filho?,Eremosangu'upe nde membyra akyrara potá?
que seu filho reparta um pouquinho de virtude conosco,T'oîmoîa'ok nde membyra tekokatu'ĩ amõ orébe
seu filho já nasceu,I membyra o'ar umã
vocês verão também futuramente minha vinda sobre as nuvens,Pesepîak irã ybytinga 'arybo xe rura béne
quem tem a bem-aventurança é manso,Tekokatu-eté rerekoara onherane'ymba'e
"que você costuma dizer, ensinando as pessoas?",Marã erép'amẽ eporombo'ebo?
basta! eu estou muito contente,Aûîé! Xe rorybeté
dorei-o com ouro,Aîmoîub itaîuba pupé
pelas matas,ka'abo
"assim como esta água lava o corpo da gente, também aquela","Akó 'y asé reté moîasuka îabé, akûeîa îabé"
tenho desgosto por tê-lo levado,Arasó tieté a'é
ainda não estou cozido,Nd'a'éî gûiîypa ranhẽ
ali atacando as moças por desejá-las,"A'epe kunhãmuku repenhana, i potasápe"
pegou-se fortemente sua roupa com a qual ele foi castigado por o ferirem?,Oîaratã serã i aoba i nupãsagûera i moperé-perebagûera resé?
eu não tenho visão; sou cego,Na xe resapysóî
naufraguei,Aîepubuîereb
o diabo te detesta,Anhanga nde momburu
agrupamento de aldeias,tá-tyba
seu verdadeiro criador,o moîangara tekatu
como o viu se ele é quem não tem corpo?,"Marãpe sepîaki, setee'ymba'eramo sekó e'ymeté?"
o que disse aos seus três discípulos após sua entrada no horto?,Marã e'ipe o boîá mosapyr supé mitỹme o iké ré?
anunciando os acontecimentos futuros,Tekorama mombegûabo
"este era, de fato, o meu intento",Aîpó nakó xe rekopotasaba
"como o revolteio de um urubu sobre coisas fedorentas, você vira o rosto para trás","Urubu mba'enema 'arybo nhemoîereba îabé, nde atybak"
faço deles ladrões de cauim,Aîonong ka'umondá
não foi à toa,Na tenhẽ ruã
"todos cercaram nosso senhor, aproximando-se dele",Opá Îandé Îara moîari sesé osyka
será que os homens se tornaram muito maus?,Onhemoangaîpabeté serã apŷaba?
você passou a usar o seu próximo como mulher?,Ereîmotebi-tebipe nde rapixara?
"""sob o sono"" da alta noite, nas horas mortas, quando todos dormem",pysaîekatu ké-gûyrybo
estou muito arrepiado,Xe pita'i-ta'i
sei disso tão bem quanto você,Nde îabé ixé i kugûabi
"fazem com que deus se apazigue com eles, ao eliminarem a dívida dos pecados de muitos anos",Tupã oîmonhyrõ o îoupé setá nhẽ seîxutatá tekoangaîpaba repy-mondykápe
levanta a cruz sobre o seu próprio ombro,O ati'yba ri krusá osupi
volta teus olhos compadecidos para nós,Erobak oré koty nde resá-poraûsubara
estou prestes a partir,Oebyraîarinhote aîkó
"por outro lado, igualmente, o próprio mar será mais terrível do que costumava ser",Kokoty paranã aé rame'ĩ o abaetéramo erimba'e gûekoagûera sosé
parece que a nossa carne se volta contra a nossa alma,Onharõ-berame'ĩ asé ro'o îandé 'anga resé
não vieram alguns anjos do céu?,Nd'ouripe karaibebé amõ ybaka suí?
"serão fedorentos, serão muito podres, corroídos de vermes e de bernes","I nem-eté, i tuîuk-eté, tasoka, ura remimongûyamone"
sendo você bom,Nde katuramo
deseja ardentemente ver o nascimento de seu filho,O membyra 'arama osepîaka'ub
elas são muito altas?,Iîybaté-katupe?
eu seco,Xe rypab
"homem tolo, ignorante",abá-tekokuabe'ymusu
vaso de estanho,itaîy-kamusi
edificamos tua casa santa,Nde rokangaturamûama oroîmoĩ
"além disso, nosso corpo sente saudade de sua alma, sua verdadeira companheira, que o faz viver",Memetipó îandé reté o irũeté o moingobesara o 'anga repîaka'upa
entregou-o bem em suas mãos,Oîme'eng i pópe-katu
"adão, nosso primeiro pai, realmente nos fez perder","Adão, oré rubypy, oré mokanhemeté"
ele será seu espião!,Nde manhanamo t'oîkóne!
envelheço,Akakugûabakatã
ver os doentes,Mba'easybora repîaka
"portanto, ando hoje com o provincial",Angari abaregûasu arogûatá
o cacho delas,saryba
os antigos inimigos de são lourenço,São Lourenço rupîarûera
você fez chegar o pagamento como retribuição por um trabalho?,Eresepy-mondykype marãtekó repyramo?
é bonita a sua terra?,I porangype pe retama?
vou à roça,Akopîasó
"ao chegarem, os pescadores sempre repartem seu pescado com suas amantes ruins, pelas costas de seus senhores","Pindaîtykara îepotasápe, memẽ o agûasá-poxy supé oîmoîa'ok o embiara, o îara kupébo nhẽ"
que deus me livre das lembranças ruins,Ta xe pysyrõ Tupã ma'enduasabaíba suí
cuspindo em seu rosto,Sobá resé onhenomũ-nomuna
"pronto, meu senhor, voei","Irõ, xe îar, abebé"
quando você cumprirá isso que diz?,Erimba'epe aîpó nde 'îaba ereîmopóne?
querendo estar por cima deles,I 'ari oîkó-potá
os cristãos como uma unidade,I mongaraibypyretá oîepegûasu îasûá
como uma luz de fogo,tatá-endy îabé
o goitacá ou o filho do guaianá está pronto?,Sekoaûîépe gûaîtaká koîpó gûaîanã ra'yra?
"creio em deus pai, que pode fazer todas e quaisquer coisas","Arobîar Tupã Tuba, opakatu mba'e tetiruã monhanga e'ikatuba'e"
cortei um pedaço,Asykûera aîasy'ab
minha ausência,xe roŷpyre'yma
"mas sempre, com certeza, querem o bem de suas almas, guiando-as","Memẽ-te, nipó, pe 'anga amotá, i pokoka"
"veja bem que, por isso mesmo, o maldito ataca o homem",Nd'e'i te'e moxy keteté abá ropenhana
não se separam na guerra,N'i xandoki marana ri
replico a pero: aînhe'ẽ-poepyk pero — replico as palavras de pero,Aîpoepyk Pero
"logo, num instante, leva-o para sempre ao fogo",A'eîbé korite'ĩ-aíb-eté serasóû aûîeramanhẽ tatápe
eu mesmo coloquei pessoas no desejo sensual,Xe aé aporomoingó moropotara resé
como que emergi do fundo,Ypy suí berame'ĩ abur
"depois que seu filho morreu, ama todos os homens",O membyra re'õ ré opabĩ abá raûsubi
ao longo das pedras,itá ybyri
pintura dele,i kûatiara
eu estava sobrecarregado,Xe posakar
"você passou a mão nas suas partes íntimas, abrindo-as, alargando-as?","Erepokokype nde rapopé resé i pekábo, i pypirá?"
você irritou o senhor jesus,Pemoŷrõ Pa'i Îesu
a morte está igualmente entre jovens e velhos,Oîoîá te'õ rekóû kunumĩgûasu suí tuîba'e suí bé
aperte a cabeça do maldito,Oîopyk muru akanga
fulano está muito atrás de mim,Xe resé-katu ahẽ rekóû
logo,a'ereme bé
vara de farinha de mandioca,u'i-puku
ele tem olhos claros como seu pai,Og uba rupi ahẽ resá-tingamo
"apazigue seu filho, que está irado",O membyra i nhemoŷrõba'e oîmonhyrõ
"rio abaixo, a jusante",y-embykoty
convidando todos os homens,apŷaba sogûabo pá
você visitou o buraco do covo de alguém?,Ereîosubype abá îeke'i kûara?
eu sou molengão,Xe rekombegûé
"contudo, após sua morte, no terceiro dia voltou a viver","Aûîeté, gûe'õ ré, 'ara mosapyra resé bé sekobeîebyri"
linha delgada para costurar,inimbó'i
não acato essa sua boa lei,N'aîari kó sekó-angaturama
que meus afazeres acabem logo,T'osyk esapy'a xe rekó
visitando o interior de todas as ocas,Opá okybỹnha supa
hoje mesmo,Kori é
em abrigo,ãme
e todas as coisas futuramente queimarão?,A'epe opá irã mba'e kaîne?
eu tenho secura na garganta,Xe aseó-tining
os que se casaram amam-se muito por dever?,Oîoaûsu-katupe amẽ oîopopysykyba'epûera?
"ah, eu sou muito miserável depois de me entregar ao diabo!",Xe poreaûsubetekatu Anhanga supé xe nheme'eng'iré mã!
mentiras surgem,Mo'ema kó omopu'ã
"imediatamente, água e sangue dele vazaram, escorrendo","Aûnhenhẽ 'y sugûy abé i xuí i 'emi, osyryka"
sua lembrança das coisas estava longe; você estava devaneando?,Oîkó kûepe mba'e resé nde ma'enduara enhemongetábo ekupa?
eu estou ficando pensativo,Apyk gûitekóbo
o que eu tomo,xe remiîara
voo como este vento,Abebé kó ybytu îá
"você tem olhos cobiçosos, olhando para alguém?",Nde resá-poropotápe amõ resé ema'ẽmo?
por isso mesmo todos os homens ficarão pálidos de aflição,Nd'e'i te'e opá abá robaîubamo tekotebẽ suíne
desconjuntei o pé,Aîepy-mongaraû
carpi,Akapir
você teve relações sexuais com uma mulher casada?,Ereîkópe kunhã-mendara resé?
não vou te denunciar,Nd'oromombe'uî xóne
somente as levei nas minhas mãos,Xe pópe nhote arasó
"era tão grande que, por isso mesmo, ficava caindo com ela",Turusukatu Nd'e'i te'e sero'a-ro'a
cerca feita de ramos,ybyrá-pokanga
você fez da tua companheira uma prostituta?,Ereîmosugûaraîype nde rapixarĩ?
roço a mata,Aka'agûyrok
apaga o fogo,Emogûeb tatá
"rio acima, a montante",y-anhangoty
calos nos pés,mby piru'a
"a sem filhos, a fêmea estéril",membyre'yma
você o tomou depois de comer ou depois de engolir alguma coisa?,Ereîápe nde mba'e 'u roîré koîpó mba'e amõ mokon'iré?
você me alegra muito ao narrar assim os fatos,"Xe moory-katu îepé, inã tekó mombegûabo"
vou comer seus miolos,I aputu'uma t'a'u
matamos um ao outro,Oroîoîuká
minha ida se aproxima,Okakar xe sorama
"na sua própria casa, o desejo sensual consentia",Og okype îopotara repîakĩamo
"depressa, me arrastam fortemente","Taûîé, xe rekyî-atã"
acende o fogo,Emoendy tatá
quem tem relações sexuais com uma solteira transgride muito a palavra de deus,Mene'yma resé oîkoba'e oîaby-eté Tupã nhe'enga
"aonde chegaram com nosso senhor, afinal?",Mamõpe ybŷá Îandé Îara rerobasemi ko'yté?
melado ou mel de cana-de-açúcar,u'ubae'ẽ eíra
"ainda, ainda me odeia, fulano",A'é byter aîpó gûi'îabo - Ainda digo isso E'i byté-byterĩ ahẽ xe amotare'yma
veja minha doença para que se compadeça de minha alma,Esepîak xe mara'ara t'eresaûsubar xe 'anga
ela fez assim,Emonã ûĩ sekóû
eis que estou aqui para te procurar,Kó xe rekóû nde reká
brilhou lindamente,Oberab-aysó
"conto-o, digo-o e desdigo-o",Arekorekó i mombegûabo
"nossa companheira de guerras, causa de nossa bravura","Îandé maranirũ, îandé abaîtéba"
o meto pelo pescoço,Aîmondeb o aîurybo
os que andam pelo caminho,pé rupi ogûataba'e
eu a estraguei,Aîmoaikatu
"oh, então é assim, na verdade!","Tó, inã îepé ra'e!"
"pão celestial, comida dos anjos","Miapé-ybakygûara, apŷabebé remi'u"
oxalá ele viesse!,Our be'ĩmo mã!
todos vão em procissão,Opabenhẽ gûá sóû îebyîebybo
eu tinha me esquecido por causa da muita aflição,Xe resaraî tekotebẽ-eté suí!
confundindo as pessoas,o poromonã-monana
a vida eterna que eles terão no céu é a que mudará?,Oîekûabokyba'eramape tekopuku ybakype semierekorama?
a segunda dele é a satisfação dos cônjuges,I momokõîndûara mendara moîekosupaba
de cada um de vocês o senhor deus encarregou um anjo,Pe îabi'õ Pa'i Tupã karaibebé moingóû
"que sejamos corajosos, sim, suportando as coisas dolorosas como você","T'oré pyatã, angá, mba'easy porarábo nde îá"
"por isso mesmo, todos quiseram igualar-se ao seu criador?",Nd'e'i te'e serã oîemoîoîá-pá-potá o monhangara resé?
"leva a minha alma que te ama, fazendo-a subir com você",Xe 'anga nde raûsupara erasó seroîeupi
folha tenra,sokyra
a água benta é a causa da fuga do diabo,Anhanga nhegûasembaba 'ykaraíba
enfeites do rosto,tobá posanga
ele o faz há muito tempo,E'i ymuanĩ ahẽ i monhanga
"o tomou como substituto de judas, que entregara deus-filho",Îudas Tupã Ta'yra me'engarûera rekobîaramo tari
"em dois dias e, quando chegou o terceiro, voltou a viver",Ara mokõî i momosapysaba pupé o ekobeîebyri
também tinha fome e sede como nós?,"I ambyasy bépe, i 'useî bépe asé îabé?"
venha para o meu lado!,Eîori xe posé
acaso outrora a alma de algum homem não ia para o céu?,Abá 'angûera amõ soe'ymi ybakype erimba'e?
"ah, como seria bom se esse fulano morresse por aí!",Marãîasûaramo ahẽ kûepe se'õ mã!
"ao perceber isso, ontem deixei minha casa","Kó anga andupa, aseîá kûesé xe roka"
do lado de fora dele,i apé koty
sua mãe nem sequer sangrou,I xy na sugûyî tiruã
"lá não há choro, não há doença, não há fome, e também não há sede","N'i tybi a'epe îase'o, mba'easy n'i tybi, n'i tybi ambyasy, 'useîa bé n'i tybi"
coisas que costuma sofrer,mba'e o emimboraratyba
"ambas estas mãos, o número dez",opá kó mbó
pus as bordas dela,Asembe'y-rung
o fiz emagrecer,Aîmoangaîbar
vivo retirando-as,Anosẽ-sem
mentira),temo'ema
"venham, levem os malditos, erguendo-os para sapecá-los em nosso fogo, zombando deles","Peîori, perasó muru, supi îandé ratápe sapeka, i monga'ẽmo"
você foi traidor de sua esposa?,Eremondarõpe nde remirekó suí?
"esses moçacaras são famosos, são uns beberrões","Serapûan kó mosakara, i kaûĩgûasuba'e"
"você trouxe muitas coisas, por acaso?",Ereruretá serã?
estou me amancebando,Xe agûasá gûitekóbo
me agrada muito,Xe moapysy-katu
canavial,takûare'ẽ-ndyba
"que sejamos corajosos, sim, suportando as coisas dolorosas","T'oré pyatã, angá, mba'easy porarábo"
"água cheia, maré alta",ty-apogûasu
eu sou preto,Xe run
rodeei-o,Anhaman
veio de longe um grande chefe para te procurar,Oú tubixá-katu mamõ suí nde reká
fez passar todos os seus discípulos para as tuas mãos,Opá o boîá nde pópe i mongûapa
fica! só quando você bebe cauim você quer ser valente? palermão! centopéia!,Epytá! Kagûápe nhõ nde ratãngatu-potá? Manemusu! Ambu'a!
eu sou ciumento,Xe rygûyrõbor
"assim, na verdade, eu determinei",Emonã nakó xe rekopotari
forno para potes,kamusi rapŷaba
as mulheres invocam o pajé caruara,Osekyî kunhã maîé Karûara
querendo o abrandamento da nossa doença,Asé mba'easy arybé potá
você ajudou alguém em um roubo?,Ereîpytybõpe abá mondá resé?
"sim, aqui estão também minhas garras","Îé, kó bé xe pûãpẽ"
fazê-lo sofrer o frio,Îaîmomboreaûsu ro'y
"logo, certamente, você passará no lugar em que moro",Koromõ ipó eregûatá xe rekoápe
você matou?,Ereîukápe?
pôr a mão neste nosso fogo é terrível; quanto mais terrível é que os homens ali se queimem eternamente,"Ikó îandé ratá pupé asé po'ẽma biã iî abaeté, memetaé a'epe aûîeramanhẽ abá kaîa o abaetéramo"
o que é felpudo,i îatyrá-tyraba'e
"ali, atacando as moças",A'epe kunhãmuku repenhana
ó minha mãe!,Xe sy îu!
eu o amo,Asaûsu biã
você vê a variedade de coisas,Esepîak tekó paraba
"como quando vocês olham para o céu, veem sua beleza","Pema'ẽ rame'ĩ ybaka resé, pesepîak i poranga"
meu pensamento,xe 'anga
sua muita bondade se engrandecendo,I angaturãngatu moeburusûabo
suas palavras duras não cessam,N'opyki i nhe'engatã
a que se assemelhava o suor dele?,Mba'e abyare'ymape syaîa?
não tendo nojo de mim,Xe suí oîegûarue'yma
se aquecendo perto do fogo,Tatá ypype oîepegûabo
"venham, levem os malditos, erguendo-os, para queimá-los em nosso fogo","Peîori, perasó muru, supi, îandé ratápe sapeka"
o miolo dele,i apytera
eu sou libertina,Xe resaeté
todas as nuvens que caem do céu cobrirão a terra,Oky-ko'ẽ-ko'ẽ amana
a crença na dança enche os corações deles,Moraseîa rerobîara i py'a îaîporaká
"eu sou o alegre ibitirapé, do topo da montanha","Xe rory Ybytyrapé, ybytyrapûá suí"
finalmente ele vem,Rumby ahẽ oú ko'yté
tenho tendência a esquecer; sou esquecido.,Xe resaraî-potar
"até mesmo seus ossinhos a gente cultua, tendo-os ao pescoço.","Asé i kangûerĩ tiruã momba'etéû, o aîuri serekóbo"
a dor da minha cabeça piorou muito.,Oîerekoaíbeté xe akanga rasy xe suí
sou semelhante aos selvagens.,Xe rapixá saraûaîa
bico de pássaro fora do corpo,tĩmbûera
não consigo ficar calado.,Na xe îuru-pyki
"filho bastardo, filho do amante",agûasá membyra
"o que é de antigamente, o que é antigo",kûesenhe'ỹndarûera
vou comer seus miolos.,I 'aputu'uma t'a'u
será que vocês amam o seu salvador?,Pesaûsu ra'upe pe pysyrõana?
nesta semana,kó semana pupé
não são poucos,Na mboby ruã
fazendo as pessoas beberem cauim ou dando-lhes de beber,Abá mongagûabo koîpó se'yma
"na verdade vou me enfeitar, pintando-me de preto.",Aûîeté-pakó aîegûak ûinhemoúna
"na verdade, você negará três vezes ser meu discípulo antes que o galo cante duas vezes.",Mosapy ipó xe boîáramo nde rekó ereîkuakub mokõî gûyrá sapukaî' e'ymebéne
por aqui,kóbo
"embora vocês tivessem se esforçado, ficaram deitados ao meu lado por pouco tempo e não dormiram.","Pesa'ang îepé peuî korite'ĩ nhõte xe pyri, pekere'yma"
empurre-o para o seu fogo.,Oîmoanhã satápe
de acordo com as palavras do chefe dos cristãos,Cristãos rubixaba nhe'enga rupi é
a gente vai comemorar bem este dia.,A'eboé ebokûé 'ara asé oîmoeté-katune
estou feliz por causa da sua ida.,Xe roryb nde só resé
entrei para ficar ancorado.,Aîké gûitupa
"daqui, certamente, passou para a índia, terra dos indianos",Ké suí serã i asabi India tapyîtinga retãme
você ergueu jesus em seus braços.,"Endé, nde îybápe, Îesu eresupi"
"eis que a bela vida de maria era, certamente, famosa.","Anhẽté, kó serapûan Maria rekó-poranga"
esbofeteei suas mãos,Aîpó-petek
tenho azia.,Xe pusu'umukaî
compadeci-me dele,Aîmomboreaûsub
"o que é totalmente conhecido, coisa notória por fama",i kugûabypypabẽ
já mencionei todos os impedimentos do casamento.,Opá mendara moarûapaba aîmombe'u ymã
"por isso mesmo repreendeu seu companheiro, desagravando-o","Nd'e'i te'e o apixara akakapa, sepyka"
à medida do que havia delas,i îaîbeĩîé
"eis aqui meus chifrões, meus dentes, sim; eis aqui também minhas garras","Kó xe 'akusu, xe ranha Îé, kó bé xe pûapẽ"
"a gente diz ""quinhão de deus"" para aquilo que é dado?","Asé aîpó i me'engymbyra supé ""Tupã potaba"" i 'éû?"
ambos tremerão hoje,Mokõîbé osyî kori
vamos pelos seus rastros,Sakypûera rupi é îasó
que deus te coloque nas alturas como sua própria filha,T'e'i Tupã nde moingóbo o aîyramo ybaté
vou me embebedar para perder o juízo,T'asabeypóne 'ara mokanhema
"mais tarde, antes de deixar-se matar por nós, tomou o pão em suas mãos",Oîrã îandé resé o îeîuká-ukar-y îanondé miapé rari o pópe
"ah, é muito bonito o menino que poderia ser um escravinho!","I porangeté kunumĩ, miaûsubambûerĩ mã!"
não de outro modo eles me combaterão,Na marandé ruã i pokoki xe rine
"o que não honra a deus, seu verdadeiro criador",Tupã o monhangareté moetesare'yma
"você mesmo é a causa do seu dano, querendo revirar minha casa",Endé aé ereîekûá xe roka pobu-potá
e o que acontece quando as grávidas querem beber água?,A'epe muru'apora 'y 'useîtápe marã?
que ele me leve ao seu lugar de felicidade,Ta xe rerasó og orypápe
contá-lo-á ao padre para que o anuncie na igreja,Abaré supé i mombe'uû Tupãokype seronhe'engaûama rine
vai me fartando,Seby-sebykĩ ixébo
eu sou médico,Xe reburusu nhote
me estiro,Aîetu'u
a multidão de nós se afastando,Îandé retá îandé pe'abo
não venho com a intenção de que me alimentem,Aîur ta xe poî na ûi'îabo ruã
"fez-nos viver, sofrendo a morte","Îandé moingobé, te'õ porarábo"
os habitantes do céu,ybakygûara
"depois de querer vê-lo, em vão, há muito tempo",Kûesenhe'ym bé sepîá-potá tenhẽ roîré
meu cansaço é grande,Turusu xe kane'õ
instrumento para fender lenha,îepe'a-mobokaba
por acaso o seu segundo braço não chegava ao lugar onde iam os pregos?,Ogûatá îepé serã i îybá mokõîa itapygûá soarama resé?
aquele mesquinho excomungado também não se mostra digno de ouvir a missa,Nd'e'ikatu béî aîpó i pe'apyra'uba missa renduba resé
"como meus súditos, todos os tenho bem em minhas mãos",Xe boîáramo pabẽ xe pópe arekó-katu
"vocês não têm ouvidos, como de costume, confundindo esta aldeia","Na pe apysáî, îandu, ikó taba apamonana"
todas as línguas dos homens por aí afora os fizeram conhecer?,Opakatupe kûeîpe abá nhe'enga kuabukari i xupé?
mas a gente não vai pôr a mão na boca para desgrudá-la?,Nd'opo'ẽî xûé-tepe asé o îuru pupé i mbo'iragûama reséne?
venha novamente para curá-los a todos!,Eîorino i mombûeîrá pá!
o próprio deus distinguiu o padre como seu substituto,Tupã é abaré oîmoîa'ok gûekobîaramo
"não durmo a noite toda, absolutamente",Pysaré n'aker-angáî
abraçando a cintura do seu parceiro,nde rapixara ku'a îubana
o que a gente diz antes de dormir?,Marã e'ipe asé o ké îanondé?
levamo-los um atrás do outro,Oroerokûaka'ar
ajuntamento de taquaruçu,takûarusu-tyba
segundo o julgamento de deus sobre nós,Tupã îandé rekomondykaba rupi
a fecundei,Aîmenõ
ainda não o amo,Nd'a'éî saûsupa ranhẽ
eu não sou sério nas minhas ações,Na xe rekoposyî
a gente pode vê-lo aqui também?,E'ikatupe asé iké bé sepîaka?
não sou diferente dele; pareço com ele,N'aîabyî
como estarão minhas amantes?,Marãngatupakó xe agûasá rekóû ri?
"levaram-no para um certo palácio, fizeram-no entrar e reuniram ali soldados fortes por sua causa","Ogûerasó amõ okusupe seroîkŷabo, a'epe maranaritekoaratã reŷnhanga sesé"
os que vivem para isso violam muito a lei,Ikoba'e resé tekoara oîaby-eté tekó
vou reavivar a velha guerra,T'aîopũne marandûera
nos aproximamos um do outro,Oroîoerobyk
eu estou fendido,Xe îurubok
estou latejando,Nyn-nyng a'é
que ele se compadeça de mim,Ta xe raûsubar
o próprio pedro me mandou agir assim,Pedro aé emonã xe moingó-ukar
corto a pele dele,Aîpi-mondok
no meio dos anjos a fez subir,Karaibebé pyterype supiri
havia algumas cordas compridas,Iîysapuku sama amõ
livra-nos dos que nos querem mal,Oré pysyrõ îepé oré amotare'ymbara suí
"como ele, você também curou os doentes",Supi bé eremombûeîrá mara'abora
aqui estão meus chifrões,Kó xe 'akusu
seu filho se poluiu outrora porque você o desejou?,O'ẽpe erimba'e nde membyra nde i potasápe?
vou cobrir você.,T'oropyk
estou cambaleando.,Xe agûy-agûy
nesta semana,kó somana pupé
"cabelos muito arrepiados, desgrenhados",a-tyrá-tyrá
"sim, aqui estão também minhas garras, meu rabo comprido.","Îé, kó bé xe pûapẽ, xe rûaîpuku"
devastou todas as aldeias.,Opabẽ taba mondyki
fazendo com que todos os seus discípulos passassem para as suas mãos.,Opá o boîá nde pópe i mongûapa
"igualmente, a morte está entre os jovens e os velhos, não está distante.","Oîoîá te'õ rekóû kunumĩgûasu suí tuîba'e suí bé, n'apûéî"
para aspergir seu aposento e seu próprio corpo.,O koty og o'o repyîagûama resé
da mesma maneira,emonã bé
que tudo o que está na terra esteja de acordo com a sua vontade.,T'oîkó pabẽ ybypesûara nde remimotara rupi
a dança é boa; enfeitar-se e pintar-se de vermelho.,"Moraseîa é i katu, îegûaka, îemopyranga"
como forma de espantar o diabo.,Anhanga mondyîtabamo
dançaram a noite toda,Oporaseî pysaré
dormiu comigo,Xe posé i keri
é muito belo o seu nome.,I porãngatu nde rera
seu fechamento,i 'o
estou cansado.,Xe kane'õ
vagem seca,Topé-tininga
tenho a casca erguida.,Xe pé-bur
onde você roubou?,Umãmepe nde mondá?
"venha, espantando o diabo, para que ele não nos vença.","Îori, anhanga mondyîa, oré moaûîé suí!"
"finjo que o levo, faço de conta que o levo.",Arasó-rasó-a'ub
"assim como as pessoas celebram o dia dos santos, do mesmo modo também cultuam até mesmo seus ossinhos, tendo-os no pescoço.","Oîabo asé santos 'ara kuabi, oîabo bé asé i kangûerĩ tiruã momba'etéû, o aîuri serekóbo"
"antigamente, estes habitantes da aldeia estavam sob minhas mãos.",Akûeîme kó tabygûara xe pó gûyrybo sekóû
ponho-os um diante do outro.,Aîmoîobaîxûar
não perceberemos a noite.,Putuna nd'îaîandubi xûéne
"venham para comer a criança, o cuidado de deus","Peîori pitanga gûabo, Tupana resaetá"
"corda de panacu, que passa pela cabeça de quem o leva.",panakũ-sama
"viram somente muitas chamas, parecidas com as línguas das pessoas","Tataendy-etá, asé apekũ abŷare'yma anhõ osepîak"
fibras muito grossas,pó-anamusu
sem fazê-los transformar na terra,Ybyramo i moingó-ukare'yma
"ó! isso não seria possível contar, ainda que o sol se pusesse!","Tó! Aîpó n'i papasabi, kûarasymo oîké îepémo!"
do nada ele fez nossa alma; foi com sua palavra que ele a fez,"Nama'eruã oîmonhang asé 'angamo, o nhe'enga pupé é i monhangi"
que o diabo fuja dele,T'onhegûasem Anhanga i xuí
rio dos robalos,kamuri-'y
"estava ele despido, simplesmente, em público?",Ikatupe nhẽpe sekóû te'yîpe?
você ia ali por ocasião dos feriados,A'epe 'aretéreme eresó
tenho-os bem em minhas mãos,Xe pópe arekó-katu
"o homem, mesmo vingando-se dos que o maltratam, transgride a palavra de deus?",-Ogûerekomemûãsara resé oîepyka tiruãpe abá Tupã nhe'enga abyû?
o que está no pote,kamusi pora
este outro,kó-te
"os cristãos, na verdade, não pecam pouco","Karaíba, ipó, n'oîkoangaîpá-pyrybi"
foi agora pela primeira vez,Aramõ
tingo-o de vermelho,Aîpitu-pyrang
sofrendo fome e sede,"ambyasy, 'useîa porarábo"
"dançaram a noite toda, fazendo feitiçarias","Oporaseî pysaré, oîemopaîeangaípa"
muitíssimo rechonchudo,asangusugûasu
"por causa disso, já se juntaram as velhas e os velhos",Onheŷnhang umã sesé gûaîbĩ tuîba'e abé
meu filho que mama,Xe membykambu
nosso pai verdadeiro,îandé rubeté
enfileirei-os,Aîmoysyrung
não,-Oîporará bépe mba'e amõ a'epe oîkóbone? -Aani xûéne - Sofrerão ainda alguma coisa aí vivendo?
fazendo com que deus descesse consigo do céu,Tupã reroîypa ybaka suí
vou à caça,Ka'abo asó
estou à caça,Ka'abo aîkó
estamos nos espalhando,Oronhemosasãî oroîkóbo
"eu sou um guará-guaçu, uma onça","Xe agûaragûasu, îagûara"
"deus deu, então, determinações para nosso pai primeiro?",Osekomonhangype a'ereme Tupã îandé rubypy?
"e suas roupas velhas, o que fizeram com elas?",I aogûerape marã serekóû?
"como a esses, eu mato os que costumam pecar","Anga îá, angaîpabora aîuká"
"mostrando-o aos judeus, querendo fazê-lo ir sem mais","Îudeus supé sepîakuká, i mondó-nhẽ-motá"
honra teu pai e tua mãe,Eîmoeté nde ruba nde sy abé
o oposto de comer demais é comer apenas o suficiente,Mba'e 'u-eté-eté robaîara oîá nhote mba'e 'u
chifre de boi,tapi'irusu 'aka
"um ou outro, porventura, foi mau às vezes","Oîepé-ĩombé, nipó, i angaîpab amõme é"
num dia semelhante a este,Kó 'ara nungara pupé
o feri,Aîkutuk
de que parte?,mamõ-ngoty suí?
vou louvar muito meu pai,Aîmoeté-katupe xe ruba ká
hoje mesmo vamos fazê-lo sumir,Kori bé t'i mokanhẽ
estava nascendo sem que ela perdesse a virgindade,I puke'ỹme nhẽ o'a oúpa
fundei uma aldeia,Atabypyrung
constantemente,-Mba'e-mba'eremepe asé îeruréû i xupé? -Îepi nhẽ - Em que ocasiões a gente reza para eles?
no decorrer de quatro gerações,Oîoirundyk îeapyká sykápe
de quem és tu filho?,Abá ra'yrape nde?
me esforço muito,Anhemoatãngatu
inchei,Abur
"por causa de um homem branco ter te feito trabalhar, trabalhaste num dia que deve ser guardado?","Karaíba nde moporabykŷápe, ereporabykype 'ara i momba'etepyra pupé?"
derrubei as folhas dela,Aîmonguî soba
pus-lhe uma touca,Aîakangaó-rung
a gente iria para o céu só por se batizar?,Osó nhẽmope asé ybakype o nhemongaraibireme?
trouxe o resto das minhas presas para a rainha,Xe rembiara rembyrûera arurĩ reîa supé
o que vai,osoba'e
"os temiminós, de dia, confessam apenas seus pecadilhos",Temiminõ 'arybo nhẽ oîmombe'u o angaîpá-mirĩ anhõ
"outro dia, não agora",irã é irã
quero mesmo destruir todas as aldeias,Aîpotá-katutenhẽ opabĩ taba mondyka
"o que é viúvo, o viúvo",seremirekoe'õba'e
"eia, afasta-me depressa!",Ne'ĩ taûîé xe reîyîa!
"hei de ir para onde me mandam, porque eu, por vontade, quero assim fazer","Îé t'asóne xe mondoápe Memeté ixé, xe py'ape, emonã tekó potá"
vou te dar ovas de peixe em retribuição,"T'ame'ẽne pirá ruba endébo, ûiîepyme'enga"
o menino deseja mamar,I kamu-seî kunumĩ
"imediatamente se vingam do seu próximo, chacoteando-o","Aûnhenhẽ o apixarĩ îepyki, i kurapa"
não oporão resistência uns aos outros,N'onherani xûéne o îoupéne
estou morno,Xe rakubaíb
ainda hoje os malditos queimam,Oîeí bé muru kaî
"minha nação, outrora, estava segundo a primeira lei","Xe anama, erimba'e, tekó-ypyramo sekóû"
o pecado de um primeiro homem branco foi a causa de sua entrada neste mundo,Oîepé karaíbypy rekoangaîpaba ikó 'ara pupé seîkeagûera
"toda a aflição que envolve o homem, enfim",Opá tekotebẽ abá amana ko'yté
eis que vou,Té ixé gûixóbo
"como um galo, você se deita",deitar-se - Gûyrá-sapukaîa îabé ereîetu'u
os pássaros eram relativamente poucos,Gûyrá setapokang
o que não foi morto,I îukapyrûere'yma
sou ligeiro de mãos,Xe pobebuî
havia muitíssimas canoas,Ygara setá-katu
digo novamente,A'é benhẽ
como recompensa pelo seu afastamento da vida má,Tekó-angaîpaba suí o îepe'aagûera repyramo
pecado que assassina as pessoas,Tekoangaîpaba oporapitiba'e
em vão o padre quer convertê-la a deus,E'i tenhẽ abaré Tupã resé serobaka potara'upa
"esconda-se, fique quieto","Enhemim, nde kyrirĩ"
amarram fortemente suas mãos,Îapopûar-atã
"você se enfeitou, pintando-se, tendo desejos carnais?",Erenhemoatyrõpe eîegûaka nde poropotaramo?
"eis que eu amo as suas almas, aformoseando-as, embelezando-as","Xe ikó asaûsu pe 'anga i moaysóbo, i momoranga"
que eu deteste muito o diabo,T'aroŷrõngatu Anhanga
eco de minhas palavras,xe nhe'ẽ-'anga
estou muito manchado,Xe rabará-barab
levo de má vontade,Arasó-îeaseî
"eia, que você more com o senhor nicolau","Ne'ĩ, t'ereîkó pa'i Nikorá irũ"
o que não é morto,Miîukae'yma
quer muito nos perdoar,I nhyrõngatu-potá îandébo
"ergueu-se com as feridas das suas mãos, dos seus pés e do seu flanco?","O pó, o py o yké kutukagûera bépe erimba'e ogûeropu'am?"
o resgate da minha alma,xe 'anga repymondykaba
não,-Nd'oîporaráî xûémop'asé mba'e amõ 'ara pupé oîkóbomo? - Aani xûémo - Não sofreria a gente coisa alguma vivendo no mundo?
"eu falo bem, sou um bom orador",Xe nhe'ẽngatu
trazendo algumas linhazinhas,Inimbó'i amõ reru
todos os cristãos me honram muito,Opakatu karaíba xe momba'eté-katu
prensa de cana-de-açúcar,u'ubae'ẽ pokasaba
teve prazer com suas lembranças dos seus pecados antigos?,Ereîmborype nde angaîpagûera resé nde ma'enduasaba?
há muitas coisas que impedem os casamentos,Setá mba'e mendara moabaipaba
lugar para vender carne: açougue,so'o ma'e'ĩndaba
me apresso hoje por causa da sua fama,"Xe apuãnamo kori, nde rerapûana resé"
"ai, por mais que eu esteja procurando alguma pousada, irra, o padre sempre me faz sair da aldeia","Akaî! Aseká îepé mytasaba amõ gûitekóbo, erĩ!, xe mosẽ memẽ taba suí abaré"
"eis que sou eu mesmo, já lhes disse isso","Ixé aé ã, a'é umã n'akó peẽmo"
derrubam a ponte para que a canoa passe,"Îarybobõ omonguî, ygara kuabĩ potá"
cheirando as coisas,mba'e retuna
que eles sofram junto dos malditos!,Ta sasy muru supé!
você conta o nome de alguém quando o padre lhe confessa?,Ereîmombe'upe abá rera abaré nde monhemombegûápe?
o que você costuma dizer quando ensina as pessoas?,Marã eré-p'amẽ eporombo'ebo?
sendo também odiados,Seroŷrõmbyramo oîkóbo bé
e vocês se preocupam hoje em dia com as futuras penas de agir assim?,A'epe emonã pe rekopûera repyrama resé koyr-y bé penhemosako'i
somos desiguais uns dos outros,Oroîoaby
sendo seu guardião,Serekoaramo ûitekóbo
oxalá chegasse então,Temone a'ereme osykamo
para que sejamos dignos do que cristo prometeu,T'oré angaturãne Cristo remienõîûera resé
a gente vê aquela coisa branca e também os arredores dela,"- Akó morotinga, i amandaba bé asé osepîak"
"adversária da morte, senhora da vida","Te'õ rupîara nhẽ, tekobé îara"
"por causa disso, somente, deus os fez ser diabos",Sesé nhõ Tupã i moingóû Anhangamo
"irra, gambá!","Erĩ, sarigûeîa é!"
casa que seria — o que seria casa?,okambûera
"por isso mesmo, amando-a, não a deixou carecer de nenhuma virtude",Nd'e'i te'e tekokatu amõ resé i mopaneme'ymi saûsupa
castigar os que procedem mal,Oîkó-memûãba'e renonhena
não me enterneço por aquele que morreu para me resgatar,Xe repyramo omanõba'epûera ri xe akyre'ymamo
que teu roubo seja reparado,Ta sepy nde mondagûera
eu sou resplandecente,Xe kanugûá
estou em dúvida,Xe 'angetaetá
"entram grandes espinhos, espetando-lhe a cabeça e perfurando-a toda","Oîké îugûasu, i akanga kutuka, opá i mombuka"
sendo ele bom,okaturamo
"o homem, geralmente, tem muitas palavras em vão quando se aproxima da sua morte",I nhe'engetá tenhẽ nakamẽ abá ogûe'õ kakareme
aquele que será morto,miîukarama
enquanto ele não vem,ture'yma pukuî
"o dia de são sebastião, em que ele morreu, é comemorado pelos cristãos para se santificarem","S Sebastião 'ara, se'õagûera, cristãos oîmoeté oîemotupana"
embarquei,A'ar
enforcador,aîubykara
eis que aqui estou para quebrar a tua cabeça por causa de tua arrogância,Kó aîkó nde akanga kábo nde îerobîara suí
raro,pokangi nhõte
"e se dividirem seu sangue em pequenas partes, estará em cada uma delas?",A'epe sugûy moîa'o-mirĩ-mirĩneme i îabi'õpe i kûáî?
forno de cal,itaku'i-apŷaba
"com uma lança, espetaram o seu flanco, fazendo com que imediatamente dele saíssem água e sangue",Minusu pupé iî yké kutuki aûnhenhẽ 'y sugûy abé i xuí i 'ẽaûama
o feri,Aîosok
esporão de embarcação,ygá-tĩkupeara
"ah, que atrevido!",Tekatueté mã!
dizendo palavras más sobre coisas nojentas,Mba'e-poxy koty onhe'engaíbamo
isto pela primeira vez,Ang é
"na igreja, publicamente, diante de duas pessoas","-Umãmepe i poromomendari? -Tupãokype, ikatupe nhẽ, mokõî abá robaké -Onde ele casa as pessoas?"
mais de vinte,vinte sosé
meu senhor te mata,Nde îuká xe îara
"que conheça o caminho do céu, obra de deus","T'oîkuab ybaka piara, Tupana remimonhanga"
"por que me abandonaste, ó meu senhor?","Marãnamo-piã xe pe'a îepé, pa'i gûé?"
o que é medido,sa'angymbyra
"eis meus chifrões, meus dentes","Kó xe 'akusu, xe rãnha"
o que era pão,miapepûera
como se em asas de pássaro,Gûyrá pepóbo pyryb
fico me espreguiçando,Aîepoká-poká
mas será que foi mesmo?,Osó-tepe ra'e é?
- por isso nós rezamos aos santos? por isso?,-Emonãnamope asé îeruréû santos-etá supé? -Emonãnamo
glória vã,îerobîá-tenhẽa
eu sou melhor,Ixé xe katueté
você obedece a eles quando eles fazem você viver no vício?,Eresapîápe tekopoxy resé nde moingóreme?
não durei,Nd'aîkopukuî
lançando fora a sujeira da minha alma,Xe 'anga ky'a reîtyka
essas folgadas são más,I angaîpá kó kena'ĩ
eu sou liberal,Xe mosakar
é a você que matam?,Ndepe nde îuká?
"vem para me fazer regozijar, dando sua boa lei","Îori xe moîekosupa, nde rekokatu me'enga"
que a esposa não vá longe,T'osó umẽ temirekó kûepe
estamos intercalados,Oîoparabamo orokûab
na dor dos ciúmes você ficou desconfiando das mulheres?,Tygûyrõ rasype é kunhã eremondá-mondá?
rastro da cobra,mboîa kuapagûera
antigo jazigo,tupagûera
olhando furtivamente para cá,kûybõ oma'ẽ-nhemima
confessando a gente,Asé monhemombegûabo
profundidade dele,typy
o que se envergonha,otĩba'e
o molengão que convido,xe remipoîmembeka
o que tem ponta em forma de nádegas,seîkûaratĩba'e
virei a cabeça para um lado e para o outro,Anheakã-mobabak
coisa rapada,mba'e-apina
eu nem mesmo tenho água,Y tiruã n'arekóî
sai daqui já!,Ekûá ké suí raá!
tosei bem,Aîmoapererá-katu nhote
por isso mesmo não tinha maldade antes de se destinar a ser mãe do filho de deus,Nd'e'i te'e o poxye'ymamo Tupã-Ta'yra syramo o îe'o îanondé
obedeceremos às suas palavras quando ele determinar a respeito do futuro procedimento de nossa alma?,"Osapîápe asé i nhe'enga, o 'anga rekorama resé o moingóremene?"
para não enlamear a nossa alma,Asé 'anga motuîukukare'yma
coloque a cruz em nossa testa e também sobre nosso coração,Asé sybápe cruz moíni asé nhy'ã 'arybo bé
eis que vem aqui pertinho,Kote'ĩ turi kó
como lhes parece?,Marãete'ĩ-pipó peẽmo?
estou como mensageiro,Paresaramo aîkó
vou a pé,Xe py resé nhẽ asó
"mas foi, por acaso?",Osó ruã-tepe é?
"o que é de cada dia, algo cotidiano",îepimemẽndûara
"não diga por aí, falsamente, a respeito de ninguém",Nd' eré mõ tenhẽ umẽ abá resé
"o grande chefe aimbirê, o pervertedor dos índios","Tubixá-katu Aîmbiré, apŷaba moangaîpapara"
com algumas coisas saborosas,Amõ seba'e irũmo nhẽ
nunca mais,aani xûé ko'yténe
qual foi o primeiro?,Umãba'e ranhẽpe erimba'e oîkó?
a recitação das ladainhas,Ladainhas ra'angaba
"arranca teu nome por causa dos malditos, para que sejas muito famoso",Eîerok moxy resé ta nde rerapûãngatu
conte todos os que estão nesta aldeia como seus filhos,Opá kó taba pupîara o membyramo i papari
que ela nos destrua para que vivamos contigo,"Orébe t'oré mondyki, nde irũmo t'oroîkobé"
eu permaneço seu guardião,Aîkobé n'ixé sarõana
"por causa de sua esposa, o marido dela não teve medo de comê-lo","Ogûemirekó resé, i mena nd'o'u-poûsubi"
minha família me fez vir,Xe anama xe mbouri
o desejo de sumir para longe enche seus corações,Mamõ nhẽ kanhẽ-motara i py'a îaîporaká
como resgate de todos os que irão ao céu,Opakatu ybakype osoba'erama repyramo
eu sou redondo,Xe apỹî
armação de cama,inimbebytá
estamos com ferros ao pescoço um do outro,Oîoapyri oroîkó itá resé
"sabendo que deus fez você sair daquela escuridão, honre a deus","Aîpó pytunusu suí Tupã nde mosemagûera kuapa, eîmomba'eté Tupã"
"como um galo: quando alguém apenas te toca, você imediatamente vai para o seu terreiro para cantar, com seu esporão batendo contra ele","Gûyrá-sapukaîa îabé ereîetu'u Nde atõî nhote abá, aûnhenhẽ eresó nde rokápe enhe'engá, nde rapopé moboka i xupé"
veem somente sua grandeza e sua formosura,O îoe'yîa anhõ o aysó abé osepîak
amarrei o cabelo,Aîe'a-maman
mas os aracajás se deleitam com eles,Arakaîá-te ombory
"espere! que o maldito venha primeiro, vindo com sua ferocidade","Enhambé! T'oú-te muru, ranhẽ, o nharõ rerobasema"
para lavar a sujeira de nossa alma,Asé 'anga ky'a reîme
aqueles serão consolados,A'eba'e i moapysykypyramo sekóûne
me oponho a ele,Asobaîar
trouxe o resto das minhas presas para a rainha,Xe rembiara rembyrûera arurĩ reîá supé
breei o casco dele,Aîapé-kytyk
meu senhor me mata,Xe îuká xe îara
certamente morreríamos antes que contasse às pessoas o que viu,Îamanõ îepémo serã sepîakagûera abá supé mombe'u e'ymebémo
a gente vai morrer com sua crença também?,Serobîara bépe asé ogûeromanõne?
certamente deve ter agido assim,Emonã ipó sekóû re'a
eu tenho criações,Xe reîmbab
"ah, quem me dera que o tivesse matado!",Aîuká me'ĩmo mã!
cria de seus animais,gûeîmbaba îeapyká
por falta de um confessor seu,o monhemombe'ûarama resé oîkotebẽmo
minha sogra também bebe cauim,Oka'u bé xe raîxó
vou contar os pecados deles para que você acredite em mim,T'aîpapáne i angaîpaba ta xe rerobîá îepé
"e os rapazes que perseguem mulheres, querendo torná-las escravas nas casas de cristãos?","A'epe kunumĩgûasu kunhã oîmomosemba'e, miaûsuba potá nhẽ karaibokype-katu?"
ergui a espinha,Aîpusû'ã-mogûyr
"o que é aumentado, multiplicado, etc",irumõmbyra
"você quis se embebedar antes, impregnando-se de cauim?",Eresabeypó-potarype erimba'e kaûĩ pupé enhemomungábo?
foi à minha frente,Osó xe renondé
o que você faz?,Marãpe ereîkó?
o desenrolei,Aîorab
estou em pé,A'amĩote
roçado antes de ser queimado,kopisaba 'ybapaara
"após a quarta-feira das cinzas sagradas, começa o grande jejum chamado quaresma","Quarta-feira-tanimbu-karaíba rasápe îekuakupabusu, Quaresma 'îaba nheypyrungi"
eu sou velho,Xe ymûan
arrancando nossos vícios,Oré rekopoxy 'oka
"deus vê tudo, mesmo o que está em nosso coração?",Opakatupe Tupã asé py'apendûara tiruã repîaki?
nosso senhor perguntou-lhes novamente?,Oporandu benhẽpe Îandé Îara i xupé?
"logo que ouço o nome dela, eu me escondo em outro lugar",Serenduba rupibé amongoty xe nhemimi
que ouça então algo que faça bem à sua alma,T'oîapysaká a'ereme marã o 'anga moingó-katuagûama resé
só isso está acima de tudo o que se deve desejar,A'e anhõ opakatu i potarypyra sosé
"mas apanhe primeiro, meu chefe!",Eîá-te xe rubixaba!
teu nome é muito belo,I porãngatu nde rera
já está ansiosa para vê-lo,Omoanhẽ ymã sepîakûama
minha alma fica firme,Xe 'anga moteni
calei a boca dele,Aîîuru-pyk
como estes aqui farão comigo após a minha morte,"Koba'e îakatu mbype, xe re'õ roîré ybŷá xe rerekóûne"
temos o casamento como símbolo da sua união com ela,Sesé i nhemonanagûera ra'angabamo mendá îarekó
eis que o sábado foi reservado para a cessação do trabalho,Aîpó sábado pysyrõû i pupé ybŷá morabyky suí o pykápe
estou mancando,Xe ate'ẽ
vou para fora,Asó mamõ
você escarneceu das mulheres?,Ereîemoîoîaîpe kunhã resé?
nasceu para nós hoje,O'a îandébo kori
"no meio de, no centro de",pyteri
atravessam as suas mãos juntamente com os seus pés,Îaîpó-asá-sá i py resebé
"ao longo dos dias, a cada dia",ara rupi
perdoa nossas maldades,Nde nhyrõ oré angaîpaba resé
quem ainda pratica os velhos hábitos dos avós,Tamyîa rekopûera oîporubyteryba'e
arrasamos todos os tupinambás que esfregavam o seu deus,Tupinambá i Tupã osyba'epûera opakatu îamombá
quem vê o furto de alguém e não se importa,Abá mondarõ osepîakĩba'e
você reteve alguma pessoa consigo?,Ererokûé-rokûerype abá amõ?
ninguém pode se casar com sua própria irmã,O endyra resé nd'e'ikatuî abá omendá
mas livra-nos das coisas más,Oré pysyrõ-te îepé mba'e-aíba suí
farto-o,Aytarõ
há aqui algo semelhante a um canindé azul?,Mba'epe ké kanindeoby îasûara?
como se voasse muito rapidamente,Korite'ĩ-aibeté obebébo berame'ĩ
muito escura é a alma de quem não é batizado,O pytumimbykamo nhẽ nhemongaraibypyre'yma 'anga rekóû
se você ficar preguiçoso por muito tempo,nde ate'ỹ-mukuramo
eu desmaio,Xe resapytumbyk
ainda que os pertences de alguém estivessem na prisão,Oubé rakó abá mba'e mundépe oína biã
confessar-se todo ano,Seîxu îabi'õ nhemombe'u
ele foi para a coutada do rei para cortar madeira,Morubixaba ybyragûype ahẽ sóû ybyrá 'apa
cepo: o toco da árvore que foi cortada,ybyrá-ypypûera
aconteceu-me uma tormenta,O'ar 'yaíba ixébo
fazendo com que ele se transformasse em seu próprio sangue,Og ugûyramo i monhemonhanga
fui ao caminho dele,Asapependûar
comemoramos seu nascimento,I 'aragûera îaîmoeté
"santa maria está muito cheia daquela coisa muito boa chamada ""graça""?","Tynysẽngatupe Santa Maria aîpó mba'e-eté ""graça"" 'îaba resé?"
coisa enlameada!,Mba'e-u'uma!
tragam alguns assentos,Peru apykaba amõ
bem feito! ambos queimarão juntos,Iîamuru! Mokõîbé pekaî oîepegûasune
o anjo entrou junto a ela,Karaibebé reîkéû i xupé
fazendo com que ele se derramasse por nós,O îesuí i mo'ẽuká asé resé
você apartou alguma mulher de seu marido?,Ereîmombo'irype kunhã amõ i mena suí?
estendi o arco,Aurapá-pirar
"quando a morte cair sobre eles, as almas dos homens morrem",Oîoesé te'õ 'asápe abá 'anga re'õû nhẽ
residente na capuava,kapŷápe tekoara
o que disse após prová-la?,Marã e'ipe sa'ang' iré?
"depois disso, cuide-se para não ser mau",Angyba'e roîré teumẽ nde poxyramo
"será que vocês estão sossegados, como os que não veem a morte?",Pe apysykĩ serã peîkóbo te'õ repîakare'yma rame'ĩ?
bebendo cauim durante a noite,Putuna rupi okagûabo
você comeu gente?,Ereporupe?
"suas túnicas rasgavam-se, estando furiosos",O aobusu mondoró-ndoroka o marãmotaramo
o batizado,i moîasukypyra
"o que delata, o delator",kuaukasara
flechar pessoas,moro-ybõ
não por eu ir,Na xe sopeî
reconhecendo que você é o seu próprio criador,O monhangaramo nde rekó kuapa
você ficou suspeitando do seu próximo no seu íntimo?,Ereîmondá-mondápe nde rapixara nde py'ape?
tenho inclinação para pedir,Xe îeruresûer
como estava orando ao seu pai?,Marãpe seni og uba mongetábo?
cabo da espada,y-pûã
"detestando o seu pecado, a transgressão da palavra de deus","O angaîpaba, Tupã nhe'enga abŷagûera reroŷrõmo"
imediatamente eles se vingam do seu próximo,Aûnhenhẽ o apixarĩ resé îepyki
um dia muito bom,arangaturameté
água salgada estagnada,ye'ẽ-mbyka
"como isto, como este",koba'e îá
que venha nos curar,T'oú îandé posanonga
"como se fizesse as pessoas viverem, mas não de verdade","Oporomoingobébo rame'ĩ, na supi ruã-te"
eu o cubro,Aîaso'i
o que manda a um falso pajé ficar defumando a si mesmo,Paîea'uba supé onhemotimbó-timborukaryba'e
que o deixem ficar,Te'inhẽne oîkóbo ká
"fiquem longe de mim, senão eu os queimo",Penhemongatu mamõ xe suí n'opoapyî
"vão, oco de alguma coisa; o vazio no interior de algo",apyterybỹîa
"fica armando armadilhas, querendo fazer a gente entrar","Oîekotyrũ-tyrung, oporomoingé-potá"
"disse isso, sabendo o futuro esmagamento dos habitantes daquela cidade chamada jerusalém",Akûé tabusu Îerusalém 'îaba pora mombebaûama kuapa nhẽ aîpó i 'éû
"na ponta, na extremidade",apyri
"meus companheiros, vou ver o feriado santo","Xe rapixarĩ pabẽ, 'areté-angaturama t'asepîáne!"
às vezes os frutos de suas árvores caem,Okuî rakó amũme 'ybarambûera o 'yba suí
geração da alegria,Toryba nhemonhangaba
a embelezou mais do que a todos os seres humanos,Abá sosé pabẽ i momorangi
"vamos assaltá-la, atacando pelas costas a mãe de deus","Îasó sesé îapu'ama, Tupana sy kupe'apa"
"amarram-lhe as mãos firmemente, fazendo-lhe mal","Îapopûar-atã, i moangaîpapa"
envergonho-me da minha feiúra,Anotĩ xe aíba
"com uma lança de ferro, espetou o seu flanco, estourando suas entranhas","Itamina pupé iî yké kutuki, i nhy'ã moboka"
dá a si mesmo asas para voar,Nd'e'i te'e abá tekokatu pupé onhemopepóbo o beberama resé
você escondeu alguma coisa que estava na igreja?,Erenhomimype erimba'e Tupãokygûara mba'e amõ?
fiz presságios sobre ele,Asanong
com tua temível realeza,nde reîabaîté pupé
os cerquei,Aîopîar
aqui estou,Kó é aîkó
venha comigo somente até nhoesembé,T'îasó xe irũnamo Nhoesembépe nhote
você vai neste dia,Eresó kó 'ara ri
"coisa enlameada, porco!","Mba'e-u'uma, taîasu!"
os buracos das orelhas estão tampados,apysakûá-îe'o
meu senhor pregado sobre a cruz,Krusá sosé nhẽ xe îara moîá
não tem limite nem fim,"-N'i sykabi, n'i papabi"
que tenhamos em sua morada junto de ti a vida eterna,"T'orogûerekó, setã-me, nde pyri, tekó-puku"
você usou feitiço para que não viessem?,Mosangape ereîpuru ture'ymagûama ri?
"ah, como seria bom se eu tivesse ido ontem!",Marãîasûaramo xe sóû kûesé mã!
sou luminoso,Xe rendypuk
você trabalhou em conjunto por ocasião dos feriados?,Erepotyrõpe 'aretéreme?
os que você prenderá são reis,Nde rembiarama é oîkobé morubixaba
será que a noite toda você age para fazer as galinhas sumirem?,Pysaré serã ereîkó arinhama mokanhema?
o que te deixa nu,ikatupe nde moĩndara
sou fingido,Xe nhe'engyrygûan
você já pagou o objeto do seu furto?,Eresepyme'eng ygûãpe nde mondasagûera?
compadecendo-se apenas de oito que viviam conforme suas palavras e que gerariam filhos,Oito anhõ o nhe'enga rupi tekoara oporomonhangyba'erama raûsubá
por acaso você faz isso à toa?,Aîpó nhẽ-pipó ereîkó?
sou vistoso,Xe arũaíb
vou atacá-los depois disso,A'e ré t'asepenhan!
encarreguei pedro de cuidar da lenha,Aîopûaî Pedro îepeaba resé
tenho palavras sagazes,Xe nhe'ẽpokarugûar
venha espantar o diabo para que não nos vença!,Îori anhanga mondyîa oré moaûîé suí!
o amo em vão,Asaûsub-a'ub
"antigamente eu estava aflito, praticando meus vícios.","Akûeîme aîkotebẽ, xe rekopoxy purûabo"
você os achou por perto?,Mbype erebasẽ i xupé?
"nosso senhor impede isso, repelindo-o das pessoas.","Anga Îandé Îara oîmoabaíb, morosuí i mondóbo"
vem nos guiar.,Eîori oré pokoka
ali é o lugar para onde eu vou.,A'epe xe soagûama
estou muito molhado.,Xe rygûasu
"um ou outro, apenas, não faz esta aldeia pecar.",Oîepé-ombé anhõ n'omoangaîpabi kó taba
algumas poucas vezes.,amõme nhõ
temo por ele.,Aronheangu
expulsem-nos de suas almas.,pe 'anga suí i mondóû
a gente pode não proceder conforme o mandado do padre?,E'ikatupe asé abaré o pûaîtagûera rupi oîkoe'yma?
os daqui.,keygûara
alguém pode beber cauim?,E'ikatupe abá okagûabo?
estou de pé.,A'amĩ
estou com pressa.,Xe ranhẽ
procedo conforme sua palavra.,Aîkó nde nhe'enga rupi
atiça o fogo para o que você cozinha.,Esatapy nde remimõîa
choveu.,Okyr amana
"fome, sede, cansaço e quaisquer outras coisas sofrendo por nós.","Ambyasy, 'useîa, kane'õ, mba'e tetiruã porarábo îandé resé"
apisoei-o.,Aîapatuká
prato raso.,nha'ẽ-mbeba
fazendo com que ele fique firme.,Ten i mo'îabo
as igaçabas estão sempre cheias; não abrem mão do cauim.,Tynysẽ memẽ ygasaba N'i apori kaûĩ resé
você invocou a deus em vão ao mentir?,Eresenõî tenhẽpe Tupã nde îuraragûaîtápe?
aquela lei nova me incomoda muito.,Xe moaîu-marangatu aîpó tekó-pysasu
"enquanto eles fazem guerras, ameaçam as cabeças dos índios.","Omarãmonhã-monhanga, oîmomboî abá akanga"
arrancando sua orelha.,i nambi mondoka
crendo na sua ida para o céu.,Ybakype i xoagûera rerobîá
desci com eles.,Aroapy'am
"ainda bem que vocês três, novamente, queimarão juntos.",Iîá mosapyr-y bé pekaî oîepegûasune
qual é o teu nome de batismo que o padre pôs?,Marãpe nde rerokaba abaré reminongûera?
dizendo isso por pequenas coisas,Mba'e-mirĩ resé aîpó o'îabo
dar de comer aos famintos,Ambyasybora poîa
"você se sentou ali diante de alguma mulher, puxando seu pênis?",Ereîeapyk kûepe kunhã amõ supé nde rakûãîekyîa?
"venham, meus companheiros","Peîori, xe irũ-etá"
rio dos sarapós,sarapó 'y
"de cada dez, repartir uma das nossas coisas com deus",Opakombó îabi'õ Tupã supé oîepé asé mba'e moîa'oka
o oposto do desejo sensual é a pureza,Moropotara robaîara moropotare'yma
"os que tratam de seu futuro casamento um com o outro não podem, depois disso, casar com outros",O îoesé o mendaragûama resé nhemongetasara nd'e'ikatuî a'e roîré amoaé resé omendá
que o diabo saia dela,T'osẽ anhanga i xuí
esse outro,kûé amõaé
de que lugar?,manõîa suípe?
deitando o capim às pressas,Kapi'i anhẽ rerupa
herança do meu pai,xe ruba mba'epûera
"os ex-maridos, esses malditos, não se repreendem",Mendûera kó re'a nd'e'i oîeakakapa
ao entardecer,karukĩneme
"ao dizer ""jesus"", o maldito tem medo","""Jesu"" 'éreme, moxy sykyîéû"
como estava jesus quando ele o fez sair?,Marãete'ĩpe Jesus o enosẽme?
colar de ouro,itaîu-po'yra
vamos encalhar,T'îaîar
"ai, é muito doloroso o que eu sofro perto do diabo!",Sasy iang xe remimborará anhanga pyri hegûé!
quero muitíssimo destruir todas as aldeias,Aîpotá-katutenhẽ opabĩ taba mondyka
confessa para nós que tu és o filho de deus,Eîmombe'u-katu Tupã ra'yramo nde rekó orébe
vivo de mariscos,Paranãmbora ri aîkó
"vamos, como nós, enfeitar nossas almas, para levá-las diante dele","T'îasó îandé îabé îandé 'anga moîegûaka, serasóbo sobaké"
mandou-os como diabos para fazer o fogo que não se apagará,Anhangamo nhẽ i mondóû tatá ogûeba'erame'yma monhanga
faço minhas mãos estalarem,Aîepó-mopuruk
o que é comum é que aquela mulher esmague nossas cabeças,Sekoaba'e kûé kunhã oré akanga i apiti
passagem costumeira de rio,Y-asapá-tyba
eu tenho olheiras,Xe resagûyrumbyk
"você trouxe muitas coisas, por acaso?",Ereruretá serã?
"trouxeram para ele, como oferendas, ouro, incenso e mirra","I xupé ogûeru îetanongabamo itaîuba, ysykatã syapûãba'e, mirra"
querendo ser servo somente de deus,Tupã boîáramo nhõ oîkó-potá
grite!,Nde rasẽ!
o que eu ensinei,xe remimbo'epûera
você fez com que uma mulher se pusesse sobre você para fazer sexo com ela?,Ereîmonhenongype kunhã nde 'arybo sesé eîkóbo?
"da mesma forma, como componente deste mundo, a morte também entrou",Te'õ abé reîkéû ikó 'ara poramo oîá
irritando-se por muito tempo,Kype onhemoŷrõmo nhẽ
"diante deles, os demônios se ajuntavam, querendo engoli-los, abrindo suas bocas","Sobaké Anhanga onheŷnhanga, i mokona motá, oîeîurupirá okûapane"
desconfio dele por causa do meu dinheiro,Aîmondar ahẽ xe itaîuba ri
"o que você escondeu, na verdade? onde você roubou?","Nde remimimbûera, anhẽ, umãmepe nde mondá?"
"armeiro, fabricante de armaduras",itaaoba monhangara
"viram apenas muitas chamas, parecidas com nossas línguas","Tatá-endy-etá, asé apekũ abŷare'yma anhõ osepîak"
"você tocou nas partes erógenas de uma mulher, sendo atraído por ela?",Erepokokype kunhã rapupé resé sesé enhemomotá?
ungir o padre com óleo bento aquele que supõe morrer,Nhandy-karaíba pupé abaré omanõ-mo'angyba'e pytuba
lembre-se de mim!,Nde ma'enduá xe ri!
empobrecendo os indígenas,apŷaba mondyabó
"eis que meu corpo não está disposto, está amolecendo","Xe reté ã n'oîkoetéî, omembeka"
ele veio atrás de mim,Xe pytaî turi
eu tenho um buraco grande,Xe kûarusu
no decorrer de quatro gerações,oîoirundyk îeapyká sykápe
faça desaparecer meu tentador,Emokanhem xe ra'angara
eu o furei,Aîmokûar
consolando-se com a compaixão de deus,Tupã o aûsubaraûama resé onhemoapysyka
você se comportou mal por causa da sua embriaguez?,Ererekó-memûãpe nde sabeypora?
"meu nome de meninice, meu nome de infância",xe kunumĩ-era
eu sou trepador,Xe rybobõ
"eia, pois, confesse o número daquelas suas antigas omissões",Ene'ĩ a'e nde nhe'engerekoagûera papasaba mombegûabo rõ
eu vim do rio dos paratis,Xe parati 'y suí aîu
"toda a noite, durante as noites",putunybo
"você, talvez para retribuir, lança sobre ele a prostituição o dia todo",Nde serã i poepyka sugûaraîy ereîapi ko'arapukuî
"são pedro, com seus companheiros, tomou são matias como apóstolo",São Matias S Pedro o irũetá resebé tari apóstoloramo
espere um pouco,Enhambé ranhẽ
"seu companheiro de guerras também é um bastião, o flechado",I maranirũ abé Bastião u'uborûera
"ah, quem me dera que eu fosse para o céu!",Asó temõ ybakype mã!
os que se compadecem de nós,îandé poreaûsubokara
eu desmaiei,Xe re'õ'ar
põe roupa branca em nós,Aó-tinga onong asé resé
oponho-me a ele,Asobaîxûar
saiu vivo depois que o enterraram,Osem oîkobébo o tym-y roîré
para o inferno,-A'epe i 'anga mamõ i xóû? -Anhanga ratápe - E sua alma para onde foi?
eu tenho a base fixa,Xe ypy-ten
deixem de me prantear,Peteumẽ xe rapirõmo
eu tenho sorte com animais,Xe mba'e-porang
"por outro lado, semelhantemente, o próprio mar será mais terrível do que costumava ser",Kokoty paranã aé rame'ĩ o abaetéramo erimba'e gûekoagûera sosé
"está molestando as pessoas, fazendo-as cair em erro","oporomoaîu oîkóbo, oporomotekokuabe'yma"
resisti a ele,Anheran sesé
sou ágil com as mãos,Xe poesãî
areia preta,ybyku'i-una
os maus desfaleceram,Onhemote'õ'a moxy
eu o forrei,Aîapeaob
jazo de lado,Oykébo aîub
"vem para espantar o diabo, para não nos vencer","Îori, anhanga mondyîa, oré moaûîé suí!"
"aqui estou, não me afasto deles","Aîkobé, n'aîepe'aî i xuí"
"você se compadeceu deles por ocasião de sua doença, acendendo seu fogo, alimentando-os, procurando alimento para eles?","Eresaûsubarype i mba'easyreme, satá-á, i poîa, i poraká?"
"se humilha, arrependendo-se de suas maldades","Onhemomboreaûsub, o angaîpaba moasŷabo"
emergi como que do fundo,Ypy suí berame'ĩ abur
sua mãe o pôs no lugar onde estava a manjedoura deles,Semi'uru rupápe i xy i nongi
não brigarão?,- Nd'omarãmonhangi xópene?
zombei dele,Aîmoka'ẽ
"deus é um só, de fato, santíssimo e poderoso.","Tupã oîepé nhõ nhẽ gûekó-karaibetéramo, abaetéramo"
"ah, oxalá eu seja um pouquinho melhor no futuro!",Xe angaturã be'ĩ temõ erimba'e mã!
"por isso mesmo, a pessoa que deseja a virtude mirra-se de corpo.",Nd'e'i te'e abá tekokatu potasara gûo'opore'yma
é mesmo verdade.,Supi é
eu sou gritador.,Xe nhe'engatãndûer
fiquei puxando a cabeça dele.,Aîakangeky-ekyî
"como a gente dirá em nosso coração, ao olhar para o céu?",Marã e'ipe asé o py'ape ybaka resé oma'ẽmone?
minha carne está trêmula.,Xe ro'o-sysyî
quatro são as virtudes cardeais.,Quatro tekokatu-ytá
tenho palavras pesadas.,Xe nhe'ẽposyî
minha ira me enche.,Xe moîoîá xe îemoŷrõ
quantas vezes eu disse isso?,Mbobype aîpó i 'éû?
revezamo-nos uns aos outros.,Oroîoporu
não nos batizam também outras pessoas junto ao padre?,N'asé reroki bépe amõ abá abaré pyri?
eu o limpei.,Aseîkûaru'umbok
fez para a gente as leis de nossa alma.,Asé 'anga rekorama oîmonhang asébe
eu sou muito falante.,Xe nhe'engetekatu
o que arde em mim.,xe irũnamo okaîba'e
"e então, como isso pode ser?",marã-te-p'iã-ne?
"aos olhos de deus, essas suas ações são bem contadas.",Tupã resápe-katu kó pe rekó rekóû i paparypyramo
"por isso mesmo, eles estão felizes pela permanência dele junto à casa de deus.","Nd'e'i te'e og orybamo, Tupãó-pyri i pytasagûera resé"
retirei-a.,Ano'ẽ
"meu nome é ""sapo achatado"".","Xe rera ""Kururupeba"""
brancura,morotinga
fiz provisões dele.,Asesemõ
"o que cuida da casa, caseiro.",oka rerekoara
aqueles outros dois deverão ser tomados segundo a vontade das pessoas.,Abá remimotara rupi tarypyrama é amoaé mokõî
daqui a pouquinho.,koromõ-apyri'ĩ
"meu pai tupiniquim está alegre, como eu.","Soryb, xe îabé, xe ruba tupinakyîa"
futuro senhor de suas muitíssimas riquezas.,O mba'e-katupabẽ îarama
"não pode sequer, nem uma única vez, contar a alguém a transgressão da palavra de deus que lhe foi contada",Nd'e'ikatuî oîepé'ĩ tiruã Tupã nhe'enga abŷagûera o îoupé i mombe'upyrûera mombegûabo abá supé
você abraçou alguma mulher?,Ereîaîubãpe kunhã amõ?
dizem que iria,Osómo ra'emo
se tivesse ido hoje,Kori meémo asó
eis que a cada páscoa vocês sempre me fazem libertar um prisioneiro,Aretegûasu îabi'õ ã mundepora amõ îepé peîmosem-ukar ixébe îepi
você apalpou o seu ventre para matar seu filho?,Eresungápe nde rygé nde membyra îukábo?
lembrando-se dele assim que acorda,Opaka bé sesé o ma'enduaramo
enquanto eu o levo,Ixé serasó remebé
"confiam em mim, apoiando-se bem em mim","Xe resé oîerobîá, xe resé-katu oîekoka"
os cabos são brancos,Yba ting
"segundo o rito dos judeus, cortaram o seu prepúcio","Îudeos ekomonhangábo, i 'apira mondoki"
"cabeça ""enrugada""",akangapixa'ĩ
"transgrediria o homem a palavra de deus, conhecendo-os assim?",Oîabypemo abá Tupã nhe'enga emonã sekokuapa?
"de lá, do lugar para onde foi, fez vir o espírito santo",Ebapó o soagûera suí Tupã Espírito Santo mbouri
sobre o que conversamos?,Ma'e resé îandé mongetáû?
eu sou pontudo,Xe robyr
voo como este vento,Abebé kó ybytu îá
"você tocou nas suas virilhas, abrindo as pernas, masturbando-se?","Erepokokype nde rapopé resé epypekábo, eîeîukábo?"
onde está meu caminho?,Umãpe xe raperama?
honrei-o muitíssimo,Aîmomba'eté-tekatunhẽ
agora mesmo quero matar as suas almas,Ko'yr é i 'anga aîuká-potá
ele é de tamanho médio,Turusu'ĩ
recusando uma criança,Pitanga kuakupa
"deleitando-se com as escravas más, não quiseram vir aqui","Tapuîpé-poxy mborypa, tupotare'ymi iké"
multiplicou-nos primeiro neste mundo,Îandé moîeapykáû ikó 'ara pupé ranhẽ
"vem, coisa fedorenta!","Eîori, mba'enem!"
eu tenho lágrimas pingando,Xe resa'y-tykyr
"ah, que bom seria minha morte ao me batizar o padre, antes de eu pecar",Marãîasûaramo temõ abaré xe 'apiramõneme xe angaîpab'e'ymebé xe re'õ mã!
"na verdade, três vezes você negará ser meu discípulo antes do galo cantar duas vezes",Mosapy ipó xe boîáramo nde rekó ereîkuakub mokõî gûyrá sapukaî'e'ymebéne
"eis que você prejudica muito a sua vida, dificultando-a","Ereîmoarûabeté ã nde rekó, i moabaípa"
"margem do rio, beira do mar",y-embe'yba
está nas mãos do diabo,Anhanga pó gûyrybo nhẽ sekóû
embarquei as pessoas,Aporero'yasab
seu proceder é muito belo,I porãngatu sekó
minha pele tem titinga,Xe tĩ-titing - Meu nariz tem titinga Xe py-titing - Meus pés têm titinga Xe pi-titing
"portanto, eu te prendo!","Irõ, oropokosub!"
ainda bem que o faz correr consigo!,Iîamuru senonhana!
tome apenas um trago,E'u oîepé îuru nhote
que me arranquem os olhos concupiscentes,T'oîe'ok ixé suí xe resá-poropotara
morrendo na cruz,Ybyrá pupé omanõmo
"na verdade, você negará três vezes ser meu discípulo antes que o galo cante duas vezes",Mosapy ipó xe boîáramo nde rekó ereîkuakub mokõî gûyrá sapukaî'e'ymebéne
"ah, muito bem!","Erĩ, aûîé!"
não amarei mais o diabo,N'asaûsu benhẽî xûé Anhangane
quer muito a sua futura santificação,Oîpotá-katu o nhemongaraibagûama
fazem com que deus se apazigue com eles para eliminar a dívida dos pecados de diversos anos,Tupã oîmonhyrõ o îoupé setá nhẽ seîxutatá tekoangaîpaba repy-mondykápe
ele está azedo demais,Saîasy
a multidão de companheiros do provincial,Pa'igûasu irũndyba
não! estou bêbado,Aanumẽne! Asabeypó
acreditando no filho dela,I membyra rerobîá
a crença em deus está somente em suas bocas,I îurupe nhõ Tupã rerobîara ruî
somente verão seu corpo,Seté anhõ osepîakyne
"no caso de você o desejar muito mesmo, que se faça","Nde i potasábo-katu é, t'onhemonhang"
mas o que vocês procuram nesta minha terra?,Mba'e-tepe peseká kó xe retama pupé?
vai!,-Ene'ĩ esóbo!
"o diabo sempre nos toma a dianteira, ameaçando-nos","Îandé rokesỹ memẽ Anhanga, îandé momboîa"
minha lei é muito bela,Xe rekó i porangeté
os que querem se casar,omendá-potaryba'e
estragando as almas dos índios,abá 'anga momoxŷabo
era eu,Ixé rakó
"pé de algodão, algodoeiro",amynyîu-'yba
não querendo prolongar muito a falta de sua confissão,o nhemombe'ue'yma mopa'ũ-muku potare'yma
"não porque eu fui, ele veio",Na ixé sóreme ruã turi
quem é você?,Abápe nde?
muitas coisas pequenas,mirĩ-mirĩ
ensina falsamente as pessoas a pronunciar a palavra de deus,Oporombo'e-a'u Tupã nhe'enga ra'anga
quem desobedece àquele?,Abápe aîpoba'e oîmomaran?
tenho voz alta; levanto a voz.,Xe nhe'engapûan
"sou um assassino, motivo para temer os pecados","Morapitîara ixé, angaîpaba sykyîéba"
dirão estas palavras: 'lembrem-se da morte'.,"""Penhemoma'enduá te'õ resé"", e'i temone i nhe'enga"
estou muito abatido,Xe pitubarusu
descarreguei as coisas da canoa,Anosem mba'e ygara suí
"enfim, o que não é lamentado se ressente por não ser honrado",Aûîé sapirõmbyre'yma o moetee'yma oîmoasy
eu sou muito perebento,Xe peré-pereb
"mas sempre, com certeza, querem o bem de suas almas, embelezando-as","Memẽ-te nipó pe 'anga amotá, i moaysóbo"
fiz uma cerca de mourões,Aybyrá-monhang
amarrei a sua cabeça,Aîakã-mbûar
"a morte, na verdade, é a ameaça para os que se casam verdadeiramente",Te'õ a'e mendasareté momboîsabamo
"vem para cá, trazendo farpas junto com o arco","Ké turi, arupare'aka îurupara ndi seru"
eu tenho o rosto muito curubento,Xe robá-kuru-kurub
"e não confessando ser parente, de fato, do seu marido ou da sua esposa, o que acontece?","A'epe o mena koîpó o emirekó mũetéramo sekó mombe'ue'yma, marã?"
o lugar onde estará seu filho,nde membyra rendaûama
oxalá ele não tivesse coisas boas!,N'i mba'e-katuî xûé-temo ahẽ mã!
"por isso mesmo o maldito ataca os homens, fazendo com que a maldade das pessoas piore muito","Nd'e'i te'e moxy abá ropenhana, abá angaîpaba moîerekoaibetébo"
mostrando-lhe uma certa árvore que ficava no meio do seu jardim,Amõ 'yba gûemityma pyterype o'amba'e kuabe'enga
"são pedro, com seus companheiros, escolheu são matias como apóstolo, depois que o deus-filho subiu ao céu","São Matias, ybakype Tupã Ta'yra îeupir'iré, S Pedro o irũ-etá resebé tari apóstoloramo"
"mulheres, além de idosos, meninos e até meninas","Kunhã, marandé tunhaba'e, kunumĩ, kunhataĩ tiruã"
até mesmo cultua seus ossinhos,I kangûerĩ tiruã momba'etéû
no fundo da água,y pype
dou a ele os filhos de pedro,Aîta'y-me'eng Pedro
agora comemoramos o dia em que ele mandou eliminar as crianças que completavam dois anos,Pitanga mokõî ro'y omoaûîeba'e mombab-ukaragûera 'ara îaîmoeté ko'yr
"e os rapazes que perseguem mulheres, querendo torná-las escravas?","A'epe kunumĩgûasu kunhã oîmomosemba'e, miaûsuba potá nhẽ?"
"levante-se, seja valente!","Epu'ã, nde pyatã!"
mudo-me,Aîeakasó
digo que não,Aan a'é ipó ixé re'a
a cobra mordeu pedro,Mboîa Pedro îaîxu'u
aí é que está! eu estou surpreso por sua causa,Aîpó nhẽ! Xe putupab nhẽ nde ri
eis que vem ali pertinho,Ebokûeté'ĩ turi
"ainda hoje, apressando-se para encontrar a verdadeira felicidade",kori bé penhemoanhẽ-anhẽmo tekokatueté pé pegûasemagûama resé
"depois de querer vê-lo, em vão, há muito tempo",Kûesenhe'ym bé sepîá-potá tenhẽ roîré
engasguei com a minha comida,Xe îase'opytym xe remi'u
tratando-se uns aos outros como se estivessem em uma fraternidade,Oîoasykûera ri îasûaramo oîoerekóbo
"sendo igual a deus, está nas alturas","Tupã moîoîapa, sekóû ybaté"
vocês lembram,Pe ma'enduar
cocho para porcos,taîasu remi'uru
eis aqui também as minhas garras,Kó bé xe pûapẽ
que ele não fique ofegante por minha causa,T'e'i tenhẽ umẽ xe ri o îuru'aramo
"por ti suspiramos, gemendo",Nebe oronheangerur oré poasemamo
aquele mesmo,Apó é
"sua mãe não teve dor de parto, não sangrou, não ficou doente","I xy n'i membyrasyî, nda sugûyî, n'i mara'ari"
vou para fora,Asó kûeîpe
as deixei vagando,Aîaby-îaby
ser chamado de ladrão é característica do homem mau,Sereroĩmbyra abá-mondá apŷabaíba rekoaba é
eu não sou afável,Na xe posykyîéî
o que conta os pecados escondidos de alguém,Abá angaîpá-nhemima oîmombe'uba'e
"fazendo as pessoas beber cauim ou dando-lhes de beber, fazendo-as embriagar","Abá mongagûabo koîpó se'yma, i mondabeypó"
é muito doloroso que fulano não venha ao meu chamado,Sasy-eté ahẽ osóbo - É doloroso ir-se fulano Sasy-eté ahẽ oure'yma ixé o enõîndápe
à vista dele,sobábo
"a cova da lebre está limpa, como se vê",I pe'ybĩ nakó tapiti kûara
antes de irem para lá,a'epe o só îanondé
tenho pendências com ele,Aîkó sesé
por aqui,kó rupi
"tomando o diabo, o maldito fica pisando","Serubu rá, muru ri opurũ-purung"
ameacei outrora os tupinambás,Aîmomburu akûeîme tupinambá
bola de madeira,ybyrapu'a
"verdadeira morada de deus, filha de deus","Tupã rendabeté, Tupã raîyra"
venha comigo,T'îasó xe irũnamo
eu sou muito bonito,Xe aysó-katu
"o nosso inimigo, o diabo","Morosumarã, Anhanga"
"mesmo que sejas rainha, mesmo que teus servos sejam muitos, eu, contudo, pesco para ti","Reîamo ereîkó tenhẽ, setá tenhẽ nde boîá, xe-te t'oroporaká"
"após acabar o mundo, fará voltar a viver, levando-os para junto de si para sempre",Ara pab'iré i moingobeîebyri o pyri serasóbo aûîeramanhẽne
vamos um pouco mais ao longo da costa,Ybyri-pyryb t'îasó
quem me dera que eu o fizesse deitar comigo assim!,Nã temõ ixé serubi mã!
"esta há de ser minha companheira, com certeza",Xe irũ ã re'a
você trouxe sua esposa?,Nde ererupe nde remirekó?
tive filhos gêmeos,Xe membykõî
temos algum remédio para nos curarmos?,Îarekópe mosanga amõ îandé pûerasabamo?
cortei seus nervos,Aîpytasã-mondok
o que é mais penoso para os que estão ali?,Mba'epe sasyeté a'epe tekoara supé?
o destino final das coisas dos homens,Abá rekó mondykaba
há de estar?,E'i nhẽpe oîkóbone?
espetei-o,Asatapyĩ'ok
"viemos festejar você, deixando de lado nossa maldade","Oroîu nde momoranga, ore aíba reropó"
miolos da cabeça,a-putu'uma
"meu pai, que me gerou",xe ruba xe monhangara
"estando com seus cocares brilhantes, que são mais brancos que a geada",O akanetá-beraba ro'yrypy'aka sosé morotingyba'e reroína
"eu tenho uma caminhada ligeira, ando depressa",Xe atá-pûan
"nem sequer uma pequena coisa, nem um único pequeno ato das pessoas ficará omitido, então","Mba'emirĩ tiruã, abá rekoagûerĩ oîenosem a'epene"
"ainda que me castigasse, eu falaria",Aûîebé-temo xe nupãû anhe'engĩmo
ralo de mandioca,Amie'ẽ
quem sofre de febre,akanunduka porarasara
o padre que é colocado como guardião do povo,Abaré asé rerekoaramo i moingopyra
ele é bom quando o que é contado é realmente verdade,I marangatu supi é i mombe'upyra rekóreme é
que ele bata no diabo,T'opûar anhanga ri
faz o diabo fugir,Eîmonhegûasem anhanga
"quando o doente se aproximar da sua agonia, que mande chamar o padre que põe o óleo bento","Mba'easybora o mara'ara kakareme t'osenõîukar abaré, îandykaraíba nongara"
"o que não é conhecido, coisa secreta",i kuabypyre'yma
varri os ciscos,Aytypeir
"quebrador de pedras, cavouqueiro",itá kasara
parti,Aîupabok
eis que se aproxima a minha vida futura,Okakar kó xe rekoberama re'a
deus deixou de amá-los,Tupã osaûsupe'a
cada vez que se lembra dela,Sesé o ma'enduara îabi'õ
vim do céu para ajudá-los sempre,Aîur ybaka suí îepi nhẽ pe pytybõmo
vou contar os pecados deles,T'aîpapáne i angaîpaba
você vai definitivamente,Eresó nhẽ peũî
eu morava apenas nesta aldeia,Xe anhõ kó taba pupé aîkó
estou quieto,Ainĩ
lancei a âncora,Aîtyk itasama
"para esse belo procedimento, mantém-se a pessoa em seu próprio quarto, aí pendurando o recipiente do qual ela bebe","Aîpó tekoporanga resé asé serekóû o kotype, a'epe i moîasekóbo i gûaburu"
estabeleci uma plantação de milho,Atupá-rung abati
"disse isso, conhecendo o futuro esmagamento dos habitantes daquela cidade chamada jerusalém",Akûeî tabusu Îerusalém 'îaba pora mombebaûama kuapa nhẽ aîpó i 'éû
nossas casas estão estabelecidas umas junto das outras,Xe apyri tuî - Ele mora a meu lado O îoapyri oré roka ruî
enterro-o,Aîatyb
cavei a terra,Ayby-ybykoî
vivo na virtude,Aîkó tekokatu resé
o que vai buscar água,ypîasoara
que vá toda a minha doença para longe da minha alma,T'osó-pá xe mara'ara kûepe xe 'anga suí
a sela dele,sendaba
há de me deparar algum primeiro,T'oîesub amõ ixébo ranhẽ
"dentro daquele navio, fazendo-os embarcar consigo também",A'e ygarusu pupé sero'arukáno
"por ser nosso senhor jesus cristo, que tira os pecados",Tekoangaîpabokaramo Îandé Îara Îesu Cristo rekóreme
você desperdiçou as coisas de alguém?,Ereîmombukápe abá mba'e?
estou à procura de caça,So'o resé aîkó
levei todos,Arasó pab
junto à água,Atykûar
que ouçam aquilo que você diz,T'osendu aîpó nde 'é
osso de tembetá,metara kanga
mas alguém não enfiará a mão na sua boca para parti-la?,Nd'opo'ẽî xûé-tepe asé o îuru pupé i mbo'iragûama reséne?
os que não acreditavam nele trabalharam juntos e passaram a flechá-lo,Serobîasare'yma potyrõû iî ybõîybõmo
"sus, que ele vá!",Ne'ĩ t'osó!
"no mesmo dia em que você a comer, a morte cairá sobre você",Ara nde i gûaba pupé bé o'a te'õ nde reséne
você acredita na dança do guajupiá?,Ererobîarype Gûaîupîá moraseîa?
"eu mesmo, como se viu, já lhes disse isso",Ixé aé ã a'é umûã nakó peẽme
muito maior,tubixabeté
seus pecados não são sem consequências,Na sa'ubi nde rekopoxy
"aquele que ameaça, ameaçador",momboîtara
"o forte, o bravo",tatã
licor de caju,akaîu 'y
fiquei me apressando em ter sauiás,Anhemoanhẽ-anhẽ saûîá reru-rerupa
carpi-as,Aîkapir
amarrem os malditos!,Peîpûá muru!
fazer esta aldeia feder por desejo sensual,Kó taba monema moropotara pupé
que não vejam mais o sol!,T'osepîak-y bé umẽ kûarasy!
há algum homem na condição de seu substituto?,Oîkobépe amõ abá sekobîaramo?
os que sofrem por causa da justiça,Tekokatu resé mba'e porarasara
os franceses trouxeram pólvora em vão,Aîuruîuba mokaba ogûeru tenhẽ
estamos sempre com você,Nde resé memẽ oroîkó
eu estou abençoado,Xe karaíb
ele é muito bom,I katu-pyryb
todos bebem muito,Oka'ugûasu pabẽ
eu babo,Xe rendysyryk
vou flechá-lo!,T'aîybõne!
o aleijado das orelhas,nambi-asyka
não estarei na maldade diante dele,Aîkó umẽpe mba'epoxy resé sobaké ká
fiz uma gaiola para eles,Asokaîmonhang
"antes que ele agonize de verdade, que alguém venha me chamar",I mara'areté e'ymebé t'osó abá xe renõîa
mas não foi você?,Na nde ruã-te?
ele me dará minha aflição,A'e xe rekotebẽsaba oîme'eng ixébene
"ah, como o pecado é mau! como fulano é mau!",Tieté kó angaîpaba maniîabo mã! Tieté kó ahẽ maniîabomã!
estou enfermo,Xe mba'easypotar
vamos conversar com quem nos procura,Ne'ĩ t'îamongetá îandé rekasara ri
"antigamente, a alma de ninguém não ia para o céu?",Abá 'angûera amõ soe'ymi ybakype erimba'e?
eu fui peado,Xe pukusam
vamos quebrar as cabeças dos reis,Îasó tubixaba akanga kábo
"prato côncavo, prato fundo",nha'ẽ-pyko'ẽ
"descendo com seus choros, indo com seus gritos","O îase'o rerogûeîypa, ogûasẽ-gûasema rerasóbo"
oh! que multidão são estes peixes!,Tó te'ĩ kó pirá rekóû mã!
eu o cocei,Ase'yĩ
o amor a deus encheu suas almas,Tupã raûsuba resé i 'anga porakari
"veja bem que, por isso mesmo, o maldito ataca o homem, tornando-se seu apresador","Nd'e'i te'e moxy keteté abá ropenhana, sesé oîemoembiaryîá"
eu lhe beijarei as faces,A'e ipó asetobapé-pyténe
"antigamente eu ficava sempre junto de você, no alto do morro","Akûeîme apytá memẽ nde pyri, ybytyrapûápe"
"ao ir, voltei atrás","Aîeby benhẽ, gûixóbo"
eu o leio,Aîmongetá
hoje surgiu para nós um dia muito bom,Arangaturameté o'a îandébo kori
"o amarelo do ovo, isto é, a gema",tupi'a-îuba
"enquanto o mundo existir, o homem o abençoará?",Ara rekó pukuîpe abá i mombe'ukatune?
que amemos nosso pai,T'orosaûsu îandé ruba
como a gente se comporta ao entrar na igreja?,Marangatupe asé rekóû Tupãokype oîkŷabo?
não há como contá-los,N'i papasabi
para que deus nos encoraje contra o diabo,Anhanga supé Tupã asé mopyatãgûama resé
estavam felizes ao me ver,Sory-katu xe repîaka
"embora me interessasse, não cheguei junto daquelas","Anhangerekó îepé, aîpó supé n'abasemi"
"três chefes chamados ""reis"" que vêm do oriente","Mosapyr morubixaba ""reis"" 'îaba kûarasysembaba koty suí ouryba'e"
"deus, abertamente, revelou-se a eles imediatamente",Aûnhenhẽ Tupã katupe îepîakukari i xupé
para onde a multidão muito numerosa levou nosso senhor?,Mamõpe erimba'e te'yî-katupabẽ Îandé Îara rerasóû?
quais são os nomes da santíssima trindade?,Marã-marãpe Santíssima Trindade rera?
"dentro dele está jesus cristo, sua divindade e seu corpo por inteiro","I pupé Îesu Cristo rekóû, i Tupã, seté abé gûetependûara pupé"
"mas os doentes a comem, com certeza",Mba'easybora-te aîekatu i 'uû
fez suas almas e seus corpos,I 'anga seté monhangi
pergunte primeiro,Nde ranhẽ eporandub
"impedem os casamentos, mandando torná-los impossíveis",Mendara omoarûab i moabaibuká
rezando a ele em seu tempo de aflição,I xupé o ekotebẽsaba resé oîerurébo
campo limpo,nhũ-asyma
lavrei a pedra,Aitá-mombipik
faça-me valente,Xe mopyatã îepé
"pode, certamente, acontecer com quem o repreenderá",E'ikatu ipó senonhẽndarama supé é
guará da cara manchada,gûaraobanhana
sela de cavalo,kabaru repanaku
mostrei os dentes,Xe rãîbitir
lhe troquei uma criação,Asekobîarõ seîmbaba i xupé
"daqui em diante, não fiquem aflitos","Angiré, pe poreaûsub umẽ"
não corrigir seu filho quando ele estiver no erro,O a'yra marãbirĩ sekóreme senonhene'yma
"vocês também verão, no futuro, a minha vinda sobre as nuvens",Pesepîak irã ybytinga 'arybo xe rura béne
arranco o amargor do sal,Aîukyrakok
"já chega, certamente!",Aûîé ipó!
tenho o rosto esburacado,Xe robá-pu-puk
o que é frito: a fritura,i mosyryrĩmbyra
"prendi-os, um ao pescoço do outro",O îoaîuri aîmoín
a ira de deus,Tupã nhemoŷrõama
por tuas pegadas minha alma sempre irá,Nde rakypûera rupi t'osó xe 'anga îepi
"sempre os malditos nos dizem maldades, muito perversamente",Memẽ nhẽ moxy îandébo marã e'i-memûã-memûã
"se uma coisa muito saborosa enjoa quando se come muito, quanto mais você a comer, mais você expelirá o que não é bom","Mba'e sekatuba'e abiã oîmoting i 'uetébo, memetiã nde nda mba'e-katu ruã euĩ ereîmo'ẽ"
assim vamos nos acariciar!,Nã takó îomomoranga re'a!
o diabo te incomoda,Anhanga nde moabaîté
alimentei-o de forma ríspida,Aîopoî-îeaseî
algum diabo espião sempre me ameaça,Amõ anhangusu-manhana îepimemẽ xe momboî
faca de taquara,takûá-kysé
eu fiquei viúvo,Xe mene'õ
eu estou com uma doença venérea,Xe rakûanhaíb
que ele faça com que deus se lembre de nós,A'e îandé resé Tupã t'omoma'enduar
"nós, enfim, vamos voar para o paraíso",Îandé té t'îabebé Tupãrorypápe nhẽ
este é o pão verdadeiro,Kó té mi'u-eté
que chegue logo ao lugar onde o matarão,T'obasem esapy'a o îukaûãme
eu sou rugoso,Xe akaraxixã
sentei-me,Aîyb
este santo faz com que aquele que lhe roga recupere suas coisas perdidas,Kó santo o mongetasara oîmoîekosub i mba'e i kanhembyra
eu estou resfolegando,Xe putuẽ-tuẽ
"tenho o rosto muito vermelho, eu fico ruborizado",Xe robá-pyrã-pyrang
detestando-os mais do que todas as coisas que devem ser lamentadas e detestadas neste mundo,"Seroŷrõmo opakatu ikó 'ara pupé i moasypyra, seroŷrõmbyra sosé"
"eu vou te apanhar bem, fazendo você cair no meu mundéu","Xe t'oropysykatu, xe mundépe nde mbo'a"
"desde a galileia, sua origem","Galilea suí katu, i ypyrunga"
sendo você deus também,Tupãnamo eîkóbo bé
o que fizeram com ele antes de enterrá-lo?,Marãpe serekóû i tym-y îanondé?
"homem grosseiro, zombeteiro",abá-memûã
"a unhada de fulano, a marca das unhas de fulano",ahẽ pûapẽ-mbora
pano de algodão,amynyîu-aoba
tranca da porta,okena potãîa
"eu sou guaixará, bebedor de cauim, comedor de gente, queimador de gente, diabo trucidador de gente","Gûaîxará kagûara ixé, morûara, moroapŷara, anhanga morapitîara"
"ora, quem seria aquele?",Abáp'akó é?
no vale que tem o nome josafat,Ybytygûaîa Îosafat seryba'epe
minhas próprias coisas,Xe mba'e teé
"meu senhor, eis que não sou digno de que entres em meu coração","Xe îar, na xe angaturami ã a'emo ereîké xe py'ape"
"meu ex-marido há de ser, certamente",Xe mendûera ipó re'ĩ
ele os fortalece,A'e pe mopyatã
eu te louvo muito por me ter salvado,Oromoeté-katu nde xe pysyrõagûera resé
comer um ao outro,îo'u
"ainda bem que, outrora, afastei meus pecados",Aûîetéramo erimba'e bé xe angaîpagûera aîpe'a re'a
os que se salvam em deus,Tupã resé oîepysyrõba'e
"ah, veio mesmo para cá o ostra grande!",Té oureté kybõ Reriûasu mã!
"o desejo sensual, tornado costumeiro — a janotice, o vício —, conforme nosso senhor, depois que o recebemos em nossa alma, impede-nos de querer.","Moropotara semipokuabe'yma, arũaíba, tekó-poxy anga Îandé Îara îandé 'angyme îandé ogûar'iré ybŷá potara oîmoaruab"
"bola, novelo de lã",inimbó-apu'a
aqui vem um barco que não faz senão ir,Kó ygara ruri Osó-te
ponteiro da escola,nhembo'esaba kuabe'engaba
antecipei sua fala,Aînhe'engenondear
"que eles hoje nos perdoem, dando anzóis","T'i nhyrõngatu kori îandébo, pindá me'enga"
não os temos desde os nossos avós,- Marãpe pe rubixabetae'ym? - Nd'oroerekóî nhẽ oré ramuîa abé - Por que vós não tendes muitos reis?
dentro dela está sua divindade?,I pupépe i tupã rekóû?
vou viver assim,Emonã takó aîkó
"não são maneiras de honrá-lo a bebedeira, maltratar o próximo e atacá-lo","Na i moetesaba ruã ka'u, o apixara rerekoaíba, sopenhana"
"aos tapuias trouxe as velhas de além de magueá; então, fiquei descansado",Tapuîpe gûaîbĩ aru amõ Magûeá suí A'ereme aputu'u
eu sou vingativo,Xe îepykixûer
"como modo de honrar sua vinda, honramos este dia",Turagûera moetesabamo kó 'ara îamoeté
"jesus cristo virá de novo do céu, no futuro?",Our-y bépe irã Îesu Cristo ybaka suíne?
levei-o nas minhas costas,Xe aseî arasó
trouxe coragem,Myatã ogûeru
estamos sob as suas mãos,Nde pó gûyrype oroîkó
"beijou suas faces, tocando-o também?","Osetobapé-pytépe erimba'e, sesé obyka bé?"
"eis aqui meus chifrões, meus dentes","Kó xe 'akusu, xe ranha"
"bem cedo, bem de madrugada",îeîbeté
nós somos portadores de riquezas para ele,Oré ma'e îara ahẽ pé
"ei, enforque-os logo!","Ne'ĩ, taûîé i aîubyka!"
leve-o depressa,Erasó esapy'a
faço as coisas devagar,A'é umanĩ mba'e monhanga
"minha nação, outrora, estava de acordo com a cultura original","Xe anama, erimba'e, tekó-ypyramo sekóû"
ferida na cabeça,a-pixapaba
venha novamente para curá-los!,Eîorino i mombûeîrapa!
amemos todos santa maria,T'îasaûsu pabẽ Santa Maria
"aquele, de fato, não é diferente da cobra",Aîpoba'e tenhẽ n'oîabyî mboîa
"depois disso, os descendentes de noé se perderam?",A'e roîré bépe Noé remiminõetá roparamo?
eu sou fujão,Xe kanhemixûer
ele certamente comete pecado com sua mulher,I angaîpab rakó nde remirekó resé
"junto a si, fazendo-os sentar",O pyri pe mogûapyka
"lit., tromba comprida, gorgulho, inseto coleóptero",tĩmuku
me sobram sauiás,Xe resemõ sauîá
onde a gente se reunirá?,Umãmepe asé nheŷnhangi-ne?
que somente eu te ame,Nde anhõ t'oroaûsu
como seus discípulos receberam vocês,O boîáramo pe rari
vara,ybyrá'ĩ
estou derrubado,Aîero'ar
querendo que a canoa passe adiante,ygara kûabĩ potá
"você o excitou, esfregando-se no seu companheiro?",Ereîkapyrokype nde rapixarĩ resé eîekytyka?
companheiro dele,i irũ → irũ
"quando eu morrer, que você venha me levar para o alto","Xe îekyîme, t'ereîu ybaté xe rerasóbo"
"a gente adora, com efeito, o que é feito de barro?",Nha'uma i monhangymbyra nhẽpe asé oîmoeté?
não sabia do perdão de deus para comigo,N'aîkuabi ixébo Tupã nhyrõagûera
"ele, certamente, faz tirar-lhe o efeito de mim",A'e ipó oîmoarybé-ukar xe suí
"""que se enfraqueça, que amoleça""","""T'onhemomembek, t'onhemoapapu"""
"após nascer, deus-filho de sua mãe, os judeus cortaram seu prepúcio",Tupã Ta'yra o sy suí i 'ar'iré îudeus i 'apira mondoki
apropriada para a igreja,tupãoka arõana
"ladroeira, palavras ruins e mentiras sobravam para você","Mondarõ, nhe'engaíba, mo'ema nde resemõ"
vagem cheia,Topé-pungá
faça-nos viver,Oré moingobé îepé
eu tenho papo,Xe rendybagûyaî
arrastando-nos para seu fogo,ogûatápe oré rekyîa
não indo ao encontro do meu senhor,xe îara robaîxûare'yma
todos teremos de convidar,Pabẽ t'îaîxo'o
remédio curativo,mosanga mûeîrabyîara
ele disse isso na minha frente,Xe robaké aîpó i 'éû
dividi a carne com ele,Aîopoî ahẽ so'o pupé
o homem que esconde algo,Abá mba'e omimba'e
experimentando poções de ervas,ka'a mosanga ra'anga
cria dos campos,nhũygûana
"jazimento de grandes pedras, penedia",itagûasutyba
"você teve relações sexuais com alguma mulher pelas suas veredas na mata, como sua prostituta?",Ereîkópe kunhã amõ resé i ka'asaba rupi nhẽ nde sugûaraîyramo?
"aperta a cabeça do maldito, enfraquecendo-o muito","Oîopyk muru akanga, i moatãe'ỹngatûabo"
amontoado de cipós,ysypó-tyba
coloquei os laços,Aîusã-moín
sei fazer isso,A'ekatu sesé
planejando maldades,tekomemûã momboîa
"matei muitos deles, fiz matança",Aîuká-matutenhẽ
você usou um homem como mulher ou um homem usou você como mulher?,Ereîmotebirype abá koîpó nde motebirype abá?
quem tocou na irmã mais nova ou na irmã mais velha da sua noiva não pode casar nem mesmo com sua noiva,O me'engabeté pyky'yra koîpó tykera resé obykyba'e n'e'ikatuî omendá o me'engabeté resé tiruã
se ele não tivesse ido,Osó é ahẽ îabynomã
além das montanhas,ybytyra amongoty
riscaram todo o seu corpo com lanças,Opá nde reté raíri itatîãîa pupé
"sofreu, suportando o fogo, e teve alegria depois da sua morte","Sosang, tatá porarábo, o manõ riré toryba rerekóbo"
tonsurei-o,Aîmoapytereb
vamos confiar nesses homens,T'i îerobîar apó abá ri
seu sangue escorria muito no chão,Sugûy turusu ybype osyryka
o que um homem vê furtar sem se importar,Abá mondarõ osepîakĩba'e
estou sentado torto,Aín-apẽ
eu estava deitado paralelo a ele,I porupy aîub
no fim do mundo,ara papápe
asperja-se com água benta,Oîeypyî 'y-karaíba pupé
os inimigos comeram meu pai,Xe ruba tobaîara îa'u
"tremendo, então, a terra também",Yby abé a'ereme oryryîane
teu coração alegrou-se ao chegarem os reis buscando seu senhor,"O îara reká, reîá mbasembápe sory nde py'a"
você acredita nos feitiços do pajé?,Ererobîarype paîé îekaraimonhanga?
"coisas que se criam no mar, a fauna marítima",paranãmbora
"caburé, vem correndo!","Kaburé, îori enhana!"
"mas quem é semelhante a mim, desafiando até mesmo a deus?","Abá-tepe oîkó xe oîá, Tupã tiruã momburûabo?"
ainda invocam o pajé caruara,Osykyî mbyté paîé Karûara
irei hoje para a casa depois que você vier,Asó kori okype nde rur'iréne
levando todos os peixes,Pirá mondóbo pá
não houve sangue no seu parto,N'i tybi tugûy nde membyrasápe
fiz isso muito mal,Aîmonhang serã-serã
sigo o rastro dele,Asakypûemomosem
o que a onça matou: o morto pela onça,îagûara remiîukapûera
homem maduro na idade e no juízo,apŷabusu
"vamos, nós também jejuemos","Pe'ĩ, îandé bé îaîekuakub"
você fez incisões em seu filho quando a lua começou a aparecer?,Eresaírype nde ra'yra îasy semypyreme?
"você não se envergonha, porventura, de si mesmo, ao ser dominado pelo desejo sensual da carne podre?",Nd'eretĩ-piã nde îosuí so'o-aíba poropotara apyrasápe?
"o menino vai, sentando-se em suas mãos, por deus-pai fazendo você curvar a cabeça","Nde pópe ogûapyka, osó kunumĩ, Tupã Tuba ri nde reroîeaŷbyka"
pensa em vir para assustar vocês?,Oú-mo'ang pe mondyîa
sua alma é o que tem muito valor,Nde 'anga sepy-etéba'e
eu o tapo,Aîo'o
vai à fonte,Kûãî 'ype
eis que ela é minha companheira,Xe irũ a'e ã
sobre a pedra,itá sosé
vou me aproximar bastante dela para ver bem sua beleza,Aroby-katupe ká i porangepîá-katûabo
"o atravessei, sem mais",Asasá-benhẽ
atravessei rios,A'y-asab
"o cauim, transbordando nas igaçabas, depois disso os atrai, e igualmente as cuias das velhas","Ygasápe kaûĩ-tuîa a'e ré îamomotá, oîoîá gûaîbĩ rekuîa"
"o que nossos avós quiseram ver, sem resultado, veio mesmo",Îandé ramỹîa remiepîá-potá tenhẽ our é
uns atrás dos outros,o îoakypûé-kypûeri
"foi atravessando o céu, deixando você","Ybaka rasapa, osó, nde reîá"
eu me limpo das fezes,Aîeîkûaru'umbok
ficamos batendo um no outro,Oroîoapi - Golpeamos um ao outro Oroîoapi-api
dizem que vai,Osó ra'ene
"no dia de guarda do nascimento dele, acendemos a fogueira chamada ""caminho do salto""",Ara i 'aragûera pîasaba pupé tatá i apyrasabapé 'îaba îaîmondyk
quando o proferiu?,Erimba'epe sa'angi?
"ao morrer, chegamos ao fim",Oropab oromanõmo
dou pancadas na cabeça dele,Aî'apurupã
"desatinado, sem juízo, enlouquecido, maníaco",angaingaibora
"tempo, lugar, modo, etc. de tocar, de bater",mopûaba
cerca da aldeia,taba pîasaba
livrou-a do primeiro pecado em que adão nos pôs,I pysyrõû tekoangaîpabypy Adão îandé nongaba suí
aquele que tolera quem quer trabalhar nos feriados,Aretéreme i porabyky-potaryba'e mborypara
"você excitou seu órgão sexual, lembrando-se de mulheres?","Ereîmoanĩpe nde remimborará, kunhã resé nde ma'enduaramo?"
você ergueu jesus em seus braços,"Endé, nde îybápe, Îesu eresupi"
"não me chame pelo nome na presença dele, senão ele me mata",Xe renõî umẽ îepé i xupé na xe îukáî
essa mãe de deus também nos maltrata,Oîoîá kó Tupã sy îandé rerekomemûã
como o revolutear de um urubu sobre coisas fedorentas,Urubu mba'enema 'arybo nhemoîereba îabé
"assim procederei, se no futuro tiver saúde",Akûeîkó xe rekóû xe marane'yma rerekóbo rimba'e re'a
antes de sua velhice,o tunhãba'e e'ymebé
destruiu outrora os tamoios,Tamũîa omombab erimba'e
"às vezes nosso remédio não faz efeito, avivando ainda mais a doença","Sarûab amõme asé posangygûaba, mara'ara moîerobu-bé-uká"
o dia está muito escuro,I pytũ-pytun 'ara
para além de lisboa,Lisboa akûeakoty
dei aos índios seus antigos companheiros,Irũmbûera aîme'eng abá supé
eu sou hábil em agir assim,Xe popy'i emonã gûitekóbo
todos da mesma espécie ou qualidade,oîepeixûara
quem é? quem está aí?,Abá-pipó?
na casa de quem você passou?,Abá rokype erekûá?
eu estava me esquecendo mesmo,Xe resaraî é gûitekóbo
o fruto que deus proíbe,ybá Tupã remipysyrõ
eu tenho diarreia,Xe rybykasy
"eis que minha alma, à qual você vem, há de estar como seu leito","Kó xe 'anga, nde rusaba, nde rupabamo t'oîkó"
estes que estão em ibiapaba,kó Yby'apapesûara
ferrugem do ferro,itá repoti
"você pintou a boca, sorrindo para os homens?","Ereîeîuru-mopiningype, abá supé epukamirĩamo?"
"o que anuncia as coisas, o pregador",mba'e rerosapukaîtara
sua mãe não teve dor de parto,I xy n'i membyrasyî
"cura-se algumas vezes, segundo os desígnios de deus para a gente","Opûerab amõnyme, Tupã asé rerekokuapaba rupi é"
tendo alegria,Toryba rerekóbo
acusando uma mulher para seu marido,Kunhã kuaûká i mena supé
remédio que causa a cura de nossa alma,mosanga asé 'anga mombûerasaba
que conheça o caminho do céu,T'oîkuab ybaka piara
remo a canoa,Aygá-pukuî
contando os pecados escondidos de alguém a quem não os conhece,Abá angaîpá-nhemima i kuapare'yma supé mombegûabo
"eis que ele, com a mãe de deus, foi quem criou a jesus, deus","A'e niã, Tupã sy irũnamo, Tupã Jesus mongakuasaramo sekóû"
que te regozijes muito com a virtude,T'ereîekosubeté tekoporanga resé
da mesma forma que o laço está parado e o pássaro vai para dentro dele,"Ma'etakó nhusana oín nhote, gûyrá aé osó i pupé"
você disse isso pelas minhas costas,Xe kupébo aîpó eré
"num dia semelhante a este, santa maria foi visitar uma certa prima sua, santa isabel",Kó 'ara nungara pupé Santa Maria sóû o ykera amõ ybá Santa Isabel supa
imitando a queda das frutas maduras,ybá-'apuba kuîa ra'anga
isso é verdade!,Anhẽ ûĩ!
veio logo atrás de mim,Xe atuaî bé turi
o que está no mar,paranã pora
você não sabe que deus expulsou nosso primeiro pai por causa de um único ato seu?,Nd'ereîkuabipe Tupã îandé rubypy oîepé nhõ sekoaba suí i mosemagûera?
uns aos outros,o îoupé-upé
"será que tem muito cauim, meu avô jaguaruna?",I kaûĩgûasu-pipó xe ramũîa Îagûaruna?
eu não sou padre,Na abaré ruã ixé
estou à procura de caça,So'o resé aîkó
eu tenho a extremidade pontuda,Xe rapûá-obyr
que afaste nossa maldade,Îandé aíba t'oîpe'a
"depois disso, o cauim transbordante nas igaçabas os atrai",Ygasápe kaûĩ-tuîa a'e ré îamomotá
nosso primeiro pai ficou chorando por muito tempo,Ipuku erimba'e îandé rubypy rekóû îase'o monhanga
"tratada assim, certamente uma pessoa fica bem",Emonã serekopyra rakó abá obasẽ-porang
por qual estado transparecia a sua angústia?,Marã sekó resépe i angekoaíba îekuabi?
quem mais não o transgride por não jejuar?,-Abá abépe nd'oîabyî oîekuakube'yma?
ainda bem que morreu,Iîá omanõmo
estive sentado no tronco de uma árvore,Ybyrá-ypype aín
mandei fazer palma,Apindó-pûaî
"que lancemos fora a nossa maldade, não acreditando nos pajés, nas danças e nos rodopios com feitiços","T'oroîtyk oré poxy, paîé rerobîare'yma, moraseîa, mbyryryma karaimonhanga ndi"
vou obedecer a essas palavras,T'asó aîpó nhe'enga mopó
todos os homens estão felizes,Sory pakatu apŷaba
"eu, na verdade, era transgressor dos mandamentos de deus",Tupã tekomonhangaba i abŷaramo ra'e
como herodes mandou tratá-lo então?,Marãpe Herodes serekó-ukari a'epe?
"porque os padres os levam, eu não os amo","Abaré ogûerasoápe, n'asaûsubi"
o que faz o comungante para fazer deus ficar com ele?,Marãpe Tupã rasara rekóû o îoesé Tupã mombytábo?
estou aqui para levar seu ventre e também seus pulmões para minha sogra velha,Kó aîkó sygepûera t'arasó i nhy'ãbebuîa abé xe raîxó-gûaîbĩ supé
dia muito bom,Arangaturameté
frustrei aquilo que fulano faria,Aîmorambûerukar ahẽ rekorambûera
retirei o invólucro dele,Aînhubã-rok
os que vêm do lado onde nasce o sol,kûarasy sembaba koty suí ouryba'e
podei-a,Aî'ybab
"ele, depois de crescer, entregou-se aos homens maus, deixando-se matar na cruz","A'e o kakuab'iré, i nheme'engi apŷabaíba supé, oîeîuká-uká ybyraîoasaba resé"
faz você subir com ele hoje,Nde reroîeupi kori
a vida de sua alma,o 'anga rekobesaba
"eu sou o grande tamoio aimbirê, uma sucuri","Xe tamuîusu Aîmbiré, sukuriîu"
eu estou sujo,Xe ky'a
"meus guardiões se oporão a vocês, como de costume",Xe rarõana opoapypyk îandune
"sangue verdadeiro de meu senhor jesus cristo, tu, outrora, como resgate, te derramaste na cruz","Xe îara Îesu Cristo rugûy-eté, nde erimba'e morepyramo ereîemo'ẽukar cruz pupé"
doador de nossa vida,Îandé rekobé me'engara
ensinamento da palavra de deus,Tupã nhe'enga morombo'esaba
ele disse isso para disfarçar a existência de suas presas,O embiara kuakupa aîpó i 'éû
acreditem um pouco mais nele,I pyrybé perobîá
"como o viu, se ele não tem corpo?","Marãpe sepîaki, setee'ymba'eramo sekó e'ymeté?"
"caburé, vem correndo!","Kaburé, îori enhana"
"chamei-o, de fato, mas nem por isso veio",Asenõî nakó naeroîaî turi
lacei a perna dele,Asetymã-maman
deixei-o até o meio dela,I ku'a rupi aseîar
fachos para iluminar o caminho na escuridão,Sesaý pytumimbyka rupi pé resapébo
"""sob o sono da bem alta noite"", isto é, nas horas mortas da noite, em que todos dormem",pysaîé-katu ké-gûyrybo
cuidei bem das aflições da minha família,Arekó-angaturã xe anama poreaûsuba
quando foi visitá-la?,Erimba'epe i xóû i xupa?
que venha nos fazer felizes,T'oú oré moorypa
oxalá deus mandasse os cadáveres de toda parte falarem o que terá sido o seu enterro,Omonhe'enguká temõ Tupã te'õmbûera kóbo i tỹmbûerama
ilha grande,Ypa'ũgûasu
que o faça perdoar a nós,T'omoîerekûab orébo
"vou comê-lo, pois",A'u nhẽne ky
"ah, veio de fato para cá a grande ostra!",Té oureté kybõ Reriûasu mã!
faça com que esta aldeia permaneça por muito tempo em deus,Eîmoingó-puku-katu kó taba Tupã resé
é moderadamente grande,Turusu-nhota'ubĩ
piorei muito por causa do meu grande mal,Aîerekoaibeté xe angaîpá-katu suí
"então, nós rezamos aos santos?",Emonãnamope asé îeruréû santos-etá supé?
eu ronco muito,Xe kerambugûasu
passei apenas,Akûab îõte
você vai imediatamente para o seu terreiro para cantar,Aûnhenhẽ eresó nde rokápe enhe'engá
o que está dobrado,i poîoybyryba'e
os habitantes do céu se afligiram,Ybakygûara onhemoputupab
"também os tornam famosos, vilipendiando-os com suas bocas","Oîmoerapûan-y bé, o îurupe i momoxŷabo"
meus pecados não são muitos,Na setáî xe angaîpaba
lamente-se!,Eîeapirõ!
você é uma criancinha,Pitangĩnamo ereîkó
"conte todos os seus pecados, seja forte",Eîmombe'u pakatu nde angaîpagûera nde ratãngaturamo
deixei-o apodrecer,Aseró-serok
arranquei as penas da sua asa,Aîpepó-'ok
aqueles outros grandes chefes confiam em você,Amõaé tubixá-katu nde resé oîerobîá
eu o enxuguei,Aîmoaku'i
aqui estamos nos alegrando para festejar o seu dia,Kó oroîkó oronhemborypa nde 'ara momorangápe
quem vai buscar água,ypyasoara
tenho palavras de rufião,Xe nhe'engarũaíb
quem trouxe aquela lei nova?,Aîpó tekó-pysasu abá serã ogûeru?
"esta igreja é bonita, com muitos adornos!","I porang kó tupãoka, îegûakabetá rerupa!"
o meu cansaço é grande,Turusu xe kane'õ
"oh, que pena que meu pai morreu!",Omanõ tekatunheté xe ruba mã!
casa de terra,yby-oka
durmo frequentemente,Aker-akerĩ
"sol frio, isto é, sol encoberto, tempo nublado",kûarasy-ro'y
a crença na dança enche os corações deles,Moraseîa rerobîara i py'a îaîporaká
estou me sentando,Agûapyk gûitena
"adão, nosso primeiro pai","Adão, oré rubypy"
vou ir,Asóne-ká
ele te chama em particular,Nde katu nde renõî
eu tenho cálculos renais,Xe typa'am
peguei-o com as duas mãos,Oîopobaî aîar
nasci com as pernas dobradas,Oîeaparybyri a'ar
pescador,îeporakasara
você se enfeitou por desejo sensual?,Erenhemoatyrõpe nde poropotaramo?
está de bruços,Oobapybo aîub
como nosso senhor a cura?,Marãpe Îandé îara i mombûerabi?
deixe que eu vá tentá-los.,T'asó sa'anga tenhẽ
arrepende-se muito dos seus pecados no seu coração,Omboasy-katu o angaîpaba o py'ape
ainda mais eu,Ixé-tene
"salve rainha, nossa esperança",Salve Rainha oré îerobîasaba
"transgride também o homem aquela palavra de deus, invocando para seu próximo, bem em seu coração, o diabo, a morte ou jurupari?",Oîaby bépe abá aîpó Tupã nhe'enga o py'ape-katu o apixara supé Anhanga koîpó te'õ koîpó Îurupari rekyîa?
o que você trouxe dentro da sua caixa?,Mba'epe ererur nde karamemûã pupé?
"eis que minha condição, na verdade, é assim",Xe rekó anhẽ nhẽ nakó emonã
a sela do cavalo,kabaru repanakũ
velha muito maldosa,gûaîbĩ-marã serã-serã
destruindo a descendência daquele primeiro homem branco,A'e karaibypy îeapykaba mondyka
"vem, coisa fedorenta, coisa nojenta, tamarutaca!","Eîori, mba'enem, mba'e-poxy, tamarutaka!"
se for assim,emonãneme
santificado seja teu nome,I moetepyramo nde rera t'oîkó
"deus-pai tem mãos, tem mão direita, tem mão esquerda?","I pópe Tupã-Tuba, i 'ekatuápe, i asupe?"
os homens batem nele à sua vista,Sesé abá pûari nde resápe nhẽ
bago de tacape,ygapẽ-nambi
cabaça-pescocinho,yá-nhurĩ
"alcovitice, prostituição - não quero que ninguém as deixe","Manhana, sygûaraîy - n'aîpotari abá seîara"
remédio portador de cura,mosanga mûeîrab-yîara
o que cristo deixa como chefes dos cristãos batizados,Cristãos i mongaraibypyra tekokuaparamo Cristo remieîara
moro com pedro,Aîkó Pero irũnamo
"pelouros grandes feitos de mandioca curtida, com que depois davam cor à farinha de guerra",u'i-apu'a
eu o arrombei,Aîmonarang
como será que um habitante do inferno viveria neste mundo se deus o fizesse viver fora dali um mês?,Marãete'ĩ ra'umope amõ Anhanga ratá pora rekóû ikó 'ara pupé oîepé îasy Tupã ebanoĩ suí o moingobérememo?
ó pero!,Pero gûe'y!
parece que é ele,A'e îasûar
morrendo crucificado nela,Sesé i moîarypyramo omanõmo
mais para cá,kybõ-ngoty bé
"depois disso, hoje vamos quebrar as cabeças dos reis",A'e ré kori îasó tubixaba akanga kábo
cabelo desgrenhado,a-bebó
cunha para fender lenha,îepe'a-kasaba
os cristãos como uma unidade,I mongaraibypyretá oîepegûasu îasûá
"o que a gente diz, querendo abrandar a deus?",Marã e'ipe asé Tupã mombu-potá?
eu tenho uma roça própria,Xe kó-é
"sou muito bochechudo, tenho bochechas grandes",Xe retobapegûasu
"depois disso, os malvados atacam durante a noite, pelas costas, os maridos das mulheres","A'e ré, moxy rekóû pysaîé kunhã mena kupea'pa"
vou me esconder bem,Aîemĩngatupe ká
filha de deus,Tupã raîyra
o peixe me enjoa,I ting pirá ixébo
ele certamente está pertinho,Mbypeteĩ ipó ahẽ rekóû
vocês disseram tolices?,Mba'epûera peîépe?
meu ex-marido certamente deve ser o finado piracaém,"Xe mendûera ipó re'ĩ, Piraka'ẽ amyrĩ!"
oxalá ela estivesse sem roupa!,Ikatupe nhẽ temõ mã!
o reformo nos costumes,Asekonongatu
venham voltar para deus,Peîori pebaka Tupã koty
o aticei,Asapynhang
saiu para o pátio chorando dolorosamente,Osem okarype oîase'o-asykatûabo
"eia, avante!",Nde katunhẽ
por isso mesmo a gente o louva assim que o vê,Nd'e'i te'e asé a'ereme i moetébo sepîaka bé
aqueles mesmos discípulos seus entraram na casa de anás?,Oîképe a'e i boîá aé Anás rokype?
eu sou risonho,Xe nhearõ
o que se deseja matar,i îuká-potarypyra
"creio que ele também retirou as almas dos nossos primeiros e santos pais, que aí esperavam sua vinda",Arobîar asé rubypy-karaibetá 'angûera a'epe turama osarõba'e renosemagûera bé
você não vai morar com sua gente?,Nd'ereîkóî xópe nde anama irũmo?
"um tanto, um pouquinho",angaîbĩ'ĩ nhote
ele morrendo,omanõmo
resgatando totalmente seus antigos pecados,O angaîpagûera repyme'enga-mbapa
não parece certo que ele defenda a morte fora de jesus cristo,N'i aîarõî Îesu Cristo taté é te'õ suí i îepirapûana
isto de novo!,Ang é!
não é que o maldito veio voando?,Ké muru ruri obébo?
sentando-me diante de ti,Nde robaké ûigûapyka
a bela proclamação de sua mãe me afligiu muito,I xy mombe'u-poranga xe moingotebẽngatu
eu tenho peçonha,Xe tegûam
assim que eu vou,Xe só abé
seu ferrete,i kuapamoindaba
maledizendo a lei de deus,Tupã rekó momburûabo
viemos de longe,Îaîu kûepe suí
ele é moderadamente grande,Turusu nhote
estou em dúvida,Xe akasang
não tenho pena das coisas,N'asaûsubari mba'e
"sim, esses me satisfazem","Îé, aîpó xe moytarõ"
vem me encontrar,Eîori xe repenhana!
"por não temer proclamar a fé em deus, os pecadores mataram são mateus","Tupã rerobîara mombe'u posykyîee'yma resé, angaîpaba São Mateus îukáû"
tendo-os ao pescoço,O aîuri serekóbo
vem me alimentar bem,Eîori xe poîkatûabo
"abraçando a cintura do teu companheiro, estimulando teu desejo sensual","nde rapixara ku'a îubana, nde poropotá-pokyramamo"
"todos eles voltaram para trás, caindo de costas no chão","Opá i îeakypûereroîebyri, o atukupé pyterybo o'á ybype"
por acaso todos os que estavam ali começaram a injuriá-lo?,Opabenhẽ serã erimba'e a'epe tekoara iî a'o-îa'oû?
fazendo com que os homens ficassem espiando,abá momanhã-manhana
"após acabar o mundo, os fará voltar a viver","Ara pab'iré, i moingobeîebyri-ne"
o vão entre minhas pernas,Xe rakamby
oxalá fosse verdade!,"Anhẽ temõ turi mã - Oxalá ele viesse, de fato Anheté temõ!"
"existe meu auxiliar verdadeiro, o grande chefe aimbirê, o pervertedor dos índios","Oîkobé xe pytybõanameté, tubixá-katu Aîmbiré, apŷaba moangaîpapara"
prova que o levas!,Esa'angyne serasóbo
"seus amigos, os franceses, trouxeram pólvora em vão","Saûsupara, aîuruîuba, mokaba ogûeru tenhẽ"
eu costumo mexericar,Xe mba'epûer-y îá
"tendo inveja do seu próximo por ter coisas boas, entristecendo-se por isso","O apixara mba'e-katu rerekó moasŷabo, sesé onhemoangekoaípa"
você se alegrou por alguém tê-las estragado?,Nde rorype abá serekomemûãagûera resé?
"quando o sol estava no alto de nossas cabeças, eu cheguei","Asé 'apyterype 'ara ruî - No alto de nossas cabeças o sol está Îandé 'apytera 'arybo 'ara rume, xe ruri"
suo,Xe ryaî
homem luxurioso,abá-poropotara
"esse é meu antigo carrasco, uma taturana","Akó xe îubykarûera, tataûrana!"
antes sua ida para junto dele no céu do que sua ida para o inferno,Ybakype i pyri o só îanondé Anhanga ratápe o só suí
aquele que entrava na igreja,Akó oîké rakó Tupãokype
a desfolhei,Aîpo'o
amarelecimento,moroîuba
não dormi absolutamente para procurá-los,N'aker-angáî sekasápe
é um tanto grande,Turusu-pyryb
muitos judeus junto à cruz,îudeus-etá cruz robábo
"entrando em sua casa, visitando você imediatamente","Nde rokype oîkébo, nde supa aûnhenhẽ"
meu ex-marido certamente será,Xe mendûera ipó re'ĩ
uns aos outros também o mataram,O îoirũmo bé i îukáû
grão de farinha,U'i-esakytã
"vou comer hoje seus braços, jaguaruçu, suas coxas","T'a'u kori i îybapûera, Îagûarusu, i ugûera"
vou ir,Asó nhẽ
o vejo,A'é sepîaka
por ele ter esperança nela e em deus,Sesé Tupã resé bé o îerobîasápe
"assim que termina a vida que deus nos dá, a morte nos vence","Tekobé îandébe Tupã remime'enga syka bé, te'õ îandé moaûîéû"
quem tocou na irmã mais nova ou na irmã mais velha de sua noiva verdadeira não pode casar nem mesmo com a sua noiva,O me'engabeté pyky'yra koîpó tykera resé obykyba'e n'e'ikatuî omendá o me'engabeté resé tiruã
alguns batiam no peito,Amõ amõ o poti'a resé opûá-pûá
caminho da carioca,Kariîopiara
também emendou aquelas suas palavras?,Oîmoîoapyr-y bépe aîpó o nhe'enga?
alguns soldados foram de novo para quebrar as pernas daqueles dois ladrões,Osó bé amõ maranaritekoara a'e mokõî mondabora retymã mopena
este pajé ruim tem um espírito protetor,Supixûar ikó paîé-angaíba
"de acolá, dali",ûĩ suí
"os moços, os homens, as moças: a todos os tenho bem em minhas mãos como meus súditos","Kunumĩgûasu, apŷaba, kunhãmuku, xe boîáramo pabẽ xe pópe arekó-katu"
aparei-lhe o topete,Asetobapy-etab
voa para longe de nós,Obebé îandé suí
enfim chegou,Té osyka
tanto um quanto o outro importunavam santa maria ao longo dos dias,Oîoîabenhẽ 'ara rupi Santa Maria moaîuû
três ou quatro anos depois de os terem enterrado,mosapyr koîpó oîoirundyk seîxu ybŷá o tym'iré
"eu sou pequeno! me engolirá hoje, como de costume","Xe mirĩ! Xe mokõ kori, îandune"
trouxe-as para a rainha,Arurĩ reîa supé
na sua preocupação com torpezas,poxy resé o nheangerekosápe
mas esta terra em que moramos não é nossa pátria?,N'asé retama ruã-tepe ikó yby asé rekoaba?
você trouxe sua caixa?,Ererupe nde karamemûã?
você a ouviu desde o começo dela ou somente a partir do meio dela?,Iî ypy suí-katupe eresendu koîpó i ku'a suí nhote?
"ah, meu pai!",Xe rubĩ mã!
"sim, esses me satisfazem","Îé, aîpó xe moytarõ"
o esmigalhei,Aîkurubixok
eu tenho mau hálito,Xe rygynõ
fazendo com que as pessoas sintam ódio umas das outras por causa de alguém,Abá resé nhoamotare'yma rerekouká abá supé
nós estamos enfileirados,Oré rysy
como diz o último dos mandamentos da santa mãe igreja?,Marã e'ipe Santa Madre Igreja asé rekomonhangaba mondykaba?
conforte-me,Xe moapysyk îepé
"que eu possa conhecê-lo, meu pai tupinambá!",T'e'ikatu nde kuapa xe ruba Tupinambá!
velha maldosa,gûaîbĩ-marã
descarrega-a para ele,Eroîyb ahẽ supé
que você também venha com jesus,Nde abé Îesu irũmo t'ereîu
que esse meu futuro sofrimento seja impedido,T'i rambûer iã xe remimborararama
para o encontro de vocês com a verdadeira virtude,Tekokatueté pé pe gûasemagûama resé
hoje mesmo vou fazê-lo ir,Kori é t'oromondóne
deu todo o seu sangue,Opá og ugûy me'engi
"o que alegra, o que agrada, o que consola, o ajudador",moîekosupara
quem foge com uma mulher não pode casar-se com ela,Kunhã reroîabapara nd'e'ikatuî sesé omendá
esses moçacaras são famosos,Serapûã kó mosakara
eu tenho hérnia,Xe rapi'agûasu
deixei-o pela metade,Aîmoagûé
"assim, verdadeiramente, você não cumpriu o que disse?",Emonã-tekatuetépe nde 'eagûera nd'ereîmopori?
pelo menos eu,Ixé te'ĩé
compadece de minha alma,Eporeaûsubok xe 'anga
"o que informa, o que avisa",momorandupara
"dentro dela, gerando-se, deus fez-se pequeno","I pupé onhemonhanga, onhemomirĩ Tupã"
ensaquei a farinha,Au'ipuku-nhang
vou mandar fazer farinha,Asó u'i pûaîa
o que fizeram querendo aproximá-los?,Marãpe ybŷá serekóû i mondyka potá?
eu não me altero,Na xe amarani
vamos chorar sempre,T'oroîase'o memẽ
você também pode tomá-lo algumas vezes em outros dias?,E'ikatu bépe amõ 'ara pupé amõme asé tara?
"quando se destila algo quente, muito amargo","Mba'e-akuba, mba'e-robeté tukutuku okûapa"
"lanço da ocara: a parte da ocara contida, por exemplo, entre duas ocas",okarapupa'ũ
a vanguarda da guerra: o que vai à frente dos outros na guerra,marana tĩapyra
em vão creem em você,E'i tenhẽ nde rerobîá
você aceitou as palavras deles?,Ereîmorype i nhe'enga?
"vem para destruir o maldito, lançando-o em seu fogo","Eîori, muru mombapa, satápe seîtyka nhẽ"
"se o que deus fez neste mundo é muito belo, quanto mais lá, no céu primeiro","Ikó 'ara pupé abiã Tupã remimonhangûera i porãngatu, memetipó ebapó ybakypy"
este sonho é a maneira de reconhecer que ela é o que eu quero,Kó mosaûsuba xe remimotaramo sekó kuapaba
"logo depois de dizer aquilo a ele, lançou o pagamento por seu senhor no templo, indo finalmente enforcar-se","Aîpó oîoupé 'é abé, o îara repypûera reîtyki Tupãokype aûîé osóbo oîeaîubyka"
o padre realmente me batizou,Xe reroketé pa'i
"levaram-no para um certo palácio, fazendo-o entrar com eles",Ogûerasó amõ okusupe seroîkŷabo
tenho relações sexuais com ela,Aîkó sesé
nós estamos bem arrasados,Oré tygûé-katu
doravante serão bons os que costumo guardar,I angaturam ko'yré xe remiarõ îandune
vou para junto do meu pai,Asó xe ruba pyri
deveria ir,Asó temonemo
morro subitamente,Amanõ-memûã
eu tenho penduricalhos,Xe renembaî
eu sou calvo,Xe 'apytereb
conheceu sua autêntica bondade,Oîkuab i marangatueté
fui sem resultado,Asó biã
ilumina hoje os olhos da minha alma,Esesapé kori xe 'anga resá
"herodes teria entregado este à morte, conhecendo suas maldades",Herodes meémo ikó oîme'eng te'õ supé i angaîpaba kuapa
eis que estou à vista de deus,Tupã resápe ã xe rekóû
estou me agachando,Anhemombeb gûitena
como os seus atos passados serão a causa de vocês o derrubarem?,Marãpe sekoagûera peẽ i mbo'aragûama?
"o sol certamente brilha, após passar a grande noite","Kûarasy nipó oberá, putunusu kûab'iré"
abundava o amor de deus em seu coração outrora,Tynysẽ Tupã raûsuba nde nhy'ãme erimba'e
eu espirro,Xe atîam
que alegremos a maria,Maria t'îambory
eis aqui minha grande muçurana,Kó xe musuranusu
"brigarão, se cuspirão?","Omarãmonhangype, oîoendyne?"
botão da roupa,aoba potãîa
que bom seria se deus mandasse fazer os cadáveres falarem!,Omonhe'enguká temõ Tupã te'õmbûera!
"estamos sob suas mãos, apoiando-nos em você","Nde pó gûyrype oroîkó, nde resé oroîekoka"
"""o chupa-fogo""",tatá-pytera
"caem, às vezes, os frutos das suas árvores, ainda sendo flores",Okuî rakó amũme 'ybarambûera o 'yba suí ybotyramo oîkóbo bé
este outro,kó amoaé
"eu, o diabão assado, o que tem nome guaixará, o que é afamado por aí","Xe, anhangusu-mixyra, Gûaîxará seryba'e, kûepe i moerapûanymbyra"
eu estou amargo,Xe rob
você se deleitou em seu sonho com ela?,Ereîmborype sesé nde posaûsubagûera?
sei mais do que você,Aîkuab-eté nde suí
"daqui, certamente, passou para a índia, terra dos indianos",Ké suí serã i asabi India tapyîtinga retãme
"eis que ontem trucidei gente, matando europeus","Kûeîsé kó aporapiti, aîuruîuba îukábo"
"alguns somente, outrora, morreram meninos",Mbobyrîõ ipó erimba'e kunumĩ kanhemi
lembrança das coisas,mba'e resé ma'enduasaba
o afrouxei,Aîmokanãî
"embora ela não agisse velhacamente, você bateu com o pau na sua esposa","Marani n'oîkóî îepé, ereropûar ybyrá nde remirekó resé!"
vou anunciar detidamente cada um daqueles quatro destinos finais da nossa vida,Aîpó îandé rekó oîoirundyk mondykaba îabi'õ t'amombe'u apysagûé
os habitantes do céu estão ainda mais felizes,Ybaka porá-tene sory-porang
"então, naquela época",a'e remengatutenhẽ
fui para alcançar pedro no rio,Asó Pero rupytyka 'ype
tornei a água sua turva,Aîmo'ypiting
frequentando outras aldeias,amõ taba rapekóbo
ao decorrer de quatro gerações,Oîoirundyk îeapyká sykápe
"quem está deitado aqui, aquietando-se?",Mba'epe ké tuî opyka?
você acredita no pajé quando ele finge assassinar as pessoas?,Ererobîarype paîé porapiti mo'anga'uba?
misérias da vida,tekó poreaûsuba
"os bem-aventurados e os santos no céu, que veem a deus, ultrapassam o número dos dias que o ano tem","Marangatuba'e, santos ybakype, Tupã repîakaretá, osasá 'ara ro'y remierekó papasaba"
"você se entregou a imaginar, em seu sono, que um homem fazia sexo com você?",Erenhemoaûîépe nde kerype nde resé abá rekó mo'angeme?
bafejo,Atimbor
"eu, hoje, o lombo deles",Xe kori i pyîaso'o
"no meio, no centro, pelo meio, pela metade",oîopyterybo
matam,Îaîuká
apenas o terror ao nome da mãe de deus não me matou,Sãî xe îukae'ymi Tupã sy rera abaîté
você diz isso com razão,Aîpó eré supikatu
eu também sou um porco,- Xe abé taîasugûaîa
"você terá de ir, pois, para o seu fogo, para que esteja para sempre prostrado no lugar em que se faz sofrer","T'eresó rõ nde ratápe, aûîerama t'ereîub moreaûsuba monhangápe"
sentir o toque nas coisas,Mba'e resé mokoka anduba
trouxe todo o peixe,Aru-pab pirá
saciei minha vontade de comê-lo,Aî'useî-mogûab
o que será mantido para sempre neste mundo?,Mba'epe aûîeramanhẽ serekopyrama ikó 'ara pupé?
é medianamente grande,Turusu-nhota'ub
sua mãe levou dois filhotes de pomba como oferenda,Mokõî pykasu ra'yra i xy ogûerasó îetanongabamo
"ficar colocando comida, aos poucos, na boca de",îuru-py-pyk
eu sou muito manhoso com as palavras,Xe nhe'ẽpokarugûá-katu
ensinando você a si mesmo,Eîembo'ebo
homem liberal,abá-ekoate'yme'yma
"você se permitiu cobri-la, sendo sua parente?",Ereîeîopyk-ukarype nde maranungaramo?
diferenciando-a das outras mulheres,Amõ kunhã suí i moingoébo
"alguns soldados foram novamente quebrar as pernas daqueles dois ladrões, fazendo-os descer com eles",Osó bé amõ maranaritekoara a'e mokõî mondá retymã mopena seroîypa
que pareçam juntar-se como um só,T'oîese'ar-y berame'ĩ oîepekaturamo
por acaso o seu segundo braço não alcançava o lugar onde deveriam ir os pregos?,Ogûatá îepé serã i îybá mokõîa itapygûá soarama resé?
invocando o anhangá ou a morte ou o jurupari,Anhanga koîpó te'õ koîpó Îurupari rekyîa
"a seu próprio pedido, na cruz o pregaram","Cruz resé i moîari, i îeruresabo é"
as moças habitantes das aldeias eu as escondo no meu coração,Kunhãmuku taba pora xe py'a pupé anhomim
o que é daqui é este,Ikendûara n'ikó
sou diferente,Aîkoé
"moço que aprende, moço aprendiz",kunumĩ-nhembo'e
quero ir para sua terra,Asó-potá nde retãme
"passagem de água, rego para água",y kûapaba
por isso mesmo nosso pai fez primeiro como nosso progenitor,Nd'e'i te'e îandé rubypyrama monhanga îandé nhemonhangabamo
a gente sempre se inclina quando diz jesus?,Oîerokype asé Jesus 'ereme?
minha vida passada em minha terra vem à minha memória,I 'ã i 'ang xe retãme xe rekoagûera ixébo
que ele não esteja pelas ocas a agitar nossas almas,T'oîkó umẽ oka rupi oré 'anga monguébo
"quando o sol estava no alto de nossas cabeças, eu vim","Îandé 'apytera 'arybo 'ara rume, xe ruri"
em pedro eu supunha te ver,Pedro resé ixé nde mondari
falo irritadamente,Anhe'ẽ-îeaseî
o que perverte uma casada,mendara momoxysara
a água benta também faz abrandar o que os doentes sofrem,Mba'easybora remimborará moarybé-ukasara bé 'ykaraíba
"deus te ama muito, enchendo-te de graça","Tupã nde raûsubeté, graça ri nde moynysema"
vou como alcoviteiro,Asó manhanamo
o que é cego,sesabyba'e
arranca-te o nome por causa dos malditos,Eîerok moxy resé
"mas, de verdade",anhẽp'anhẽ
ajuntamento de canas-de-flecha,u'ubá-tyba
eu estou opilado,Xe apong
ajudando-os sempre,I pytybõmo îepi
matemos juntos o que isto diz,Îaîuká memẽ aîpó 'îara
não havia nada antes de deus criar o mundo?,Nd'oîkóîpe mba'e amõ Tupã 'ara monhang'e'ymebé?
espremei o sumo dela,Anhamĩ - Espremi-o Aty-amĩ
"quais são, por acaso, as ocasiões para ter medo da morte?",Mba'e-mba'e-piã te'õ suí nheangûaba?
perseguidora do diabo,Anhanga momosembara
este dia nos foi dado,Kó 'ara oîme'eng îandébe
o terceiro deles,i mosapysaba
"conversemos em voz baixa, para que os índios não o percebam","Mbegûé îaîomongetá, t'onhandu umẽ abá"
já afastei minhas maldades dessa maneira,Aîpe'a umûã emonã xe angaîpaba
tiro-lhe a pele,Aîpirok
os que moram no céu não desobedecem nem um pouco à vontade de deus?,N'oîmomarã-mirĩ-angáîpe ybakygûara Tupã remimotara?
"sem se misturar com eles, e igualmente não querendo o seu modo de ser","Sesé onhemonane'yma, oîabé sekó potare'yma"
"por ali, por aí",ebokûea rupi
que você nos dê seu belo filho,Nde t'ereîme'eng orébo nde membyporanga
fique com seus súditos junto de nós,Eropytá nde boîá'ĩ orébo
ainda bem que os três novamente queimarão juntos,Iîá mosapyr-y bé pekaî oîepegûasune
"rechonchudão, baixo e de corpo largo",apebusu
"e os cristãos transgressores da palavra de deus, o que lhes acontece?","A'epe cristãos Tupã nhe'enga abŷara, marã?"
"fiz uma cilada contra o inimigo, matando-o",Aîkupe'ab tobaîara i îukábo
o fogo dele abrasou sua alma,Nde 'anga osapy satá
"reritiba, minha terra, aldeia muito boa","Rerityba, xe retama, tabangaturãngatu"
ali também estavam os que guardaram sua alma em sua virtude,A'epe bé ogûekokatu pupé o 'anga nongatusarûera oína
"imediatamente, eles se vingam do seu próximo",Aûnhenhẽ o apixarĩ resé îepyki
fazendo-se humilde como um pobre,Onhemoarûabo mba'eîare'yma îabé
eu não sei,Na xe tekokuabi
estou de acordo com ele,Supi nhẽ aîkó
lugar de retalhar a carne: açougue,so'o mbo'isaba
você detesta completamente suas obras?,Ereroŷrõ-mbápe sekó?
havia muito sangue dele,Sugûy turusu
"na verdade, vocês me verão estar sentado futuramente do lado direito de deus pai",Anheté pesepîak irã Tupã Tuba 'ekatuaba koty xe gûapyka xe renane
pintei-o,Aîkûatiar
"sendo virgem, mesmo dando-o à luz, antes de o dar à luz e, igualmente, depois de o dar à luz","I mbo'a tiruã, i mbo'ar' e'ymebé, a'erame'ĩ i mbo'ar'iré, omarane'ymamo"
fiz-o trabalhar,Aîmoingó-marã
você ficou suspeitando sem motivo da sua esposa por causa de alguém?,Ereîmondá-mondá tenhẽpe nde remirekó abá resé?
"eu sou guaixará, bebedor de cauim",Gûaîxará kagûara ixé
tudo faz a aldeia pecar!,Opá taba moangaîpabi!
"o homem está muito feliz, certamente, depois de alcançar alguma verdade",Sorybeté rakó abá mba'eeté amõ resé o îekosub'iré
fiz minas,Aîekûarybykoî
trago muitos,Arurusu
vindo com os três reis pela estrela,Mosapy reîá reru îasytatá rupi é
que vocês vão se regozijar com o que é desejado,Ta pesó peîekosupa i potarypyra ri
mordo-a,Anhagûãî
permitindo seu concubinato,I agûasá repîakĩamo
"você tem compaixão da sua mãe e do seu pai quando eles estão deitados, doentes, e é responsável por eles?","Eresaûsubápe nde sy nde ruba i mba'easy tume, sesé nde morerekoaramo?"
eu estou feliz pela sua ida,Xe roryb nde só resé
a poeira dos pés arranca sempre de minha casa a tua pousada,"Eîpytybyrok xe roka, nde pytasaba îepi"
"retalhador de carne, açougueiro",so'ombo'isara
estou só,Oîepebẽ aîkó
"desejando ardentemente ver o nenenzinho, vim de minha casa","Pitangĩ repîaka'upa, aîur xe roka suí"
os homens pecadores mataram são mateus,Abá angaîpabora São Mateus îukáû
"após arrependerem-se de seus atos, os índios vão se confessar","O ekó moasy riré, abá sóû îemombegûabo"
fachos de luz para iluminar o caminho na escuridão,Ysysaý putumimbyka rupi pé resapébo
"o cauim transbordante nas igaçabas, depois disso, os atrai","Ygasápe kaûĩ-tuîa, a'e ré, îamomotá"
vou mudar de nome hoje por causa deles,Aîerok kori seséne
por isso mesmo todos os homens emagrecerão,Nd'e'i te'e opá abá angaîbaramo-ne
ainda é muito cedo para isso,Nd'e'i-angáî
me prejudiquei,Anhemoaíb
"tentando inutilmente livrar-se da morte, amedrontando-se, enfim","Te'õ suí o nhepysyrõ ra'angyîepébo, opiringamo ko'yté"
deus parece obter o descanso,Mutu'u resé Tupã îekosu-berame'ĩ
"casarão, casa grande",okusu
nós nos misturamos,Oroîese'ar
"aproximando-me da morte, farei sair meus antigos e grandes pecados","Te'õ rerobyka é, xe angaîpá-tubixagûera amosẽne"
madeira ou armação para futura casa,ó-kangûama
que afastemos o diabo agora e para sempre,Anhanga t'îaîpe'a ko'yr aûîeramanhẽ
sua mãe afável também lhe arranca a ferocidade,I xy-îerekûaba abé oîo'ok i abaeté
meu braço perdeu a sensibilidade,Omanõ xe îybá
confiemos nesses homens,T'i îerobîar apó abá ri
caço,Aka'amondó
argumentei contra suas palavras em vão,Aînhe'engapypyk îepé
tenho a garganta seca,Xe ase'o-tining
só a morte é a causa de afastá-los,Te'õ anhõ i mombo'isaba
a que deseja a virtude,Tekokatu potasara
"transgride também alguém a palavra de deus ao não mandar comungar seu filho, que é comungante antigo?",Oîaby bépe abá Tupã nhe'enga o a'yra tupãrasarymana supé tupãrarukare'yma?
morro de morte natural,Te'õ suí amanõ
"guardem-se de ser maus, doravante",Peteumẽ pe poxyramo angiré
"quando o sol fustigava a terra, eu vim","Ara yby sokeme, xe ruri"
"lembre-se já de seus destinos últimos, do fim de suas coisas","Nde ma'enduar nde rekosykagûama, nde rekó pabagûama resé rá"
os homens esvaziam as cuias,Oîmboapy abá kuîaba
que venha neste dia para aquecer nossa alma,T'our kó 'ara pupé oré 'anga moakupa
ajuntamento de araçás,arasá-tyba
permaneço seu guardião,Aîkobé n'ixé sarõana
o que é moído,i mongu'ipyra
talvez este pássaro grande queira me agarrar novamente,Xe pysy-potar-y bé serã kó gûyragûasu
ela é muito larga,I popebusu
igualmente se preocuparão em fazer com que seus filhos estejam na virtude?,Oîoîabenhẽpe tekokatu resé o a'yra moingoagûama ri i nhemosaînanyne?
"a morada dos homens é, de fato, muito diferente da minha residência",Oîaby rakó abá rekó xe retama
"eu vou mentir, dizendo isso",Xe remo'em ká é aîpó ûi'îabo
isso é certo!,Aûîé a'e!
dirigi-a,Asebikok
prestar atenção aos fatos futuros,Tekorama ri îeapysaká
os que de nós são maus são os que não cumprem nesta terra a vontade de deus,Asé i angaîpaba'e ipó ikó ybype Tupã remimotara n'oîmonhangi
ele morre,Se'õ
por que a gente a coloca em seu próprio peito?,Marãnamope asé o poti'ape i moíni?
para que não prejudiquemos os que nos trazem bens,T'i momuru umẽ ma'e îara îandébe
homem brigão,abá-marãmotara
"companheiro de aprendizado, condiscípulo",nhembo'e-irũ
que minha alma vá sempre juntando virtudes,T'osó xe 'anga îepi tekokatu mono'onga
"eu, em vez disso, quero presas nas pessoas de alguns bêbados","Xe-te, xe rembiá-potá sabeypora amõ resé"
eu sou pequeno!,Xe mirĩ!
aquele que tolera as pessoas em coisas más,Mba'e-poxy resé oporomboryba'e
você contou a maldade de alguém?,Ereîmombe'upe abá rekopoxŷagûera?
você me atormenta,Xe usũî îepé
você quis muito ouvir difamações que alguém profere?,Eresendu-potá-katupe terapûanaíba abá remimombe'u?
este macaxera me prendeu!,Xe pysyk kó makaxera!
"você, talvez para retribuir, sempre lhe dirige carícias desonestas",Nde serã i poepyka îomomorangaíba ereîapi ko'arapukuî
você ficou maravilhado com a visão de homens belos?,Nde angerasópe abá-porangepîaka?
eu o ensino,Aîmotekokuab
o que alguém acolhe em seu paganismo está igualmente no paganismo dele?,Og ere'yma pupé abá remipysyrõ oîabé sere'ỹme?
no terceiro dia,Ara nhemomosapyra pupé
são pedro puxou a espada,S Pedro itangapema osekyî
fiquei me penitenciando por muito tempo,Kype anhenupã-nupã
amarre sua rede de dormir ao meu lado,Eîotĩ nde kesaba xe porupi
"assim, por causa de seu comportamento, os aracajás os frequentam",Emonã sekó suí arakaîá sapekóû
ensina bem minha alma para que conheça o caminho do céu,Eîmbo'ekatu xe 'anga t'oîkuab ybaka piara
eu sou o grande tupinambá,Xe tupinambagûasu
"você tomou veneno, querendo abortar seu filho?",Eremosangu'upe nde membyra akyrara potá?
o oposto da ira é a paciência,Nhemoŷrõ robaîara tosanga
deixei de amá-lo,Asaûsupo'ir
"no meio do caminho, meninos me assaltaram","Pé ku'ape, kunumĩ pu'ama'ubi xe ri"
homem verdadeiro como nós,apŷab-eté îandé îabé
também asperge-se as sepulturas com água benta?,Osepyî bépe asé tyby 'y-karaíba pupé?
tenho medo de ficar preso nesta armadilha,Aîpoûsub ikó mundépe xe rena
qual é o alimento do nosso corpo?,Mba'epe asé reté remi'u?
cuidem bem dele hoje,Peîpysy-katu kori sesé pemaînãngatûabo
peido,Apynõ
"não acreditam no padre, bebendo cauim durante a noite toda","Abaré nd'ogûerobîari, putuna rupi okagûabo"
veio antes que eu me preparasse,Xe nhemosako'i e'ymebé turi
você meteu a mão nas partes erógenas do seu próximo?,Erepo'ẽpe nde rapixara rapupé resé?
dorme no lugar onde o colocaram deitado,Okerĩ o moupápe
pedro é maior que você,Peró turusu-eté nde suí
"ao me aproximar da morte, farei sair meus pecados antigos e grandes","Te'õ rerobyka é, xe angaîpá-tubixagûera amosẽne"
"eu, o diabão assado",Xe anhangusu-mixyra
"vou levar todos para o meu fogo, com seus amigos",T'arasó pá xe ratápe sembiaûsuba resebé
"por isso, agora que é dia santo, eles estão felizes","Nd'e'i te'e ko'yr, onhemo'aretébo, og orybamo"
senhora da vida,Tekobé îara
à vista dele,sepîaka
amamentando seu neném,i pitangĩ mokambûabo
meu destino é a terra de deus,Xe soaba Tupã retama
aquela cidade chamada jerusalém,akûé tabusu Îerusalém 'îaba
apenas desejando uma mulher,Kunhã potá nhote
o tenho no meu pescoço,Xe îuri arekó
tenho o rosto curubento,Xe robá-kurub
como pagamento por suas antigas comilanças e bebedeiras,"O karûagûera, o sabeypó-ypoagûera repyramo"
não me dá oportunidade,Na xe mo'ekatuî
não assassine pessoas,Eporapiti umẽ
ela é muito boa porque tem muita virtude,"I angaturãngatueté, tekokatu o esemõneme"
"jesus, senhor da virtude","Îesu, tekokatu îara"
não desisto,Na xe apori
"minha mãe, vem!","A'i, eîori!"
os oponentes se renderam,I aûîé mu'amarûera
não querem que toquem em vocês,Pe atõîa n'oîpotari
"eu mesmo sou quem o queimou, quando ele vivia","Ixé aé sapysarûera, sekobeaba resé"
"venham para comer a criança, engolindo completamente o menino","Peîori pitanga gûabo, kunumĩ mokona mbá"
todos os homens foram,Opá abá sóû
que eu lave a boca,T'aîeîuru-eî
"verdadeiramente, eis aqui o seu caminho; não quero que você se perca","Anheté, kó nde rapé Nd'aîpotari nde ropara"
a morte é o que separa os verdadeiros cônjuges,Te'õ a'e mendasabeté mombo'isaramo
todos os habitantes do paraíba,opá Paraibygûara
"oh, será que isto é o diabo?!","Îu, anhangap'ikó ri?!"
eu sou falador,Xe nhe'engixûer
honrando você mais do que todas as mulheres,Opabĩ kunhã sosé nde momba'etébo é
sou inimigo das pessoas,Morobaîaramo aîkó
eu tenho nome,Xe rer
vasilha de sal,îukyruru
um tanto maior,turusu bé'ĩ
breei-o,Aîkytyk
afirmamos que isso é o que deve ser enaltecido,Îamombe'u aîpó i momorangymbyra
"tenhamos as coisas boas, separando-as daquilo que é torpe",- Îarekó é rakó mba'e-katu i poxyba'e suí i mouruébo
pelo caminho,pé rupi
"quanto mais um caminhante se aflige por um caminho que não conhece, mais deseja logo ver o dia","Memeté rakó pé o emingûabe'yma rupi oguataba'e o angekotebẽnamo, korikorinhẽa'ub 'ara repîaki"
"ah, sim! ah, já entendi!",tó eẽ
"algumas poucas vezes, algumas vezes, somente",amõme é
sal bento pôs na sua boca para que a palavra de deus lhe seja muito saborosa,Îuky-karaíba oîmondeb nde îurupe ta se'ẽngatu Tupã nhe'enga i xupé
vamos logo,"Ene'ĩ, t'îasó taûîé"
"às vezes nosso remédio não faz efeito, avivando ainda mais a doença; outras vezes, por sua ineficácia em afastá-la","Sarûab amõme asé posangygûaba, mara'ara moîerobu-bé-uká, amõme i pe'arunga o arûabíreme"
conhecendo a morte ainda na sua primeira infância,O pitangĩ pupé bé te'õ kuapa
mas são eles que mandam fazer cauim,A'e-te kaûĩ pûaîtara
tornando o seu senhor afável para vocês mesmos,Pe îoesé pe îara moaky
"ele, após crescer, entregou-se aos homens maus, deixando-se matar na cruz, estendido","A'e o kakuab'iré, i nheme'engi apŷabaíba supé, oîeîuká-uká ybyraîoasaba resé i moatãmbyramo"
"naquela época, depois que o mundo foi criado",Akoraka'e 'ara nhemonhang'iré
topo da escada,mytamytá-ypy
os temiminós só confessam seus pecadilhos durante o dia,Temiminõ 'arybo nhẽ oîmombe'u o angaîpá-mirĩ anhõ
coloquei entradas nele,Aî'atybakã-moín
"vamos, sucessivamente, um atrás do outro",Oroîeoî
a embelezou acima de todas as pessoas,Abá sosé pabẽ i momorangi
deus fez certa mulher bondosa,Tupã amõ kunhãngatu monhangi
eu sou elegante,Xe katu
envergonhe-se de si mesmo,Etĩ nde îosuí
"atrás de uma cerca de pedras, tomou a casa dos animais de criação como sua pousada",Ybyrá itá monhangymbyra kupépe so'o mimbaba roka ogûâr gûupabamo
"por isso mesmo, sua grande sujeira estraga as almas dos índios",Nd'e'i te'e nde ru'umusu abá 'anga momoxŷabo
que chegue logo ao lugar onde o matarão,T'osyk esapy'a o îukaagûãme
"oh, não acredite neles!","Ahẽ, teumẽ serobîá!"
tenho respiração acelerada; tenho muito fôlego,Xe pytubapûan
"meu irmão, perdoa-me","Xe rybyt, nde nhyrõ xebo"
fazendo derramar todo o seu sangue,Og ugûy-tekatu i mo'ẽ-uká
desculpe-me,Aîepysyrõsyrõ
"com saudades do neném, vim da minha casa","Pitangĩ repîaka'upa, aîur xe roka suí"
luz das águas,y rendyîaba
sou um mocho,Xe aterẽ
converti-me em um pássaro,Anhemonhang a'eramo - Converti-me naquilo Anhemonhang gûyráramo
para ele mesmo,I xupé é
"depois de dar à luz, santa maria levou seu filho jesus ao templo","O membyrara kûab'iré, Santa Maria o membyra Îesus rerasóû Tupãokype"
os pagãos esfolaram são bartolomeu,Serokypyre'yma São Bartolomeu piroki
devem amar-se muito os que se casaram entre si?,Oîoaûsu-katupe amẽ oîopopysykyba'epûera?
"mas sempre, com certeza, suas almas querem o bem","Memẽ-te nipó, pe 'anga amotá"
eu tenho papo grande,eu tenho papo Xe aîusu
casando-se com alguém que não seja ele,I xuí amõ resé omendá
eu enfeio minha alma,Xe xe 'anga aîmomoxy
assento a vila de comprido,Opukubo taba amoín
eu o desfiei,Aîorab
afasta o jurupari deste mundo,Eîpe'a îurupari kó 'ara suí
"o que é comum é aquela mulher espedaçar nossas cabeças, ficando a nos derrubar",Sekoaba'e kûé kunhã oré akanga i apiti oré moapará-pará
por isso mesmo repreendeu seu companheiro,Nd'e'i te'e o apixara akakapa
você é tolerante com o seu próximo ao querer que ele trabalhe nos feriados?,Ereîmborype nde rapixara 'aretéreme i porabyky-potareme?
"ah, transgredi muitíssimo as palavras de meu criador!",Aîaby-eteté xe monhangara nhe'enga mã!
batendo em uma mulher grávida,Kunhã i puru'aba'e resé opûá
o oposto daqueles pecados,aîpó tekoangaîpaba robaîara
"a confissão é coisa muito boa, que deus fez como modo de aplacá-lo neste mundo",Mba'e-eté anhẽ nhemombe'u Tupã remimonhangûera ikó 'ara pupé o monhyrõsabamo
"quando meus parentes chegam, eu os faço dançar comigo",Xe anametá aroporaseî seru
como uma criança está nos braços de maria,Pitangamo seni Maria îybápe
mas a você sobram galinhas e porcos,"Endé-te, nde resemõ arinhama, taîasu"
"o que a gente diz, conversando com o seu anjo guardião?","Marã e'ipe asé, karaibebé o arõana mongetábo?"
"assim como esta água lava o corpo da gente, aquela também o faz","Akó 'y asé reté moîasuka îabé, akûeîa îabé"
"se você quer ser mau, terá de ir, pois, para o seu fogo",Nde poxy-potar-a'ub T'eresó rõ nde ratápe
"venham, levem os malditos, erguendo-os para assá-los em nosso fogo, tostando-os bem","Peîori, perasó muru, supi, îandé ratápe sapeka, saîmbé-katûabo"
eu não estou feliz,Na xe rorybi
eu sempre ensinei as pessoas publicamente,Te'yîpe memẽ nhẽ ixé aporombo'e
estamos pertinho um do outro,O îoambyî oroîub
o eixo da roda de madeira que gira,ybyrá-pararanga agûeá
"suas pajelanças, sua antiga crença nos pajés","i nhemopaîeagûera, i paîé rerobîaragûera"
comedor de carne humana!,Mba'e-poru!
deseja ardentemente ver o nascimento do seu filho que se gera em seu ventre,O membyra gûygépe onhemonhangyba'e 'arama osepîaka'ub
asse para mim o lourenço tostado,Xe resy Lorẽ-ka'ẽ
à noite,putunyme
o fecho da porta,okena motakaba
"sentou-se em público, aquecendo-se perto do fogo","Te'yîpe nhẽ i gûapyki, tatá ypype oîepegûabo"
"na verdade, aqui estão os homens",Ké abá rekóû anhẽ
vá fazer cair os malditos em nosso laço!,Ekûãî moxy mbo'a îandé îusana pupé!
"- não é que o maldito veio voando? - portanto, não é, de modo nenhum, preguiçoso!","-Ké muru ruri obébo? -Irõ, n'i ate'ym-angáî!"
ficando a observar o comportamento das pessoas,abá rekó andu-andupa
me denunciariam ao meu imperador,Xe kuaukámo xe rubixaba supémo
tenho isso por costume,Aîpokugûab
estou coberto de fumaça,Xe run tatatinga suí
e se ele não estiver?,A'e ipó sekoe'ỹme?
eu falo demais,Xe nhe'ẽ-mby'i
por meio de,pyterybo
"não, você não os derrotará","Aan, nd'ereîtyki xóne"
estou muito manchado,Xe pará-parab
"manifestou-se apenas a eles, alegrando-os",Oîepîakukar i xupé nhõ i moesãîa
vou obedecê-lo bem,Asapîakatupe ká
vem me governar,Îori xe rekomonhanga
chefes valentes,morubixá-mosakara
"será que os que o levaram insistiram muito, então, e ficaram a gritar?","Oîeîukaaíb-eté serã serasoaretá a'ereme, oposẽ-posema?"
concluo que talvez seja assim,Emonã ûĩ re'a a'é
"atravessou o céu, deixando você","Ybaka rasapa osó, nde reîá"
"embora eu me interessasse por elas, não cheguei perto daquelas","Anhangerekó îepé, aîpó supé n'abasemi"
tenho o coração angustiado,Xe py'a-ekotebẽ
todos os homens estão felizes,Sory pakatu apŷaba
ajuntam-se,Oîerobyk
nossa companheira de guerras,Îandé maranirũ
"farinha de tapioca, isto é, feita da mandioca crua coalhada em suspensão na água",Typy'a-ku'i
eu a lavo,Aîpyeî
oxalá houvesse uma mulher aqui!,Kunhã iké sekóû biã mã!
eu os enfeixei,Anhoman
"vou matá-lo futuramente, com certeza",Aîuká ipó irãne
"comeu aquele fruto, causa da morte, que deus dissera?","O'u nhẽpe a'e 'ybá, tegûama, Tupã 'îaba?"
que as veja logo,T'asepîak taûîé!
que faziam ali os que ele faria sair com ele?,Marãpe a'e semienosegûama rekóû a'epe?
"reritiba, minha terra, venho aqui dela","Rerityba, xe retama, i xuí xe ruri ké"
"fiquem, palermões!","Pepytá, manemusu!"
"ainda bem que você existe, ó meu senhor!",Aûîebeté ereîkó xe îar-y gûé!
eu o sangro,Asugûymombuk
"ah, como será a morte do fulano por aí?",Marã îasûaramo ahẽ kûepe se'õ mã?
maço de flechas,u'u-mana
então as estrelas cairão aos poucos,A'ereme îasytatá o apakuîamo
durma ao meu lado,Eké xe porupi
"assim que ouve seu nome, o diabo treme","Nde rera rendupa abé, anhanga ryryî okûapa"
quem ficou ali?,Abápe opytá a'epe?
estopa torcida,yby-pomombykypyra
oxalá ela estivesse nua!,Ikatupe nhẽ temõ mûã!
e como a gente procede para amar o próximo como ama a si mesmo?,A'epe marã asé rekóû o îeaûsuba îabé-katu o apixara raûsupa?
"sendo assim, de costume, o diabo fica muito insistente com a gente",Nãneme amẽ Anhanga îeîukaibetéû moroesé
não se compadeceu deus de alguém por causa dos que descenderiam?,N'osaûsubaripe Tupã amõ abá îeapykaba'erama resé?
outro dia eu o contarei,T'aîmombe'u é îrã
daqui,iké suí
"por isso mesmo veio como precursor de nosso senhor, anunciando-o","Nd'e'i te'e oú Îandé Îara renotaramo, i mombegûabo"
"de dois em dois, dois a dois",mokõ-mokõî
"acredite, meu padrinho, vão te prender hoje","Erobîá, xe rubangaba, ta nde moembiá kori"
reformei seus atos,Asekó-nongatu
"eia, os temiminós de dia confessam apenas seus pecadilhos","Ene'ĩ, temiminõ 'arybo nhẽ oîmombe'u o angaîpá-mirĩ anhõ"
fique! só quando você bebe cauim é que quer ser valente?,Epytá! Kagûápe nhõ nde ratãngatu-potá?
recipientes de pólvora,mokaku'i-uru
"quando eu morrer, venha","Xe îekyîme, t'ereîu"
o assar do pão,miapé îyba
"pessoa vistosa, elegante, muito enfeitada com cores alegres e brincos, brincalhona",araakasybora
desdisse as minhas palavras,Asekobîarõ xe nhe'enga
devolveu seu pagamento aos príncipes,Oîme'engîeby sepypûera morubixabetá supé
alegrando todas as velhas,Gûaibĩ moesãîa mbá
na cintura,ku'aî
"não é à toa, certamente, que agora ele liberta de ti todos os que te amavam","Nd'e'i te'e, ipó, ko'y opá nde raûsuparûera pysyrõmo nde suí"
"sineta de mão, sinozinho manual, campainha",itamaraká-mirĩ
deus fez certa mulher bondosa,Tupã amõ kunhãngatu monhangi
quem será que a trouxe?,Abá serã ogûeru?
fiquei tocando-o,Aîakãî-akãî
eu estou quebrantado,Xe rasyrõ
eis que essas tuas futuras presas são muitas,Aîpó kó nde rembiarama setá
embora eu fosse,Aûîebé-temo asó
"querendo beber vinho, esgotei tudo","Kaûĩaîa 'useîa é, opakatu amboapy"
"por conhecê-lo, agora o amo","A'e kuapápe, ko'y asaûsu"
vem para colocar os malditos conforme nossas palavras,Eîori muru moingóbo îandé nhe'enga rupi
"eis que, na verdade, o junto há dias",Kûeîsé bé nakó aîrumõ
sobram-me sauiás,Xe resemõ saûîá
você fez poções?,Mosangape ereîapó?
deveria ser ele primeiro,Ahẽ ranhẽ temonemo
quebra-se muitas vezes,Osó-osok
a união de deus-filho com nossa carne,îandé ro'o resé Tupã-Ta'yra îemonana
algodoal,amynyîu-tyba
levo-o na sua trela,I xama ri arasó
"vamos cantar um pouquinho primeiro, para festejar bem o dia","T'îanhe'engá-mirĩ, ranhẽ, 'ara momorãngatûabo"
ai! não há absolutamente servos meus,Akaîgûá! N'i tyb-angáî xe boîá
e os judeus não mandaram a um homem tomar aquela cruz?,Nd'ogûar-ukarype Îudeus a'e cruz abá supé?
"suponho eu que ele tenha ido, de fato","""Osó ipó"" a'ea'ub niã ixé"
descalcei-me,Aîepyaobok
eis aqui também a ingapema pintada,Kó bé ingapé-kûatiara
"ah, se eu tivesse percebido isso antes, praticando o que vocês diziam!","Anhandu beémo erimba'e angûama mã, pe 'erama purûabo!"
eu sou curvadinho,Xe aparĩ
selecionei-o,Aîkatu'ok
alguns não se arrependeram de seus vitupérios?,Nd'oîmoasyîpe amõ o nhe'engaibagûera?
não querendo que a luz da sua alma se apague,Nde 'anga resapesaba gûeba potare'yma
"para acalmar aquele, assim como nós, ele se fez homem verdadeiro",A'epûera nongatûabo é îandé îabé apŷabetéramo i nhemonhangi erimba'e
alimento muitos,Aîopoîusu
tenho um buraco oco,Xe kûarybỹî
eu também vou,Ixé tiruã asó
"então ergueram a cruz, fincando-a?",A'eîbépe ybŷá cruz mo'ami i atykábo?
como seus discípulos procederam ao verem tratar assim o seu senhor?,Marãpe i boîá rekóû emonã o îara rerekó repîaka?
tenho os pés calejados,Xe py-piru'a
o fogo realmente te convém para que você nele se asse,"Tatá nde arõ-eté, i pupé t'ereîesy"
"pregue-o, pregue-o na cruz de madeira","Eîmoîar, eîmoîar ybyrá îoasaba resé"
tomou a casa dos animais como sua pousada,So'o mimbaba roka ogûar og upabamo
eu me cingi,Aîeku'apûar
nossos padrinhos costumam preocupar-se conosco?,Onhemosaînãpe amẽ asé rerokara asé resé?
cercando os miseráveis para encherem o nosso fogo,Muru rokysyma îandé ratá poraká
fiei o algodão,Aamynyîu-poban
aqui está teu danador,Oîkobé nde arûara é
continuei oprimindo-o,Aîopyîopyk
"acarretar, acarrear",eru-erur
"ah, bem feito para ele!",Iîá îaby ahẽ mã!
eis que enfim chega meu pai,Rumby xe ruba obasema
estou me escondendo; estou vivendo como fugitivo,Xe tekoaraibor gûitekóbo
mulher comum,kunhãeté
os furtos de fulano são famosos,Serapûan ahẽ mondá
"vou te sapecar, vou te assar","Oroapek, oroesyne"
entra hoje no meu coração,Eîké kori xe nhy'ãme
o que 'a gente' quer dizer em seu coração ao dizer isso para ela?,Marã e'ipe asé o py'ape aîpó o'îabo i xupé?
o que faz trabalhar o seu filho e o seu escravo,"O a'yra, o embiaûsuba omoporabykyba'e"
a que ingere uma poção com a intenção de matar seu feto,O puru'a îuká potá mosanga o'uba'e
sou redondo,Xe apu'a
como ele nos fez?,Marãpe asé monhangi?
resgatar os cativos,I momiaûsubypyra renosema
igualmente a morte está entre os jovens e entre os velhos,Oîoîá te'õ rekóû kunumĩgûasu suí tuîba'e suí bé
"para ele trouxeram, como oferendas, ouro, incenso e mirra","I xupé ogûeru îetanongabamo itaîuba, ysykatã syapûãba'e, mirra"
espiga dele,sara
"como meus súditos, eu os tenho a todos bem em minhas mãos",Xe boîáramo pabẽ xe pópe arekó-katu
você agrediu alguém com palavras?,Nde nhe'ẽporoîukaípe abá supé?
"ah, sim!",Eẽ hegûé!
eu estou animado,Xe rakubor
com quais mulheres um homem não se casará?,Umãba'e kunhã resépe abá nd'omendari xûéne?
aqueles velhos reis fedorentos?,Akó tubixanẽmbûera?
"adivinha, vamos ver, aquele que bateu em você!",Eîkuá ra'u nde ri opûaryba'e!
-quem é ungido entre nós? -nossas ancas,-Mba'e-mba'epe asé suí i pitubypyra? -Asé rumby
detesto a vida má,Aroŷrõ tekó-poxy
"isso não seria possível de contar, mesmo que o sol se pusesse!","Aîpó n'i papasabi, kûarasymo oîké îepémo!"
vou ao caminho de meu pai,Asó xe ruba rapépe
o que há aqui semelhante a um canindé azul?,Mba'epe ké kanindé-oby îasûara?
"oh, por acaso isto é o diabo?!","Îu, anhangap'ikó ri?!"
certamente! sem dúvida! assim é! tem razão! é verdade!,anhẽ rakó!
na ponta da flecha,u'uba anhãî
linha grossa de pescar,pindasã-pokuruba
eis que ele vem,Aîpó turi
você se alegra quando um homem a apalpa?,Nde rorype abá nde abykyreme?
"ilha de mato em meio a um descampado, capão",ka'a-pa'ũ
ainda bem que aprendeu,Iîá oîembo'ebo
não é mesmo?,mba'e-tepe?
"quem, hoje, é como eu? irra, ninguém!","Abápe kori xe îá? Erĩ, aani!"
"enfim, esses temiminós não acatam a lei de deus","Aûîé, kó temiminõ nd'ogûari Tupã rekó"
"está muito a propósito, está sem mais nem menos",A'eboé tuî
atiro-a,Asa'ang
ainda mais pedro,Pero angabatene
deleitando-se com sua polução enquanto dormia,O kera pupé o pupukûera morypa
deve ter vindo agora,Our ipó ko'yté
"passar rápido, correr",kûab-apûan
"ainda que os libertes, eu os retirarei da tua mão","Ereîpysyrõ îepéne, nde pó suí anosẽne"
eu tenho inhaca,Xe raby'ak
"e também, mentindo, o que acontece com aquele que invoca sua alma?","O 'anga renõîndara abé o îuraragûaîamo nhẽ, marãpe?"
você se preocupou em que seus vizinhos ouvissem a missa quando ela começasse?,Erenhemosaînanype nde rambyagûá missa iîypyrungápe sendubagûama ri?
querendo trazê-los para cá,iké seru-potá nhẽ
remédio para dor de picada de cobra; antídoto para veneno de cobra,mboîasy-posanga
cuide-se hoje para não ter guerra comigo,Eteumẽ kori marana rerekóbo xe resé
ela é salobra,Se'ẽ-byk
companheiro de são sebastião,São Sebastião irũ
"depois de resgatar bem suas antigas maldades, regozije-se muito com a virtude","Nde rekomemûãagûera repyme'ẽngatu roîré, t'ereîekosubeté tekoporanga resé"
eu estou arrasado,Xe robapyka'ẽ
"venha, ó meu senhorzinho!","Eîori, xe îarĩ gûé!"
"você empregou alguém em dia de feriado, obrigando-o a trabalhar?",Ereîmoingópe abá 'aretéreme marã i moporabykŷabo?
sofrem a dor de não ver a deus,Oîporará Tupã repîake'yma rasy
caçôo dele,Aîoîaî
"- o que você quer? - batata-doce, favas","-Ma'epe ereîpotar? -Îetyka, komandaûasu"
"fonte, água perene",y-pabe'ymba'e
eu não estou doente,Na xe marani
desobedeci a ele,Aîmoabangab
não falto à igreja,N'aîmopanemi tupãoka
você deixou de ouvir a missa?,Ereîmopanemype missa renduba?
eu o abarquei,Aîubykatã
"pensem que, algum dia, a morte virá bater às suas portas",Penheangerekó amõ 'ara pupé te'õ pe rokena motaka turagûama resé é
ficaram provocando ferimentos em todo o seu corpo?,Seté îakatupe ybŷá i moperé-perebi?
se eu o mandasse,Aîmondó-momo
néle os judeus se juntaram para atirar pedras em santo estêvão,I pupé Îudeus nheŷnhangi Santo Estêvão apîá-apîábo
"ora, experimente-o",Esa'ang ra'u
faz isso para disfarçar a existência de seus filhotes,O a'yra kuakupa emonã sekóû
vou de madrugada,Îeîbé asó
estou lacrimejando,Xe resa'y-sa'y
bolsa abdominal,ambé-aîó
não o dei ao meu pai.,Na xe ruba supé ruã aîme'eng
vou irritar os malditos,"""Aîrarõpe muru ká"
minha presa,xe pu'amagûera
esses seus olhos voltam em nossa direção,Eboûĩ nde resá erobak oré koty
"homens, mulheres e velhas sempre serão minhas presas","Apŷaba, gûaîbĩ, kunhãne, ko'arapukuî xe rembiá"
"você passou a mão nas suas pudendas, abrindo-as?","Erepokokype nde rapopé resé, i pekábo?"
calei minhas palavras,Aîopyk xe nhe'enga
estou menstruada,Xe rugûy
"afastando o pecado original, que adão lançou sobre nós",Tekoangaîpab-ypy moroesé Adão remitykûera pe'abo
"aquele que eu beijar na face, agarrem-no, atando-lhe as mãos","A'e asetobapé-pyténe peîpysy-katu kori, i popûá"
"sendo assim, dia e noite você cuidará da sua alma","Aîpó e'ymeté, ko'arapukuî, pysaré nde maînanĩ nde 'anga resé-ne"
"tinha uma cor um tanto preta, certamente",Moroún-mbyry nakó
aquela lei nova me incomoda bastante,Xe moaîu-marangatu aîpó tekó-pysasu
sou um homem manso,Abanherane'yma ixé
"vou me corrigir, enfim",Anhenonhẽpe ko'yté ká
"as flechas de são sebastião foram terríveis contra os malditos, assim como as de são lourenço","I abaeté muru supé São Sebastião ru'uba, São Lourenço pyri bé"
mandou pregar suas pernas para cima,Ybaté koty ogûetymã moîarukari
o que disseram os judeus ao acusá‐lo?,"Marã e'ipe îudeus i xupé, i mombegûabo?"
selo-o,Asendamoín
estou fumegante,Xe ratating
são um na união do seu ser sagrado,Oîepé og ekó-karaíba îese'ara pupé nhẽ
vem para amedrontá-lo,Eîori i mosykyîébo
"todos, homens e mulheres, bebem muito","Oka'ugûasu pabẽ, apŷaba kunhã ndibé"
"no futuro, com certeza, a inimiga da minha alma vai bater à minha porta",Erimba'e ipó xe 'anga robaîara xe rokena moîapuûne re'a
sou um homem feito,Xe abagûasu
me tornei homem,Xe abagûasu
"em grupos de três, três para cada um",mosapy-sapyr
"com minha esposa, nos ajudaremos um ao outro",T'oroîopytybõne xe remirekó ndi
lhe pus enfeites no rosto,Asobá-posanong
eis que você mesma me denunciou,Nde é ã xe kuauká îepé
eu fico gritando enquanto durmo,Xe kerasẽ-rasem
tornando os vícios das pessoas notórios,Abá rekopoxy mosãîa
lanço a canoa,Aro'ar ygara
não temos a ver com isso,Nd'oroîkóî aîpó resé
como se eu fosse,Xe só serãmona'ẽ
deverá ser o substituto do meu pai,Xe ruba rekobîara é re'ĩ
para quê? para que coisa? para o quê?,mba'e supé?
"portanto, ao prantear as pessoas, isso as enternece",Irõ moroapirõ a'e oporomomby'ar
"você falou duramente com alguém, irritando-o e fazendo-o odiar as pessoas?","Erenhe'eng-aparatãpe abá supé, i moroŷrõmo, i moporoamotare'yma?"
ame a todos os moradores do lugar,Opakatu tapiîara osaûsu
você teve cobiça pelas coisas de alguém?,Ereîemomotápe abá mba'e resé?
pensando falsamente que ele é quem tem saúde,Marane'ymyîaramo sekó mo'anga'upa
a mim também o flechado bastião me derrotou,Xe abé iî ybõmbyrûera Bastião xe moaûîé
"você fica sentado por muito tempo, lamentando seus amigos ou seus parentes",Kype rakó ereín nde raûsupara koîpó nde mũ rapirõmo
quantas vezes o homem transgride aquele depois de se deixar atrair por uma mulher ou depois de conversar com ela sem tocá-la?,Mbobype abá aîpoba'e oîaby kunhã resé onhemomotar'iré koîpó i mongetá roîré sesé o byke'yma pukuî?
que chegue logo ao lugar onde o matarão,T'obasem esapy'a o îukaûãme
desviei as águas,Aty-mombîá
mandou trucidar as crianças habitantes da aldeia de belém e também as das vizinhanças dela,Taba Belém pora pitanga i amundaba pora abé apiti-ukari
"quando chegou o oitavo dia, cortaram seu prepúcio","Oito 'ara sykeme, i 'apira mondoki"
que venha para nos ajudar meu irmão mais novo,T'oú îandé pytybõmo xe rybyra
"você foi revistar os covos de água doce de alguém, tomando seu conteúdo?","Eresópe abá îeky-'ye'ẽ supa, i pora rá?"
o mentiroso perde a vida de sua alma,Temo'emyîara o 'anga rekobesaba mokanhemi
"no meio do campo, repartindo-os",nhũ-myterype i mbo'îabo
não quero ir para longe,N'asó-potari mamõ
"batendo sem motivo na sua esposa, tratando-a sempre como um objeto maldito de pancadas","Nde remirekó resé epûá tenhẽmo, mûasá-mbururamo serekóbo îepi"
isso nos espantaria a todos,Opá îandé moputupabymo
ele está oculto dentro dela,A'e i pupé sekó-nhemimi
"depois de matarem são lourenço, queimem-no no teu fogo","São Lourenço îuká ré, t'okaî nde ratá pupé"
não entendo sua ida; não entendo que você vá,N'aîmo'angi nde só
"salve, ó meu mestre!","Eîkobé-katu, xe mbo'esar gûy!"
que o tivesse visto!,Asepîak me'ĩmo!
vamos armar armadilhas,T'îaîekotyrung îaîupa
a cada dia,ara îabi'õ
piorei muito por causa do meu grande pecado,Aîerekoaíbeté xe angaîpá-katu suí
fiz isso por fazer,Aîmonhangĩ nhẽ
não porque não me ama,Na xe raûsube'ỹmbeî
você jejuou por causa da primeira menstruação da sua filha?,Ereîekuakupe nde raîyra nhemondy'ara resé?
a graça que ele dá não acaba,Graça semime'enga n'opabi
matou todos os homens,Opá abá îukáû
você comeu carne de caça tendo farinha?,Ere'upe so'o u'i rerekóbo nhẽpe?
por causa disso deus deixou de amar o homem?,A'e remebépe erimba'e Tupã abá raûsupo'iri?
"você mudou, por acaso?",Ereîakasó-piang?
o que não se confessa a cada ano,Ro'y îabi'õ onhemombe'ue'ymba'e
que nos leve ao seu lugar de felicidade para nos fazer regozijar consigo,T'îandé rerasó o orypápe o îoesé îandé moîekosupa
o homem peca muito abençoando falsamente as pessoas?,I angaîpabetépe abá oporomongaraiba'upa?
cavidade dela,inhanhã
ele está com a água esgotada,Ty-pab
"você desvirginou alguma menina, furando-a, estuprando-a?","Ereîmombukype kunhataĩ amõ, i mokûá, i mondoroka?"
"lembrem-se do que se sofre no inferno para que, de modo nenhum, pequem",Penhemoma'enduá Anhanga ratápe i porarapyra resé ta pe angaîpab umẽngatutenhẽ
remédio curativo,mosanga moeîrabyîara
eu tenho baceira,Xe ybypiar
"daqui, talvez, passou para a índia, terra dos indianos",Ké suí serã i asabi India tapyîtinga retãme
pano de linho,ybyraoba
que me livre das dificuldades,Ta xe pysyrõ marãtekó suí
a chuva cessou,Opyk amana
"e não confessando ser parente verdadeira de seu marido, o que acontece?","A'epe o mena mũetéramo sekó mombe'ue'yma, marã?"
fizemos uma procissão,Orotupãerogûatá
amarrei-lhe as pernas.,Aîkupyîurar
"ah, que atrevido é esse fulano!",Tekatunheté kó ahẽ mã!
como um galo você se deita.,Gûyrasapukaîa îabé ereîetu'u
destampe sua caixa para que eu veja suas coisas.,Eîaso'îabok nde karamemûã t'asepîak nde ma'e
linha grossa de pesca.,pindasã-muku
não está de acordo comigo; não é igual a mim.,Na xe îáî
"e o que invoca a deus por algo que não é verdade, o que acontece?","A'epe supindûare'yma resé Tupã renõîndara, marã?"
com uma pedra.,itá pupé
o peixe me satisfaz.,Xe ytarõ pirá
vou como preparador.,Asó morenotaramo
você esteve deitada sobre seus amantes?,Ereîubype nde agûasá 'arybo?
fui uma vez.,Oîepé asó
não é dia.,Nd'e'i 'ara
sobrinho dele.,i i'yra → i'yra
"sem trabalho, comemoramos este dia.",Morabykye'yma kó 'ara îaîmoeté
você teve para alguém palavras que violentam?,Nde nhe'ẽ-poroîukaípe abá supé?
sou muito mocho.,Xe aterẽngatu
detestando sua maldade.,I angaîpaba momburûabo
"ah, quem me dera comer veneno para morrer disso.",- A'u temõ mba'eaíba mã a'emo nhẽ xe re'õû ãûa suí
só até aqui devo nomear coisas para você.,Nõmo nhõ ma'e t'asenõî ndebe
que eu lance fora todas as armadilhas.,T'aîtyk pá koty
"com uma lança, espetaram seu flanco.",Minusu pupé iî yké kutuki
cunha para fender lenha.,îepe'a-mobokaba
"ao presentearem-no, seu coração se alegrou.","I îetanongápe, sory nde py'a"
faz água.,O'ẽ
que venha para levá-los todos.,T'oú serasóbo pá
o que se masturba.,I pupukyba'e
"descansa, o maíra não é muito forte.",Nde pytuẽ Na satãngatuî maíra!
curou nosso senhor aquela sua orelha arrancada?,Oîposanongype Îandé Îara a'e i nambimondokypyra?
eis que faço com que as pessoas estejam sempre na bebedeira.,Ixé kó ka'u resé aporomoingó îepi
"assim agiu, na verdade, longe de você",Emonã rakó sekóû nde suí
será que é o lourenço tostado?,Rorẽ-ka'ẽ-piã?
logo que ele foi,osóbo bé
que meus nomes sejam muitos!,Ta setá-katu xe rera!
"esconde-se, fique quieto","Enhemim, nde kyrirĩ"
amo pedro por amar o pai dele,Asaûsub Pedro og uba raûsume
nas grandes cabeças deles,i akangusuî
que morra!,T'omanõ!
"você é parecido com um chamusco, ó coisa fedorenta!","Nde rapixara pixé, mba'enem-y îu!"
"você disse ""oxalá eu o mate"", fazendo alguém ouvir?","""Aîuká temomã"" erépe abá remiendubamo?"
mamei,Akambu
vêm aqui para nos castigar!,Ké turi îandé nupãmo!
o anjo se revelou a ela como um rapaz muito belo,Karaibebé îepîakukari i xupé kunumĩgûasu-porãngaturamo nhẽ
eu sou pontudo,Xe rapûá
"suas palavras transgrediam muito, amaldiçoando-o","I nhe'enga abŷabo-tekatu, i momburûabo"
os cabos são achatados,Yba i peb
a dança é boa,Moraseîa é i katu
vim agora mesmo,Aîu ramõ
nomeie para mim os vários nomes do seu corpo,Esenõî nde reté renõîndabetá ixébe
"de lá, dali",amõ suí
ossada,mba'e-kangûera
o trouxe conforme minhas forças,Xe îaîbeĩé ixé seruri
"alguém me levou consigo, por acaso, afastando-me do meu bom caminho?","Xe reropîápe abá ri, kûepe nhẽ xe rerasóbo xe rapé-katu suí?"
estou bem sozinho,Oîepebẽngatu aîkó
o manuseio,Aîabyky
a gente o teme mais do que tudo que deve ser temido,Asé oîpoûsubeté opakatu i poûsubypyra sosé
"vim do rio dos paratis para ver a rainha, enfeitando minha cabeça","Xe parati 'y suí aîu, rainha repîaka, xe akanga moîegûaka"
dor,mba'e rasy
homem choramigas,Xe resangá - Eu sou chorão Abá-esangá
"eis meus chifrões, meus dentes","Kó xe 'akusu, xe rãnha"
você ia ali para ouvir a missa,"A'epe missa rendupa, eresó"
"então, matarei alguns, fazendo-os cair no meu laço.","A'ereme amõ aîukáne, xe îusanyme i mbo'a"
amo seu filhinho,Asaûsub nde membyrĩ
que deus venha para nos alegrar,T'oú Tupã oré moorypa
"o diabo, ao me visitar, não faz meu coração palpitar",Na xe mopy'atytyki Anhanga xe rapekóbo
dá-nos hoje nossa comida de cada dia,Oré remi'u 'ara îabi'õndûara eîme'eng kori orébe
você comeu um objeto furtado de alguém?,Ere'upe abá mondarõagûera?
seus atos recentes,nde rekó-pysasu
em que situações a gente reza para ele?,Mba'e-mba'eremepe asé îeruréû i xupé?
que esses seus olhos compadecidos voltem para nós,Eboûĩ nde resá i poraûsubaryba'e erobak oré koty
o sol se envergonha ao nascer diante do seu brilho,Otĩ kûarasy osema nde beraba robaké
"eu sou sauiaetá, famoso é meu nome",Ixé Saûîaetá Serapûã xe renõîndaba
"nele a água transformou-se em vinho, de acordo com os pedidos de sua mãe",I pupé 'y anhẽ monhangi kaûĩnamo o sy îeruresaba rupi
oh! quem aqui dá a cara?,"To, ahẽ! Abápe ké sobasẽ?"
"honro sua casa, dançando dentro dela","Aîmomba'eté nde roka, i pupé gûiporaseîa"
ele vai morrer!,T'omanõ ká!
me frustrei,Xe rarûab
eis sua ameaça aqui!,Kó nde momboîtaba kó!
estou indo,Asó ã
matemos meu marido e então nos casemos um com o outro,"T'îaîuká xe mena, a'ereme t'îamendar îandé îoesé"
fiquei apedrejando-o,Aîapi-api
faço mingau,Aîapó minga'u
está por aí seu pai?,Oubépe nde ruba?
"homem apessoado, gentil homem",abá-matuetegûasu
amainei a vela,Aroîyb aoba
homem miserável,abá-poreaûsubĩ
conforme o dia,ara rupi
meu filho que gerei,xe ra'yra xe remimonhanga
venha ver sua futura terra,Eîori nde retamûama repîaka
eu o ralo,Aseé
"contas vermelhas, contas de coral",mbo'ypyranga
vêm em vão para me afastar,Oú tenhẽ xe pe'abo
ó coisa fedorenta!,Mba'enem-y îu!
"assim, de fato, determinei",Emonã nakó xe rekopotari
ela tem folhas,Sob
por que põe sal bento na boca da gente?,Mba'e resépe îuky-karaíba mondebi asé îurupe?
levando outra semelhante a ela assim que ela se consumir muito,I îaroketé rupibé amoaé sapixara rerasóbono
faço estalar as mãos,Aîepó-mopiririk
flechei todos eles,Aîybõ-mbá
o que é convidado,i xo'opyra
"cotidianamente, a cada dia",ara îabi'õ
não é mais pão,Nd'oîkóî rakó miapéramo
devemos ir à árdua guerra?,T'îasó maranatãûãme?
não o mates sozinho,Nde nhõ umẽ eîuká
"detestando-os muito, trate-os muito mal","I amotare'ymetébo, perekoaí-aí"
"um pouco, pouco tempo, por pouco tempo",korite'ĩ nhote
queimei o campo,Asapy nhũ
"no seu jardim formoso chamado ""paraíso terrestre""",O emitymaysó Paraíso Terreal seryba'epe
vocês queimarão em conjunto,Pekaî oîepegûasune
lanço puçá,Apysá-îtyk
levou todas as presas das minhas mãos,Opakatu xe rembiara xe pó suí serasóû
"quem mais, junto deles, foram seus sepultadores?",Abá abépe i pyri i tymbaramo?
"sou fleumático, sou vagaroso",Xe mbegûé
riscaram todo o seu corpo com ferro pontiagudo,Opá nde reté raíri itatiãîa pupé
sou leve,Abebuî
fico a me espojar,Aîeré-îereb
passei diante deles,Sobabo akûab
delato gente,Aporokuaukar
"por causa de minha imensa formosura, deus se revelará a mim","Xe aysó-matueté resé é, Tupã îepîakukari xebene"
não sou medroso,Na xe poropoûsubi
vocês são avarentos com ele,Pe rekate'ym sesé
seus cadáveres estavam lado a lado ao longo do mar,O îoybyri se'õmbûera paranã ybyri i kûáî
dou bebida às pessoas,Apore'ym
cortei-lhe a garganta; degolei-o,Aîaseó-kytĩ
você vive com alguma não batizada?,Ereîkópe sere'ymba'e amõ resé?
para escutar a palavra de deus,Tupã nhe'enga rendubagûama resé
eis que vais,Eresó ûĩ
o fulano resvalou em mim com a espada,Xe apan ahẽ itaingapema pupé
"ah, ainda me resta alegria","Té, xe resemõ toryba"
"prendi-os, um ao pescoço do outro",O îoaîuri aîmoín
ela foi feita para ser a futura mãe de deus,Tupã syrama ri i monhangymbyra
"escabelar: desfazer o penteado, desgrenhar o cabelo, etc",abo'o-bo'o
"enfeitando-se, querendo que as pessoas o desejem","Oîemongatyrõmo, abá o potara potá"
que eu busque as suas pegadas,T'oroakypûer-eká
entortei-a,Aîapar
consentimento na transgressão da palavra de deus,Tupã nhe'engaby morybagûera
como se eu fosse,Xe só îasûaramo n'aé
dói a separação de nossa alma do nosso corpo,Sasy asé 'anga asé reté suí i îa'oka
esbofeteei suas têmporas,Aî'atypetek
eu tenho raízes,Xe rapó
tomei emprestada a canoa do índio,Aîporu abá ygara
eu sou sociável,Xe îekotyarixûer
eis que ele vai aí,Ebokûeî i xóû
"pois, se um homem guarda seu próprio filho, quanto mais deus se compadecerá de nós","Abá abiã é o a'yra ogûerekó-katu, memetipó Tupã asé raûsubáne"
"você o excitou, querendo ejacular seu sêmen?",Ereîkapyrokype nde ra'y-pupuka potá?
será que me perdi?,Xe ropá serã?
quero muito apanhá-las com os que atacam as pessoas,Aîpysy-potá-katu morepenhandara ri
fazendo-me mudar de direção por aí,Kûeîbo nhẽ xe rerobaka
"e os que bebem cauim, como ficam? não transgridem a palavra de deus?",Kagûarape marã? Nd'oîabyîpe Tupã nhe'enga?
"que não conheçamos senão a deus, nosso criador","T'îaîkuá-te Tupã, îandé monhangagûera"
estou pulando de alegria,Toryba suí apó-por gûitekóbo
às costas,aseî
você me alegra muito ao narrar os fatos assim,"Xe moory-katu îepé, inã tekó mombegûabo"
eu sou gentil,Xe abangatu
"esse homem é, de fato, filho verdadeiro de deus",Tupã ra'yreté anhẽ ikó abá
sua nuca sendo esmurrada,I aŷpy atyká-tykábo
"você visitou o covo de alguém, arrancando seu conteúdo?",Ereîosubype abá îeke'a i poroka?
por que seria? por que razão haveria?,mba'e-resémo?
coloquei penas nele,Aîpepó-moín
tornei-me mulher,Anhemokunhã
"por acaso arrancaram sua roupa, deixando-o nu?",Oîaobok serã ybŷa katupe nhẽ i moingóbo?
faça uma igreja que tenha meu nome,Xe reryîara tupãoka eîmonhang
de quem são essas palavras?,Abá nhe'engûerape aîpó?
"ah, como você é enfadonho, de fato!",Tekatunheté rakûé endé hegûy!
lugar onde será fundada a igreja,Tupãokupagûama
"no seu próprio ombro, levanta a cruz por fraqueza; jesus a faz cair consigo","O ati'yba ri, krusá osupi Membeka suí, Îesu sero'ari"
"o fugitivo, o que costuma fugir, o fujão",kanhembora
me aquecem,Xe pé
como se eu fosse,Xe só îarameté
eu estava pendente,Xe apy'am
"não querendo comer, eu venho",Na mba'e 'u potá ruã aîur
quantos são esses deuses?,Mobype a'e Tupã?
"e, ainda mais, um batizado, transgressor da boa lei, ao encontrar um padre, se alegrará muito","Memetipó nhemongaraibypyra tekokatu abŷara abaré supé ogûasema, sorybetéûne"
convenci-o a ir,Aîmoîekûer
um servo do príncipe esbofeteou sua cara,Morubixaba boîá amõ osobá-petek
mate-o para mim diante do pajé ruim,T'ereîuká ixébe paîé-aíba supé
eu sou fino,Iî aeté - Ele é fino Xe aeté
"ora, já agora, leve-o",Ne'ĩ serasóbo ko'yté
"o que é diário, o que perdura ao longo dos dias",ara rupindûara
adversária da morte,Te'õ rupîara nhẽ
"que rezem por mim a deus como retribuição por eu os amar, por eu os honrar","T'otupã-mongetá xe resé ixé o aûsuba, ixé o moeté repyramo"
"sua mãe, cobrindo-o bem, o protege do frio","I xy, i aso'ikatûabo, oîopîá ro'y suí"
é quem deve ser expulso da igreja,Tupãoka suí i mosemymbyra
hoje mesmo os malditos queimam,Oîeí bé muru kaî
"os que ele torna padres e seus substitutos na missa pegam o pão com as mãos, abençoando-o",Semimboabaré sekobîara bé missa pupé miapé rari o pópe sobasapa
"seus antigos pecados estão diante deles, assim como seus furtos",Sekomemûãagûera serekóbone sobaké bé i nhemondá bé
mostram-se a tramar mentiras,E'i mo'ema monhanga
eu não tenho anzol,Na xe pindáî
íngua na virilha,akó-a'ynha
será que é um morcego?,Andyrá ruãpe é?
nosso senhor está contigo,Nde irũnamo Îandé Îara rekóû
mas quando é que a gente se benzerá?,Marãneme-tepe asé îobasabine?
quebrador de pedras,itá kasara
"roupa verde, pano verde",aoboby
"eis que, como está no céu, nosso senhor está dentro do pão","Akó ybakype ogûekó îakatu, Îandé Îara rekóû miapepûera"
o homem que furta alguma coisa,Abá mba'e resé omondarõba'e
sua alma está muito branca,I morotĩngatu nde 'anga
"soquei-o, comprimindo-o",Aîapasok
elas estão sempre cheias,Tynysẽ memẽ
"amaldiçoamos o diabo, obedecendo muito somente a ti","Oroîmomburu anhanga, nde nhõ nde rapîaretébo"
"oh, eu sou assassino, causa do temor aos pecados, até mesmo dos reis","Té! Morapitîara ixé, angaîpaba sykyîeba, morubixaba îepé"
fio embotado,aembé-korõîa
sua remissão foi meu encargo,Sepyrama xe pûaîtaba
sendo mau,O angaîpabamo
eu o avaliei,Asepyenõî
arranca o teu nome para que você seja muito famoso,Eîerok ta nde rerapûãngatu
calcei os sapatos,Aîepyapasá-mondeb
açoitei o irmão dele,Aîtyby-nupã
a gente também obedece ao seu próprio chefe,Og ubixaba abé asé osapîá
não cometa furto,Emondarõ umẽ
"no meio do caminho, meninos me assaltaram","Pé ku'ape, kunumĩ pu'ama'ubi xe ri"
me desviei,Apîá
me movimento,Akué
"pela estrela que os guia, como a que mostra o caminho",Îasytatá serekoarama resé pé kuabe'ẽsaramo
o sol faz com que as pessoas sintam muita sede,Kûarasy oporomo'y'useîeté
eu sou maior do que você,Ixé nde sosé
o lado direito dele,iî apé
veio bem atrás de mim,Xe pytáî bé turi
"eu estou ferido, eu tenho muitas feridas",Xe îá-xe îaó
você não vem para me vingar?,Nd'ereîuri xe repyka?
"o que está preso em ferros, o que está amarrado pelos pés",i pukusãmoinymbyra
pondo-me segundo a vontade de deus,Tupã remimotara rupi xe moingóbo
visito os aposentos dos índios,Aîosub abá koty
todos vieram?,Opápe turi?
dentro de um só pão você vê a variedade de coisas,Oîepé mi'u pupé esepîak tekó paraba
para o desaparecimento dos vestígios da transgressão da palavra de deus,Tupã nhe'enga abŷagûera rakypûera kanhemagûama resé
na cidade chamada roma,Taba Roma 'îápe
para honrar a deus,Tupã moeteagûama resé
você desvirginou alguma menina? segundo sua vontade ou ela resistiu completamente?,Eresugûykápe kunhataĩ amõ? Semimotara rupipe koîpó i popyatã-mbápe?
ele está muito maduro,I apaîé - Ele está maduro I apaîegûasu
"por que, quando os inimigos cercam sua terra, dia e noite, você fica preocupado com eles e não dorme?","Marãnamo-pakó tobaîara nde retama pîareme ko'arapukuî pysaré ereîkó sesé enhemosako'îabo, ekere'yma?"
"você se desviou de alguém, detestando-o, para não vê-lo?",Ereîpynekûápe abá i amotare'yma nhẽ sepîaka suí?
o que foi pai,tugûera
o que também leva um homem a furtar alguma coisa,Oîmomondarõba'e abé abá mba'e resé
ainda estou de pé,A'ã bé
você pintou a boca para sorrir para os homens?,"Ereîeîuru-mopiningype, abá supé epukamirĩamo?"
eu sou agradável,Xe matueté
me levanto,A'am
você dormiu muitas vezes com ódio?,Ereroker-etápe îoamotare'yma?
vocês matam,Peîuká
que teus olhos misericordiosos se voltem para mim.,Nde resá poraûsubara erobak ixé koty
"eu me protejo, me defendo.",Aîepîar
"no dia em que esses fatos se consumaram, os cristãos não estavam felizes.",Ara kó tekó aûîesaba cristãos rorybe'ymamo
como é penoso o fogo do diabo!,Anhanga ratá îabépe satá rasyramo?
o conteúdo da minha rede é um só.,Oîepé xe pysá pora
estou me agitando.,Xe akurẽ-kurẽî
"você cumpriu as palavras do seu confessor — a autoflagelação, os jejuns?","Ereîmoporype nde monhemombegûara nhe'enga, nhenupã, îekuakuba?"
"eu sou o diabo, esquentador de gente.",Xe anhanga moropé
"é, com efeito, um grande zelo.",Setá nhẽ kunu'umusu
"pensem que, algum dia, a morte virá bater às suas portas.",Penheangerekó amõ 'ara pupé te'õ pe rokena motaka turagûama resé
"será que vocês estão sossegados, simplesmente, em seus montes de maldades?",Pe apysykĩ serã peîkóbo pe rekomemûã aty-atyra pupé?
quem fez isso outrora?,Abápe aîpoba'e oîmonhang erimba'e?
ninguém pode casar com seu próprio irmão.,O kybyra resé nd'e'ikatuî abá omendá
"ao passar pela minha família, você cuidava dela.","Xe anama gûatasápe, nde morerekoá sesé"
a felicidade no céu,Ybakype toryba
nasceu hoje para nós.,- O'a îandébo kori
"ah, quem me dera ter ido!",Asó me'ĩmo mã!
na sua terra,nde retãme
levando outra semelhante a ela,Sapixara rerasóbono
"portanto, vim.","Emonãnamo, xe ruri"
derrame suas lágrimas.,Nde resa'y eîmondyky
vespa pontuda,kabatĩ
pedra de afiar que gira; pedra de afiar de barbeiro.,itaky-nhatimana
dei-o ao meu pai.,Aîme'eng xe ruba pé
oh! estes são castelhanos?,Tó! Kasîanap'ikó?
"entram grandes espinhos, espetando sua cabeça e furando-a toda.","Oîké îugûasu i akanga kutuka, opá i mombuka"
"ilha de mato, capão",ka'a-pa'ũ
"fica nos atacando, pensando em nos perverter.","Îandé repenhã-penhã, îandé momoxy mo'anga"
o que me cabe é tomar cauim.,Xe potaba kaûĩ rá
e com essa sua mentira você tornou alguém famoso?,A'epe ebokûé nde îuraragûaîa pupé eremoerapûã abá amõ?
tirarão deles suas maldades,Oîmbo'ir i angaîpaba i xuíne
"que fez antes de morrer, estando pronto?",Marãpe erimba'e sekóû o e'õ îanondé o ekoaûîéramo?
vem para fazê-lo experimentar o sofrimento,Eîori i moporaraa'anga
de onde?,umã suí?
seus cadáveres estavam lado a lado ao longo do mar,O îoybyri se'õmbûera paranã ybyri i kûáî
fazendo sair de sua alma o que havia em seu paganismo,Nde nhemongaraibe'yma pupé oîkoba'e mosema nde 'anga suí
serão muitos os fatos que assustarão as pessoas,Setá tekó oporomondyîba'ene
estou pressionado,Gûebirãîari nhote aîkó
com eles ajuntarei os animais e os pássaros para destruí-los,Sesé so'o gûyrá aîmoîese'a i mokanhemane
a terra se levantou,Yby obu-obur
fazendo-me enxergar,Xe moma'ẽmo
não se arrependeram alguns de seus vitupérios depois de o injuriarem?,Nd'oîmoasyîpe amõ o nhe'engaibagûera iî a'o ré?
"na verdade, você me verá futuramente sentado ao lado da mão direita de deus-pai",Anheté pesepîak irã Tupã tuba 'ekatûaba koty xe gûapyka xe renane
eu fui rendido,Xe aûîé
honrando-o falsamente como seu deus,O Tupãnamo i moeté-a'upa
eu tenho muitos,Xe retá
"foi, porventura?",Osó ruã-tepe é?
o julgamento de deus sobre nós,Tupã asé rekokuapaba
estou bem estabelecido,Aĩngatu
ela está leitosa,I 'aysyk
realizar-se-ão no futuro,I por irãne
"de manhã, cuidando de sua comida",Ko'ẽme gûemi'urama resé onhemosaînana
suas palavras ásperas não cessam,I nhe'engasy n'opabi
uma coroa de espinhos enroscados,-Mba'epe onong i akanga 'arybo? -Îuatĩ-apapûara apynha - Que puseram sobre sua cabeça?
quem conta o que não sabe bem,O eminguá-katue'yma oîmombe'uba'e
confessar-se a cada ano,Seixu îabi'õ nhemombe'u
curral de vacas,tapi'irokaîa
fazendo-a estar como presa de aguaixaí,Agûaîxay rembiaramo i moingóbo
ao longo de todo o caminho,pé pukuî
este é o meu princípio,Kó xe ypy
"neste dia em que o honramos, os judeus agiram em conjunto: atiraram pedras em santo estêvão, quebrando-lhe a cabeça","Kó 'ara îamoeté I pupé îudeus itá reropotyrõû, Santo Estevão apîá-apîábo, i akanga kábo"
estou preso aos ferros,Itá resé aín
os opostos desses pecados se manifestam assim,Aîpó tekoangaîpaba robaîara nã e'i
"não teve mãe, não tem corpo e não teve começo","N'i xyî, na setéî, n'i ypyî"
o diabo é muito medonho?,I abaeté-katupe Anhanga?
"fui a tempo, fui de propósito",Aûîebéramo asó
"está pronto o guaitacá, ou o filho do guaianá?",Sekoaûîépe gûaîtaká koîpó gûaîanã ra'yra?
será que a tentação é algo semelhante a uma juçana?,Îusana abŷare'yma nhẽ serã tentação?
você atrairá a ira de deus para si mesmo,Tupã nhemoŷrõ nhẽ ereîxûé nde îoupéne
terra elevada,yby-'ama
quando ele peida,sepynõneme
"argumentei contra suas palavras, de fato",Aînhe'engapypyk îepé
eu não enxergo,N'ama'ẽî
"ah, que bom seria se deus me levasse!",Marãîasûaramo Tupã xe rerasóû mã!
como as coisas andam devagar,A'é umanĩ mba'e gûabo
não porque eu tenha feito algum mal,Na marã xe rekóreme ruã
"lançemos fora nossa maldade, não acreditando nos pajés, nem nas danças e nos rodopios","T'oroîtyk oré poxy, paîé rerobîare'yma, moraseîa, mbyryryma"
vou frequentemente,Asó py'i
prender tapuias,tapuîa rara
eu tenho mãos sardentas,Xe pó-pinim
até mesmo gritou comigo,Xe aká tekatunhẽ
irritando-se com o diabo,Anhanga pé oîemoŷrõmo
eu estou imaduro,Xe kyr
reunindo seus ossos no chamado vale de josafat,I kangûera reŷnhanga ybytygûaîa Îosaphat 'îápe
o que é igual a algo ou a alguém,îandûara
"viram apenas muitas chamas de fogo, parecidas com nossas línguas","Tatá-endy-etá, asé apekũ-abyare'yma anhõ osepîak"
"e, portanto,",emonãnamo é
eu tenho buzina; eu buzino,Xe remimby
nos faria rejuvenescer cada vez que o comêssemos,Îandé o 'u îabi'õ îandé moybymo
"por isso mesmo, aquilo que os agrada em alguma coisa transgride a palavra de deus",Nd'e'i te'e mba'e amõ resé i moîekosupara Tupã nhe'enga abŷabo
"fugiram dele, deixando-o","Oîabab i xuí, seîá"
topo da escada,mytamytá-ypy
"logo, vencendo os temiminós, habitantes daqui, os frequentarei","Koromõ, keygûara temiminõ moaûîébo, asapekóne"
não cruzei as palmas das suas mãos,N'asasabi i popytera
amem vosso criador,Pesaûsu pe monhangara
você também olhou com desejo para a vagina de alguém?,Erema'ẽ-nhemomotarype amõ rapopé reséno?
prensa de cana-de-açúcar,u'ubae'ẽ-yamĩsaba
menos ou menor do que aquele,akûeîa gûyri nhote
ao amanhecer,ko'ẽme
"estou inchado, tenho calombos",Xe gûa'a-gûa'a
falei duramente,Anhe'eng-atã
prensa para espremer cana-de-açúcar,u'ubae'ẽ kambykaba
"mas não foi você, porventura, que se deixou atrair pelas mulheres?",Na nde ruã-te-pakó kunhã ri ereîemomotá?
"esse é meu antigo enforcador: uma taturana, um tamanduá","Akó xe îubykarûera, tataûrana, tamandûá !"
vamos ver se realmente fará algum milagre diante de mim hoje,Oîmonhang ipó kori milagre amõ xe robakéne re'a
a água se transformou em vinho,Y anhẽ monhangi kaûĩnamo
o que acontece com quem bebe somente na medida?,"Oîá nhote kagûarape, marã?"
eu o ararei,Asyby'ab
aquiete-se; verdadeiramente este é o seu caminho,Nde arybé Anheté kó nde rapé
"está segundo a minha medida, somente",Xe îá nhote
ao longo dos dias,ara rupi
"o que é frito, a fritura",i moxyryrykypyra
já foram todos os tamoios,Opá umã tamũîa sóû
estamos entrecruzados,Oroîekunasab
"por isso mesmo, alguém, antes de se casar, confessa seus pecados",Nd'e'i te'e abá o mendá îanondé onhemombegûabo o angaîpagûera resé
veio também sua panela para que os cozinhe à minha frente,Oú bé senha'ẽpepó t'omoîy xe renondé
"no mesmo dia em que você a comer, cairá a morte sobre você",Ara nde i gûaba pupé bé o'a te'õ nde reséne
nos ajuntamos,Oronhemondysyk
balanço o meu rabo,Aîmobabak xe rûaîa
"como você age, embriagando-se com cauim? você faz o que não deve, então?",-Marãpe ereîkó kaûĩ suí esabeypó? Ereîkomemûãpe a'ereme?
"ó meu filhinho, em um momento você desapareceu de mim!","Xe membyrĩ mã, korite'ĩ-aíb-eté erekanhem xe suí"
"que vocês se preocupem muito com ele, ensinando-o acerca da doutrina","Ta penhemosaînãngatu sesé, nhembo'esaba resé i mbo'ebo"
quem profere as ladainhas,Ladainhas ra'angara
detestando-se em seu coração,O py'ape oîeroŷrõmo
ainda come,Okaru bé
mas meu fogo se apagou,Xe ratá-te ogûé!
procedeu assim para ensinar as pessoas,Oporombo'ebo nãîabé sekóû
"o seu sangue era muito, escorrendo pela terra dentro do horto","Sugûy turusu, ybype osyryka, mityma pupé"
"eis aqui também a ingapema pintada, para que arrebente a cabeça dos malditos","Kó bé ingapé-kûatiara, t'aîakã-mombuk muru"
censuram? quem?,Oporakakab? Abá?
"vem, diz o nome, ó sim, dos que você venceu por aí","Îori, esenõî angá kûeîbo nde remimoaûîé"
eu a acalentei,Aîmboyî
estou há muito tempo,Oîeí aîkó
voltou a viver entre os que morreram,Omanõba'epûera suí sekobeîebyri
"certamente, ao perceber isso, deixei ontem minha casa","Aûîeté, kó anga andupa, aseîá kûesé xe roka"
eu o cutuquei,Aîpekãî
"os bem-aventurados e os santos no céu, que veem a deus, ultrapassam o número dos dias que o ano tem",Marangatuba'e santos ybakype Tupã repîakaretá osasá 'ara ro'y remierekó papasaba
eu sou agourento,Xe morangygûan
da mesma forma que fulano matou alguém há tempos,Mba'enakó ahẽ amõ îukáû akûeîme
eu o parti ao meio,Oîopytera rupi aîasy'ab
lua cheia,îasy-obagûasu
"intervalo de água, ilha",y-pa'ũ
"o que é raro, poucas vezes visto ou que não se encontra a cada passo",setapokãba'e
eu estou estendido,Aîepysó gûitupa
tostar alguma farinha,Esapek u'i amõ
minha alma será curada somente com tuas palavras,opûerab é ipó xe 'anga nde nhe'enga pupé nhote
"vou me vingar dele no futuro, certamente",Aîepyk ipó irã seséne
os peixes estavam na superfície das águas,Y ape'arybo pirá kûáî
suas túnicas começavam a rasgar,o aobusu mondoró-ndoroka
quem deus fez primeiro como habitantes do céu?,Abá ranhẽpe erimba'e Tupã oîmonhang-ypy ybaka porama?
e a aproximação do parto de uma grávida não é motivo para também ter medo?,"A'epe muru'apora membyrasy kakara, na nheangûaba bé ruã?"
"a vida da minha alma, que perdi, será devolvida a mim.",Xe 'anga rekobepûera xe remimokanhẽûera oîmoîebyrukar ixébone
o magro que convidei,xe remipoîangaîbara
bofeteei suas têmporas,Aîatypetek
a crença no deus verdadeiro encheu meu interior,Tupã-eté rerobîara îaîporaká xe ybỹîa
"esses, na verdade, não honram a deus",A'e ipó Tupã n'omoangaturami
você vomitou cauim quando se encheu?,Ereîmoîebyrype kaûĩ nde poesemõneme?
quem batizou não pode casar com aquela que batizou.,Oporoerokyba'epûera nd'e'ikatuî omendá o emierokûera resé
o que é igual a algo ou a alguém; a igualha de; o igual de,îabendûara
não perdoa,N'i nhyrõî
visito os aposentos dos índios,Aîosub abá koty
trouxe aos tapuias as velhas de além de magueá,Tapuîpe gûaîbĩ aru amõ Magûeá suí
anuncia os que serão casados na igreja nos feriados,Ogûeronhe'eng i mendarypyrama Tupãokype marãtekoabe'yma pupé
por ocasião do meu retorno,xe atimandápe
fiz isso mal.,Aîmonhã-memûã
"na verdade, só estas retirei dos malditos",Kó nhõ anosẽ îepé moxy suí
que sejamos corajosos,T'oré pyatã
logo que cheguei,xe rura rupibé
"atravessando o céu, foi, deixando você","Ybaka rasapa, osó, nde reîá"
logo que ele veio,Oú abé
o senhor deus,Pa'i Tupã
também transgride aquele que faz resguardo por causa do parto de sua esposa?,Oîaby bépe aîpó o emirekó membyrara resé oîekuakuba'e?
de madrugada eu me levanto,Îeîbé apu'am
morador de pacatá,Pakataygûara
servi a comida dele,Asemi'u-erokûab
tenho os furos das orelhas tapados,Xe apysakûá-îe'o
meu coração está palpitando,Xe py'a-tytyk
"atrás de uma cerca de pedras, tomou a casa dos animais de criação como sua pousada",Ybyrá itá monhangymbyra kupépe so'o mimbaba roka ogûar og upabamo
"raspei o queixo dele, barbeei-o",Asendybá-apin
lamentando o que o visita,O supara rapirõmo
muitos meninos,kunumĩ-etá
ele é azul,Soby
mulher de baixa estatura,kunhã-mirĩ
"esse santo escreveu para nós a vida de seu mestre, deixando-a","Kó santo o mbo'esara rekopûera erimba'e oîkûatiar îandébo, seîá"
deram-lhe para beber?,-Oîmo'y'upe gûá?
evacuei,Aka'apîasó
"parida, mulher que deu à luz",membyrasara
o que entra junto de mim,xebe teîkeara
sou novato nisso,ikó ramõ - ser novato - Aîkó ramõ anga resé
estando aflito,tekotebẽboramo oîkóbo
tendo falta de acompanhamento da farinha,U'i tyrama resé ekotebẽmo
eu tenho o cachaço grande,Xe aîurupygûasu
sei lá!,Sé ruã!
mas os guardiões da gente são os anjos?,Asé rarõanamo-tepe karaibebé rekóû?
o namorado da sua filha,nde raîyra aba'yba
fogo em que se elimina a dívida dos nossos pecados,Tatá asé angaîpaba repy mondykaba
sou temporão,Xe ranhẽ
"esse deus-pai, deus-filho e deus-espírito santo são um só e o mesmo deus?","Oîepé Tupã memẽpe a'e Tupã-Tuba, Tupã-Ta'yra, Tupã-Espírito Santo?"
respondo a pero,Aînhe'ẽpoepyk Pero
tendo também coroas vermelhas e brilhantes,Akanetá-pyrã-beraba reroínano
ele está dormindo; não o acorde!,Okerĩ Nd'eremombaki!
eu mato vocês,Ixé opoîuká
"é no final da missa que você sempre entra, manifestamente consciente?","Missa mondykápe épe ereîké îepi, nde îesûere'yîpe?"
alimentar os famintos,Ambyasybora poîa
fazendo com que os outros ficassem bem longe dele,I xuí-katu amõba'e rerekóbo
"aquela lei nova me importuna muito, irritando-me muitíssimo","Xe moaîu-marangatu, xe moŷrõ-etekatûabo, aîpó tekó-pysasu"
aquele que é pobre por sua própria vontade é quem tem a bem-aventurança,Tekokatueté rerekoara o emimotarybo é i mba'ee'ymba'e
você curou os doentes,Eremombûeîrá mara'abora
que sua alma esteja somente em deus,Tupana ri nhõ nde 'anga eîmoín
a mortandade da caça,so'o paba
o sol se eclipsa,Kuarasy onhemoputun
"destruiu outrora os tamoios, os valentes","Tamũîa, kyre'ymbagûera, omombab erimba'e"
você tomou o animal que a onça matou?,Ereîápe so'o îagûara remiîukapûera?
eram muitos os que o estavam castigando?,- Setápe i nupã-nupãsara?
dizem que o homem fez assim antes,Emonã îé abá rekóû raẽ
mas o homem não castigará seu filho e seu escravo?,N'oînupãî xûé-tepe abá o a'yra o embiaûsubane?
vamos separar os que assim procederam,Emonã tekoarûera îaîpe'a
que nos dê hoje seu filho muito belo,T'oîme'eng kori îandébo o memby-porangeté
você ajuda seu pai e sua mãe?,Ereîpopytybõpe nde ruba nde sy abé?
ele é pequenino ta'yrĩ'i-nhota'ub - ele é pequenino,Ta'yrĩ'ĩ
eu os moderei,Anhonen
zumba como o vento,Ybytu îabé osunung
enterrem-me,Xe aty peîepé
estou febril; tenho febre,Xe rakub
"espere, eu vou ir primeiro","Eambé, xe ranhẽ t'akûáne"
as boas obras dos que são bons,i angaturamba'e remimonhãngatu
cova da nuca,atuá-pyko'ẽ
quando a lua vem visitá-la,o supa îasy rureme
quando a ave bate as asas,gûyrá pepekeme
o sol certamente brilha depois de passar a grande noite,"Kûarasy nipó oberá, putunusu kûab'iré"
eis que ele está deitado sobre o capim,Kapi'i sosé kó tuî
de que espécie é isto?,Marãba'e-p'iã ri?
"sou íntimo deles, isto é, sou o que eles honram",Semimoetéramo aîkó
eu o dobrei,Aîapapûar
só eu beberei tudo,Xe nhõ a'u pakatune
tenho palavras afáveis,Xe nhe'engangaturam
"com saudades do nenenzinho, vim da minha casa","Pitangĩ repîaka'upa, aîur xe roka suí"
você entrou com ele no seu aposento?,Ereroîképe nde kotype?
que eu afaste o antigo proceder para que não esteja no mal,Tekopûera t'aîpe'a t'aîkó umẽne marani
o nome da terra deles é mboijy; ali os assam e os comem,"Setama rera Mboîy, a'epe i moîypa, i gûabo"
você trouxe sua caixa?,Ererupe nde karamemûã?
qual era mesmo o nome dele?,Marã-takó ahẽ rera?
eram completamente bons quando deus começou a criá-los?,I angaturam sykype erimba'e Tupã o monhang-ypyreme?
deus também nos perdoa?,I nhyrõ bépe Tupã asébe?
"vou cumprir essas palavras, reunindo muitos dos meus servos","T'asó aîpó nhe'enga mopó, xe boîá reŷnhangetábo"
o comecei,Aîypymoín
não diferem entre si,N'oîkoéî o îosuí
"ah, oxalá eu sofresse por deus muitíssimos infortúnios!",Aîporará temõ Tupã resé mba'easy katupabẽ mã!
em seu nome me guardo,Nde rera pupé anhenong
aquela cruz era muito grande?,Turusu-katupe a'e cruz erimba'e?
"flechei todos eles, capturei-os, amarrei-os","Aîybõ mbá, i pysyka, i apytĩamo"
rapaz de pouca idade,kunumĩgûasu-kakuabamo
"você se espremeu depois que alguém fez sexo com você, não querendo ter filhos?",Ereîeamĩpe nde resé abá rekó riré nde memby-potare'ymamo?
aqueles pregados junto a ele também,Aîpó i pyri i moîarypyrûera abé
eu sou circuncidado,Xe api'a
dividi-os ao meio,Oîopytera rupi aîmoîa'ok
mas esses não se esforçam por aprender sempre?,N'osa'angi-tep'akó nhembo'e ko'arapukuî?
o cauim está apenas pela metade da vasilha,Kamusi ku'a rupi nhote kaûĩ reni
sou traidora do meu marido,Amondarõ xe mena suí
"por isso mesmo, até a terra que pisamos detesta os cadáveres daqueles",Nd'e'i te'e yby asé purungaba tiruã aîpoba'e re'õmbûera reroŷrõmo
você não irá futuramente à guerra?,Nd'eresóî xópe irã gûarinĩ?
"adivinha, vamos ver, o que bateu em você!",Eîkuá ra'u nde ri opûaryba'e!
por dois meses,mokõî îasy
nós somos gêmeos,Kõîgûera oré
eu tenho uma grande cabeleira,Xe 'abebogûasu
cuidado para não levá-lo,Teumẽ teké serasóbo nhandu ruã
gosto de carne,so'o ré
"as porções pequenas dela, o refugo dela",i akytãmbûera
"coisa quente, calor",mba'e-akuba
comunhão a cada páscoa,Páscoa îabi'õ tupãrara
minha comida me dá ânsia de vômito,Xe mbouk xe remi'u
entremeei-as,Aîmoîoparab
você dormiu com ódio muitas vezes?,Ereroker-etápe îoamotare'yma?
é ele quem dá o bem desses,A'e aé koba'e katu me'engara re'a
"diante deles, os diabos se ajuntavam, querendo engoli-los","Sobaké Anhanga onheŷnhanga, i mokona motá"
o diabo nos tenta demais?,Asé ra'angetekatu Anhanga?
"o bondoso são lourenço guarda sua terra, elevando vocês","São Lourenço-angaturama osarõ nhẽ pe retama, pe mopu'ama"
furo as orelhas,Anambi-kutuk
lembrem-se da morte,Penhemoma'enduar te'õ resé
isso é o que me é destinado,Xe resendûara ebokûea
o neném compadecedor não quis lhe fazer mal,Nd'îaîmomarã-potari pitangĩ-moraûsubara
maltratar o seu próximo,o apixara rerekoaíba
judas já tinha dado aos judeus o meio de reconhecer nosso senhor?,Oîkuapá-me'eng umûãpe Îudas Îandé Îara îudeus supé erimba'e?
catei-lhe a cabeça,Aî'abiú
pão que traz a vida aos amigos de deus,Miapé tekobé îara Tupã raûsupara pé
como pilatos disse aos seus aprisionadores?,Marã e'ipe Pilatos serekoaretá supé?
meios de contar nas duas mãos das pessoas,mokõî asé pó papasaba
o lambi,Asereb
meu sobrinho,xe ri'yra
fiquei sobrecarregado por causa dele,Ambosyî ahẽ resé
"fez-lhe perguntas de novo, mas não achou maldade alguma nele","Oporandu benhẽ, n'i angaîpaba amõ supé ogûasema ruã-te"
vem me adornar,Eîori xe moîegûaka
"ele está enferrujado, tem ferrugem",Sepoti
eis que até mesmo murmura contra deus,Tupã resé tiruã kó nhe'enga reîtyki
essa ilha não tem água,Y angaba'eamẽ ebokûé 'ypa'ũ
"me engolirá hoje, como sempre","Xe mokõ kori, îandune"
sofre pela gente,Sosang poresé
vários homens brancos são pecadores,Karaíba amõ amõ i angaîpá
continuei a contar isso,Aîkuabe'u-be'u
em que parte do corpo ele o flechou?,I mba'epepe i nhybõû?
por que a gente reconhece mais o dia dos santos?,Mba'erama ri bépe asé santos 'ara kuabi?
eu estou debilitado,Xe aíb
a afio,Asaembe'e
querendo nossa preocupação com o estado futuro de nossa alma,Îandé 'anga rekorama resé îandé putupaba potá
"na verdade, não conhecem as coisas","Anhẽ, n'i tekokuabi"
o enforquei,Aîubyk
ontem deixei minha casa para ouvir a missa nesta,Aseîá kûesé xe roka kó pupé missa rendupa
a partilha entre si de suas obras por deus,Tupã resé marã o ekó o îoupé moîa'oîa'okaba
como diz a outra petição nossa?,Marã e'ipe amõaé asé îeruresaba?
como se eu fosse lá,A'epe xe só îaramẽ
você detesta completamente a confiança dele em si mesmo?,Ereroŷrõ-mbápe o îoesé i îerobîara?
obedeço às palavras dele,Aînhe'engapîar
mortandade de pessoas,mbaba
"ruim por ruim, ele é, de fato, um pouco melhor",Ahẽ nakó i angaturã-be'ĩ
vai aumentando sua bondade,I angaturama nhẽ oîrumõ-rumõ
me escondo bem,Aîemĩngatu
os chefes velhos sempre lhes falam,Morubixaba tuîba'e onhe'eng memẽ i xupé
"eu mesmo, como se viu, já disse isso a vocês",Ixé aé ã a'é umûã nakó peẽme
vocês mesmos se danam por ficarem perturbando esta aldeia,Peẽ aé peîekûá kó taba pobu-pobu
o esfalfei,Aîmoa'ypab
todos e quaisquer homens que morreram com amor a cristo,Pabẽ abá tetiruã Cristo raûsuba bé ogûeromanõba'epûera
queimei carvão,Asapy tatapynha
"rio acima, a montante",y-apyrakoty
"leva ele, olha lá!",Erasó ké raré
"venham, levem os malditos, erguendo-os, embrulhando-os","Peîori, perasó muru, supi i pokeka"
queimo campos,Akusu-mondyk
"antigamente você frequentava nossa terra, amando-a","Akûeîme eresapekó oré retama, saûsupa"
barrei a casa com terra,Oka aîyby-apetek
por que seria? por que razão haveria?,marãpemo?
tomei a dianteira dele,Asapekysym
como se lê aquela outra petição nossa?,Marã e'ipe amoaé asé îeruresaba?
parece voar,Obebé-berame'ĩ
poucos moram nesta aldeia; estão se salvando.,"Mokõnhõ kó taba pupé sekóû, oîepysyrõ okupa"
fiquem aqui me esperando,Iké nhẽ peîkó xe rarõmo
"venha, mãe do meu senhor, para fazê-lo estar contigo dentro da minha alma","Eîori, xe îara sy, xe 'anga pupé serupa!"
mulheres virgens que morreram com seus corpos incorruptos,Kunhã-kûare'yma gûeté-marane'yma bé ogûeromanõba'epûera
quem verdadeiramente esgota o cauim é o fazedor de mal,"Kaûĩ mboapŷareté, a'e marã monhangara"
este outro,ikó-te
"por sua morte, deus-pai nos perdoa bem?",Se'õagûera resépe Tupã tuba nhyrõngaturamo asébo?
vocês mentem,Pe îuraragûaî
honrando-te com ele,I ndibé nde moetébo
sou de pequeno tamanho,Xe ra'yrĩ-a'ub
amontoado de pedregulhos,itakurubi-tyba
tenho muitos parentes,Xe mũetá
trazendo o resplendor de deus,Tupã beraba reru
"quem, hoje, é como eu?",Abápe kori xe îá?
"por isso mesmo, os que conversam com eles transgridem a palavra de deus",Nd'e'i te'e i mongetasara Tupã nhe'enga abŷabo
vida longa de minha alma,xe 'anga rekó-puku
adiantei-me,Akûabĩ
doravante serão bons os que costumo guardar,"I angaturam, ko'yré, xe remiarõ îandune"
narrar as coisas segundo o modo como deus o instruiu,Tupã o motekokuapaba rupi mba'e mombe'u
os habitantes do céu afligiram-se ao vê-lo humilhar-se,Ybakygûara onhemoputupab i nhemomoreaûsuba repîaka
manchas diversas,pará-paraba
antes sua ida para junto dele no céu do que sua ida para o inferno,Ybakype i pyri o só îanondé Anhanga ratápe o só suí
"quem quer o mal, quem detesta",amotare'ymbara
como procede o confitente?,Marãpe nhemombegûara rekóû?
"será que é por isso que deus transformou, primeiro, a costela de nosso pai no corpo de sua esposa?",Emonãnamo serã Tupã îandé rubypy arukangûera nhẽ monhangi semirekó retéramo?
"será que é um morcego, uma borboleta ou uma cuíca?","Andyrá ruãpe é, panama koîpó gûaîkuíka?"
ela requeima,Taî
arranquei-lhe a casca,Aîpé-'ok
eu o queimo,Asapy
me dá anzóis,Eîme'eng pindá ixébe
eu tive vertigem,Xe resagûyryb
trabalho com mariscos,Paranãmbora ri aîkó
"para que nossa alma possa crer nele, anunciando-o todos os dias",T'e'ikatu oré 'anga serobîá i mombegûabo 'aré-'arebo
você cobriu sua esposa quando o sangue dela ocorria?,"Ereîopykype nde remirekó, sugûy sekóreme?"
arrepende-se muito de sua maldade e não quer repeti-la,Oîmboasy-katu o angaîpaba seroîeby-potare'yma
a graça que ele dá não acaba,Graça semime'enga n'opabi
"você passou à frente de tudo, vencendo para sempre o nosso inimigo","Opá ereîopûã, oré sumarã reîtyka memẽ"
bendita entre as mulheres,I mombe'ukatupyramo ereîkó kunhã suí
"são sebastião também, que cuidava das guerras, destruiu os tamoios, os valentes","São Sebastião abé, marana rerekoarûera, tamũîa, kyre'ymbagûera, omombab erimba'e"
"ah, quem me dera bater nele!",Apûar temõ sesé mã!
"tempo, lugar, modo, finalidade etc. de comer, de pastar",karûaba
eu o ameaço muito,Aîmomboî-katu
"entregando sua alma, que deus dignifica, ao diabo",Nde 'anga Tupã remimomba'eté me'enga anhanga pé
toco de braço,îybá-asyka
"em caso de divulgação de sua morte, que o próprio padre responsável por ele o julgue","Se'õagûera rerapûaneme, abaré serekoara aé t'osekokuab"
"sendo mãe de deus, ela é a causa verdadeira da bondade dele",Tupã syramo oîkóbo é i angaturambabetéramo sekóû
todos eles voltaram para trás,Opá i îeakypûereroîebyri
reflexo ou resplendor do mar,paranãendy
"você, finalmente, me perdoa",Nde nhyrõ-tene xébo
"que coisas, pois, eu fiz hoje?",Marã-marã-pakó îeí xe rekóû?
a aurora chegou,Our ko'emytanga
hospedar os peregrinos,Atara mombytá
que desapareça sua lei antiga,T'okanhẽ pe rekopûera
estou a ponto de ir; vou daqui a pouquinho,A'ar apyrĩ - Estou prestes a cair Our apyrĩ - Está já para vir Asó apyri'ĩ
o que vai para o céu,ybakype soarama
as criancinhas também têm apenas o pecado de nosso primeiro pai,Pitangĩ abé îandé rubypy angaîpaba nhõ ogûerekó
conhece a maneira como o padre te tratou ao te batizar,Eîkuab abaré nde mongaraipápe nde rerekoagûera
sendo de cor preta,Moroún oîkóbo
"mas ele não teve mãe, sendo deus verdadeiro?",N'i xyîtepe Tupã-etéramo oîkóbo?
sempre vemos suas pegadas,Îasepîak îepi i pypora
"pedaço de roupa, retalho de pano",aopesembûera
a aldeia está assentada de comprido,Opukubo taba reni
você foi torpe com alguma irmã da sua esposa ou com alguma parente próxima dela?,Nde poxype nde remirekó asykûereté amõ resé koîpó i mũ-mbyryba?
"que estejamos perto de você, espantando nossos inimigos","T'oroîkó nde ypype nhẽ, oré sumarã mondyîa"
considero-a minha namorada,Xe kunhã'ybamo arekó
eh! onde ele está?,Tó! Mamõpe ahẽ rekóû?
estou na penúria,Atyabor
vou beber cauim!,T'aka'une!
o homem que fica fazendo as pessoas fumarem peca muito?,I angaîpabetépe abá oporomopetymbûabo?
certamente ele me perdoará hoje,I nhyrõ ipó kori ixébene
deus me atrai,Xe momotar Tupã
"jorro de água, itororó, bica de água",y-tororoma
mandam que os batizados honrem o domingo após nosso senhor o santificar com seu retorno à vida,Domingo momba'eté-ukari i mongaraibypyretá supé o ekobé îebyragûera pupé Îandé Îara i mongaraib'iré
"o que tem fama, o que é famoso",serapûanyba'e
outra pessoa não pode batizar em vez do padre?,Nd'e'ikatupe amõaé abá oporomongaraípa abaré suí?
"ó, hei de ir!","T'asóne, gûy!"
faz com que os moradores do rio se transformem,Eîmonhangukar 'ygûara
a armadilha caiu,O'ar mundé
não nos deixes cair em tentação,Oré mo'arukar umẽ îepé tentação pupé
pronuncie-o bem,Esa'ãngatu
"coisa cotidiana, o que é de cada dia",ko'arapukuîndûara
o que se casa bem contra sua vontade,O emimotare'yma-katu omendaryba'e
corda de rede,upá-sama
a que ingere veneno,mosangygûaba gûara
você me escaldou,Xe rũî îepé
"pelo deus verdadeiro, faço perguntas a você",Tupãeté resé aporandub endébe
veio atrás de mim,Xe atuaî turi
que me guarde sempre,Ta xe rarõ memẽ îepi
nem por isso eu vou para longe,Naroîaî mamõ xe sóû
ambas as minhas coxas adormeceram,Opá xe uba îesyî
e você confessou que as roubou?,A'epe ereîmombe'u a'e resé nde mondá?
"oxalá agora alguma pessoa, habitante do fogo do inferno, se levantasse aqui na nossa multidão","Temone ko'yr Anhanga ratá pora, abá amõ opu'ama iké îandé re'yîpemo"
"tempo, lugar, modo, etc. de estar em pé",ambaba
fibras esvoaçantes,pó-bebé
eu iria inutilmente,Îepémo asó
eu sou molengão,Xe membek
"isso não seria possível enumerar, ainda que o sol se pusesse!","Aîpó n'i papasabi, kûarasymo oîké îepémo!"
"por outro lado, semelhantemente, o próprio mar será mais terrível do que costuma ser",Kokoty paranã aé rame'ĩ o abaetéramo erimba'e gûekoagûera sosé
as chamas vão queimar vocês!,Pe rapy tataendyne!
os índios me obedecem bem,Xe rapîakatu abá
faremos o que ele fez,Semimonhangûera îamonhangyne
"por aí, por ali, por esse lugar",eboûĩ rupi
não vi os daqui,N'asepîaki kybõygûara
eis aqui também meu rabo comprido,Kó bé xe rûaî-puku
eu tenho tuberculose,Xe angaîbabîar
para onde será que eu irei?,Mamõ serã xe sóûne?
"são pedro puxou a espada, ferindo um amigo do chefe, chamado malco",S Pedro itangapema osekyî morubixaba rembiaûsuba Malko seryba'e apixapa
ajuntamento de búzios,gûatapy-tyba
alguém não pode casar com seu parente verdadeiro?,Nd'e'ikatuîpe abá o mũeté resé omendá?
"vai, pois",Ekûãî rõ
nos agitamos,Orondururuk
fez minhas pernas arderem,Xe retymã-moîosar
ajudei-o em suas palavras,Aînhe'ẽ-pytybõ
que mau é ele!,Tieté maniîabo a'e!
guardem-se de ser maus doravante,"Peteumẽ, pe poxyramo angiré"
rio direito,y-atã
"trespassaram suas mãos e seus pés na cruz, pregando meu senhor","Îaîpó-asá-sá i py resébe, krusá sosé nhẽ xe îara moîá"
propondo-se a ser bom,xe katurama momboîa
poucas vezes,amõamõme é
mas o que faremos com estas muitíssimas riquezas?,Marã-tepe ang mba'e-katupabẽ orogûerekóne?
sinal de golpe com uma pedra,itá-pora
colocando a sua lei dentro do nosso coração,Îandé py'a pupé sekó mondepa
"as velhas se insultam, se odeiam","Oîoa'o-a'o gûaîbĩ, oîoamotare'ỹ"
mostre o erro das minhas palavras,Eîkuabe'eng xe nhe'engaipaba
é comum que os bons homens tratem bem as pessoas,Sekoab apŷabangaturama i porerekó-katu
fazendo o sangue dele escorrer,Sugûy mosyryka i xuí
o apresentei,Arokûab
vem para destruir o maldito,"Eîori, muru mombapa"
estou doente,Xe rekoruînhẽ
o nascimento de s joão está se aproximando,Okakar S João 'aragûera
eis que amanheceu,ko'ẽ kó
"o pão que pegou em suas mãos, o devolveu como seu corpo, e o vinho como seu sangue","Miapé o pópe o emiîara i moîebyû o etéramo, kaûĩ og ugûyramo"
"batendo em uma mulher grávida, matando o bebê dela","Kunhã muru'abora resé opûá, pitanga îukábo i xuí"
eis que seu filho me fez mudar de ideia,Xe resaekoabok ikó nde ra'yra
"talvez ele fosse, se eu dissesse",Osó ipóne re'a gûi'îabo mona'ẽ
coisa beiçuda!,Mba'e-embegûasu!
eu sou torto,Xe apẽ
me caso com uma mulher,Aîkó kunhã rupi
poucas vezes,amõneme é
a mãe dos meus filhos,xe ra'ysy
chegamos sucessivamente,Orosy-syk
para confundir a alma do inimigo,O 'anga sumarã o mbo'eaíme
"tem muito cauim, por acaso, meu avô jaguaruna?",I kaûĩgûasu-pipó xe ramûĩa Îagûaruna?
"faço a brincadeira, o jogo",Nhemosaraîa aîmonhang
quem não reconheceria que comeu algo bom?,Abámo mba'e-katu 'uagûera n'oîkuabi xûé?
tragam também a ingapema!,Ingapema bé peru!
a que é alforriada,i mokunhãetepyra
jaz de costas,Oatukupepyterybo aîub
"no final do meu discurso, ele falou",Xe nhe'enga apyrûerype ahẽ nhe'engi
o convenço,Aîmoapapub
"o que traz pestes, coisa pestilenta",mbabyîara
"que queimem no seu fogo, para que os pecados dos malditos tenham retribuição","T'okaî nde ratá pupé, ta sepy muru angaîpaba"
que me livre das dificuldades,Ta xe pysyrõ marãtekó suí
ainda que eu já tivesse ido,Aûîebé-temo xe só-umani
"você se agitou, querendo nos fazer viver","Nde ereîemosusuni, oré moingobé-potá"
falando mal de coisas nojentas,Mba'epoxy koty onhe'engaíbamo
as juntas dos seus ossos se afastando umas das outras,I kanga îepotasaba pe'abo o îosuí
"saindo, deixando de assistir à missa","Kûepe osóbo, missa renduba reîá"
"a dança é que é boa: se enfeitar, tingir as pernas com urucu","Moraseîa é i katu, îegûaka, îetymã-gûanga"
fingindo dar vida às pessoas,Oporomoingobé-mo'anga
o senhor deus te tornou muito bondosa,Nde moangaturameté pa'i Tupã
"queimo você hoje, como de costume!","Oroapy kori, îandu!"
"boquitorto, homem de boca torta",abaîuru-apẽ
fiz taipa de pilão,Aybysosok
o que acontece com quem bebe somente o suficiente?,"Oîá nhote kagûarape, marã?"
"ponta de topete, pontinha aguda de cabelo que alguns têm na testa",Tetobapy-apûá
sou filho antigo de jetuú; criei-me dentro dela,Xe Îetu'u ra'yrûera Anhemonhang i pupé
cuidado para não levá-lo,Erasó umẽ ké
"e onde está aquele limbo, morada das crianças que não foram batizadas?",Umãmepe a'e putunusu pitanga nhemongaraibypyre'yma rekoaba rekóû?
não irei,Asó umẽpe ky
tenho um nervo encolhido,Xe raîyîeapar
o faço ruim,Aîmoangaîpab
mostrando sua própria beleza mais do que o sol,Kûarasy sosé o poranga kuabe'enga
você se alegrou por alguém cometer furto delas?,Nde rorype sesé abá mondarõagûera resé?
"meu senhor, eis que não sou digno de que você entre no meu coração","Xe îar, na xe angaturami ã a'emo ereîké xe py'ape"
"sou guaixará, bebedor de cauim, grande cascavel, onça, trucidador de gente","Gûaîxará kagûara ixé, mboîtiningusu, îagûara, morapitîara"
curtinho,asangĩ
calos já duros,mbyru'apûera
lêndeas de piolho,mokyrana'yra
deste veneno para uma mulher grávida?,Ereîme'engype mosangygûaba kunhãmuru'abora supé?
"com alegria, honramos este dia",Tesãîa pupé kó 'ara îaîmoeté
raízes angulosas,sapopema
medi-o,Asa'ang
iremos com você,T'orosóne nde rupi
retribuindo seu regozijo com ele,O morybagûera poepyka
"quando nos batizamos, colocamos nosso próprio entendimento?",Asé îemongaraíme o 'ara moíni?
"salve rainha, mãe de misericórdia","Salve Rainha, moraûsubara sy"
tranca da porta,okena kokaba
que eu esteja com você,T'aîkó nde irũ
o aparei,Anhopan
"plantação de cana-de-açúcar, canavial",u'ubae'ẽndyba
"um par de pares, quatro",oîoirũîrũ
"depois disso, ele se casa",Aûîé-katu i mendari
aqui estou eu,Kobé aîkó
ameacei pedro com um pau,Asenopu'am Pedro ybyrá pupé
bem que eu o chamei,Îepé asenõî
meu senhor foi quem me mandou fazê-lo,Xe îara é xe pûaî sesé
"sobre ela morrendo, nosso senhor para nos resgatar",I 'arybo omanõmo Îandé Îara îandé repyme'engagûera resé
interesse pela lei de deus,Tupã rekó resé nhemoryryîa
eu estou doente,Xe karasy
"coisa muito boa é a confissão, também como modo de impedir sua ida para o inferno",Mba'e-eté anhẽ nhemombe'u Anhanga ratápe nde sorambûera morambûesabamono
"tem piedade de mim, ó morte!",Xe raûsubá-mirĩ îepé te'õ gûé!
"perdoa-nos nossas maldades, como nós perdoamos aos que nos tratam mal",Nde nhyrõ oré angaîpaba resé orébe oré rerekomemûãsara supé oré nhyrõ îabé
"ah, quem me dera que o padre tivesse um pouquinho de piedade de mim, mandando-me pôr em outro lugar!","Xe raûsubá-mirĩ temõ abaré, amongoty nhõte xe moinuká mã!"
vou para a casa,Asó okype
eis que procuramos jesus de nazaré,Iesus Nazareno ikó orosekar
"fiz-o, meu senhor",Amombiaryîar
"eu vou apanhar você bem, fazendo você cair na minha armadilha","Xe t'oropysy-katu, xe mundépe nde mbo'a"
querendo imitar os atos de nosso senhor,Îandé Îara rekoagûera ra'anga motá
ofereci-lhes comida,Asemi'u-erekûab
"capim que estala, junco",kapi'ĩ-pururuka
fiz preparativos para receber o inimigo,Anhemosako'i tobaîara resé
"ah, quem me dera comer veneno para morrer!",A'u temõ mba'eaíba mã a'emo nhẽ xe re'õû
estou tendo uma polução,Apu-apuk
estou atolado,Xe pykûab
esbofeteando suas faces,Setobapé sosoka
sou uma pessoa desprezível,Xe abangaíba
a bem-aventurança é para quem não agride,Tekokatueté rerekoara onherane'ymba'e
não há como comê-lo,N'i gûabi
tenho barba ruiva,Xe rendybá-aîub
eu o endireitei,Aîaparok
"lave-o, fazendo brilhar meu coração","Eîmoîasyk, xe py'a moberapa"
descreva sua terra para mim,Emombe'u nde retama ixébe
"após o sol, a lua, a terra e o mar entrarem em colapso, então os anjos vêm","Kûarasy, îasy, yby, paranã rekomemûã roiré a'ereme karaibebé ruri"
estando eu,gûitekóbo
"porventura, os homens se tornaram muito maus depois de se multiplicarem?",Onhemoangaîpabeté serã apŷaba o îeapyká-eté roîré?
traga os habitantes do paraíba para aumentar nossa terra,Eru Paraibygûara oré retama irumõmo
que tipo de mulher é santa maria?,Marãba'e kunhãpe Santa Maria?
não me afasto deles,Ixé n'aîeîyî i xuí
ocupando-me de você,Nde ri xe nhemboryryîa
com ele,ahẽ pabẽ
tenho palavras enganosas e falsas,Xe nhe'ẽ-puraké
passo jenipapo nele,passo jenipapo Aîîanypá-mongy
"portanto, esses são os mandamentos do senhor deus para nós",Irõ ianga Pa'i Tupã îandé rekomonhangaba
volto a trazer a roupa,Aroîebyr aoba
parto,Aîepabok
"terra avermelhada, barro",yby-pytanga
o nó dela,i puru'ã
essa língua é difícil,I abaíb aîpó nhe'enga
querendo furar os buracos das nossas orelhas,Asé apysakûá-puka potá
eu me confundi,Xe apaîugûá
seu nome,nde rera
agora vou perecer!,Akanhem kó ixé re'a
aqui estou,Aín
você quer ouro?,Ereîpotápe itaîuba?
teriam nos amaldiçoado,îandé momburu meémo
injúria recíproca,îoa'o
meu filho!,Xe ra'yt!
você acredita em falsas oferendas?,Ererobîápe îetanonga'uba?
constituímos você chefe,Oromoingó tubixabamo
quantos são os chefes principais por aqui?,Mobype tubixá-katu kybõ?
"que nos renovemos, rejeitando completamente os costumes antigos","T'îanhemopysasu, tekopûera pe'apapa"
o ordenei,Aîmoabaré
eu afrouxei,Xe apapub
quem caça é caçador,ka'amondoara
sei lá!,-Abá ra'yrape ûĩ?! -Sé! -Filhos de quem eram esses?!
"muitos jovens bebedores de cauim já se juntaram por causa disso, os pervertedores desta aldeia","Onheŷnhang umã sesé kunumĩ-etá kagûara, kó taba moangaîpapara"
minha família ama você,Xe anama nde raûsu
lançando palavras contra a lei de deus,Tupã rekó koty nhe'enga reîtyka
"descendo com seus choros, indo com seus gritos, nem por isso eles acabarão","O îase'o rerogûeîypa, ogûasẽ-gûasema rerasóbo Ndaeroîaî xûé i pabine"
para mim é como pedra,Itá berame'ĩ ixébo
"ah, como o fedor dele me importuna!",Xe moaîu-te i nema mã!
"sim, vou para onde me mandam, porque, no meu coração, quero fazer assim","Îé t'asóne xe mondoápe Memeté ixé, xe py'ape, emonã tekó potá"
indo trabalhar,Ûiporabykŷabo gûixóbo
meu nome é muito terrível,I abaeté-katu xe rera
homem severo,abaposykyîe'yma
homem sovina,abá-pûapẽîara
sempre amarram as mãos dos diabos,Memẽ anhanga popûari
mingau grudento,minga'u-pomonga
também sairá de lá no futuro?,Osem-y bépe irã eboûinga suíne?
você deve confessar primeiro sua atração por eles,Sesé nde nhemomotaragûera ranhẽ t'ereîmombe'u
vamos devagar para queimar a terra dos malditos,"T'îasó, mbegûé t'ixapy moxy retama"
o que é felpudo?,sabiîuakytãba'e
mas que não paremos de chamá-la,Îandé-te îapyk umẽ senõîa
"se ele sente muita dor quando aquilo que o empalidece e o deixa doente se abrandar, quanto mais quando aquilo que não se abrandar","O moaîureme o momara'areme a'e i arybeba'erama biã sasyeté, memetipó i arybeba'erame'yma"
"se você fica longamente lamentando seus amigos ou seus parentes, por que não quer chorar nem um pouco por causa dos seus antigos pecados?",Kype rakó ereín nde raûsupara koîpó nde mũ rapirõmo marãpe nde rekoangaîpagûera resé é nd'ereîase'o-mirĩngatutenhẽ-motari?
vou como seu substituto,Asó nde rekobîaramo
mas antes,-te nakó
eu sou nadador,Xe 'ytab
ele está feliz,Soryb
eu sou muito longevo,Xe rekosûé-katu
"você preenche todo o céu, o mar e a terra firme também","Opá ybaka ereîmopó, paranã, yby abé"
perdoe-nos,Emoîerekûab orébo
"estejam em pranto, como forma de louvar aquele que entra junto a vocês, como forma de recebê-lo","Îase'o rakó perekó peẽmo teîkeara moetesabamo, i mobasembabamo"
"enfim, esses temiminós não seguem a lei de deus, não a amam, não a acatam","Aûîé, kó temiminõ nd' ogûari Tupã rekó, nd'osaûsubi, n'omotybi"
minhas duas coxas tremem e endurecem,"Opá xe uba îesyî, oîemoatãmo"
remédio curativo,mosanga mûeîrabyîara
"algo cotidiano, do dia a dia",ara-îabi'õndûara
"para mim, seria melhor morrer",I xosémo nã ky xe re'õ
"a cobra, antes de fazer destruir a vida daquele que morde, perde sua própria vida quando pisam em sua cabeça","Mboîa o emindu'u rekobé mokanhemukar-y îanondé, o ekobé reîari o akanga patukasagûerype"
"aimbirê, venha diante de mim! apresse-se!","Aîmbiré, eîori xe robaké! Nde apûan!"
que vá guaixará para o fogo,Gûaîxará t'osó tatápe
a cobra perde sua própria vida quando pisam em sua cabeça,Mboîa o ekobé reîari o akanga patukasagûerype
"são muitos os desconhecidos que somente deus, o criador deles, conhece",Se'yî i kuabypyre'yma Tupã i monhangara remingûaba nhõ
são filipe e são tiago são os que devem ser honrados neste dia,"S Filipe, STiago kó 'ara i moetepyra"
"quando vim, encontrei o que havia guardado","Xe rureme, asobaîtĩ xe remierekopûera"
querendo também que afrouxemos nossa carne,îandé ro'o îandé i momby'a-potáno
você contou a alguém que ficou passando a mão em mulheres?,Ereîmombe'upe kunhã resé nde pokó-pokokagûera abá supé?
"ficamos gritando, como desterrados",Orosapuká-pukaî i pe'apyramo
me apoio sobre o braço enquanto estou deitado,Aîeatyrung gûitupa
"assim tratada, uma pessoa certamente se sai bem",Emonã serekopyra rakó abá obasẽ-porang
como a gente procederá para obedecer a deus?,Marãngatupe asé rekóû Tupã o apîaraûama rine?
você tolerou as pessoas em sua crença no pajé?,Ereîmorype abá paîé rerobîaragûama resé?
"por isso, na verdade, é que a gente detesta o pecado mais do que a morte?",Nd'e'i te'e ipó asé pecado moabaetébo te'õ sosé?
o nosso chamado à mãe de deus faz com que ele sofra muito,Tupã sy îandé senõîa oîmoasy-katu-eté
eu o aparei,Asembe'y-kytĩ
por isso mesmo os homens te erigem como dirigente deles,Apŷaba nd'e'i te'e o 'ybamo nde mo'ama
vou mexer hoje nas igaçabas,T'aîpobu kori ygasaba
tendo amor por ele,Saûsuba rerekóbo
antigamente pescava bem os peixes,"Akûeîme, rakó, pirá asekyî-marangatu"
não quis que o nosso inimigo nos assaltasse,N'oîpotari îandé ri îandé sumarã pu'ama
o tenho na cintura,Xe ku'aî arekó
"derramando o seu sangue, começaram a açoitá‐lo","Sugûy mombukapa, îaînupã-nupã"
somos vizinhos uns dos outros,O îoamundabamo oroîub
"embaixo, na laje",ybype
um certo judeu velho mostrou o lugar onde ela fora enterrada,Amõ îudeu-tuîba'e i tymagûera kuabe'engi
minhas palavras sobre aqueles fatos futuros não vão se esvanecer nem um pouco,N'i rambûé-mirĩî xûé aîpó tekorama resé xe nhe'engane
você teve amizade com um homem pecador?,-Ereîekotyápe abá-angaîpaba resé?
você foi desonesto com alguma irmã verdadeira de sua esposa?,Nde poxype nde remirekó asykûereté amõ resé?
costumo alimentar pessoas,Xe poropoîxûer
deus-pai fez você vir,Tupã Tuba nde mbouri
santificando-se na pia batismal,Moromoîasukaba pupé onhemongaraípa
"me apoiando na valentia de vocês, quero ir","Pe ratãngatu resé gûiîekoka, asó-potá"
ponta de pedra,itá-atĩ
eu tenho a pele quente,Xe pirakubor
somente o homem obedece ao seu pai?,Og uba anhõpe abá osapîá?
resgatei os índios,Aporepŷan apŷaba
"vigie bem por mim, mandando que não me deixem cair","Ema'enãngatu xe ri, xe mbo'are'ym-uká"
"você mentiu ao se confessar, disfarçando seus pecados?","Nde remo'emype nde nhemombegûápe, nde angaîpaba mo'anga?"
hoje eu deveria ir,Kori monẽ asó
dou a roça a pedro,Aîkó-me'eng Pedro
cordão de contas,mbo'yrysy
"eia, que vocês estejam alegres","Pene'ĩ, ta pe rory"
você se tornou mais formosa que ela,Nde moaysó-eté i xuí
"na verdade vou me enfeitar, pretejando-me","Aûîeté pakó, aîegûak ûinhemoúna"
o que é a morte?,Mba'epe te'õ?
hoje o matou,Kori i îukáû
"sábio fingido, pseudo-sábio",mba'ekugûapara'uba
"você preenche todo o céu, e o mar e a terra também","Opá ybaka ereîmopó, paranã, yby abé"
um frio que faz as pessoas tremerem muito,Ro'y oporomoryryîeteba'e
eu estou desinchado,Xe rurunhyng
as mulheres invocam o pajé caruara,Osekyî kunhã maîé Karûara
meu igual,xe arõana
dei-o por dar,Aîme'engĩ
lembrem-se do que se sofre no inferno,Penhemoma'enduá Anhanga ratápe i porarapyra resé
o que enforcou gente,moroîubykarûera
"eis que, na verdade, esse ato é o que tem o poder de nos fazer fracassar",Anhẽ ã aîpó tekó îandé mopanem-y-îara
"por causa de sua crença nele, sem duvidar",Serobîara resé o akasange'ymamo
casa de barro,nhau'umoka
fiz-o enriquecer,Aîmomba'e
inclina-se,-Oîerokype asé Cruz supé? -Oîeroky -A gente se inclina junto à cruz?
pescador com puçá-guaçu,pysagûasu-eîtykara
vamos devagar para fazer o assalto,"T'îasó, mbegûé, îapu'ama"
em que ocasiões a gente se confessará?,Mba'e-mba'eremepe asé nhemombe'une?
dou topadas no esteio,Aîapi okytá
lenitivo da minha fome,xe ambyasy posanga
licor de aipim,aîpi 'y
"a dança é que é boa: enfeitar-se, avermelhar-se, ficar fazendo feitiços","Moraseîa é i katu, îegûaka, îemopyranga, karaimonhã-monhanga"
quem tem olhos que são luxuriosos,sesá-poropotaryba'e
"vou me confessar ainda hoje, antes que a morte me surpreenda","T'anhemombe'une kori bé, te'õ xe resapy'a e'ymebé ká"
vou comer todo o banquete de jacaré-guaçu!,T'a'u pá Îakaregûasu pepyra!
vou ver seu rosto,T'asepîáne nde robá
lavou as mãos à vista da multidão,Oîepó-eî te'yîa remiepîakamo
arranque a poeira dos pés da minha casa,Eîpytybyrok xe roka
"por acaso o maldito estava com a cintura fendida, balançando?",I ku'a-bok serã moxy oatimunga?
rapariga,kunhataĩ-a'uba
as articulações dos seus ossos se afastando umas das outras,I kanga îepotasaba pe'abo o îosuí
tenho-o como meu par de dança,Xe andaramo arekó
guardem-se para não serem maus daqui em diante,Peteumẽ pe poxyramo angiré
"dentro dele está jesus cristo, em todo o seu ser e em seu espírito","I pupé Îesu Cristo rekóû, o ekó îakatu tenhẽ i 'anga abé"
me rangem os dentes,Xe rãî-ngyrỹî
"queimo você hoje, como de costume!","Oroapy kori, îandu!"
você forçou uma solteira antes de lhe fazer mal?,Ereîukaípe mendare'yma i momoxy îanondé?
não deixo de querê-lo,N'aîpotare'ymi
aproximei-me de guenum,Arokakar Gûenũ
quem não recebe a deus a cada quaresma,Îekuakubusu îabi'õ Tupã ogûare'ymba'e
"eu açoito gente, de costume",Xe poronupã îá
eu sou ladrão,Xe mondá
abra a porta da sua casa,Esokendabok nde roka
"corrijam-nos, censurem-nos, para que queiram livrar-se do inferno","Enonhẽ, eîakaká, t'oîepysyrõ-motá anhanga ratá suí"
tiro a sua ferrugem,Aîkytyngok
esbofeteio as costas de suas mãos,Aîpokupé-petek
eu estou adoentado,Xe rekoruruînhẽ
"eu estava mesmo esquecendo, não que eu quisesse omiti-lo","Xe resaraî é gûitekóbo, n'aseîá-potá ruã!"
"estas rãs, minhas presas, para que você as coma","Ikó îu'i, xe rupîara, t'ere'u"
eu tenho olhos zarcos,Xe resá-îub
me enruguei,Anheãî
arraia pitoca,îabebyrasyka
querem te afugentar,Nde monhegûasẽ-motá
vou como catador de pedras,Asó itá piaramo
cuidado para não levá-lo,Teumẽ ké serasóbo rá
"eu sou o grande tamoio aimbirê, uma sucuriju, um tauató","Xe tamuîusu Aîmbiré, sukuriîu, tagûató"
"transtorno o coração das velhas, irritando-as e fazendo-as brigar","Aîpobu gûaîbĩ py'a, i moŷrõmo, i momarana"
chumbada do anzol,pindá posyîtaba
"ao chegar o oitavo dia, cortaram seu prepúcio","Mokõî oîoirundyk oito 'ara sykeme, i 'apira mondoki"
apressei meus passos,Aîmoatã xe rapupa'ũ
não seremos miseráveis,Nd'oré poreaûsubi xûéne
você costuma se levantar diante do seu pai?,Nde pu'amixûé nde ruba pé?
não pode casar com ela enquanto a mantiver escondida,Nd'e'ikatuî sesé omendá mimbápe serekó pukuî
eu sou pecador como meu pai,Xe ruba rupi é xe angaîpabamo
não me mexo,N'amyĩ
tenho os olhos enevoados,Xe resá-oby
mesmo quem assassina na guerra?,Gûariniãme oporapitiba'e tiruãpe?
"ao comer com seus discípulos antes de sua morte, no dia seguinte",Oîrã o e'õ îanondé o emimbo'e pyri o karûápe
ainda que eu já fosse,Aûîebé-te xe só-umani
"há bem pouco tempo, agora há pouco, agorinha mesmo","kûesé-té'ĩ, kûesé-té'ĩ-mbyryb, kûesé-té'ĩbé, kûesé-bé'ĩ, kûesé-pyryb"
jaz imóvel,Aîubé
o que fez neste mundo depois que cresceu?,Marãpe sekóû ikó 'ara pupé o kakuab'iré?
eu irei primeiro,Xe ranhẽ t'akûáne
os animais quadrúpedes escaparão futuramente?,Okûabépe irã so'o?
"por outro lado, o próprio mar será mais terrível do que costuma ser, e as ondas farão grande estrondo",Kokoty paranã aé rame'ĩ o abaetéramo erimba'e gûekoagûera sosé yapenunga ryapugûasuramo
tenho o cabelo crespo,Xe akangaíb
não me faça demorar,Xe mombuku umẽ îepé
eu sou bem feito,Xe aysó
detestando-os mais do que tudo o que se deve detestar neste mundo,Seroŷrõmo opakatu ikó 'ara pupé seroŷrõmbyra sosé
eu sou elegante nas palavras,Xe nhe'ẽ-matueté
estou fendido em diversas partes,Xe îurubó-bok
"eis que sofrem muito, tendo a vida envergonhada",Sasyeté niã ogûekomara'ara reroína
o que está vestido,iî aoba'e
"não deve ser, não será assim","aan ipó, aan ipó biã"
"logo que a alma da gente sai de seu próprio corpo, seu envoltório, deus a julga","Ogûeté suí, o uru suí, asé 'anga sẽme bé, Tupã sekomonhangi"
jogou o pagamento por seu senhor no templo e finalmente se enforcou,O îara repypûera reîtyki Tupãokype aûîé osóbo oîeaîubyka
as que vão para o purgatório,Purgatório pupé osoba'e
deve ter ido,Osó ipó re'a
"ah, se viesse!",Tera'ute oú
"o seu cadáver dormiu demais, estando deitado no lugar em que o puseram?",Okeretápe se'õmbûera o mondebagûerype oupa?
"vê-se, com efeito, que ela conserva a incorruptibilidade dos cadáveres daqueles",Sepîakypyra niã aîpoba'e re'ombûera o marane'yma rerekó
não ficou ninguém no campo de batalha,N'opytáî amõ abá maranápe
"esta agia assim, longe de você",Emonã rakó sekóû nde suí
envolvendo seu rosto com véus,Aobybĩ pupé sobá ubana
nada,-Mba'epe aûîeramanhẽ serekopyrama ikó 'ara pupé? -Aani ã biã - Que é o que será conservado para sempre neste mundo?
"você desvirginou alguma menina, perfurando-a?","Ereîmombukype kunhataĩ amõ, i mokûá?"
"pensem que, algum dia, a morte virá bater às portas de vocês, pegando-os despreparados, surpreendendo-os","Penheangerekó amõ 'ara pupé te'õ pe rokena motaka turagûama resé é, nhemosako'ie'yma pupé, pe pokosupa"
"no meio da terra fazendo um fogo inextinguível, que não se apagará",Yby apyterype tatá-amororé ogûeba'erame'yma monhanga
"cinzas do alguidar, da bacia, feitas pelas chamas",nha'ẽpesẽ-uba
"o sol se envergonha de nascer, diante do seu brilho","Otĩ kûarasy osema, nde beraba robaké"
não me acostumei,N'aîepokuabi
"após aquele revirar do mundo, os anjos vêm",A'e 'ara îepubur'iré a'ereme karaibebé ruri
o que entrou em suas almas,Pe 'angyme oîkeba'epûera
convés da embarcação,ygara rokabytera
"que bom que você existe, ó meu senhor!",Aûîebeté ereîkó xe îar-y gûé!
eu fico salivando,Xe rendy-rendy
"de uma só parte, de um só lado",amongoty nhõ
eu sou travessa,Xe resaarũaíb
sua bondade não cessa,Nde angaturama n'opyki
"envergonhem-se aqui também, depois de terem amado as coisas más",Penhenotĩ iké bé mba'e-memûã raûsub'iré
"armação de fios, roca de fiar",inimbó-'yba
agradeci-o,Aîkugûab
"olha, arrasamos todos os tupinambás que estavam no paraguaçu","Ma'ẽne, tupinambá Paragûasupendarûera opakatu îamombá"
não tenho com o que bater,Na xe pûasabi
exceto o vermelho,pyrangaíb
o bom do pedro,Pero angaba
"ei, vou ir com você","Ne'ĩ, t'asó nde irũmo"
a abertura da saia dela,Iî ikeboka
"ah, quem me dera esconder alguma coisa do fulano!",Anhomim temõ ahẽ mba'e amõ mã!
fiz cócegas nele,Aîmokyxyk
fiquei triste,Anhemoingotebẽ
tive a segunda menstruação,Aîeporero'ypok
às vezes os frutos de suas árvores caem quando ainda são flores; outras vezes quando estão verdes; outras vezes caem depois de amadurecerem,"Okuî rakó amũme 'ybarambûera o 'yba suí 'ybotyramo oîkóbo bé, amõ rakó ogûakyra pupé i kuî, amõ rakó ogûaîub'iré i kuî"
a cruz se levanta em seu próprio ombro,O ati'yba ri kurusá osupi
não somos diferentes,Nd'oroîoabyî
a gente não come carne de caça no dia de jejum,Nd'o'uî asé so'o îekuakuba 'ara pupé
aumentaram minhas riquezas,Ono'ong mba'e ixébo
"esses estão implícitos naqueles que dizem ""como?""",Marã e'iba'e pupépe aîpoba'e ruî?
eu o torrei,Asa'embé
vocês sempre me fazem libertar um prisioneiro,Mundepora amõ îepé peîmosemukar ixébe îepi
o tomamos de ombro a ombro,Oîoybari orogûar
o seu costumeiro desejo sensual não se separava verdadeiramente de você,Nde poropotarixûera nd'o'ir-etéî nde suí
cortei um pedaço dela,Aîasy-'ab
você acariciou sua namorada com quem brincou desonestamente?,Ereîmomorangype nde kunhã'yba nde i moîaruagûera?
gargalo fino,anhurĩ
os homens estão acostumados comigo,Apŷaba xe pokuá
estou calombento,Xe asur
os homens que roubam mulheres,Apŷaba kunhã ri i mondaba'e
"que lancemos fora nossa maldade, não acreditando nos pajés","T'oroîtyk oré poxy, paîé rerobîare'yma"
aqui estamos nos alegrando para festejar seu dia,Kó oroîkó oronhemborypa nde 'ara momorangápe
os beatos e os santos que deus leva consigo para o céu são muitos,Marangatuba'e santos ybakype Tupã remieroîeoîa setá
"após acabar este desterro comum, faz-nos vê-lo",Ikó îope'asagûera syk'iré esepîakukar orébe
eis que veio aquele que me entregará,Aîpó xe me'engarama ruri
carreirão: caminho pequeno para quem vai a pé,pé-mirĩ
"eu sou guaixará, bebedor de cauim, comedor de gente","Gûaîxará kagûara ixé, morûara"
tu te entristeceste porque alguém tratou bem o teu próximo?,Nde arurupe abá nde rapixara rerekó-katureme?
estou pendurado,Aîasekó
"saco, teia ou trama dos miolos",aputu'ũ-aoba
"o forro que se casou com uma escrava verdadeira, pensando falsamente ""eis que esta é forra"", não se casou","Mbiaûsube'yma mbiaûsubeté resé omendaryba'e ""-miaûsube'yma kó"" o'îaba'upa, n'omendari"
"vem lavar minha alma, branqueando-a","Eîori xe 'anga reîa, i motinga"
"o que é líquido, o que é ralo",tykuba'e
que a palavra de deus lhe cheire muito bem,Ta syapûãngatu Tupã rekó i xupé
o doente que está ao teu lado,mba'easybora nde kotypendûara
ficando a experimentar poções,Mosanga ra'ã-ra'anga
"agora mesmo, agora neste instante",ko'yr-y bé
desceu até onde nós estamos,Ogûeîy îandé rekoápe
"quanto mais um caminhante se aflige por um caminho que não conhece, mais deseja ver logo o dia","Memeté rakó pé o eminguabe'yma rupi oguataba'e o angekotebẽnamo, korikorinhẽa'ub 'ara repîaki"
o que se compraz em seu sonho mau,O ké-poxy omboryba'e
não abrandam a sua raiva e não perdoam,"N'oîmogûabi o nhemoŷrõ, n'i nhyrõî"
acalmei-me,Aîukatu
à direita de jesus tu somente estás,Îesu 'ekatuápe nde nhõ ereîmbé
"sabendo disso, impedirias a transgressão da palavra de deus","Aîpó kuapamo, ereîmorambûé Tupã nhe'enga abyrambûeramo"
brigarão e cuspirão um no outro?,"Omarãmonhangype, oîoendyne?"
evita ir,Eteumẽ esóbo
as pedras foram-se quebrando ao meio,Itá oîeká-îeká oîopyterybo
de modo algum,-N'asé ruã-tepe o emi'urama oîmonhang? - Aani - Mas não é a gente que faz sua comida?
fico andando à toa,Agûatá-gûatá tenhẽ
o que continua aumentando os seus pecados,o angaîpaba irumõ-rumõsara
"mesmo depois de tê-lo dado à luz, sua mãe bondosa estava virgem?",I mbo'a tiruãpe i xy-angaturama rekóû ababykagûere'ymamo?
os que assim dizem,Nã e'iba'e
braço de rio,y-akã
o que é feito morrer,i momanõmbyra
"como alguém diz, por medo da morte, não querendo ficar por muito tempo sem se confessar?",Marã e'ipe abá te'õ suí onheangûabo o nhemombe'ue'yma mokûá-puku potare'yma?
aquelas que dizem coisas más,Marã e'îara
"quem não saberia ter comido algo bom, esquecendo a excelência do seu sabor?",Abámo mba'e-katu 'uagûera n'oîkuabi xûé sé katûagûera resé o esaraîamo?
"pregam suas mãos e seus pés na cruz, meu senhor","Îaîpó-asá-sá i py resebé, krusá sosé nhẽ xe Îara moîá"
quantas vezes o homem transgride aquilo depois de se deixar atrair por uma mulher?,Mbobype abá aîpoba'e oîaby kunhã resé o nhemomotar'iré?
vai embora daqui agora!,Ekûá ké suí ra'a!
ele não foi mesquinho antes da sua vinda aqui diante de mim,Na sa'ubi iké xe robaké nde rur'e'ymebé
"os desejos sensuais, a lascívia e as maledicências não acabam","N'opabi moropotara, tesãînana, marã'é"
"que vocês sejam, no futuro, os que terão a verdadeira felicidade em nossa terra desejada, no céu","Ta peîkó irã mba'ekatueté rerekoaramo îandé retãpotasápe, ybakype"
uma tormenta caiu sobre mim,O'ar yaíba ixébo
doador de nossa vida,îandé rekobé me'engara
dar de beber aos sedentos,Useîbora mbo'y'u
nós somos muitos,Oré retá
quem mais conhece senão ele?,Ma'e-kugûapara aé-amẽ ahẽ?
"venham, voltem para deus, levando-o com vocês em seus corações","Peîori, pebaka Tupã koty, pe py'a pupé serupa"
eu tenho mau hálito,Xe ybĩî-rem
eu tenho impigem,Xe titing
os homens batizados honram este dia,Apŷá-serokypyra kó 'ara oîmoeté
não querendo transgredir a boa lei,Tekó-katu aby potare'yma
que você venha para me levar para o alto,T'ereîu ybaté xe rerasóbo
eu me escafedo ao ir,Xe rembykãî gûixóbo
você disse isso bem no seu coração?,Nde py'ape-katupe aîpó eré?
preparando-se para a futura ressurreição do senhor jesus,Pa'i Îesus rekobeîebyragûama resé onhemosako'îabo
pedindo que nos ajudem,Îandé pytybõagûama resé oîerurébo
"tataurana, traz aqui tua muçurana!","Tataûrana, eru ké nde musurana!"
"ali, assando-os e comendo-os","A'epe i moîypa, i gûabo"
"não o deixe afastar daqui, minha morada",Eseîyî-ukar umẽ iké suí xe retama
difamam-me pelas costas,Xe kupébo xe mombe'u
"você passou as mãos em alguma virilha de mulher, estando enternecido?","Erepo'ẽpe kunhã rapopé amõ pupé, nde akyramo?"
fiz isso aos trancos; fiz isso confusamente,Aîapixosok
"ao passar a quarta-feira de cinzas, começa o grande jejum chamado quaresma.","Quarta-feira tanimbukaraíba rasápe, îekuakupabusu Quaresma 'îaba nheypyrungi"
"mãe de deus, muito bela.",Tupã sy-porangeté
"e, ao partir muitas vezes a hóstia em pedaços, está nosso senhor jesus cristo em cada pedaço?",A'epe abaré hóstia pese'õ-etá-etáreme i pese'õmbûera îabi'õ Îandé Îara Îesu Cristo rekóû?
"grita, lamenta-te!","- Nde rasẽ, eîeapirõ!"
você tem namorada?,Nde kunhã'ype?
dia muito bom.,arangaturam-eté
"você se preocupou em fazer com que seu filho, os que estão em sua casa, seus vizinhos ouvissem a missa desde o começo?","Erenhemosaînanype nde ra'yra, nde roka pora nde rambyagûá missa iî ypyrungápe sendubagûama ri?"
"depois disso, finalmente, vira-se para eles, falando de forma muito terrível.",A'e roîré ko'yté i koty obaka onhe'eng-abaetéramo
não tenho vontade de comer.,Na xe îuruéî
"neste vale, lugar de choro.",Ikó ybytygûaîa îasegûaba pupé
"são joão, quando estava no ventre, ficou saltando.","São João pitangĩ, tygépe o endápe opor-oporĩ"
"ergueu-se com as feridas de suas mãos, de seus pés e de seu flanco?","O pó, o py, o yké kutukagûera bépe erimba'e ogûeropu'am?"
você está no paraíso para sempre.,"Endé, Tupã rorypápe aûîeramanhẽ ereîkó"
nosso inimigo não deixa de nos tentar.,N'i apori oré sumarã îepinhẽ oré ra'anga
esfreguei-o com sabão.,Itayîuîa pupé aîkytyk
dois ladrões.,mokõî mondabora
quem são os que rogam a deus por nós?,Abá-abápe asé resé Tupã mongetasaramo sekóû?
estenderam-no sobre a cruz.,Oîpysó ybyraîoasaba 'arybo
esfreguei-o com cera.,Aîkytyk iraîty pupé
animal quadrúpede que não se come.,so'o-aíba
mesmo que a gente coma apenas uma migalha dele.,I kurubipûera anhõte îepé asé o'u
eu sou comilão.,Xe karu
tem compaixão de nós.,Oré raûsubá îepé
deixou de estar sua divindade em seu cadáver?,Oîkó-po'ipe i tupã se'õmbûera pupé?
"não era pedro, mas sim seu irmão.","Na Pero ruã, tybyra a'e"
os anos que passaram muitas vezes são causa de atraso na ida do homem para o céu?,"Okûabetápe erimba'e seîxu, ybakype abá só moabaîpaba?"
"despiram-no, amarrando-lhe as mãos a uma coluna de pedra, obrigando-o a ficar de pé.","Oîaobok, itá okytá resé i popûá i mo'ama"
"comeram aquele fruto, causa de morte?","O'u nhẽpe a'e 'ybá, tegûama?"
faço lisonjas ao homem.,Anhemokunu'unu'uma'ub abá resé
"ao longo do dia, todo o dia.",ara pukuî
ele é o anjo que ordena o enforcamento,"Karaibebé a'e, moroîubyka puaîtara"
"que sejamos corajosos, sim, suportando as coisas dolorosas","T'oré pyatã, angá, mba'e-asy porarábo"
"muito devagar, ele o mata",Nd'e'i ymûanĩ ahẽ i îukábo
palmito de juçara,îeîsaru'ã
falo mal dele,Aîmombe'uaíb
faço com que me matem,Aîeîuká-ukar
barrancos,yby'ã-by'ama
eu tenho muito pitiú,Xe pyti'ugûasu
puxe-o com força!,Esekyî-atã!
"confesso a você, senhor padre","Anhemombe'u ndebe, pa'i abaré"
cortei o pé dela,Aî'ybab
comida dos anjos,apŷabebé remi'u
lacei a perna dele,Aîpukuîurar
"filho em gestação, feto",memby-kyra
eu tenho diarreia,Xe rygeaíb
para colocar a hóstia em nossa boca,hóstia mongûapagûama resé asé îuru resé
senhor jesus,Pa'i Îesu
não dando ao seu dono a coisa sumida que ele achou,Mba'e-kanhema o basemagûera i îara supé i me'enge'yma
que logo nos livremos,Taûîé-te t'îanhembo'i
vai ficar injuriando o marido por ele agir assim?,Oîa'o-îa'ope o mena emonã sekó reséne?
o marigui me picaria,- Xe su'umo marigûi
"depois de expulsar os vícios do seu meio, o homem não os traz de volta consigo; em vez disso, dispersa-os","O koty suí mba'epoxy reîtyk'iré, abá nd'ogûeroîebyri o kotype, i mosãîa"
tocam na cabeça da gente,Opokok asé akanga resé
você piscou para alguém também?,Eresapumimype amõ supéno?
"por sua maldade, destrói todos os homens","O ekopoxy resé, opabĩ abá mondyki"
pode o padrinho casar com aquele que batiza?,E'ikatupe morerokarûera omendá o emierokûera resé?
"você, em seus braços, ergueu jesus","Endé, nde îybápe Îesu eresupi"
soltei as algemas dele,Aîpopûasá-rab
não dormi absolutamente para procurá-los,N'aker-angáî sekasápe
faço com que ela choque os ovos,Aîmoîoupi'aerub
em que lado colocará os que são bons?,Marangotype i angaturamba'e nongine?
cortei um pedaço,Asykûera aîasy'ab
eu fui mentiroso ao dizer isso,Xe remo'em aîpó gûi'îabo
as doenças da alma do homem se curam bem com ela,Abá 'anga mara'ara i pupé opûeîrá-katu
"em vão eles se esquivam, querendo fazer passar as flechas","E'i tenhẽ onhemoîtỹamo, u'uba mongûá-potá"
a que nos faz viver na virtude,Tekokatu resé îandé moingoara
"eia, roga por nossa virtude!",Katunhẽ eîerurébo oré katûagûama ri
eu tenho o andar escarrapachado,Xe atá-îaî
você é uma criancinha,Pitangĩnamo ereîkó…
despertando-me do meu pesado sono,Xe keranama mombaka
os parentes da minha mulher,xe ra'ysé
na terra ele se transformará,Ybyramo i nhemonhangyne
reúnam-se todos com eles!,Penheŷnhang pabẽ sesé!
"esta igreja é bonita, contém muitos enfeites!","I porang kó tupãoka, îegûakabetá rerupa!"
"eu sou o que é antigo, o de tempos atrás",Erimba'endûarûera ixé
"fazemos oferendas às sepulturas, colocando algumas coisas",Îatyby-poî ma'e amõ nonga
pelo a testa a mim mesma,Aîobabo'o
confortando-se apenas na virtude,Tekokatu resé nhõngatu o apysykamo
você é sempre o nosso remédio,Nde îepi oré posanga
eu sou um aleijado,Xe ate'ẽ
irritam completamente as pessoas,Oporoîrarõ mbá
"entregando tua alma ao diabo, ele se compraz muito","Nde 'anga me'enga anhanga pé, oangabó-katu"
vou em vão,Aûîebé-te asó
"mataram, na verdade, outra pessoa que não era aquele assassino",Ahẽ morapitîarûera taté nhẽ anhẽ ybŷá oîuká
eu estaria bem arrumado se o levasse,A'emopeé ixé serasó-a'ubi é
escondendo que é parente legítimo dela,O mũetéramo sekó kuakupa
"olha, arrasamos todos os tupinambás que estavam no paraguaçu","Ma'ẽne, tupinambá Paragûasupendarûera opakatu îamombá"
"venham, levem os malditos","Peîori, perasó muru"
foi meu pai também,Osó xe ruba béno
querendo fazer passar as flechas,U'uba mongûá-potá
me deito,Aîepysó
ainda bem que todos vocês queimarão à uma,Iîamuru opabenhẽ pekaî oîepegûarane
morcegão voador,andyragûasu-bebé
o período anterior ao dia dele é um dia em que se jejua,I 'ara renondesaba 'ara îekuakupaba
você tolerou o desejo sensual em sua direção?,Eresepîakĩpe îopotara nde kotype?
pelei-lhe a testa,Asobabo'o
ele secou,Typab
ribanceira da terra,yby-esapykanga
o dei de graça,Aîme'eng tenhẽ
coloquei um colar nele,Aîpo'y-rung
coloquei um colar em mim,Aîepo'y-rung
eu sou redondo,Xe amandab
dia de guarda e de jejum,"Ara i pîasaba, îekuakupaba"
fazendo-nos ir ao céu,Ybakype îandé sorama monhanga
que? o que é?,Mba'e-pipó?
quantas vezes você se confessou ou comungou?,Mobype erenhemombe'u koîpó eretupãar?
"eu sou um mísero índio, de fato",Xe abá-aibĩ anhẽ
vou resgatar os índios,Asó apŷaba porepŷana
"vieram para consolá-lo, confortando-o","Our i moapysyka, i motagaypa"
eu soluço,Xe îeîok
"seus pecados, estando a aumentar, de fato",Nde rekomemûã rumõ-rumõmo nhẽ
eu tenho um cachaço grande,Xe aŷpygûasu
"tenhamos, de fato, as coisas boas, apartando-as do que é mau",Îarekó é rakó mba'e-katu i poxyba'e suí i mouruébo
você vai em busca do meu pai?,Xe ruba supépe eresó?
você desvirginou alguma menina?,Ereîmombukype kunhataĩ amõ?
teia de aranha,nhandu'i-kesaba
fiquei falando em favor dele,Asepy-sepyk
a vontade dessas presas de vocês é muito má,I angaîpab-eté kó pe rembiá potasaba
preparem-se!,Peîemosako'i!
quantas vezes a lua desapareceu ou o caju amadureceu?,Mbobype îasy kanhemi koîpó akaîu 'aîubamo?
dei uma cambalhota,Anheatĩapyr
"o riso não te convém, o riso não te fica bem",Na nde arõî nde puká
fico fazendo mimos,Anhemopoîá-poîaî
"cuide bem de mim, para que não me derrubem","Ema'enãngatu xe ri, xe mbo'are'ymuká"
"mostra-se fixo, está fixo, apresenta-se fixo",Ten e'i
vou levar todos para meu fogo,T'arasó pá xe ratápe
apanhei-as,Aîapûapyk
eu tenho a casca estalada,Xe pé-pok
"você veio se confessar, ó meu filhinho?","Enhemombegûabo ereîur, xe ra'yrĩ gûé?"
segura-o por enquanto,Eîpysyk ranhẽ
"veio há pouco por sua causa, adiantando-se aos temiminós","Oú ramõ nde resé, temiminõ rokesyma"
"que você entre no meu coração, guardando meu interior","Xe nhy'ãme t'ereîké, xe py'a moingatûabo"
sua morte não ocorrerá por minha causa,Na xe resé ruã i îukasaba 'arine
"para que esta aldeia brilhe, eu estou junto de vocês","Kó taba renyreme, pe pyri nhẽ xe rekóû"
estátua,abá ra'angaba
paguei-o,Asepyme'eng
"ao comer com seus discípulos, o pão que tomou em suas mãos ele devolveu como seu corpo","Gûemimbo'e pyri o karûápe, miapé o pópe gûemiîara i moîebyû gûetéramo"
mudei minhas palavras,Asekoabok xe nhe'enga
costumo ser mau,Xe memûã îá
grande folha caída,sobûerusu
aquele que recebe o óleo santo na testa não pode casar-se com ele,O sybápe îandy-karaíba rasara rerasoara nd'e'ikatuî sesé omendá
você quer que eu te unte com óleo bento?,Ereîpotápe îandy-karaíba pupé ixé nde pixyba?
seu senhor,i îara
ferimentos mútuos,îoapixaba
castrado,sapi'a'ỹî'okypyra
"lourenço tostado amarrou minhas mãos, queimando-me, oprimindo-me","Rorẽ-ka'ẽ xe popûá, xe rapŷabo, xe apypyka"
"imediatamente, água e sangue dele vazaram, escorrendo","Aûnhenhẽ 'y sugûy abé i xuí i 'emi, osyryka"
aquele que é cabeçudo,i akangagûaba'e
"ah, se eu tivesse ido para o céu!",Asó me'ĩmo ybakype mã!
eis que não obedeço ao meu pai verdadeiro,N'asapîari kó xe rubeté
o que supõe saber as coisas,I mba'e-kuá-mo'anga'uba'e
var de chapéu,akangaó-îepepira
não omiti nada,N'aîkuakubi mba'e
"por causa da sua estrela guardiã, que lhes indica o caminho",Îasytatá serekoarama resé pé 'îaramo i xupé
sangradouro do rio,y-mombukaba
não fui de modo algum,N'asó-angáî
que fez deus outrora com nosso primeiro pai por causa de seu proceder assim?,Marãpe erimba'e Tupã îandé rubypy rerekóû emonã sekoagûera ri?
eu não tenho resistência,Na xe rosangi
"a lua é certamente formosa, vindo com sua grande face","Î aysó, nipó, îasy, og obagûasu reru"
"vocês recobrarão bem o fôlego no futuro, depois que se cansarem",Ta pe putu'ẽngatuté irã pe îemokane'õ ré
"se é terrível meter a mão neste nosso fogo, quanto mais ali","Ikó îandé ratá pupé asé po'ema biã iî abaeté, memetaé a'epe"
"transgridem, certamente, apenas algumas vezes",Oîaby ipó amõme é
"mingau grosso, massa",apytaîyka
traz também o tacape!,Ingapema bé peru!
mostrem bem o que é essa santíssima trindade,Peîmoîekuakatu aîpó Santíssima Trindade rekó
o que se defronta com a morte,Tegûama porarasara
digo isso com razão,Supi aîpó a'é
"este mundo é a terra prometida dos animais quadrúpedes, dos peixes e dos pássaros","So'o, pirá, gûyrá retãme'engaba é ikó 'ara"
colocando capim às pressas,Kapi'ĩ anhẽ rerupa
por acaso arrancaram sua roupa?,Oîaobok serã gûá?
eu ainda estava cansado,Xe pûeraî mbyté
"portanto, corrija-se logo, antes que a morte o surpreenda","Emonãnamo enhenonhen esapy'a, te'õ nde resapy'a e'ymebé"
"procedo bem, com a intenção de ir para o céu",Aîkó-katu t'asóne ybakype ûi'îabo
os guardadores de cabras querem visitar seu senhor,Sygûasumé rerekoara oîosu-potá o îara
"ficando ansiosamente à espera da morte korikorinhẽa'ub 'ara repîaki, i moanhẽmo — deseja logo ver o dia, ficando ansioso por ele",Te'õ moanhẽ-anhẽmo
homem muito entendido,abá-tekokugûá-katu
"depois disso, o cauim transbordante nas igaçabas os atrai","Ygasápe kaûĩ-tuîa, a'e ré, îamomotá"
por que o coloca nos nossos pés?,Mba'erama resépe i nongi asé pype?
"eis que também darei algumas das minhas presas para ti, para que quebres suas cabeças","Kobé xe rembiaretá t'ame'ẽne amõ endébo, i akanga t'ereîoká"
assaram-no sobre grelhas de moquear de ferro,Moka'ẽ itá îurá 'arybo sesyri
enxada de ferro,itá-syra
o que será que a gente detestará?,Mba'epe asé ogûeroŷrõ ra'ene?
eh! onde ele está?,Tó! Mamõpe ahẽ rekóû?
você acha que o pajé ruim é aquele que tem o dom dos prodígios?,Ererobîápe paîé-aíba mosangyîaramo sekó?
vou ir com você hoje para comer aqueles reis,"T'asó nde pyri, kori, aîpó tubixaba gûabo"
o observei,Asepîakatu
"como um pobre, ele tomou a casa dos animais de criação como sua pousada",Mba'eîare'yma îabé so'o mimbaba roka ogûâr og upabamo
untei as penas nele,Asá-mongy
"taquari e tapera, que estão diante dela, acreditam em mim","Takûary, sobaîygûara, Tapera, xe rerobîá"
"mostra-se firme, está fixo",Ten e'i
você teve palavras muito resmungonas?,Nde nhe'ẽ-kuru-kurukype?
que não deixem de crer em mim,Ta xe rerobîapo'ir umẽ
vamos nos ajudar um ao outro para criarmos nossos filhos,T'oroîopytybõne oré poromonhangagûera mongakuapa
contar aos homens a felicidade futura deles,Abá supé sekokatusagûama mombe'u
perdoa bem aqueles que não estão escondidos,I kuakubypyre'yma i nhyrõngatu i xupé
está molestando as pessoas e confundindo as aldeias,Oporomoaîu oîkóbo taba moapaîugûá-îugûabo
"imaginem, ó meus filhinhos, imaginem que estão deitados em sua morte","Peîmo'ang ra'u xe ra'yrĩ gûé, peîmo'ang pe re'õ pupé pe ruba"
tirei uma faísca dele,Aîmoendyîab
"você dorme, guaixará?","Ereképe, Gûaîxará?"
fazendo-os levantar imediatamente,I mopu'ama kûeîeténe
"se o sol já faz as pessoas terem muita sede, com ainda mais razão, quando estão no fogo elas desejam beber","Kûarasy abiã oporomo'y'useî-eté, memetaé tatápe oína abá o'useî-etéramo"
meu quinhão é você!,Xe potaba nde!
aproximo-me do fogo,Arobyk tatá
que os chefes e os moçacaras estejam junto a mim,"Morubixá, mosakara, t'e'i ixébo!"
vamos trazê-lo!,T'iru! ou Iru!
eu também danço com meus parentes,Xe abé xe anametá aroporaseî
o movi,Aîmomỹî
peço a deus pela minha virtude,Aîeruré Tupã supé xe angaturãgûama resé
quando ele diz algo sobre o bom proceder de nossa alma,asé 'anga tekokaturama resé marã i 'ereme
estes teus servos são maus; não me tratam bem,"I angaîpá kó nde boîá, na xe rerekó-katuî"
"no ventre de uma moça, gerando-se como uma criança",Kunhãmuku rygépe pitangamo onhemonhanga
"muito bem, eis que aqui estou, trazendo para você estes siris","Auîebeté kó aîkó, ndébo ko siri reru"
nado,A'ytab
eu sou covarde,Xe abang
alguns soldados foram novamente para quebrar as pernas daqueles dois ladrões,Osó bé amõ maranaritekoara a'e mokõî mondá retymã mopena
"com cravos espetando suas mãos, pregando-as","Itapygûá pupé i pó kutuka, i moîá"
encalhei a canoa,Aîmoîar ygara
onde você deixou os outros?,Umãmepe amoaé reîari?
eu o roí,Aîakarãî
"estou cansado, estou com sono!","Xe pûeraî, xe ropesyî!"
nem por isso se importa com o resgate de seus antigos pecados,Ndaeroîaî o ekoangaîpagûera repyme'engagûama resé o putupabamo
você teve relações com uma virgem também?,Ereîkópe kûare'ymano resé?
é uma maneira de assustar o diabo,Anhanga mosykyîaba
sobram para você galinhas e porcos,"Nde resemõ arinhama, taîasu"
não o teríamos trazido a você se ele não tivesse pecado,N'orogûeruri xûémo ndebe i angaîpabe'ỹmemo
eu sou aleijado,Xe apar
o jejum é diferente de não comer carne,Îekuakuba oîkoé so'o gûabe'yma suí
ai! por acaso é o lourenço tostado?,Kaî! Rorẽ-ka'ẽ-piã?
você lançou algum menino sobre você por desejo sensual?,Ereîtykype kunumĩ amõ nde 'arybo moropotara suí?
ocupa-te de mim,Xe pûaî îepé
a que mata seu marido,o mena îukasara
eu sou grosseirão,Xe aíbusu
uniu-se a nós,Îandé ri oîese'a
que vocês tenham medo disso,Ta pesykyîé ianga suí
você tem polução?,Nde purepukype?
"roga a deus por nós, os que somos pecadores",Etupãmongetá oré i angaîpaba'e resé
como deus fará com os que os cumprem?,Marãpe Tupã i moposara rerekóûne?
sempre dizem assim,Nã e'i memẽ îepi
ataquemo-los; prendamo-los antes que eles se consolem,"Îasepenhan, îaîpysyk i apysyk' e'ymebé"
afirmamos que isso é o que deve ser festejado,Îaîmombe'u aîpó i momorangymbyra
vamos ver se vem!,Tera'umo ou!
basta! não me desperte!,Aûîé! Teumẽ xe mombaka!
"vêm em vão para me afastar os chamados ""padres""","Oú tenhẽ xe pe'abo ""abaré"" 'îaba"
por quantas coisas a gente pede?,Mboby mba'e resépe asé îeruréû?
que habitante do mundo há como você?,Abápe 'ara pora oîkó nde îabé?
então também as almas de todos os que morreram virão quando forem chamadas,A'ereme bé opá omanõba'epûera 'angûera ruri o enõîndápe
molham nossa cabeça com água,Y pupé asé 'apiramõû
cortei o prepúcio dele,Aî'amopikytĩ
este mundo falso é apenas aparência,A'uba nhote ikó 'ara'uba
nenhum homem pode se livrar da morte,Oîepé tiruã abá nd'e'ikatuî oîepysyrõmo te'õ suí
percebendo que a morte sucederia a si,O îoesé te'õ 'aragûama andupa
meu senhor mata vocês,Pe îuká xe îara
você imitou os homens maus?,Eresa'angype abá-memûã?
"aquela lei nova me incomoda muito, irritando-me muitíssimo","Xe moaîu-marangatu, xe moŷrõetekatûabo, aîpó tekó-pysasu"
esse é o que eu flechei?,Akó xe remiybõmbûera?
onde ele mora?,Umãmepe sekóû?
curral dos porcos,taîasu rokaîa
eu estava mesmo me esquecendo e não queria omiti-lo,"Xe resaraî é gûitekóbo, n'aseîá-potá ruã!"
lembrando-nos,îandé ma'enduaramo
bebendo apenas o suficiente de cauim,Oîakatu nhote okagûabo-eté
"raiz fedorenta, saporema, doença que ataca as plantas",sapó-rema
"vou frequentar ibioca, revirarei também itaoca e, enfim, jupaoguaó","Ybyoka asapekóne, Itaoka abé aîpobu, rumby, Îupaogûaóne"
reprimir o desejo de coisas más,Mba'e-aí-potara renonhena
coisa mirrada ou muito seca,tining-atã
ele estava nu; sua própria mãe o cobria com seu véu,"I katupenhẽ, i xy aé ipó opîá o akangaobĩ pupé"
filhote de cão,îagûara'yra
muito bem! que venha!,Aûîebeté! T'oú!
arranque de minha casa a poeira dos pés,Eîpy-tybyrok xe roka
não sei se morrerei nesta noite que virá,N'aîkuabi ikó pytuna o'aba'erama pupé xe re'õnama
"fugiram dele, deixando-o","Oîabab i xuí, seîá"
os homens o reconheceram como deus verdadeiro?,Abá Tupãetéramo sekokuabi?
ele sempre vai,Memẽ nhẽ i xóû îepi
tinjo as pernas,Aîpitupuku
vem para derrotar meus inimigos,Eîori xe sumarã reîtyka
ele tomou os traços dos olhos de seu pai,Og uba resá ahẽ ogûar
também escorreu seu sangue pelo chão?,Yby rupi bépe sugûy syryki?
muito longe,apûé-katu
eles acharão muitíssimas coisas más,Mba'e-memûãngatupabẽ resé i îekosubyne
dificultando a primeira menstruação,Nhemondîara mo'ybatatãmo
qual é a causa da sujeira da nossa alma?,Mba'epe asé 'anga ky'asabamo?
bem feito por ele ter adoecido!,Iîá omba'easyramo!
"estrutura de cume, cumeeira",apyrytá
de quem eram esses filhos?!,Abá ra'yrape ûĩ?!
que habitante do mundo há como você?,Abápe 'ara pora oîkó nde îabé?
mas são eles que mandam fazer cauim,A'e-te kaûĩ pûaîtara
"enfim, de volta!",Irõ bé!
esse homem e sua esposa gastaram todas as suas riquezas,Kó abá semirekó abé opá o mba'e mombabi
estou,Aîmẽ
para que nós paguemos bem a transgressão da palavra de deus,Tupã nhe'engabŷagûera îandé i moepykatûagûama resé
trouxe todos,Aru-pab
vamos ao seu caminho,T'îasó sapépe
mas não iríamos para o céu se ele não morresse?,Nd'îasóî xûé-tepemo ybakype se'õe'ỹmemo?
como sem você,Amba'e-'u nde suí
não havia nenhuma pessoa que se compadecesse dele?,Nd'oîkóîpe abá amõ i poreaûsuberekosaramo?
"ah, oxalá eu esconda as boas coisas dele",Anhomim temõ i mba'e-katu mã!
as criancinhas também têm somente o pecado de nosso primeiro pai,Pitangĩ abé îandé rubypy angaîpaba nhõ ogûerekó
eu tenho fôlego comprido,Xe pytu-muku
ninguém pode se casar com algum neto seu,O emiarirõ amõ resé nd'e'ikatuî abá omendá
eu sou amarelo,I îub - Ele é amarelo Xe îub
que ele fique dentro de vocês como fica no estado de feto no ventre de sua mãe,"O sy rygépe o pitanga reropytá îabé, t'opytá pe pupé"
"era bela, outrora, minha antiga região","I porang, erimba'e, Mia'y, xe retãmbûera"
oxalá não fosse eu,Na xe ruã-eté ikó mã
"outrora, passando por cima dela, eu fui a causa de você agir","Akûeîme, i apyrasapa, xe nde moingosaba é"
"sentando-se em suas mãos, vai o menino, consolando você","Nde pópe ogûapyka, osó kunumĩ nde moapysyka"
"verdadeira estância de deus, filha de deus","Tupã rendabeté, Tupã raîyra"
fazendo nosso pai casar primeiro com nossa primeira mãe,Îandé rubypy momendá îandé sy-ypy resé
você é um nenenzinho,Pitangĩnamo ereîkó
caí doente,Xe mba'easy-'ar
cobrindo-o com seu véu,Opîá o akangaobĩ pupé
estou úmido,Xe ryby'y
você feriu alguém também?,Ereî'apixabype amõno?
"no seu ventre, deus tomou seu próprio corpo",Sygépe o eterama Tupã tari
nos desencontramos,Oroîopynekûab
"ah, vai me beliscar hoje!","Xe pixã korine, mã!"
nem cruzei as palmas das mãos,N'aîasabi pó-pytera
estou ricamente vestido,Xe aó-mondé-matueté
confesse bem a nós que você é o filho de deus,Eîmombe'u-katu Tupã ra'yramo nde rekó orébe
"verdadeiramente, eis aqui o caminho que você procura","Anheté, kó nde rapé, a'e nde remiekara"
"normalmente, eu não ando a estas horas",Sekoabanhẽ nãnyme xe gûatae'ym
mas eis que minha alma não está aflita,Xe 'anga-t'iã n'i marani
para onde a multidão numerosíssima levou nosso senhor da casa de caifás após o amanhecer?,Mamõpe erimba'e te'yî-katupabẽ Îandé Îara rerasóû Kaiphás roka suí ko'em'iré?
o que é temido,iî abaeteba'e
o que nosso senhor disse a quem esbofeteou seu rosto?,Marã e'ipe Îandé Îara og obá petekarûera supé?
eu manco,Xe parĩ
não estou acostumado,N'abîari
"na verdade, iriam para uma grande escuridão",Pytunusupe émo i xóûmo
fiz todos os jejuns,Aîá pá îekuakuba
esse realmente é seu nome?,Aîpó nhõ-pipó nde rera?
então já estava são joão batista no ventre de sua mãe,A'ereme oín uman São João Batista o sy rygépe
"ah, como o fedor dele me incomoda!",Xe moaîu-te i nema mã!
acendemos o fogo,Tatá îaîmondyk
eu sou mestre,Morombo'esara ixé
você quer comer farinha puba?,Ereî'useîpe u'i-puba?
"mas quem, outrora, deu aos índios coisas como as suas?","Abá-tepe, erimba'e, pe mba'erama resé apŷaba me'enga'ubi?"
você ameaçou alguém?,Ereîmomburupe amõ?
aumentando também o seu temor,Nde nheangûaba bé irumõ-rumõmo
vida eterna,tekobé-apyrasye'yma
eu sou novo,Xe pysasu
ele caminharia conosco,A'emo îandé resé i atarimo
"se alguém escondesse os atos passados uma só vez, deus não perdoaria","Oîkuakumo amõ abá tekopûera oîepé'ĩ nhõmo, Tupana n'i nhyrõî xómo"
é totalmente uma comida de morte,Te'õ remi'u pabẽ
meu senhor!,Xe 'a!
a mãe de deus sabe todas as coisas,Tupã sy opabenhẽ mba'e oîkuab oîkóbo
elas certamente são más,"A'e, rakó, i angaîpá"
eu tenho usagre,Xe 'apiraíb
me encolho,Aîeapûapyk
arruinei a todos,Aîmomoxy pabenhẽ
vencedora,moroîtykara
a minha criança certamente teria de morrer depois que eu quisesse comer caça,Omanõ îepémo pitanga xe suí ixé so'o 'useî tenhẽ roîrémo re'ĩ
bocejei,Aîeîurupirar
ouvindo missa nos dias que devem ser honrados,Ara i momba'etepyra pupé missa rendupa
onde tatapitera? onde caumondá?,Umãpe Tatapytera? Umãpe Ka'umondá?
"afastei-me dele, para que ele não os corte em pedaços!","Pepo'i i xuí, aîpó n'opoasyk-asykabi"
"daí, desse lugar",eboûĩ suí
por que a gente também a assinala em sua boca?,Marãnamope asé o îurupe sa'angino?
talvez seja o anjo guardião verdadeiro desta aldeia,"-Karaibebé serã, kó taba rarõaneté"
"arruinei a todos, fazendo com que também roubassem","Aîmomoxy pabenhẽ, i momondarõmo bé"
eu estou amontoado,Xe rapûá
levo-o comigo,Arasó xe apyri
"fico à espera dele, fico no caminho dele",Aîpiarõ
"pensem que, algum dia, a morte virá mesmo para bater em suas portas, surpreendendo vocês",Penheangerekó amõ 'ara pupé te'õ pe rokena motaka turagûama resé é pe pokosupa
o interior das minhas pálpebras está trêmulo,Xe ropé-py-sysyî
um pouco mais para cá,kybõ-ngoty-pyryb
que vocês aumentem o amor a deus neste mundo,Ikó 'ara pupé Tupã raûsubagûera ta pemoîoapyr
"por amar muito as almas de vocês, como seus discípulos os tomaram","Pe 'anga raûsukatûápe, o boîáramo pe rari"
"revelou-se somente a eles, alegrando-os",Oîepîakukar i xupé nhõ i moesãîa
hoje mesmo vou fazer você ir,Kori é t'oromondóne
santa maria é o seu nome,"""Santa Maria"" sera"
"como os soldados que o agarravam o trataram, então?",Marãpe gûarinĩetá i pysykara serekóû a'ereme?
este é o máximo,Kó-tene i îaeté
fiquei esfregando-o com gordura,Aîkyty-kytyk mba'e-kagûera pupé
você trouxe seu fumo?,Ererupe nde petyma?
"pele esfolada, fora da carne",pirûera
"seus cadáveres estavam, uns ao lado dos outros, ao longo do mar",O îoybyri se'õmbûera paranã ybyri i kûáî
segundo a vontade de deus,Tupã remimotara rupi
"o laço está quieto; é o pássaro que vai dentro dele, caindo","Îusana oĩ nhote Gûyrá aé osó i pupé, o'á"
licor de mangaba,mangaby
ele passou diante de ilhéus,Nhoesembé robabo i kûáî
mataram fulano por engano em lugar do assassino,Ahẽ morapitîarûera tatenhẽ anhẽ ybŷá oîuká
todos os meus pelos se arrepiaram,Opá xe raba bybyri
não se cansam de rezar a deus,N'oîeruré-pytubari Tupã supé
"são joão, como criancinha no ventre, ao perceber sua vinda, ficou saltando","São João pitangĩ, tygépe o endápe, nde rura andupápe, o por-oporĩ"
cumpri minha palavra,Aîmopor xe nhe'enga
não me expulse,Xe pe'a umẽ îepé
destruiu todos os habitantes da terra com um dilúvio,Opab erimba'e yby pora 'yporu pupé i mokanhemi
eu sou risonho,Xe pukasûer
eu tinha o pescoço caído,Xe aîurar
aguço a ponta dela,Asapûá-mobyr
sejamos bons com aqueles homens,T'i marangatu apó abá pé
confiamos em você,Oroîerobîá nde ri
"vem, ó meu senhorzinho, para que minha alma esteja muito feliz por causa do teu nascimento","Eîori, xe îarĩ gûé, ta sorybeté xe 'anga nde 'aragûera resé"
as moças que vivem nas aldeias,kunhãmuku taba pora
"reproduzi-me, procriei",Aîeapyká
você lançou algum menino que estava aconchegado a você sobre você por desejo sensual?,Ereîtykype kunumĩ amõ nde abiîxûara nde 'arybo moropotara suí?
esbofeteei a nuca dele,Aîatuá-petek
nós somos numerosos,Oré re'yî
"eu sou aquele em quem se deve acreditar, o que tem o nome guaixará","Ixé serobîarypyra, Gûaîxará seryba'e"
faço agouros por ele,Asaybõ
eu fiz confusão,Xe apererá
a brancura de sua alma é maior do que a da roupa batida,Akó aoba i putukapyra sosé o 'anga tinga
gordura de vaca,tapi'i-kaba
eu não estou forte,Na xe pyatãî
ele está boquiaberto,I îurupukĩ ahẽ oîkóbo
amarre sua rede ao meu lado,Eîotĩ nde kesaba xe porupi
não! você é o meu quinhão!,Aã! Xe potaba nde!
uma púrpura colocada nele,Amõ aopyranga mondepa sesé
lhe fiz dentes,Asãîngá
você quer sair em vão debaixo de nossas mãos?,Eresẽ-potá tenhẽ oré pó gûyra suí
"levou sua mãe e seus discípulos ao cume do monte chamado ""das oliveiras""",Ybytyra Olivete seryba'e apyra 'arybo o sy o boîá rerasóû
tinjo-lhe os pés,Aîpy-gûang
"nosso senhor lhe perdoaria se ele lhe dissesse: ""perdoa-me""?","I nhyrõ nhẽpemo Îandé Îara i xupé ""nde nhyrõ ixébe"" o îoupé i 'erememo?"
a senhora desta aldeia compadece-se muito das pessoas,Kó tabyîara ndaeté i poraûsubari
a engravidei,Aîmomburu'a
"os que estão em maratauá acreditam em minhas palavras, entregando suas almas em minhas mãos","Marataûãme tekoara ogûerobîá xe nhe'enga, xe pópe o 'anga me'enga"
você apartou alguma mulher de seu marido?,Ereîmombo'irype kunhã amõ i mena suí?
"o fujão, o que costuma fugir",kanhembora
"peso de orelha, orelheira",nambi-paîa
tenho um olho torto,Xe resab
espalhadoras de mentiras,mo'ema mopu'ambara
ele o ajudou com o seu trabalho,A'e o porabykysaba pupé oîpytybõ
"mal a gente diz algo, já se irrita.",Îeperibe'ĩ asé marã i 'éû onhemoŷrõ ymûan
às vezes os frutos de suas árvores caem ainda quando são flores; outras vezes caem verdes.,"Okuî rakó amũme 'ybarambûera o 'yba suí 'ybotyramo oîkóbo bé, amõ rakó ogûakyra pupé i kuî"
"como você vê, eu sou muito forte, um diabo que domina as guerras.","Irõ, xe ratãngatu, anhanga maranyîara"
quem tem sede de justiça,tekokatu 'useîtara
tamanduá-topetudo,tamandûá-atyrabebó
"lugar onde o sol se põe, poente, oeste",kûarasy reîkeaba
"querendo a sua virtude, detesto minha cultura antiga","Nde rekokatu potá, aroŷrõ xe rekopûera"
não há absolutamente servos meus.,N'i tyb-angáî xe boîá
a mudei.,Aseyî
seguindo o rastro das mulheres.,Kunhã rakypûemondóbo
"dizendo maldades à toa sobre alguém, dando-lhe má fama.","Abá supé marã o'îabo tenhẽ, i moerapûana"
ele se deteve por longo espaço de tempo.,Ymûanĩ ahẽ rekóû
virá novamente jesus cristo do céu?,Our-y bépe irã Jesus Cristo ybaka suíne?
eu sou um homem soberbo.,Abá-porerobîare'yma ixé
entreouvi suas palavras.,Asendubaíb nde nhe'enga
"é mole, está nas mãos do diabo.","I membek, Anhanga pó gûyrybo nhẽ sekóû"
venha ver sua futura terra.,Îandé repîaka our! - Veio para nos ver! Eîori nde retamûama repîaka
"eu, o diabão assado.","Xe, anhangusu-mixyra"
essa é uma cidade?,Tabusupe ûĩ?
que nossos filhos se alegrem!,Ta sory îandé ra'yra !
"produtivo, de bom rendimento.",ybykûab
surpreendi os pecadores.,Angaîpaba aîpokosu
"havemos de chegar ao céu, ao lugar em que você se revela.",T'orobasẽne ybakype nde îepîakukasápe
vocês estão na condição de fetos do seu senhor.,Peín pe îara momburu'abamo nhẽ
minha barba branca.,xe rendybaá-tinga
"você vituperou pelas costas o seu pai, o seu mestre?","Ereîkupeanga'ope nde ruba, nde mbo'esara?"
o fogo dele queimou a sua alma.,Nde 'anga osapy satá
eu estou esquelético.,Xe kangûer
quando virá?,Moîrãpe turine?
"você resistiu ao seu marido quando ele tentou se aproximar de você, estando deitada longe dele?",Ereîmomaranype nde mena nde reroby-potareme i amongoty eîupa?
bem feito para o maldito! seus fígados serão minha porção,Iîá muru! I py'apûera xe potabamo t'oîkó
aí há muitas mulheres que estão se oferecendo a deus,A'epe se'yî kunhã Tupã supé onheme'engyba'e oîkóbo
vou por vontade própria,Xe remimotarybo asó
eu tenho tendência a me irritar,Xe nhemoŷrõndûer
bem nesse momento perdoou pilatos,A'eîbé Pilatos supé oîerekûabamo
mas me esconde dele!,Xe mĩ-te îepé i xuí!
ficam invocando a morte,Osekyî-sekyî te'õ
não trouxe nenhum para ti,Nd'aruri amõ parati
eu perdi os furos das orelhas,Xe apysakûá-kanhem
"e os rapazes que perseguem mulheres, fugindo sempre?","A'epe kunumĩgûasu kunhã oîmomosemba'e, onhegûasema memẽ?"
rocei,Aka'anupã
"ah, eu fui um grande pecador!",Xe angaîpabeté'i ra'u mã!
eu o embrulhei,Aîapugûar
na sua terra,setãme
e este?,A'e-p'ikó?
que recrudesça a minha antiga maldade!,T'oîepun xe marandûera!
"igualmente, depois de dar à luz a ele, estando virgem","A'erame'ĩ i mbo'ar'iré, omarane'ymamo"
apanho caranguejos,Ausá-'ok
finjo que não o vejo,N'asepîake'ym-a'ubi
você se importa com seu filho?,Nde putupápe nde ra'yra resé?
temos coisas em comum,Îarekó îandé îomba'e
mulher viúva,kunhã-mene'õ
eu vou ser bom,Xe katupe ká
o marido dela não teve medo de comê-lo,I mena nd'o'u-poûsubi
certamente vemos sempre as marcas de seus pés,Anhẽ serã îasepîak îepi i py-pora
a gente benze a sua comida?,Osobasápe asé o emi'urama?
moro parede-meia,Apyri aîkó
banco redondo,apykabapu'a
nossos cadáveres todos se levantarão?,Asé re'õmbûera pu'am-pabine?
os dons do espírito santo,Espírito Santo remime'enga
"depois de se arrependerem de seu procedimento, os índios vão se confessar","O ekó moasy riré, abá sóû îemombegûabo"
mata,Oîuká
as crianças que completam dois anos,pitanga mokõî ro'y omoaûîeba'e
o bordei,Asemberung
parece flutuar,Obebuî-berame'ĩ
fiz confusão,Arekorekó
"obedeçam ao padre, seu mestre","Pesapîá abaré, pe mbo'esara"
"é ele quem dá, com certeza, o bem desses.",A'e aé koba'e katu me'engara re'a
qual é o nome do chefe dos anjos que confiam em deus?,Marãpe karaibebé Tupã resé îerobîasara rubixaba rera?
minhas palavras engasgadas,xe nhe'ẽ-pa'ama
ele me deixou sem palavras,Xe nhe'ẽmbyk ahẽ
os farei voar comigo,Arobebéne
"não me chame pelo nome diante dele, senão ele me mata!","Xe renõî umẽ îepé i xupé, na xe îukáî!"
sua luz chegou até nós para sempre,Osyk oré ri sendy îepinhẽ
nó na garganta,aseó-kytã
sigo o rastro dele,Asakypûembour
"você invocou o anhanga, o taguaíba, o curupira, o jurupari ou a morte para alguém?","Eresykyîpe Anhanga, Tagûaíba, Kurupira, Îurupari koîpó te'õ abá supé?"
empanturrei as pessoas,Aporomoebykatã
numa certa noite,Putuna amõ resé
nossas coisas mútuas,oré îomba'e
o que pede ao pajé por trabalhos,Marãtekorama resé paîé mongetasara
confundindo as aldeias desde a galileia,Taba moapaîugûá-îugûábo Galilea suí-katu
"eis que nos vence a todos, como também já venceu os antepassados",Opá ã îandé moaûîéû tamyîpagûama moaûîé ymã îabé bé
que vá guaixará para o fogo!,Gûaîxará t'osó tatápe!
o que retribui verdadeiramente o amor de deus a si,Tupã o aûsuba poepykareté
por isso mesmo os escravos festejam este dia,Nd'e'i te'e miasûbetá ikó 'ara momoranga
algumas vezes os frutos de suas árvores caem quando ainda são flores; outras vezes em estado verde; outras vezes caem depois de amadurecerem,"Okuî rakó amũme 'ybarambûera o 'yba suí 'ybotyramo oîkóbo bé, amõ rakó ogûakyra pupé i kuî, amõ rakó ogûaîub'iré i kuî"
terá a mulher ciúmes de seu marido?,Sygûyrõpe kunhã o mena reséne?
você desarmou as armadilhas do seu próximo?,Ereîmopyĩpe nde rapixara mundé?
você é meu guardião,Nde morerekoar xe ri
"ah, de novo!",Ne'ĩ bé!
o que está tingido de jenipapo,i îanypapyxunyba'e
"o que rompe o sangue de uma moça, o que a desvirgina",kunhataĩ rugûy kasara
"o sol brilha, certamente, depois de passar a grande noite","Kûarasy, nipó, oberá, putunusu kûab'iré"
você esbofeteou as têmporas de alguém?,Ereî'atypetekype amõ abá?
canoa de junco,piripiri-ygara
"não é minha escrava, mas sim, minha esposa","Na xe remiaûsuba ruã, xe remirekó a'e"
antigamente esses habitantes da aldeia estavam sob minhas mãos,Akûeîme kó tabygûara xe pó gûyrybo sekóû
parte traseira que se separa de um animal ou de uma pessoa,ugûera
guardião dos tapuias,tapuîa rarõsara
"com efeito, são muitas as grandes igaçabas",Setá nhẽ ygasabusu
estou sempre com você,Nde resé memẽ oroîkó
saída de gente,morosema
o que manda matá-lo,i îuká-ukasara
"tenho bom abrigo, estou bem abrigado","Xe 'ang - Eu tenho abrigo, eu estou abrigado Xe 'ãngatu"
"peixão, peixe grande",piragûasu
estamos sempre com você,Nde resé memẽ oroîkó
ele se deteve por muito tempo,Ymûanĩ ahẽ rekóû
eu a aguço,Asapûapin
abraçando a cintura do seu companheiro,Nde rapixara ku'a îubana
"o que é circuncidado, o que tem o prepúcio cortado",i 'amopikytĩpyra
o que chamamos de graça?,Mba'e supépe asé graça i 'éû?
"por trás da casa, atrás da casa",ó-kupépe
"vem, coisa fedorenta, coisa nojenta, bora!","Eîori, mba'enem, mba'e-poxy, mborá!"
coma moderadamente,Nde îanhõte mba'e e'u
eu os castrei,Asapi'anupã
eu o socorri,Asopenhan
mas minha sujeira era muita,Xe ky'a-te turusu
"ah, quem me dera que o tivesse matado!",Aîukámo mã!
me apressei muito,Anhemoaîu-katu
veja bem à sua frente para que não se perca no caminho do céu,Esepîá-katu nde renonderama ybaka pîarype nde ropare'ymamo
por não querer conversar com ele,I mongetá-potare'yma
você mesmo assim procedeu,Nde aé ipó emonã ereîkó
eu sou arisco,Xe resaeté
"você vira o rosto para trás, olhando de canto de olho, sorrindo e espreguiçando-se","Nde atybak, nde resá-popybo ema'ẽmo, epukamirĩamo, eîepokábo tenhẽ"
nós somos gêmeos,Oré kõî
ela tem pecados muito variados,I angaîpá-pará-pará
seus fígados serão a minha porção,I py'apûera xe potabamo t'oîkó
"assim tratado, certamente fica satisfeito com aquilo que o distingue","Emonã serekopyra, rakó opytá-katu, o apysykamo o moingoeara ri"
"a lua é, certamente, formosa, vindo com sua grande face","I aysó, nipó, îasy, og obagûasu reru"
quebre suas cabeças,I akanga t'ereîoká
me flechou em um lugar vital,Xe aépe xe ybõû
enquanto eu o faço,ixé i monhanga pukuî
durmo com roupa,Aroker aoba
o enxuguei,Aîmokang
os pecadores que não se confessam corretamente,I angaîpaba'e onhemombe'ukatue'ymba'e
não deseje nem um pouco que eu vá para o fogo,Eîpotá-mirĩ umẽ tatápe xe soaûama
fingi que não o conhecia,N'aîkugûabe'ym-a'ubi
temendo por suas almas,O 'anga resé oîeangûabo
"quer ter relações com ela, como de costume",Oîkó-potá sesé îandu
eu estou caindo de sono,Xe kerapará-parar
faça-me valente para que eu me oponha ao maldito,"Xe mopyatã îepé, t'apu'am muru resé"
"ninguém pode se casar com um neto, uma neta ou outro descendente",O emiminõ koîpó o emiarirõ amõ îeapyká resé nd'e'ikatuî abá omendá
fiz uma fogueira,Aîatapygûasu
o cão é voraz,I mba'epotar îagûara
"não perdoam, não são amáveis","N'i nhyrõî, n'i îerekûabi"
eu estou liso,Xe sym
chefe dos que ficaram no céu,Ybakype opytaba'epûera rubixaba
santa maria é o nome dela,Santa Maria sera
canto dela,sendybangã
"na ponta, no cabo da rede",apy anhãî
argola de ferro,itá-apynha
colher de madeira,ybyrá pesẽ
que minha comida chegue depressa!,Keremẽ xe remi'u rekoaba!
eu sou hábil,Xe pokarugûar
a lua foi comida,Îasy mba'e i 'upyra
embelezou você grandemente,Ndaeté nde momorangi
um rapaz que não tenha chegado aos catorze anos não pode casar com ninguém,"Kunumĩgûasu catorze ro'y resé i xyke'yma, nd'e'ikatuî abá resé omendá"
"como a gente faz à tarde, antes de dormir?","Marãpe asé rekóû karukeme, o ker-y îanondé?"
eu sou corcundo,Xe aŷpyasur
fazendo nossa morte desaparecer,Îandé re'õ mokanhema
vara de peneira,urupemusu
"eva, nossa primeira mãe, se atraiu muito pelo belo fruto","Eva, îandé sy-ypy, onhemomotar-eté 'ybá-poranga resé"
caí,Agûyapy
"e a mim é que faz vir hoje para empurrar vocês, enxotando vocês desta sua terra","Xe-te xe mboú kori pe moanhana, pe mondóbo ikó setama suí"
não me expulse você,Xe pe'a umẽ îepé
façamos-no cair conosco no fogo para fazê-lo queimar conosco,Îaro'a tatá pupé serokaîa
"mal a gente diz algo, já se irrita","Îeperibe'ĩ asé marã i 'éû, onhemoŷrõ ymûan"
lanço a canoa,Aîtyk ygara
"embora seja vinho, tão logo o padre pronuncie as palavras de nosso senhor jesus cristo, é, na verdade, seu sangue","Kaûĩ biãaûîé, Îandé Îara Îesu Cristo nhe'engûera abaré sa'angireme, sugûyramo nhẽ sekóû"
por ser uma coisa que deve ser dividida,Mba'eramo i moîa'okypyra rekóreme
nem por isso vou para longe,Naroîaî mamõ xe sóû
aquele em quem devemos acreditar,serobîarypyra
por que razão eu o levaria?,Marãmope xe serasóû?
"comemoramos este dia, lembrando-nos do tempo em que nos a fizeram alcançar",Sesé îandé moîekosupagûera resé îandé ma'enduaramo kó 'ara îaîmoeté
"antes dessas mortes, um certo homem muito mau, chamado anticristo, virá, exaltando-se",Aîpó te'õ îanondé irã amõ abá-angaîpabeté Anti-Cristo seryba'e ruri onhemoetébo
"oh, oxalá viesse!","Té, temõ oú mã!"
por que ele vive tendo coisas boas mais do que eu?,Marãmo ahẽ rekóû o mba'ekaturamo xe suí?
ouve,Esendu
menor ainda do que eu,xe gûyri bé
por isso mesmo os jovens entram sempre no lugar para beber cauim,Nd'e'i te'e kunumĩgûasu oîkébo memẽ kagûápe
tenho receio de levá-lo,Arasó-poûsub
"curou-o apenas tocando sua orelha, fazendo-a sarar imediatamente, grudando-a","Oîposanong, i nambi atõîa nhote, aûnhenhẽ i monga'ẽmo, i moîepotá"
fizeram feridas por todo o seu corpo?,Seté îakatupe ybŷá i moperé-perebi?
"não vituperem as pessoas, ó meus filhos, para que tenham seus bens","Pe poroanga'o umẽ, xe ra'yr-y gûé, ta perekó i mba'e"
eu fiquei viúvo,Xe remirekoe'õ
"abaixo de mim, menor que eu",xe gûyri
você se enfureceu por causa de alguém?,Nde marãmotarype abá resé?
"você vomitou cauim, brigando por causa dele?","Ereîmoîebype kaûĩ, sesé nde apore'ymamo?"
escapei das mãos dele,Aîpomogûab
"eis que, a cada páscoa, vocês sempre me fazem libertar um prisioneiro",Aretegûasu îabi'õ ã mundepora moîepé peîmosemukar ixébe îepi
ele se lembra,I ma'enduar
ali fiquem enquanto eu não os informar acerca de seu futuro retorno,Ebapó ta peîkó pe îebyragûama resé ixé nde momorandube'yma pukuî
para que eu não adoeça comendo-o,Ta xe maran umẽ i gûabo
"dentro dessa igreja, maria cresceu",Kó tupãoka pupé Maria kakuabi
socador de pilão,ungûá-obaîara
"eles, na verdade, distinguem-se em três pessoas, na unidade de seu único ser divino","A'e anhẽ mosapyr pessoaamo i îa'oki, oîepé og ekó-karaíba îese'ara pupé nhẽ"
por que você não se esconde?,Marãpe nd'erenhemimi?
certamente é a mim que vocês procuram,Xe ipó xe rekar peîepé
rapamos nessa medida,Nãmo oroapin
após tocar no seu segundo cônjuge,I mendá-mokõîa resé i byk'iré
é suficiente?,Aûîé ruãpe?
tomara que eu não seja o primeiro a morrer,N'aîkóî ipó irã tuîba'eramo ranhẽne re'a
"antigamente eu estava aflito, praticando meus vícios","Akûeîme aîkotebẽ, xe rekopoxy purûabo"
considerem-no vontade; considerem-no para matá-lo,"Perekó potasábo é, perekó i îukábo"
dois homens,mokõî apŷaba
não existem mais todas as suas antigas terras; desde então não contêm muita coisa,N'i tybangáî setãmbûera Opá akûeîme n'i poretáî
hoje eu deveria ir,Kori temone asómo
pena de tucano para dança,tukana tá-poraseîa
"não que alguém se compadeça deles, nem que alguém vá libertá-los","Na abá o aûsubar-y îanondé ruã, na abá o pysyrõ îanondé ruãne"
homem soberbo,abá-poroîukaíba
você mesmo diz isso,Endé é aîpó eré
"aquele pão, o padre o partiu, certamente",A'e miapepûera abaré oîmbo'i re'a
esse fez aquele céu que vemos,Kó a'e ybaka îandé remiepîakûama oîmonhang
a alma depois que sai do corpo,angûera
"daqui vou para longe, frequentando outras aldeias","Kûé suí asó mamõ, amõ taba rapekóbo"
são numerosos os que não são conhecidos,Se'yî i kuabypyre'yma
"por isso mesmo as malditas correm, insultando-se muito umas às outras",Nd'e'i te'e moxy onhana oîoa'o-marangatûabo
forquilha de madeira,ybyrá kamby
alegrando todas as velhas,Gûaîbĩ moesãîa mbá
mandou pregar suas pernas para cima e sua cabeça para baixo,"Ybaté koty ogûetymã moîarukari,'yba koty o akanga"
"e, se aquele que invoca sua própria alma, a alma de alguém ou mesmo algum santo que está no céu, mente, o que acontece?","O'anga koîpó abá 'anga koîpó santo amõ ybakype tekoara renõîndara abé o îuraragûaîamo nhẽ, marãpe?"
o tradutor do padre,abaré nhe'engerekoara
estou todo manchado,Xe pinĩ-pinim
mas sua vida é muito má,Sekó-te i poxyeté
eu tenho as cavidades dos olhos encovadas,Xe resakûá-rorẽ
fingi que não o vi,N'asendube'ym-a'ubi - Fiz que não o ouvi N'asepîake'ym-a'ubi
minha coragem ainda existe,Oîkó bé xe taŷaíba
muito maior,turusu-katu-eté
o guaitacá está pronto?,Sekoaûîépe gûaîtaká?
"ele, normalmente, agiria de outra maneira",Marandé ipó ahẽ rekóû nhandu
"sofreu, suportando o fogo","Sosang, tatá porarábo"
já transborda o cauim,Tynysẽ umã kaûĩ
você envergonhou à toa sua esposa?,Ereîmomara'a tenhẽpe nde remirekó?
"a terra ferve, ficando a estremecer","Yby obu-obur, otumu-tumunga"
batendo numa mulher grávida,Kunhã muru'abora resé opûá
e os rapazes que perseguem mulheres?,A'epe kunumĩgûasu kunhã oîmomosemba'e?
"venha para prová-los, pois",Eîori sa'anga rõ
milho com que se faz pão,abati-tinga
não quero que os índios deixem isso,N'aîpotari abá seîara
"você atirou palavras ao seu pai, e ele respondeu agressivamente?","Erenhe'eng-ybõpe nde ruba, i îuruobaîtĩamo?"
deus o tomou,Tupã tari
ela teve uma penca uma vez,Oîepé i pem
"""ajuntamento de ostras"", nome de um lugar",Rerityba
derrubei-o,Aîaparaîtyk
eu me retiro quando vou,- Xe rembyrĩ gûixóbo
certo homem branco e nobre,amõ karaíba mosakara
posso vê-lo,A'ekatu sepîaka
não conheço esse homem,N'aîkuabi a'e abá
costas curvadas,kupé-asura
tome cuidado para não me achar estranho.,Teumẽ xe mote'ebo
"você não sossega, por não saber as ações dos inimigos","Na nde apysyki, tobaîara rekorama kuabe'yma"
prender escravos,tapuîa rara
creio na vida que não terá fim,Arobîar tekobé opaba'erame'yma
"cantemos um pouco primeiro, para festejarmos bem o dia",T'îanhe'engá-mirĩ ranhẽ 'ara momorãngatûabo
medi a profundidade dele,Atypy-a'ang
sou leve,Abebuîkatu
"depois do parto, santa maria levou seu filho jesus ao templo","O membyraragûera kûab'iré, Santa Maria o membyra Îesus rerasóû Tupãokype"
"entrando em seus antigos corpos, fez com que se levantassem imediatamente","Ogûetepûera pupé oîkŷabo, i mopu'ama kûeîeténe"
"a saída do sol, o nascer do sol",kûarasy sembaba
lanço palavras contra ele,Aîtyk nhe'enga sesé
não trouxe nem um sequer,Oîepé tiruã nd'aruri
"ao mandá-lo ir, sem problemas, não aja como quem estima o seu imperador césar",I mondóbo nhẽ nd'ereîkóî César nde rubixaba raûsuparamo
esteira da canoa,ygara rakypûera
para que nos ajudem um ao outro a criar nossos filhos,T'oroîopytybõne oré poromonhangagûera mongakuapa
aquele que fica zombando das pessoas,Oporokurá-kuraba'e
eu sou mais do que você,Nde sosé ixé
pesquei peixes,Asekyî pirá
"conhecendo esses teus pecados, sinto que você quer ir para o fogo do diabo","Iang nde angaîpaba kuapa, anhandub Anhanga ratápe nde só potara"
soltei as peias dos pés dele,Aîpukusamb-ok
o pai dos meus filhos,xe membyra ruba
fui ao encontro no meio das águas,Y pytera asopenhan
quando o sol está no meio do mundo,Kûarasy 'ara pyterype seneme
passamos uns atrás dos outros,Orokûakeó
"verdadeiramente, eis aqui o teu caminho, aquele que procuras",Anheté kó nde rapé a'e nde remiekara
o que minha alma busca,xe 'anga remiekara
eu sou molengão,Xe rekoporeaûsub
retribuí o que ele escreveu,Aîpoepyk semikûatiara
"eles mentem, um de frente para o outro","Semo'ẽ, oîobaúpa"
"eu sou uma jibóia, eu sou um socó, eu sou o grande tamoio aimbirê","Xe îyboîa, xe sokó, xe tamuîusu Aîmbiré"
"flor da planta, flor",ybotyra
a canoa sumiu de mim,Okanhem ygara xe suí
dei-lhe porradas na cabeça,Aîaparupã
para nos ensinar a orar a deus,Tupã mongetá resé îandé mbo'ebo nhẽ
"outro dia, não agora",karamosé é
"sequei muito, sequei duramente",Atining-atã
1) o quê? que dizes?,marã-pipó?
"os atacamos, os prendemos, antes que se consolem","Îasepenhan, îaîpysyk, i apysyk' e'ymebé"
fazemos passar as flechas dos malditos,Îamongûá moxy ru'uba
que se alegrem descansando,"Ta soryb, oputugûabo"
"não era deus, o espírito santo, mas um sinal da sua vinda","-Tupã Espírito Santo anhẽ a'e tatá? -Nda Tupã Espírito Santo ruã, tura îekuapaba é - Deus Espírito Santo era, na verdade, aquele fogo?"
a fala de fulano me repreendeu,Xe momotîasó ahẽ nhe'enga
rapo a cabeça dele,Aî'apin
imagem de deus,Tupã ra'angaba
toco-a,Aîopy
este caminho também é penoso,Ikó pé bé iî abaí
furo-lhe a pele,Aîpi-kutuk
matemos o meu marido,T'îaîuká xe mena
"dou passos largos, dou grandes passos",Xe rapupa'ũusu
"tempo, lugar, modo, etc., de aparar, de rapar, etc.",pindaba
oprime o nosso coração,Oré py'a-pyk
você se alegra quando um homem apalpa seus seios?,Nde rorype nde kama abá sungáreme?
olhando para o órgão sexual da mulher ou do homem,Kunhã koîpó abá remimborará resé oma'ẽmo
eu tenho puxos,Xe rygeasypu'ãpu'am
essas serão o seu futuro assado,Aîpó nde remixyrama
que ele deseje muito a lei de deus,T'oî'useî-katu Tupã rekó
não será,aani-xûé ipóne
tremo; ambas as minhas coxas adormeceram,"Aryryî, opá xe uba îesyî"
"uma grande bebedeira, ficar vomitando cauim, é algo muito bom","Mba'eeté ka'ugûasu, kaûĩ moîeby-îebyra"
"eu estou roxo, furta-cor",Xe roby-kanugûá
seu senhorzinho reconheceu imediatamente,O îarĩ kuapa aunhenhẽ
que fulano se guarde de falar,Te'itenhẽumẽ ahẽ onhe'enga
o homem também está impedido de casar com os que sua irmã gera,Sarûab-y bé o endyra remimonhanga resé abá mendara
"eles, na verdade, distinguem-se em três pessoas, na união de seu único ser divino","A'e anhẽ mosapyr pessoaamo i îa'oki, oîepé og ekó-karaíba îese'ara pupé nhẽ"
"ah, quem me dera que uma mulher viesse para o meu lado!",Our temõ kunhã xe posé mã!
"tenho um padrinho, velho pervertedor dos tupis","Oîkobé xe rubangaba, tupi moangaîpaparûera"
a boa crença em deus do seu coração não se desprendeu,Tupã rerobîá-katu nde py'a suí nd'o'iri
evocando a morte do meu senhor,xe îara re'õ renõîa
o diabo me importuna,Anhanga xe moaîu
"outrora, as pessoas preferiam que as matassem?",Oîpotarĩ-p'amẽ abá erimba'e o îuká?
não! eu me irritei,Aani! Aîemoŷrõ
vou fazer resgates,Asó gûiporepŷana
aparecemos em grande número; éramos muitos,Oré akoroí
"o homem que se defronta com a morte, encontrando o que cura, fica muito feliz, de fato",Sorybeté rakó abá tegûama porarasara moroposanongara supé ogûasema
eu fui bom antes de ir para o céu,Xe angaturam ybakype xe só îanondé
flechou-o em um lugar não mortal,Iî ara'ape inhybõû
há muitos peixes que são gostosos?,Setápe pirá seba'e?
vinha com púrpura e espinhos,Aopyranga îu abé ogûerur
"também se desanima, sem mais, de suas diversões",Omanõaibí o nhemosaraîtápe bé
amarrei os calcanhares dele,Aîpytá-pûar
diante de duas pessoas,Mokõî abá robaké
"depois que nosso pai não fez primeiro o que deus havia dito, a morte surgiu nele e também em nós.","Tupã 'îaba îandé rubypy i mopore'ym'iré, te'õ 'ari sesé îandé resé béno"
"muito longe, fora ou ao contrário do que é",aroane'ỹngatu
"por que vocês, maíras e perós, quer dizer, franceses e portugueses, vêm de tão longe procurar madeira para se aquecerem?","""Que veut dire que vous autres Mairs et Peros, c'est à dire François et Portugais, veniez de si loin querir du bois pour vous chauffer?"""
"ah, quem me dera não ter transgredido antes suas palavras!",N'aîabŷî xûé temõ erimba'e nde nhe'enga mã!
cingi-o,Aîku'aman
"como forma de honrar sua vinda, comemoramos este dia",Turagûera moetesabamo kó 'ara îamoeté
você ficou quebrando a cabeça de seu filho antes de abortá-lo?,Ereîakangá-ngápe nde membyra i akyrar-y îanondé?
"ao comer junto dos seus discípulos, o pão devolveu-se como seu corpo kapi'ĩ sosé kó tuî, tapi'irusu karûápe - eis que sobre o capim ele está deitado, no lugar em que a vaca come","Gûemimbo'e pyri o karûápe, miapé moîebyû gûetéramo"
"portanto, não morri com um pecado sequer!","Irõ, oîepé tiruã pecado n'aromanõî!"
lamentando terem nascido de suas mães,O sy suí o 'aragûera moasŷabo
"você foi gabola, lembrando-se de coisas más?",-Nde nhe'engapaparaípe mba'epoxy resé nde ma'enduaramo?
"oh, muito bem!","Té, aûîé nipó!"
"se aquele que tem relações sexuais com uma solteira, ou que se atrai por ela, transgride gravemente a palavra de deus, quanto mais aquele que perverte uma casada ou que se atrai por ela","Mene'yma resé oîkoba'e abiã koîpó sesé onhemomotaryba'e oîaby-eté Tupã nhe'enga, memetipó mendara momoxysara koîpó sesé nhemomotasara"
você quer que ele te coma?,Ereîpotápe nde 'u?
isso o senhor deus não quer,Ianga Pa'i Tupã n'oîpotari
meus dentes tiritam; xe rembé-tatak - meu beiço tirita,Xe rãîtatak
lourenço tostado amarrou minhas mãos,Rorẽ-ka'ẽ xe popûá
suas palavras,nde nhe'enga
inimiga do diabo,Anhanga sumarã
que não tenha medo de anunciar a jesus cristo,T'osykyîé umẽ Îesu Cristo mombegûabo
que o próprio padre responsável por eles o julgue,Abaré serekoara aé t'osekokuab
nosso senhor me constituiu guardião da aldeia,Taba raroanamo nhẽ Îandé Îara xe moingóû
não querendo agir segundo a vontade de sua própria carne,Og o'o remimotara rupi oîkó-potare'yma
você trouxe muitas coisas?,Ereruretá serã?
vou buscar água,Y piaramo asó
ficaria aumentando meus miseráveis pecados vivendo nesta terra,Aîrumõ-rumõmo xe rekoangaîpagûera'uba ikó yby pupé gûitekóbomo
é no final da missa que você sempre entra?,Missa mondykápe épe ereîké îepi?
"trouxeram-lhe, como oferendas, ouro, resina dura que exala perfume, e mirra","I xupé ogûeru îetanongabamo itaîuba, ysykatã syapûãba'e, mirra"
"vocês verão também, futuramente, minha vinda sobre as nuvens",Pesepîak irã ybytinga 'arybo xe rura béne
diminuto como isto,nãîbe'ĩnhot'a'ub
"bote do navio, bote salva-vidas",ygá-membyra
vendo-o somente é como pão,Sepîaka nhõ miapé berame'ĩ
o afligiu muito,Oîmomboreaûsu-katu
"mataram seus corpos, mas suas almas foram encontrar a vida que não acabará","Seté îukáû, i 'anga-te oîeoî tekobé opaba'erame'yma ri oîekosupa"
mordo a cabeça dele,Aî'a-su'u
"diante deles, ele foi subindo aos poucos",Sobaké suí mbegûé-mbegûé i xóû oîeupi
está diante de mim,E'am xe reseî
por que a gente reconhece o dia dos santos?,Marãnamope asé santos 'ara kuabi?
pus esperteza nela,Aî'atype'apá-moín
bom trabalhador,morabuká-katu
casca de coco,inaîagûasu apepûera
não conheço esse homem,N'aîkuabi a'e abá
que perguntem ao padre quando se confessarem,T'oporandu abaré supé o nhemombegûápe
"veja, ele sempre vai",Osó memẽ n'akó îepi
"você o excitou, querendo expelir seu sêmen?",Ereîkapyrokype nde ra'y-pupuka potá?
vamos levar os malditos antes que ela saiba,"I kuab'e'ymebé, îasó muru rerasóbo"
por ser algo antigo,o mba'epûeramo
já matei os tupis,Aîuká umûã tupi
eu sou leproso,Xe piryty
nos repartimos,Oronhemoîa'ok
bem que eu disse isso,Îepé aîpó a'é
homem ignorante,abá-tekokuabe'yma
amo-a por ela ter cuidado,"Asaûsu, sesé gûinhemoryryîa"
estarei aos seus olhos,Sesápe xe rekóû re'ĩ
você urdiu mentiras contra alguém?,Eresekyîpe îuraragûaîa abá supé?
eu mesmo fiz assim,Ixé aé emonã aîkó
tendo o dom da sua vida,pe rekobé me'engaba rerekóbo
"você urdiu mentiras contra alguém, envergonhando-o e fazendo com que fosse tratado como mentiroso?",Eresekyîpe îuraragûaîa abá supé i motĩamo nhe'engabamo serekó-uká?
você cumpriu as palavras do governante da aldeia?,Ereîporakápe taba rerekoara nhe'enga?
deu todo o seu sangue ao morrer,"Opá og ugûy me'engi, omanomõ"
"cuidado, cuidado, menino, para que o homem branco não castigue você","Taté, taté, kunumĩ, na nde nupãî karaíba"
antigamente pescava bem os peixes,Akûeîme rakó pirá asekyî-marangatu
"também, por embriaguez, feriam-se uns aos outros",Sabeypora suí bé oîoapixá-pixapa
você acenou com a mão para alguma mulher?,Ereîepoeîtykype kunhã amõ supé?
somente o domingo que está no meio dela,Domingo anhõ i pytera rupi okûaba'e
"logo depois de morrerem, irão para o céu os que foram assim desse jeito?",O manõ riremẽ serã emonã nungara sóû ybakypene?
afilei-o bem fininho,Aîmopoîĩ
eu estou abençoado,I mongaraibypyra ixé
vou para a guerra; vou como guerreiro,Asó gûarinĩramo
"a que se assemelha essa graça, o meio de torná-los bons?",Mba'e nungarape aîpó graça i moangaturãsaba?
a satisfação dos cônjuges,mendara moîekosupaba
eu sobrevivi,Xe rembyr
como se fosse aquele que não morrerá,Akó omanõba'erame'yma berame'ĩ
cada vez que tem medo da morte,Te'õ suí o nheangu îabi'õ
"mas a gente não pode, de modo nenhum, contar o procedimento oculto de alguém?",Nd'e'ikatu angáî-tepe asé abá rekó-nhemima mombegûabo?
endireitei-o,Aîapengok
o bondoso são lourenço guarda a sua terra,São Lourenço-angaturama osarõ nhẽ pe retama
ele mesmo,Ixé aé - Eu mesmo A'e aé
"vai para prová-los, para que pratiquem maus atos",Eîori sa'anga t'oîpuru tekó-poxy
"mas você brilha mais que ele, iluminando a todos nós com sua virtude","Nde-te ereberá i xosé, oré resapébo pá nde rekokatu pupé"
escabelei-o,Aî'abo'o-bo'o
eis que esta roupa será adequada para feriado,Ikó aoba niã aûîé-katutenhẽ Tupãnemendarama
eu o ferrei,Asapy
vou mesmo ir?,Asóp'ixéne é?
creio na ascensão dele ao céu,Arobîar ybakype i îeupiragûera
fruto dela,i 'a
"fogo do cauim, isto é, com que se cozinha o cauim",kaûĩ ratá
"os bem-aventurados e os santos no céu, que veem a deus, ultrapassam o número dos dias que o ano tem","Marangatuba'e, Santos, ybakype Tupã repîakaretá, osasá 'ara ro'y remierekó papasaba"
meu preço é pouquinho,Xe repy mokonhõ'ĩ
a quem aquele transgride?,Abápe aîpoba'e oîaby?
"não parece bem que ele defenda a morte fora de jesus cristo, mas faz sentido que sua morte fosse a finalidade com que seu pai o fez viver","N'i aîarõî Îesu Cristo taté é te'õ suí i îepirapûana, tuba i moingoaba se'õ a'e i aîarõ"
não ouço suas palavras,N'asendubi nde nhe'enga
de madrugada,ka'amutumome
parei,Apytá
"mas eu rezava sempre a deus, meu pai, propondo ser bom, lamentando meus pecados","Ixé-te, Tupã, xe ruba, aîmongetá memẽ nhẽ, xe katurama momboîa, xe angaîpaba rapirõmo"
"esses, enfim, não diferem da cobra, porque a cobra, antes de destruir a vida daquele que morde, perde a própria vida quando pisam em sua cabeça","Aîpoba'e tene nd'oîabyî mboîa, mba'etakó mboîa o emindu'u rekobé mokanhemukar-y îanondé, o ekobé reîari o akanga patukasagûerype"
não mate pessoas,Eporapiti umẽ
"o homem desanima, simplesmente, de comer também",Omanõaibí abá o mba'e gûápe bé
"o fogo lhe convém verdadeiramente, para que nele se asse","Tatá nde arõeté, i pupé t'ereîesy"
corte-o pela base,Iî aŷpy rupi eîasy'ab
não conhece preocupação com a própria morte,Ogûe'õnama resé nheangerekó n'oîkuabi
vem para afastar de mim a maldade,Eîori t'eremondó xe suí tekoangaîpaba
a ele a gente pede pelo futuro viver de sua alma?,I xupépe asé îeruréû o 'anga rekorama resé?
"ele, com a mãe de deus, foi quem criou a jesus, deus",A'e niã Tupã sy irũnamo Tupã Jesus mongakuasaramo sekóû
podem casar um com o outro?,E'ikatupe o îoesé omendá?
óleo de peixe,pirá-nhandy
ferrei-o,Aîpyapasamoín
"vamos devagar para fazer o assalto, para queimar a terra dos malditos","T'îasó, mbegûé, îapu'ama, t'ixapy moxy retama"
prendi-os lado a lado,O îoybyri aîmoín
os homens maus se uniram,I îasear apŷabaíba
"veio de novo, encontrando-os novamente adormecidos",Our benhẽ i kera pé nhẽ obasemano
fui em direção ao meio das águas,Y-pytera koty asó
"mas que vá, porém",Pero-te t'osó
segui adiante,Akûabĩ tenondé
já veio,Our ugûan
vem para se compadecer de nós,"Eîori, oré raûsubá"
apoiamo-nos em você,Oroîekok nde resé
eu sou curto,Xe apûa'ĩ
remo,Aygapukuî
esmaguei-o,Aîkumirik
dizem que é assim,Emonã i'e ra'e
eles levam gente para as armadilhas,Mundépe i porerasóû
o que fica tramando as palavras de alguém,Abá oînhe'ẽmonhã-monhangyba'e
como será que um habitante do inferno viveria neste mundo se deus o fizesse viver fora dali por um mês?,Marãeté'ĩ ra'umope amõ Anhanga ratá pora rekóû ikó 'ara pupé oîepé îasy Tupã ebanõî suí o moingobérememo?
eu sou um fujão,Xe îababixûer
"a mãe de deus, que cuida da virtude, é bondosa",Tekokatu angagûara Tupã sy-angaturama
para o monte chamado calvário,Ybytyra Monte Calvário 'îápe
eu estou enlameado,Xe ru'um
"zele bem por mim, mandando que não me façam cair","Ema'enãngatu xe ri, xe mbo'are'ymuká"
não existem mais as suas antigas terras; há muito tempo não contêm muita coisa,N'i tyb-angáî setãmbûera Opá akûeîme n'i poretáî
"você é a manhã, causa verdadeira da alegria do dia","Nde ko'ema, 'ara rorypabeté"
"sofrendo tudo o que é doloroso, e que não se mitigará",Opakatu sasyeteba'e i arybeba'erame'yma porarábo
"jesus, o que eu desejo","Îesu, xe remimotara"
limpo-o da ferrugem,Aîkytyngok
mostram-se urdindo mentiras e ficam a provar poções,"E'i mo'ema monhanga, mosanga ra'ã-ra'anga"
"você é a manhã, verdadeira alegria do dia","Nde ko'ema, 'ara rorypabeté"
é natural dele,Sekoaba nhẽ
o ocultamento das coisas,mba'e kuakubagûera
que deus me livre do pecado,Ta xe pe'a Tupã tekoangaîpaba suí
varri os ciscos,Aytypeir
"após você crescer, será mãe de deus","Nde reburusu riré, Tupã syramo ereîkóne"
"tempo, lugar, instrumento, causa, modo, companhia, etc. de matar",îukasaba
como seus discípulos procederam ao verem tratar assim o seu senhor?,Marãpe i boîá rekóû emonã o îara rerekó repîaka?
alguma cobra grande me engolirá por aí?,Xe mokõ kûepe mboîusu amõne
sujeira do menino,kunumĩ a'uba
que mal eu fiz outrora,Akûere'õ xe rekóû rimba'e re'ĩ
"retiraram-no para o pátio, colocando uma cruz em seu ombro","Okarype senosemi, cruz nonga i ati'yba ri"
meu rosto está envelhecido,Xe robá tuîba'e
é certo que o comungante deva comungar sempre algumas vezes?,"A'eboépe Tupã rasara Tupã rari amõme, îepi?"
"eu vim do rio dos paratis para ver a mãe de deus, ficando a me enfeitar","Xe Parati 'y suí aîu Tupã sy repîaka, gûinhemoîegûá-îegûaka"
"eu, em vez disso, quero presas em alguns bêbados","Xe-te, xe rembiá-potá sabeypora amõ resé"
apenas não me matou,Sa'ĩ xe îukae'ymi
"metal vivo, isto é, o mercúrio",itá-ekobé
"ah, hoje me vencerão",Xe reîtyk korine mã!
por baixo das brenhas dela,iî aigûyra rupi nhẽ
desenfiei-o,Asysymbo'ir
eu o maltrato,Arekomarã
pequeno assim,nãmo-nhõta'ub
se eu tivesse ido,Mba'emeémo asó
"a mim também, o bastião flechado me derrotou; não existe mais a minha antiga bravura",Xe abé iî ybõmbyrûera Bastião xe moaûîé N'i tybi xe abaetepûera
"eia, agora contem os impedimentos dele",Pe'ĩ ko'yr sarûaba mombegûabo rõ
arranquei-lhe as sementes,Asa'ỹî-ok
eu estou muito empanturrado,Xe rebykatãgûasu
"vem para espantar o maldito, para que não invista contra nós","Eîori muru mondyîa, t'opu'am umẽ oré ri"
será que a noite toda você ages para fazer sumir as galinhas?,Pysaré serã ereîkó arinhama mokanhema?
"o próprio céu é o que deus prepara para nós, lugar em que coloca bem a nossa felicidade futura","Ybaka aé Tupã îandé resé i nhemosako'îaba, îandé mba'ekaturama nongatûaba re'a"
mandou pregar suas pernas para cima e sua cabeça para baixo,"Ybaté koty ogûetymã moîarukari, 'yba koty o akanga"
não coma este fruto,E'u ymẽ ikó 'ybá
mate-o!,Eîuká!
"você bebeu cauim, temendo sua embriaguez?","Ereka'upe, nde sabeypora reroangûabo nhẽ?"
tentando inutilmente o modo antigo de falar,o nhe'engabûera ra'angyîepébo
"na verdade, você negará três vezes ser meu discípulo",Mosapy ipó xe boîáramo nde rekó ereîkuakub
alimentando-o um pouco em seu seio,I poîa-mirĩ nde kama pupé
fez nosso senhor algum diante dele?,Oîmonhangype Îandé Îara amõ sobaké?
solto o embrulho dele,Aîpokesá-rab
"ó meu filhinho, lembre-se de que os que pereceram são objeto de esquecimento","Xe ra'yrĩ gûé, tesaraîtabamo okanhemba'epûera rekó resé nde ma'enduar"
se eu arrotar,xe eúme
"sede verdadeira, não a de antes de tocar a água","Useîeté, na 'y atõî' îanondé ruã"
com seu sangue me lavou,Og ugûy pupé xe reî
sou um menor de idade,Xe gûyrigûana
"tupiniquins, habitantes daqui, espiões inimigos","Tupinakyîa, keygûara, tĩapyra moroupîara"
eles levam gente para as armadilhas,Mundépe i porerasóû
haste sem grãos,ygûera
nos teriam amaldiçoado,Îandé momburu meémo
gritei com ele,Aîakab
eu tenho diarreia com sangue,Xe reîkûarugûy
certamente me sobra dinheiro,Xe resemõ îepé itaîuba
estamos nesta terra como viajantes,Ataramo é asé rekóû ikó yby pupé
o desviei comigo,Aropîá
"de lado, pela ilharga",o ykébo
que estejam atacando pessoas,T'oporepenhã oîkóbo
devemos anunciar futuramente a sua partida,T'îaîmombe'u é irã i îepaboka
tornando possíveis coisas difíceis,Mba'e i abaiba'e moabaibe'yma
sou muito grosseiro; sou grosseirão,Xe ran - Eu sou grosseiro Xe ranusu
e judas não se afligiu junto aos judeus por entregar a seu senhor?,A'epe Îudas n'oîkotebẽî Îudeus supé o îara me'engagûera resé?
trucidador,morapitîara
"conforme seu próprio pedido, o pregaram na cruz","Cruz resé i moîari, i îeruresabo é"
ajo de modo vil,Aîkó-angaîpab
"às vezes caem, ainda sendo flores, os que seriam os frutos das árvores",Okuî rakó amũme 'ybarambûera o 'yba suí 'ybotyramo oîkóbo bé
ela está afiada,Saembé
"ao passar a quarta-feira de cinzas, começa o grande jejum chamado quaresma","Quarta-feira tanimbu-karaíba rasápe, îekuakupabusu Quaresma 'îaba nheypyrungi"
"você é parecido com um chamusco, ó coisa fedorenta!","-Nde rapixara pixé, mba'enem-y îu!"
"miolo, tutano do osso",kanga putu'uma
teço roupas,Aaó-pyasab
trato-o como se fosse meu filho,Xe ra'yra berame'ĩ arekó
acaso deus tem vista aguda para me ver?,Sesapysó a'upe é Tupã xe repîaka?
não trabalhamos neste dia,N'îaporabykyî kó 'ara pupé
"levantem-se, vamos ao seu encontro","Pepu'am, t'îasó sapépe sobaîtĩamo"
"que coisas, então, eu fiz hoje?",Marã-marã-pakó îeí xe rekóû?
lasca de madeira,ybyrá-pesembûera
não foi à toa que os feriados surgiram para nós como uma intercalação no trabalho,Na tenhẽ ruã 'areté marãtekoaba ri oîoparabamo 'ari îandébo
como forma de fazer a virtude voltar a si,Tekokatu reroîebysabamo
enrolei o cipó no esteio,Aîmaman okytá ysypó pupé - Amarrei o esteio com cipó Aîmaman ysypó okytá resé
nariz achatado,tĩmbeba
espero por ele em seu caminho,Asapearõ
pratiquei todos os jejuns,Aîá pá îekuakuba
estou muito melancólico,Xe pytubarusu
aqui está o meu arco,Kobé xe îurupara
fio embotado,aembé-koroîa
parece que sei,Aîkugûab-arõan
regurgitei,Atuî
palavra ruim,nhe'engasy
"grandes espinhos entram, espetando sua cabeça","Oîké îugûasu, i akanga kutuka"
"nesse dia, proferem as ladainhas durante a procissão",Ebokûé 'ara pupé gûá osa'ang ladainhas îebyîebysaba rupi
"logo, ao vencer os temiminós, habitantes daqui, eu os frequentarei","Koromõ, keygûara temiminõ moaûîébo, asapekóne"
vem nos arrancar o visgo,Eîori oré mongoka
deus já estava no ventre de santa maria?,Oín uãpe Tupã Santa Maria rygépe?
"esse santo escreveu para nós a vida de seu mestre, deixando-a","Kó santo o mbo'esara rekopûera erimba'e oîkûatiar îandébo, seîá"
que pareçam se juntar como um só,T'oîese'ar-y berame'ĩ oîepekaturamo
estou me agachando,Anhemombé-mombeb gûitekóbo
"aquele que entrega os reféns, o redentor",morepy me'engara
não pode alguém casar-se com seu parente verdadeiro?,Nd'e'ikatuîpe abá o anameté resé omendá?
"você vai, neste dia","Eresó, kó 'ara ri"
foi na minha ausência que ele disse isso,Xe kupépe é ahẽ aîpó i 'éû
vieram consolá-lo,Our i moapysyka
o despejei,Asekoabok
eis que também darei a você algumas das minhas muitas presas,Kobé xe rembiaretá t'ame'ẽne amõ endébo
a aldeia é ótima por causa do chefe,Morubixaba ri é taba matuetéramo
pode o homem não cuidar de sua esposa?,E'ikatupe abá o emirekó resé oposykyîee'yma?
ouvir o sermão do padre,abaré nhe'ẽnhe'enga renduba
"ah, quem me dera tomar veneno para morrer","-A'u temõ mba'eaíba mã, a'emo nhẽ xe re'õû"
no interior da embarcação,ygá-pype
você colocou a mão nas partes erógenas do seu companheiro?,Erepo'ẽpe nde rapixara rapupé resé?
um ladrão que foi preso,Abá-mondá mundeokype i mondebypyrûera
você acredita em falsas oferendas ou em pajelanças?,Ererobîápe îetanonga'uba koîpó karaimonhanga?
creio na descida dele ao interior da terra,Arobîar yby apyterype i gûeîybagûera
"pilatos, enfim, obedeceu à sua palavra, então?",Osapîápe Pilatos i nhe'enga a'ereme ko'yté?
que tipo de mulher é santa maria?,Marãba'e kunhãpe Santa Maria?
o cauim já transborda,Tynysẽ umã kaûĩ
sob a areia branca,ybyku'i-tinga gûyri
os cravos penetram na sua alma,Oîké itapygûá nde 'anga pupé
dei seus antigos companheiros aos índios em troca de cauim,"Irũmbûera, kaûĩ repyrama ri, aîme'eng abá supé"
coloquei entradas no rosto dele,Asobagûá-moín
"da mesma forma, a morte também entrou como componente deste mundo",Te'õ abé reîkéû ikó 'ara poramo oîá
farei-os correr comigo; farei-os voar comigo,"Anonhan, arobebéne"
cera de ouvido,apysakûarygugûá
faço a sua futura casa,Aîmonhang sokûama
mina de ouro,itaîu-kûara
fazendo-me ficar sozinho,oîepebẽ xe moingóbo re'ĩ
logo eu estou feliz,Koromõ xe rorybamo
que eu faça brilhar a face escura de deus para minha alma,T'amoberab Tupã robá-pytuna xe 'anga supé
"será que vocês estão sossegados, sem mais, com seus montes de maldades?",Pe apysykĩ serã peîkóbo pe rekomemûã aty-atyra pupé?
faço roça,Akopir
as flechas de são sebastião foram terríveis contra os malditos,I abaeté muru supé São Sebastião ru'uba
"eu não queria vir, irritando os homens brancos","Xe n'aîu-potari biã, karaíba moabaîtébo"
eu hei de vingar você,Ixé t'oroepyk
"já se juntaram por causa disso muitos moços bebedores de cauim, velhas e velhos também","Onheŷnhang umã sesé kunumĩetá kagûara, gûaîbĩ, tuîba'e abé"
abortei meu filho,Xe membyrakyrar
tenho uma vida boa,Tekó-katu arekó
eu tenho muitas comborças,Xe nhemõîetá
comi,Akaru
tendo relações sexuais com mulheres na frente de sua companheira,O apixara robaké kunhã resé oîkóbo
eu gemo enquanto durmo,Xe keraíb
"vamos tratá-los bem, junto a nós",T'i rekó-katu îandébe
os que se confessam não deixam de ser presas de nossas mãos,N'opyki nhemombegûara îandé pó suí sembiara
o que é cabeçudo?,i apytagûaba'e
"fiquem aqui me esperando, junto a mim, sem dormir","Iké nhẽ peîkó xe rarõmo, xe pyri, pekere'yma"
ei!,ne'ĩ ne'ĩ!
como o trataram quando ele disse isso?,Marãpe ybŷá serekóû aîpó i 'ereme?
"deus parece obter descanso, como se fazer qualquer coisa fosse cansaço de deus",Mutu'u resé Tupã îekosu-berame'ĩ Tupã kane'õ mba'e tetiruã monhanga îaramẽ
como seria que um habitante do inferno viveria neste mundo se deus o fizesse viver fora dali por um mês?,Marãeté'ĩ ra'umope amõ Anhanga ratá pora rekóû ikó 'ara pupé oîepé îasy Tupã ebanoĩ suí o moingobérememo?
quem trabalha perto de mim?,Xe pyri marãtekoara
"portanto, deixem de crer nele no futuro",Emonãnamo peteumẽ irã serobîá
eu estou muito despreocupado com as minhas coisas,Xe rekó-apepu-pepu
mas seria difícil para as pessoas comerem minha carne,A'e iîabaíbymo abá supé xe ro'o 'u
todos eles se voltaram para trás,Opá i îeakypûereroîebyri
até mesmo este lança palavras em deus,Tupã resé tiruã kó nhe'enga reîtyki
todos os que diziam isso eram muitos mesmo,Setá tenhẽ erimba'e opab aîpó 'îarûera
voltou a viver entre os que morreram,Omanõba'epûera suí sekobé-îebyri
eu sou arisco,Xe îeîaî
fugi,Asem îepé
princípio da compaixão,Moroaûsubara 'yba
pó de madeira,ybyrá ku'i
"que amemos nosso pai, nosso verdadeiro criador","T'orosaûsu îandé ruba, îandé monhangareté"
quem são os que rogam a deus por nós?,Abá-abápe asé resé Tupã mongetasaramo sekóû?
"por isso mesmo, o homem se confessa ao seu substituto, o padre",Nd'e'i te'e abá soŷpyra abaré supé onhemombegûabo
olhe bem para nós!,Ema'ẽngatu oré ri!
qual? aquele lourenço tostado?,Umã? Akó Rorẽ-ka'ẽ?
quantas são necessariamente as verdadeiras esposas de um homem?,Mobype amẽ abá remirekó-eté?
eu mato pessoas,Aporoîuká
"querendo devorar suas almas, não dormi a noite toda, absolutamente",I 'anga 'u-potá é pysaré n'aker-angáî
como você é mau!,Nde poxy ûĩ!
a gente se batiza muitas vezes?,Setápe asé nhemongaraíbi?
não chamar o padre para o doente que está consigo,Mba'easybora o îoesendûara supé abaré renõîe'yma
e o escravo não obedecerá às palavras de seu senhor?,A'epe miaûsuba n'osapîari xûé o îara nhe'engane?
"""vou ir""",Gûixóbo asó
nele as pessoas aparecem à sua vista,Sesé abá pûari nde resápe nhẽ
"eis que era costume, por ocasião disso, pôr nome assim; puseram-lhe o nome ""jesus""",Ã tekó a'ereme moreroka Ké bŷá Îesus nongi seramo
fiz meu filho dormir comigo,Aroker xe ra'yra
você teve relações sexuais com algum sodomita?,Ereîkópe tebira amõ resé?
trouxe as velhas de além de magueá,Gûaîbĩ aru amõ Magûeá suí
aqueles velhos reis fedorentos?,-Akó tubixanẽmbûera?
"vem, coisa fedorenta!","Eîori, mba'e-nem!"
olha para nós!,Ema'ẽ oré resé!
dar também o quinhão de deus naquilo que plantou primeiro,O emitymbûerypy pupé Tupã potá-me'engano
o que pesa mais para quem está ali do que tudo o que sofre?,Mba'epe sasyeté a'epe tekoara supé opakatu semiporará sosé?
"teria de morrer, na verdade, antes de se batizar",Omanõ îepémo oîemongaraíb'e'ymebé re'a
meu corpo treme,Xe reté-piring
golpeamos um ao outro,Oronheatõî
por que será que ele não vem?,Marã serã ture'ymi?
eu próprio morro,Amanõ teé
eu vou só,Ixé anhõ asó
quase o matei,Aîukasûer
"o que está preso em ferros, o que está peado",i pukusamba'e
sinto que você quer ir para o fogo do diabo,Anhandub Anhanga ratápe nde só-potara
machuco-lhe a cabeça,Aî'apirungá
"o sem-orelhas, coisa mocha",nambie'yma
tapei a boca dele,Aîputupyk
você deveria ter sabido antes o que fazia,Ereîkuá ranhẽ meémo emonã nde rekorama
eu espumei,Xe rendyîuî
"nosso pai esteve chorando por muito tempo, primeiro",Ipuku erimba'e îandé rubypy rekóû îase'o-monhanga
estou com dores de parto,Xe membyrasy
o que cristo deixa como chefes dos cristãos batizados,Cristãos i mongaraibypyra tekokuaparamo Cristo remieîara
deteste a si mesmo; emende-se,"Eîeroŷrõ, enhemomotiasó"
você não trouxe foices?,N'ererupe îyapara?
"no meio do caminho, meninos me assaltaram mesquinhamente","Pé ku'ape, kunumĩ pu'ama'ubi xe ri"
homem covarde,abá-ekoetee'yma
ninguém se casa com sua própria filha,O aîyra resé abá n'omendari
estou em guerra,Aîkó marana ri
sua orelha arrancada,i nambi-mondokypyra
os que são casados são como uma coisa um para o outro,O îomba'eramo i momendarypyra rekóû
"""frio coalhado"", isto é, neve, geada",ro'ynhemoapysanga
me escondo bem estando deitado aqui,Aîemĩngatu kó gûitupa
aoba - marãba'e? - pykasu-aba - que você trouxe dentro da sua caixa? - roupas - de que tipo? - de pena de pomba,-Mba'epe ereru nde karamemûã pupé?
"eu, tatapitera, inflamo os antigos ódios","Xe, Tatapytera asapy nhemoŷrõmbûera"
experimentemos a força dos homens conosco,T'isa'ang apŷaba marã îandé irũ
entalhe da flecha,u'uba nhã
ficando a repreendê-lo por causa de seu erro,Sekomemûãneme senonhẽ-nonhena
devolve o objeto de seu furto,Ogûeroîebyr o mondasagûera
lua nova,îasy-semamo
"depois disso, vamos hoje quebrar as cabeças dos reis",A'e ré kori îasó tubixaba akanga kábo
lavou as mãos à vista da multidão,Oîepó-eî te'yîa remiepîakamo
eu sou peçonhento,Xe ranhasy
serra braceira,ybyrakytĩabusu
vendo os pagãos a virtude dos cristãos,Cristãos rekokatu repîaka é ipó imongaraibypyre'yma
"você fez mexericos, contando as palavras do seu próximo?",Nde mba'epûerype nde rapixarĩ nhe'engûera mombegûabo?
"mulher bondosa, não tocada por homem",kunhã-angaturama abá bykagûere'yma
você me alegra muito,Xe moory-katu îepé
por que minha mãe me deu à luz antigamente?,Marã-pakó xe sy xe mbo'ari erimba'e?
ó! não há como contar isso,Tó! Aîpó n'i papasabi!
casa de pedra,itá-oka
eu estou de luto,Xe anhangyar
"você se compadeceu deles quando estavam doentes, tirando-lhes o fogo?","Eresaûsubarype i mba'easyreme, satá-á"
"mas, então, eu amei isto?",Iang-tepe ixé asaûsub ra'e?
quando você cumprirá isso que diz?,Erimba'epe aîpó nde 'îaba ereîmopóne?
estes meus súditos me apressam,Xe moanhẽ kó xe boîá
"estreitado em forma de pescoço, isto é, com um estreitamento entre duas partes protuberantes",anhurĩ
"por tua misericórdia, visitas nossa alma","Moraûsuberekosápe, asé 'anga ereîosub"
alegrando todas as idosas,Gûaîbĩ moesãîa mbá
e finalmente?,Tépe?
farei sair meus antigos e grandes pecados,Xe angaîpá-tubixagûera amosẽne
veio novamente por tua causa,Oú ramõ nde resé
agradando-se com o que o hospeda,O apysykamo o momytasara ri
"ele é veloz como uma onça, seguindo nosso rastro","I ara'a îagûara îá, îandé rakypûemboú"
o que é de dia,arybondûara
"como assim? diante de uma madeira, a gente faz reverência?",Marã? Ybyrá supé nhẽpe asé îerokyû?
bolinho de pão,miapé-mirĩ
de quem são aquelas palavras?,Abá nhe'engûerape aîpó?
que teu roubo tenha reparação,Ta sepy nde mondagûera
não sentindo o peso de suas maldades,O angaîpaba posyîûera andube'yma
eu lhe pelo o couro cabeludo,Aî'apirabo'o
mastro da embarcação,ygara rokytá
vocês vão recuperar bem o fôlego depois de se cansarem,Ta pe putuẽngatuté irã pe îemokane'õ ré
quantos são os chefes principais por aqui?,Mobype tubixá-katu kybõ?
"eis que eu amo vossas almas, modificando os costumes antigos",Xe ikó asaûsu pe 'anga tekopûera rekoaboka
que bom seria se eu fosse!,Marãîasûaramo asó mã!
"mas agora, por minha causa, você está dentro de uma casinha","A'e ko'y, xe resé, ó-mirĩ pupé ereîkó"
dando esperança ao doente,Mba'easybora moîerobîaruká
faço pedro ser padre,Aîmoabaré Pedro
que tenhamos estes homens contra nossos inimigos,T'irekó ikó apŷaba îandé robaîara ri
fez-nos viver,Îandé moingobé
fazendo-me mudar de direção por aí,Kûeîbo nhẽ xe rerobaka
tendo medo de que alguém o maltrate muito,abá ogûerekomemûãeté suí onheangûabo
mostram-se a tramar mentiras,E'i mo'ema monhanga
cara de onça,îagûarobá
veio quem está à sua procura,Nde piara our
antes de você se esconder,nhemim-y îanondé
"você invocou em vão o nome de deus, mentindo, sabendo que era mentira?","Eresenõî tenhẽpe Tupã rera, nde îuraragûaîamo nhẽ, îuraragûaîamo sekó kuapa?"
meu anzol muito afortunado vai pescar para você,Xe pindá-porangeté t'opindaîtykyne endébo
sofrerão algo se estiverem ali?,Oîporarápe mba'e amõ a'epe oîkóbone?
"que suas almas caiam logo, deixando seu criador e apegando-se a nós","I 'anga t'o'a taûîé, o monhangara reîá, rõ oby'a îandé resé"
"pôr do sol, poente",kûara reîkeaba
"arrependendo-se de seus pecados, deplorando-os","O angaîpaba moasŷabo, seroîasegûabo"
vocês morrendo,Pemanõmo
afastando-nos da sua vida má,Sekó-poxy suí îandé reîyîa
vem para espantar o diabo,Îori anhanga mondyîa
me hospedo com pedro,Apytá Pero resé
"a terra também, então, agitando-se e tremendo","Yby abé a'ereme onhemonguébo, oryryîane"
"vi, outrora, a grande batalha de gûaîxará","Asepîak, erimba'e, Gûaîxará maranusu"
"por que vocês, maíras e perós, quer dizer, franceses e portugueses, vêm de tão longe procurar madeira para se aquecer?","""Que veut dire que vous autres Mairs et Peros, c'est à dire François et Portugais, veniez de si loin querir du bois pour vous chauffer?"""
"esse, enfim, não é diferente da cobra",Aîpoba'e-tene n'oîabyî mboîa
"criancinha muito bela, acredito muito em você","Pitangĩ-porangeté, orogûerobîá-katu"
homem muito preguiçoso,abá-ate'ymusu
"jesus cristo, o juiz","Îesu Cristo, tekomonhangara"
"é, certamente, penoso remar de canoa",Sasy nakó ygá-pukuîa
"tenho em minhas mãos todos os moradores da aldeia — velhos, velhas, moços, homens, moças — como meus súditos","Tapiîara, tuîba'e, gûaîbĩ, kunumĩgûasu, apŷaba, kunhãmuku, xe boîáramo pabẽ xe pópe arekó-katu"
"seja você meu guardião, colocando-me sob suas mãos","Nde morerekoar xe ri, nde pó gûyrype xe nonga"
"que deus me livre de meus inimigos, em toda parte, nas minhas dificuldades",Ta xe pysyrõ Tupã xe sumarã suí kûepe marã xe rekoápe
levantei-me enquanto dormia,Apakaíb
eu estou molhado,Xe akym
este exílio comum,ikó îope'asagûera
vocês não foram percebidos,Na pe andubi
vou com pedro,Orosó Pedro ndi
meu padrinho,xe rerokarûera
aquele que foi enforcado,i îubykypyra
o grande chefe aimbirê,tubixá-katu Aîmbiré
"ah, eu teria de queimar verdadeiramente no fogo do diabo!",Ixé tekatu-eté'ĩ ra'u anhanga ratápe akaîmo mã!
"eu sou moçacara, sou forte","Xe posaká, xe ratã"
"estes meus súditos me apressam, sentindo saudades de mim hoje","Xe moanhẽ kó xe boîá, îeí xe repîaka'upa"
eu me enruguei,Anhynhyng
"instrumento para desviar água, sangradouro",y-mombîasaba
ele comeu demais aquela coisa,O'u-eté-eté ahẽ mba'e
vem para persegui-lo,Eîori i momosema
"caiu a chuva sem parar, enchendo o mar, levantando-o bem acima do cume das montanhas","Okyr ko'ẽ-ko'ẽ amana, paranã mopungábo, ybytyra apyra sosé-katu i mopu'ama"
o próprio céu é o que deus prepara para nós,Ybaka aé Tupã îandé resé i nhemosako'îaba
"depois que você sonhou com uma mulher, você se deleitou com ela no sonho?",Kunhã resé nde posaûsub'iré ereîmborype sesé nde posaûsubagûera?
você vive?,-Endépe ereîkó?
"amarraram-no com corda, deixando-o em pé",Oîxamysyk sero'ama
coloquei a roupa nele,Aîaó-mondeb
que nos leve ao seu lugar de felicidade com ele,T'îandé rerasó o orypápe o îoesé
eu mordo a cabeça dele,Aî'asu'u
eu o transei,Anhopẽ
lavando a maldade da nossa alma,Oré 'anga poxy reîa
faça-se a tua vontade,T'onhemonhang nde remimotara
ainda que eu fosse,Îepémo asó
"se você tivesse vindo, eu já o teria matado","Nde rurememo, aîuká umûãmo"
não nos damos bem,Nd'oronhoamotari
"na casa de quem você passou, tomando-as, antes de se esconder?","Abá rokype erekûá, tá, nhemim-y îanondé?"
nossa verdadeira inimiga é a morte,Îandé robaîareté te'õ
quem aqui mostra a cara?,Abápe ké sobasẽ?
"vamos, avante!",Pe katunhẽ
que esteja comigo também quando eu estiver em ocupação,Xe irũnamo bé t'oîkó marã xe rekóreme
nós jogamos fora a vida ruim,Tekoaíba oromombó
eu sou coxo,Xe pyte'em
indo eu à noite,putũ gûixóbo
fui defecar,Ka'ape asó
eu cheiro mal,Xe ryapûanusu
eu tenho a boca aberta,Xe îuru-îaî
casa de telhas,kamusy-oka
nós somos muitos,Oré anangatu
como são estas casas de vocês?,Anga îápe pe roka?
colares azuis,mo'yrobyeté
"que afastemos o diabo, agora e para sempre",Anhanga t'îaîpe'a ko'yr aûîeramanhẽ
mas quem entregou os índios como coisas de vocês?,"Abá-tepe erimba'e, pe mba'erama resé apŷaba me'enga'ubi?"
couraça com muitas lâminas,itaoba i apenhugûã-nhugûanyba'e
"teremos de ir à dura guerra, cara a cara uns contra os outros?",T'îasó maranatãûãme o îoupé oîobaúpa?
eu sou fedorento,Xe nem
"o que está no pote, o conteúdo do pote",kamusi-pora
quem será como eu?,Abá serã xe îabé?
levou-o com suas ataduras,I popûasaba resebé serasóû
os ferros estão presos em mim,Itá xe resé seni
assim deve ser,Emonã ruãpe rĩ
eu tenho o sangue escorrendo,Xe rugûy-syryk
esconde-se!,Enhemim!
não respeitando o que deus disse,Tupã 'éagûera moabaetee'yma
vou te ajudar,T'oropytybõne
deixa que vá,Te'inhẽ t'osó
eu sou modesto,Xe kunusãî
ovo de arinhama,arinhama rupi'a
o que é louvado,i mombe'uporangymbyra
concluí que ele quer matar alguém,Amõ îuká-potá ûĩ sekóû a'é
e a aproximação das dores de parto de uma grávida não é motivo para ter medo também?,"A'epe muruapora membyrasy kakara, na nheangûaba bé ruã?"
eu tenho flores,Xe potyr
nos separamos uns dos outros,Oroîa'ok oré îosuí
"vagem seca, pronta para ser colhida",topé-tininga
ela tem pecados variadíssimos e está tremendo,"Î angaîpá-pará-pará, oîemoryry-ryryîa"
o cubro,Aîaob
amarraram-no com toda uma corda,Opá sama pupé i apytĩû
talvez o que é mau se envergonharia,Otĩ nhẽmo serã i angaîpaba'e
você acredita na dança do maracá?,Ererobîápe maraká poraseîa?
quem trabalha no domingo,Domingo pupé oporabykyba'e
com muita propriedade me comportei como filho de deus,A'eboé Tupã ra'yramo anhemoingó re'a
viemos de longe,Îaîu kûepe suí
eu sou sensível,Xe mba'emoasyîá
uma notícia chegou aos meus ouvidos,Xe apysakûaraby moranduba
arranco lenha,Aîepe'abar
adversário antigo dos franceses,aîuruîubupîarûera
"portanto, tomou este dia como tempo para honrá-los em conjunto",Emonãnamo kó 'ara rari oîepegûasu i moetesabamo
você mesmo é a causa do seu dano,Endé aé ereîekûá
farinha da mesma água da mandioca crua coalhada,typy'o-ku'i
por que deus os deu para a gente?,Mba'erama resépe Tupã i me'engi asébe?
eu tenho amantes,Xe piraty
"por isso mesmo, todos os homens estarão secos",Nd'e'i te'e opá abá tiningamo
retirei as amarras dele,Aîmamã-rok
desobedeci ao meu pai,Aîmomaran xe ruba
quantos são os mandamentos dele para a gente?,Mobype a'e asé rekomonhangaba?
o que é conhecido por aí,kûepe i moerapûanymbyra
lembre-se bem de que deus-filho se fez menino por sua causa,Nde ma'enduá-katu nde resé Tupã Ta'yra nhemokunumĩagûera resé
deram-lhe de beber?,Ose'ymype gûá?
"fugitivo, o que foge",kanhembara
rejo pessoas,Aporoerekó
levei as suas coisas entre as minhas,Arasó nde mba'e xe mba'e pupé
meu ex-marido certamente será,Xe mendûera ipó re'ĩ
"ei, puxe-o, afinal!",Ne'ĩ sekyîa ko'yté!
"dessa maneira, você vem para afastar nossa escuridão","Emonãnamo, ereîu oré putuna pe'abo"
dificultando a primeira menstruação,nhemondy'ara mo'ybatatãmo
"isso não tem como ser contado, ainda que o sol se pusesse!","Aîpó n'i papasabi, kûarasymo oîké îepémo!"
seu próprio corpo incorrupto,gûeté-marane'yma
"quais são as novidades, por acaso?",Marã-pipó moranduba?
"querendo isso, fez-se homem, sem deixar de ser deus","Aîpó potá é erimba'e nhemoapŷabi, Tupãnamo o ekó po'ire'yma"
você esteve deitado outrora sobre sua amante como um rufião?,Ereîubype erimba'e nde agûasá 'arybo nde arãíbamo?
veio para nos ver!,Îandé repîaka our!
sovei-a,Aîaîuká
"eu sou moçacara, sou forte","Xe posaká, xe ratã"
ficando de mal com deus,Tupã resé oîeerekomemûãmo
vai trazer um pouco dela,Ekûãî îá reru
"são tiago, primo de jesus cristo, apóstolo, entregou sua cabeça e sua vida","S Tiago, Îesu Cristo ri'yra, Apóstolo, o akanga o ekobé me'engi"
estes habitantes de pernambuco,kó Paranambukygûara
o que tem seu próprio nome,ogûer-y îara
"quem muito ama a deus, assim como quem ama o próximo, também não tem dificuldades em viver segundo os mandamentos de deus","Tupã raûsupareté oîabekatu o apixara raûsupara bé, n'oîmoabaíbi Tupã asé rekomonhangaba rupi o ekó"
estando nós no amor de deus,Tupã îoaûsuba pupé îaîkóbo
meus prisioneiros,xe rûaîa
não encontro absolutamente nenhum ato passado deste homem no mal,N'abasẽ-mirĩ-angáî marãbirĩ ikó abá rekopûera amõ supé
trazendo farpas junto com o arco,arupare'aka îurupara ndi seru
não lhe obedecerá,N'osapîari
"você contou para as pessoas o mau comportamento de alguém, que só você viu?",Ereîmombe'upe abá rekopoxŷagûera oîepebẽ nde remiepîakûera abá supé?
porventura não disse tudo isso?,Aîpó nd'a'eî pá ky?
era eu,Ixé raka'e
consolar os aflitos,Oîkotebẽba'e moapysyka
confiam em mim,Xe resé oîerobîá
suas túnicas ficando rasgadas,O aobusu mondoró-ndoroka
vou levar esta vasilha,T'arasó kó ygaporaîa
"serão muito fedorentos e muito podres, corroídos de vermes e de bernes","I nemeté, i tuîuketé, tasoka, ura remimongûyamone"
creio na nossa futura ressurreição,Arobîar asé rekobeîebyragûama
podem deixar-se um ao outro?,E'ikatupe o îosuí opo'i?
"por ocasião da minha morte, quando me matarem",xe îukasápe
"por isso, ando com o provincial hoje",Angari abaregûasu kori arogûatá
mais para cá,kokoty bé
o cauim te embebedava,Nde mondabeypó kaûĩ
a água benta seja o meio de vida da minha alma,Y i mongaraibypyra t'oîkó xe 'anga rekobesabamo
sou ágil com as mãos,Xe popy'i
nunca acaba de comer; fulano não come completamente as coisas,Nd'o'u-apyî ahẽ mba'e
matando as criações de alguém,abá reîmbaba îukábo
"por isso, tão somente, nasceu dela, sem lhe fazer rombo","Nd'e'i te'e oá nhote i xuí, nd'i pekábo ruã"
sobre o que será a nossa conversa?,Ma'e resé îandé nhomongetá?
qual é o outro meio de curar a nossa alma?,Marãpe amoaé îandé 'anga posanongaba?
nos enfrentamos,Oroîobaîar
eles mentem na cara um do outro,"Semo'ẽ, oîobaúpa"
estava muito satisfeito na morada deles,Xe apysy-katu sekoápe
para também a bênção do nosso trabalho,Îandé porabykysaba robasakatûagûama resé bé
acaso todos os que estavam ali começaram a injuriá-lo?,Opabenhẽ serã erimba'e a'epe tekoara iî a'oîa'oû?
o anjo já havia anunciado à sua prima que ela estava grávida dele,Oîmombe'u uman karaibebé i pyky'yra pé i puru'aramo sekó
"suas próprias coisas, na verdade, a gente ama no seu coração","O mba'e, nipó, asé o py'a pupé saûsubi"
"você, em seus braços, ergueu jesus para alimentá-lo um pouco em seu seio","Endé, nde îybápe, Îesu eresupi i poîa-mirĩ nde kama pupé"
"por isso mesmo, ficava caindo com ela por causa do seu peso",Nd'e'i te'e sero'a-ro'a i posyîa suí
em quais dias a gente se confessa?,Umãba'e 'ara pupé asé nhemombe'uû?
"não serão apenas alguns anos, mas para sempre",Na mboby nhõ ruã akaîu-'aîubane aûîeramanhẽ-te
"tenho corcova, estou corcunda",Xe kupeasur
eu tenho catarata,Xe resaoby
"de dia, o dia todo",arybo
será que todos aqueles que o esbofeteavam continuaram a injuriá-lo?,-Opabenhẽ serã erimba'e a'e petekara iî a'o-îa'oû?
atrás de uma cerca de pedras,ybyrá itá-monhangymbyra kupépe
guarda nossa terra dos nossos inimigos,Esarõ oré retama oré sumarã suí
tenho muitas bolhas,Xe piru'a-ru'a
"vinham mulheres, suas discípulas, pranteando-o",Osó kunhã semimbo'e-etá sapirõmo
minhas bochechas incharam muito,Anhemoatypygûasu
estou ofegante,Xe u'ukûar
o anjo da guarda está perto?,Karaibebé i ko'ĩ?
aplacando a deus,Tupã moîerekûapa
"adão, nosso primeiro pai, fez-nos realmente perder, para que nos queimássemos no fogo do diabo","Adão, oré rubypy, oré mokanhemeté, Anhanga ratápe nhẽ oré kaîaûama ri"
estas coisas são muito belas para nós,I porangeté ã tekó îandébe
estão queimando para sempre como pena por dizerem isso apenas em suas bocas,Okaî oupa aûîeramanhẽ o îurupe nhote aîpó o 'eagûera repyramo
atravessar a água elimina a sujeira dos pés,Y aé rasaba mby ky'a îaîmomemûã
somente deus é a verdade,Tupã anhõ mba'eeté
"queremos amá-lo muito, entregando-nos a ti","Oroaûsu-potá-katu, oroîeme'enga endébo"
estou acostumado,Sekoba'e ixé
que sejamos dignos do que cristo prometeu,T'oré angaturãne Cristo remienõîûera resé
ele é muito grosso,Tubixabeté
"daí ia para longe, frequentando outras aldeias","Kûé suí asó mamõ, amõ taba rapekóbo"
"entram grandes espinhos, espetando sua cabeça",Oîké îugûasu i akanga kutuka
"quem aqui dá a cara, olhando furtivamente para cá?","Abápe ké sobasẽ, kûybõ oma'ẽ-nhemima?"
tenho os habitantes da aldeia bem nas minhas mãos,Tapiîara xe pópe arekó-katu
"ele nasceu de maria, que não foi tocada por homem",A'eba'e o'ar Maria abá bykagûere'yma suí
ovos de içá,ysá rupi'a
proclamando a lei de deus,Tupã rekó mombegûabo
estou rouco,Xe îase'opyoú
que se lembre bem de que deus branqueou sua alma,T'onhemoma'enduá-katu Tupã o 'anga momorotingûera resé
"hoje, assim, de modo nenhum impedem nossa estada","Kori, nã, îandé rekó îandé moarûapa angá"
mas quem há como eu?,Abá-tepe oîkó xe oîá?
"que venha logo aquele que me guarda para me livrar dele, combatendo-o","T'oú taûîé xe rarõana xe pysyrõmo i xuí, i momarana!"
tornei-me homem,Anhemoabá
então as estrelas cairão completamente,A'ereme îasytatá o apakuîamo
fico zombando das pessoas,Aporoîaî - Escarneço das pessoas Aporoîá-roîaî
"tu, talvez, para retribuir, atiras nele a má vida, o desejo sensual, o dia todo","Nde serã i poepyka tekomemûã, poropotara ereîapi ko'arapukuî"
todos os seus súditos o maltratam,O boîaetá pabẽ serekomemûãmo
invocaram alegações falsas contra ele,Marã'etenhẽa osekyî i xupé
vê bem para a tua frente para que não te percas no caminho do céu,Esepîá-katu nde renonderama ybaka piarype nde ropare'ymamo
"ficaste bêbado de cauim, perdendo o juízo?","Eresabeyporype kaûĩ suí, 'ara mokanhema?"
colocando capim ao boi às pressas para impedi-lo,Tapi'irusu sarûápe kapi'ĩ anhẽ rerupa
"ambos tremerão hoje, assim que me virem","Mokõîbé osyî kori, xe repîaka rupibéne"
os outros não ficam receosos de não serem objetos do perdão de deus?,N'oîkotebẽî amõba'e Tupã nhyrõsabe'yma?
disse com elegância,A'é muruangaba
"mesmo replicando as palavras de alguém, a gente transgride a palavra de deus?",Abá nhe'enga poepyka tiruãpe asé Tupã nhe'enga abyû?
que mais?,Mba'epe amõ?
tirei minha roupa,Aîo'ok xe aoba
coisa beiçuda!,Xe rembegûasu - Eu tenho beiço grande Mba'e-embegûasu!
agora há pouco,korite'ĩ-mbyryb
após vertê-la em alguma casca de coco,inaîagûasu apepûera amõ pupé i nhang'iré
roupa grossa de algodão,amyniîu-aó-poanama
homem coitadinho,Abá-poreaûsubĩ
"em vão, o padre quer fazê-la voltar para deus",E'i tenhẽ abaré Tupã resé serobaka potara'upa
"chorem continuamente, pranteando seus pecados","Pe resangá, pe angaîpaba rapirõmo"
essas serão as que você assará,Aîpó nde remixyrama
quando a guerra for o que é justo,Marana supikatundûaramo sekóreme é
muitíssimas mentiras foram invocadas contra ele,Tenhẽngatupabẽ osykyî i xupé
caminhei o dia todo por causa da tua fama,Agûatá ko'arapukuî nde rerapûana resé
eu tenho estatura elevada,Xe îeysá-puku
"odeiam você, expulsarão você","Nde reroŷrõ, nde mombóne"
eis que ele é o adversário habitual das almas dos homens,Eboûĩ abá 'anga rupîatyba a'e
que ela nos destrua para que vivamos contigo,"Orébe t'oré mondyki, nde irũmo t'oroîkobé"
no seu próprio ombro levanta a cruz da fraqueza; jesus a faz cair consigo,"O ati'yba ri krusá osupi Membeka suí, Îesu sero'ari"
"seguindo o rastro das mulheres, os índios não desistem","Kunhã rakypûemondóbo, apŷaba n'i apysáî"
"venham, levem os malditos, ergam-nos para sapecá-los em nosso fogo, derretendo-os","Peîori, perasó muru, supi îandé ratápe sapeka, i momembeka"
minhas costas,xe atukupé
"dançaram a noite toda, praticando feitiçaria, antes de irem para o inferno","Oporaseî pysaré, oîemopaîeangaípa, tatápe o só îanondé"
"roçado antigo, onde o mato cresceu de novo",kopûera
eu o penteio,Aîabyky
um frio que fará as pessoas tremerem muito e as fará chorar,"Ro'y oporomoryryîeteba'e, i moîasegûábone"
coisa ganha com a espada,itangapema pora
"você se compadeceu deles, procurando alimento para eles?",Eresaûsubarype i poraká?
"não vamos; ela nos castiga, fazendo-nos saltar no fogo","Îasó umẽ, îandé nupã, tatápe îandé mombómo"
"são pedro puxou a espada, cortando-lhe a orelha",S Pedro itangapema osekyî i nambi mondoka
eu sou antigo filho de jetuú,Xe Îetu'u ra'yrûera
por isso mesmo deus os lançou no fogo,Nd'e'i te'e Tupã a'eba'e reîtyka tatápe
não querendo que o diabo seja seu senhor,Anhanga o îaramo sekó potare'yma
entisnei o rosto dele,Asobaún
esta aldeia está sempre transtornada,Kó taba aîpobu memẽ
"em reparação por isso, você se mudou de aldeia","Sepyápe, ereîakasó"
já vou,A'é uman ûixóbo
"quem o fez outrora, começando a pronunciá-lo?","Abápe aîpoba'e oîmonhang erimba'e, sa'angypŷabo?"
nosso fogo convém a todos os que assim vivem,Opá emonã tekoara îandé ratá îaîarõ
dei-o em troca,Sekobîaramo aîme'eng
vergôntea de cará,kará-embó
caminhei o dia todo,Agûatá ko'arapukuî
eu sou leproso,Xe piraíb
lêndeas de piolho,kyba'yra
para a parte de trás dele,i 'anga koty
eu tenho as orelhas cortadas,Xe nambi-asyk
não tenho uma vida direita,N'akakuabi
faça como te parece,ne'ĩ n'endé aé
todos gostaram delas,I apysyk pabẽ sesé
"você tocou no seu pênis, se excitando?",Erepokokype nde rakûãîa resé enhemoagûyrõmo?
meu paizinho,xe rubĩ
mas chorem por vocês mesmas,Peẽ aé-te peîeapirõ
"quando eu morrer, que você venha","Xe îekyîme, t'ereîu"
papo grande,aîusu
nasci,Anhemonhang
"diabo mau, assassino","anhangaíba, morapitîara"
"não tenho nada a ver com ele, enfim",N'aîkóî sesé ko'yté
"em um pano branco, por nossa causa, ficou a imagem de seu rosto",Aó-tinga pupé asé resé sobá ra'anga rari
"você urdiu mentiras contra alguém, envergonhando-o?",Eresekyîpe îuraragûaîa abá supé i motĩamo?
a causa da alegria da minha alma,Xe 'angorypaba
"teu ventre está cheio, contendo a deus","Tupana rerupa, i por nde rygé"
isso é muito difícil!,Iîabaíbeté aîpó!
"e, principalmente, eles são adversários dos agressores",Memeté a'e morero'arupîara
basta! você me mata!,Aûîé! Xe îuká îepé!
eu o aqueço,Aîopé
eu o arredondei,Aîmoamandab
a gente se inclina diante de uma madeira?,Ybyrá supé nhẽpe asé îerokyû?
"como uma criança, está sentado nos braços de maria",Pitangamo seni Maria îybápe
cortaram seu prepúcio,I 'apira mondoki
não que eu não soubesse o que buscava,Na sekasaba kuabe'yma ruã
eu sou mandão,Xe poropûaîxûer
raspei-lhe a barba,Asendybá-apin
"é assim, porventura, que você responde às palavras do chefe?",Emonã-pipó morubixaba erenhe'engobaîxûar?
viram também a sua própria formosura,O aysó abé osepîak
faço-a soar,Aîmimby
dar também o dízimo daquilo que plantou primeiro,O emitymbûerypy pupé Tupãpotá-me'engano
"ah, muito bem, fiquem tranquilos!","Erĩ, aûîé, peputu'u!"
joguei fora todos os bens dos meus avós,Opá xe ramỹîa ma'epûera aîtyk
eu sou muito magro,Xe rembó nhẽ
trazendo à tona seus atos escondidos,Sekó-nhemima monduîa
tive ânimo,Xe 'ãur
que a gente manda colocar em seu aposento como objeto do seu olhar?,Mba'epe asé oîmoinukar o kotype o ma'ẽsabamo?
"vem, coisa fedorenta, coisa nojenta, borá, maritacaca, sanguessuga, tamarutaca!","Eîori, mba'enem, mba'e-poxy, mborá, miaratakaka, sebo'i, tamarutaka!"
você zombou de alguém?,Ereîoîaîpe abá amõ?
desinteresse pela lei de deus,Tupã rekó resé nhemoryryîe'yma
o maldito não difere de uma arara,Nd'oîabyî muru arara
que tipo de coisa é isto?,Marãba'ep'iã ri?
força da minha alma,Xe 'anga taŷaíba
um homem ladrão que foi preso como pena por assassinatos,Abá-mondá morapitîagûera repyramo mundeokype i mondebypyrûera
a força vital das frutas está aqui,Ybá seté kó sekóû
eu estava com os pés soltos; meus pés se soltaram,Xe py-'ir
você terá a alma limpa,Nde 'ã-kytyngokyne
"as pessoas também podem se casar diante de outro padre, de acordo com a vontade do padre responsável por elas",Ikatu bé abá omendá amoaé abaré robaké abaré ogûerekoara remimotara rupi
"quem, necessariamente, a gente chama quando está aflita?",Abáp'amẽ asé osenõî oîkotebẽmo?
o homem simplesmente desanima também das suas danças,Omanõaibí abá o poraseîtápe bé
"o diabo te agasta, tendo medo de ti","Anhanga nde moabaîté, nde suí osykyîébo"
o ensinamento da palavra de deus para nós,Tupã nhe'enga asé mbo'esaba
eu estou manchado,Xe apŷab
"logo então, muito rapidamente, o levou para sempre ao fogo",A'eîbé korite'ĩ-aíb-eté serasóû aûîeramanhẽ tatápe
meu fogo é o lugar em que você queimará,Xe ratá nde kaîaûama
ele nunca acaba de completar as roupas nd'e'i ymûanĩ osóbo — nunca acaba de ir,Nd'e'i ymûanĩ ahẽ aoba moaûîébo
aldaba da porta,okena potãîa
"isso é o que deve ser bem amado, verdadeiramente","Aîpó saûsukatupyra, aîpó anhẽ"
eia! vá logo! apresse-se!,Ne'ĩ! T'eresó taûîé! Nde apûan!
"de fora, ao lado da rua",okara koty
"cinzas do alguidar, cinzas da bacia",nha'ẽpesẽ-uba
"de fato, é penoso remar uma canoa",Sasy nakó ygá-pukuîa
você bateu com um pau na sua esposa!,Ereropûar ybyrá nde remirekó resé!
eu não estou sendo fantasioso,Na xe poranguî gûitekóbo
vou transgredir a lei de deus procedendo assim?,Aîabyp'ixé Tupã rekó inã ûitekóbone?
eu o fiz de forma ríspida.,Aîmonhang-îeaseî
você bateu com o pau na sua esposa!,Ereropûar ybyrá nde remirekó resé!
nós nos recebemos uns aos outros,Oroîopopysyk
rapazes muito fortes,kunumĩûasu-atã-atã
por isso deus transformou primeiro a costela do nosso pai na sua esposa?,Emonãnamope Tupã îandé rubypy arukanga nhẽ apóû semirekóramo?
minha vaca que eu crio,Xe reîmbaba tapi'ira
não querendo repetir o pecado que ele detestava,O angaîpagûera o emieroŷrõagûera reroîeby-potare'yma
tenho você como meu filho,Orogûerekó xe ra'yramo
nós estamos amontoados,Oré atyr
"primeiro, vou adiante de vocês como espião de vocês.","T'akûáne pe renondé, pe manhanamo, ranhẽ"
"igualmente, guardem a terra de vocês",Oîoîá osarõ nhẽ pe retama
fazendo com que as pessoas se detestem.,Abá moîoamotare'ymuká
"um judeu velho mostrou o lugar onde ela foi enterrada, fazendo com que a alcançássemos.","Amõ îudeu tuîba'e i tymagûera kuabe'engi, sesé îandé moîekosupa"
"honre também outros dias, não trabalhando neles","Oîmoeté bé asé amõ amõ 'ara, i pupé oporabykye'yma"
perdendo o entendimento por causa de sua bebedeira,Sabeypora suí 'ara mokanhema
eu sou paciente,Xe putumuku
vou tirar-lhe as dificuldades,T'aîabaíbokyne
eu tenho boa aparência,Xe resakûanhyrõ
"alguém se confessa antes de ir à guerra, antes de embarcar num navio?","Onhemombe'upe abá gûarinĩnamo o só îanondé, ygarusupe o 'ar-y îanondé?"
o sol se eclipsa,Kûarasy onhemoputun
eu lhe faço um ninho,Asayty-monhang
eu sou um pouco bochechudo,Xe retobapé-pyryb
você andou pelos caminhos de fontes com mulheres?,Eregûatápe nhãîmbiara rupi kunhã resé?
"eu não sou resistente, eu não sou firme",Na xe popyatãî
todos os que estão nas ilhas,opá 'ypa'ũmendûara
daí virá para julgar todos os que vivem e os que morreram,A'e suí turi oîkobeba'e omanõba'epûera pabẽ rekomonhangane
eu o forrei,Aîapŷuban
eu tusso,Xe u'u
ninguém pode contar as coisas muito dolorosas do inferno,Nd'e'ikatuî abá îuru Anhanga ratápe tekó-asyeté mombegûabo
salteio,Aporero'ar
você não beberá hoje o que eu mastigo,Nd'ere'uî xó kori xe remindu'une!
"empenadura de flecha, isto é, penas das asas de pássaros que eram atadas às flechas",u'upepó
vivendo para buscar a virtude,Tekokatu repenhandápe peîkóbo
eu não,Na ixé ruã
fiz os malditos entrar nas armadilhas,Kotype muru amoingé
remanso de água,y-îebyra
"atravessando o oceano, fui para fazer os tupis pecarem","Paranãgûasu rasapa, asó tupi moangaîpapa"
cura-se às vezes,Opûerab amõnume
peguei-o de surpresa,Asa'ubar
"amarram as mãos dele com força, machucando-o","Îapopûaratã, i moangaîpapa"
esse homem e sua esposa também acabaram com todas as suas riquezas,Kó abá semirekó abé opá o mba'e mombabi
faço papinha para ela,Aîka'u
"ficou pulando, reconhecendo imediatamente jesus, seu senhorzinho","Opor-oporĩ, Îesu o îarĩ kuapa aûnhenhẽ"
eu sou gago,Xe nhe'ẽrueru
"perto deles, ninguém lhes dá de comer",O pyri abá n'omomba'e'uî
"por que você veio, ó meu muito amado?",Mba'e resépe ereîur xe remiaûsukatu gûi?
experimentei a palavra de deus,Tupã nhe'enga asa'ang
somos todos futuros defuntos,Ambyrama pabẽ îandé
"desatei a boca dele, desencabrestei-o",Aîuru-sambok
estou de joelhos,O endypy'ãe'yîbo aín
eu tenho barba ruiva,Xe rendybaá-îub
o marigui me picaria,Xe su'umo marigûi
eu já não sou mais virgem,Xe kûar ymûan
"o que era aquilo, mesmo?",Mba'e-takó?
eu continuo sendo seu guardião,Aîkobé n'ixé sarõana
"o que é, porventura, daquele?",Umã-pakó? Umã-takó? ou Umã-pakó akûea?
sentou-se em público,Te'yîpe nhẽ i gûapyki
vamos queimá-lo!,T'ixapy! ou Ixapy!
você deveria ter sabido antes de agir assim,Ereîkuá ranhẽ meémo emonã nde rekorama
"ah, não estamos acovardados!","Erĩ, nd'oré abangabi!"
vocês vão recuperar bem o fôlego depois de se cansarem,Ta pe putu'ẽngatueté irã pe îemokane'õ ré
os que não acreditavam nele trabalharam em conjunto e passaram a atirar flechas nele,Serobîasare'yma potyrõû iî ybõîybõmo
quanto foi o pagamento?,Mbobype sepy?
mas ele não era deus?,Na Tupã ruã-tepe a'e?
estamos em igualdade,Oîoîá îandé
as suas antigas lembranças das coisas ali se retirarão,Mba'e resé o nhemoma'enduaragûera a'epe onhenosẽne
encaixoteei as minhas coisas,Anhemba'e-nhang
"muito bem, pois! vou comer todo o banquete de jacaré-guaçu!","Aûîebeté, rõ! T'a'u pá Îakaregûasu pepyra!"
"o que é bom é a dança: enfeitar-se, untar as suas penas","Moraseîa é i katu, îegûaka, sa-mongy"
sei fazer isso,A'ekatu eboûinga resé
deus se revelará a mim,Tupã îepîakukari xebene
deixei minha casa ontem,Aseîá kûesé xe roka
eu o encurtei,Aîapûapyk
vocês me matam,Xe îuká peîepé
de madrugada,ka'amutumo
a morte não se aproximou de você,Nde resé te'õ n'osyki
desde a minha vinda,xe rura agûerabé
"na verdade, eu o surpreendi",Asesapy'a é nakó
as chamas de fogo vão queimá-los!,Pe rapy tatá-endyne!
colocando-o dentro de um túmulo de pedra,Itá karamemûã pupé i mondepa
estou levando carga,Ambosyî
"ei, vou ir com você!",Ne'ĩ t'asó nde irũmo!
esta aldeia: você ainda não lhe disse maldades?,"Ikó tabape, marã nd'eréîpe i xupé ranhẽ?"
não deseje gente,Eporopotar umẽ
corpo morto,Teté-kanhema
"destruiremos a aldeia, como de costume",Îamombá taba îandune
agora há pouco,korite'ĩ-mbyryb
ele nunca termina de completar as roupas,Nd'e'i ymûanĩ ahẽ aoba moaûîébo
mostrando-o aos judeus,Îudeus supé sepîakuká
verdadeiros amaldiçoadores de deus te assaram no fogo,Tupã momburûareté tatá pupé nde resyri
que sejamos dignos do lugar futuro do nosso regozijo,T'oré angaturãne oré îekosubagûama ri
visita nossa alma,Asé 'anga ereîosub
eu sou muito pecador,Xe angaîpab-eté
que você confesse a transgressão da palavra de deus e também a persistência nisso,"Tupã nhe'enga abŷagûera t'ereîmombe'u, apore'ymagûera béno"
por nos amar mais do que nossa mãe ama seus próprios filhos,Asé sy o membypitanga raûsuba sosé asé raûsume nhẽ
trabalho as madeiras,Aybyrá-pan
quem foge com uma mulher contra a vontade dela não pode casar-se com ela,Kunhã reroîabapara semimotare'yma rupi nd'e'ikatuî sesé omendá
ensina às pessoas falsamente a provar a palavra de deus,Oporombo'e-a'u Tupã nhe'enga ra'anga
"somente confessam seus pecadilhos aqueles que são muito grandes; eles os deixam, escondendo-os do padre","Oîmombe'u o angaîpá-mirĩ anhõ Tubixabeté oseîá, abaré suí i mima"
"escaparão, no futuro, os animais e os pássaros?","Okûabépe irã so'o, gûyrá?"
eu sempre ensinei as pessoas publicamente,Te'yîpe memẽ nhẽ ixé aporombo'e
"como a esses, matarei os que costumam pecar","Anga îá, angaîpabora aîuká"
muito longe,kûé-kûeîpe é
"enfim, depois de se vingarem, me obedeceram","Rumby oîeepyka, xe rapîá"
"esteio, alicerce da casa",okytá
o grande número de dias da tua vida,nde rekobesaba 'ara retá
esses temiminós malvados detestam a nossa lei,Kó temiminó-poxy îandé rekó ogûeroŷrõ
meu pescador,xe porakasara
o afinei muito,Aîmoa'yrĩngatu
no seu ventre deus recebeu seu próprio corpo,Sygépe o eterama Tupã tari
o envolveram em roupas brancas,Aó-tinga pupé i nhubani
"como o vento zumbe, tremendo por causa de sua bravura","Ybytu îabé osunung, î abaeté suí osyîa"
"para nos honrarem, os índios fazem festa",Îandé moetébo apŷaba nhemosaraî
eis que ele é mau!,E'i tieté ahẽ maniîabo niã!
teus olhos misericordiosos voltem em minha direção,Nde resá-poraûsubara erobak ixé koty
tomando o leite de sua mãe,O sy kambûabo oúpa
acordo de madrugada,Îeîbé apak
eu dou à luz,Xe membyrar
eu sou sábio,Xe mba'ekugûab
"então ergueram a cruz, fincando-a?",A'eîbépe ybŷá cruz mo'ami i atykábo?
o bispo pôr o óleo santo em nossa testa,Asé sybápe abaregûasu nhandy-karaíba nonga
sairão dali no futuro?,Osem-y bépe irã a'e suíne?
o que inventa mentiras por causa de alguém,Abá resé mo'ema oîmonhangyba'e
"eis que meu corpo não está disposto, está amolecendo","Xe reté ã n'oîkoetéî, omembeka"
"enfim, o filho de deus nos julgará",Rumby Tupã Ta'yra îandé rekomonhangane
todos os cristãos se preocupam em saber isso?,-Onhemosaînan pabẽpe cristãos aîpoba'e kuabaûama resé?
"a chuva começava a cair ao amanhecer, enchendo o mar","Oky-ko'ẽ-ko'ẽ amana, paranã momungábo"
eu sou terrível,Xe taŷgaíb
"borbotão de água, água que brota para cima",y-bura
tenho a pele arrepiada,Xe ro'o-piring
"vem, compadece de mim",Eîori xe poraûsubara
o que é comum é que aquela mulher quebre nossas cabeças em pedaços,Sekoaba'e kûé kunhã oré akanga i apiti
"eva foi muito atraída pelo belo fruto, colhendo-o",Eva onhemomotareté 'ybá-poranga resé iî ykyébo
segurei-o fortemente,Aîpysyk-atã
fiquei simulando-o,Aîmorã-moran
"na casa de quem você passou tomando-as, antes de se esconder?","Abá rokype erekûá tá, nhemim-y îanondé?"
eu tenho bens,Xe mba'e
eis que estamos aqui,Orokub ikó
você quer ir para o lado das pessoas?,mosé esó-potá
substituindo suas palavras aos que o ouviram,Ogûenduparûera supé o nhe'enga rekobîarõmo
como uma criança nascendo,pitangamo onhemonhanga
nossa alma está em tuas mãos,Nde pópe oré 'anga ruî
ser indulgente com um pequeno ato de maldade de alguém,Abá marã sekoagûerĩ resé nherane'yma
"ah, excelente!","Té, aûîé-katutenhẽ!"
você sofreu a morte,Te'õ ereîporará
"e os cadáveres da gente, o que lhes acontece?","A'epe asé re'õmbûera, marã?"
peço roupa a pedro,Aîeruré aoba resé Pedro supé
"acredite, meu padrinho, vão te prender hoje","Erobîá, xe rubangab, ta nde moembiá kori"
bom remédio,mosãngatu
sou um novato,Aîkó pysasuramo
"o despiram, amarrando-lhe as mãos numa coluna de pedra","Oîaobok, itá-okytá resé i popûá"
são três as potências da nossa alma em relação às coisas,Mosapyr ma'e resé asé 'anga 'ekatuaba
eu tenho muitos bernes,Xe ur - Eu tenho berne Xe u-xe ur
ó mesquinho repositório de muitíssimas coisas más!,Mba'e-poxy-katupabẽ ruru-a'ub-y gûé!
"tenho meu modo de ser diferente, oré rekó-rekó-aé oroerekó - temos nossos modos de ser diferentes",Xe rekó-aé arekó
você mesmo é causa do seu dano,Endé aé ereîekûá
vou ser bom,"""Xe katupe ká"""
não haverá outra comida?,N'i tybi xûépe amõ mi'u?
"fico girando em círculos, fico dando voltas",Anhatimã-timanĩ
enterrando os antigos maus hábitos,Tekopoxypûera tyma
"daí, desse lugar",ebanõîa suí
"enfim, os moços escondem seus procedimentos muito maus",Aûîé kunumĩgûasu o ekó-aíbeté oîomim
"encontros das asas, isto é, a parte superior delas, onde fazem a curva e onde nascem as penas maiores",pepó-ypy
dei um tombo,Ayapyĩ
"talvez seja o anjo, guardião verdadeiro desta aldeia","Karaibebé serã, kó taba rarõaneté"
pescando bem os canapus,kunapu rekyî-etébo
"assim, dessa maneira, a gente subirá para o céu, depois de lançar fora seu grande peso","Nandé rakó asé îeupiri ybakypene, o posyîusu reîtyk'iré"
provejo-me das minhas coisas,Anhemosaînan xe mba'erama resé
água sem mistura,y anhẽ
"logo, vencendo os temiminós, habitantes daqui, eu os frequentarei","Koromõ keygûara temiminõ moaûîébo, asapekóne"
o que a gente evoca diante dele como sua esperança?,"Mba'epe asé osenõî i xupé, o îerobîasabamo?"
ainda hoje fazendo-os cair,A'ebé kori i mbo'ane
"ali também estão os meninos, as meninas, as moças que guardaram seus corpos em deus","A'epe bé kunumĩ, kunhataĩ, kunhãmuku Tupã resé ogûeté onongatuba'epûera rekóû"
"o próprio pedro, pedro mesmo",Pedro aé
resto do tronco de árvore que fica no chão após o seu corte,ypypûera
meu rosto está muito desfigurado,I te i té xe robá
"guardem-se de inventar impedimentos ao casamento, contando o que não é verdade",Peteumẽ mendara moarupaba mo'anga'upa supindûare'yma mombegûabo
para julgar todos os que vivem e os que morreram,"Oîkobeba'e, omanõba'epûera pabẽ rekomonhanga"
não o temam,Peîpoûsub ymẽ
minha herança,xe potaba
não querendo que a luz de nossa alma se apague,Asé 'anga resapesaba gûeba potare'yma
"ah, vasculham todos os lugares por nós","Té, oîoakypûereká îandébe"
estou furioso,Xe marãmotar
"o que tem pênis, macho",sakûãîba'e
"vamos dar uma volta, primeiro",Îaîebyîeby ranhẽ
desde ontem não como nada,Kûesé bé mba'e n'a'uî
mando matá-lo,Aîuká-ukar
não mato,Aîukae'ym
três pessoas vieram,Mosapyr abá our
tornei-me astuto,Aîe'atype'a
"quando estiver diante de deus, não se afaste de mim","Tupã robaké eîkóbo, xe suí nd'eresyryki"
não pode quem não é padre fazer as coisas assim?,Nd'e'ikatuîpe abaréramo oîkoe'ymba'e emonã tekó monhanga?
dormiam aflitos,Oker okûapa tekotebẽ suí nhẽ
"quando estamos no amor de deus, temos a verdadeira felicidade","Tupã îoaûsuba pupé îaîkóbo, tekokatu-eté îarekó"
folha tenra,só-kyra
para mim é terrível vê-los,I abaeté sepîaka ixébo
ele é gostoso,Sé
qual é o modo correto de chamar os batizados?,Marãpe i mongaraibypyramo renõîndabeté?
vou me embebedar!,T'asabeypó!
quando eu estiver na casa de cristãos,Karaibokype ûitekóbo
eu sou ríspido,Xe îeaseîxûer
vou me aproximar da minha futura e verdadeira vida,Arokakar xe rekobé-etérama re'ĩ
pescaria com puçá-guaçu,pysagûasu-eîtykaba
poleiro das aves,gûyrá rendaba
dou-o como recompensa,Aîme'eng sepyramo
"o que não tem mãe, o órfão",sye'yma
"tão logo, ao ouvir o seu nome, o diabo treme","Nde rera rendupa abé, Anhanga ryryî okûapa"
"você contou o mau comportamento de alguém, que só você viu, para as pessoas?",Ereîmombe'upe abá rekopoxŷagûera oîepebẽ nde remiepîakûera abá supé?
"vocês se consolarão muito no futuro, depois que a batalha acabar.",Ta peapysyketé irã marana pab'iré
"como reparação por isso, você mudou-se de aldeia.","Sepŷápe, ereîakasó"
aqui ele está deitado.,Kó tuî kó
porto das canoas,ygara îepotasatyba
certamente os que são maus vão se desesperar muito.,I anhamãngatu nipó i angaîpaba'e-ne
saqueei completamente as coisas dele.,Aîmba'e-pysyrõ-mbab
"mata ótima, de boa madeira",ka'aeté
"vamos, para que vocês não sejam como uma maldição para o seu senhor.",Pe'ĩ pe îara momburu îasûara suí
raramente,marangatuabé é
faz com que ele sofra o frio.,Îaîmomboreaûsu ro'y
"eu tenho presas, eu faço presas, eu aprisiono.",Xe rembiar
continuo mastigando-o.,Anhagûã-nhagûãî
a gente pode trocar o próprio nome ao receber aquele?,E'ikatupe asé aîpoba'e rasápe ogûera rekobîarõmo?
"por isso mesmo, deus rejeitou você; desde então o fogo queima você para sempre.","Nd'e'i te'e Tupã nde pe'abo, a'epûerype tatá aûîerama nde rapŷabo"
"por isso mesmo, quando sentem saudades um do outro, ficam tristes.","Nd'e'i te'e oîoepîaka'upa, o karukasyramo"
"este meu tacape não está à toa nas minhas mãos; é, sim, o instrumento com o qual vou rachá-los.","Kó xe itangapema xe pópe nd'oîkóî tenhẽ, pe mombokaûama é"
vamos procurar alimentos para aqueles homens.,T'i poraká apó abá
curou-o apenas tocando sua orelha.,"Oîposanong, i nambi atõîa nhõte"
"que amemos a mãe de deus, porque ela nos interessa.","Tupã sy t'îasaûsu, sesé îanhemoryryîa"
que experimentemos a força dos homens conosco.,T'isa'ang apŷaba marã îandé irũ
adiante de lisboa,Lisboa amongoty
só um bocado.,oîepé îuru nhõ
culpei-o falsamente.,Asenõî tenhẽ
a vaca que crio,xe reîmbaba tapi'ira
o limite da minha roça,xe kó robapy
estejamos unidos.,Oîepegûasu t'îaîkó
para que acreditem os que serão batizados,T'ogûerobîá oîemongaraiba'erama
você teve relações sexuais com alguma mulher como sua prostituta?,Ereîkópe kunhã amõ resé nde sugûaraîyramo?
"não foi você, certamente, que se atraiu pelas mulheres?",Na nde ruã-te p'akó kunhã ri ereîemomotá?
salvador do povo,moropysyrõana
adormeci,Xe ker-aparar
iremos,T'asóne - Hei de ir T'orosóne
vivam verdadeiramente com a rainha graça,Peîkó-eté Grácia rainha ndibé
aqui está meu arco; aqui estão as farpas,"Kobé xe îurupara, kobé arupare'aka"
quando estou ao teu lado,Nde pyri gûitekóbo nhẽ
logo o viu,Koromõ sepîaki
mas livra-nos das coisas más,Oré pysyrõ-te îepé mba'e-aíba suí
estou perdido,Xe ropá-ropar
meu rabo está cortado,Xe rûaîasyk
os que estão próximos de ti,Nde resé serosypyra
eu sou habilidoso,Xe kyre'ym
fiz-o ficar como forro; alforriei-o,Abaetéramo aîmoingó
as namoradas me amavam,Kunhã'yba xe raûsu
e os rapazes que perseguem mulheres?,A'epe kunumĩgûasu kunhã oîmomosemba'e?
vestir os nus,Ikatupendûara moaoba
de maneira nenhuma,-Setápe asé nhemongaraíbi? - Aani - A gente batiza-se muitas vezes?
aqui estou como teu filho pecador,Kobé aîkó nde ra'yrangaîpabĩnamo
que cheguemos ao alto,Ybaté t'orobasẽ
querendo os buracos das orelhas das pessoas abertos,Asé apysakûá-puka potá
cal de ostra,reri ku'i
tremo; ambas as minhas coxas adormeceram,"Aryryî, opá xe uba îesyî"
acelerei o passo,Aîmoatã xe rapupa'ũ
arrependendo-se de ter batido em ti,Nde resé i pûaragûera moasŷabo
castrado,sapi'a'okypyra
"invocando a deus, ou a sua própria alma, ou a cruz, ou algo verdadeiro",Tupã koîpó o 'anga koîpó cruz koîpó anheté renõîa
eu não tenho a boca cuidadosa,Na xe îuruposykyîéî
"por causa disso, agora amo meu senhor jesus","Aîpoba'e ri, ko'y asaûsu xe îara Îesu"
"eu sou cristão, eu sou virtuoso","Xe cristão, xe karaí"
"filhos de índios, certamente","Abá ra'yra, ipó"
eu sou malhado na cabeça,Xe 'apititing
façam com que deus nosso senhor me perdoe,Peîmonhyrõ Tupã Îandé Îara ixébo
largamente,marangatu-eté
baixou a cabeça e ficou gritando,Oîeaŷbyk ogûasem-asemamo
neném compadecedor,pitangĩ-moraûsubara
eu sou visitador,Xe posubixûer
suas coisas comuns,i îomba'e
às vezes os frutos das suas árvores caem ainda quando são flores,Okuî rakó amũme 'ybarambûera o 'yba suí 'ybotyramo oîkóbo bé
eu lhe pelo o couro cabeludo,Aî'apir-abo'o
"meu irmão gêmeo, que nasceu junto comigo",xe kõîgûera
a que é alforriada,i mokunhãmbyra
"esse é meu antigo enforcador, querendo me enforcar novamente!",Akó xe îubykarûera xe îubyk benhẽ potá!
por que você bate em mim?,Marãpe erepûar xe resé?
você feriu alguém também?,Ereîapixabype amõno?
o que se honra quando o padre ergue o cálice da missa?,Mba'epe asé oîmoeté abaré itaîukamusi rupireme?
me dói a cabeça,Sasy xe akanga xe suí
embarco com você,A'ar nde pupé
"eis que somente ele tem coisas boas, em vez de mim!","Ahẽ nhõ ikó i mba'e-katu, xe suí mã!"
você está dentro de uma casinha,Ó-mirĩ pupé ereîkó
vamos matar juntos quem diz isso,Îaîuká memẽ aîpó 'îara
que vocês lembrem deste dia em que descansei depois de terminar todas elas,Ta pe ma'enduar ikó 'ara ixé i moaûîé pá roîré xe putu'uagûera resé
eu sou calvo,Xe 'akuî
fica pisando no maldito,-Muru ri opurũ-purung
eu sou pardo,Xe pytang
"detestando-os muito, tratem-nos muito mal","I amotare'ym-etébo, perekó-aí-aí"
escória do ferro,itá repoti
torci-o,Aîpepyr
"não em vão deus disse isso, não dizendo ""pode ser""","Nd'e'i te'e Tupã aîpó o'îabo ""re'ĩ"" o'eyma"
"somente desejando-a, tocando-a também","I potá nhote, sesé opokoka abé"
eu o fiz por muito tempo,Ipuku xe rekóû i monhanga
que coisa fica batendo no rosto de seu próprio chefe?,Mba'e-embiarĩ-pakó og ubixaba robá resé opûá-opûar?
terceiro,momosapysara
"calava-se, estando de pé, sem responder às palavras deles","Opyk o'ama, i nhe'engobaxûare'yma"
"eu sou enfermo, doentio",Xe mba'easy-potar îá
querendo nos fazer preparar,îandé monhemosako'i-potá
ele é profundo,Typy
confio muito em mim mesmo,Aîerobîá-katu xe îoesé
eu também sou um porco,Xe abé taîasugûaîa
vou vê-lo,T'asepîáne
"ostra grande, nome de pessoa",Reriûasu
você comeu carne na época em que não devia comê-la?,Ere'upe so'o i gûabe'yma pupé?
"ah, que bom tempo aquele em que fui lá!",Kûesenhe'ymĩkaé xe sóû a'epe mã!
quando ele defeca,sepotireme
procedo muito mal,Marã-marã tenhẽ aîkó
eu estou exausto,Xe ra'ypab
vamos trazer quaisquer coisas para eles,T'irur ma'e tiruã anga pé
eu o entornei,Anhosen
"estando com suas roupas brancas, como recompensa por tê-lo batizado",O aó-tinga o mongaraibagûera repyramo reroína
dando-lhe vida apenas com seu sopro,O pytu pupé nhote tekobé me'enga i xupé
"não se separa, algumas vezes, da alma da gente?",Nd'o'iripe amõnyme asé 'anga suí?
você tomou remédio para não ficar grávida?,Ereposangu'upe nde puru'a-potare'ymamo?
"mas, de fato, colocam vinho dentro dele?",Kaûĩ aé ruã-tepe ybŷá onong i pupé?
"enfim, eu vou",Rumby gûixóbo
eu o sujei de visgo,Anhomong
tenho os olhos esbugalhados,Xe resá-ynhusu
"suportando a escuridão, estamos muito aflitos","Putunusu porarábo, oroîkotebẽngatu"
todos os vícios se alojaram bem em seus corações,Opabĩ tekoaíba mondebi-katu o py'ape
a gente costuma confessar totalmente os próprios pecados?,Oîmombe'u pakatupe amẽ asé o angaîpagûera?
eu o levei secretamente,Arasó-nhemim
"eis que sua divindade deve estar com seu corpo, também em pedacinhos, inteiramente","I Tupã irũmo bé kó seté rekóû, pesembûeri pupé bé gûetépe-katu re'a"
como o saberão?,Marãpe i kugûabine?
"por aí, por ali",eboûinga rupi
não por me amar,Na xe raûsupeî
"sou mediano, não sou nem grande nem pequeno",Xe boîá
"você disse falsamente que ele disse isso, sendo maledicente?","""-E'i kó"" eré tenhẽpe nde îuruaíbamo?"
não faz sentido que ele defenda a morte fora de jesus cristo,N'i aîarõî Îesu Cristo taté é te'õ suí i îepirapûana
ergui a espinhela,Aîpusu'ã-mogûyr
pilei-lhe as taipas,Aîybysosok
misturaram algo amargo com vinagre,Mba'e-py'aûpîara kaûĩaîasy resé i monani
o descasquei,Aîape'ok
caminho impraticável,pé-aíba
"meu clítoris, meu tamatiá",Xe ramati'ã
cova de sepultura,Tyby-kûara
você tomou alguma coisa de alguém sem razão?,Ereîar tenhẽpe abá mba'e amõ?
o puni,Arekomarã
faço intervalos nas minhas entradas na igreja,Aîmopa'ũ-pa'ũ nhote Tupãokype xe reîké
saiu para o pátio chorando muito dolorosamente,"Osem okarype, oîase'o-asy-katûabo"
querendo conhecer seus antigos casamentos,I mendarymana kuaba potá
eles se tratam uns aos outros como semelhantes por causa de sua irmandade,O îoasykûera ri îasûaramo i îogûerekóû
estou em uma cilada,Kotype aîub
falo rápido,Xe nhe'ẽ-mby'i
minha bolsa não contém mais nada,N'i pori be'ĩ xe aîó
"quando chegou a morte, jesus te fez subir para junto de deus-pai","Te'õ mbasembápe, Tupã Tuba pyri Îesu nde rupiri"
me levanto,Abyr
você pagou aquilo que usou?,Eresepyme'engype nde remiporupûera?
se você tivesse sido bom,Nde marangatu meémo
quem é você?,Abápe nde?
mas vocês acreditam realmente em deus?,Perobîar-y-tepe aé Tupã?
envolvendo seu rosto com véus,Aobybĩ pupé sobá ubana
ela fez seu marido comer o fruto de modo vil,A'e o mena supé 'ybá-'u-ukar-a'ubi
bebi água,A'y-'u
por um triz não,-sûerĩ
"castiga o maldito, fazendo-o correr","Moxy oînupã, i monhana"
as igaçabas estão sempre cheias,Tynysẽ memẽ ygasaba
estou muito desfigurado,Xe té xe té
"aquela que ingere uma poção, com a intenção de matar seu feto",O puru'a îuká-potá mosanga o'uba'e
não deixarei de querê-lo,N'aîpotare'ymi xûéne
estou sendo um tanto arrogante,Aîerobîá-pyryb gûitekóbo
enseada ou baía do mar,paranãngûá
"para confortar sua alma, nós ficamos abraçando-o","Nde 'anga moapysykápe, oroîaîubã-îubã"
"brandamente, suavemente",mbegûé-katu
voo como este vento,Abebé kó ybytu îá
"estou febril, tenho febre",Xe akanunduk
por acaso todos os que estavam ali começaram a injuriá-lo?,Opabenhẽ serã erimba'e a'epe tekoara iî a'o-îa'oû?
"vim por iniciativa própria, vim por própria vontade",Aîur é
"farinha puba, farinha d'água, ou seja, de mandioca curtida, que se espremia no tipiti e se passava pela urupema",u'i-puba
não coma este fruto que me é reservado,E'u umẽ ikó 'ybá xe rekoate'ỹmbaba
o que falta é madeira,Ybyrá angapeẽamẽ
sou leviano,Abebuînhẽ
qual é o preço delas?,Mba'epe sepyrama?
a gente o faz ir em busca de um padre também?,Abaré abépe asé oîpiamondó?
"morro falsamente, isto é, desmaio, desfaleço",Amanõ-aíb
finjo que não o quero,N'aîpotare'ym-a'ubi
arrebentando as coisas de alguém,Abá mba'e mombuka
segui pelo mar 'y rupi agûatá - andei pelo rio,Paranã rupi agûatá
a criança está deitada ao lado de sua mãe,O sy posé pitanga ruî
lembre-se já do término das suas coisas,Nde ma'enduar nde rekó pabagûama resé rá
você acredita em falsas oferendas?,Ererobîápe îetanonga'uba?
"por isso mesmo, ao refletirem em seus corações, desafiam muito a deus","Nd'ei te'e, o py'a pupé oîemongetá-ngetábo, Tupã momburukatûabo"
catorze são as coisas em que creremos,Catorze asé remierobîarama
o tucum é estopa,Tukũ sybyr
parti-o ao meio,Oîopyterybo rupi aîmombok
coloque uma cruz diante deste doente como objeto da visão de seus olhos,Peîmoín amõ cruz oîepé kó mara'abora robaké sesá ma'ẽndabamo
de que forma o homem o transgride?,Marã oîkóbo bépe abá i abyû?
"vocês tentaram em vão, por pouco tempo, não dormir perto de mim",Pesa'ang îepé korite'ĩ nhõte xe pyri pekere'yma
o avesso dele,i py
fiquei beliscando-a,Aîpĩ-pin
aonde ele foi depois de acabar de comer?,Mamõpe i xóû o mba'e'u-pab'iré?
estou quieto,Aîubĩote
ficaram todos gritando com ele,Oposẽ-posẽ pabenhẽ sesé
"embora me evoques os atos, arrependo-me daqueles","Xe rekó-ekyî îepé, a'epûera aîmoasy"
"assim como se reconhece o dia dos santos, do mesmo modo também se cultuam até mesmo seus ossinhos, tendo-os no pescoço","Oîabo asé santos 'ara kuabi, oîabo bé asé i kangûerĩ tiruã momba'etéû, o aîuri serekóbo"
dizendo que o canto de um pássaro ou o urro de uma onça são agouros,Gûyrá koîpó îagûara nhe'enga supé morangygûana o'îabo
"por se compadecer de mim, minha alma fica firme","Xe raûsubasápe, xe 'anga moteni"
"e quanto a você, boiuçu?","Marãpe nde, Mboîusu?"
"alguém não reconheceria ter comido algo bom, esquecendo-se da excelência de seu sabor?",Abámo mba'e-katu 'uagûera n'oîkuabi xûé sé katûagûera resé o esaraîamo?
pedra de beiço pontuda,metarapûá
dei coisas a outra pessoa que não era meu pai,Aîme'eng mba'e xe ruba taté nhẽ
prenseiro: o que prensa,pokasara
"madeira fina, ótima",ybyrá-eté
três dedos dos pés,mosapyr mysã
que me faça viver por muito tempo,Ta xe moingobé-puku
pensa em vir para assustar vocês,Oú-mo'ang pe mondyîa
eu sou mal-encarado,Xe robasy
o que está junto de deus,Tupã pyri oîkoba'e
"na ponta da rede, no punho da rede",api anhãî
"ainda sendo criancinha, aquele nosso senhor jesus cristo era conhecedor de quaisquer coisas, como na sua idade adulta?",O pitangĩnamo bépe a'e Îandé Îara Îesu Cristo mba'e tetiruã kuaparamo sekóû o kakuaba îabé?
beco ou rua estreita,onhoba'ũ-mirĩ
venham para pranteá-lo quando ele entrar em vocês,Peîori sapirõagûama resé pe pupé seîkéreme
agora sua concepção trouxe grande alegria,"Ko'y, nde nhemonhangaba ogûeru torybeté"
aquele outro,akó amõaé
eles estarão muito doentes,I mara'a tenhẽ
"ei, rogue por nossa virtude!",Katunhẽ eîerurébo oré katûagûama ri!
"querendo que ele entre junto de vocês mesmos, lancem fora suas maldades","Pe îoupé seîké potá, peîtyk pe angaîpaba"
a morte é a ameaça daqueles que realmente se casam,Te'õ a'e mendasareté momboîsabamo
eu quero presas nas pessoas de alguns bêbados,Xe rembiá-potá sabeypora amõ resé
querendo logo nos levar,Asé rerasó sapy'a potá
"os chefes velhos sempre lhes falam, repreendendo-os, censurando-os","Morubixaba tuîba'e onhe'eng memẽ i xupé, senonhena, i akakapa"
derrame suas lágrimas,Eîmo'ẽ nde resa'y
transformamos a lã em roupa,So'o ragûera aobamo îaîmonhang
"embora eles tenham igrejas para rezar, eu arruinei todos","I Tupãok îepé, Tupãmongetá-ngetábo, aîmomoxy pabenhẽ"
cera nos ouvidos,apysá-ygugûá
transformo o ferro em anzol,Aîmonhang itá pindáramo
que ela faça seu muito belo filho nos perdoar,O memby-porangeté t'omoîerekûab orébo
estou quieto,Aîubĩ
a companheira da minha mãe,xe sy'yra
"daí, desse lugar",aîpó suí
nosso inimigo vencerá para sempre,Oré sumarã reîtyka memẽ
"ontem, é verdade, alguns sumiram","Kûeîsé, rakó, amõ kanhemi"
a descida dele,seroapy'ambaba
que deus dará para a gente no céu?,Mba'epe Tupã oîme'eng asébe ybakypene?
sejam corajosos diante do seu inimigo,Peîkoeté pe robaîara pé
vivo mal,Aîkó-poxy
"hoje, assim, de modo nenhum impedem a nossa estada","Kori, nã, îandé rekó îandé moarûapa angá"
enjoe do seu velho modo de ser!,Eîmoting nde rekopûera!
"por causa disso, de fato, agora o amo","Aîpó resé nhẽ, ko'y asaûsu"
"ai, quem me dera ir com ele hoje!",Asó temõ kori ahẽ irũmo mã!
meu soltar de grunhidos,xe kororõ-pysyrõ
mau hálito,îurunema
"você está muito feliz, ilusoriamente, envergonhando meus súditos","Nde rory-roryb-a'u, xe boîá momara'a"
não deixe de querê-lo,Eîpotare'ymumẽ
remador de canoa,ygá-pukuîtara
e a aproximação do parto de uma mulher grávida não é também motivo para ter medo?,- A'epe muru'apora membyrasy kakara na nheangûaba bé ruã?
finjo que vou,Asó-asó-a'ub
"por isso mesmo, as malditas correm",Nd'e'i te'e moxy onhana
reatei-o,Aîapytĩatã
qual é o seu nome?,Marãpe nde rera?
"eis que, assim como está no céu, nosso senhor está dentro do pão nas mãos do padre, com certeza","Akó ybakype ogûekó îakatu, Îandé Îara rekóû miapepûera pupé nhẽ abaré pópe re'a"
"o seu coração se rompeu, por amor a ele","Obok nde nhy'ã, saûsuba resé"
homem intolerante,abá-poromborybe'yma
vou contar os pecados deles para que você acredite em mim,T'aîpapáne i angaîpaba ta xe rerobîá îepé
"ah, somente eu, na verdade, sofrerei isto!",Xe nhõngatueté koba'e aîporaráne mã!
não há muitos restos deles,N'i tyb-etáî semyrûera
que seja realmente minha mãe,Xe syramongatu t'oîkó
"iam mulheres, discípulas dele, pranteando-o",Osó kunhã semimbo'e-etá sapirõmo
"eis que sofrem muito os que deus repeliu, com a vida envergonhada","Sasyeté niã Tupã remipe'apûera, ogûekó-mara'ara reroína"
será que a tentação é algo semelhante a um laço?,Îusana abŷare'yma nhẽ serã tentação?
"são sebastião destruiu os tamoios, os valentes","São Sebastião tamũîa, kyre'ymbagûera, omombab erimba'e"
abri a boca e bocejei,Aîeîuru-pirar
"lentamente, enfim, o homem perde o entendimento; sua vista aguda de outrora desaparece e a fala se torna inútil.","Mbegûé é ko'yté abá tekokuá kanhemi, sesapysopûera kanhemi, o nhe'engabûera ra'ang îepébo"
"que você entre no meu coração, guardando bem o meu interior","Xe nhy'ãme t'ereîké, xe py'a moingatûabo"
o próprio deus a gente costuma honrar,Tupã aé namẽ asé oîmoeté
a que amamenta,mokambûara
estou me descuidando,Atumbé-tumbek
"vamos, meu aliado!",Ne'ĩ xe atuasar
"enfim, de volta!",Irõ bé!
"jesus, guardião da alegria",Iesu toryberekoara
esse maldito é certeiro,I pûakatu kó muru
três chefes,mosapyr morubixaba
"isso é assim, com certeza",Emonã ûĩ re'a
antigamente eu ficava sempre junto de você,Akûeîme apytá memẽ nde pyri
temos coisas em comum,Îarekó o îomba'e
você abusou de alguma criança enquanto ela dormia?,Ereîapyaípe pitanga amõ i kerype?
eu estou embasbacado,Xe rembeirĩ
"enfim, os jovens escondem seus maus comportamentos","Aûîé, kunumĩgûasu o ekó-aíbeté oîomim"
"os anjos estão felizes, festejando este dia","Sory karaibebé, ikó 'ara momoranga"
"qual é a causa de nos amar, santa maria?",Mba'epe Santa Maria asé raûsupaba?
"não fomos nós, mas nossos subordinados","Na oré ruã, oré kyra é"
o beijei,Aîpyter
eu estou em guerra,Xe marãmotar
"assim como você não quer que alguém lhe furte suas coisas, cuide para não furtar as coisas de outra pessoa","Nde îosuí nde mba'e resé abá mondarõ nde i potare'yma îabé, teumẽ abá mba'e resé é mondarõmo"
você obedeceu às palavras do governante da aldeia ou ao seu mestre?,Ereîporakápe taba rerekoara nhe'enga koîpó nde mbo'esara?
quase fui,Asosûé
eu tenho mãos rápidas para agir assim,Xe pó-py'i emonã gûitekóbo
debaixo da pedra,itá gûyrype
"meu irmão, perdoa-me","Xe rybyt, nde nhyrõ xebo"
"aqui estão meus chifrões, meus dentes","Kó xe 'akusu, xe ranha"
tenho jeito para isso,A'ekatu mba'e resé
mandaram colocar uma roupa branca nele como meio de maltratá-lo,Aó-tinga mondebuká sesé serekomemûãsabamo
"por aí, por essa parte",ebapó rupi
"entendedor de animais, bom caçador",so'o-kugûaba
sabem bem da sua futura saída dali?,Oîkuá-katupe a'e suí o semagûama?
dói muito ao homem perceber a própria morte,Sasy-eté abá supé ogûe'õnama anduba
faça-se a sua vontade,T'onhemonhang nde remimotara
escolheu-a para ser sua futura mãe,I pysyrõû o syrama resé
sua busca por pessoas entre as mulheres,Kunhã ri i moreká
todos morreram,Omanõ-mbá
vou com pedro,Orosó Pedro pabẽ
derrubam a ponte,Îarybobõ omonguî
livra-me!,Xe pysyrõ îepé!
espalham pelas aldeias homens que pregam para as pessoas,Apŷaba abá mombegûara oîmosãî taba rupi
que índios são esses?,Mba'e apŷabap'aîpó?
rapaz,kunumĩ-a'uba
eu tenho muito valor,Xe repy-etá
ele é grande,Xe reburusu - Eu sou grande Seburusu
tenho os olhos tortos,Xe py-bang - Eu tenho os pés tortos Xe resá-bang
pedro foi o primeiro,Pedro ranhẽ osó
"de que parte, de que lugar específico?",umã suí-katu?
tenho medo; tremo!,"Asykyîé, aryryî!"
deu as coisas desaparecidas que você achou para seu dono?,Ereîme'engype mba'e-kanhema nde basemagûera i îara supé?
"o homem, quando um filho seu morre, fica longamente em pranto",Abá o a'yra re'õneme oîase'o-erekó-puku
"os que foram seus companheiros, seus ex-companheiros",irũmbûera
fiquei em pranto,Aîase'o-rekó
"segundo seu costume, certamente deus te perdoará, afinal",O poekûabo ipó Tupã nhyrõnamo ndebe ko'yténe
cavei-o duramente,Asybykoî-atã
açoito pessoas frequentemente,Xe poronupã îaby
carreguei-o às costas,Aîar xe aseî
eu tenho um mestre,Xe porombo'esar
pagou alguma vez por seu comportamento assim?,Osepyme'engype erimba'e emonã o ekoagûera?
você atacará os índios,Apŷaba eresepenhãne
e agora?,ko'yr é-katuetépe?
nós combatemos uns aos outros,Oroîogûerekó
não seja mentiroso por causa de ninguém,Nde remo'em umẽ abá resé
eis que este é discípulo de jesus,Iesus boîá ã ikó
"eis que minha alma, lugar de sua vinda, estará como seu leito","Kó xe 'anga, nde rusaba, nde rupabamo t'oîkó"
você atraiu alguma mulher para junto do seu próximo?,Ereîmonharõpe kunhã amõ nde rapixara pyri?
sofrerá também alguma coisa estando ali?,Oîporará abépe mba'e amõ eboûĩme oîkóbone?
"o menino belo está deitado, suportando o choro","Îase'o porarasápe, kunumĩ-poranga ruî"
tapei-o,Asesaatyká
o que estava à sua direita,i 'ekatûaba kotysaba é
eu estou úmido,Xe akymaíb
tendo alegria depois de sua morte,O manõ riré toryba rerekóbo
é difícil para mim tentá-los,I abaí xebo sa'anga
cuida para não abandonar tua obra,Teumẽ nde rekó mote'ebo
para que nada te deixe ignorante,Te'itenheumẽ mba'e amõ nde motekokuabe'yma
afastando o diabo,anhanga pe'abo
aquele que não repete seus antigos pecados,O angaîpagûera reroîebysare'yma
cacos de pedra,itá-pesembûera
pelo sinal da santa cruz livra-nos tu,Santa Cruz ra'angaba resé oré pysyrõ îepé
os peixes que ele apanha não são segundo a quantidade deles,N'i îáî pirá sembiara
eu vivo conversando,Xe nhe'engixûer gûitekóbo
por que libertas aquele por quem nos cansamos?,Marãpe ereîpysyrõ oré kane'õagûera?
"tu foste chocarreira, estando deitada sobre teu próximo?",Nde arũaípe nde rapixara 'arybo eîupa?
por que alguém se casa?,Mba'erama resépe abá mendari?
que coisa você busca?,Mba'e resépe ereîkó?
cozinhe o peixe,Emoîyb pirá
pus o sapato,Aîpyapasá-mondeb
"isso me diz respeito, é o que me concerne",Xe resendûara ebokûea
minha antiga região,xe retãmbûera
serei bom,Xe katupe ká
também furou minha cabeça,Omombuk-y bé xe akanga
o que disseram seus adversários ao irem?,Marã e'ipe supîarûera osóbo?
tipo de corte de cabelo dos índios,andyrá-'aba
"apresse-se, corra, venha!","Nde apûan, enhan, eîu!"
dizem que eu vou,Asó ra'e
saiu para o pátio,Osem okarype
você usou feitiço?,Mosangape ereîpuru?
como os inimigos e os soldados o trataram quando o apanharam?,"Marãpe tobaîaretá, maranaritekoara, i pysyka, serekóû a'ereme?"
semelhante a uma roupa de querejuá que brilha mais do que o sol,Aó-kereîûá kûarasy sosé oberaba'e nungara
rego de água,y rapé
veio um grande chefe,Oú tubixá-katu
"assim que eu fui, ele veio",Xe só abé turi
"a gente os tem, cada um o seu próprio?",O îabi'õpe asé serekóû?
fiz dele meu captor,Aîmoembiaryîar ahẽ xe îoesé
não por eu sair,Na xe sẽmbeî
às vezes nosso remédio não faz efeito,Sarûab amõme asé posangygûaba
já não quero viver neste mundo falso,N'aîkó-potari ymã ikó 'ara'uba pupé
agi ordenadamente,Peîkó-aturõ
"quando chegou o oitavo dia, cortaram seu prepúcio",Mokõî oîoirundyk oito 'ara sykeme i 'apira mondoki
"todos eles voltaram para trás, caindo no chão de costas.","Opá i îeakypûereroîebyri, o atukupé pyterybo o'á ybype"
"portanto, tornamo-nos totalmente escravos do diabo?",Emonãnamope anhanga remiaûsubamo pabẽ asé nhemonhangi?
ai! por que você me bate?,Akaîgûá! Marãpe xe ri erepûá?
arraia pitoca,Îabebyrasyka
cortei madeira,Aybyrá-kytĩ
é o modo de ser deles?,Sekoaba nhẽpe?
eu estou faminto,Xe ambyasy
eu sou destro,Xe poîabab
o que vai à roça,kopîasoara
"o que é sem mistura, puro, de uma só espécie",oîeperemõndûara
apoio a sua cabeça,Aî'a-kok
antes de embelezar sua alma,O 'anga moporangukar e'ymebé
tenho arrepios,Xe aning-aning
saca,aîogûasu
arranquei o miolo dele,Aîputu'umbok
tempo de rogar a deus pelas almas,angûera resé Tupã mongetasagûama
"caburé, vem correndo para que comamos os inimigos!","Kaburé, îori enhana tobaîara t'îa'u!"
você se confessou antes de seu filho nascer?,Erenhemombe'upe nde memby-kuî îanondé?
você não me detesta,Na xe reroŷrõî îepé
"palavras grosseiras, de zombaria",nhe'ẽ-memûã
"venham, para comer a criança, engolindo completamente o menino","Peîori pitanga gûabo, kunumĩ mokona mbá"
trago este homem aqui para que o reconheçam.,Ikó abá arur iké ta peîkuab
mas eu me esqueci completamente.,Xe resaraî-te-katu
eu sou barulhento.,Xe ryapu
"o doente, o que está doente.",mara'asara
"que ele visite nossa alma, dispersando os vícios dela.","Oré 'anga t'oîosu, sekopoxy mosasãîa"
a gente reza frequentemente para santa maria?,Oîmongetá-py'i-py'ipe asé Santa Maria?
minha ida não deu certo.,I rambûer xe só
hei de dar ova de peixe para você.,T'ame'ẽne pirá ruba endébo
bolota de sal.,îukyrapu'a
jesus fez você subir.,Îesu nde rupiri
o rosto da criança está alegre para eles.,Pitanga robá sesãî i xupé
perguntei a pero sobre seu pai.,Aporandub Pero supé tuba resé
eu sobrei.,Xe rembyrûer
cure minha alma somente com suas palavras.,Opûerab é ipó xe 'anga nde nhe'enga pupé nhote
mãos entorpecidas.,pó-e'õ
para quem a gente reza?,Abá supépe asé îeruréû?
estou me apoiando no braço.,Aîeatykok gûitupa
"grandes espinhos entram, espetando sua cabeça.","Oîké îugûasu, i akanga kutuka"
"neste vale, lugar de chorar.",ikó ybytygûaîa îasegûaba pupé
"certamente, lhe beijarei as faces.",A'e ipó asetobapé-pyténe
você ou eu,Endé konipó ixé
vamos à terra.,T'îasó ybyetépe
por quê?,mba'e resé?
fibras sujas.,pó-ky'a
eis que sofrem muito os que deus repeliu.,Sasyeté niã Tupã remipe'apûera
você esteve no roçado para plantar roça.,Ereîkó kopira resé kó tyma
traga água para mim.,Erur 'y ixébe
"veio, outrora, visitar esta minha terra.",Our kó xe yby supa rimba'e
"que eles gritem, chorando!","Ta sasẽ, oîasegûabo!"
eu dou uma tropeçada.,Xe pysakang
a verdadeira esposa deve ser substituída?,Sekobîarõmbyrape temirekó-eté?
aqui certamente há alguém,Ké abá rekóû anhẽ
o que se batiza,oîasukyba'e
fazendo alguém tornar-se seu alcoviteiro,O manhanamo abá moingóbo
você andou pelos caminhos de fontes com mulheres?,Eregûatápe nhaîmbiara rupi kunhã resé?
"você deve confessar primeiro sua atração por eles, no que diz respeito aos casados, depois",mendasara resendûara tekori
eu o fiz bem devagar,Mbegûé-katu aîmonhang
imediatamente começaram a gritar,Aûnhenhẽ sasẽ-sasemamo
aljava de ferro,itá-u'uburu
um pau me deslocou o pé,Xe py-mongaraû ybyrá
não tem limite nem fim,"N'i sykabi, n'i papabi"
vamos chegar ao céu,T'orobasẽne ybakype
sua visão aguçada desaparece e seus ouvidos se tampam,"Sesapysopûera kanhemi, iî apysaká oîe'obo"
"por isso mesmo, então, os judeus a puxaram com força, fazendo vir junto também a pele dele","Nd'e'i te'e a'ereme Îudeus sykyîatãmo, i pira abé reru"
eu me encosto nele,Aîekok sesé
fiquei esfregando-o com algo gorduroso,Aîkyty-kytyk mba'e-kagûera pupé
a roupa daquele me atrai,Xe momotar ahẽ aoba
a borboleta virou pássaro,Panama onhemogûyrá
um ladrão que foi preso como punição por chacinas,Abá-mondá morapitîagûera repyramo mundeokype i mondebypyrûera
injuriando-o,i agûabo
dois ladrões: um à sua direita e outro à sua esquerda,"Mokõî mondabora, i 'ekatûaba koty amõ, a'e amõ i asu koty"
vou tocar suas pálpebras,T'asóne nde ropé syka
"dois e dois, no total",mokõ-mokõî syk
não se aproprie das coisas de ninguém,Teumẽ abá mba'e resé é mondarõmo
será que o que será deixado é tudo?,Seîarypyrama ruã-tepe mba'e tetiruã kûáî?
nosso anjo da guarda,îandé karaibebé
vou buscar água,A'ypîasó
enquanto eu falo,Gûinhe'enga abé
cortei a fila deles,Asysy-mondok
eles são realmente muito fortes,Satãngatu-te nipó
não cessarão de dizer maldades,Marã 'é n'opyki xóne
contando as maldades escondidas de alguém,Abá angaîpá-nhemima mombegûabo
iriam para uma grande escuridão,Pytunusupe émo i xóûmo
limpou seu rosto com um pano branco,Osobá-syb aó-tinga pupé
eu tenho vermes,Xe rasok
eu tenho pernas tortas,Xe retymãnhemang
tear para redes,inĩ-ytá
saí dele há pouco,Asẽ amo'ĩ i xuí
pena de gavião,gûyragûasu-aba
ainda bem que deus me livrou do diabo!,Aûîeteramo rimba'e Tupã xe pysyrõ Anhanga suí re'a
a conspiração deles por toda parte,I îogûerekó kûeîkûeîbo
vou procurar meu pai,Asó xe ruba pé
então matarei alguns,A'ereme amõ aîukáne
por que você ficou gritando para ele hoje?,I xupé îasûá oîeí eresapuká-pukaî
não se afligem por nada,N'oîkotebẽî ma'e amõ resé
salto com ela,Aropor
protetora dos aflitos,moreaûsuba rerekoara
eu estou triste,Xe karukasy
torci a mão,Aîepó-mongaraû
que somente deus seja a causa de temor ao diabo,Tupã anhõ Anhanga sykyîabamo t'oîkó
ele é o anjo que ordena o enforcamento,"Karaibebé a'e, moroîubyka pûaîtara"
sou esquecido,Xe resaraîpotar
além do rio,y robaî
"eu, perguntando por ele, vim da minha casa","Ixé sesé gûiporandupa, xe roka suí aîu"
"esteja bem, ó meu mestre!","Eîkobé-katu, xe mbo'esar gûy!"
eu não tenho prepúcio,Na xe 'amopiri
ele me surpreendeu quando veio,"Xe resapy'a ahẽ, oú"
ele é bom se o que é contado for mesmo verdade,I marangatu supi é i mombe'upyra rekóreme é
"maria, mulher bondosa, ao engravidar, conforme dizem, é amaldiçoada pelo vício","Maria, kunhãngatu, o puru'aramo, ra'e, tekopoxy oîmomburu"
vem para arrancá-lo logo do interior dela,Îori sekyîa taûîé i py suí
anuncia os que vão se casar,Ogûeronhe'eng i mendarypyrama
me vanglorio,Aîerobîatenhẽ
os corpos miseráveis dos homens pecadores e das mulheres pecadoras terão bernes e vermes,"I ur, sasok abá-angaîpaba, kunhã-angaîpaba reté-a'ubane"
"existe o meu auxiliar verdadeiro, que trabalha ao meu lado","Oîkobé xe pytybõanameté, xe pyri marãtekoara"
vou comer hoje seus braços,T'a'u kori i îybapûera
não quero ir para longe,N'asó-potari mamõ…
peixe inútil,pirá-poxy
"ao se arrepiar, o desejo sensual fez com que seus olhos aumentassem?","Enhemopiringa, moropotara nde resá moîo'arype?"
adoeci por causa dele,Aromara'ar
seus cadáveres estavam uns ao lado dos outros ao longo do mar,O îoybyri se'õmbûera paranã ybyri i kûáî
minha alma foi atraída pela beleza da sua alma,Onhemomotá xe 'anga nde 'anga poranga ri
vocês estarão aflitos hoje,Pe poreaûsu korine
"sim, aqui estão também minhas garras, meu rabo comprido, meus ganchos","Îé, kó bé xe pûapẽ, xe rûaîpuku, xe tyãîa"
"você mentiu sobre o seu próximo, difamando-o?",Nde remo'emype nde rapixara resé i moerapûanaípa?
eis que nos vence a todos,Opá ã îandé moaûîéû
aquele que perseguiu o cão de seu próximo,O apixara reîmbaba îagûara remimomosẽgûera
cutelo de ferro,itá-kysegûasu
"asse para mim o lourenço tostado, embora eu seja um rei","Xe resy Lorẽ-ka'ẽ, xe morubixaba biã"
o juiz mandou cortar as orelhas do ladrão,Morubixaba mondá îaînambi-'okukar
estive por muito tempo,Ymûanĩ xe rekóû
por acaso ele tinha sangue escorrendo pelo rosto e pelas costas?,Sugûy-syryk serã sobá rupi i atukupé rupi bé?
eles se consolam muitíssimo,I apysy-katueté
"os padrinhos, junto com o padre ou com outra pessoa, não podem casar-se com aqueles que batizaram",Abaré koîpó amõ abá pyri morerokarûera nd'e'ikatuî omendá gûemierokûera resé
traga peixe para que o coma,Eru pirá t'a'une
o padre fica aflito ao passar ali,Oîkotebẽ abaré uĩ gûasapaûama ri
"afastando o diabo, assim como a morte","Anhanga pe'abo, te'õ resebé"
eis que a aflição oprime grandemente minha alma,Naetenhẽ ã tekotebẽ xe 'anga apypyki
"que estes, em quem mandas, lancem fora toda a maldade",Kó nde remimbûaîetá t'oîtyk pá tekopoxy
eu fiz confusão,Xe apaxixã
digo que está muito bem,Ne'ĩ a'é
esses homens são os que nos trazem riquezas,Aîpó abá ma'e îara îandébe
amando a tua grande beleza,Nde porãngatu raûsupa
acaso o maldito estava com a cintura fendida?,I ku'a-bok serã moxy?
confia em mim,Eîerobîá xe resé
o sol certamente brilha depois de passar a grande noite,Kûarasy nipó oberá putunusu kûab'iré
invejar as coisas boas de alguém,Abá mba'ekatu moasy
deixem-nos deitados,Te'inhẽ oupa
você chorava sempre,Ereîase'o îepi
hoje você ficou gritando para ele,I xupé oîeí eresapuká-pukaî
a mãe de deus é muito misericordiosa,I poraûsubá-katu Tupã sy
"aqui os homens estão, na verdade, me ameaçando",Ké abá rekóû anhẽ xe renopu'ã-pu'ama
afastará os maus dos bons?,Oîpe'ape i angaîpaba'e i angaturamba'e suíne?
não quero que ele se aproxime de vocês,N'aîpotari pe ri i xyka
desceu até o centro da terra,Ogûeîyb yby apyterype
"ontem, é verdade, alguns sumiram","Kûeîsé, rakó, amõ kanhemi"
apenas não me matou,Sãî na xe momanõî
meus pés escorregaram,Xe py-syryk
"serão fedorentos, muito podres, corroídos de vermes e de bernes","I nem-eté, i tuîuketé, tasoka, ura remimongûyamone"
"a mãe de deus, que me ameaça","Tupã sy, xe momburûara"
o que disse a mulher que guardava a porta a são pedro?,Marã e'ipe kunhã okena rerekoara S Pedro supé?
"finalmente a terra se abre, engolindo-os; finalmente, com o diabo vão os que pecam","Teîpó yby oîe'apa, i mokona, teîpó Anhanga irũnamo i angaîpaba'e osóbo"
pranteiem logo a vossa miséria; comecem a se lamentar,"Taûîé pe poreaûsubagûama rapirõmo, peîemoangekoaíb peína"
vida longa à minha alma,Xe 'anga rekó-puku
isso é verdade?,Anhẽpe ûĩé?
"graça é seu nome; eis que esta é a que deve ser chamada ""tua rainha""","Grácia sera, kó nde rainhamo senõîmbyra"
eu estou tingido de jenipapo,Xe îanypagûer
insisti,Na xe apysáî
"você alternou alguns dias de guarda, sem entrar na igreja?","Ereîmopa'ũpe 'areté amõ, Tupãokype eîkee'yma?"
"a cruz, lugar onde se pregou a cristo, nosso senhor, os judeus a enterraram",Cruz Cristo Îandé Îara moîaragûera îudeus otym erimba'e
iria cair,A'arixûer
nós temos muitas igrejas,Oré tupãoketá
você vomita cauim?,Ereîmoîebype kaûĩ?
lembrem-se das almas dos falecidos,Penhemoma'enduar ambyra 'angûera
olhando pela ponta dos seus olhos,Nde resá-popybo ema'ẽmo
não há como os que caminham passarem por mim,N'i tybi xe rasapaba ogûataba'e supé
o que é isso?,Mba'ep'ipó?
você procedeu segundo a determinação do padre para você?,Ereîkópe abaré nde moingoaba rupi?
deixe que venha primeiro,T'oú turi - Deixa-o que venha T'oú turi ranhẽ
o que escurece roupas é o tintureiro,aó-moundara
batendo em sua cabeça com aquela cana,I akanga resé a'e takûara reropûá
arrancando suas aflições,I poraûsuboka
eu os distribuo,Aîma'e'ĩ
"ando nu, vivo nu",Ikatupe aîkó
"ai, como você é enfadonho, de fato!",Tekatunheté rakûé endé hegûy!
quando se supõe que a morte vá cair sobre si,Te'õ o îoesé i 'a-mo'angeme
para quem a gente reza pela felicidade futura de sua alma?,Abá supépe asé îeruréû o 'anga rekokaturama resé?
"logo depois que morrerem, irão para o céu os que foram semelhantes a algo assim?",O manõ riremẽ serã emonã nungara sóû ybakypene?
será que eu vou?,Asóp'ixéne ri?
talvez este pássaro grande queira me agarrar novamente,Xe pysy-potar-y bé serã kó gûyragûasu
"nanaú, nanauí: licor de ananás, bebida fermentada que os índios faziam com tal fruta",naná-'y
parece provável que a sua morte tenha sido a finalidade com que seu pai o fez viver,Tuba i moingoaba se'õ a'e i aîarõ
levo uma boa vida,Tekó-katu aîporará
estou admirado com você,Xe putupab nhẽ nde ri
vela por nós,Ema'ẽngatu oré ri
pessoa tagarela,abá-nhe'engixûera
sua luz chegou até nós para sempre,Osyk oré ri sendy îepi nhẽ
confiando na formosura de muitos em si,O matueté aysó resé é oîerobîá
vou ouvir em vão,T'asendu tenhẽ
"vingo-me deles, de fato, depois que seu povo se tornar bom","Aîepyk anhẽ sesé, i anama katu riré"
"na verdade, vou me enfeitar, pintando-me de preto",Aûîeté pakó aîegûak ûiîemoúna
muito tarde,ariré é
você está no paraíso para sempre,Endé tupãrorypápe aûîeramanhẽ ereîkó
eu tenho um preço bem baixo,Xe repy-mokonhõ'ĩ
fiz desaparecer todo o meu entendimento,Xe tekokuaba opá amokanhem
indo até a borda da floresta,Ka'a-embe'ype osóbo
eu sou calvo,Xe 'apytekuî
homem fugitivo,abá-kanhema
tomando poções para não conceber uma criança,Pitanga nhemonhanga suí oîeposanõ-sanonga
eu sou alto,Xe puku
as mexi,Aîapamonan
"embora apenas uma vez alguns anjos tenham transgredido a palavra de deus, por causa disso apenas deus os tornou demônios","Oîepé nhõngatu erimba'e karaibebé Tupã nhe'enga abyû biã, sesé nhõ Tupã i moingóû Anhangamo"
costumo me lamentar,Xe mba'e-moasy îá
"enfim, à sua esquerda estão os que foram pecadores",Aûîé i asu koty é i angaîpaba'epûera oîkóbone
quando o vento te trespassar,ybytu nde rasapápe
eu tenho muita felpa,Xe rabusu
estamos aqui para nos alegrar,Kó oroîkó oronhemborypa
"vou comer hoje seus braços, caburé, suas pernas","T'a'u kori i îybapûera, Kaburé, setymãmbûera"
"o fogo dele, ao descer, queimou tua alma",Nde 'anga osapy satá ogûeîypa
habitante de fronteira,tatobapyygûara
aqui vem um urutaurana,Ké urutaûrana ruri!
elas não conhecem o pecado,Eboinga tekoaíba nd'oîkuabi
meu pai foi?,Xe rubape osó?
"venham, abracem o neném compadecedor","Peîori, peîaîubã pitangĩ-moraûsubara"
"o senhor jesus é terrível, fazendo nosso inimigo tremer","I abaeté pa'i Îesu, îandé sumarã mondyîa"
o ralando,Seébo
"você tomou as coisas de alguém, o objeto do furto do seu próximo, ou o que ele esconde?","Ereîarype abá mba'e, nde rapixara mondarõagûera koîpó semimima?"
eu estou poento,Xe yî
no futuro me abundará toda a felicidade desejada,Xe resemõ irã mba'ekatu-pabẽ i potarypyra
vou atrás dele,Sakypûeri asó
"cuidem-se para não quererem ser como eu; antes, se eu estivesse como vocês, sofreria todas as coisas dolorosas neste mundo para aplacar a deus","Peteumẽ xe îabé peîkó-potá, xe monẽ pe îabé gûitekóbomo opá mba'easy aîporará ikó 'ara pupé Tupã monhyrõmomo!"
atiramos o vício fora,Tekoaíba oromombó
"como recompensa por seu muito amor a ele, deus certamente o levou, com seu corpo, para o céu","Ogûaûsukatuagûera repyramo, Tupã ipó serã serasóû seté resebé ybakype"
"logo depois de lhe dizerem aquilo, lançou no templo o pagamento por seu senhor","Aîpó oîoupé 'é abé, o îara repypûera reîtyki Tupãokype"
aqui está seu danador,Oîkobé nde arûara é
foi para longe por ocasião de um dia santo?,Tupãneme nhẽpe eresó kûepe?
quando foi visitá-la? - por ocasião da gravidez de seu filho são joão,-Erimba'epe i xóû i xupa? -I membyra São João rurureme
seu coração se rompeu por amor a ele,Obok nde nhy'ã saûsuba resé
a noite inteira ele não dormiu para ficar perturbando os índios!,"Pysaré kó i kere'ymi, apŷaba pobu-pobu!"
o que deus dá de acordo com seus propósitos,Tupã remime'enga o ekopotasaba rupi
o cão é ávido,I mba'e-potar îagûara
"lentamente, enfim, o homem perde o entendimento, e sua tosse irrompe","Mbegûé é ko'yté abá tekokuá kanhemi, iî u'u osororoka"
de modo nenhum os temiminós tiram seus nomes antigos,Naînanĩ temiminõ o erumûana mombó
você é bendita entre as mulheres,I mombe'ukatupyramo ereîkó kunhã suí
você detestou o seu próximo e ainda passou a chamá-lo por nomes?,"Ereîamotare'ymype nde rapixara, serok-y -bé-kybémo?"
muito bem! vou ser castelhano,Aûîé nipó! Kasianamo t'aîkó
"é doloroso deixar o vício e a má vida; contudo, depois disso, o homem se consola muito","Sasy tekopoxy, tekomemûã pe'a biã, aûîeté a'e roîré abá apysykaturamo"
"para fazer festa para você, minha família me fez vir",Ndebo toryba monhanga xe anama xe mbouri
vai prová-los para que transgridam a palavra de deus,"Eîori sa'anga, rõ, t'otupã-nhe'engaby"
"você bateu em uma mulher grávida, matando o feto dela?","Erepûarype kunhã muru'abora resé, pitanga îukábo i xuí?"
vomitei,Agûe'en
"para confortar a sua alma, nós o abraçamos","Nde 'anga moapysykápe, oroîaîubã-îubã"
eu sou fibroso,Xe raîy-raîyk
vou arrancar lenha,Asó îepe'abá
um dia muito brilhante,aresakangeté
nós nos igualamos uns aos outros,Oronhomoîoîá
todas as nuvens que caem do céu cobrirão a terra,Yby opá ybytinga ybaka suí o'aryba'e i aso'iûne
por isso,emonã resé
deus também dá neste mundo algumas coisas aos que são bons?,Oîme'eng-y bépe Tupã ikó 'ara pupé mba'e amõ i angaturamba'e supéno?
"ah, eu fui muito pecador!",Xe angaîpabeté'ĩ ra'u mã!
eu sou o grande tamoio aimbirê,Xe tamũîusu Aîmbiré
"você falou duramente com alguém, irritando-o?","Erenhe'eng-aparatãpe abá supé, i moŷrõmo?"
me deu apenas uma pancada de ponta,Xe sok îõte
"você visitou o covo de alguém, esvaziando-o?",Ereîosubype abá îeke'a i poroka?
aos poucos a ave fica papuda,Mbegûé-mbegûé gûyrá nhemoaî
"esses moçacaras são famosos, que esgotam verdadeiramente o cauim","Serapûan kó mosakara, kaûĩ mboapŷareté"
"doença superficial, indisposição, enfermidade leve",mba'easy-aíba
"mas eu, sentindo saudades suas, gosto muito de você","Xe-te, nde repîaka'upa, oroamotá-katu"
o que lhes dá a virtude,i xupé tekokatu me'engara
"amaldiçoa você, temendo ver seu rosto","Nde momburu, nde robá repîá-poûsupa"
não atacar as pequenas maldades dos homens,Abá marã sekoagûerĩ resé nherane'yma
a gente o honra mesmo como se fosse seu próprio pai?,Og uba îakatu tenhẽpe asé i moetéû?
você quer seu batismo?,Ereîpotápe nde nhemoîasuka?
"isto era muito preto, de fato",Moroũ-mbyry nakó
aqueles serão saciados,A'eba'e i moytarõmbyramo sekóûne
desceu para o meio da terra,Ogûeîyb yby apyterype
"venham, índios, em uníssono","Peîori apŷabetá, oîepé"
os que têm a bem-aventurança são os que choram,Tekokatueté rerekoara oîase'oba'e
de que parte? de que lado?,marãngoty suí?
"a chuva começava a cair ao amanhecer, enchendo o mar","Oky-ko'ẽ-ko'ẽ amana, paranã mopungábo"
venha para lavar minha alma,Eîori xe 'anga reîa
mais do que todas as coisas dolorosas que estão neste mundo,Opakatu ikó 'ara pupîara mba'easy sosé
a gente pede a deus somente pelas coisas que deve comer?,Mba'e i 'upyra resé nhõpe asé îeruréû Tupã supé?
matador de nossa alma,Îandé 'anga îukasara
eu estou inchado,Xe pungá
vá neste dia,Osó kó 'ara pupé
o que anuncia as coisas é o pregador,mba'e reronhe'engara
"aqui estou, eis que aqui estou",Aîkó
creio na distribuição das virtudes dos santos,Arobîar santos rekokatu nhemoîa'oîa'oka
"o que disseram os judeus, seus perseguidores, a ele?",Marã e'ipe Îudeus i piaretá i xupé?
defequei,Aka'ab
tendo medo dos judeus,Îudeus suí osykyîébo
"em sua direção, fazendo-me voltar",Nde koty xe rerobaka
todas as pessoas vão fazendo as ladainhas,Opakatu abá sóû ladainhas monhanga
"nosso espião vá primeiro, à nossa frente",Îandé manhana ranhẽ t'osó îandé renondé
eu meço a profundidade do rio,Aty-ypy-a'ang
será que os habitantes do céu não desobedecem nem sequer um pouco à vontade de deus?,N'oîmomarã-mirĩ-angáîpe ybakygûara Tupã remimotara?
"o homem que tenta, sem resultado, ter relações sexuais com uma mulher não pode se casar",Apŷaba kunhã resé o ekó osa'ang-îepeba'e nd'e'ikatuî omendá
"a gente chama-os de ""anjos"" porque vão por vontade própria para longe, como que voando, muito rapidamente","Korite'ĩ-aíbeté obebébo berameĩ kûepe o emimotarybo i xóreme ""karaibebé "" asé i 'éû i xupé"
estou deitado de bruços,Oobapybo aîub
fico muito feliz em ouvi-lo,Asendu-potakatu
as igaçabas estão sempre cheias,Tynysẽ memẽ ygasaba
digo a verdade,Anheté a'é
a união com a nossa carne,îandé ro'o resé îese'aragûera
é terrível para mim vê-los,I abaeté sepîaka ixébo
estou com ele,Irũnamo aîkó
esse mesmo,ebokûé aé
eu a ordenhei,Aîkambyamĩ
"aprenda sobre a palavra de deus, na qual crerá",Onhembo'e Tupã nhe'enga o emierobîarama resé
vamos pelo seu caminho para encontrá-lo,T'îasó sapépe sobaîtĩamo
por que ele vive tendo coisas boas mais do que eu?,Marãmo ahẽ rekóû o mba'e-katuramo xe suí?
a que tem o nome santa maria,Santa Maria seryba'e
eu ainda estava cansado,Xe pûeraî mbyté
vim novamente para expressar minha alegria,Aîur-y bé xe roryba mombegûabo
as pedras continuaram a se quebrar ao meio,Itá oîeká-îeká o îopyterybo
sou ágil com as mãos,Xe poapyî
"basta, você me matas!","Aûîé, xe îuká îepé!"
os que se casam e são traidores um do outro transgridem muito a palavra de deus?,Oîabyetépe omendaryba'e Tupã nhe'enga o îosuí omondarõmo?
"tendo medo, você faria bem","Esykyîébomo, ereîkó-katumo"
"você, ao contrário, obedeça a ele!",-Esapîá-te!
"leve-o, vamos ver! vamos ver se você o leva!",Erasóne ra'u!
após derramá-la no recipiente do qual ela bebe ou em alguma casca de coco,I gûaburu koîpó inaîagûasu apepûera amõ pupé i nhang'iré
"fazemos passar as flechas dos malditos, esquivando-nos diante deles","Îamongûá moxy ru'uba, i xupé îaîemoîtỹamo"
você estava realmente dormindo?,Ereké-pipó eîupa?
"que retire as coisas más da minha alma, enchendo-a com seu amor",T'ogûenosem mba'e-aíba xe 'anga suí o poroaûsuba resé i moynysema
água doce,y-eté
"por isso mesmo, o ladrão é quem deve ser enforcado como pena por seus roubos passados",Nd'e'i te'e abá mondá iî aîubykypyramo oîkóbo o mondarõagûera repyramo nhẽ
"oxalá eu esteja muito bela, para que os homens me desejem","Xe porangeté temomã, a'emo abá xe potari"
imitei-o fingindo,Asa'ang-a'ub
mostrando-lhe certa árvore que estava no meio do seu jardim,Amõ 'yba gûemityma pyterype o'amba'e kuabe'enga
vamos logo!,"Ene'ĩ, t'îasó taûîé!"
o que existe neste mundo,ikó 'ara pora
não há nada cujos detalhes ele não conte,Nd'oîkóî mba'e amõ semiasapy-papare'yma re'a
não sou eu que vou,Na ixé ruã asó
eis que enfim já chega!,Aûîé ã ko'yté!
o senhor não sabe que eu sou um beberrão?,Nd'oîkuabipe ta'a kagûaramo xe rekó?
eu estou tenso,Xe aparatã
porei armadilhas para eles,Aîekotyrung seséne
quem toca o tambor é o tamborileiro,gûarará mopusara
"todos juntos, todos de uma vez",oîepekatu
enterrando os antigos vícios,Tekopoxypûera tyma
eis que eu sou homem,Xe abá niã ixé
"por isso mesmo, só restará chorar sem parar",Nd'e'i te'e îase'o anhõ monhanga i mombyke'ymane
silêncio! avante!,Pe'ĩ tîá!
quem está doente,i mara'aryba'e
que os comam os que ficaram em nossas casas,T'o'u îandé roŷpyrûera
estou com olheiras,Xe resakûarumbyk
como também recompensa pelo arrependimento delas,I moasyagûera repyramono
mas seria difícil para as pessoas comerem minha carne,A'e iî abaíbymo abá supé xe ro'o 'u
pele imunda,piryty
derramo o sangue dele,Asugûy-mo'ẽ
não queiras que eu te lance no inferno para me vingar de ti,Eîpotar umẽ nde resé o îepykápe anhanga ratápe nde reîtyka
irei à frente de vocês,T'akûáne pe renondé
"essas rãs, coma-as em retribuição por isso",Ikó îu'i t'ere'u sepy resé
"esta igreja é bonita, com muitos enfeites!","I porang kó tupãoka, îegûakabetá rerupa!"
dia muito quente,arakubeté
as estrelas se escondem bem longe,Îasytatá kûepe é i nhemimi
quem devoraremos primeiro?,Abápe îa'u raẽne?
derrame suas lágrimas por detestá-los,Nde resa'y eîmondyky seroŷrõsápe
os reis apressados vieram até o nenenzinho,Reîá-anhẽ  pitangĩ supé oú
eu tenho os pés tortos,Xe are'a
você comeu terra?,Ere'upe yby?
cuidado ao esconder-lhe o que faz,Tîaté i mĩme i xupé marã oîkóbo
jaz de lado,Opemo aîub
"existe meu auxiliar verdadeiro, o chefão aimbirê","Oîkobé xe pytybõanameté, tubixakatu Aîmbiré"
a gente acredita nisso?,Ogûerobîarype asé eboûinga?
entra hoje no meu coração,Eîké kori xe nhy'ãme
aguei-a,Aîamõ
ficamos bradando a você,Ndebe orosapuká-pukaî
levando nossa alma ao céu,Ybakype asé 'anga rerasóbo
atei-lhe penas,Aîpepó-pûar
"os tupiniquins, habitantes daqui",tupinakyîa keygûara
"não faz mal, não há problema",Na sasyî
"enfim, me obedeceram","Rumby, xe rapîá"
onde deus está?,Mamõpe Tupã rekóû?
fujo,Aîabab
seu cadáver dormiu demais?,Okeretápe se'õmbûera?
"igualmente, a morte está entre os jovens e os velhos; não está longe, mas ainda assim não deixa de chegar às outras pessoas","Oîoîá te'õ rekóû kunumĩgûasu suí tuîba'e suí bé, napûeî, ndaroîaî amõ abá mopanemi"
só quando você bebe cauim quer ser valente?,Kagûápe nhõ nde ratãngatu-potá?
por que põe sua saliva no nariz da gente?,Mba'erama ripe asé tĩme o endy moíni?
"se for difícil impedir essa minha morte, que a minha vontade não seja cumprida","Aîpó xe re'õnama rambûera abaíme, t'onhemonhang umẽ xe remimotara"
este dia é feriado,Kó 'ara marãtekoabe'yma
eis que tenho sede,Xe 'useî ã
destilando algo muito amargo,Mba'e-rob-eté tuku-tuku okûapa
que você esteja prostrado no lugar onde se infligem sofrimentos,T'ereîub moreaûsuba monhangápe
sofri acidentes,Amanõmanõ
"é famosa guaraparim, e tem uma igreja","Serapûan Gûaraparĩ, Tupãoka rerokupa"
me alegro,Aîkonhẽ
o que eu costumo comer,xe remi'utyba
você foi à roça no domingo ou em algum dia de guarda?,Erekopîasópe domingo koîpó 'areté amõ pupé?
sua nuca ficando a esmurrar,i aŷpy atyká-tykábo
o que é feito de barro,nha'uma suí i monhangymbyra
lembre-se bem de que morreu por sua causa,Nde ma'enduá-katu nde resé se'õagûera resé
que queimem no seu fogo,T'okaî nde ratá pupé
"estou cheio de furos, estou esburacado",Apu-puk
vem no dia da nossa terra para visitá-la,"Eîori oré retama 'ara rupi nhẽ, i xupa"
o que diz o primeiro deles?,Marã e'ipe iîypy?
toma logo meu coração e minha alma como coisas suas,Xe py'a xe 'anga eîar nde mba'eramo taûîé
"por defender o amor a jesus cristo, o mataram","Îesu Cristo raûsuba resé i îepirapûaneme, bŷá i îukáû"
água corrente,y-syryka
saiu para o pátio chorando muito dolorosamente,Osem okarype oîase'oasykatûabo
"os cristãos como uma unidade, a união deles","I mongaraibypyretá oîepegûasu îasûá, i îogûerekó anhẽ"
meu jogo me agradava,I porambyrambykĩ xe nhemosaraîa ixébo
o que suas palavras proclamam,i nhe'enga mombegûara
que lancemos fora a nossa maldade,T'oroîtyk oré poxy
"estorvo do anzol, isto é, a corda com que se reata este",pindá-aŷpypûasaba
aquele que tem bem-aventurança é o que não agride,Tekokatueté rerekoara onherane'ymba'e
"você urdiu mentiras contra alguém, desonrando-o?",-Eresekyîpe îuraragûaîa abá supé i motĩbyka?
"assim como a nós, deus vê as minúcias de todas as coisas","Îandé îá, Tupã opakatu mba'e rasapy-epîaki"
passeei,Aîebyîebyr
"perdoe-lhes, ó meu pai!","Nde nhyrõ i xupé, xe rub-y gûy !"
mandando fazê-los embarcar numa arca de madeira semelhante a um navio,"Ybyrá karamemûã, ygarusu nungara pupé, i mo'aruká"
por isso mesmo as malditas correm como faíscas de fogo,Nd'e'i te'e moxy onhana tatá piririka îá
o limite da minha roça,xe kó sykaba
"futuramente, os fatos serão muito terríveis para os que são maus, levantando-se com sua fealdade e seus corpos escuros","I abaeté-katu irã tekó i angaîpaba'e supéne, o poxy, o eté-una reropu'ama"
mandando fazê-los embarcar numa arca de madeira semelhante a um navio,"Ybyrá karamemûã, ygarusu nungara pupé i mo'ar-uká"
nesta noite teve início,Kó pytuna ri sy-ari
o inventei,Aîypymonhang
quem faz com que o nome de deus seja louvado?,Abá-abápe Tupã rera oîmoeté-ukar?
"os que não acreditavam nele trabalharam juntos, preparando-se para flechá-lo","Serobîasare'yma potyrõû, iî ybõîybõmo"
eu lhe pelo a cabeça,Aî'abo'o
tremor de doença,karasy-ryryîa
"comedor deles, sobram-me sauiás, causa das caçadas","I gûara, îeporakaba, xe resemõ saûîá"
afastem-se daquele que eu guardo!,Pepo'i xe remiarõ suí!
"tijucal, grande atoleiro, pântano",tuîukusu
colares azuis não vistos,Mo'yrobyeté sepîakypyre'yma
"por isso mesmo, os moços, quando são convidados pelos chefes, entram sempre no lugar de beber cauim","Nd'e'i te'e kunumĩgûasu, morubixaba o sogûápe, oîkébo memẽ kagûápe"
"depois desse momento, vou atacá-los",A'e ré t'asepenhan
a descida dele,serogûeîypaba
você não tem o coração despedaçado de aflição,Tekotebẽ suí nde nhy'ã-boke'ymi
"durante a estadia dele no ventre de sua mãe, deus o santificou",O sy rygépe sekó remebé Tupã i mongaraíbi
acordo bem de madrugada,Îeîbeté apak
despertando-me do meu pesado sono,Xe keranama mombaka
"eu, tatapitera, assim como meu grande fogo, inflamo os antigos ódios","Xe, Tatapytera, xe tatagûasu îabé, asapy nhemoŷrõmbûera"
não querendo sua infelicidade,Sekomemûã potare'yma
trouxe muitas destas ostras,Aruretá kó reri
me envaideço sem motivo,Anhemoeté-a'ub
faço com que pedro tenha roupa,Aîmoaob Pedro
eu não tenho preço alto,Na xe repy-marangatuî
"você não poderá doravante juntar-se à sua esposa, porque isso é um procedimento muitíssimo inconveniente","Nd'erékatuî xûé angiré nde remirekó rerobyka, ã tekó-abaíbeté-katureme"
muitas chamas de fogo,tatá-endy-etá
você os achou por perto?,Mbype erebasẽ i xupé?
você chegou perto deles?,Mbype erebasẽ i xupé?
acaso você é o rei dos judeus?,Îudeus rubixabapiã nde?
eu sou rechonchudinho,Xe apebĩ
entrei nos caminhos das fontes,Aîké nhãîmbiara pupé
"coisa manifesta, pública, coisa notória por ser vista",ikatupesûara
"coisa manifesta, pública, coisa notória por ser vista",ikatupendûara
para afugentar o diabo,Anhanga monhegûasemagûama resé
dei-o em troca de dinheiro,Itaîuba repyramo aîme'eng
fecharam aquele túmulo com uma pedra grande,Osokendab a'e karamemûã itagûasu pupé
costumava ir,Asó amẽîepi
ainda o faço,A'é byter i monhanga
"morreu na velhice, o tuîba'e pupé te'õ kuapa - conhecendo a morte em sua velhice",Tuîba'epe se'õû
não sentimos cansaço,N'îaîandubi kane'õ
"o irrita, o empurra para o seu fogo","Oîrarõ, oîmoanhã satápe"
"tendo dito isso, seus discípulos tomaram o pão nas mãos","Aîpó i 'eagûera rerekóbo, semimbo'e-etá miapé rari o pópe"
as pessoas também podem se casar diante de outro padre,Ikatu bé abá omendá amoaé abaré robaké
"você ficou bêbado de cauim, perdendo o juízo?",Eresabeyporype kaûĩ suí 'ara mokanhema?
"faça-me valente, para que eu me oponha ao maldito, vencendo-o para sempre","Xe mopyatã îepé, t'apu'am muru resé, aûîérama i moaûîébo"
levando imediatamente para o céu os que resgataram bem seus pecados ainda neste mundo,Ikó 'ara pupé bé o angaîpagûera repyme'ẽngatusarûera ybakype aûnhenhẽ serasó-uká
"venha, para que você receba a lei deles","Îori, t'ereîá sekó"
este pajé ruim tem espírito protetor,Supixûar ikó paîé-angaíba
ele está salgado demais,Se'ẽ-moxy
quero mamar,Akambu-seî
alguém se confessa antes de embarcar num navio?,Onhemombe'upe abá ygarusupe o 'ar-y îanondé?
não matando,îukae'yma
"à flor d'água, na superfície da água",y-apé 'arybo
as juntas da cabeça,akanga îepotasaba
faço muito barulho ao andar,Xe py-ambugûasu
"por outro lado, da mesma forma, o próprio mar será mais terrível do que costuma ser, fazendo as ondas grande estrondo",Kokoty paranã aé rame'ĩ o abaetéramo erimba'e gûekoagûera sosé yapenunga ryapugûasuramo
veem-se os cadáveres daqueles mantendo sua incorruptibilidade três ou quatro anos após serem enterrados,Sepîakypyra niã aîpoba'e re'ombûera o marane'yma rerekó mosapyr koîpó oîoirundyk seîxu ybŷá o tym'iré
o ofício de pedro,Peró rekoaba
"você escondeu algum pecado seu do padre, envergonhando-se disso?","Ereîkuakupe nde angaîpaba amõ abaré suí, senotĩamo nhẽ?"
apliquei penitências a ele,Aîgûaîaý-moîar
"primeiro filho do homem, primogênito",ta'yrypy
ele não dormiu a noite toda,Pysaré kó i kere'ymi
o homem branco não é muito forte,Na satãngatuî maíra!
você não sabe que deus lançou neste mundo também tudo o que a gente costuma sofrer?,Nd'ereîkuabype Tupã opakatu ikó 'ara pupé îandé remimborará-tyba abé seîtykagûera?
você teve relação sexual com pessoa solteira?,Ereîkópe abá-mendare'yma resé?
sua excitação pelas coisas más,Mba'e-poxy resé nde ara'a
por que eu haveria de levá-lo?,A'emop'ixé serasó-a'ubi é?
meu pé está dormente,Xe py-îesyî
vamos falar baixo para que os índios não percebam,Mbegûé îaîomongetá t'onhandu umẽ abá
você andava por aí corrompendo mulheres casadas,Kûepe kunhã-mendarûera ereîmomoxy-moxy
um pouquinho mais,pyrybĩ
que bom que meu próximo tenha coisas boas!,Aûîé ipó xe rapixara mba'e-katuramo
apenas uma vez,oîepé nhõngatu
amarre sua rede de dormir ao lado de mim,Eîotĩ nde kesaba xe porupi
voltei,Aîur gûiîeby
você dirá isso somente a ele ou contará ao padre para que ele o repreenda?,Aîpó e'i nhote i xupéne konipó abaré supé i mombe'uû i akakapagûama reséne
põe mais um,Enhonong-y bé amõ
"jesus, salvador da gente",Iesu moropysyrõana
alguns santos,amõ amõ santos
"os que se casam transgridem muito a palavra de deus, traindo-se um ao outro?",Oîaby-etépe omendaryba'e Tupã nhe'enga o îosuí omondarõmo?
eu o apavorei,Aîangerasó
não são casados aqueles que não se casam na presença de outras duas pessoas também,Amõ abá abé mokõî robaké omendare'ymba'e n'omendari
orelhas caídas,nambi-xoré
quem ama verdadeiramente a deus não tem dificuldades em viver segundo os mandamentos de deus,Tupã raûsupareté n'oîmoabaíbi Tupã asé rekomonhangaba rupi o ekó
ela se enredou nos seus ramos,Sakã resé i îepokoki
"o menino vai, sentando-se em suas mãos","Nde pópe ogûapyka, osó kunumĩ"
o que você faz está muito mal feito,I ranusu nhẽ kûé nde remimonhanga
eu caí rodando,Xe aparaîereb
procuramos jesus nazareno,Iesu Nazareno orosekar
deus fez uma certa mulher bondosa,Tupã amõ kunhãngatu monhangi
"oh, que fulano é este!",Te'ĩ kó ahẽ mã!
assim ajo conforme meu pai,Xe ruba rupi é emonã aîkó
"pois, se você leva cães, se eles estiverem lado a lado e da mesma raça, se acolhem um pouco mais","Îagûara biãé ererasó, gûa'ysé o îoesé posé o ẽme, oîepysyrõ bé'ĩ"
já ungi você com o óleo bento,Oropixyb umã îandy-karaíba pupé
morro com virtude,Aromanõ tekokatu
"marca de dentes, sinal de dentada",tãî-mbora
os que são maus e o tomam recebem a morte em si mesmos,I poxyba'e tasara te'õ ogûar o îoupé
"oh! há aqui, na verdade, algo semelhante a um canindé azul?","To! Anhẽ, mba'epe ké kanindé-oby îasûara?"
maior que esta casa,Kó oka sosé
eu sou pequeno,Xe risi'ĩ
gordura animal,mba'e-kagûera
"esse, somente, é de fato o seu nome?",Aîpó nhõ-pipó nde rera?
o diabo nos capturou,Anhanga îandé pysyki
eles não querem bem aos seus próprios companheiros,O irũ n'oîamotari
louvo muito a você por me ter salvado,Oromoeté-katu nde xe pysyrõagûera resé
eu não tenho dentes,Na xe rãî
sus! vão!,Pene'ĩ pesóbo
devolvendo sua antiga firmeza,Îepytasokûera eroîeby
esgotei a água dele,Aîtyapyî
"embora vocês tenham tentado, ficaram deitados apenas pouco tempo junto a mim","Pesa'ang îepé, peuî korite'ĩ nhote xe pyri"
peneirei a farinha,Au'i-mogûab
querendo afastar o transtorno de si mesmo,O îosuí pubura pe'a potá
alguém,amõ ahẽ
"logo, certamente, você passará pelo lugar onde moro",Koromõ ipó eregûatá xe rekoápe
ar ruim,araíba
como uma criança deitada,pitangamo oupa
"qual é o nosso consolo, então?",Mba'epe asé apysykabamo a'ereme?
cabelos arrepiados e desgrenhados,a-tyrá-bebó
eles mandariam enforcá-los?,A'emo oîubyk-uká?
para o desaparecimento dos vestígios da maldade de nossa alma,Asé 'anga suí asé angaîpaba rakypûera kanhemagûama resé
que ele se abstenha de dizer isso,Te'itenhẽumẽ ahẽ aîpó o'îabo
"estejam em pranto, como forma de honrar quem entra junto de vocês",Îase'o rakó perekó peẽmo teîkeara moetesabamo
o multiplico,Aîrumõ
"lançando-os junto do diabo, com o qual queimará para sempre",Anhanga pyri seîtyka aûîeramanhẽ i kaîagûama
"lugar onde nasce o sol, o oriente",kûara sembaba
você há de ser,Nde ram
"e aquelas mulheres não resistem, lutando contra eles?",A'epe a'e kunhã n'onherani i momarana?
por que a gente vai se persignar muitas e muitas vezes?,Marãnamope asé îobasabetá-etáûne?
a chuva caiu lentamente,Osaybi amana
"zune como o vento, tremendo por causa de sua bravura","Ybytu îabé osunung, i abaeté suí osyîa"
nos apegamos a você,Oroby'a nde resé
vou viver bem como eles,Aîkó-katupe i îabé ká
"falando primeiro aos seus filhos, que ele divide",Ogûemimoîa'oka ogûa'yra pé ranhẽ onhe'enga
amarrei penas de asa nela,Aîpepó-pûar
erra muito o homem que fica se fazendo pajé?,I angaîpabetépe abá onhemopaîé-paîébo?
como se eu dissesse,Xe 'é îasûaramo n'aé
"sob minhas mãos tenho os jovens pecadores, os velhos crescidos","Xe pó gûyrype arekó kunumĩgûasu-angaîpaba, tunhãba'e-kakuaba"
afago-lhe a cabeça,Aî'apixyb
semelhante a gotas de sangue,Tugûy tykyrûera abŷare'yma
ele é mais bonito,Turusueté - Ele é maior I porangeté
pegou-se firmemente à sua roupa com que ele foi castigado às suas chagas?,Oîar-atã serã i aoba i nupãsagûera i moperé-perebagûera resé?
que os judeus se compadeçam dele,T'oîporeaûsuberekó îudeus
esfreguei a caspa dele,Aîpiku'i-momemûã
o castrei,Asapi'a'yĩ'ok
são pedro puxou a espada,S Pedro itangapema osekyî
que vocês sejam futuramente os que terão a verdadeira felicidade na nossa terra prometida,Ta peîkó irã mba'ekatu-eté rerekoaramo îandé retãme'engápe
não mais assim,na emonani
"salve rainha, mãe de misericórdia, vida, a quem é doce","Salve Rainha, moraûsubara sy, tekobé, se'ẽba'e"
quantas vezes a lua desapareceu ou o caju amadureceu?,Mbobype îasy kanhemi koîpó akaîu aîubamo?
"de cada dez, repartir uma das nossas coisas com deus",Opá kombó îabi'õ Tupã supé oîepé asé mba'e moîa'oka
meu coração estava revirando,Xe py'a pobu-pobu
"o que está morto, o que deve ser morto, o morto",i îukapyra
elas são grandes?,Turusupe?
pus as trouxas no panacu,Anhepanakũ-nhang
acusando uma mulher ao seu marido,Kunhã kuauká i mena supé
quais são as novidades? quais são as novas?,Marãpe moranduba?
"o que fia, fiandeira?",pobandara
há poucos dias você mandou sua esposa como espiã,Kûesé nde remirekó manhanamo ereîmondó
eu não vou durar muito,Na xe rekosûeri
você estragou as coisas do seu próximo?,Ererekomemûãpe nde rapixara mba'e?
que não esteja pelas casas para afrouxar nossas almas,T'oîkó umẽ oka rupi oré 'anga monguébo
futuro marido,menama
imitando sua virtude,nde rekokatu ra'anga
que me tratem como seu próprio deus,O tupãnamo ta xe rerekó
"ao dizer, digo asneiras",A'é tenhẽ marã gûi'îabo
doravante serão bons os que eu costumo guardar,I angaturam ko'yré xe remiarõ îandune
quem é o inimigo da gente?,Abápe asé sumarã?
eu tenho sofrimento de sobra,Xe rosang-esemõ
eu tenho olhos claros,Xe resá-ting
eu cochilo,Xe ropebypebyk
destrói todos os homens,Opabĩ abá mondyki
fez-o bem à sua semelhança?,Gûupi-katupe i monhangi?
eu estou febril,Xe rakûar
finquei-me; fiz pé firme,Aîeatyká
"por isso mesmo, os que tiram seu chapéu a eles transgridem a palavra de deus",Nd'e'i te'e i xupé o akangaó-'okara Tupã nhe'enga abŷabo
entrei pelos caminhos das fontes,Aîké nhãîmbiara pupé
palavras desatinadas,nhe'ẽ-tekokugûabe'yma
"ah, parece mesmo!",Îasûareté mã!
"logo, certamente você passará pelo lugar onde moro quando chegar","Koromõ ipó eregûatá xe rekoápe, eîepotáne"
limpou seu rosto com um pano branco,Osobá-syb aó-tinga pupé
os que acreditam em sonhos,Mosaûsuba rerobîasara
a gente não se esquece do que é saboroso só na aparência,Seba'e-a'uba nhote resé asé na sesaraî
"grandes espinhos penetram, cravando-se em sua cabeça","Oîké îugûasu, i akanga kutuka"
o que é malvisto,i amotare'ymymbyra
e como alguém procederá ao encontrar o que esqueceu?,A'epe marã abá rekóû a'e o esaraîagûera supé ogûasemane?
"""-entrem na igreja"" disse ele de modo louvável","""-Peîké Tupãokype"" e'i muruangaba"
fiquei estremecido,Asy-syî
eu tenho covinhas,Xe pygûaî
"""ah, coitadinho de mim"" é o que se ouve ali","""Xe poreaûsubeté'ĩ mã!"" sendubypyramo a'epe"
não se cansam de pedir a deus pelos que os resgataram,N'oîeruré-pytubari Tupã supé ogûenosemarûera resé
"querem que eu solte para vocês jesus, vosso rei?",Peîpotápe Îesus pe rubixaba ixé i mosema peẽme?
seus chifres são muito temíveis,Iîabaeté-katu nde 'aka
"certamente, o homem também sofre ali",A'epe bé rakó abá nhupatĩû
"dito isso, eu não sou indiferente","Aîpó gûi'îabo, n'akyî ixé"
fui à serra para encontrar nossos súditos,Ybytyrype xe sóû îandé boîá rerosupa
sou desprezível,Aîkomemûã
não verão sequer seu corpo brilhante?,Seté-beraba tiruãpe n'osepîaki xûéne?
tanto mais porque eles são adversários dos agressores,Memeté a'e morero'arupîara
meu avô jaguaruna,xe ramũîa Îagûaruna
que nada aconteça que o deixe ignorante,Te'itenhẽumẽ mba'e amõ nde motekokuabe'yma
até mesmo gritou comigo,Xe aká tekatu nhẽ
roda de madeira,ybyrá-babaka
"gozador, brincalhão, zombeteiro",nhemosaraîxûera
"eram muitos os que o estavam castigando? -eram muitos, revezando-se uns com os outros nisso","-Setápe i nupã-nupãsara? -Setá, sesé oîoporu-porûabo"
impedem os casamentos,Mendara omoarûab
o virei ao contrário,Arobak
nas roças,kóbo
o diabo tem medo de você e te odeia,"Osykyîé nde suí Anhanga, nde moabaetébo"
estou confuso,Xe abaíb
estão muito felizes,Sory-porang
a roupa prendeu-se firmemente às suas chagas?,Oîaratã serã i aoba i moperé-perebagûera resé?
esse nome é o que me convém,Aîpó tera xe arõana
você não me detesta,Na xe reroŷrõî îepé
a gente é parecida com a criança que não tem pecado?,Pitanga i angaîpabe'ymba'e rapixaramo nhẽpe asé rekóû?
teu poder aquietou este mundo,Nde 'ekatu kó 'ara moapysyki
"você fez fofocas, contando as palavras do seu próximo?","Nde mba'epûerype, nde rapixarĩ nhe'engûera mombegûabo?"
é por isso que vocês o batizam junto ao padre,Aîporama resé é peîmongaraíb abaré pyri
"nós, ao contrário, iremos ao encontro da nossa pátria","Îandé-te, îandé retama t'ixepenhan"
eu fui o primeiro deles,Ixé iîypy
roube-o aí por perto,Mbype emondarõ sesé
mas esses não tentam sempre aprender?,N'osa'angi-tep'akó nhembo'e ko'arapukuî?
o que tem barba ruiva,sendybaá-îuba'e
sou seu parceiro de dança,I nhandaramo aîkó
de modo nenhum os temiminós tiram seus nomes antigos,Nainanĩ temiminõ o erumûana mombó
agi ordenadamente para que permaneça em vocês,Peîkó-aturõ t'oby'ar pe ri
eu sou aquele que é rico,I mba'eba'e ixé
eu sou fibroso,Xe raîu-raîu
o leio,Asa'ang
e de que maneira é um homem verdadeiro como nós?,A'epe marã apŷabetéramo sekóû îandé îabé?
eu me arrepiei,Aîepoká
estou acordando,Apak gûitupa
"seus amigos, os franceses, trouxeram armas de fogo em vão","Saûsupara, aîuruîuba, mokaba ogûeru tenhẽ"
os cristãos não eram muitos,Karaíba na setáî
"deus fez você viver, guardando você, não somente por uma semana, não somente por um ano, mas por muitos anos","Nde moingobé Tupã, nde rerekóbo n'oîepé îasy nhõ ruã, n'oîepé seîxu nhõ ruã, setá nhẽ seîxu-te"
"queremos muito amar você, entregando-nos a você","Oroaûsu-potá-katu, oroîeme'enga endébo"
o magro que convido para comer,xe remipoîangaîbara
"casas ao lado, vizinhança",amỹîoka
o desejo sensual aumentou seus olhos?,Moropotara nde resá moîo'arype?
daqui a pouquinho vou castigá-lo,Aînupã apyri'ĩ
aceitei dinheiro de pedro,Aîar itaîuba Pedro suí
"somente aos olhos dos homens, mas não de verdade,",Abá resápe nhote na supi ruã-te
esses homens são os que nos trazem riquezas,Aîpó abá ma'e îara îandébe
marca antiga de pedrada,itá-porûera
fiz oferenda ao pajé,Anhetanong paîé resé
"— quem é você? — sarauaia, antigo adversário dos franceses","-Abápe nde? -Saraûaîa, aîuruîubupîarûera"
"quinhão de deus, dízimo",Tupã potaba
são numerosos os que procuram você,Se'yî nhẽ nde rekasara
o grão-sacerdote chamado caifás,Morerekoara Caifás seryba'e
fiquei esfregando-o com gordura,Aîkyty-kytyk mba'ekagûera pupé
"por causa disso, já se reuniram muitos rapazes bebedores de cauim e as moças que servem bebidas às pessoas","Onheŷnhang umã sesé kunumĩetá kagûara, kunhãmuku i more'ymbara"
instruir os que são ignorantes,I tekokuabe'ymba'e motekokuaba
ele me revistou completamente,Opá ahẽ xe subi
não hei de deitar a perder meu pai,Amote'e umẽpe xe ruba ká
você outrora me salvou,Nde erimba'e xe pysyrõ îepé
hei de ir cumprir essas palavras,T'asó aîpó nhe'enga mopó
brinco,Anhemosaraî
cantinho dela,sûá'ĩ
"lugar para se abrigar da água, barra do porto",y-mbîasaba
a maldade fez minha alma feder,Xe 'anga omonem tekoangaîpaba
algo semelhante a um navio,Ygarusu nungara
fui à serra para visitar a aldeia,"Taba supa, ybytyrype xe sóû"
"eia, amarrem os malditos!","Pe'ĩ, peîpûá muru!"
cuspí-o,Anhomun
"de alguma parte, de algum lugar",kûeîpe suí
ajudante de são lourenço,São Lourenço pytybõana
"ao me aproximar da morte, farei sair meus grandes pecados antigos","Te'õ rerobyka é, xe angaîpá-tubixagûera amosẽne"
"os bem-aventurados e os santos no céu, que veem a deus, ultrapassam o número dos dias que o ano tem","Marangatuba'e santos ybakype, Tupã repîakaretá, osasá 'ara ro'y remierekó papasaba"
o tenho bem na minha cintura,Xe ku'aî bé arekó
pelos campos,nhũbo
"o que é bom é dançar, enfeitar-se e fumar","Moraseîa é i katu, îegûaka, petymbu"
teu sêmen ejaculado,nde ra'y-pupuka
"eu sou guaixará, bebedor de cauim, grande boicininga","Gûaîxará kagûara ixé, mboîtiningusu"
"ah, o que você diz!?",Teté marã e'îabo mã!?
quantos são os que recebem compaixão?,Mbobype saûsubarypyra?
pegou o pão com as mãos,miapé rari o pópe
entreouvi suas palavras,Asendub-aíb nde nhe'enga
após derramá-la dentro de alguma casca de coco,Inaîagûasu apepûera amõ pupé i nhang'iré
fiz os malditos entrar nas armadilhas,Kotype muru amoingé
eu sou magro,Xe angaîbor
o prendi a uma pedra,Aîmoín itá resé
voltou ao lugar onde havia deixado seus discípulos?,Ouîebype erimba'e o boîá reîasagûerype?
de modo algum os temiminós deixam de usar seus nomes antigos,Nainanĩ temiminõ o erumûana mombó
vou me esconder bem,Aîemĩngatu-pe ká
eu sou rechonchudão,Xe asangusu
presumo que ele deve ter ido,"""Osó ipó re'a"" a'é"
"mas eu, amando minha alma, fico quieto em minha terra","Xe-te, xe 'anga raûsupa, aby'arĩ xe retãme"
conhece bem as guerras,Oîkuá-katu marana
"somente a ti, louvando-te muito!",Nde nhõ nde moetekatûabo!
o que reflete sobre sua morte,Se'õagûera resé onheangerekoba'e
a terceira dele é a satisfação dos cônjuges,I momosapysaba mendara moîekosupaba
que deus nos perdoe,T'i nhyrõ Tupã orébo
fininho,po'i'i
adversária da morte,Te'õ rupîara nhẽ
estou pela metade,Xe ragûé rupi aín
arrependendo-se fracamente de seus atos passados,nde rekopûera moasy-bebuîa
eu sou raro,Xe kûaî
atraio pedro,Aîmomotar Pedro
a ira que te impregna,nhemoŷrõ nde momungasara
o que te põe nu,Ikatupe nde moĩndara
cozinha um pouco de cauim,Emoîyb kaûĩ amõ
"faval, plantação de favas",komandagûasu-tyba
por que você não quer chorar nem mesmo um pouquinho?,Marãpe nd'ereîase'o-mirĩngatutenhẽ-motari?
"instrumento para aquecer o fogo, abano, abanador",tatá pegûaba
a gente vai prantear o desaparecimento de seu pai e de sua mãe,Osapirõ-n'asé og uba o sy kanhemagûera
"indo, eu me afasto",Xe rebinhỹ gûixóbo
você trouxe algumas facas de ferro?,Ererupe itá kysé amõ?
oxalá deus mandasse os cadáveres de toda parte falarem,Omonhe'eng-uká temõ Tupã te'õmbûera kóbo
que está deitado aqui?,Mba'epe ké tuî?
para as coisas que costuma sofrer por não ter paciência,Mba'e o emimborará-tyba supé og osange'ymamo
ele está um pouco melhor,I katu be'ĩ
vim de minha casa,Aîur xe roka suí
"quando ele mama, ela fica alegre","I kambuneme, sory"
o que fazem conosco os que nos batizam?,Marãpe asé rerokara asé rerekóû?
"não dou ouvidos, não me importo",Na xe apysáî
fico zombando dele,Aîkurá-kurab
trazendo um pouco de linha,Inimbó'i amõ reru
que estejamos perto de você,T'oroîkó nde ypype nhẽ
trouxe muitas destas ostras,Aruretá kó reri
coceira na pele,mbiremonã
a nossa comida de cada dia dá para nós hoje,Oré remi'u 'ara îabi'õndûara eîme'eng kori orébe
acompanhante de caminhada,atá-irũ
uma grande bebedeira é algo muito bom,Mba'e-eté ka'ugûasu
"depois disso, vamos quebrar as cabeças dos reis",A'e ré kori îasó tubixaba akanga kábo
"qual é, então, a causa de nossa alegria?",Mba'epe asé moesãîndaba a'ereme?
o que socorre a gente,morepenhandara
"ladroeiras, palavras más te sobravam, danças, diversões, vômitos, bebedeiras, guerras","Mondarõ, nhe'engaíba nde resemõ, moraseîa, nhemoryba, gûe'ena, ka'uaíba, marana"
quem tem relações sexuais com alguém que não é seu cônjuge,O mendasabe'yma resé oîkoba'e
"enchendo o mar, fazendo-o subir bem acima do cume das montanhas","Paranã momungábo, ybytyra apyra sosé katu i mopu'ama"
estou me recolhendo,Anhenong gûitupa
não honram seu criador,N'omoetéî o monhangara
você ofendeu seu pai?,Ereînhe'engybõpe nde ruba?
minha alma fez a vida pecaminosa feder,Xe 'anga omonem tekoangaîpaba
teriam ido embora?,Osó meémo mamõ?
"no vértice, no ápice",apyteri
"à direita de jesus, somente você está",Îesu 'ekatûápe nde nhõ ereimbé
você falou mal de alguém?,Nde îuru'arype abá amõ resé?
a maldade de suas palavras,o nhe'enga poxŷagûera
eu estou inchado,Xe susu'a
sardas no rosto,tobá pinima
alegrando-se com a morte de alguém,Abá re'õagûera resé og orybamo
o que leva um falso pajé a sugar outra pessoa,Paîé-a'uba supé amõ abá oîxuban-ukaryba'e
"eis que estou aqui, o que expulsa vocês",Aîkobé pe mondoarama
minha casa está escura,I pytun xe roka
cabeça de peixe,pirá akangûera
"depois que sarauaia vier, destruiremos a aldeia, como de costume","Saraûaîa rur'iré, îamombá taba îandune"
não há nada errado,N'i tybi mba'e-memûã
o que outrora transformou em mundo?,Mba'epe erimba'e oîmonhang 'aramo?
ela foi feita para ser a futura mãe de deus,Tupã syrama ri i monhangymbyra…
você fez resguardo por causa do parto da sua mulher?,Ereîekuakupe nde remirekó membyrara resé?
água salgada,y-e'ẽ
é algo que falta,Mba'e angaba'eamẽ
qual era mesmo o nome dele?,Marã-takó ahẽ rera?
vi bem com os meus olhos que você as escondeu,Xe resá pupé-katu asepîak nde i mimagûera
"como peregrinos, a gente mora nesta terra",Ataramo é asé rekóû ikó yby pupé
você aceitou suas palavras ao dar ordens a si mesmo para alguma coisa boa?,Ereîmorype i nhe'enga mba'e-katu resé nde pûaîme?
o que come terra ou outra coisa,Yby koîpó mba'e amõ gûara
"quando ele era rei, foi maltratado",Morubixabamo sekóreme serekomemûãmbyramo sekóû
amontoado de pedras,itá re'yîa
bebi o caldo,Aîty-kukur
ainda bem que o faz correr consigo!,Iîá muru senonhana!
começando a pronunciá-lo,sa'ang-ypŷabo
não confio em macaxeiras,Nd'arobîari Makaxera
não estaremos mais aflitos,Nd'oroîkotebẽ béî xóne
parede da casa,ó-pyá
"finalmente, aonde chegaram com nosso senhor?",Mamõpe gûá Îandé Îara rerosyki ko'yté?
"certamente, o regente do canto está de forma inadequada",Aroane'ym nakó nhe'engaryba rekóû
"derrame suas lágrimas, lamentando a vergonha de sua alma","Eîmo'ẽ nde resa'y, nde 'anga i momara'aragûera rapirõmo"
nós estamos juntos,Oré apûanã
"pelas costas, na ausência, por traição",kupébo
andei sumido,Akanhẽ-kanhem
sua lei pôs ordem em nossa antiga vida má,Sekó omongaturõ îandé rekó-poxypûera
nós matamos vocês,Oré opoîuká
meus pecados não são muitos,Na setáî xe angaîpaba
quero estar com você,Nde irũnamo aîkó-potá
"com uma lança de ferro, espetou seu flanco, estourando suas entranhas","Itamina pupé iî yké kutuki, i nhy'ã moboka"
você fez sexo com uma mulher com alguém observando?,Ereîkópe kunhã resé abá remiandubamo?
este outro,ikoba'e-te
você ajudou alguém em um roubo?,Ereîpytybõpe abá mondá resé?
estão em grande número; são muitos,Tyk e'i
assei,Amixyr
"imaginem, na sua morte, estarem deitados",Peîmo'ang pe re'õ pupé pe ruba
eu o emplumei,Asamongy
você mandou sua esposa ir em busca de mulheres?,Ereîopûaîpe nde remirekó kunhã resé?
"dali, daquele lugar",ûĩinga suí
você deu à luz por sua vontade?,Nde membyrápe erimba'e nde remimotarybo?
riscaram todo o seu corpo com ferro pontiagudo,Opá nde reté raíri itatîãîa pupé
zombando diante dele,Sobaké o memûãnamo
fiz-o suar,Asyaîká
me quebrei,Aîeká
o que é circuncidado,i api'aba'e
eu sou travesso,Xe resakûé-kûé
você consola seu pai e sua mãe em suas aflições?,Ereîmoîekosupe nde ruba nde sy sekotebẽsaba ri?
retribuindo o amor a você,nde raûsuba poepyka
o que me cabe é tomar cauim,Xe potaba kaûĩ rá
vou contar as maneiras de impedi-los,I moarûapaba t'aîmombe'une
"o que paga, o que resgata",osepyme'engyba'e
você veio do céu,Ybaka suí ereîur
me alio a eles,Sesé nhẽ aîekotyá
"margem de rio, praia, orla de mar ou rio",y-embe'yba
"deixem, pois, estes meus discípulos irem com saúde",T'e'i nhẽ ã xe boîá o marane'yma rerasóbo rõ
aguço-a,Asapûa'ok
dizem que o homem fez assim antes,Emonã îé abá rekóû rãé
peneira fina,urupẽ-mokanga
"embora eles tenham igrejas, eu arruinei todos eles",I tupãok îepé aîmomoxy pabenhẽ
mulher bondosa e estéril,kunhã-marangatu-membyre'yma
contando as maldades escondidas de alguém para quem não as conhece,Abá angaîpá-nhemima i kuapare'yma supé mombegûabo
"portanto, eu vim a você","Emonãnamo, xe ruri ndébo"
"que a maria alegremos, repelindo a lei do diabo","Maria t'îambory, Anhanga rekó reîyîa"
lavadeira ou lavador de roupas,aopotukasara
palavras vãs,nhe'ẽ-tenhẽa
afaste-se! vá embora daqui agora!,Eîepe'a! Ekûá ké suí ra'a!
creio que deus perdoa as pessoas,Arobîar moroupé Tupã nhyrõ
por que não seriam muito fortes?,Marãmo satãngatue'ymamo?
eu tenho diarreia,Xe rebykasy
não porque eu não queira,N'i potare'ỹme ruã
fazendo bem à minha alma!,xe 'anga moingó-katûabo!
irei cumprir essas palavras,T'asó aîpó nhe'enga mopó
a mim,Ixé supé
"eva, nossa primeira mãe, deixou-se atrair muito pelo belo fruto, conforme a palavra da serpente","Eva, îandé sy-ypy, onhemomotareté 'ybá-poranga resé, mboîa nhe'enga rupi"
e também as esposas de seus filhos,Ta'y-taty abé
pague o objeto do seu furto,Oîmoepy o mondasagûera
você somente cumprirá minhas palavras,Xe nhe'enga nhõ ereîporaká
prendi-os um ao lado do outro,O îoybyri aîmoín
prendi-os uns ao lado dos outros,O îoyby-ybyri aîmoín
são muitas as grandes igaçabas,Setá nhẽ ygasabusu
você já saiu da grande escuridão,Eresem ymã putunusu suí
a vida que não acabará,tekobé opaba'erame'yma
o diabo sempre nos toma a dianteira,Îandé rokesỹ memẽ anhanga
você compadeceu-se de sua mãe e de seu pai?,"Eresaûsubápe nde sy, nde ruba?"
monte de terra,yby-atyra
"eia, desviando-me depressa","Ne'ĩ, taûîé, xe reîyîa"
"eles, na verdade, distinguem-se em três pessoas",A'e anhẽ mosapyr pessoaamo i îa'oki
ameacei-o,Aropu'am
você deu atenção à sua confissão?,Ereîeapysaká-katupe nde nhemombe'urama resé?
deixei esse seu cadáver,Aseîá kó se'õmbûera
os restos de nossos pecados,asé angaîpaba rembyrûera
"que, no futuro, os habitantes da terra se precavejam para que não acreditem nele",T'onhemosako'i irã yby pora t'ogûerobîar umẽ
"o próprio deus, com sua santidade, fez as suas almas e os seus corpos","Tupã aé, o karaíba pupé, i 'anga seté monhangi"
por causa de seu próprio pai,og uba resé
ninguém pode casar com sua própria neta,O emiminõ resé nd'e'ikatuî abá omendá
"o cauim, transbordando nas igaçabas, depois disso os atrai","Ygasápe kaûĩ-tuîa, a'e ré, îamomotá"
marca de espada; sinal de ferimento por espada,itangapẽ-mbora
buraco no chão,yby kûara
tomo-o no meu ombro,Xe ati'yba ri aîar
"ah, ai de mim, sofrerei para sempre o fogo do diabo!","Ixé tekatuete'ĩ ra'u, Anhanga ratá aîporará aûîeramanhẽne mã!"
"enquanto as cuias iam quebrando as pontas, você afrontou os homens","Kuîa nhẽ i tĩ-ngá-tĩ-ngábo, ereîanga'o abá"
"por isso mesmo os malditos se alegram por causa deles, disputando por eles","Nd'e'i te'e moxy sesé og orybamo, sesé oîomoaîuabo"
fiz-o emergir comigo,Arobur
"""ele deve ter ido"", disse eu, supondo","""Osó ipó re'a"" a'é angá"
"eu sou um espião, um velho poltrão","Xe manhana, manembûera"
não serei pecador daqui em diante,Na xe rekopoxyî xûé angiréne
viemos em grande número,Oroîurusu
me vingo deles,Aîeepyk anhẽ sesé
espinhas no rosto,Tobá kuruba
"havia muito sangue, oprimindo sua alma","Sugûy turusu, i 'anga apypyka"
"como, então, futuramente, dirão os homens, invocando-o, quando muitos inimigos os cercarem?",Marã e'ipe irã abá a'ereme tobaîá-katupabẽ o amaneme sekyîabone?
espera! que venha o maldito primeiro,"Enhambé! T'oú-te muru, ranhẽ"
eu tenho palavras desatinadas,Xe nhe'engetá
mas livra-nos do mal!,Oré pysyrõ-te mba'eaíba suí
dando a ele alguma coisa semelhante a si,I xupé o apixara amõ me'enga
quem o entregou?,Abápe i me'engarama?
começando-os imediatamente,Taûîé iîypyrunga
var de chapéu em forma de cogumelo,akangaoburupé
"eu também, trazendo meus parentes, faço-os dançar comigo",Xe abé xe anametá aroporaseî seru
não é longe,N'apûéî
"portanto, prendo você!",Irõ oropokosub!
teu ventre está cheio,I por nde rygé
me frustrei,Xe rambûer
vou pescar para você,T'oroporaká
enviei um homem à procura de pindoba,Aîopûaî amõ abá pindoba resé
"por isso mesmo, eles não se deleitam com as coisas boas",Nd'e'i te'e mba'e-katu resé oîekosube'yma
"ataca-o, sarauaia!","Esepenhan, Saraûaî!"
de quem são esses nomes?,Abá-abá rerape eboinga?
aqui estou para levar o seu ventre e também os seus pulmões para minha sogra velha,Kó aîkó sygepûera t'arasó i nhy'ãbebuîa abé xe raîxó-gûaîbĩ supé
característica de um homem mau,apŷabaíba rekoaba é
confundindo esta aldeia,Ikó taba apamonana
que o neném compadecedor olhe por nós,T'oma'ẽ îandé resé pitangĩ-moraûsubara
vai por aí,Ebokûé rupi ekûab
seus matadores as repartiram entre si,I îukasarama oîmoîa'ok o îoupé
vivendo como se estivessem unidos,T'oîese'ar-y berame'ĩ oîkóbo
mas esses não tentam aprender sempre?,N'osa'angi-te-p'akó nhembo'e ko'arapukuî?
"para onde foram meus amigos, sem mais?",Marãngotype xe îekotyasaba sóû-'ĩ
jazia ao meu lado,Xe ybyri tuî
por você suspiramos,Ndebe oronheangerur
arranca a miséria da minha alma para que ela esteja firme em ti,"Eporeaûsubok xe 'anga, t'i pyatã nde resé"
ai! cuidado para não me queimar!,Akaî! Teumẽ xe rapŷabo!
assim deve ser,Emonã ruãpe é
ai! que deus me queime!,Erĩ! Xe rapy Tupã!
estou com um terçol,Xe ropepirekó
"você teve polução, tendo desejos sexuais?",Erenhemoa'ypupukype nde poropotaramo?
cortei a fila deles,Asysy-mondok
refletindo sobre suas maldades,onheangerekóbo o angaîpagûera resé
faça a cruz em nossa testa com ele,Asé sybasab i pupé
eu não sou constante,Na xe rekoposyî
vou dar ovas de peixe a você,T'ame'ẽne pirá ruba endébo
deus surpreendeu você ao deleitar você com nossas palavras,Nde resapy'ari Tupã oré nhe'enga morypa
pau do casco,apé-'yba
dou laçadas nela,Aîmokusambar
sem mandá-los transformar em terra,Ybyramo i moingoukare'yma
veio das alturas,Ybaté suí oú
antigamente pescava bem os peixes,"Akûeîme, rakó, pirá asekyî-marangatu"
ele tem o rosto muito alegre,Xe resãî - Eu estou alegre Sobá-esãîngatu
"quando morre seu cônjuge verdadeiro, uma pessoa não pode casar com algum irmão ou irmã dele","O me'engabeté re'õneme, abá nd'e'ikatuî omendá i asykûera amõ resé"
remédio para nossos antigos desejos sensuais,moropotaragûera posanga
sejam valentes diante do seu inimigo,Peîkoeté pe robaîara pé
"que nada! vou vencê-los, como sempre",Erĩ! Aîmoaûîé îandune
trouxeram pólvora em vão,Mokaba ogûeru tenhẽ
"aproximando-se da morte, suou bastante","Te'õ rerobyka, syaî-tekatu"
"possivelmente, provavelmente",emonã ipó re'a
e por acaso na hóstia está jesus cristo?,A'e serãne hóstia pupé Îesu Cristo rekóû?
mas olhe primeiro! olhe cá!,Ema'ẽ-te ranhẽ!
meu parceiro,xe rapixara
"saiam logo daqui, afastem-se com o seu grande fedor!","Pekûá, taûîé, ké suí, pe nemeté rerosyîa!"
muitos jovens bebedores de cauim já se juntaram a eles,Onheŷnhang umã sesé kunumĩetá kagûara
só com ele os olhos dos homens se satisfazem no céu,Sesé nhõ abá resá apysykamo ybakype
mandei um homem ir buscar palma,Aîopûaî amõ abá pindoba resé
esforce-se por causa de deus,Enhemopyatã Tupã resé
sou fujão,Aîababixûer
"às vezes, os frutos das suas árvores caem quando ainda são flores",Okuî rakó amũme ybarambûera o 'yba suí ybotyramo oîkóbo bé
é feita para a mãe de deus,Tupã syrama ri i monhangymbyra
faca de taquara,takûá-kysé
é feita para a mãe de deus,Tupã syrama ri i monhangymbyra
"sua alma elimina a posse do céu com coisas fétidas e más, manchando-a por causa delas","Nde 'anga ybaka rerekoarambûera mba'enẽ-memûã pupé oîmomemûã, sesé i monana"
"eu sou sauiaetá, meu nome é famoso",Ixé Saûîaetá Serapûã xe renoĩndaba
lugar habitual da minha pescaria,xe pindaeîtykatyba
tu tens compaixão de nós durante nossa vida,Oré raûsubá îepé oré rekobé pukuî
meu jogo me agradava,I porambyrambyk xe rekó ixébo - São-me agradáveis meus afazeres I porambyrambykĩ xe nhemosaraîa ixébo
santa maria supõe a aproximação de seu parto,Santa Maria o membyrá-kakara omo'ã-mo'ang
"agiste como não devias, certamente",Marandé ipó ereîkó
furna em penedos ou rochas,itá-kûarusu
a gente pode trocar o próprio nome?,E'ikatupe asé ogûera rekobîarõmo?
"quem não quer ir para onde está aquele que ele detesta, para não o ver",O emiamotare'yma rekoápe osó-potare'ymba'e sepîaka suí
entrando em sua casa,nde rokype oîkébo
"tornaste pajé, fazendo sucções?",Erenhemopaîépe eposubana?
eles bem sabem que não vão mudar?,Oîkuá-katupe i îekûaboke'ymagûama?
moro com pedro,Kó taba pupé aîkó - Moro nesta aldeia Aîkó iké xe roka pupé - Moro aqui em minha casa Aîkó Pero irũnamo
deveria mandá-lo,Aîmondó-monẽmo
você se excitou com seu amante?,-Nde regûyrõpe nde agûasá resé?
voltou a vir ao lugar onde tinha deixado seus discípulos?,Oú-îebype erimba'e o boîá reîasagûerype?
cheguei,Agûasem
passarinho,gûyrá-mirĩ
nós morrendo,Oromanõmo
embelezando você totalmente,Opabĩ nde momoranga
você urdiu mentiras contra alguém?,Eresekyîpe îuraragûaîa abá supé?
amando sua grande beleza,Nde porãngatu raûsupa
desejando ardentemente ver o seu rosto,Nde robá repîaka'upa
tremeram depois de matarem você,Oryryî nde îuká ré
porca fêmea,taîasu-kunhã
"ah, que velhaco!",Angaîpaba maniîabo mã!
"o mais cedo possível, num instante",korite'ĩ-aíb-eté
me enfeitei,Anhemongatyrõ
querendo revirar minha casa,Xe roka pobu-potá
apodreci,Atuîuk
desembarcando o seu senhor na própria cachoeira,O îara opeá ytupe é
"nos arrependeremos, de coração, dos maus procedimentos",Îaîmoasy marãtekoagûera îandé py'a suíne
"certamente, os tropeços da nossa caminhada são muito incômodos quando a lua está escura.","Iîabaíb-eté nhẽ rakó îasy putuneme, asé atá mysakanga"
estou desanimado,Xe akangûyr
"os diabos sempre atam as mãos quando querem, em vocês, suas presas",Memẽ anhanga popûari pe ri sembiá-potasápe
"foi por vontade dele que ele se entregou aos seus adversários, sem resistir?",O emimotarybo épe erimba'e i nheme'engi og upîarama pé onherane'yma?
"nessa igreja maria cresceu e, após a maturidade dela, deus a entregou a são josé","Kó tupãoka pupé Maria kakuabi, i aûîé ré é Tupã i me'engi São José pé"
"vem, coisa fedorenta, coisa nojenta!","Eîori, mba'enem, mba'e-poxy!"
"antigamente, após a criação do mundo",raka'e 'ara nhemonhang'iré
"ah, oxalá ele viesse!",Marãîasûaramo turi mã!
fiz-lhe uma gaiola,Asuru-monhang
por acaso o intestino dele caiu totalmente pelo lugar onde sua cintura se rasgou?,Opakatu serã sygeapûá-kuîamo i ku'a sorokaba rupi?
minha morte ainda não acontecerá,Nd'e'i ipó xe re'õnama ranhẽ re'a
misturaram uma coisa amarga com vinagre,Mba'e-py'aûpîara kaûĩaîasy resé i monani
amarrei-lhe as pernas,Aîkupy-pûar
eu estou rugoso,Xe axixã
me penteio,Aîeabyky
baliza do caminho,pé kugûapaba
vão depressa!,Pekûá esapy'a!
foram são pedro e são joão,"Osó S Pedro, São João abé"
ficando a tomar poções para que não se gerasse uma criança,Pitanga nhemonhanga suí oîeposanõ-sanonga
"cabeleira, peruca",agûera
"você fez o pajé ser feiticeiro, acreditando nele?","Ereîmoupixûarype paîé, serobîá?"
sua remissão foi minha determinação,Sepyrama xe pûaîtaba
o faço muito apressadamente,Aîapó-anhẽ-anhẽ
"sarauaia, vem para beber cauim","Saraûaî, îori ekagûabo"
estou menstruada,Aîkoaíb
o que toca a quando eu fui,xe soremendûara
matamos,Îaîuká
"quanto mais um caminhante por um caminho que não conhece se aflige, mais deseja ver logo o dia","Memeté rakó pé o eminguabe'yma rupi oguataba'e o angekotebẽnamo, korikorinhẽa'ub 'ara repîaki"
é certo que foi?,Osó ruãpe é?
cheguei,Aîepotar
eu sou um homem vadio,Abá-ekotenhẽ ixé
levou sua mãe e seus discípulos para o alto do chamado monte das oliveiras,Ybytyra Olivete seryba'e apyterybo o sy o boîá rerasóû
honrar a deus,Tupã moabaeté
a morte estava dentro deles como sua pena,Sepyramo é anhẽ te'õ rekóû i pupé
me fartei de comê-lo,Aî'useîmogûab
quebrando as pontas das cuias,Kuîa nhẽ i tĩ-ngá-tĩ-ngábo
ir para a guerra,marãmonhangápe só
agora eu pereço,Akanhem kó ixé re'a
"aimbirê, levemos logo os malditos","Aîmbiré, îarasó muru taûîé"
"seu sangue era muito, escorrendo no chão",Sugûy turusu ybype osyryka
o lacei pelo pescoço,Aîaîurar
"e, ao partir muitas vezes o padre a hóstia em pedaços, está nosso senhor jesus cristo em cada pedaço?",A'epe abaré hóstia pese'õ-etá-etáreme i pese'õmbûera îabi'õ Îandé Îara Îesu Cristo rekóû?
"portanto, essa é a primeira finalidade de aspergir as pessoas com água benta",Irõ aîpó 'y-karaíba pupé asé îeepyîtabypy
"na noite em que ele estava preso pelos judeus, os cristãos não estavam felizes","Putuna îudeus i pysykagûeramo sekóreme, cristãos rorybe'ymamo"
o bispo pôr o óleo sagrado em nossa testa,Asé sybápe abaregûasu nhandy-karaíba nonga
preenche todos os lugares,Opakatu mamõ mopori
"em que direção, pois, foram meus atos passados?",Marangoty-pakó xe rekopûera é?
as almas dos homens morrem ao transgredirem a palavra de deus,Abá 'anga re'õû nhẽ Tupana nhe'enga abŷápe
deus-pai,Tupã Tuba
"embora me invoques os atos, arrependi-me deles e também os resgatei bem","Xe rekoekyî îepé, a'epûera aîmoasy, i mboepykatûabo bé"
como disse ao seu pai antes de morrer?,Marã e'ipe og uba supé o îekyî'îanondé?
"como, estando nós teus filhos?",Nde membyramo orokupa
"são, certamente, muito incômodos os tropeços de nossa caminhada, o cansar-se","Iî abaibeté nhẽ rakó asé atá mysakanga, asé mopytubara"
"assim que pôs sua alma em seu corpo, deus a preservou","I 'anga seté pupé i mondepa bé, Tupã i pe'aû"
minha comida é enjoativa,I ting xe remi'u
o cauim que é preparado para me receber,kaûĩ xe renotara
todos ficaram gritando por causa disso,Oposẽ-posẽ pabenhẽ sesé
que o diabo deteste muito,T'aroŷrõngatu anhanga
os que põem armadilhas bem nos caminhos das fontes,nhãîmbiara pupé-katu oîekotyrungyba'e
que farão no céu?,Marãpe sekóû ybakypene?
cabeceiras de rio,y-apyra
"de fato, quiseste mesmo matar o bondoso são lourenço","Supi é, ereîuká-potar é São Lourenço-angaturama"
o oposto da avareza é a liberalidade,Tekate'yma robaîara tekate'yme'yma
o apartaríamos dele precisamente depois disso?,Îaîpe'a nhẽmope i xuí a'e roîré katu?
deus fez vir um anjo no sonho de são josé para avisá-lo,Tupã karaibebé mbouri São José mosaûsuba pupé i momorandupa
"afastou-se, então, daqueles seus três discípulos?",Oîeîyîpe a'e o boîá mosapyr suí a'ereme?
"como um cão, me atacou",Îagûara rame'ĩ xe repenhani
corpo morto de peixe,pirá re'õmbûera
estou firmemente com a base,Xe ypy ten
"tocou nas suas pudendas, abrindo-lhes a pele?",Erepokokype nde rapopé resé i pipekábo?
dizem que fui?,Asó serãne ra'e?
terei relações sexuais somente com meu cônjuge verdadeiro,Xe mendasabeté resé nhõ t'aîkóne
poeira da terra,yby tubyra
então foi?,Osó-tepe ra'e é?
"armadilha para ratos, ratoeira",gûabiru rupîara
toquei-o,Anhatõî
cumpri todos os jejuns,Aîá pá îekuakuba
o homem é certamente muito feliz após alcançar alguma verdade,Sorybeté rakó abá mba'eeté amõ resé o îekosub'iré
coleira de ferro para prender pessoas,itá-îurutá
tenho palavras ásperas,Xe nhe'engasy
sou eu quem tem jeito para ele,Iî arõana ixé
os maus sofrem açoites,Angaîpaba oîporará îonupã
"que esse meu sofrimento futuro se frustre, que eu o faça passar","T'i rambûer iã xe remimborarama, t'amongûabyne"
deveria eu considerar apropriado ensiná-lo,Aîmbo'e be'ĩmo mã
a segunda vez dele,i mokõîa
a soleira da porta,okena robapy
"caso algum morra, a pessoa que fica não pode casar com nenhum irmão ou irmã do seu cônjuge falecido","Amõ re'õneme, opytaba'e nd'e'ikatuî omendá o mendasabambyra asykûera amõ resé"
arrependeu-se depois de ter comido aquele fruto?,Oîmoasype a'e riré a'e 'ybá 'uagûera?
"que disse deus, ao ver seu frouxo pudor?",Marã e'ipe Tupã i tĩîeraba repîaka?
enfileirei-o,Asysyrung
a flecha foi para outra coisa que não era o pássaro,Gûyrá taté u'uba sóû
leva-o completamente,Ererasó nhetekatunhẽpeũî
isso mesmo,ebokûeîba'e a'e
eu sou melhor do que você,Xe katu-eté nde suí
"ave maria, a que está cheia de graça","Ave Maria, graça resé tynysemba'e"
vou mesmo te castigar,A'e tenhẽ nde nupãmone
"aqueles serão os futuros habitantes do fundo do nosso fogo, os que serão queimados","Aîpó îandé ratá gûyra porama, sapypyrama"
você veio do céu,Ybaka suí ereîur
seus discípulos viram a vinda dele?,Osepîakype i boîá tura?
"lugar onde dormem os japuguaçus; também nome antigo da ilha de santana, na costa leste do brasil",îapugûasu-kesaba
eram realmente muitos todos os que diziam isso,Setá tenhẽ erimba'e opab aîpó 'îarûera
acendi fogo,Aîatapy
"eia, amai a jesus, a verdade!","Îesu, mba'eeté, pe'ĩ, pesaûsu!"
veio de novo ao lugar onde seus discípulos estavam deitados?,Our benhẽpe o boîá rupápe?
"certamente, os tropeços em nossa caminhada são muito incômodos.",Iîabaíbeté nhẽ rakó asé atá mysakanga
"você forçou alguma mulher, sendo astuto com ela?","Ereîukaípe kunhã amõ, sesé nde ara'apy'iramo?"
afasta o diabo de hoje em diante,Eîpe'a Îurupari kó 'ara suí
esbofeteei suas nádegas,Sebira aîpetek
afaste-se!,Eîepe'a!
fiei o algodão,Aamyniîu-poban
eu sou muito barulhento,Xe pugûasu
"eu, tão somente",Ixé anhotenhẽ
toma mais um,Eîar-y bé amõ
eu sou garrido,Xe araakasyk
vou me esconder!,Asópe ûinhemima ká!
"eis aí teu filho, ó mulher!","Ebokûé nde membyra, kunhã gûé!"
me mudo,Asem
gostei dele,Aîmomatueté
"você ficou impotente diante de sua esposa, detestando-a?","Erenhemote'õ'ape nde remirekó supé, i amotare'yma nhẽ?"
estou atrás dele,Sakypûeri aîkó
"é no final da missa que você sempre entra, manifestamente consciente?","Missa mondykápe épe ereîké îepi, nde îesûere'yîpe"
a palavra de deus,Tupana nhe'enga
"na verdade, vocês me verão futuramente sentado ao lado direito de deus-pai",Anheté pesepîak irã Tupã Tuba 'ekatuaba koty xe gûapyka xe renane
a canoa já está pronta,I aûîé umûã ygara
"ah, estou com muito calor aqui!",Xe rakubeté kó mã!
a aflição passou,I pûer tekoaíba
põe a espada na bainha dela,Eîmondeb itangapema surupe
fiz cócegas nela,Aîpokirik
meu escravo,xe remiaûsuba
"se me mandasse, eu iria","Xe mondórememo, asómo"
"você contou a maledicência de alguém, sendo mexeriqueiro?",Ereîmombe'upe abá marã'eagûera nde mba'epûeramo?
eu estou com a boca entreaberta,Xe îuru-bok
"muito a propósito me comportei como filho de deus, fazendo-me batizar","A'eboé Tupã ra'yramo anhemoingó re'a, gûinhemoîasukuká"
"a dança é que é boa: se enfeitar, se pintar de preto","Moraseîa é i katu, îegûaka, îemoúna"
"da mesma forma, fizeram isso com os seus pés, pregando-os também com cravos?",A'e rame'ĩpe ybŷá i py rerekóû itapygûá pupé i moîáno?
aliaste-te com tua comborça?,Ereîekotyápe nde nhemõîa resé?
"venha, nomeie os que você derrota por aí","Îori, esenõî angá kûeîbo nde remimoaûîé"
os tropeços da nossa caminhada são muito incômodos,Iî abaíbeté asé atá mysakanga
sou uma obra-prima,Ixé-tene îaeté
o próprio deus distinguiu o padre como seu substituto,Tupã é abaré oîmoîa'ok gûekobîaramo
sob a areia branca,Ybyku'i-tinga gûyri
"mulher bondosa, uma virgem",Kunhã-angaturama ababykagûere'yma
dar um a cada dez como quinhão de deus,Opá kó mbó îabi'õ moîepé me'enga Tupã potabamo
os outros não se afligem?,N'oîkotebẽî amõba'e
fiz uma enfiada de peixes,Aîmoapytam pirá
"o homem que tenta, sem êxito, ter relações sexuais com uma mulher, não pode se casar",Apŷaba kunhã resé o ekó osa'angîepéba'e nd'e'ikatuî omendá
"seja você meu guardião, colocando-me sob suas mãos","Nde morerekoar xe ri, nde pó gûyrype xe nonga"
homem musculoso,abá-tubixaba
"vou ao rio dos paratis, ao bando dos tupiniquins","T'asóne parati'ype, tupinakyîa re'yîpe"
ficando a zombar das pessoas,oporokurá-kurapa
"coloquei uma ponte, construí uma ponte",Anharybobõ-rung
finalmente ele a levou,Té ahẽ serasóbo ko'yté
"curou-o apenas tocando sua orelha, fazendo-a sarar imediatamente, colando-a","Oîposanong i nambi atõîa nhote, aûnhenhẽ i monga'ẽmo, i moîepotá"
o cauim está apenas pela metade da vasilha,Kamusi ku'a rupi nhote kaûĩ reni
"na missa toma o pão em suas mãos, benzendo-o, e pronuncia sobre ele as palavras de nosso senhor jesus cristo","Missa pupé miapé rari o pópe, sobasapa, i 'arybo Îandé Îara Îesu Cristo nhe'engûera ra'anga"
ele foi para a coutada do rei para cortar madeira,Morubixaba ybyragûype ahẽ sóû ybyrá-'apa
raramente,amõneme nhõ
muitas coisas miúdas,ta'yrĩ-rĩ
"você assassinou gente após acabar a guerra, matando prisioneiros?","Ereporapitipe marana pab'iré, mbiarûera nhẽ îukábo?"
"muito bem, então! que venha","Aûîebeté, rõ! T'oú"
deixo que ele leve,Arasó-ukar
"ergueu-se com as feridas de suas mãos, de seus pés e de seu flanco?","O pó, o py, o yké kutukagûera bépe erimba'e ogûeropu'am?"
untei as penas de pássaro,Aîmongy gûyrá-aba
fazem o mal igualmente,Oîoîá marã sekóû
"pois bem, que eu vá!",Ene'ĩ t'asóne!
faço caretas com a boca,Xe îuru-memûã
"eis que ele está deitado sobre o capim, em vez de comer como a vaca","Kapi'ĩ sosé kó tuî, tapi'irusu karuápe"
medroso,sykyîebora
que deteste a má vida,T'aroŷrõ tekomemûã
"escondendo que era sua verdadeira parente, a quem ele perverteu",O emimomoxypûera o mũetéramo sekó kuakupa
o patrimônio que meu pai me deu,xe ruba xe mba'eme'engaba
lua minguante,îasy-angaîbara
tendo saudades do teu rosto,Nde robá repîaka'upa
reconciliei-os entre si,Anhonongatu o îoupé
você desvirginou alguma menina?,Eresugûykápe kunhataĩ amõ?
eu sou exaltado,Xe kagûaíb
gastei-o totalmente,Aîmongûy-pab
voltará a confessar os que confessou e os que escondeu,O emimombe'upûera o emikuakugûera irũmo bé i mombe'uîebyrine
seus cadáveres estavam lado a lado ao longo do mar,Oîoybyri se'õmbûera paranã ybyri i kûáî
eis que vou,Asó ikó
defeco,Apoti
vim para informar você sobre minhas chacinas,Aîu nde momorandupa xe porapiti resé
veio também a sua panela para que os cozinhe diante de mim,"Oú bé senha'ẽpepó, t'omoîy xe renondé"
"vai, por acaso?",Osó nipó?
farei com que todos pequem de novo,Aîmoangaîpá pá benhẽne
"e então, como vai ser?",marã-tepene?
nesse exato momento perdoou pilatos,A'eîbé Pilatos supé oîerekûabamo
"hoje, assim, de modo nenhum nossa estada nos impede","Kori, nã, îandé rekó îandé moarûapa angá"
manda pregá-lo na cruz,Eîmoîar-ukar ybyraîoasaba resé
estou bem aûîé aîkó - estou bem,Aûîé aîub
"eu estou no cio, eu estou saída",Xe kûaruru
"ei, nossa advogada!","Ene'ĩ, oré îeruresar!"
"para onde pilatos o retirou, então?",Mamõpe Pilatos senosemi a'ereme?
a mirra de polpa era o anúncio de sua futura morte pelo povo,To'o suí mirra moroesé se'õagûama mombegûaba
abrimos caminho,Oroîepeká
o pecado não chegou à santa maria,Santa Maria resé tekopoxy nd'obasemi
as chamas vão queimar vocês!,Pe rapy tatá-endyne!
eis que vai chover,Amãpytuna ã
"estão queimando, conservando suas vidas",Okaî oúpa o ekobé rerekóbo
eu o tingo com jenipapo,Aîmongy îanypaba resé
você induziu alguém a coisas más em seus atos futuros?,Ereîmoîesuerype abá mba'eaíba ri sekorama resé?
ontem deram combate aos brancos,"Kûesé, karaíba ri i pokoki"
esfreguei a pele dele,Aîpi-momemûã
"com ele hoje vamos atacar os temiminós, cercando imediatamente sua terra","I ndi, kori, t'îasó temiminõ repenhana, aûnhenhẽ setama amana"
"quando digo algo, digo asneiras",A'é tenhẽ marã gûi'îabo
serão bons daqui em diante,"I angaturam, ko'yré"
eu sou muito gordo,Xe kyragûasu
já ia,Osó ymûã
vendi coisas,Amba'e-ma'e'ĩ
"somente estas, na verdade, eu retirei dos malditos","Kó nhõ anosẽ, îepé, moxy suí"
o que foi preso,mundeokype i mondebypyrûera
pus-os em fila,Asysybõ
vamos trazê-lo!,Îaru!
"alegrem-se, meus filhos, por minha causa","Pe rory, xe ra'yretá, xe ri"
santa maria está pensando na aproximação do seu parto,Santa Maria o membyrá-kakara omo'ã-mo'ang
eis que faço com que as pessoas estejam sempre embriagadas,Ixé kó ka'u resé aporomoingó îepi
este outro,koba'e-te
"ah! na verdade vou me enfeitar, pintando-me de preto",Erĩ! Aûîeté-pakó aîegûak ûinhemoúna
estes habitantes da aldeia estavam sob minhas mãos,Kó tabygûara xe pó gûyrybo sekóû
o desejo sensual que ele não costuma ter,moropotara semipokuabe'yma
amando muito sua santificação,O karaibagûama raûsukatûabo
como a gente procede para cumprir a vontade de deus?,Marãpe asé rekóû Tupã remimotara moporagûama resé
"por serem ignorantes, simplesmente me tratam assim",O tekokuabe'ymamo nhẽ emonã xe rerekóû
"do lado da superfície, do lado de fora",i apé koty
"vivo em concubinato, vivo amancebado",Agûasá pupé aîkó
que o diabo não te moleste,Ta nde moangekoaíb umẽ Anhanga
minha carne palpita,Xe ro'o-tytyk
quem se preocupa com deus,Tupã resé o nheangerekosara
"após a nossa perdição, deus criou uma mulher bondosa","Îandé kanhem'iré, Tupã amõ kunhãngatu monhangi"
"o ouro servia para anunciar que ele era um príncipe, um rei","Itaîuba morubixaba, Reiamo sekó mombegûaba"
"que sejamos corajosos, sim","T'oré pyatã, angá"
não! estou bêbado,Aanumẽne! Asabeypó
vai tratá-la como uma escrava?,Miaûsuba îabépe serekóûne?
estou indo,Asó iã
eu arquejo,Xe ukûakûar
parece flutuar,Obebuî-berame'ĩ
para que deus criou a esposa dele? - para sua futura ajudante,-Mba'erama resépe Tupã semirekorama monhangi? -I pytybõsarama resé
marca antiga de facada,itá-kysé-porûera
"esse santo, pela primeira vez, derramou seu sangue",Kó santo ranhẽ ypy og ugûy mo'ẽ-ukar
veem-se os cadáveres daqueles que mantêm sua incorruptibilidade,Sepîakypyra niã aîpoba'e re'õmbûera o marane'yma rerekó
"o expulsou do paraíso terrenal, sua morada",Oîmosem Paraíso Terreal sekoaba suí
"porventura a nossa carne é, na verdade, terra?",Yby anhẽ nipó asé ro'o?
"meu anzol muito feliz vai pescar para ti, puxando bem os canapus e as arabaianas verdadeiras","Xe pindá-porangeté t'opindaîtykyne endébo, kunapu rekyîetébo, gûaraobanhaneté"
como retribuição por seu procedimento,sekoagûera repyramo
estejam em pranto como modo de louvar aquilo que vem até vocês,Îase'o rakó perekó peẽmo teîkeara moetesabamo
qual outro é guerreiro senão ele?,Maratekoara aé-amẽ ahẽ?
a gente também se inclina para os santos que estão no céu?,Oîerokype asé santos ybakypendûara supé bé?
vão pelas aldeias,Pekûá taba rupi
"edificamos tua casa santa, amando-te, fazendo com que tua imagem esteja conosco","Nde rokangaturamûama oroîmoĩ, nde raûsupa, nde ra'angaba rerokupa"
"sendo assim como é, vocês também não reconhecem que serão enterrados?",Aîpó e'ymetépe peẽ bé ybŷa pe tymagûama na peîkuabi?
quem cumpre aquele?,Abápe aîpoba'e oîmopor?
que vá,T'e'i osóbo
ainda há pouco,ramo'ĩ
levei todos,Opab arasó
linha de pesca fina,pindasã-po'i
"sua mãe, cobrindo-o bem, o protege do frio","I xy i aso'ikatûabo, oîopîá ro'y suí"
"eu não queria vir, irritando os homens brancos","Xe n'aîu-potari biã, karaíba moabaîtébo"
minha mão está parcialmente descoberta,Xe robá-seb - Eu tenho o rosto parcialmente descoberto Xe pó-seb
nomeia tudo,Esenõî mbá
"vocês não têm ouvidos, como de costume","Na pe apysáî, îandu"
os que têm a bem-aventurança são os que promovem a paz entre as pessoas,Tekokatueté rerekoara oporomonhyrõba'e
porventura o maldito tinha a cintura rompida?,I ku'a-sorok serã moxy?
"eis que vocês vão, vão",Pesó ûĩ
vou ao caminho das pessoas,Asó morapépe
"conhece bem as guerras, ficando escondido à espera das pessoas","Oîkuá-katu marana, morapearõ-arõmo"
"aimbirê, vamos levar os malditos logo, para alegrar os que ficaram em nossas casas","Aîmbiré, îarasó muru taûîé, îandé roŷpyra moesãîa"
detesto minha lei antiga,Aroŷrõ xe rekopûera
o que foi morto,miîukapûera
ele passou em frente de nhoesembé,Sobábo akûab - Diante deles passei Nhoesembé robábo i kûáî
soube-o novamente,Aîkugûab amõ
"o que deus faz, o feito de deus",Tupana remimonhanga
você pensou em alguma mulher?,Nde py'anhemongetápe kunhã amõ resé?
vestindo-o com uma roupa vermelha,Amõ aó-pyranga mondepa sesé
meu senhor jesus sofre pela gente,Xe îara Îesu sosang poresé
será que todo o seu intestino caiu pela fenda da sua cintura?,Opakatu serã sygeapûá-kuîamo i ku'a sorokaba rupi?
com seu filho sem se importar,O a'yra resé oputupabe'ymamo
quem me guarda é o habitante do céu,Xe rarõana ybakygûara
está perturbando as pessoas,Oporomoaîu oîkóbo
para nos encorajar,asé mopyatãgûama resé
"amando os homens, nós nos preocupamos com eles",Apŷaba raûsupa nhẽ oré putupá sesé
desmaio de fome,Amanõaíb ambyasy suí
eu estou caindo de sono,Xe kerá-kerar
eu não tenho sapatos,Na xe pyapasabi
"a noite toda, depois da sua grande bebedeira, vou falar aos ouvidos dos índios","Pysaré, i ka'ugûasu riré, asó abá rerobobõmo"
eis que a virtude será somente o modo de se libertar da morte,Tekokatu anhõ ã te'õ suí îepysyrõsabeté re'a
vem para arrancar logo de dentro dela o tinhoso,"Îori sekyîa taûîé, i py suí, serubu"
muito bem!,Aûîé ipó!
os que devem ser honrados,i moetepyra
por que a gente põe a cruz na testa?,Marãnamope asé o sybápe îoasaba moíni?
vim para ficar de vez,Gûitu aîur
como será que um habitante do inferno viveria neste mundo?,Marãeté'ĩ ra'umope amõ Anhanga ratá pora rekóû ikó 'ara pupé?
o que acredita na dança do chocalho,Maraká poraseîa rerobîasara
o que nos faz estar segundo a vontade de deus,Tupã remimotara rupi asé moingosara
"e o que, torpemente, tem relações sexuais com sua parente verdadeira?",A'epe o mũeté resé oîkopoxyba'e?
lembrando-se de que deus os honra muito no céu,Ybakype Tupã i moeté-katu resé o ma'enduaramo
maldade,angaipaba
"todos os seus avós estavam em pranto, recolhendo-se","Pe ramỹîa pabẽ rakó îase'o rerekóû, îemoingeabo"
você costuma se levantar no lugar em que está diante de seu pai?,Nde pu'amixûé nde îekûápe nde ruba pé?
"existe a confissão, remédio que traz cura","Oîkobé îemombe'u, mosanga mûeîrabyîara"
"às vezes os frutos de suas árvores caem ainda sendo flores, outras vezes quando estão verdes, outras vezes caem depois de amadurecerem","Okuî rakó amũme 'ybarambûera o 'yba suí 'ybotyramo oîkóbo bé, amõ rakó ogûakyra pupé i kuî, amõ rakó ogûaîub'iré i kuî"
eu brilho,Xe rendy
chamo os homens,Asenõî apŷabetá
eu estou manchado,Xe rabarab
e judas não se afligiu entre os judeus pela traição a seu senhor?,A'epe Îudas n'oîkotebẽî Îudeus supé o îara me'engagûera resé?
o puseram dentro de um túmulo de pedra,Itá karamemûã pupé i nongi
"ah, nossos avós desejaram muito verdadeiros substitutos seus para nós",Té! Oîpotareté îandé ramuîa o ekobîareté îandébe
nem por isso eu vou para longe,Ndaroîaî mamõ xe sóû
mas me esconda dele!,Xe mĩ-te îepé i xuí!
"também, por embriaguez, acabam ferindo-se uns aos outros",Sabeypora suí bé oîoapixá-pixapa
está acordado,Aîubé
eu o piquei,Aîopi
este santo faz com que quem lhe roga recupere suas coisas desaparecidas ou seu escravo fugitivo,Kó santo o mongetasara oîmoîekosub i mba'e i kanhẽmbyra koîpó semiaûsuîababa supé
fico a me espojar,Anhemonduby-ndubyr
nossa alma foi feita do nada,Nama'eruã oîmonhang asé 'angamo
eu faço bochecha,Xe ratypygûasu
pratique o que você aprendeu,Eîporu nde nhembo'eagûera
o trago ao meu colo,Xe ambyî arekó
lamento sua partida,Aîmoasy nde só
eu sou mal-encarado,Xe resakûarasy
deve-se substituir a esposa ou o marido legítimo que está em suas residências?,Sekobîarõmbyrape temirekoeté koîpó meneté pe retãmendûara?
o que quer o diabo?,Mba'e-mba'epe Anhanga oîpotar?
assim vamos nos acariciar?,Nã takó îomomoranga re'a?
eu chorei até ficar com os olhos avermelhados,Xe resaapytãpytang
aprenda sobre a palavra de deus na qual crerá e que também cumprirá,Onhembo'e Tupã nhe'enga o emierobîarama resé o emiporama resé bé
lhe resisti,Anheran i xupé
ele não é profundo,Na typyî
"que venha, por seus pedidos, deus para nos fazer felizes","T'oú, nde îeruresápe, Tupã oré moorypa"
"será que nosso senhor estava muito angustiado, rezando a ele por muito tempo?",I angekoaí-katu serã Îandé Îara i mongetapukûabo?
eis que o adversário habitual da alma do homem é ele,Eboûĩ abá 'anga rupîatyba a'e
campo limpo,nhũasyma
"sua própria mãe o cobria, na verdade, com seu véu",I xy aé ipó opîá o akangaobĩ pupé
"era costume, então, batizar",Ã tekó a'ereme moreroka
se não fosse a vinda do fulano,Ahẽ ruraba a'eîponomã
fazendo passar todos os seus discípulos para suas mãos,Opá o boîá nde pópe i mongûapa
e o que acontece com quem se excita por sua amante?,"A'epe o agûasá resé segûyrõba'e, marã?"
o firmei a mim,Aroten
nosso inimigo nunca deixa de nos tentar,N'i apori oré sumarã îepi nhẽ oré ra'anga
"hei de me confessar ainda hoje, antes que a morte me surpreenda","T'anhemombe'une kori bé, te'õ xe resapy'a e'ymebé"
é muitíssimo terrível o homem cair nas mãos de deus,I abaeté-tekatueté Tupã pópe abá 'ara
que a bondade de sua vida em mim se fortaleça,Sekopûera angaturama xe resé t'oîeratã
estou na medida,Taé a'e
"por isso mesmo os rapazes sempre entram no lugar para beber cauim, ali atacando as moças","Nd'e'i te'e kunumĩgûasu oîkébo memẽ kagûápe, a'epe kunhãmuku repenhana"
esta fruta me trava a língua,Xe apekũ-mombyk ikó 'ybá
eu estou amargo,Xe 'ak
quem tem fome é o faminto,i ambyasyba'e
estou sendo muito miserável,Xe poreaûsukatu gûitekóbo
"assaram-no sobre grelhas de moquear, de ferro",Moka'ẽ itá îurá 'arybo sesyri
guardando-nos,Îandé rarõmo
orgulhei-me de mim mesmo,Aîerobîá xe îoesé
ele é muito bom,I katu-pyryb
mas não foi nosso pai quem fez nosso corpo?,N'asé ruba ruã-tepe asé reté oîmonhang?
ela é fininha e comprida,Ta'yrĩ'i-muku
a valentia é natural para ela,Sekoaba é kyre'ymbaba
"ao fustigar o sol a terra, vim","Ara yby sokeme, xe ruri"
colocando-o dentro de um túmulo de pedra onde ninguém estava enterrado,Itá karamemûã abá tymagûere'yma pupé i mondepa
por meio da oração,tupãmongetá pupé
"pedra de amolar giratória, pedra de barbeiro",itakynhatimana
interessando-se também pela sua felicidade,Sekobekaturama resé bé onhemboryryîa
irei hoje ao mar,Asó kori paranãmene
"entregando-me à morte, tu me beijas o rosto",Te'õ supé xe me'enga xe robá-pyter îepé
nos pusemos em fila,Oroîeysyrung
que o maldito não esteja perto de mim,T'oîkó umẽ moxy xe ypybo
"por isso mesmo, o homem que busca a virtude esvazia seu corpo, fazendo-o jejuar","Nd'e'i te'e abá tekokatu potasara og o'opore'yma, i moîekuakupa"
você ficou dono daquilo que alguém esqueceu?,Ereîpysyrõpe abá resaraîagûera?
"tendo sua vida bondosa, nossa alma se regozija","Sekó-katu rerekóbo, îandé 'anga îekosubi"
indo eu voando,gûymaenhẽ gûixóbo
arei-a,Aîybyyby'ab
eu tenho diarreia com sangue,Xe rebykasy-pyrang
continuei,Aîepotabẽ
"após fazer com que são joão batista, seu primo, o batizasse",São João Batista o i'yra pé onhemoîasuk-ukar'iré
"cabeça baixa, desânimo",akã-gûyra
como este,kó îá
estou indo,Ebokûé asó
"o que trabalha a madeira, o carpinteiro",ybyrá pandara
não sei,N'a'ekatuî
faço com que ele fique firme,Ten amo'e
me acovardo,Amembek
quase fui,Asó só
"a mãe de deus, senhora desta aldeia, não a prendam","Tupã sy, kó tabyîara, na pemoembiá-potari"
sentindo dor por suas queimaduras,O kaîa moasŷabo
"os corpos dos que são bons serão sutis, brilhando mais do que o sol",I angaturamba'e reté i pokãngatu kûarasy sosé oberapa
vou cumprir suas palavras,T'aîmopóne nde nhe'enga
lembrando-se dele,Sesé oma'enduaramo
"graças a deus, meu pai veio!",Our-eté'ĩ xe ruba mã!
daqui em diante não poderá se juntar à sua esposa,Nd'erekatuî xûé angiré nde remirekó rerobyka-ne
e o seu rei não tem riquezas?,A'epe n'oerekóî pe rubixaba ma'e?
extremidades das minhas mãos,xe pó apyra
para um príncipe chamado anás,Morubixaba Anás seryba'e supé
em vão creem em você,E'i tenhẽ nde rerobîá
você se apropriou de alguma coisa?,Nde mondápe mba'e amõ resé?
"a própria gente se acovarda, consentindo-o",Asé aé oîemoabangá i mborypa
daqui em diante vou obedecer muito a ele,Asapîá-katupe angiré ká
você acenou com a cabeça para alguma mulher?,Ereîe'aîtykype kunhã amõ supé?
"você lhe atira, o dia todo, palavras mentirosas",Nhe'ẽ-porangu ereîapi ko'arapukuî
vou revirar seu ventre opilado!,T'aîpobu sygé-aponga!
estando como criança dentro de suas entranhas,Nde ybỹîa pupé pitangamo oúpa
"sua alma está muito branca, como roupa lavada","Morotĩngatu nde 'anga, aoba i potukapyra rame'ĩ"
orando a deus,Tupã supé ûiîerurébo
estavam dormindo por causa da aflição,Oker okûapa tekotebẽ suí nhẽ
assim procederei hoje,Emonã kori aîkóne
mas o que procuram nesta minha terra?,Mba'e-tepe peseká kó xe retama pupé?
"escaparão, futuramente, os animais de caça, os pássaros, os peixes e as matas?","Okûabépe irã so'o, gûyrá, pirá, ka'a?"
"levaram-no, com suas ataduras, a pilatos, o governador",Pilatos ybyrarerekoara supé i popûasaba resebé serasóû
faço-as uma após a outra,Aîmoîoakypûé-kypûer
fazendo-me levantar o rosto,Xe moobaybaka
vim do céu pelo interior de suas ocas,Aîur ybaka suí pe rokybỹîa rupi
a criança está deitada ao lado de sua própria mãe,O sy posé pitanga ruî
"ao comer com seus discípulos, devolveu o pão que apanhara em suas mãos","Ogûemimbo'e pyri o karuápe, miapé o pópe gûemiîara i moîebyû"
fizemo-nos passar uns pelos outros; passamos uns com os outros,Oroîoerokûab
"vamos cantar um pouquinho, primeiro",T'îanhe'engá-mirĩ ranhẽ
vou com você hoje,T'asó nde pyri kori
"muitos outeiros, serra",ybyty-bytyra
sem sequer cozinhar sua comida,O emi'urama tiruã moîybe'yma
eu sou certeiro,Xe pûakatu
"e se, no caso, não quitar sua dívida neste mundo?",A'epe ikó 'ara pupé sepy syke'ỹme?
"além disso, esse miserável excomungado também não pode ouvir missa",Nd'e'ikatu béî aîpó i pe'apyra'uba missa renduba resé
vou comer hoje seus braços,T'a'u kori i îybapûera
"ah, como desejo aquela mulher casada!",Aîpotá-te kûé kunhã-mendara mã!
enfeitando minha cabeça,xe akanga moîegûaka
chamusquei-o,Asereb
amarrei-o pelos pés,Aîpukusãmoín
quanto mais eu teria de ir?,Memetémo n'ixé ûixóbo
pregue-o na cruz,Eîmoîar ybyraîoasaba resé
você chorava sempre,Ereîase'o îepi
"seus antigos companheiros, então, eu os dei aos índios em troca de cauim","Irũmbûera, akûeîmebé, kaûĩ repyrama ri aîme'eng abá supé"
"no meio do campo, repartindo-os",Nhũ-myterype i mbo'îabo
joguei fora todos os bens dos meus avós,Opá xe ramyîa ma'epûera aîtyk
cortei-lhe a garganta,Aîaseó-mondok
seus antigos vícios são muitos,I aty sekopoxypûera
não pode casar com ela enquanto a mantiver escondida,Nd'e'ikatuî sesé omendá mimbápe serekó pukuî
o que puseram sobre sua cabeça?,Mba'epe onong i akanga 'arybo?
"viram os anjos a deus, seu criador, quando ele começou a criá-los?",Osepîápe karaibebé Tupã o monhangara o monhang-ypyreme?
espremi mandioca,Amiamĩ
"primeiramente, os padres foram até ela, anunciando a deus","I xupé, ranhẽ, abaré, Tupã mombegûabo, i xóû"
ama a todos os homens para o bem deles,…Opabĩ abá raûsubi i katurama resé
"aimbirê, venha diante de mim!","Aîmbiré, eîori xe robaké!"
dia de guarda e de jejum,"ara i pîasaba, îekuakupaba"
a não ser que deus não a fizesse estar consigo,Tupã serekó e'ymetemonaémo
lancei-o no chão,Aîmombor ybype
eu sou rechonchudo,Xe asang
é difícil para mim tentá-los,I abaí xébo sa'anga
espetou seu flanco com uma lança,Itamina pupé iî yké kutuki
não pode outra pessoa batizar em vez do padre?,Nd'e'ikatuîpe amoaé abá oporomongaraípa abaré suí?
venham para receber as determinações a vocês no lugar em que vocês se reuniam,Peîori pe nheŷnhangápe pe rekorama rá
exceto o vermelho,pyrã-mbyryb
"além disso, o cauim transbordante nas igaçabas os atrai",Ygasápe kaûĩ-tuîa a'e ré îamomotá
vamos hoje trazer alguns assim desse jeito,Emonã nungara amõ t'îasó kori seru
mandando-os afastar-se logo de suas maldades,I angaîpaba suí i moîepe'aesapy'a-uká
benzi a testa,Aîesybasab
por que você me bate?,Marãpe xe ri erepûá?
ele tem olhos claros como seu pai,Og uba rupi ahẽ resatingamo
"para nos honrar, os índios fazem festa",Îandé moetébo apŷaba nhemosaraî
riacho,yekûabusu
pesco com rede,Aîeporakar
como o nosso perdão aos que nos tratam mal,Oré rerekomemûãsara supé oré nhyrõ îabé
nós somos poucos,Oré retapokang
não encontrei absolutamente nenhum ato mau neste homem,N'abasẽ-mirĩ-angáî marãbirĩ ikó abá rekopûera amõ supé
"o homem se consola muito, de fato, com as coisas contidas neste mundo",Onhemoapysy-katu rakó abá mba'e ikó 'ara pora resé
e como alguém procederá ao encontrar aquilo que esqueceu?,A'epe marã abá rekóû a'e o esaraîagûera supé ogûasemane?
os que se fizeram matar por causa de deus,Tupã resé oîeîuká-ukaba'epûera
botei os ovos,Aîupi'a-mombor
vem para amedrontá-lo,Eîori i mosykyîébo
veio atrás de mim,Xe pytaî turi
minha captura é terrível,I abaîté xe rembiasaba
me comporto mal,Marani aîkó
"sobre os ombros de duas pessoas, de um ombro e do outro",o îoati'yba ri
eis que também darei a você algumas das minhas muitas presas,Kó bé xe rembiaretá t'ame'ẽne amõ endébo
você mencionou o nome de alguém para o padre?,Ereîmombe'upe abá rera abaré supé?
"querem, simplesmente, que as amem, enquanto se enfeitam","O aûsuba oîpotarĩ, oîemomorã-moranga"
ponta de galho,sakãpyra
os reis inimigos de deus,Tupã sumarã reîa
arranquei o invólucro dele,Aînhubã-rok
cume da casa,okapyra
"eis que aqui estou, procurando você",Kó xe rekóû nde reká
urinei,Akaruk
todas as nuvens que caem do céu cobrirão a terra,Yby opá ybytinga ybaka suí o'aryba'e i aso'iûne
"aquele que, dizendo em vão ""eis que é assim, por deus"", não o cumpre","I pore'ymba'e ""-emonã kó Tupã resé"" o'îabo tenhẽ"
eu não levanto a cabeça,Na xe 'aîubyri
querendo que eles se afastem de deus,Tupã suí i îepe'a-potá
habitualmente me irrito,Xe îemoŷrõndûer îá
eu os envolvi em mortalhas,Aîapyear
três de seus discípulos,Mosapyr o boîá
"aimbirê, vamos levar logo os malditos para alegrar os que ficaram em nossas casas","Aîmbiré, îarasó muru taûîé îandé roŷpyra moesãîa"
o padre sempre me faz sair da aldeia,Xe mosẽ memẽ taba suí abaré
passamos uns atrás dos outros,Orokûaka'ar
couraça com lâminas,itaoba i apenhugûã-nhugûanyba'e
minha embarcação,Xe ruru
por causa da sua estrela guardiã,Îasytatá serekoarama resé
fazendo você viver no meu coração,nde moingóbo xe py'ape
as águas cresceram muito,Our paranã - Subiu a água do mar Ourusu 'y
vocês estarão aflitos hoje,Peporeaûsu korine
logo o vento se levantará,Koromõ ybytu pu'amine
aqui é a minha casa,Iké xe roka
"enfim, os jovens escondem seus atos muito maus e os calam","Aûîé kunumĩgûasu o ekoaibeté oîomim, oîkuaku"
você hoje não beberá o que eu mastigo,Nd'ere'uî xó kori xe remindu'une!
poucas pessoas moram nesta aldeia,Mokõînhõ kó taba pupé sekóû
"ele estava se calando, não respondendo às palavras deles","Opyk o'ama, i nhe'engobaîxûare'yma"
suportando as coisas dolorosas por causa de deus,Mba'e-asy porarábo Tupana resé
você esfregou seu pênis excitado?,Ereîkytykype nde ragûyrõ?
tornei-me rapaz,Akakuab
olhando detidamente para alguma mulher que já foi casada,Mendarûera amõ resé enhemosapysóbo
o que seria morto,miîukarambûera
casa assobradada,okybaté
eu me calei,Xe nhe'endok
outra coisa,mba'e-aé
"venha, meu compadecedor, por sua bondade","Eîori xe poreaûsubara, nde angaturama ri"
minhas coisinhas,xe mba'e'ĩ
"ah, se eu tivesse percebido isso outrora!",Anhandu beémo erimba'e angûama mã!
aquele padre que te batiza dá uma vela na sua mão,A'e abaré nde mongaraipara iraîtytataendy me'engi nde pópe
estou à parte,Aindé
eu o socorri,Asepenhan
vocês falaram torpemente para vocês mesmos?,Penhe'eng poxype pe îoupé?
"segundo o rito dos judeus, cortaram o seu prepúcio",Îudeos ekomonhangábo i 'apira mondoki
mas você me esconde dele!,Xe mĩ-te îepé i xuí!
ninguém pode se casar com seus irmãos,O asykûera resé nd'e'ikatuî abá omendá
uma moça que não tem doze anos e um rapaz que também não chegou aos catorze anos não podem se casar com ninguém,"Kunhãmbuku doze ro'y rerekoare'yma, kunumĩgûasu abé catorze ro'y resé i xyke'yma nd'e'ikatuî abá resé omendá"
sou feito,Aîemonhang
princípio da compaixão,moroaûsubara 'yba
"trouxe muitas destas ostras, querendo alimentá-lo com elas","Aruretá kó reri, i pupé nde poî-potá"
"cara ruim, mau humor",tobasy
"sua lembrança das coisas estava longe, enquanto você conversava consigo mesmo?","Oîkó kûepe mba'e resé nde ma'enduara, enhemongetábo ekupa?"
enaltecendo seus antigos pecados,pe rekopoxypûera momoranga
"águas tranquilas, bonança",y-katu
estava atravessado na rede,Asasab pé gûitupa - Estava atravessado no caminho Aînĩ-asab
chamusquei o casco dela,Aîapé-ereb
meu estrado,Xe rendaba
eu fiz confusão,Xe apatynã
"eram muitos, de modo que se revezavam nisso, ficando cansados","Setá, sesé oîopuru-purûabo o kane'õ-ne'õnamo"
vim atravessando o oceano,Paranãgûasu rasapa aîu
caçador de pacas,paka rupîara
tomem este meu sangue como seu resgate,Peîar kó niã xe rugûy pe repyramo
poleiro de aves,gûyrá-kesaba
"me escondo bem, deitado aqui",Aîemĩngatu kó gûitupa
levemente,bebuî-nhõte
os índios fazem festa para nos honrar,Îandé moetébo apŷaba nhemosaraî
tirei o luto,Aîeaibok
"também fizeram isso com os pés deles, pregando-os com cravos?","A'e îá bépe gûá i py rerekóû, itapygûá pupé i moîáno?"
"embora ele fosse nosso pai primeiro, o que foi dito foi: ""-não comas este fruto""","Aûîeté a'e îandé rubypy, ""-E'u umẽ ikó 'ybá"" 'îagûera"
abrasou todas as aldeias,Opabẽ taba mondyki
desprezando vocês completamente antes de fazer entrar seu senhor,Peîeroŷrõmo aûîé-katu pe îara moingé îanondé
aqui estou para levar seu ventre e também seus pulmões para minha sogra velha,Kó aîkó sygepûera t'arasó i nhy'ãbebuîa abé xe raîxó-gûaîbĩ supé
fez você subir para honrar você,Nde rupiri nde moetesápe
quem é a que fala a deus por nós?,Abápe asé resé Tupã mongetasara sekóû?
fico andando à toa,Agûatá-gûatá-tenhẽ
ele mesmo está em todas as igrejas?,A'e memẽpe tupãoka îakatu i kûáî?
o cheirei,Asetun
o que você quer?,Ma'epe ereîpotar?
o cerquei,Aîpemim
uma pessoa enfia a mão em vão num recipiente de água benta,Abá opo'ẽ tenhẽ 'y-karaíba ruru pupé
"segundo ela, você curou os doentes",Supibé eremombûeîrá mara'abora
eu resmungo,Xe nhe'ẽkurukuruk
algum discípulo seu não foi atrás dele?,Nd'osóîpe i boîá amõ sakypûeri?
eu me derreti,Xe ryku
vou novamente,Asó benhẽ
"console-se muito, enfim, após sua saída da escuridão, da aflição de sua alma",Nde apysy-katu ko'yté pytunusu nde 'anga moingotebẽsagûera suí nde sem'iré
eu os separei,Aîmoîa'ok
o que é ruivo,i aîuba'e
o que perseguiu o cão do seu próximo,o apixara reîmbaba îagûara remimomosẽgûera
que sua pureza seja igual em mim,Nde poropotare'yma t'oîakatu xe resé
"ah, um homem pecador terá mais coisas boas do que eu!",Abá-angaîpabĩ takó mba'e-katu ogûerekó xe suí mã!
"dali, daquela parte",akûea suí
vou beber água,Asó 'y gûabo
eu tenho pintas,Xe pinim
bem em frente ao mar,paranã robaîkatu
"depois disso, os malvados, a altas horas, atravessam o interior das ocas","A'e ré, moxy rekóû pysaîé okybỹîa asá-asapa"
perdendo o entendimento por causa da bebedeira,Sabeypora suí 'ara mokanhema
var de peneira,urupẽ-mby'i
a gente o honra como ao próprio pai?,Og uba îakatutenhẽpe asé i moetéû?
