source_text,target_text
aparei as pontas deles,Aîapyr-etab
doravante assim procedo,Ko'yré emonã aîkó
as doenças da alma do homem com ele saram bem,Abá 'anga mara'ara i pupé opûeîrá-katu
"é discreta, falando aos homens",I kunusãî abá supé onhe'enga
"para se vingar de seu cão que cria, um homem não o alimenta","O eîmbaba îagûara resé oîepyka, abá n'oîmomba'e'uî"
dizem que foi,Osó ra'e
"vem para espantar o diabo, para que não me dane","Îori anhanga mondyîa, ta xe momoxy umẽ"
"como a esses, matarei os que costumam pecar, fazendo-os cair comigo em meu fogo","Anga îá, angaîpabora aîuká, xe ratápe sero'ane"
vou como catador de madeira,Asó ybyrá piaramo
"examinando a armadilha de alguém, tomando o seu conteúdo","Abá mundé supa, i pora rá"
tu te comprazes quando um homem apalpa teus seios?,Nde rorype nde kama abá sungáreme?
mostra o erro de minhas palavras,Eîkuabe'eng xe nhe'engaipaba
afastaste teu filho e teu escravo de suas amantes?,"Ereîpe'ape nde ra'yra, nde remiaûsuba i agûasá suí?"
eu tenho cabelos muito arrepiados,Xe 'a-tyragûasu
"fora, na rua",okarype
matai-o!,Peîuká!
podem deixar um do outro?,E'ikatupe o îesuí opo'i?
eu retomei o bom senso,Xe tekokuabar
"eis que era costume, então, dar nome às pessoas",Ã tekó a'ereme moreroka
vou com ele,Sesé orosó
deixa que venha,T'oúne turi
também queima vivo para sempre,Sekobé abé okaî aûîeramanhẽ
"estando doente, de verdade, não a ouviste, ou sendo preguiçoso?",Nde mba'easyramo épe nd'eresendubi koîpó nde ate'ymamo nhẽ?
"o que tem nome guaixará, o chamado guaixará",Gûaîxará seryba'e
que não me atraia a lei antiga de meus avós,Ta xe momotar umẽ xe ramỹîa rekopûera
que se alegre esta vossa terra,Ta sesãî kó pe retama
"confesso-me a ti, senhor padre, por causa do meu pecar muitas vezes","Anhemombe'u ndebe, pa'i abaré setá nhẽ xe angaîpagûera resé"
"amo pedro, assim como a seu filho",Asaûsub Pedro ta'yra resebé
tutano dos ossos,kanga putu'uma
"foste para revistar as cisternas de água doce de alguém, tomando seu conteúdo?","Eresópe abá îeky-'ye'ẽ supa, i pora rá?"
os que têm a bem-aventurança são os que têm pena das pessoas,Tekokatu-eté rerekoara i poraûsubaryba'e
ela é muito bojuda,I ku'agûasu
vinde todos para festejar a jesus,"Peîó pabẽnhẽ, Îesu momoranga"
como estas são vossas casas? -diferem muito,-Anga îápe pe roka? -Oîkoé-katu
nosso criador fazes estar contigo em teus braços,Îandé monhangara nhẽ erenoĩ nde îybápe
saiu-me de través,Xe raîé i xemi
e portanto,a'e emonãnamo
saltei-o,Aîapyrasab
o que apanha o que ele matou,semiîukapûera rasara
"que saia o diabo dela, apartando-se com seu mau proceder","T'osẽ Anhanga i xuí, gûekó-poxy rerosyîa"
as brasas não falham,Tatapynha n'oîabyî
"as crianças habitantes da aldeia de belém e também as habitantes das suas vizinhanças mandou assassinar, nelas querendo incluir nosso senhor","Taba Belém pora pitanga i amundaba pora abé apitiukari, sesebé Îandé Îara moîese'a-potá"
que deram à sua mão direita?,Mba'epe oîme'eng i 'ekatuápe?
fez vir outrora alguma coisa boa do céu para seus discípulos?,Oîmbourype erimba'e mba'e-katu amõ ybaka suí o boîaetá supé?
se tu não endureceres teu coração,Nde nhy'ã nde i moatãnhẽe'ỹme
vem para nos arrebatar,Eîori oré rekyîa
não vos perceberam abaixai-vos,Na pe andubi Peîaŷbyk
"por acaso estava com a cintura fendida o maldito, balançando?",I ku'a-bok serã moxy oatimunga?
devolveu seu pagamento aos príncipes,Oîme'eng-îeby sepypûera morubixabetá supé
passo raramente,Moîepenhombé akûab
por isso mesmo em tua grande força apóio-me,Nd'a'é te'e nde ratãngatu resé gûiîekoka
eu sou doido,Xe 'angaingaíb
deve ter ido,Osó ipó re'ĩ
o que deseja a justiça,tekokatu 'useîtara
será muito terrível futuramente para os que são maus?,I abaeté-katupe irã i angaîpaba'e supé?
mas procedendo de que modo se está como amigo do diabo?,Marã oîkóbo-tepe asé Anhanga rembiaûsubamo sekóû?
"mirra, poção de polpa","mirra, mosanga to'o suí"
homem falso,abá-memûã
apenas não me faz morrer,Sa'ĩ na xe momanõî!
são numerosos os que te procuram,Se'yî nde rekasara
violentaste uma solteira antes de lhe fazer mal?,Ereîukaípe mendare'yma i momoxy îanondé?
é terrível para mim vê-los,I abaeté sepîaka ixébo
"ah, vencer-me-ão hoje!",Xe reîtyk korine mã!
"ao se aproximar o doente da agonia, que mandem chamar o padre","Mba'easybora o mara'ara kakareme, t'osenõîukar abaré"
diabo mau,anhangaíba
"eia, pois, sapo maneta!","Ené, rõ, kururu-asyka!"
"tão logo ao ouvir o nome dela, em outra parte eu me escondo",Serenduba rupibé amongoty xe nhemimi
morrendo nós,Îamanõmo
arroto fétido,eú-rema
"eia, levemos adiante deles esta muçurana","Ene'ĩ, t'îarasó senondé kó musurana"
escorei-o,Aîokok
os que moram em maratauá acreditam em minhas palavras,Marataûãme tekoara ogûerobîá xe nhe'enga
o que é o único filho dele,ta'yra oîepeba'e
livra-nos tu,Oré pysyrõ îepé
coloquei-o de boca para baixo,Oobapybo aîmoín
conhecendo a deus,Tupana kuapa
meteu-te pelo pescoço,Nde mondeb o aîurybo
caiu no chão,O'ar ybype
"embora eles fossem obra d'ele, alguns anjos tornaram-se maus","Aûîeté a'e semimonhangûera, karaibebé amõ amõ oîemoangaîpab"
todos os que confessou com os que escondeu voltará a confessar,O emimombe'upûera o emikuakugûera irũmo bé i mombe'uîebyrine
"mas, de verdade",anhẽ ruãp'anhẽ
ele mesmo certamente me guarda,A'e aé ipó xe rerekó
eu estou adoentado,Xe mba'easyaíb
mulher corajosa,kunhã-pyatã
estrebuchei,Ababak
"tomaste remédio, não querendo ficar grávida?",Ereposangu'upe nde puru'apotare'ymamo?
comendo-o ansiosamente sempre,korikoria'u i gûabo îepi
eis que esses meus valentões sabem assassinar,Kó a'e xe kyre'ymbaba oîkuá morapiti
"suportando a grande noite, estamos muito aflitos","Putunusu porarábo, oroîkotebẽngatu"
dar também o dízimo naquilo que plantou primeiro,O emitymbûerypy pupé Tupã potá-me'engano
acreditaste nas mentiras de alguém?,Ererobîápe abá remo'ema?
enfileiramo-nos,Oroîoysyrung
ofendeste tua avó?,Ereîanga'ope nde aryîa?
eu sumi de vista,Xe apykanhem
jejuar cada vez que a santa madre igreja mandar jejuar,Santa Madre Igreja îekuaku-pûaîa îabi'õ îekuakuba
"foi pregado na cruz, foi morto, foi sepultado","Ybyraîoasaba resé i moîarypyrûeramo sekóû, i îukapyrûeramo, i tymbyrûeramo"
"vituperaste teu pai, tua mãe, teu avô, tua avó?","Ereîanga'ope nde ruba, nde sy, nde ramũîa, nde aryîa?"
aqueles serão os futuros habitantes do fundo de nosso fogo,Aîpó îandé ratá gûyra porama
"o que é azul, o que é verde, o que é roxo",sobyba'e
cortei-lhe a cabeça,Aîakã-mondok
estorva-me o senhor deus!,Xe moarûá Pa'i Tupã!
obedece bem a mulher a seu marido ao encarregá-la de boas coisas?,Osapîá-katupe kunhã o mena tekó-katu resé o pûaîme?
"um ou outro, porventura, foi mau alguma vez","Oîepé-ĩombé, nipó, i angaîpab amõme é"
"de algum lugar, dalgures, de alguma parte",mamõ suí
dizendo a um canto de pássaro ou a um urro de onça que são agouros,Gûyrá koîpó îagûara nhe'enga supé morangygûana o'îabo
"eia, pois, vamos estar sentados aqui","Pene'ĩ, rõ, t'îasó ké îagûapyka îakupa"
eu sou um jaguaretê comedor de gente!,Xe îagûareteporu!
"que tenhamos, em sua terra, junto de ti, a vida eterna","T'orogûerekó, setãme, nde pyri, tekopuku"
não ficou ninguém no lugar da batalha,N'opytáî amõ abá maranápe
esse é meu antigo enforcador,Akó xe îubykarûera
"tempo, lugar, modo, etc de se lavar, de se batizar",moîasukaba
saiu vivendo após o enterrarem,"Osem oîkobébo, o tym-y roîré"
"ah, quem me dera o tivesse matado!",Aîuká me'ĩ mã!
a de protetora dos aflitos é tua fama sempre,Moreaûsuba rerekoara nde rerapûana îepi
"assim como esta água lava o corpo da gente, aquela também","Akó 'y asé reté moîasuka îabé, akûeîa îabé"
"se o que tem relações sexuais com uma solteira ou por ela se atrai transgride muito a palavra de deus, tanto mais o que perverte uma casada ou o que se atrai por ela","Mene'yma resé oîkoba'e abiã koîpó sesé onhemomotaryba'e oîabyeté Tupã nhe'enga, memetipó mendara momoxysara koîpó sesé nhemomotasara"
há de ser coisa insignificante somente,A'uba nhote i por re'a
no meio dos anjos fê-la subir,Karaibebé pyterype supiri
as marcas delas,i kuapaba
qual é também o alimento de nossa alma?,Mba'e abépe asé 'anga remi'u?
semelhante a uma roupa de querejuá que brilha mais que o sol,Aó-kereîûá kûarasy sosé oberaba'e nungara
"conhecendo a deus, agora amo meu senhor jesus","Tupana kuapa, ko'y asaûsu xe îara Îesu"
anunciando nossa futura felicidade,Asé rekokaturama mombegûabo
querendo confessar-se segundo o que determina a ele a santa madre igreja,Oîemombe'u-potá Santa Madre Igreja i mombe'u rupi
"elas, na verdade, são más, ficando a fazer pajelança","A'e, rakó, i angaîpá, oîemopaîé-paîébo"
dirigiu de novo pilatos sua fala aos judeus?,Oîmoín-y bépe Pilatos o nhe'enga îudeus supé?
grandemente a aflição oprime minh'alma,Naetenhẽ ã tekotebẽ xe 'anga apypyki
ele virou cinza completamente,Sugûé-katu
"mandando fazê-los embarcar numa arca de madeira, semelhante a um navio","Ybyrá karamemûã, ygarusu nungara pupé i mo'aruká"
por isso mesmo é que constituiu os padres como seus apaziguadores,Nd'e'i te'e abaré moingóbo o monhyrõsaramo
"pelos montes voando, fui para fazer pecar os tupis","Ybytyrybo gûibebébo, asó tupi moangaîpapa"
afligiu-se por se ter frustrado sua ida,O sorambûera resé sekotebẽû
vejo meu reflexo,Anhe'angepîak
furtaste na roça de teu próximo?,Eremondarõpe nde rapixaba kópe?
"é formosa, certamente, a lua","Î aysó, nipó, îasy"
tenho meu modo de ser diferente,Xe rekó-aé arekó
com o bafo de sua boca sopra-nos o rosto,O îuru timbora pupé asé robá peîuû
"eia, faze-me andar nas minhas virtudes",Xe katûagûama ri ene'ĩ xe mbogûatábo
malha de algodão grossa para a defesa na guerra,amynyîu-aó-poanama
"em troca de sua criação, dei-lhe outra",Seîmbaba rekobîáramo amõ aîme'eng i xupé
"antigamente, morrendo eu, o diabo, de repente, minha alma mataria com o pecado","Akûeîme, gûimanõmo, anhanga, esapy'a, xe 'anga oîuká angaîpaba irũmomo"
chegando com sua ferocidade,o nharõ rerobasema
ela está crua,I pyr
eu me fico levantando nas pontas dos pés,Xe pyta'ã-ta'am
"eu sou um mísero índio, de fato",Xe abá-aîbĩ anhẽ
"como sois vós, por acaso?",-Marã-piang peẽ?
"concavidade da nuca, depressão na parte inferior da nuca",atuá-pyko'ẽ
não me detestam as prostitutas,Na xe reroŷrõî sygûaraîybora
"poucos nesta aldeia moram, estando a salvar-se","Mokõnhõ kó taba pupé sekóû, oîepysyrõmo okupa"
tratando-se uns aos outros como que numa fraternidade,Oîoasykûera ri îasûaramo oîoerekóbo
que tipo de caça queres comer?,Marãba'e so'o ereî'useî?
o que se iguala às mulheres,Kunhã resé oîemoîoîaba'e
aonde ele foi após acabar de comer?,Mamõpe i xóû o mba'e-'u-pab'iré?
não prantear um ao outro é modo de atentar contra si mesmo,Îoapirõe'yma rekóû îemomburûabamo nhẽ
embora eu já tivesse ido,Îepémo xe só umani
entro na igreja só de vez em quando,Aîké-pa'ũpa'ũ nhote Tupãokype
"basta! falo eu, sarauaia!","Aûîé! Anhe'eng, Saraûaî!"
dei-o à luz,Aîmo'ar
"eu estou de rosto amarelo, eu estou pálido",Xe robá-îub
"o que tem corpo, o que é corpóreo",seteba'e
a lei primeira,tekó-ypy
confessa-se alguém antes de ir à guerra?,Onhemombe'upe abá gûarinĩ-namo o só îanondé?
de mim comendo-as todas,Xe suí i gûabo pá
fi-lo ter vontade de comer,Aîmoîurué
não existem mais absolutamente suas antigas terras,N'i tyb-angáî setãmbûera
"que seja minha mãe, de fato",Xe syramongatu t'oîkó
"arrepende-te de tuas maldades, após teres comido alguma carne","Eîmoasy nde angaîpagûera, to'o amõ 'u ré"
"que não se desvie de deus, seu criador",T'oîaby umẽ Tupã o monhangara
"então os anjos virão, chamando os mortos, tocando trombetas","A'ereme karaibebé ruri, te'õmbûera renõîa, mimbygûasu pŷabo"
faço-o doente,Aîmomara'ar
"que não fique de cara feia para ele, tratando-o bem","Ta sobasy umẽ i xupé, serekokatûabo"
altibaixos,gûa'a-gûa'a
var de argola de penas,aûã-myranga
o que tem beiço grande,sembegûasuba'e
fazendo sua esposa trabalhar,O emirekó moporabykŷabo
"pela estrela que os guia, como a que mostra o caminho",Îasytatá serekoarama resé pé kuabe'ẽsaramo
manchas brancas do cabelo,a-titinga
"à tona d'água, na superfície da água",y-ape'ara rupi
vi-o em meus sonhos,Xe posaûsupe asepîak
o homem que come objeto de furto ou que o leva para sua casa,Abá mondarõagûera o'uba'e koîpó og okype ogûerasoba'e
o leme da embarcação,ygara ropytaerobakaba
não pode uma pessoa casar-se ocultamente?,Nd'e'ikatuîpe abá omendá-nhemima?
"ainda bem que não fui, pois",Aûîeté pakó xe soe'ymi é
que deve ser ungido de nós ?,Mba'e-mba'epe asé suí i pitubypyra?
já se juntaram por causa disso muitos moços bebedores de cauim,Onheŷnhang umã sesé kunumĩetá kagûara
faço minha futura casa,Aîmonhang oka - Fiz uma casa Xe rokûama aîmonhang
"guarda-te, após conhecer essa lei, de ter má vida","Eteumẽ, aîpó tekó kuab'iré, tekó-poxy rerekóbo"
levou sua filha maria quando se completaram três anos,O membyra Maria rerasóû mosapyr ro'y sykeme
logo no terceiro dia voltou a viver,Ara mosapyra riré bé sekobeîebyri
o fraco que convido para comer,xe remipoîmembeka
"deus deixou de amá-los, n'ele confiando fracamente","Tupã osaûsupe'a, sesé oîerobîá-bebuîa"
"instrumento de enxotar moscas, abano de moscas",mberu mondoaba
celebrando a missa para a gente,Missa ra'anga asébe
"quando tu vieste, já o tinha matado",Nde rureme aîuká umûan
perguntou herodes sobre qualquer coisa para ele?,Oporandupe Herodes mba'e tetiruã resé i xupé?
morrendo eu,gûimanõmo
tomaste poção querendo o aborto de teu filho?,Eremosangu'upe nde membyra akyrara potá?
que reparta teu filho um pouquinho de virtude conosco,T'oîmoîa'ok nde membyra tekokatu'ĩ amõ orébe
seu fiho já nasceu,I membyra o'ar umã
vereis também futuramente minha vinda sobre as nuvens,Pesepîak irã ybytinga 'arybo xe rura béne
o que tem a bem-aventurança é o que é manso,Tekokatu-eté rerekoara onherane'ymba'e
"que dizes de costume, ensinando as pessoas?",Marã erép'amẽ eporombo'ebo?
basta! eu estou muito contente,Aûîé! Xe rorybeté
dourei-o com ouro,Aîmoîub itaîuba pupé
pelas matas,ka'abo
"assim como esta água lava o corpo da gente, também aquela","Akó 'y asé reté moîasuka îabé, akûeîa îabé"
tenho desgosto por o ter levado,Arasó tieté a'é
ainda não estou cozido,Nd'a'éî gûiîypa ranhẽ
"ali atacando as moças, por desejá-las","A'epe kunhãmuku repenhana, i potasápe"
pegou-se fortemente sua roupa com que ele foi castigado por o ficarem ferindo?,Oîaratã serã i aoba i nupãsagûera i moperé-perebagûera resé?
"eu não tenho visão, eu sou cego",Na xe resapysóî
naufraguei,Aîepubuîereb
o diabo te detesta,Anhanga nde momburu
ajuntamento de aldeias,tá-tyba
seu criador de verdade,o moîangara tekatu
como o viu se ele é o que não tem corpo?,"Marãpe sepîaki, setee'ymba'eramo sekó e'ymeté?"
como disse aos seus três discípulos após sua entrada no horto?,Marã e'ipe o boîá mosapyr supé mitỹme o iké ré?
anunciando os acontecimentos futuros,Tekorama mombegûabo
"este era, de fato, o meu intento",Aîpó nakó xe rekopotasaba
"como o revolutear de um urubu sobre coisas fedorentas, tu voltas o rosto para trás","Urubu mba'enema 'arybo nhemoîereba îabé, nde atybak"
faço-os ser ladrões de cauim,Aîonong ka'umondá
não foi à toa,Na tenhẽ ruã
"todos cercaram nosso senhor, achegando-se a ele",Opá Îandé Îara moîari sesé osyka
porventura tornaram-se muito maus os homens?,Onhemoangaîpabeté serã apŷaba?
ficaste usando como mulher o teu próximo?,Ereîmotebi-tebipe nde rapixara?
"""sob o sono"" da alta noite, nas horas mortas da noite, em que todos dormem",pysaîekatu ké-gûyrybo
eu estou muito arrepiado,Xe pita'i-ta'i
sei-o tão bem como tu,Nde îabé ixé i kugûabi
"fazem aplacar a deus a si mesmos, ao eliminarem a dívida dos pecados de muitos anos",Tupã oîmonhyrõ o îoupé setá nhẽ seîxutatá tekoangaîpaba repy-mondykápe
no seu próprio ombro levanta a cruz,O ati'yba ri krusá osupi
volta em nossa direção teus olhos compadecedores,Erobak oré koty nde resá-poraûsubara
estou prestes a ir,Oebyraîarinhote aîkó
"e por outra parte, semelhantemente, o próprio mar será mais terrível do que era seu costume",Kokoty paranã aé rame'ĩ o abaetéramo erimba'e gûekoagûera sosé
parece investir nossa carne contra nossa alma,Onharõ-berame'ĩ asé ro'o îandé 'anga resé
não vieram alguns anjos do céu?,Nd'ouripe karaibebé amõ ybaka suí?
"serão fedorentos, serão muito podres, corroídos de vermes e de bernes","I nem-eté, i tuîuk-eté, tasoka, ura remimongûyamone"
sendo tu bom,Nde katuramo
deseja ardentemente ver o nascimento de seu filho,O membyra 'arama osepîaka'ub
elas são muito altas?,Iîybaté-katupe?
eu seco,Xe rypab
"homem parvoeirão, ignorantão",abá-tekokuabe'ymusu
vaso de estanho,itaîy-kamusi
tua casa santa edificamos,Nde rokangaturamûama oroîmoĩ
"ainda mais nosso corpo tem saudades de sua alma, sua verdadeira companheira, a que o faz viver",Memetipó îandé reté o irũeté o moingobesara o 'anga repîaka'upa
entregou-o bem em suas mãos,Oîme'eng i pópe-katu
"adão, nosso primeiro pai, fez-nos perder verdadeiramente","Adão, oré rubypy, oré mokanhemeté"
ele há de ser teu espião!,Nde manhanamo t'oîkóne!
envelheço,Akakugûabakatã
ver os doentes,Mba'easybora repîaka
"portanto, ando hoje com o provincial",Angari abaregûasu arogûatá
o cacho delas,saryba
os antigos inimigos de são lourenço,São Lourenço rupîarûera
fizeste chegar o pagamento como retribuição de um trabalho?,Eresepy-mondykype marãtekó repyramo?
é bonita vossa terra?,I porangype pe retama?
vou à roça,Akopîasó
"ao chegarem os pescadores, repartem sempre com suas amantes ruins seu pescado, pelas costas de seus senhores","Pindaîtykara îepotasápe, memẽ o agûasá-poxy supé oîmoîa'ok o embiara, o îara kupébo nhẽ"
que me livre deus das lembranças ruins,Ta xe pysyrõ Tupã ma'enduasabaíba suí
em seu rosto ficando a cuspir,Sobá resé onhenomũ-nomuna
"pronto, meu senhor, voei","Irõ, xe îar, abebé"
quando cumprirás isso que tu dizes?,Erimba'epe aîpó nde 'îaba ereîmopóne?
querendo estar em cima deles,I 'ari oîkó-potá
os cristãos como uma unidade,I mongaraibypyretá oîepegûasu îasûá
como uma luz de fogo,tatá-endy îabé
está pronto o goitacá ou o filho do guaianá?,Sekoaûîépe gûaîtaká koîpó gûaîanã ra'yra?
"creio em deus pai, o que pode fazer todas e quaisquer coisas","Arobîar Tupã Tuba, opakatu mba'e tetiruã monhanga e'ikatuba'e"
cortei um pedaço,Asykûera aîasy'ab
minha ausência,xe roŷpyre'yma
"mas sempre, com certeza, a vossas almas querem bem, guiando-as","Memẽ-te, nipó, pe 'anga amotá, i pokoka"
"olhe bem que, por isso mesmo, o maldito ataca o homem",Nd'e'i te'e moxy keteté abá ropenhana
não se separam na guerra,N'i xandoki marana ri
replico a pero aînhe'ẽ-poepyk pero - replico as palavras de pero,Aîpoepyk Pero
"logo então, em um momento, leva-o para sempre para o fogo",A'eîbé korite'ĩ-aíb-eté serasóû aûîeramanhẽ tatápe
eu mesmo pus gente no desejo sensual,Xe aé aporomoingó moropotara resé
como que do fundo emergi,Ypy suí berame'ĩ abur
"após morrer seu filho, ama todos os homens",O membyra re'õ ré opabĩ abá raûsubi
ao longo das pedras,itá ybyri
pintura dele,i kûatiara
eu estava sobrecarregado,Xe posakar
"passaste a mão nas tuas pudendas, abrindo-as, alargando-as?","Erepokokype nde rapopé resé i pekábo, i pypirá?"
irritastes o senhor jesus,Pemoŷrõ Pa'i Îesu
a morte está igualmente entre os moços e entre os velhos,Oîoîá te'õ rekóû kunumĩgûasu suí tuîba'e suí bé
aperta a cabeça do maldito,Oîopyk muru akanga
fulano está muito atrás de mim,Xe resé-katu ahẽ rekóû
logo então,a'ereme bé
var de farinha de mandioca,u'i-puku
ele tem olhos claros como seu pai,Og uba rupi ahẽ resá-tingamo
apazigua seu filho que está irado,O membyra i nhemoŷrõba'e oîmonhyrõ
"rio abaixo, a jusante",y-embykoty
convidando os homens todos,apŷaba sogûabo pá
visitaste o buraco do covo de alguém?,Ereîosubype abá îeke'i kûara?
eu sou molengão,Xe rekombegûé
"contudo, após sua morte, no terceiro dia voltou a viver","Aûîeté, gûe'õ ré, 'ara mosapyra resé bé sekobeîebyri"
linha delgada para coser,inimbó'i
não acato essa sua boa lei,N'aîari kó sekó-angaturama
que acabem logo meus afazeres,T'osyk esapy'a xe rekó
visitando o interior de todas as ocas,Opá okybỹnha supa
hoje mesmo,Kori é
em abrigo,ãme
e todas as coisas futuramente queimarão?,A'epe opá irã mba'e kaîne?
eu tenho secura na garganta,Xe aseó-tining
"amam-se muito, por dever, os que se casaram?",Oîoaûsu-katupe amẽ oîopopysykyba'epûera?
"ah, eu sou muito miserável após me entregar para o diabo!",Xe poreaûsubetekatu Anhanga supé xe nheme'eng'iré mã!
mentiras levantam,Mo'ema kó omopu'ã
"imediatamente, água e sangue dele vazaram, escorrendo","Aûnhenhẽ 'y sugûy abé i xuí i 'emi, osyryka"
"estava longe tua lembrança das coisas, estando a devanear?",Oîkó kûepe mba'e resé nde ma'enduara enhemongetábo ekupa?
eu estou ficando pensativo,Apyk gûitekóbo
o que eu tomo,xe remiîara
vôo como este vento,Abebé kó ybytu îá
"tu tens olhos concupiscentes, olhando para alguém?",Nde resá-poropotápe amõ resé ema'ẽmo?
por isso mesmo todos os homens ficarão pálidos de aflição,Nd'e'i te'e opá abá robaîubamo tekotebẽ suíne
desconjuntei-me o pé,Aîepy-mongaraû
carpi,Akapir
tiveste relações sexuais com uma mulher casada?,Ereîkópe kunhã-mendara resé?
não te denunciarei,Nd'oromombe'uî xóne
"nas minhas mãos, somente, levei-as",Xe pópe nhote arasó
era muito grande por isso mesmo ficava caindo com ela,Turusukatu Nd'e'i te'e sero'a-ro'a
cerca feita de ramas,ybyrá-pokanga
fizeste tua companheira uma prostituta?,Ereîmosugûaraîype nde rapixarĩ?
roço a mata,Aka'agûyrok
apaga o fogo,Emogûeb tatá
"rio acima, a montante",y-anhangoty
calos dos pés,mby piru'a
"a sem-filhos, a fêmea estéril",membyre'yma
tomaste-o depois de comer ou depois de engolir alguma coisa?,Ereîápe nde mba'e 'u roîré koîpó mba'e amõ mokon'iré?
"tu me alegras muito, narrando assim os fatos","Xe moory-katu îepé, inã tekó mombegûabo"
hei de comer seus miolos,I aputu'uma t'a'u
matamo-nos um ao outro,Oroîoîuká
aproxima-se minha ida,Okakar xe sorama
em sua própria casa o desejo sensual consentindo,Og okype îopotara repîakĩamo
"depressa, arrastam-me fortemente","Taûîé, xe rekyî-atã"
acende o fogo,Emoendy tatá
o que tem relações sexuais com uma solteira transgride muito a palavra de deus,Mene'yma resé oîkoba'e oîaby-eté Tupã nhe'enga
"aonde chegaram com nosso senhor, enfim?",Mamõpe ybŷá Îandé Îara rerobasemi ko'yté?
melado ou mel de cana-de-açúcar,u'ubae'ẽ eíra
"ainda, ainda me odeia fulano",A'é byter aîpó gûi'îabo - Ainda digo isso E'i byté-byterĩ ahẽ xe amotare'yma
vê minha doença para que te compadeças de minha alma,Esepîak xe mara'ara t'eresaûsubar xe 'anga
essa fez assim,Emonã ûĩ sekóû
eis que aqui estou para te procurar,Kó xe rekóû nde reká
brilhou formosamente,Oberab-aysó
"contando-o, digo-o e desdigo-o",Arekorekó i mombegûabo
"nossa companheira de guerras, causa de nossa bravura","Îandé maranirũ, îandé abaîtéba"
meto-o pelo pescoço,Aîmondeb o aîurybo
os que andam pelo caminho,pé rupi ogûataba'e
estraguei-a,Aîmoaikatu
"oh, então assim é, na verdade!","Tó, inã îepé ra'e!"
"pão celestial, comida dos anjos","Miapé-ybakygûara, apŷabebé remi'u"
oxalá ele viesse!,Our be'ĩmo mã!
todos vão em procissão,Opabenhẽ gûá sóû îebyîebybo
eu tinha-me esquecido por causa da muita aflição,Xe resaraî tekotebẽ-eté suí!
ficando a confundir as pessoas,o poromonã-monana
a vida eterna que eles terão no céu é a que mudará?,Oîekûabokyba'eramape tekopuku ybakype semierekorama?
a segunda dele é a satisfação dos cônjuges,I momokõîndûara mendara moîekosupaba
de cada um de vós o senhor deus encarregou um anjo,Pe îabi'õ Pa'i Tupã karaibebé moingóû
"que sejamos corajosos, sim, suportando as coisas dolorosas como tu","T'oré pyatã, angá, mba'easy porarábo nde îá"
por isso mesmo quiseram igualar-se todos a seu criador?,Nd'e'i te'e serã oîemoîoîá-pá-potá o monhangara resé?
"leva minha alma que te ama, fazendo-a subir contigo",Xe 'anga nde raûsupara erasó seroîeupi
folha tenra,sokyra
a causa de fuga do diabo é a água benta,Anhanga nhegûasembaba 'ykaraíba
enfeites do rosto,tobá posanga
ele o faz em muito tempo,E'i ymuanĩ ahẽ i monhanga
"tomou-o como substituto de judas, que entregara deus-filho",Îudas Tupã Ta'yra me'engarûera rekobîaramo tari
"em dois dias e no tempo de se fazer o terceiro, voltou a viver",Ara mokõî i momosapysaba pupé o ekobeîebyri
"tinha também fome, tinha também sede como nós?","I ambyasy bépe, i 'useî bépe asé îabé?"
vem para o meu lado!,Eîori xe posé
não ia para o céu outrora a alma de nenhum homem?,Abá 'angûera amõ soe'ymi ybakype erimba'e?
"ah, que bom seria a morte do fulano por aí!",Marãîasûaramo ahẽ kûepe se'õ mã!
"eis que percebendo isso, deixei ontem minha casa","Kó anga andupa, aseîá kûesé xe roka"
do lado de fora dele,i apé koty
sua mãe nem sequer sangrou,I xy na sugûyî tiruã
"não há ali choro, não há doença, não há fome, sede também não há","N'i tybi a'epe îase'o, mba'easy n'i tybi, n'i tybi ambyasy, 'useîa bé n'i tybi"
coisas que costuma sofrer,mba'e o emimboraratyba
"ambas estas mãos, o número dez",opá kó mbó
pus as bordas dela,Asembe'y-rung
fi-lo emagrecer,Aîmoangaîbar
vivo retirando-as,Anosẽ-sem
mentira),temo'ema
"vinde, levai os malditos, erguendo-os para sapecá-los em nosso fogo, moqueando-os","Peîori, perasó muru, supi îandé ratápe sapeka, i monga'ẽmo"
foste traidor de tua esposa?,Eremondarõpe nde remirekó suí?
"são famosos esses moçacaras, que são uns beberrões","Serapûan kó mosakara, i kaûĩgûasuba'e"
por acaso trouxeste muitas coisas?,Ereruretá serã?
eu estou-me amancebando,Xe agûasá gûitekóbo
deleita-me muito,Xe moapysy-katu
canavial,takûare'ẽ-ndyba
"que sejamos corajosos, sim, suportando as coisas dolorosas","T'oré pyatã, angá, mba'easy porarábo"
"água cheia grande, maré alta",ty-apogûasu
eu sou preto,Xe run
rodeei-o,Anhaman
veio um grande chefe de longe para te procurar,Oú tubixá-katu mamõ suí nde reká
todos os seus discípulos para tuas mãos fazendo passar,Opá o boîá nde pópe i mongûapa
fica! somente quando bebes cauim tu queres ser valente? palermão! centopéia!,Epytá! Kagûápe nhõ nde ratãngatu-potá? Manemusu! Ambu'a!
eu sou ciumento,Xe rygûyrõbor
"assim, na verdade, eu determinei",Emonã nakó xe rekopotari
forno para potes,kamusi rapŷaba
invocam as mulheres o pajé caruara,Osekyî kunhã maîé Karûara
querendo o abrandamento de nossa doença,Asé mba'easy arybé potá
ajudaste alguém num roubo?,Ereîpytybõpe abá mondá resé?
"sim, eis aqui também minhas garras","Îé, kó bé xe pûãpẽ"
fá-lo sofrer o frio,Îaîmomboreaûsu ro'y
"logo, decerto, passarás no lugar em que moro",Koromõ ipó eregûatá xe rekoápe
mataste?,Ereîukápe?
"se pôr a mão neste nosso fogo é terrível, tanto mais ali é terrível queimarem-se os homens eternamente","Ikó îandé ratá pupé asé po'ẽma biã iî abaeté, memetaé a'epe aûîeramanhẽ abá kaîa o abaetéramo"
o que é felpudo,i îatyrá-tyraba'e
ali atacando as moças,A'epe kunhãmuku repenhana
ó minha mãe!,Xe sy îu!
amo-o,Asaûsu biã
vê tu a variedade de coisas,Esepîak tekó paraba
"como quando olhais para o céu, vedes sua beleza","Pema'ẽ rame'ĩ ybaka resé, pesepîak i poranga"
meu pensamento,xe 'anga
sua muita bondade engrandecendo,I angaturãngatu moeburusûabo
não cessam suas palavras duras,N'opyki i nhe'engatã
semelhante a que coisa era o suor dele?,Mba'e abyare'ymape syaîa?
não tendo nojo de mim,Xe suí oîegûarue'yma
aquecendo-se perto do fogo,Tatá ypype oîepegûabo
"vinde, levai os malditos, erguendo-os, para sapecá-los em nosso fogo","Peîori, perasó muru, supi, îandé ratápe sapeka"
o miolo dele,i apytera
eu sou libertina,Xe resaeté
a chuva ficava amanhecendo a cair,Oky-ko'ẽ-ko'ẽ amana
a crença na dança enche os corações deles,Moraseîa rerobîara i py'a îaîporaká
"eu sou o alegre ibitirapé, do topo da montanha","Xe rory Ybytyrapé, ybytyrapûá suí"
finalmente ele vem,Rumby ahẽ oú ko'yté
"eu tenho propensão a esquecer, eu sou esquecidiço",Xe resaraî-potar
"até mesmo seus ossinhos a gente cultua, tendo-os no pescoço","Asé i kangûerĩ tiruã momba'etéû, o aîuri serekóbo"
piorou muito a dor de minha cabeça,Oîerekoaíbeté xe akanga rasy xe suí
eu sou semelhante aos selvagens,Xe rapixá saraûaîa
bico de pássaro fora do corpo,tĩmbûera
eu não tenho boca sossegada,Na xe îuru-pyki
"filho bastardo, filho do amante",agûasá membyra
"o que é de antigamente, o que é antigo",kûesenhe'ỹndarûera
hei de comer seus miolos,I 'aputu'uma t'a'u
será que amais vosso salvador?,Pesaûsu ra'upe pe pysyrõana?
nesta semana,kó semana pupé
não são poucos,Na mboby ruã
fazendo as pessoas beberem cauim ou dando-lhes de beber,Abá mongagûabo koîpó se'yma
"na verdade hei de me enfeitar, pintando-me de preto",Aûîeté-pakó aîegûak ûinhemoúna
"na verdade, três vezes negarás ser meu discípulo antes de o galo cantar duas vezes",Mosapy ipó xe boîáramo nde rekó ereîkuakub mokõî gûyrá sapukaî' e'ymebéne
por aqui,kóbo
"embora vos tivésseis esforçado, estivestes deitados só pouco tempo junto a mim, não dormindo","Pesa'ang îepé peuî korite'ĩ nhõte xe pyri, pekere'yma"
empurra-o para seu fogo,Oîmoanhã satápe
bem de acordo com as palavras do chefe dos cristãos,Cristãos rubixaba nhe'enga rupi é
muito a propósito a gente comemorará bem esse dia,A'eboé ebokûé 'ara asé oîmoeté-katune
eu estou feliz por causa de tua ida,Xe roryb nde só resé
entrei para estar fundeado,Aîké gûitupa
"daqui, certamente, passou para a índia, terra dos indianos",Ké suí serã i asabi India tapyîtinga retãme
"tu, em teus braços, jesus ergueste","Endé, nde îybápe, Îesu eresupi"
"eis que era famosa, certamente, a bela vida de maria","Anhẽté, kó serapûan Maria rekó-poranga"
esbofeteei suas mãos,Aîpó-petek
eu tenho azia,Xe pusu'umukaî
compadeci-me dele,Aîmomboreaûsub
"o que é totalmente conhecido, coisa notória por fama",i kugûabypypabẽ
todos os impedimentos do casamento já mencionei,Opá mendara moarûapaba aîmombe'u ymã
"por isso mesmo repreendeu a seu companheiro, desagravando-o","Nd'e'i te'e o apixara akakapa, sepyka"
à medida do que havia delas,i îaîbeĩîé
"eis aqui meus chifrões, meus dentes sim, eis aqui também minhas garras","Kó xe 'akusu, xe ranha Îé, kó bé xe pûapẽ"
"a gente diz ""quinhão de deus"" para aquilo que é dado?","Asé aîpó i me'engymbyra supé ""Tupã potaba"" i 'éû?"
ambos tremerão hoje,Mokõîbé osyî kori
por seus rastros é que vamos,Sakypûera rupi é îasó
que deus te coloque nas alturas como sua própria filha,T'e'i Tupã nde moingóbo o aîyramo ybaté
hei de me embebedar para perder o juízo,T'asabeypóne 'ara mokanhema
"mais tarde, antes de se fazer matar por nós, tomou o pão em suas mãos",Oîrã îandé resé o îeîuká-ukar-y îanondé miapé rari o pópe
"ah, é muito bonito o menino que poderia ser um escravozinho!","I porangeté kunumĩ, miaûsubambûerĩ mã!"
não doutro modo eles me combaterão,Na marandé ruã i pokoki xe rine
"o que não honra a deus, seu verdadeiro criador",Tupã o monhangareté moetesare'yma
"tu mesmo és causa de teu dano, querendo revirar minha casa",Endé aé ereîekûá xe roka pobu-potá
"e as grávidas ao quererem beber água, que acontece?",A'epe muru'apora 'y 'useîtápe marã?
que ele me leve para seu lugar de felicidade,Ta xe rerasó og orypápe
para o padre contá-lo-á para que o anuncie na igreja,Abaré supé i mombe'uû Tupãokype seronhe'engaûama rine
vai fartando a mim,Seby-sebykĩ ixébo
eu sou médio,Xe reburusu nhote
estiro-me,Aîetu'u
a multidão de nós afastando,Îandé retá îandé pe'abo
venho não tendo a intenção de que me alimentem,Aîur ta xe poî na ûi'îabo ruã
"fez-nos viver, sofrendo a morte","Îandé moingobé, te'õ porarábo"
os habitantes do céu,ybakygûara
"depois de querer vê-lo, em vão, desde muito tempo atrás",Kûesenhe'ym bé sepîá-potá tenhẽ roîré
grande é meu cansaço,Turusu xe kane'õ
instrumento de fender lenha,îepe'a-mobokaba
por acaso não chegava seu segundo braço ao lugar de irem os pregos?,Ogûatá îepé serã i îybá mokõîa itapygûá soarama resé?
também não se mostra digno aquele excomungado mesquinho de ouvir a missa,Nd'e'ikatu béî aîpó i pe'apyra'uba missa renduba resé
"como meus súditos, todos em minhas mãos tenho-os bem",Xe boîáramo pabẽ xe pópe arekó-katu
"não tendes ouvidos, como de costume, confundindo esta aldeia","Na pe apysáî, îandu, ikó taba apamonana"
todas as línguas dos homens por aí afora fê-los conhecer?,Opakatupe kûeîpe abá nhe'enga kuabukari i xupé?
mas não porá a gente a mão na boca para desgrudá-la?,Nd'opo'ẽî xûé-tepe asé o îuru pupé i mbo'iragûama reséne?
vem novamente para curá-los todos!,Eîorino i mombûeîrá pá!
o próprio deus distinguiu o padre como seu substituto,Tupã é abaré oîmoîa'ok gûekobîaramo
"a noite toda não durmo, absolutamente",Pysaré n'aker-angáî
abraçando a cintura de teu parceiro,nde rapixara ku'a îubana
como diz a gente antes de dormir?,Marã e'ipe asé o ké îanondé?
levamo-los uns atrás dos outros,Oroerokûaka'ar
ajuntamento de taquaruçu,takûarusu-tyba
segundo o julgamento de nós por deus,Tupã îandé rekomondykaba rupi
fecundei-a,Aîmenõ
não o amo ainda,Nd'a'éî saûsupa ranhẽ
eu não sou grave nos meus atos,Na xe rekoposyî
pode a gente vê-lo aqui também?,E'ikatupe asé iké bé sepîaka?
"não sou diferente dele, pareço-me com ele",N'aîabyî
como será que estão minhas amantes?,Marãngatupakó xe agûasá rekóû ri?
"levaram-no para um certo palácio, fazendo-o entrar, reunindo soldados fortes ali por sua causa","Ogûerasó amõ okusupe seroîkŷabo, a'epe maranaritekoaratã reŷnhanga sesé"
os que vivem para isso transgridem muito a lei,Ikoba'e resé tekoara oîaby-eté tekó
hei de reavivar a velha guerra,T'aîopũne marandûera
achegamo-nos um ao outro,Oroîoerobyk
eu estou fendido,Xe îurubok
estou a latejar,Nyn-nyng a'é
que ele se compadeça de mim,Ta xe raûsubar
o próprio pedro mandou-me fazer proceder assim,Pedro aé emonã xe moingó-ukar
corto-lhe a pele,Aîpi-mondok
no meio dos anjos fê-la subir,Karaibebé pyterype supiri
eram compridas algumas cordas,Iîysapuku sama amõ
livra-nos tu dos que nos querem mal,Oré pysyrõ îepé oré amotare'ymbara suí
"como ele, também, curaste os doentes",Supi bé eremombûeîrá mara'abora
eis meus chifrões,Kó xe 'akusu
poluiu-se outrora teu filho por tu o desejares?,O'ẽpe erimba'e nde membyra nde i potasápe?
hei de cobrir-te,T'oropyk
eu estou cambaleando,Xe agûy-agûy
nesta semana,kó somana pupé
"cabelos muito arrepiados, grenha",a-tyrá-tyrá
"sim, eis aqui também minhas garras, meu rabo comprido","Îé, kó bé xe pûapẽ, xe rûaîpuku"
todas as aldeias abrasou,Opabẽ taba mondyki
todos os seus discípulos para tuas mãos fazendo passar,Opá o boîá nde pópe i mongûapa
"igualmente a morte está entre os moços e entre os velhos, não distante","Oîoîá te'õ rekóû kunumĩgûasu suí tuîba'e suí bé, n'apûéî"
para a aspersão de seu aposento e de seu próprio corpo,O koty og o'o repyîagûama resé
da mesma maneira,emonã bé
que esteja tudo o que está na terra segundo a tua vontade,T'oîkó pabẽ ybypesûara nde remimotara rupi
"a dança é que é boa, enfeitar-se, pintar-se de vermelho","Moraseîa é i katu, îegûaka, îemopyranga"
como modo de espantar o diabo,Anhanga mondyîtabamo
dançaram a noite toda,Oporaseî pysaré
dormiu comigo,Xe posé i keri
é muito belo teu nome,I porãngatu nde rera
seu fechamento,i 'o
eu estou cansado,Xe kane'õ
vagem seca,Topé-tininga
eu tenho casca erguida,Xe pé-bur
onde tu roubaste?,Umãmepe nde mondá?
"vem, espantando o diabo, para não nos vencer","Îori, anhanga mondyîa, oré moaûîé suí!"
"finjo que o levo, faço que o levo",Arasó-rasó-a'ub
"assim como a gente reconhece o dia dos santos, do mesmo modo, também, até mesmo seus ossinhos a gente cultua, tendo-os no pescoço","Oîabo asé santos 'ara kuabi, oîabo bé asé i kangûerĩ tiruã momba'etéû, o aîuri serekóbo"
antigamente estes habitantes da aldeia sob minhas mãos estavam,Akûeîme kó tabygûara xe pó gûyrybo sekóû
ponho-os um diante do outro,Aîmoîobaîxûar
a noite não perceberemos,Putuna nd'îaîandubi xûéne
"vinde para comer a criança, o cuidado de deus","Peîori pitanga gûabo, Tupana resaetá"
"corda de panacu, a que vai pela cabeça daquele que o leva",panakũ-sama
"viram somente muitas chamas, parecidas com as línguas da gente","Tataendy-etá, asé apekũ abŷare'yma anhõ osepîak"
fibras muito grossas,pó-anamusu
em terra não os fazendo transformar,Ybyramo i moingó-ukare'yma
"ó! isso não seria possível contar, ainda que o sol se pusesse!","Tó! Aîpó n'i papasabi, kûarasymo oîké îepémo!"
"do nada fez nossa alma, com sua palavra é que ele a fez","Nama'eruã oîmonhang asé 'angamo, o nhe'enga pupé é i monhangi"
que fuja o diabo dele,T'onhegûasem Anhanga i xuí
rio dos robalos,kamuri-'y
"estava ele despido, sem mais, em público?",Ikatupe nhẽpe sekóû te'yîpe?
ali ias por ocasião dos feriados,A'epe 'aretéreme eresó
em minhas mãos bem os tenho,Xe pópe arekó-katu
"mesmo vingando-se dos que o maltratam, o homem transgride a palavra de deus?",-Ogûerekomemûãsara resé oîepyka tiruãpe abá Tupã nhe'enga abyû?
o que está no pote,kamusi pora
este outro,kó-te
"os cristãos, na verdade, não pecam pouco","Karaíba, ipó, n'oîkoangaîpá-pyrybi"
foi agora de primeira vez,Aramõ
tinjo-o de vermelho,Aîpitu-pyrang
sofrendo a fome e a sede,"ambyasy, 'useîa porarábo"
"dançaram a noite toda, fazendo feitiçarias","Oporaseî pysaré, oîemopaîeangaípa"
muitíssimo rechonchudo,asangusugûasu
já se juntaram por causa disso as velhas e os velhos,Onheŷnhang umã sesé gûaîbĩ tuîba'e abé
meu filho que mama,Xe membykambu
nosso pai verdadeiro,îandé rubeté
enfileirei-os,Aîmoysyrung
não,-Oîporará bépe mba'e amõ a'epe oîkóbone? -Aani xûéne - Sofrerão ainda alguma coisa aí vivendo?
fazendo deus descer consigo do céu,Tupã reroîypa ybaka suí
vou à caça,Ka'abo asó
ando à caça,Ka'abo aîkó
estamo-nos espalhando,Oronhemosasãî oroîkóbo
"eu sou um guará-guaçu, uma onça","Xe agûaragûasu, îagûara"
"deus deu, então, determinações para nosso pai primeiro?",Osekomonhangype a'ereme Tupã îandé rubypy?
"e suas velhas roupas, que fizeram com elas?",I aogûerape marã serekóû?
"como a esses, mato os que costumam pecar","Anga îá, angaîpabora aîuká"
"mostrando-o aos judeus, querendo fazê-lo ir, sem mais","Îudeus supé sepîakuká, i mondó-nhẽ-motá"
honra teu pai e tua mãe,Eîmoeté nde ruba nde sy abé
o oposto do comer demais é comer somente o suficiente,Mba'e 'u-eté-eté robaîara oîá nhote mba'e 'u
chifre de boi,tapi'irusu 'aka
"um ou outro, porventura, foi mau, às vezes","Oîepé-ĩombé, nipó, i angaîpab amõme é"
num dia semelhante a este,Kó 'ara nungara pupé
feri-o,Aîkutuk
de que parte?,mamõ-ngoty suí?
hei de louvar muito meu pai,Aîmoeté-katupe xe ruba ká
hoje mesmo havemos de fazê-lo sumir,Kori bé t'i mokanhẽ
estava nascendo sem ela se desvirginar,I puke'ỹme nhẽ o'a oúpa
fundei uma aldeia,Atabypyrung
constantemente,-Mba'e-mba'eremepe asé îeruréû i xupé? -Îepi nhẽ - Em que ocasiões a gente reza para eles?
no transcorrer de quatro gerações,Oîoirundyk îeapyká sykápe
filho de quem és tu?,Abá ra'yrape nde?
esforço-me muito,Anhemoatãngatu
inchei,Abur
"por te fazer trabalhar um homem branco, trabalhaste num dia que deve ser guardado?","Karaíba nde moporabykŷápe, ereporabykype 'ara i momba'etepyra pupé?"
derrubei as folhas dela,Aîmonguî soba
pus-lhe touca,Aîakangaó-rung
"iria a gente para o céu ao batizar-se, sem mais?",Osó nhẽmope asé ybakype o nhemongaraibireme?
o resto de minhas presas trouxe para a rainha,Xe rembiara rembyrûera arurĩ reîa supé
o que vai,osoba'e
"os temiminós de dia confessam seus pecadilhos, somente",Temiminõ 'arybo nhẽ oîmombe'u o angaîpá-mirĩ anhõ
"outro dia, já não agora",irã é irã
quero muito mesmo todas as aldeias destruir,Aîpotá-katutenhẽ opabĩ taba mondyka
"o que é viúvo, o viúvo",seremirekoe'õba'e
"eia, afasta-me depressa!",Ne'ĩ taûîé xe reîyîa!
"hei de ir para onde me mandam mesmo porque eu, por vontade, assim quero fazer","Îé t'asóne xe mondoápe Memeté ixé, xe py'ape, emonã tekó potá"
"hei de dar ovas de peixe para ti, retribuindo","T'ame'ẽne pirá ruba endébo, ûiîepyme'enga"
deseja o menino mamar,I kamu-seî kunumĩ
"imediatamente, de seu próximo eles se vingam, chacoteando-os","Aûnhenhẽ o apixarĩ îepyki, i kurapa"
não oporão resistência um ao outro,N'onherani xûéne o îoupéne
eu estou morno,Xe rakubaíb
ainda hoje os malditos queimam,Oîeí bé muru kaî
"minha nação, outrora, estava segundo a lei primeira","Xe anama, erimba'e, tekó-ypyramo sekóû"
o pecado de um primeiro homem branco foi a causa de sua entrada neste mundo,Oîepé karaíbypy rekoangaîpaba ikó 'ara pupé seîkeagûera
"toda a aflição envolvendo o homem, enfim",Opá tekotebẽ abá amana ko'yté
eis que eu vou,Té ixé gûixóbo
como um galo te deitas,deitar-se - Gûyrá-sapukaîa îabé ereîetu'u
os pássaros eram relativamente poucos,Gûyrá setapokang
o que não foi morto,I îukapyrûere'yma
eu sou ligeiro de mãos,Xe pobebuî
as canoas eram muitíssimas,Ygara setá-katu
digo novamente,A'é benhẽ
como recompensa de seu afastamento da vida má,Tekó-angaîpaba suí o îepe'aagûera repyramo
pecado que assassina as pessoas,Tekoangaîpaba oporapitiba'e
em vão o padre quer convertê-la a deus,E'i tenhẽ abaré Tupã resé serobaka potara'upa
"esconde-te, fica quieto","Enhemim, nde kyrirĩ"
amarram suas mãos fortemente,Îapopûar-atã
"enfeitaste-te, pintando-te, tendo desejos carnais?",Erenhemoatyrõpe eîegûaka nde poropotaramo?
"eis que eu amo vossas almas, aformoseando-as, embelezando-as","Xe ikó asaûsu pe 'anga i moaysóbo, i momoranga"
que eu deteste muito o diabo,T'aroŷrõngatu Anhanga
eco de minhas palavras,xe nhe'ẽ-'anga
eu sou muito manchado,Xe rabará-barab
levo de má vontade,Arasó-îeaseî
"eia, que mores com o senhor nicolau","Ne'ĩ, t'ereîkó pa'i Nikorá irũ"
o que não é morto,Miîukae'yma
quer perdoar muito a nós,I nhyrõngatu-potá îandébo
"ergueu-se com as feridas de suas mãos, de seus pés e de seu flanco?","O pó, o py o yké kutukagûera bépe erimba'e ogûeropu'am?"
o resgate de minha alma,xe 'anga repymondykaba
não,-Nd'oîporaráî xûémop'asé mba'e amõ 'ara pupé oîkóbomo? - Aani xûémo - Não sofreria a gente coisa alguma vivendo no mundo?
"eu tenho boa fala, eu sou bom falante",Xe nhe'ẽngatu
trazendo algumas linhazinhas,Inimbó'i amõ reru
todos os cristãos honram-me muito,Opakatu karaíba xe momba'eté-katu
prensa de cana-de-açúcar,u'ubae'ẽ pokasaba
tiveste gozo com tuas lembranças de teus pecados antigos?,Ereîmborype nde angaîpagûera resé nde ma'enduasaba?
são muitas as coisas que são causa de impossibilitar os casamentos,Setá mba'e mendara moabaipaba
"lugar de vender carne, açougue",so'o ma'e'ĩndaba
"apresso-me hoje, por causa da tua fama","Xe apuãnamo kori, nde rerapûana resé"
"ai, por mais que eu esteja procurando alguma pousada, irra, faz-me sair sempre da aldeia o padre","Akaî! Aseká îepé mytasaba amõ gûitekóbo, erĩ!, xe mosẽ memẽ taba suí abaré"
"eis que sou eu mesmo, já vos disse isso","Ixé aé ã, a'é umã n'akó peẽmo"
"a ponte derrubam, querendo que a canoa passe","Îarybobõ omonguî, ygara kuabĩ potá"
cheirando as coisas,mba'e retuna
que eles sofram junto dos malditos!,Ta sasy muru supé!
contas o nome de alguém quando te confessa o padre?,Ereîmombe'upe abá rera abaré nde monhemombegûápe?
"que dizes, de costume, ensinando as pessoas?",Marã eré-p'amẽ eporombo'ebo?
sendo também odiados,Seroŷrõmbyramo oîkóbo bé
e preocupai-vos hoje em dia com as futuras penas de vosso agir assim?,A'epe emonã pe rekopûera repyrama resé koyr-y bé penhemosako'i
somos desiguais um do outro,Oroîoaby
estando como seu guardião,Serekoaramo ûitekóbo
oxalá chegasse então,Temone a'ereme osykamo
para que sejamos dignos do que cristo prometeu,T'oré angaturãne Cristo remienõîûera resé
a gente vê aquela coisa branca e sua redondeza também,"- Akó morotinga, i amandaba bé asé osepîak"
"adversária da morte, senhora da vida","Te'õ rupîara nhẽ, tekobé îara"
"por causa disso, somente, deus os fez ser diabos",Sesé nhõ Tupã i moingóû Anhangamo
"irra, gambá!","Erĩ, sarigûeîa é!"
"casa que seria, o que seria casa",okambûera
"por isso mesmo, amando-a, não a fez carecer de nenhuma virtude",Nd'e'i te'e tekokatu amõ resé i mopaneme'ymi saûsupa
castigar os que procedem mal,Oîkó-memûãba'e renonhena
não me enternecendo eu pelo que morreu para me resgatar,Xe repyramo omanõba'epûera ri xe akyre'ymamo
que tenha reparação o teu roubo,Ta sepy nde mondagûera
eu sou resplandecente,Xe kanugûá
eu estou com dúvida,Xe 'angetaetá
"entram grandes espinhos, espetando sua cabeça, furando-a toda","Oîké îugûasu, i akanga kutuka, opá i mombuka"
sendo ele bom,okaturamo
"tem o homem, geralmente, muitas palavras em vão quando se aproxima de sua morte",I nhe'engetá tenhẽ nakamẽ abá ogûe'õ kakareme
o que será morto,miîukarama
enquanto ele não vem,ture'yma pukuî
"o dia de são sebastião, em que ele morreu, os cristãos comemoram para se santificarem","S Sebastião 'ara, se'õagûera, cristãos oîmoeté oîemotupana"
embarquei,A'ar
enforcador,aîubykara
eis que aqui estou para quebrar tua cabeça por causa de tua arrogância,Kó aîkó nde akanga kábo nde îerobîara suí
raro,pokangi nhõte
"e se dividirem seu sangue em pequenas partes, em cada uma delas está?",A'epe sugûy moîa'o-mirĩ-mirĩneme i îabi'õpe i kûáî?
forno de cal,itaku'i-apŷaba
"com uma lança espetaram seu flanco, causa de verterem imediatamente dele água e seu sangue",Minusu pupé iî yké kutuki aûnhenhẽ 'y sugûy abé i xuí i 'ẽaûama
feri-o,Aîosok
esporão de embarcação,ygá-tĩkupeara
"ah, que atrevido!",Tekatueté mã!
dizendo palavras más acerca de coisas nojentas,Mba'e-poxy koty onhe'engaíbamo
isto pela primeira vez,Ang é
"na igreja, publicamente, diante de duas pessoas","-Umãmepe i poromomendari? -Tupãokype, ikatupe nhẽ, mokõî abá robaké -Onde ele casa as pessoas?"
mais de vinte,vinte sosé
meu senhor te mata,Nde îuká xe îara
"que conheça o caminho do céu, obra de deus","T'oîkuab ybaka piara, Tupana remimonhanga"
"por que tu me abandonaste, ó meu senhor?","Marãnamo-piã xe pe'a îepé, pa'i gûé?"
o que é medido,sa'angymbyra
"eis meus chifrões, meus dentes","Kó xe 'akusu, xe rãnha"
o que foi pão,miapepûera
como que em asas de pássaro,Gûyrá pepóbo pyryb
fico-me espreguiçando,Aîepoká-poká
mas será que foi mesmo?,Osó-tepe ra'e é?
-por isso nós rezamos aos santos? por isso,-Emonãnamope asé îeruréû santos-etá supé? -Emonãnamo
glória vã,îerobîá-tenhẽa
eu sou melhor,Ixé xe katueté
obedeces a eles quando te fazem viver no vício?,Eresapîápe tekopoxy resé nde moingóreme?
não durei,Nd'aîkopukuî
lançando fora a sujeira de minha alma,Xe 'anga ky'a reîtyka
são más essas folgadas,I angaîpá kó kena'ĩ
eu sou liberal,Xe mosakar
a ti é que matam?,Ndepe nde îuká?
"vem para me fazer regozijar, dando tua boa lei","Îori xe moîekosupa, nde rekokatu me'enga"
que não vá longe a esposa,T'osó umẽ temirekó kûepe
estamos em intercalação,Oîoparabamo orokûab
na dor dos ciúmes ficaste suspeitando das mulheres?,Tygûyrõ rasype é kunhã eremondá-mondá?
rastro da cobra,mboîa kuapagûera
antigo jazigo,tupagûera
para cá olhando furtivamente,kûybõ oma'ẽ-nhemima
confessando a gente,Asé monhemombegûabo
fundura dele,typy
o que se envergonha,otĩba'e
o molengão que convido,xe remipoîmembeka
o que tem ponta em forma de nádegas,seîkûaratĩba'e
virei-me a cabeça para um e outro lado,Anheakã-mobabak
coisa rapada,mba'e-apina
nem mesmo água eu tenho,Y tiruã n'arekóî
vai-te daqui já!,Ekûá ké suí raá!
tosei-o bem,Aîmoapererá-katu nhote
por isso mesmo não tinha maldade antes de se destinar para mãe de deus- filho,Nd'e'i te'e o poxye'ymamo Tupã-Ta'yra syramo o îe'o îanondé
obedeceremos a suas palavras quando ele determinar a respeito do futuro procedimento de nossa alma?,"Osapîápe asé i nhe'enga, o 'anga rekorama resé o moingóremene?"
para não fazer enlamear a alma da gente,Asé 'anga motuîukukare'yma
em nossa testa põe a cruz e sobre nosso coração também,Asé sybápe cruz moíni asé nhy'ã 'arybo bé
eis que aqui pertinho vem,Kote'ĩ turi kó
como vos parece?,Marãete'ĩ-pipó peẽmo?
estou como mensageiro,Paresaramo aîkó
vou a pé,Xe py resé nhẽ asó
"mas foi, porventura?",Osó ruã-tepe é?
"o que é de cada dia, coisa cotidiana",îepimemẽndûara
"não digas por aí, falsamente, a respeito de ninguém",Nd' eré mõ tenhẽ umẽ abá resé
"o grande chefe aimbirê, o pervertedor dos índios","Tubixá-katu Aîmbiré, apŷaba moangaîpapara"
com algumas coisas que são saborosas,Amõ seba'e irũmo nhẽ
nunca mais,aani xûé ko'yténe
qual foi o primeiro?,Umãba'e ranhẽpe erimba'e oîkó?
o proferir das ladainhas,Ladainhas ra'angaba
"arranca-te o nome por causa dos malditos, para que sejas muito famoso",Eîerok moxy resé ta nde rerapûãngatu
todos os que estão nesta aldeia conta como seus filhos,Opá kó taba pupîara o membyramo i papari
que ela nos destrua para que vivamos contigo,"Orébe t'oré mondyki, nde irũmo t'oroîkobé"
permaneço eu o seu guardião,Aîkobé n'ixé sarõana
"por causa de sua esposa, o marido dela não temeu comê-lo","Ogûemirekó resé, i mena nd'o'u-poûsubi"
minha família fez-me vir,Xe anama xe mbouri
o desejo de sumir para longe enche seus corações,Mamõ nhẽ kanhẽ-motara i py'a îaîporaká
como resgate de todos os que irão para o céu,Opakatu ybakype osoba'erama repyramo
eu sou redondo,Xe apỹî
armação de leito,inimbebytá
estamos nos ferros ao pescoço um do outro,Oîoapyri oroîkó itá resé
"sabendo que deus te fez sair daquela escuridão, honra a deus","Aîpó pytunusu suí Tupã nde mosemagûera kuapa, eîmomba'eté Tupã"
"como um galo te deitas somente te toca alguém, imediatamente vais para o teu terreiro para cantar, teu esporão arrebentando contra ele","Gûyrá-sapukaîa îabé ereîetu'u Nde atõî nhote abá, aûnhenhẽ eresó nde rokápe enhe'engá, nde rapopé moboka i xupé"
vêem somente sua grandeza e sua formosura,O îoe'yîa anhõ o aysó abé osepîak
amarrei-me o cabelo,Aîe'a-maman
mas os aracajás deleitam-se com eles,Arakaîá-te ombory
"espera! que venha o maldito, primeiro, chegando com sua ferocidade","Enhambé! T'oú-te muru, ranhẽ, o nharõ rerobasema"
por lavar a sujeira de nossa alma,Asé 'anga ky'a reîme
aqueles serão consolados,A'eba'e i moapysykypyramo sekóûne
oponho-me a ele,Asobaîar
o resto de minhas presas trouxe para a rainha,Xe rembiara rembyrûera arurĩ reîá supé
breei o casco dele,Aîapé-kytyk
meu senhor me mata,Xe îuká xe îara
morreríamos certamente antes que contasse para as pessoas o que viu,Îamanõ îepémo serã sepîakagûera abá supé mombe'u e'ymebémo
a gente morrerá com sua crença também?,Serobîara bépe asé ogûeromanõne?
deve certamente ter agido assim,Emonã ipó sekóû re'a
eu tenho criações,Xe reîmbab
"ah, quem me dera o tivesse matado!",Aîuká me'ĩmo mã!
cria de seus animais,gûeîmbaba îeapyká
tendo falta de um confessor seu,o monhemombe'ûarama resé oîkotebẽmo
bebe cauim também minha sogra,Oka'u bé xe raîxó
hei de contar os pecados deles para que tu me acredites,T'aîpapáne i angaîpaba ta xe rerobîá îepé
"e os rapazes que perseguem mulheres, querendo escravas bem nas casas de cristãos?","A'epe kunumĩgûasu kunhã oîmomosemba'e, miaûsuba potá nhẽ karaibokype-katu?"
ergui a espinhela,Aîpusû'ã-mogûyr
"o que é aumentado, multiplicado, etc",irumõmbyra
"quiseste embebedar-te outrora, impregnando-te de cauim?",Eresabeypó-potarype erimba'e kaûĩ pupé enhemomungábo?
foi à frente de mim,Osó xe renondé
que fazes?,Marãpe ereîkó?
desenrolei-o,Aîorab
estou em pé,A'amĩote
roçado antes de se queimar,kopisaba 'ybapaara
"ao passar a quarta-feira das cinzas sagradas, começa o grande jejum chamado quaresma","Quarta-feira-tanimbu-karaíba rasápe îekuakupabusu, Quaresma 'îaba nheypyrungi"
eu sou velho,Xe ymûan
arrancando nossos vícios,Oré rekopoxy 'oka
"tudo, mesmo o que está no coração da gente, deus vê?",Opakatupe Tupã asé py'apendûara tiruã repîaki?
perguntou novamente a eles nosso senhor?,Oporandu benhẽpe Îandé Îara i xupé?
logo ao ouvir o nome dela eu me escondo em outra parte,Serenduba rupibé amongoty xe nhemimi
"que ouça, então, alguma coisa, para fazer estar bem sua alma",T'oîapysaká a'ereme marã o 'anga moingó-katuagûama resé
só isso está acima de tudo o que deve ser desejado,A'e anhõ opakatu i potarypyra sosé
"mas apanha, antes, meu chefe!",Eîá-te xe rubixaba!
é muito belo o teu nome,I porãngatu nde rera
já fica ansiosa por vê-lo,Omoanhẽ ymã sepîakûama
minh'alma faz firme,Xe 'anga moteni
calei a boca dele,Aîîuru-pyk
"como a estes por aqui, farão comigo após minha morte","Koba'e îakatu mbype, xe re'õ roîré ybŷá xe rerekóûne"
"como símbolo de sua união com ela, temos o casamento",Sesé i nhemonanagûera ra'angabamo mendá îarekó
eis que o sábado reservou para a cessação do trabalho nele,Aîpó sábado pysyrõû i pupé ybŷá morabyky suí o pykápe
manquejo,Xe ate'ẽ
vou para fora,Asó mamõ
escarneceste de mulheres?,Ereîemoîoîaîpe kunhã resé?
nasceu para nós hoje,O'a îandébo kori
"no meio de, no centro de",pyteri
atravessam suas mãos juntamente com seus pés,Îaîpó-asá-sá i py resebé
"pelos dias, a cada dia",ara rupi
perdoa tu nossas maldades,Nde nhyrõ oré angaîpaba resé
o que pratica ainda os velhos hábitos dos avós,Tamyîa rekopûera oîporubyteryba'e
os tupinambás que esfregavam a seu deus arrasamos todos,Tupinambá i Tupã osyba'epûera opakatu îamombá
"o que vê o furto de alguém, sem se importar",Abá mondarõ osepîakĩba'e
ficaste detendo contigo alguma pessoa?,Ererokûé-rokûerype abá amõ?
com sua própria irmã não pode ninguém se casar,O endyra resé nd'e'ikatuî abá omendá
mas livra-nos tu das coisas más,Oré pysyrõ-te îepé mba'e-aíba suí
farto-o,Aytarõ
que há aqui semelhante a um canindé azul?,Mba'epe ké kanindeoby îasûara?
como que voando muito rapidamente,Korite'ĩ-aibeté obebébo berame'ĩ
muito escura é a alma do que não é batizado,O pytumimbykamo nhẽ nhemongaraibypyre'yma 'anga rekóû
estando tu por longo tempo preguiçoso,nde ate'ỹ-mukuramo
eu desmaio,Xe resapytumbyk
ainda que estivessem presentes as coisas de alguém na prisão,Oubé rakó abá mba'e mundépe oína biã
confessar-se a cada ano,Seîxu îabi'õ nhemombe'u
para a coutada do rei ele foi para cortar madeira,Morubixaba ybyragûype ahẽ sóû ybyrá 'apa
"cepo, o toco da árvore que foi cortada",ybyrá-ypypûera
sucedeu-me uma tormenta,O'ar 'yaíba ixébo
fazendo-o transformar-se em seu próprio sangue,Og ugûyramo i monhemonhanga
fui ao caminho dele,Asapependûar
comemoramos seu nascimento,I 'aragûera îaîmoeté
"está muito cheia santa maria daquela coisa muito boa chamada ""graça""?","Tynysẽngatupe Santa Maria aîpó mba'e-eté ""graça"" 'îaba resé?"
coisa enlameada!,Mba'e-u'uma!
trazei alguns assentos,Peru apykaba amõ
bem feito! ambos queimareis em conjunto,Iîamuru! Mokõîbé pekaî oîepegûasune
o anjo entrou para junto dela,Karaibebé reîkéû i xupé
fazendo-o derramar de si mesmo por nós,O îesuí i mo'ẽuká asé resé
apartaste alguma mulher de seu marido?,Ereîmombo'irype kunhã amõ i mena suí?
estendi o arco,Aurapá-pirar
"ao cair a morte neles, as almas dos homens morrem",Oîoesé te'õ 'asápe abá 'anga re'õû nhẽ
residente na capuava,kapŷápe tekoara
que disse após prová-la ?,Marã e'ipe sa'ang' iré?
"depois disto, guarda-te de ser mau",Angyba'e roîré teumẽ nde poxyramo
"será que estais sossegados, como os que não vêem a morte?",Pe apysykĩ serã peîkóbo te'õ repîakare'yma rame'ĩ?
bebendo cauim durante a noite,Putuna rupi okagûabo
comeste gente?,Ereporupe?
"suas túnicas ficando a rasgar, estando furiosos",O aobusu mondoró-ndoroka o marãmotaramo
o batizado,i moîasukypyra
"o que delata, o delator",kuaukasara
flechar gente,moro-ybõ
não por ir eu,Na xe sopeî
reconhecendo que tu és o seu próprio criador,O monhangaramo nde rekó kuapa
ficaste suspeitando de teu próximo em teu interior?,Ereîmondá-mondápe nde rapixara nde py'ape?
eu tenho inclinação a pedir,Xe îeruresûer
como estava orando a seu pai?,Marãpe seni og uba mongetábo?
cabo de espada,y-pûã
"detestando seu pecado, a transgressão da palavra de deus","O angaîpaba, Tupã nhe'enga abŷagûera reroŷrõmo"
imediatamente eles se vingam de seu próximo,Aûnhenhẽ o apixarĩ resé îepyki
dia muito bom,arangaturameté
água salgada estagnada,ye'ẽ-mbyka
"como isto, como este",koba'e îá
que venha para nos curar,T'oú îandé posanonga
"como que fazendo as pessoas viverem, mas não de verdade","Oporomoingobébo rame'ĩ, na supi ruã-te"
cubro-o,Aîaso'i
o que manda a um falso pajé ficar defumando a si,Paîea'uba supé onhemotimbó-timborukaryba'e
que o deixem estar,Te'inhẽne oîkóbo ká
sossegai longe de mim senão vos queimo,Penhemongatu mamõ xe suí n'opoapyî
"vão oco de alguma coisa, o vazio do meio de alguma coisa",apyterybỹîa
"fica pondo armadilhas, querendo fazer a gente entrar","Oîekotyrũ-tyrung, oporomoingé-potá"
disse isso conhecendo o futuro esmagamento dos habitantes daquela cidade chamada jerusalém,Akûé tabusu Îerusalém 'îaba pora mombebaûama kuapa nhẽ aîpó i 'éû
"na ponta, na extremidade",apyri
"meus companheiros, hei de ver o feriado santo","Xe rapixarĩ pabẽ, 'areté-angaturama t'asepîáne!"
"caem, às vezes, os frutos de suas árvores",Okuî rakó amũme 'ybarambûera o 'yba suí
geração da alegria,Toryba nhemonhangaba
mais que a todos os seres humanos embelezou-a,Abá sosé pabẽ i momorangi
"vamos para assaltá-la, atacando pelas costas a mãe de deus","Îasó sesé îapu'ama, Tupana sy kupe'apa"
"amarram suas mãos firmemente, fazendo-lhe mal","Îapopûar-atã, i moangaîpapa"
envergonho-me de minha feiúra,Anotĩ xe aíba
"com uma lança de ferro espetou seu flanco, estourando suas entranhas","Itamina pupé iî yké kutuki, i nhy'ã moboka"
"por isso mesmo o homem, com a virtude, dá asas a si para voar",Nd'e'i te'e abá tekokatu pupé onhemopepóbo o beberama resé
escondeste alguma coisa que estava na igreja?,Erenhomimype erimba'e Tupãokygûara mba'e amõ?
fiz agouros a ele,Asanong
com tua realeza temível,nde reîabaîté pupé
cerquei-os,Aîopîar
eis que aqui estou,Kó é aîkó
vamos comigo somente até nhoesembé,T'îasó xe irũnamo Nhoesembépe nhote
vais neste dia,Eresó kó 'ara ri
"coisa enlameada, porco!","Mba'e-u'uma, taîasu!"
buraco das orelhas tapados,apysakûá-îe'o
sobre a cruz pregando meu senhor,Krusá sosé nhẽ xe îara moîá
"não tem limite, não tem fim","-N'i sykabi, n'i papabi"
"que tenhamos, em sua morada, junto de ti, a vida eterna","T'orogûerekó, setã-me, nde pyri, tekó-puku"
usaste feitiço para que não viessem?,Mosangape ereîpuru ture'ymagûama ri?
"ah, que bom seria se eu tivesse ido ontem!",Marãîasûaramo xe sóû kûesé mã!
eu sou luzente,Xe rendypuk
trabalhaste em conjunto por ocasião dos feriados?,Erepotyrõpe 'aretéreme?
os que tu apresarás são reis,Nde rembiarama é oîkobé morubixaba
será que a noite toda ages para fazer sumir as galinhas?,Pysaré serã ereîkó arinhama mokanhema?
o que te põe a nu,ikatupe nde moĩndara
eu sou fingido,Xe nhe'engyrygûan
pagaste já o objeto de teu furto?,Eresepyme'eng ygûãpe nde mondasagûera?
compadecendo-se somente de oito que viviam segundo suas palavras e que gerariam filhos,Oito anhõ o nhe'enga rupi tekoara oporomonhangyba'erama raûsubá
porventura fazes isso à toa?,Aîpó nhẽ-pipó ereîkó?
eu sou garrido,Xe arũaíb
"depois disso, hei de atacá-los",A'e ré t'asepenhan!
encarreguei pedro da lenha,Aîopûaî Pedro îepeaba resé
eu tenho palavras sagazes,Xe nhe'ẽpokarugûar
vem espantar o diabo para que não nos vença!,Îori anhanga mondyîa oré moaûîé suí!
amo-o em vão,Asaûsub-a'ub
"antigamente eu estava aflito, praticando meus vícios","Akûeîme aîkotebẽ, xe rekopoxy purûabo"
achaste-os por perto?,Mbype erebasẽ i xupé?
"isso nosso senhor impede, repelindo-o das pessoas","Anga Îandé Îara oîmoabaíb, morosuí i mondóbo"
vem para nos guiar,Eîori oré pokoka
ali é o lugar aonde eu vou,A'epe xe soagûama
eu estou muito úmido,Xe rygûasu
"um ou outro, somente, não faz esta aldeia pecar",Oîepé-ombé anhõ n'omoangaîpabi kó taba
algumas e poucas vezes,amõme nhõ
temo por ele,Aronheangu
enxota-os de vossas almas,pe 'anga suí i mondóû
pode a gente não proceder conforme o mandado do padre?,E'ikatupe asé abaré o pûaîtagûera rupi oîkoe'yma?
os daqui,keygûara
pode alguém beber cauim?,E'ikatupe abá okagûabo?
eu estou em pé,A'amĩ
eu estou apressado,Xe ranhẽ
procedo conforme tua palavra,Aîkó nde nhe'enga rupi
atiça o fogo para o que cozinhas,Esatapy nde remimõîa
caiu a chuva,Okyr amana
"fome, sede, cansaço, quaisquer coisas sofrendo por nós","Ambyasy, 'useîa, kane'õ, mba'e tetiruã porarábo îandé resé"
apisoei-o,Aîapatuká
prato raso,nha'ẽ-mbeba
fazendo-o estar com firmeza,Ten i mo'îabo
estão sempre cheias as igaçabas não abrem mão do cauim,Tynysẽ memẽ ygasaba N'i apori kaûĩ resé
invocaste a deus em vão ao mentires?,Eresenõî tenhẽpe Tupã nde îuraragûaîtápe?
importuna-me muito aquela lei nova,Xe moaîu-marangatu aîpó tekó-pysasu
"ficando eles a fazer guerras, ameaçam as cabeças dos índios","Omarãmonhã-monhanga, oîmomboî abá akanga"
arrancando sua orelha,i nambi mondoka
crendo na sua ida para o céu,Ybakype i xoagûera rerobîá
desci com eles,Aroapy'am
"ainda bem que vós três, novamente, queimareis juntos",Iîá mosapyr-y bé pekaî oîepegûasune
qual o teu nome de batismo que o padre pôs?,Marãpe nde rerokaba abaré reminongûera?
dizendo isso por pequenas coisas,Mba'e-mirĩ resé aîpó o'îabo
dar de comer aos famintos,Ambyasybora poîa
"sentaste-te por aí diante dalguma mulher, puxando teu pênis?",Ereîeapyk kûepe kunhã amõ supé nde rakûãîekyîa?
"vinde, meus companheiros","Peîori, xe irũ-etá"
rio dos sarapós,sarapó 'y
"de cada dez, repartir uma de nossas coisas com deus",Opakombó îabi'õ Tupã supé oîepé asé mba'e moîa'oka
o oposto do desejo sensual é a pureza,Moropotara robaîara moropotare'yma
"os que tratam de seu futuro casamento um com o outro não podem, depois disso, casar-se com outros",O îoesé o mendaragûama resé nhemongetasara nd'e'ikatuî a'e roîré amoaé resé omendá
que saia o diabo dela,T'osẽ anhanga i xuí
esse outro,kûé amõaé
de que lugar?,manõîa suípe?
deitando às pressas o capim,Kapi'i anhẽ rerupa
herança de meu pai,xe ruba mba'epûera
"os ex-maridos, esses, malditos, não se repreendem",Mendûera kó re'a nd'e'i oîeakakapa
ao entardecer,karukĩneme
"ao dizer ""jesus"", o maldito tem medo","""Jesu"" 'éreme, moxy sykyîéû"
como estava jesus quando ele o fez sair?,Marãete'ĩpe Jesus o enosẽme?
colar de ouro,itaîu-po'yra
encalhemos,T'îaîar
"ai, eis que é muito doloroso o que eu sofro perto do diabo!",Sasy iang xe remimborará anhanga pyri hegûé!
quero muitíssimo todas as aldeias destruir,Aîpotá-katutenhẽ opabĩ taba mondyka
confessa bem a nós que tu és o filho de deus,Eîmombe'u-katu Tupã ra'yramo nde rekó orébe
vivo de mariscos,Paranãmbora ri aîkó
"vamos, como nós, para enfeitar nossas almas, para levá-las diante dele","T'îasó îandé îabé îandé 'anga moîegûaka, serasóbo sobaké"
mandou-os como diabos para fazer o fogo que não se apagará,Anhangamo nhẽ i mondóû tatá ogûeba'erame'yma monhanga
faço-me estalar as mãos,Aîepó-mopuruk
o que é comum é aquela mulher esmagar nossas cabeças,Sekoaba'e kûé kunhã oré akanga i apiti
passagem costumeira de rio,Y-asapá-tyba
eu tenho olheiras,Xe resagûyrumbyk
"trouxeste muitas coisas, porventura?",Ereruretá serã?
"para ele trouxeram, como oferendas, ouro, incenso e mirra","I xupé ogûeru îetanongabamo itaîuba, ysykatã syapûãba'e, mirra"
querendo ser servo de deus somente,Tupã boîáramo nhõ oîkó-potá
grita tu!,Nde rasẽ!
o que eu ensinei,xe remimbo'epûera
fizeste que uma mulher se pusesse sobre ti para fazer sexo com ela?,Ereîmonhenongype kunhã nde 'arybo sesé eîkóbo?
"da mesma forma, como componente deste mundo, a morte também entrou",Te'õ abé reîkéû ikó 'ara poramo oîá
longamente irritando-se,Kype onhemoŷrõmo nhẽ
"diante deles os diabos ajuntando-se, querendo engoli-los, estando a abrir suas bocas","Sobaké Anhanga onheŷnhanga, i mokona motá, oîeîurupirá okûapane"
suspeito dele acerca de meu dinheiro,Aîmondar ahẽ xe itaîuba ri
"o que tu escondeste, na verdade, onde tu roubaste?","Nde remimimbûera, anhẽ, umãmepe nde mondá?"
"armeiro, fazedor de armaduras",itaaoba monhangara
"viram somente muitas chamas, parecidas com nossas línguas","Tatá-endy-etá, asé apekũ abŷare'yma anhõ osepîak"
"tocaste nas partes erógenas de uma mulher, atraindo-te por ela?",Erepokokype kunhã rapupé resé sesé enhemomotá?
ungir o padre com óleo bento o que supõe morrer,Nhandy-karaíba pupé abaré omanõ-mo'angyba'e pytuba
lembra-te de mim!,Nde ma'enduá xe ri!
empobrecendo os índios,apŷaba mondyabó
"eis que meu corpo não está disposto, amolecendo","Xe reté ã n'oîkoetéî, omembeka"
atrás de mim ele veio,Xe pytaî turi
eu tenho um buraco grande,Xe kûarusu
no transcorrer de quatro gerações,oîoirundyk îeapyká sykápe
faze sumir meu tentador,Emokanhem xe ra'angara
furei-o,Aîmokûar
consolando-se com a compaixão de deus,Tupã o aûsubaraûama resé onhemoapysyka
portaste-te mal com tua embriaguez?,Ererekó-memûãpe nde sabeypora?
"meu nome de meninice, meu nome de infância",xe kunumĩ-era
eu sou trepador,Xe rybobõ
"eia, pois, confessa o número daquelas tuas antigas omissões",Ene'ĩ a'e nde nhe'engerekoagûera papasaba mombegûabo rõ
eu vim do rio dos paratis,Xe parati 'y suí aîu
"toda a noite, pelas noites",putunybo
"tu, talvez para retribuir, atiras nele, o dia todo, a prostituição",Nde serã i poepyka sugûaraîy ereîapi ko'arapukuî
"são pedro, com seus companheiros, tomou são matias como apóstolo",São Matias S Pedro o irũetá resebé tari apóstoloramo
espera um pouco,Enhambé ranhẽ
"seu companheiro de guerras também é bastião, o flechado",I maranirũ abé Bastião u'uborûera
"ah, quem me dera eu fosse para o céu!",Asó temõ ybakype mã!
os que se compadecem de nós,îandé poreaûsubokara
eu desmaiei,Xe re'õ'ar
roupa branca põe na gente,Aó-tinga onong asé resé
oponho-me a ele,Asobaîxûar
saiu vivendo após o enterrarem,Osem oîkobébo o tym-y roîré
para o inferno,-A'epe i 'anga mamõ i xóû? -Anhanga ratápe - E sua alma para onde foi?
eu tenho a base fixa,Xe ypy-ten
deixai de me prantear,Peteumẽ xe rapirõmo
eu tenho sorte com animais,Xe mba'e-porang
"e, por outra parte, semelhantemente, o próprio mar será mais terrível do que foi seu costume",Kokoty paranã aé rame'ĩ o abaetéramo erimba'e gûekoagûera sosé
"está molestando as pessoas, fazendo-as cair em erro","oporomoaîu oîkóbo, oporomotekokuabe'yma"
resisti-lhe,Anheran sesé
eu sou ligeiro de mãos,Xe poesãî
areia preta,ybyku'i-una
desfaleceram os maus,Onhemote'õ'a moxy
forrei-o,Aîapeaob
jazo de lado,Oykébo aîub
"vem para espantar o diabo, para não nos vencer","Îori, anhanga mondyîa, oré moaûîé suí!"
"aqui estou, não me afasto deles","Aîkobé, n'aîepe'aî i xuí"
"compadeceste-te deles por ocasião de sua doença, acendendo seu fogo, alimentando-os, procurando-lhes alimento?","Eresaûsubarype i mba'easyreme, satá-á, i poîa, i poraká?"
"se humilha, arrependendo-se de suas maldades","Onhemomboreaûsub, o angaîpaba moasŷabo"
emergi como que do fundo,Ypy suí berame'ĩ abur
sua mãe o pôs no lugar onde estava a manjedoura deles,Semi'uru rupápe i xy i nongi
não brigarão?,- Nd'omarãmonhangi xópene?
moqueei-o,Aîmoka'ẽ
"deus é um só, de fato, sendo santíssimo, sendo poderoso","Tupã oîepé nhõ nhẽ gûekó-karaibetéramo, abaetéramo"
"ah, oxalá futuramente eu seja um pouquinho melhor!",Xe angaturã be'ĩ temõ erimba'e mã!
"por isso mesmo, a pessoa que deseja a virtude mirra-se de corpo",Nd'e'i te'e abá tekokatu potasara gûo'opore'yma
é mesmo verdade,Supi é
eu sou gritador,Xe nhe'engatãndûer
fiquei-lhe puxando a cabeça,Aîakangeky-ekyî
"como dirá a gente em seu coração, olhando para o céu?",Marã e'ipe asé o py'ape ybaka resé oma'ẽmone?
eu tenho a carne trêmula,Xe ro'o-sysyî
quatro são as virtudes cardeais,Quatro tekokatu-ytá
eu tenho palavras pesadas,Xe nhe'ẽposyî
repleta-me minha ira,Xe moîoîá xe îemoŷrõ
quantas vezes disse isso?,Mbobype aîpó i 'éû?
revezamo-nos uns com os outros,Oroîoporu
não nos batizam também outras pessoas junto do padre?,N'asé reroki bépe amõ abá abaré pyri?
desemporcalhei-o,Aseîkûaru'umbok
as leis de nossa alma fez para a gente,Asé 'anga rekorama oîmonhang asébe
eu sou muito falante,Xe nhe'engetekatu
o que arde comigo,xe irũnamo okaîba'e
"e, pois, como há isto de ser?",marã-te-p'iã-ne?
bem aos olhos de deus essas vossas ações são contadas,Tupã resápe-katu kó pe rekó rekóû i paparypyramo
"por isso mesmo eles estão felizes, pela permanência dele junto à casa de deus","Nd'e'i te'e og orybamo, Tupãó-pyri i pytasagûera resé"
retirei-a,Ano'ẽ
"meu nome é ""sapo achatado""","Xe rera ""Kururupeba"""
brancura,morotinga
fiz provisões dele,Asesemõ
"o que cuida da casa, caseiro",oka rerekoara
aqueles outros dois deverão ser tomados segundo a vontade das pessoas,Abá remimotara rupi tarypyrama é amoaé mokõî
daqui a pouquinho,koromõ-apyri'ĩ
"está alegre, como eu, meu pai tupiniquim","Soryb, xe îabé, xe ruba tupinakyîa"
futuro senhor de suas muitíssimas riquezas,O mba'e-katupabẽ îarama
não pode sequer uma única vez contar para alguém a transgressão da palavra de deus que foi contada para si,Nd'e'ikatuî oîepé'ĩ tiruã Tupã nhe'enga abŷagûera o îoupé i mombe'upyrûera mombegûabo abá supé
abraçaste alguma mulher?,Ereîaîubãpe kunhã amõ?
diz-se que iria,Osómo ra'emo
se tivesse ido hoje,Kori meémo asó
eis que a cada páscoa um prisioneiro fazeis-me libertar sempre,Aretegûasu îabi'õ ã mundepora amõ îepé peîmosem-ukar ixébe îepi
apalpaste teu ventre para matar teu filho?,Eresungápe nde rygé nde membyra îukábo?
lembrando-se dele assim que acorda,Opaka bé sesé o ma'enduaramo
enquanto eu o levo,Ixé serasó remebé
"em mim confiam, bem em mim apoiando-se","Xe resé oîerobîá, xe resé-katu oîekoka"
os cabos são brancos,Yba ting
"segundo o rito dos judeus, seu prepúcio cortaram","Îudeos ekomonhangábo, i 'apira mondoki"
"cabeça ""enrugada""",akangapixa'ĩ
transgrediria o homem a palavra de deus assim os conhecendo?,Oîabypemo abá Tupã nhe'enga emonã sekokuapa?
de lá do lugar para onde foi fez vir o espírito santo,Ebapó o soagûera suí Tupã Espírito Santo mbouri
a respeito de quê conversamos?,Ma'e resé îandé mongetáû?
eu sou pontudo,Xe robyr
vôo como este vento,Abebé kó ybytu îá
"tocaste nas tuas virilhas, abrindo as pernas, masturbando-te?","Erepokokype nde rapopé resé epypekábo, eîeîukábo?"
onde está meu caminho?,Umãpe xe raperama?
honrei-o muitíssimo,Aîmomba'eté-tekatunhẽ
agora mesmo suas almas quero matar,Ko'yr é i 'anga aîuká-potá
ele é medianamente grande,Turusu'ĩ
recusando uma criança,Pitanga kuakupa
"deleitando-se com as escravas ruins, não quiseram vir aqui","Tapuîpé-poxy mborypa, tupotare'ymi iké"
"multiplicou-nos neste mundo, primeiro",Îandé moîeapykáû ikó 'ara pupé ranhẽ
"vem, coisa fedorenta!","Eîori, mba'enem!"
eu tenho lágrimas gotejantes,Xe resa'y-tykyr
"ah, que bom seria minha morte ao me batizar o padre, antes de eu pecar",Marãîasûaramo temõ abaré xe 'apiramõneme xe angaîpab'e'ymebé xe re'õ mã!
"na verdade, três vezes negarás ser meu discípulo antes de o galo cantar duas vezes",Mosapy ipó xe boîáramo nde rekó ereîkuakub mokõî gûyrá sapukaî'e'ymebéne
"eis que estorvas muito tua vida, dificultando-a","Ereîmoarûabeté ã nde rekó, i moabaípa"
"margem de rio, beira do mar",y-embe'yba
sob as mãos do diabo está,Anhanga pó gûyrybo nhẽ sekóû
barqueei as pessoas,Aporero'yasab
é muito belo seu proceder,I porãngatu sekó
minha pele tem titinga,Xe tĩ-titing - Meu nariz tem titinga Xe py-titing - Meus pés têm titinga Xe pi-titing
"portanto, prendo-te!","Irõ, oropokosub!"
ainda bem que o faz correr consigo!,Iîamuru senonhana!
toma um só trago,E'u oîepé îuru nhote
que se arranquem de mim meus olhos concupiscentes,T'oîe'ok ixé suí xe resá-poropotara
morrendo na cruz,Ybyrá pupé omanõmo
"na verdade, três vezes negarás ser meu discípulo antes de o galo cantar duas vezes",Mosapy ipó xe boîáramo nde rekó ereîkuakub mokõî gûyrá sapukaî'e'ymebéne
"ah, muito bem!","Erĩ, aûîé!"
não mais amarei o diabo,N'asaûsu benhẽî xûé Anhangane
quer muito a sua futura santificação,Oîpotá-katu o nhemongaraibagûama
fazem aplacar a deus a si mesmos para eliminar a dívida dos pecados de diversos anos,Tupã oîmonhyrõ o îoupé setá nhẽ seîxutatá tekoangaîpaba repy-mondykápe
ele está azedo demais,Saîasy
a multidão de companheiros do provincial,Pa'igûasu irũndyba
não! estou bêbado,Aanumẽne! Asabeypó
acreditando no filho dela,I membyra rerobîá
a crença em deus está somente em suas bocas,I îurupe nhõ Tupã rerobîara ruî
seu corpo somente verão,Seté anhõ osepîakyne
"no caso de o desejares muito mesmo, que se faça","Nde i potasábo-katu é, t'onhemonhang"
mas que é que procurais nesta minha terra?,Mba'e-tepe peseká kó xe retama pupé?
"eia, vai!",-Ene'ĩ esóbo!
"toma-nos a dianteira sempre o diabo, ameaçando-nos","Îandé rokesỹ memẽ Anhanga, îandé momboîa"
minha lei é muito bela,Xe rekó i porangeté
os que querem casar-se,omendá-potaryba'e
estragando as almas dos índios,abá 'anga momoxŷabo
era eu,Ixé rakó
"pé de algodão, algodoeiro",amynyîu-'yba
não querendo espaçar longamente a falta de sua confissão,o nhemombe'ue'yma mopa'ũ-muku potare'yma
não porque eu fui veio ele,Na ixé sóreme ruã turi
quem és tu?,Abápe nde?
muitas coisas miúdas,mirĩ-mirĩ
ensina falsamente as pessoas a pronunciar a palavra de deus,Oporombo'e-a'u Tupã nhe'enga ra'anga
quem desobedece àquele?,Abápe aîpoba'e oîmomaran?
"eu sou de voz alta, eu levanto a voz",Xe nhe'engapûan
"eu sou um assassino, causa de se ter medo dos pecados","Morapitîara ixé, angaîpaba sykyîéba"
"""lembrai-vos da morte"", deverão dizer suas palavras","""Penhemoma'enduá te'õ resé"", e'i temone i nhe'enga"
eu estou muito quebrantado,Xe pitubarusu
descarreguei as coisas da canoa,Anosem mba'e ygara suí
"enfim, o que não é pranteado ressente-se de não o honrarem",Aûîé sapirõmbyre'yma o moetee'yma oîmoasy
eu sou muito perebento,Xe peré-pereb
"mas sempre, com certeza, a vossas almas querem bem, aformoseando-as","Memẽ-te nipó pe 'anga amotá, i moaysóbo"
fiz uma cerca de moirões,Aybyrá-monhang
amarrei-lhe a cabeça,Aîakã-mbûar
"a morte, na verdade, é a ameaça dos que se casam verdadeiramente",Te'õ a'e mendasareté momboîsabamo
"para cá vem, trazendo farpas junto com o arco","Ké turi, arupare'aka îurupara ndi seru"
eu tenho o rosto muito curubento,Xe robá-kuru-kurub
"e não confessando ser parente, de fato, de seu marido ou de sua esposa, que acontece?","A'epe o mena koîpó o emirekó mũetéramo sekó mombe'ue'yma, marã?"
lugar onde estará teu filho,nde membyra rendaûama
oxalá ele não tivesse coisas boas!,N'i mba'e-katuî xûé-temo ahẽ mã!
"por isso mesmo o maldito ataca os homens, fazendo piorar muito a maldade das pessoas","Nd'e'i te'e moxy abá ropenhana, abá angaîpaba moîerekoaibetébo"
mostrando-lhe uma certa árvore que estava no meio do seu jardim,Amõ 'yba gûemityma pyterype o'amba'e kuabe'enga
"são pedro, com seus companheiros, tomou como apóstolo a são matias, após subir deus-filho ao céu","São Matias, ybakype Tupã Ta'yra îeupir'iré, S Pedro o irũ-etá resebé tari apóstoloramo"
"mulheres, além de velhos, meninos e até meninas","Kunhã, marandé tunhaba'e, kunumĩ, kunhataĩ tiruã"
até mesmo seus ossinhos cultua,I kangûerĩ tiruã momba'etéû
no fundo da água,y pype
dou-lhe os filhos de pedro,Aîta'y-me'eng Pedro
agora comemoramos o dia em que mandou eliminar as crianças que completavam dois anos,Pitanga mokõî ro'y omoaûîeba'e mombab-ukaragûera 'ara îaîmoeté ko'yr
"e os rapazes que perseguem mulheres, querendo escravas?","A'epe kunumĩgûasu kunhã oîmomosemba'e, miaûsuba potá nhẽ?"
"levanta-te, sê valente!","Epu'ã, nde pyatã!"
mudo-me,Aîeakasó
digo que não,Aan a'é ipó ixé re'a
a cobra mordeu a pedro,Mboîa Pedro îaîxu'u
aí é que está! eu estou surpreso por tua causa,Aîpó nhẽ! Xe putupab nhẽ nde ri
eis que aí pertinho vem,Ebokûeté'ĩ turi
ainda hoje apressando-vos para encontrar a felicidade verdadeira,kori bé penhemoanhẽ-anhẽmo tekokatueté pé pegûasemagûama resé
"depois de querer vê-lo, em vão, desde muito tempo atrás",Kûesenhe'ym bé sepîá-potá tenhẽ roîré
engasgou-me minha comida,Xe îase'opytym xe remi'u
tratando-se uns aos outros como que numa fraternidade,Oîoasykûera ri îasûaramo oîoerekóbo
"sendo igual a deus, está nas alturas","Tupã moîoîapa, sekóû ybaté"
vós lembrais,Pe ma'enduar
cocho de porcos,taîasu remi'uru
eis aqui também minhas garras,Kó bé xe pûapẽ
não fique ele boquejando a meu respeito,T'e'i tenhẽ umẽ xe ri o îuru'aramo
"a ti suspiramos, gemendo",Nebe oronheangerur oré poasemamo
aquele mesmo,Apó é
"sua mãe não teve dor de parto, não sangrou, não ficou doente","I xy n'i membyrasyî, nda sugûyî, n'i mara'ari"
vou para fora,Asó kûeîpe
fiquei-as errando,Aîaby-îaby
ser chamado ladrão é característica do homem mau,Sereroĩmbyra abá-mondá apŷabaíba rekoaba é
eu não sou afável,Na xe posykyîéî
o que conta os pecados escondidos de alguém,Abá angaîpá-nhemima oîmombe'uba'e
"fazendo as pessoas beberem cauim ou dando-lhes de beber, fazendo-as embriagar-se","Abá mongagûabo koîpó se'yma, i mondabeypó"
é muito doloroso não vir fulano ao meu chamado,Sasy-eté ahẽ osóbo - É doloroso ir-se fulano Sasy-eté ahẽ oure'yma ixé o enõîndápe
à vista dele,sobábo
"está limpa, como se vê, a cova da lebre",I pe'ybĩ nakó tapiti kûara
antes de irem para lá,a'epe o só îanondé
tenho pendências com ele,Aîkó sesé
por aqui,kó rupi
"tomando o diabo, o maldito fica pisando","Serubu rá, muru ri opurũ-purung"
"ameacei, outrora, os tupinambás",Aîmomburu akûeîme tupinambá
bola de madeira,ybyrapu'a
"verdadeira morada de deus, filha de deus","Tupã rendabeté, Tupã raîyra"
vamos comigo,T'îasó xe irũnamo
eu sou muito formoso,Xe aysó-katu
"o inimigo da gente, o diabo","Morosumarã, Anhanga"
"apesar de que sejas rainha, apesar de que sejam muitos os teus servos, eu, não obstante, pesco para ti","Reîamo ereîkó tenhẽ, setá tenhẽ nde boîá, xe-te t'oroporaká"
"após acabar o mundo, fará voltar a viver , levando-os para junto de si para sempre",Ara pab'iré i moingobeîebyri o pyri serasóbo aûîeramanhẽne
vamos um pouco mais ao longo da costa,Ybyri-pyryb t'îasó
quem me dera eu o fizesse estar deitado comigo assim!,Nã temõ ixé serubi mã!
"esta há de ser minha companheira, com certeza",Xe irũ ã re'a
tu trouxeste tua esposa?,Nde ererupe nde remirekó?
tive filhos gêmeos,Xe membykõî
temos algum remédio como meio de nos curarmos?,Îarekópe mosanga amõ îandé pûerasabamo?
cortei seus nervos,Aîpytasã-mondok
que é mais penoso aos que estão ali?,Mba'epe sasyeté a'epe tekoara supé?
o destino final das coisas dos homens,Abá rekó mondykaba
há de estar ?,E'i nhẽpe oîkóbone?
espevitei-o,Asatapyĩ'ok
"viemos para te festejar, lançando fora nossa maldade","Oroîu nde momoranga, ore aíba reropó"
miolos de cabeça,a-putu'uma
"meu pai, o que me gerou",xe ruba xe monhangara
estando com seus cocares brilhantes que são mais brancos que a geada,O akanetá-beraba ro'yrypy'aka sosé morotingyba'e reroína
"eu tenho uma caminhada ligeira, ando depressa",Xe atá-pûan
"nem sequer uma pequena coisa, nem um só pequeno ato das pessoas omitir-se-á, então","Mba'emirĩ tiruã, abá rekoagûerĩ oîenosem a'epene"
"ainda que me castigasse, eu falaria",Aûîebé-temo xe nupãû anhe'engĩmo
ralo mandioca,Amie'ẽ
o que sofre febre,akanunduka porarasara
o padre que é colocado como guardião da gente,Abaré asé rerekoaramo i moingopyra
ele é bom quando o que é contado é mesmo verdade,I marangatu supi é i mombe'upyra rekóreme é
que bata no diabo,T'opûar anhanga ri
faze fugir o diabo,Eîmonhegûasem anhanga
"ao se aproximar o doente de sua agonia, que mande chamar o padre, o que põe o óleo bento","Mba'easybora o mara'ara kakareme t'osenõîukar abaré, îandykaraíba nongara"
"o que não é conhecido, coisa secreta",i kuabypyre'yma
varri os ciscos,Aytypeir
"quebrador de pedras, cavouqueiro",itá kasara
parti,Aîupabok
eis que se aproxima minha vida futura,Okakar kó xe rekoberama re'a
deus deixou de amá-los,Tupã osaûsupe'a
cada vez que se lembra dela,Sesé o ma'enduara îabi'õ
vim do céu para vos ajudar sempre,Aîur ybaka suí îepi nhẽ pe pytybõmo
hei de contar os pecados deles,T'aîpapáne i angaîpaba
vais definitivamente,Eresó nhẽ peũî
eu somente nesta aldeia morava,Xe anhõ kó taba pupé aîkó
estou quieto,Ainĩ
lancei a âncora,Aîtyk itasama
"para esse belo procedimento, a gente a mantém em seu próprio quarto , aí dependurando o recipiente em que a bebe","Aîpó tekoporanga resé asé serekóû o kotype, a'epe i moîasekóbo i gûaburu"
estabeleci uma plantação de milho,Atupá-rung abati
disse isso conhecendo o futuro esmagamento dos habitantes daquela cidade chamada jerusalém,Akûeî tabusu Îerusalém 'îaba pora mombebaûama kuapa nhẽ aîpó i 'éû
nossas casas estão estabelecidas uma junto da outra,Xe apyri tuî - Ele mora a meu lado O îoapyri oré roka ruî
enterro-o,Aîatyb
cavei a terra,Ayby-ybykoî
vivo na virtude,Aîkó tekokatu resé
o que vai buscar água,ypîasoara
que vá toda a minha doença para longe de minha alma,T'osó-pá xe mara'ara kûepe xe 'anga suí
a sela dele,sendaba
"há de se me deparar algum, primeiro",T'oîesub amõ ixébo ranhẽ
dentro daquele navio fazendo-os embarcar consigo também,A'e ygarusu pupé sero'arukáno
por ser nosso senhor jesus cristo o que tira os pecados,Tekoangaîpabokaramo Îandé Îara Îesu Cristo rekóreme
desperdiçaste as coisas de alguém?,Ereîmombukápe abá mba'e?
estou atrás de caça,So'o resé aîkó
levei todos,Arasó pab
junto água,Atykûar
que ouçam aquilo que tu dizes,T'osendu aîpó nde 'é
osso de tembetá,metara kanga
mas não enfiará a gente a mão em sua boca para parti-lo?,Nd'opo'ẽî xûé-tepe asé o îuru pupé i mbo'iragûama reséne?
"os que não acreditavam nele trabalharam em conjunto, ficando a flechá-lo",Serobîasare'yma potyrõû iî ybõîybõmo
"sus, que ele vá!",Ne'ĩ t'osó!
"no mesmo dia em que a comeres, cairá a morte em ti",Ara nde i gûaba pupé bé o'a te'õ nde reséne
acreditas na dança do guajupiá?,Ererobîarype Gûaîupîá moraseîa?
"eu mesmo, como se viu, já vos disse isso",Ixé aé ã a'é umûã nakó peẽme
muito maior,tubixabeté
não são sem consequências os teus pecados,Na sa'ubi nde rekopoxy
"o que ameaça, ameaçador",momboîtara
"o forte, o bravo",tatã
licor de caju,akaîu 'y
fiquei-me apressando em ter sauiás,Anhemoanhẽ-anhẽ saûîá reru-rerupa
carpi-as,Aîkapir
amarrai os malditos!,Peîpûá muru!
fazer feder esta aldeia com o desejo sensual,Kó taba monema moropotara pupé
que não vejam mais o sol!,T'osepîak-y bé umẽ kûarasy!
há algum homem na condição de seu substituto?,Oîkobépe amõ abá sekobîaramo?
os que sofrem algo pela justiça,Tekokatu resé mba'e porarasara
os franceses trouxeram pólvora em vão,Aîuruîuba mokaba ogûeru tenhẽ
contigo sempre estamos,Nde resé memẽ oroîkó
eu estou benzido,Xe karaíb
ele é muito bom,I katu-pyryb
bebem muito todos,Oka'ugûasu pabẽ
eu babo,Xe rendysyryk
hei de flechá-lo!,T'aîybõne!
o aleijado de orelhas,nambi-asyka
não hei de estar na maldade diante dele,Aîkó umẽpe mba'epoxy resé sobaké ká
fiz gaiola para eles,Asokaîmonhang
"antes que ele agonize verdadeiramente, que vá alguém me chamar",I mara'areté e'ymebé t'osó abá xe renõîa
mas não foste tu?,Na nde ruã-te?
ele dará para mim minha aflição,A'e xe rekotebẽsaba oîme'eng ixébene
"ah, que mau é o pecado! que mau que é fulano!",Tieté kó angaîpaba maniîabo mã! Tieté kó ahẽ maniîabomã!
eu sou enfermiço,Xe mba'easypotar
"vamos, conversemos com os que nos procuram",Ne'ĩ t'îamongetá îandé rekasara ri
não ia para o céu outrora a alma de ninguém?,Abá 'angûera amõ soe'ymi ybakype erimba'e?
eu fui peado,Xe pukusam
vamos para quebrar as cabeças dos reis,Îasó tubixaba akanga kábo
"prato côncavo, prato fundo",nha'ẽ-pyko'ẽ
"descendo com seus choros, indo com seus gritos","O îase'o rerogûeîypa, ogûasẽ-gûasema rerasóbo"
oh! que multidão estes peixes são!,Tó te'ĩ kó pirá rekóû mã!
cocei-o,Ase'yĩ
do amor a deus encheu suas almas,Tupã raûsuba resé i 'anga porakari
"olhe bem que, por isso mesmo, o maldito ataca o homem, tornando-se apresador dele","Nd'e'i te'e moxy keteté abá ropenhana, sesé oîemoembiaryîá"
a ele eu beijarei suas faces,A'e ipó asetobapé-pyténe
"antigamente eu ficava sempre junto de ti, no alto do morro","Akûeîme apytá memẽ nde pyri, ybytyrapûápe"
"indo, voltei atrás","Aîeby benhẽ, gûixóbo"
leio-o,Aîmongetá
dia muito bom surgiu para nós hoje,Arangaturameté o'a îandébo kori
"o amarelo do ovo, isto é, a gema",tupi'a-îuba
enquanto houver o mundo o homem a bendirá?,Ara rekó pukuîpe abá i mombe'ukatune?
que amemos nosso pai,T'orosaûsu îandé ruba
"como a gente se porta, entrando na igreja?",Marangatupe asé rekóû Tupãokype oîkŷabo?
não há modo de contá-los,N'i papasabi
para deus nos encorajar contra o diabo,Anhanga supé Tupã asé mopyatãgûama resé
estavam felizes ao ver-me,Sory-katu xe repîaka
"embora me interessasse, junto àquelas não cheguei","Anhangerekó îepé, aîpó supé n'abasemi"
"três chefes chamados ""reis"" que vêm da direção do oriente","Mosapyr morubixaba ""reis"" 'îaba kûarasysembaba koty suí ouryba'e"
"deus, a descoberto, imediatamente revelou-se a eles",Aûnhenhẽ Tupã katupe îepîakukari i xupé
para onde a multidão numerosíssima levou nosso senhor?,Mamõpe erimba'e te'yî-katupabẽ Îandé Îara rerasóû?
quais são os nomes da santíssima trindade?,Marã-marãpe Santíssima Trindade rera?
"dentro dele está jesus cristo, sua divindade e seu corpo em inteireza","I pupé Îesu Cristo rekóû, i Tupã, seté abé gûetependûara pupé"
"mas os doentes a comem, bem certamente",Mba'easybora-te aîekatu i 'uû
suas almas e seus corpos fez,I 'anga seté monhangi
"pergunta tu, primeiro",Nde ranhẽ eporandub
"impedem os casamentos, mandando impossibilitá-los",Mendara omoarûab i moabaibuká
rezando a ele no tempo de sua aflição,I xupé o ekotebẽsaba resé oîerurébo
campo limpo,nhũ-asyma
lavrei a pedra,Aitá-mombipik
faze-me tu valente,Xe mopyatã îepé
pode certamente para quem o repreenderá,E'ikatu ipó senonhẽndarama supé é
guará da cara manchada,gûaraobanhana
sela de cavalo,kabaru repanaku
arreganhei os dentes,Xe rãîbitir
troquei-lhe uma criação,Asekobîarõ seîmbaba i xupé
"doravante, não estejais aflitos","Angiré, pe poreaûsub umẽ"
não corrigindo seu filho quando ele estiver no mal,O a'yra marãbirĩ sekóreme senonhene'yma
vereis também futuramente minha vinda sobre as nuvens,Pesepîak irã ybytinga 'arybo xe rura béne
arranco o amargor do sal,Aîukyrakok
"já chega, certamente!",Aûîé ipó!
eu tenho o rosto esburacado,Xe robá-pu-puk
"o que é frito, a fritura",i mosyryrĩmbyra
prendi-os um ao pescoço do outro,O îoaîuri aîmoín
a ira de deus,Tupã nhemoŷrõama
por tuas pegadas há de ir minh'alma sempre,Nde rakypûera rupi t'osó xe 'anga îepi
"sempre os malditos para nós dizem maldades, mui perversamente",Memẽ nhẽ moxy îandébo marã e'i-memûã-memûã
"se uma coisa que é muito saborosa enjoa, comendo-a muito, eis que tanto mais tu expelirás o que não é coisa boa","Mba'e sekatuba'e abiã oîmoting i 'uetébo, memetiã nde nda mba'e-katu ruã euĩ ereîmo'ẽ"
assim havemos de nos acariciar!,Nã takó îomomoranga re'a!
o diabo te agasta,Anhanga nde moabaîté
alimentei-o rispidamente,Aîopoî-îeaseî
algum diabão espião sempre me ameaça,Amõ anhangusu-manhana îepimemẽ xe momboî
faca de taquara,takûá-kysé
eu enviuvei,Xe mene'õ
eu estou com doença venérea,Xe rakûanhaíb
que ele faça deus lembrar-se de nós,A'e îandé resé Tupã t'omoma'enduar
"nós, enfim, havemos de voar para o paraíso",Îandé té t'îabebé Tupãrorypápe nhẽ
eis que este é o pão verdadeiro,Kó té mi'u-eté
que chegue logo ao lugar de o matarem,T'obasem esapy'a o îukaûãme
eu sou rugoso,Xe akaraxixã
assei-me,Aîyb
este santo faz aquele que roga a ele alcançar suas coisas sumidas,Kó santo o mongetasara oîmoîekosub i mba'e i kanhembyra
eu estou resfolgando,Xe putuẽ-tuẽ
"eu tenho rosto muito vermelho, eu enrubesço",Xe robá-pyrã-pyrang
detestando-os mais que tudo o que deve ser lamentado e o que se deve detestar neste mundo,"Seroŷrõmo opakatu ikó 'ara pupé i moasypyra, seroŷrõmbyra sosé"
"eu hei de bem apanhar-te, fazendo-te cair no meu mundéu","Xe t'oropysykatu, xe mundépe nde mbo'a"
"desde a galiléia, sua origem","Galilea suí katu, i ypyrunga"
sendo tu deus também,Tupãnamo eîkóbo bé
que fizeram com ele antes de o enterrarem?,Marãpe serekóû i tym-y îanondé?
"homem grosseiro, zombeteiro",abá-memûã
"a unhada de fulano, a marca das unhas de fulano",ahẽ pûapẽ-mbora
pano de algodão,amynyîu-aoba
tranca da porta,okena potãîa
"eu sou guaixará bebedor de cauim, comedor de gente, queimador de gente, diabo trucidador de gente","Gûaîxará kagûara ixé, morûara, moroapŷara, anhanga morapitîara"
"ora, quem seria aquele?",Abáp'akó é?
no vale que tem nome josafat,Ybytygûaîa Îosafat seryba'epe
minhas próprias coisas,Xe mba'e teé
"meu senhor, eis que eu não sou digno para que entres em meu coração","Xe îar, na xe angaturami ã a'emo ereîké xe py'ape"
"meu ex-marido há de ser, certamente",Xe mendûera ipó re'ĩ
ele vos fortalece,A'e pe mopyatã
louvo-te muito por tu me teres salvado,Oromoeté-katu nde xe pysyrõagûera resé
comer um ao outro,îo'u
"ainda bem que, ainda outrora, repeli meus pecados",Aûîetéramo erimba'e bé xe angaîpagûera aîpe'a re'a
os que se salvam em deus,Tupã resé oîepysyrõba'e
"ah, veio mesmo para cá o ostra grande!",Té oureté kybõ Reriûasu mã!
"o desejo sensual tornado costumeiro, a janotice, o vício, isso nosso senhor, após o recebermos nós em nossa alma, impede de se querer","Moropotara semipokuabe'yma, arũaíba, tekó-poxy anga Îandé Îara îandé 'angyme îandé ogûar'iré ybŷá potara oîmoaruab"
"bola, novelo de lã",inimbó-apu'a
cá vem um barco não faz senão ir,Kó ygara ruri Osó-te
ponteiro da escola,nhembo'esaba kuabe'engaba
antecipei sua fala,Aînhe'engenondear
"que eles bem perdoem hoje a nós, dando anzóis","T'i nhyrõngatu kori îandébo, pindá me'enga"
não os temos desde nossos avós,- Marãpe pe rubixabetae'ym? - Nd'oroerekóî nhẽ oré ramuîa abé - Por que vós não tendes muitos reis?
dentro dela está sua divindade?,I pupépe i tupã rekóû?
hei de viver assim,Emonã takó aîkó
"não são modos de o honrar a bebedeira, o maltratar seu próximo, atacando-o","Na i moetesaba ruã ka'u, o apixara rerekoaíba, sopenhana"
"aos tapuias trouxe as velhas de além de magueá então, fiquei descansado",Tapuîpe gûaîbĩ aru amõ Magûeá suí A'ereme aputu'u
eu sou vingativo,Xe îepykixûer
"como modo de honrar sua vinda, este dia honramos",Turagûera moetesabamo kó 'ara îamoeté
"virá de novo jesus cristo do céu, futuramente?",Our-y bépe irã Îesu Cristo ybaka suíne?
nas minhas costas levei-o,Xe aseî arasó
trouxe a coragem,Myatã ogûeru
sob tuas mãos estamos,Nde pó gûyrype oroîkó
"beijou suas faces, nele tocando também?","Osetobapé-pytépe erimba'e, sesé obyka bé?"
"eis aqui meus chifrões, meus dentes","Kó xe 'akusu, xe ranha"
"bem cedo, bem de madrugada",îeîbeté
nós somos portadores de riquezas para ele,Oré ma'e îara ahẽ pé
"eia, enforca-os logo!","Ne'ĩ, taûîé i aîubyka!"
leva-o depressa,Erasó esapy'a
faço as coisas devagar,A'é umanĩ mba'e monhanga
"minha nação, outrora, estava de acordo com a cultura primeira","Xe anama, erimba'e, tekó-ypyramo sekóû"
ferida da cabeça,a-pixapaba
vem novamente para curá-los!,Eîorino i mombûeîrapa!
amemos todos santa maria,T'îasaûsu pabẽ Santa Maria
"aquele, de fato, não é diferente da cobra",Aîpoba'e tenhẽ n'oîabyî mboîa
"depois disso, os descendentes de noé perderam-se?",A'e roîré bépe Noé remiminõetá roparamo?
eu sou fujão,Xe kanhemixûer
ele certamente comete pecado com tua mulher,I angaîpab rakó nde remirekó resé
junto a si fazendo-vos sentar,O pyri pe mogûapyka
"lit, tromba comprida, gorgulho, inseto coleóptero",tĩmuku
sobram-me sauiás,Xe resemõ sauîá
onde a gente se reunirá?,Umãmepe asé nheŷnhangi-ne?
que somente a ti eu ame,Nde anhõ t'oroaûsu
como seus discípulos receberam-vos,O boîáramo pe rari
vara,ybyrá'ĩ
estou derrubado,Aîero'ar
querendo que a canoa passe adiante,ygara kûabĩ potá
"excitaste-o, esfregando-te no teu companheiro?",Ereîkapyrokype nde rapixarĩ resé eîekytyka?
companheiro dele,i irũ → irũ
"ao morrer eu, que tu venhas para levar-me para o alto","Xe îekyîme, t'ereîu ybaté xe rerasóbo"
"a gente adora, com efeito, o que é feito de barro?",Nha'uma i monhangymbyra nhẽpe asé oîmoeté?
não sabia do perdão de deus a mim,N'aîkuabi ixébo Tupã nhyrõagûera
"ele, certamente, faz tirar-lhe o efeito de mim",A'e ipó oîmoarybé-ukar xe suí
"""que se enfraqueça, que amoleça""","""T'onhemomembek, t'onhemoapapu"""
"após nascer deus-filho de sua mãe, os judeus cortaram seu prepúcio",Tupã Ta'yra o sy suí i 'ar'iré îudeus i 'apira mondoki
apropriada para igreja,tupãoka arõana
"ladroeira, palavras ruins, mentiras sobejavam-te","Mondarõ, nhe'engaíba, mo'ema nde resemõ"
vagem cheia,Topé-pungá
faze-nos tu viver,Oré moingobé îepé
eu tenho papo,Xe rendybagûyaî
para seu fogo arrastando-nos,ogûatápe oré rekyîa
não indo ao encontro de meu senhor,xe îara robaîxûare'yma
todos havemos de convidar,Pabẽ t'îaîxo'o
remédio portador de cura,mosanga mûeîrabyîara
na minha frente ele disse isso,Xe robaké aîpó i 'éû
reparti com ele a carne,Aîopoî ahẽ so'o pupé
o homem que esconde algo,Abá mba'e omimba'e
experimentando poções de ervas,ka'a mosanga ra'anga
cria dos campos,nhũygûana
"jazimento de pedras grandes, penedia",itagûasutyba
"tiveste relações sexuais com alguma mulher através das suas veredas na mata, como tua prostituta?",Ereîkópe kunhã amõ resé i ka'asaba rupi nhẽ nde sugûaraîyramo?
"aperta a cabeça do maldito, enfraquecendo-o muito","Oîopyk muru akanga, i moatãe'ỹngatûabo"
ajuntamento de cipós,ysypó-tyba
armei os laços,Aîusã-moín
sei fazê-lo,A'ekatu sesé
planejando maldades,tekomemûã momboîa
"matei-os muito, fiz matança",Aîuká-matutenhẽ
usaste um homem como mulher ou usou-te como mulher um homem?,Ereîmotebirype abá koîpó nde motebirype abá?
o que tocou na irmã mais moça ou na irmã mais velha de sua noiva não pode casar-se nem mesmo com sua noiva,O me'engabeté pyky'yra koîpó tykera resé obykyba'e n'e'ikatuî omendá o me'engabeté resé tiruã
se não fosse ele ter ido,Osó é ahẽ îabynomã
além das montanhas,ybytyra amongoty
riscaram todo o teu corpo com lanças,Opá nde reté raíri itatîãîa pupé
"sofreu, suportando o fogo, tendo alegria após sua morte","Sosang, tatá porarábo, o manõ riré toryba rerekóbo"
tonsurei-o,Aîmoapytereb
confiemos nesses homens,T'i îerobîar apó abá ri
"seu sangue era muito, no chão escorrendo",Sugûy turusu ybype osyryka
o que vê um homem furtar sem se importar,Abá mondarõ osepîakĩba'e
estou assentado torto,Aín-apẽ
paralelo a ele eu estava deitado,I porupy aîub
no fim do mundo,ara papápe
asperge-se com água benta,Oîeypyî 'y-karaíba pupé
meu pai os inimigos comeram,Xe ruba tobaîara îa'u
"tremendo, então, a terra também",Yby abé a'ereme oryryîane
"buscando seu senhor, ao chegarem os reis, alegrou-se teu coração","O îara reká, reîá mbasembápe sory nde py'a"
acreditas nos feitiços do pajé?,Ererobîarype paîé îekaraimonhanga?
"coisas que se criam no mar, a fauna marítima",paranãmbora
"caburé, vem correndo!","Kaburé, îori enhana!"
"mas quem há semelhante a mim, desafiando até mesmo a deus?","Abá-tepe oîkó xe oîá, Tupã tiruã momburûabo?"
invocam ainda o pajé caruara,Osykyî mbyté paîé Karûara
irei hoje à casa depois que tu vieres,Asó kori okype nde rur'iréne
levando os peixes todos,Pirá mondóbo pá
não houve sangue em teu parto,N'i tybi tugûy nde membyrasápe
fi-lo muito mal,Aîmonhang serã-serã
sigo-lhe o rastro,Asakypûemomosem
"o que a onça matou, o morto pela onça",îagûara remiîukapûera
homem maduro na idade e no juízo,apŷabusu
"eia, nós também jejuemos","Pe'ĩ, îandé bé îaîekuakub"
fizeste incisões em teu filho quando a lua começou a sair?,Eresaírype nde ra'yra îasy semypyreme?
"não te envergonhas, porventura, de ti mesmo, ao dominar-te o desejo sensual da carne podre?",Nd'eretĩ-piã nde îosuí so'o-aíba poropotara apyrasápe?
"em tuas mãos sentando-se, vai o menino, por deus-pai fazendo-te curvar a cabeça","Nde pópe ogûapyka, osó kunumĩ, Tupã Tuba ri nde reroîeaŷbyka"
pensa em vir para vos espantar,Oú-mo'ang pe mondyîa
tua alma é o que tem muito preço,Nde 'anga sepy-etéba'e
tapo-o,Aîo'o
vai à fonte,Kûãî 'ype
eis que ela é minha companheira,Xe irũ a'e ã
sobre a pedra,itá sosé
hei de me aproximar muito dela para ver bem sua beleza,Aroby-katupe ká i porangepîá-katûabo
"atravessei-o, sem mais",Asasá-benhẽ
atravessei rios,A'y-asab
"o cauim transbordante nas igaçabas, depois disso, os atrai, e, igualmente, as cuias das velhas","Ygasápe kaûĩ-tuîa a'e ré îamomotá, oîoîá gûaîbĩ rekuîa"
"o que nossos avós quiseram ver, sem resultado, veio mesmo",Îandé ramỹîa remiepîá-potá tenhẽ our é
uns atrás dos outros,o îoakypûé-kypûeri
"atravessando o céu foi, deixando-te","Ybaka rasapa, osó, nde reîá"
eu me limpo das fezes,Aîeîkûaru'umbok
ficamos golpeando um ao outro,Oroîoapi - Golpeamos um ao outro Oroîoapi-api
dizem que irá,Osó ra'ene
"no dia de guarda do nascimento dele, acendemos a fogueira chamada ""caminho do salto""",Ara i 'aragûera pîasaba pupé tatá i apyrasabapé 'îaba îaîmondyk
quando o proferiu?,Erimba'epe sa'angi?
"morrendo, chegamos ao fim",Oropab oromanõmo
dou-lhe pancadas na cabeça,Aî'apurupã
"desatinado, sem juízo, enlouquecido, maníaco",angaingaibora
"tempo, lugar, modo, etc de tocar, de bater",mopûaba
cerca da aldeia,taba pîasaba
livrou-a do pecado primeiro em que adão nos pôs,I pysyrõû tekoangaîpabypy Adão îandé nongaba suí
o que tolera o que quer trabalhar nos feriados,Aretéreme i porabyky-potaryba'e mborypara
"excitaste teu órgão sexual, lembrando-te de mulheres?","Ereîmoanĩpe nde remimborará, kunhã resé nde ma'enduaramo?"
"tu, em teus braços, jesus ergueste","Endé, nde îybápe, Îesu eresupi"
não me chames tu pelo nome diante dele senão me mata,Xe renõî umẽ îepé i xupé na xe îukáî
igualmente essa mãe de deus nos maltrata,Oîoîá kó Tupã sy îandé rerekomemûã
como o revolutear de um urubu sobre coisas fedorentas,Urubu mba'enema 'arybo nhemoîereba îabé
"assim eu procederei, tendo saúde futuramente",Akûeîkó xe rekóû xe marane'yma rerekóbo rimba'e re'a
antes de sua velhice,o tunhãba'e e'ymebé
destruiu outrora os tamoios,Tamũîa omombab erimba'e
"não faz efeito, às vezes, nosso remédio, fazendo avivar mais a doença","Sarûab amõme asé posangygûaba, mara'ara moîerobu-bé-uká"
o dia está muito escuro,I pytũ-pytun 'ara
para além de lisboa,Lisboa akûeakoty
seus antigos companheiros dei aos índios,Irũmbûera aîme'eng abá supé
eu sou hábil em assim agir,Xe popy'i emonã gûitekóbo
todos de uma espécie ou qualidade,oîepeixûara
quem é? quem está aí?,Abá-pipó?
na casa de quem passaste?,Abá rokype erekûá?
eu estava-me esquecendo mesmo,Xe resaraî é gûitekóbo
o fruto que deus proíbe,ybá Tupã remipysyrõ
eu tenho diarréia,Xe rybykasy
"eis que minh' alma, à qual tu vens, há de estar como teu leito","Kó xe 'anga, nde rusaba, nde rupabamo t'oîkó"
estes que estão em ibiapaba,kó Yby'apapesûara
ferrugem do ferro,itá repoti
"pintaste-te a boca, sorrindo para os homens?","Ereîeîuru-mopiningype, abá supé epukamirĩamo?"
"o que anuncia as coisas, o pregador",mba'e rerosapukaîtara
sua mãe não teve dor de parto,I xy n'i membyrasyî
"cura-se algumas vezes, segundo os desígnios de deus para a gente","Opûerab amõnyme, Tupã asé rerekokuapaba rupi é"
tendo alegria,Toryba rerekóbo
acusando uma mulher para seu marido,Kunhã kuaûká i mena supé
remédio que é a causa da cura de nossa alma,mosanga asé 'anga mombûerasaba
que conheça o caminho do céu,T'oîkuab ybaka piara
remo a canoa,Aygá-pukuî
contando os pecados escondidos de alguém para quem não os conhece,Abá angaîpá-nhemima i kuapare'yma supé mombegûabo
"eis que ele, com a mãe de deus, foi o que criou a jesus, deus","A'e niã, Tupã sy irũnamo, Tupã Jesus mongakuasaramo sekóû"
que te regozijes muito com a virtude,T'ereîekosubeté tekoporanga resé
da mesma forma que o laço está parado e é o pássaro que vai para dentro dele,"Ma'etakó nhusana oín nhote, gûyrá aé osó i pupé"
pelas minhas costas disseste isso,Xe kupébo aîpó eré
"num dia semelhante a este, santa maria foi para visitar uma certa prima sua, santa isabel",Kó 'ara nungara pupé Santa Maria sóû o ykera amõ ybá Santa Isabel supa
imitando a queda das frutas maduras,ybá-'apuba kuîa ra'anga
é verdade isso!,Anhẽ ûĩ!
veio logo detrás de mim,Xe atuaî bé turi
o que está no mar,paranã pora
não sabes que deus expulsou nosso pai primeiro por causa de um só ato seu?,Nd'ereîkuabipe Tupã îandé rubypy oîepé nhõ sekoaba suí i mosemagûera?
uns aos outros,o îoupé-upé
"tem muito cauim, porventura, meu avô jaguaruna?",I kaûĩgûasu-pipó xe ramũîa Îagûaruna?
eu não sou padre,Na abaré ruã ixé
estou em busca de caça,So'o resé aîkó
eu tenho a extremidade pontuda,Xe rapûá-obyr
que afaste nossa maldade,Îandé aíba t'oîpe'a
"depois disso, o cauim transbordante nas igaçabas atrai-os",Ygasápe kaûĩ-tuîa a'e ré îamomotá
longamente estava nosso pai primeiro chorando,Ipuku erimba'e îandé rubypy rekóû îase'o monhanga
"assim tratada, certamente, uma pessoa chega bem",Emonã serekopyra rakó abá obasẽ-porang
por qual estado seu transparecia sua angústia?,Marã sekó resépe i angekoaíba îekuabi?
"quem mais não o transgride, não jejuando?",-Abá abépe nd'oîabyî oîekuakube'yma?
ainda bem que morreu,Iîá omanõmo
estive assentado no tronco de uma árvore,Ybyrá-ypype aín
mandei fazer palma,Apindó-pûaî
"que lancemos fora nossa maldade, não acreditando nos pajés, em danças, rodopios com feitiços","T'oroîtyk oré poxy, paîé rerobîare'yma, moraseîa, mbyryryma karaimonhanga ndi"
hei de ir obedecer a essas palavras,T'asó aîpó nhe'enga mopó
felizes estão todos os homens,Sory pakatu apŷaba
"dos mandamentos de deus eu era transgressor, na verdade",Tupã tekomonhangaba i abŷaramo ra'e
como herodes mandou tratá-lo então?,Marãpe Herodes serekó-ukari a'epe?
"por os levarem os padres, não os amo","Abaré ogûerasoápe, n'asaûsubi"
que faz o comungante para fazer deus ficar consigo?,Marãpe Tupã rasara rekóû o îoesé Tupã mombytábo?
aqui estou para levar seu ventre e também seus pulmões para minha sogra velha,Kó aîkó sygepûera t'arasó i nhy'ãbebuîa abé xe raîxó-gûaîbĩ supé
dia muito bom,Arangaturameté
fiz frustrar aquilo que fulano faria,Aîmorambûerukar ahẽ rekorambûera
retirei o invólucro dele,Aînhubã-rok
os que vêm do lado em que nasce o sol,kûarasy sembaba koty suí ouryba'e
podei-a,Aî'ybab
"ele, após crescer, entregou-se aos homens maus, fazendo-se matar na cruz","A'e o kakuab'iré, i nheme'engi apŷabaíba supé, oîeîuká-uká ybyraîoasaba resé"
faz-te subir consigo hoje,Nde reroîeupi kori
a vida de sua alma,o 'anga rekobesaba
"eu sou o grande tamoio aimbirê, uma sucuriju","Xe tamuîusu Aîmbiré, sukuriîu"
eu estou sujo,Xe ky'a
"meus guardiães opor-se-ão a vós, como de costume",Xe rarõana opoapypyk îandune
"sangue verdadeiro de meu senhor jesus cristo, tu, outrora, como resgate, fizeste derramar-te na cruz","Xe îara Îesu Cristo rugûy-eté, nde erimba'e morepyramo ereîemo'ẽukar cruz pupé"
doador de nossa vida,Îandé rekobé me'engara
ensinamento da palavra de deus,Tupã nhe'enga morombo'esaba
para disfarçar a existência de suas presas ele disse isso,O embiara kuakupa aîpó i 'éû
acreditai um pouco mais nele,I pyrybé perobîá
como o viu se ele não tem corpo?,"Marãpe sepîaki, setee'ymba'eramo sekó e'ymeté?"
"caburé, vem correndo!","Kaburé, îori enhana"
"chamei-o, de fato, mas nem por isso veio",Asenõî nakó naeroîaî turi
lacei a perna dele,Asetymã-maman
deixei-o até o meio dela,I ku'a rupi aseîar
fachos para iluminar o caminho pela escuridão,Sesaý pytumimbyka rupi pé resapébo
"""sob o sono da bem alta noite"", isto é, nas horas mortas da noite, em que todos dormem",pysaîé-katu ké-gûyrybo
tratei bem das aflições de minha família,Arekó-angaturã xe anama poreaûsuba
quando foi para visitá-la?,Erimba'epe i xóû i xupa?
que venha para nos fazer felizes,T'oú oré moorypa
oxalá deus mandasse os cadáveres de toda parte falarem o que terá sido o seu enterro,Omonhe'enguká temõ Tupã te'õmbûera kóbo i tỹmbûerama
ilha grande,Ypa'ũgûasu
que o faça perdoar a nós,T'omoîerekûab orébo
"hei de comê-lo, pois",A'u nhẽne ky
"ah, veio de fato para cá o ostra grande!",Té oureté kybõ Reriûasu mã!
faze estar muito longamente esta aldeia em deus,Eîmoingó-puku-katu kó taba Tupã resé
é medianamente grande,Turusu-nhota'ubĩ
piorei muito de meu grande mal,Aîerekoaibeté xe angaîpá-katu suí
"portanto, nós rezamos aos santos?",Emonãnamope asé îeruréû santos-etá supé?
eu ronco muito,Xe kerambugûasu
"passei, somente",Akûab îõte
imediatamente vais para teu terreiro para cantar,Aûnhenhẽ eresó nde rokápe enhe'engá
o que é dobrado,i poîoybyryba'e
os habitantes do céu afligiram-se,Ybakygûara onhemoputupab
"tornam-nos famosos também, em suas bocas vilipendiando-os","Oîmoerapûan-y bé, o îurupe i momoxŷabo"
não são muitos meus pecados,Na setáî xe angaîpaba
lamenta-te!,Eîeapirõ!
és uma criancinha,Pitangĩnamo ereîkó
"conta todos os teus pecados, sendo forte",Eîmombe'u pakatu nde angaîpagûera nde ratãngaturamo
fiquei-o apodando,Aseró-serok
arranquei as penas de sua asa,Aîpepó-'ok
aqueles outros grandes chefes em ti confiam,Amõaé tubixá-katu nde resé oîerobîá
enxuguei-o,Aîmoaku'i
aqui estamos alegrando-nos para festejar teu dia,Kó oroîkó oronhemborypa nde 'ara momorangápe
o que vai buscar água,ypyasoara
eu tenho palavras de rufião,Xe nhe'engarũaíb
"aquela lei nova, quem será que a trouxe?",Aîpó tekó-pysasu abá serã ogûeru?
"é bonita esta igreja, tendo muitos adornos!","I porang kó tupãoka, îegûakabetá rerupa!"
muito é o meu cansaço,Turusu xe kane'õ
"oh, que pena que meu pai morreu!",Omanõ tekatunheté xe ruba mã!
casa de terra,yby-oka
durmo amiúde,Aker-akerĩ
"sol frio, isto é, sol encoberto, tempo nublado",kûarasy-ro'y
a crença na dança enche os corações deles,Moraseîa rerobîara i py'a îaîporaká
estou-me sentando,Agûapyk gûitena
"adão, nosso primeiro pai","Adão, oré rubypy"
hei de ir,Asóne-ká
ele te chama particularmente,Nde katu nde renõî
eu tenho cálculos renais,Xe typa'am
tomei-o com ambas as mãos,Oîopobaî aîar
nasci com as pernas dobradas,Oîeaparybyri a'ar
pescador,îeporakasara
"enfeitaste-te, tendo desejo sensual?",Erenhemoatyrõpe nde poropotaramo?
jazo de bruços,Oobapybo aîub
como nosso senhor a cura?,Marãpe Îandé îara i mombûerabi?
deixa que eu vá para tentá-los,T'asó sa'anga tenhẽ
arrepende-se muito de seus pecados em seu coração,Omboasy-katu o angaîpaba o py'ape
ainda mais eu,Ixé-tene
"salve rainha, nossa esperança",Salve Rainha oré îerobîasaba
"transgride também o homem aquela palavra de deus invocando para seu próximo, bem em seu coração, o diabo ou a morte ou jurupari?",Oîaby bépe abá aîpó Tupã nhe'enga o py'ape-katu o apixara supé Anhanga koîpó te'õ koîpó Îurupari rekyîa?
que trouxeste dentro de tua caixa?,Mba'epe ererur nde karamemûã pupé?
"eis que minha condição, na verdade, é assim",Xe rekó anhẽ nhẽ nakó emonã
a sela do cavalo,kabaru repanakũ
velha muito maldosa,gûaîbĩ-marã serã-serã
destruindo a descendência daquele primeiro homem branco,A'e karaibypy îeapykaba mondyka
"vem, coisa fedorenta, coisa nojenta, tamarutaca!","Eîori, mba'enem, mba'e-poxy, tamarutaka!"
se for assim,emonãneme
santificado seja teu nome,I moetepyramo nde rera t'oîkó
"deus-pai tem mãos, tem mão direita, tem mão esquerda?","I pópe Tupã-Tuba, i 'ekatuápe, i asupe?"
os homens batem nele à tua vista,Sesé abá pûari nde resápe nhẽ
bago de tacape,ygapẽ-nambi
cabaça-pescocinho,yá-nhurĩ
"alcovitice, prostituição - não quero que ninguém as deixe","Manhana, sygûaraîy - n'aîpotari abá seîara"
remédio portador de cura,mosanga mûeîrab-yîara
o que cristo deixa como chefes dos cristãos batizados,Cristãos i mongaraibypyra tekokuaparamo Cristo remieîara
moro com pedro,Aîkó Pero irũnamo
"pelouros grandes que se faziam da mandioca curtida, com que depois davam cor à farinha de guerra",u'i-apu'a
arrombei-o,Aîmonarang
como será que um habitante do inferno viveria neste mundo se deus o fizesse viver fora dali um mês?,Marãete'ĩ ra'umope amõ Anhanga ratá pora rekóû ikó 'ara pupé oîepé îasy Tupã ebanoĩ suí o moingobérememo?
ó pero!,Pero gûe'y!
parece que é ele,A'e îasûar
nela morrendo crucificado,Sesé i moîarypyramo omanõmo
mais para cá,kybõ-ngoty bé
"depois disso, hoje vamos quebrar as cabeças dos reis",A'e ré kori îasó tubixaba akanga kábo
cabelo desgrenhado,a-bebó
cunha de fender lenha,îepe'a-kasaba
os cristãos como uma unidade,I mongaraibypyretá oîepegûasu îasûá
"que diz a gente, querendo abrandar a deus?",Marã e'ipe asé Tupã mombu-potá?
eu tenho roça própria,Xe kó-é
"eu sou muito bochechudo, eu tenho bochechas grandes",Xe retobapegûasu
"depois disso, os malvados estão alta noite atacando pelas costas os maridos das mulheres","A'e ré, moxy rekóû pysaîé kunhã mena kupea'pa"
hei de me esconder bem,Aîemĩngatupe ká
filha de deus,Tupã raîyra
o peixe é-me enjoativo,I ting pirá ixébo
pertinho certamente ele está,Mbypeteĩ ipó ahẽ rekóû
dissestes tolices?,Mba'epûera peîépe?
"meu ex-marido há de ser certamente, o finado piracaém","Xe mendûera ipó re'ĩ, Piraka'ẽ amyrĩ!"
oxalá ela estivesse sem roupa!,Ikatupe nhẽ temõ mã!
reformo-o nos costumes,Asekonongatu
vinde para vos voltar para deus,Peîori pebaka Tupã koty
aticei-o,Asapynhang
saiu para o pátio chorando muito dolorosamente,Osem okarype oîase'o-asykatûabo
"eia tu, avante!",Nde katunhẽ
"por isso mesmo a gente, então, o louva assim que o vê",Nd'e'i te'e asé a'ereme i moetébo sepîaka bé
entraram aqueles mesmos discípulos seus na casa de anás?,Oîképe a'e i boîá aé Anás rokype?
eu sou risonho,Xe nhearõ
o que se deseja matar,i îuká-potarypyra
"creio que ele retirou também as almas dos nossos primeiros e santos pais , que aí esperavam sua vinda",Arobîar asé rubypy-karaibetá 'angûera a'epe turama osarõba'e renosemagûera bé
não morarás com tua gente?,Nd'ereîkóî xópe nde anama irũmo?
"algum tanto, um pouquinho",angaîbĩ'ĩ nhote
morrendo ele,omanõmo
resgatando totalmente seus antigos pecados,O angaîpagûera repyme'enga-mbapa
não parece bem fazer ele a defesa da morte fora de jesus cristo,N'i aîarõî Îesu Cristo taté é te'õ suí i îepirapûana
isto de novo!,Ang é!
não é que o maldito veio voando?,Ké muru ruri obébo?
diante de ti sentando-me eu,Nde robaké ûigûapyka
a bela proclamação de sua mãe afligiu-me muito,I xy mombe'u-poranga xe moingotebẽngatu
eu tenho peçonha,Xe tegûam
assim que eu vou,Xe só abé
seu ferrete,i kuapamoindaba
maldizendo a lei de deus,Tupã rekó momburûabo
viemos de longe,Îaîu kûepe suí
ele é medianamente grande,Turusu nhote
eu estou com dúvida,Xe akasang
não tenho pena das coisas,N'asaûsubari mba'e
"sim, esses me satisfazem","Îé, aîpó xe moytarõ"
vem para me encontrar,Eîori xe repenhana!
"por não recear proclamar a fé em deus, os pecadores mataram são mateus","Tupã rerobîara mombe'u posykyîee'yma resé, angaîpaba São Mateus îukáû"
tendo-os no pescoço,O aîuri serekóbo
vem para me alimentar bem,Eîori xe poîkatûabo
"abraçando a cintura de teu companheiro, estimulando teu desejo sensual","nde rapixara ku'a îubana, nde poropotá-pokyramamo"
"todos eles voltaram para trás, caindo no chão de costas","Opá i îeakypûereroîebyri, o atukupé pyterybo o'á ybype"
por acaso todos os que estavam ali ficaram a injuriá-lo?,Opabenhẽ serã erimba'e a'epe tekoara iî a'o-îa'oû?
fazendo os homens ficarem espiando,abá momanhã-manhana
"após acabar o mundo, fá-los-á voltar a viver","Ara pab'iré, i moingobeîebyri-ne"
o vão entre minhas pernas,Xe rakamby
oxalá fosse verdade!,"Anhẽ temõ turi mã - Oxalá ele viesse, de fato Anheté temõ!"
"existe meu auxiliar verdadeiro, o grande chefe aimbirê, o pervertedor dos índios","Oîkobé xe pytybõanameté, tubixá-katu Aîmbiré, apŷaba moangaîpapara"
prova que o levas!,Esa'angyne serasóbo
"seus amigos, os franceses, pólvora trouxeram em vão","Saûsupara, aîuruîuba, mokaba ogûeru tenhẽ"
eu costumo mexericar,Xe mba'epûer-y îá
"tendo inveja por seu próximo ter coisas boas, entristecendo-se por isso","O apixara mba'e-katu rerekó moasŷabo, sesé onhemoangekoaípa"
tu te alegraste por alguém estragá-las?,Nde rorype abá serekomemûãagûera resé?
"quando o sol estava no alto de nossas cabeças, eu vim","Asé 'apyterype 'ara ruî - No alto de nossas cabeças o sol está Îandé 'apytera 'arybo 'ara rume, xe ruri"
suo,Xe ryaî
homem luxurioso,abá-poropotara
"esse é meu antigo enforcador, uma taturana","Akó xe îubykarûera, tataûrana!"
antes sua ida para junto dele no céu que sua ida para o inferno,Ybakype i pyri o só îanondé Anhanga ratápe o só suí
aquele que entrava na igreja,Akó oîké rakó Tupãokype
desfolhei-a,Aîpo'o
amarelidão,moroîuba
"não dormi, absolutamente, para procurá-los",N'aker-angáî sekasápe
é algum tanto grande,Turusu-pyryb
os muitos judeus junto à cruz,îudeus-etá cruz robábo
"entrando em tua casa, visitando-te imediatamente","Nde rokype oîkébo, nde supa aûnhenhẽ"
"meu ex-marido há de ser, certamente",Xe mendûera ipó re'ĩ
uns com os outros também o mataram,O îoirũmo bé i îukáû
grão de farinha,U'i-esakytã
"hei de comer hoje seus braços, jaguaruçu, suas coxas","T'a'u kori i îybapûera, Îagûarusu, i ugûera"
vou por ir,Asó nhẽ
vejo-o,A'é sepîaka
por ter ele esperança nela e em deus,Sesé Tupã resé bé o îerobîasápe
"assim que acaba a vida que deus nos dá, a morte nos derrota","Tekobé îandébe Tupã remime'enga syka bé, te'õ îandé moaûîéû"
o que tocou na irmã mais moça ou na irmã mais velha de sua noiva verdadeira não pode casar-se nem mesmo com sua noiva,O me'engabeté pyky'yra koîpó tykera resé obykyba'e n'e'ikatuî omendá o me'engabeté resé tiruã
alguns ficavam batendo no peito,Amõ amõ o poti'a resé opûá-pûá
caminho da carioca,Kariîopiara
emendou também aquelas suas palavras?,Oîmoîoapyr-y bépe aîpó o nhe'enga?
foram de novo alguns soldados para quebrar as pernas daqueles dois ladrões,Osó bé amõ maranaritekoara a'e mokõî mondabora retymã mopena
este pajé ruim tem um espírito protetor,Supixûar ikó paîé-angaíba
"de acolá, dali",ûĩ suí
"os moços, os homens, as moças, a todos bem os tenho em minhas mãos como meus súditos","Kunumĩgûasu, apŷaba, kunhãmuku, xe boîáramo pabẽ xe pópe arekó-katu"
aparei-lhe o topete,Asetobapy-etab
voa para longe de nós,Obebé îandé suí
enfim chegou,Té osyka
tanto um como o outro importunavam santa maria ao longo dos dias,Oîoîabenhẽ 'ara rupi Santa Maria moaîuû
três ou quatro anos após os enterrarem,mosapyr koîpó oîoirundyk seîxu ybŷá o tym'iré
"eu sou pequeno! engolir-me-á hoje, como de costume","Xe mirĩ! Xe mokõ kori, îandune"
trouxe-as para a rainha,Arurĩ reîa supé
na sua preocupação com torpezas,poxy resé o nheangerekosápe
mas não é nossa pátria esta terra em que moramos?,N'asé retama ruã-tepe ikó yby asé rekoaba?
trouxeste tua caixa?,Ererupe nde karamemûã?
bem desde o começo dela ouviste-a ou somente a partir do meio dela?,Iî ypy suí-katupe eresendu koîpó i ku'a suí nhote?
"ah, meu pai!",Xe rubĩ mã!
"sim, esses me satisfazem","Îé, aîpó xe moytarõ"
esmigalhei-o,Aîkurubixok
eu tenho bafio,Xe rygynõ
fazendo as pessoas terem ódio umas das outras por causa de alguém,Abá resé nhoamotare'yma rerekouká abá supé
nós estamos enfileirados,Oré rysy
como diz o último dos mandamentos da santa madre igreja?,Marã e'ipe Santa Madre Igreja asé rekomonhangaba mondykaba?
conforta-me tu,Xe moapysyk îepé
que possa conhecer-te meu pai tupinambá!,T'e'ikatu nde kuapa xe ruba Tupinambá!
velha maldosa,gûaîbĩ-marã
descarrega-a a ele,Eroîyb ahẽ supé
que tu também venhas com jesus,Nde abé Îesu irũmo t'ereîu
que se impeça esse meu futuro sofrimento,T'i rambûer iã xe remimborararama
para o vosso encontro da virtude verdadeira,Tekokatueté pé pe gûasemagûama resé
hoje mesmo hei de fazer-te ir,Kori é t'oromondóne
todo seu sangue deu,Opá og ugûy me'engi
"o que faz regozijar-se, o que agrada, o que consola, o ajudador",moîekosupara
o que foge com uma mulher não pode casar-se com ela,Kunhã reroîabapara nd'e'ikatuî sesé omendá
são famosos esses moçacaras,Serapûã kó mosakara
eu tenho hérnia,Xe rapi'agûasu
deixei-o pela metade,Aîmoagûé
"assim, verdadeiramente, não cumpriste o que disseste?",Emonã-tekatuetépe nde 'eagûera nd'ereîmopori?
pelo menos eu,Ixé te'ĩé
compadece-te de minha alma,Eporeaûsubok xe 'anga
"o que informa, o que avisa",momorandupara
"dentro dela gerando-se, deus fez-se pequeno","I pupé onhemonhanga, onhemomirĩ Tupã"
ensaquei a farinha,Au'ipuku-nhang
vou para mandar fazer farinha,Asó u'i pûaîa
"que fizeram, querendo aproximá-los?",Marãpe ybŷá serekóû i mondyka potá?
eu não me altero,Na xe amarani
choremos sempre,T'oroîase'o memẽ
pode também tomá-lo algumas vezes em outros dias?,E'ikatu bépe amõ 'ara pupé amõme asé tara?
"estando a destilar coisa quente, coisa muito amarga","Mba'e-akuba, mba'e-robeté tukutuku okûapa"
"lanço da ocara, a parte da ocara contida entre, por exemplo, duas ocas",okarapupa'ũ
"a vanguarda da guerra, o que vai à frente dos outros na guerra",marana tĩapyra
em vão crêem em ti,E'i tenhẽ nde rerobîá
aceitaste as palavras deles?,Ereîmorype i nhe'enga?
"vem para destruir o maldito, em seu fogo lançando-o","Eîori, muru mombapa, satápe seîtyka nhẽ"
"se o que deus fez neste mundo é muito belo, quanto mais lá, o céu primeiro","Ikó 'ara pupé abiã Tupã remimonhangûera i porãngatu, memetipó ebapó ybakypy"
este sonho é o modo de se reconhecer que ela é o que eu quero,Kó mosaûsuba xe remimotaramo sekó kuapaba
"logo depois de dizer aquilo para ele, lançou o pagamento por seu senhor no templo, indo finalmente enforcar-se","Aîpó oîoupé 'é abé, o îara repypûera reîtyki Tupãokype aûîé osóbo oîeaîubyka"
"batizou-me, verdadeiramente, o padre",Xe reroketé pa'i
"levaram-no para um certo palácio, fazendo-o entrar consigo",Ogûerasó amõ okusupe seroîkŷabo
tenho relações sexuais com ela,Aîkó sesé
nós estamos bem arrasados,Oré tygûé-katu
serão bons doravante os que eu guardo de costume,I angaturam ko'yré xe remiarõ îandune
vou para junto de meu pai,Asó xe ruba pyri
deveria ir,Asó temonemo
morro subitamente,Amanõ-memûã
eu tenho penduricalhos,Xe renembaî
eu sou calvo,Xe 'apytereb
conheceu sua autêntica bondade,Oîkuab i marangatueté
fui sem resultado,Asó biã
ilumina hoje os olhos de minha alma,Esesapé kori xe 'anga resá
"herodes teria entregado este à morte, conhecendo suas maldades",Herodes meémo ikó oîme'eng te'õ supé i angaîpaba kuapa
eis que estou à vista de deus,Tupã resápe ã xe rekóû
estou-me agachando,Anhemombeb gûitena
como seus atos passados serão a causa de vós o derrubardes?,Marãpe sekoagûera peẽ i mbo'aragûama?
"o sol certamente brilha, após passar a grande noite","Kûarasy nipó oberá, putunusu kûab'iré"
abundava o amor de deus em teu coração outrora,Tynysẽ Tupã raûsuba nde nhy'ãme erimba'e
eu espirro,Xe atîam
que alegremos a maria,Maria t'îambory
eis aqui minha grande muçurana,Kó xe musuranusu
"brigarão, cuspir-se-ão?","Omarãmonhangype, oîoendyne?"
botão da roupa,aoba potãîa
que bom seria se deus mandasse fazer os cadáveres falarem!,Omonhe'enguká temõ Tupã te'õmbûera!
"sob tuas mãos estamos, em ti apoiando-nos","Nde pó gûyrype oroîkó, nde resé oroîekoka"
"""o chupa-fogo""",tatá-pytera
"caem, às vezes, os frutos das suas árvores, sendo ainda flores",Okuî rakó amũme 'ybarambûera o 'yba suí ybotyramo oîkóbo bé
este outro,kó amoaé
"eu, o diabão assado, o que tem nome guaixará, o que é afamado por aí","Xe, anhangusu-mixyra, Gûaîxará seryba'e, kûepe i moerapûanymbyra"
eu estou amargo,Xe rob
deleitaste-te no teu sonho com ela?,Ereîmborype sesé nde posaûsubagûera?
sei mais que tu,Aîkuab-eté nde suí
"daqui, certamente, passou para a índia, terra dos indianos",Ké suí serã i asabi India tapyîtinga retãme
"eis que ontem trucidei gente, matando europeus","Kûeîsé kó aporapiti, aîuruîuba îukábo"
"alguns somente, outrora, morreram meninos",Mbobyrîõ ipó erimba'e kunumĩ kanhemi
lembrança das coisas,mba'e resé ma'enduasaba
afrouxei-o,Aîmokanãî
"embora não agisse ela velhacamente, bateste com o pau na tua esposa","Marani n'oîkóî îepé, ereropûar ybyrá nde remirekó resé!"
cada um daqueles quatro destinos últimos de nossa vida hei de anunciar detidamente,Aîpó îandé rekó oîoirundyk mondykaba îabi'õ t'amombe'u apysagûé
"os habitantes do céu, mais ainda, estão bem felizes",Ybaka porá-tene sory-porang
"então, nesse tempo",a'e remengatutenhẽ
fui para alcançar pedro no rio,Asó Pero rupytyka 'ype
turvei sua água,Aîmo'ypiting
outras aldeias frequentando,amõ taba rapekóbo
ao transcorrerem quatro gerações,Oîoirundyk îeapyká sykápe
"que aqui está deitado, aquietando-se?",Mba'epe ké tuî opyka?
acreditas no pajé ao fingir assassinar as pessoas?,Ererobîarype paîé porapiti mo'anga'uba?
misérias da vida,tekó poreaûsuba
"os bem-aventurados e os santos no céu, que vêem a deus, ultrapassam o número dos dias que o ano tem","Marangatuba'e, santos ybakype, Tupã repîakaretá, osasá 'ara ro'y remierekó papasaba"
tu te entregaste ao imaginar em teu sono que um homem fazia sexo contigo?,Erenhemoaûîépe nde kerype nde resé abá rekó mo'angeme?
bafejo,Atimbor
eu hoje o lombo deles,Xe kori i pyîaso'o
"no meio, no centro, pelo meio, pela metade",oîopyterybo
matam,Îaîuká
apenas não me matou o terror ao nome da mãe de deus,Sãî xe îukae'ymi Tupã sy rera abaîté
isso dizes com razão,Aîpó eré supikatu
eu também sou um porco,- Xe abé taîasugûaîa
"hás de ir, pois, para teu fogo, para que estejas para sempre prostrado no lugar em que se faz sofrer","T'eresó rõ nde ratápe, aûîerama t'ereîub moreaûsuba monhangápe"
sentir o toque nas coisas,Mba'e resé mokoka anduba
trouxe todo o peixe,Aru-pab pirá
saciei minha vontade de comê-lo,Aî'useî-mogûab
que é o que será mantido para sempre neste mundo?,Mba'epe aûîeramanhẽ serekopyrama ikó 'ara pupé?
é medianamente grande,Turusu-nhota'ub
dois filhotes de pomba sua mãe levou como oferenda,Mokõî pykasu ra'yra i xy ogûerasó îetanongabamo
"ficar pondo comida, aos poucos, na boca de",îuru-py-pyk
eu sou muito manhoso em palavras,Xe nhe'ẽpokarugûá-katu
ensinando tu a ti mesmo,Eîembo'ebo
homem liberal,abá-ekoate'yme'yma
"tu te permitiste cobri-la, sendo tua parenta?",Ereîeîopyk-ukarype nde maranungaramo?
diferenciando-a das outras mulheres,Amõ kunhã suí i moingoébo
"foram de novo alguns soldados para quebrar as pernas daqueles dois ladrões, fazendo-os descer consigo",Osó bé amõ maranaritekoara a'e mokõî mondá retymã mopena seroîypa
que pareçam juntar-se como um só,T'oîese'ar-y berame'ĩ oîepekaturamo
por acaso não chegava seu segundo braço ao lugar de irem os pregos?,Ogûatá îepé serã i îybá mokõîa itapygûá soarama resé?
invocando o anhanga ou a morte ou o jurupari,Anhanga koîpó te'õ koîpó Îurupari rekyîa
"a seu próprio pedido, na cruz o pregaram","Cruz resé i moîari, i îeruresabo é"
as moças habitantes das aldeias escondo-as em meu coração,Kunhãmuku taba pora xe py'a pupé anhomim
o que é daqui é este,Ikendûara n'ikó
sou diferente,Aîkoé
"moço que aprende, moço aprendiz",kunumĩ-nhembo'e
quero ir para tua terra,Asó-potá nde retãme
"passagem de água, rego para água",y kûapaba
por isso mesmo fez nosso pai primeiro como nosso progenitor,Nd'e'i te'e îandé rubypyrama monhanga îandé nhemonhangabamo
inclina-se a gente sempre quando diz jesus?,Oîerokype asé Jesus 'ereme?
vem-me à memória minha vida passada em minha terra,I 'ã i 'ang xe retãme xe rekoagûera ixébo
que ele não esteja pelas ocas a agitar nossas almas,T'oîkó umẽ oka rupi oré 'anga monguébo
"quando o sol estava no alto de nossas cabeças, eu vim","Îandé 'apytera 'arybo 'ara rume, xe ruri"
em pedro eu te supunha ver,Pedro resé ixé nde mondari
falo irritadamente,Anhe'ẽ-îeaseî
o que perverte uma casada,mendara momoxysara
a água benta é o que faz abrandar também o que os doentes sofrem,Mba'easybora remimborará moarybé-ukasara bé 'ykaraíba
"deus ama-te muito, enchendo-te de graça","Tupã nde raûsubeté, graça ri nde moynysema"
vou como alcoviteiro,Asó manhanamo
o que é cego,sesabyba'e
arranca-te o nome por causa dos malditos,Eîerok moxy resé
"mas, de verdade",anhẽp'anhẽ
ajuntamento de canas-de-flecha,u'ubá-tyba
eu estou opilado,Xe apong
ajudando-os sempre,I pytybõmo îepi
matemos juntos o que diz isso,Îaîuká memẽ aîpó 'îara
não havia nada antes de deus fazer o mundo?,Nd'oîkóîpe mba'e amõ Tupã 'ara monhang'e'ymebé?
espremi o sumo dela,Anhamĩ - Espremi-o Aty-amĩ
"quais são, por acaso, as ocasiões de se ter medo da morte?",Mba'e-mba'e-piã te'õ suí nheangûaba?
perseguidora do diabo,Anhanga momosembara
este dia deu para nós,Kó 'ara oîme'eng îandébe
o terceiro deles,i mosapysaba
"conversemos baixo, para que não o percebam os índios","Mbegûé îaîomongetá, t'onhandu umẽ abá"
já afastei dessa maneira minhas maldades,Aîpe'a umûã emonã xe angaîpaba
tiro-lhe a pele,Aîpirok
não desobedecem nem um pouco os que moram no céu à vontade de deus?,N'oîmomarã-mirĩ-angáîpe ybakygûara Tupã remimotara?
"com eles não se misturando, não querendo, igualmente, seu modo de ser","Sesé onhemonane'yma, oîabé sekó potare'yma"
"por ali, por aí",ebokûea rupi
que tu dês para nós teu belo filho,Nde t'ereîme'eng orébo nde membyporanga
fica com teus suditozinhos junto de nós,Eropytá nde boîá'ĩ orébo
"ainda bem que os três, novamente, queimareis em conjunto",Iîá mosapyr-y bé pekaî oîepegûasune
"rechonchudão, baixo e largo de corpo",apebusu
"e os cristãos transgressores da palavra de deus, que lhes sucede?","A'epe cristãos Tupã nhe'enga abŷara, marã?"
"fiz cilada contra o inimigo, matando-o",Aîkupe'ab tobaîara i îukábo
abrasou tua alma o fogo dele,Nde 'anga osapy satá
"reritiba, minha terra, aldeia muito boa","Rerityba, xe retama, tabangaturãngatu"
ali também estando os que guardaram sua alma em sua virtude,A'epe bé ogûekokatu pupé o 'anga nongatusarûera oína
"imediatamente, de seu próximo eles vingam-se",Aûnhenhẽ o apixarĩ resé îepyki
fazendo-se humilde como um pobre,Onhemoarûabo mba'eîare'yma îabé
eu não sei,Na xe tekokuabi
estou de acordo com ele,Supi nhẽ aîkó
"lugar de retalhar a carne, açougue",so'o mbo'isaba
detestas completamente suas obras?,Ereroŷrõ-mbápe sekó?
seu sangue era muito,Sugûy turusu
"na verdade, ver-me-eis estar sentado futuramente do lado direito de deus pai",Anheté pesepîak irã Tupã Tuba 'ekatuaba koty xe gûapyka xe renane
pintei-o,Aîkûatiar
"estando virgem, mesmo dando-o à luz, antes de dá-lo à luz e, igualmente, após dá-lo à luz","I mbo'a tiruã, i mbo'ar' e'ymebé, a'erame'ĩ i mbo'ar'iré, omarane'ymamo"
fi-lo trabalhar,Aîmoingó-marã
ficaste suspeitando sem motivo de tua esposa por causa de alguém?,Ereîmondá-mondá tenhẽpe nde remirekó abá resé?
"eu sou guaixará, bebedor de cauim",Gûaîxará kagûara ixé
tudo faz a aldeia pecar!,Opá taba moangaîpabi!
"muito feliz está o homem, certamente, após alcançar alguma verdade",Sorybeté rakó abá mba'eeté amõ resé o îekosub'iré
fiz minas,Aîekûarybykoî
trago muitos,Arurusu
vindo com os três reis pela estrela,Mosapy reîá reru îasytatá rupi é
que vades regozijar-vos com o que é desejado,Ta pesó peîekosupa i potarypyra ri
mordo-a,Anhagûãî
permitindo sua mancebia,I agûasá repîakĩamo
"tens compaixão de tua mãe e de teu pai quando eles estão deitados, doentes, sendo responsável por eles?","Eresaûsubápe nde sy nde ruba i mba'easy tume, sesé nde morerekoaramo?"
eu estou feliz por tua ida,Xe roryb nde só resé
"a poeira dos pés arranca de minha casa, tua pousada sempre","Eîpytybyrok xe roka, nde pytasaba îepi"
"retalhador de carne, açougueiro",so'ombo'isara
estou só,Oîepebẽ aîkó
"desejando ardentemente ver o nenenzinho, vim de minha casa","Pitangĩ repîaka'upa, aîur xe roka suí"
os homens pecadores mataram são mateus,Abá angaîpabora São Mateus îukáû
"após arrependerem-se de seus atos, os índios vão confessar-se","O ekó moasy riré, abá sóû îemombegûabo"
fachos de luz para iluminar o caminho pela escuridão,Ysysaý putumimbyka rupi pé resapébo
"o cauim transbordante nas igaçabas, depois disso, atrai-os","Ygasápe kaûĩ-tuîa, a'e ré, îamomotá"
"mudarei de nome hoje, por causa deles",Aîerok kori seséne
por isso mesmo todos os homens emagrecerão,Nd'e'i te'e opá abá angaîbaramo-ne
ainda é muito cedo para isso,Nd'e'i-angáî
danei-me,Anhemoaíb
"da morte tentando inutilmente livrar-se, amedrontando-se, enfim","Te'õ suí o nhepysyrõ ra'angyîepébo, opiringamo ko'yté"
deus parece obter o descanso,Mutu'u resé Tupã îekosu-berame'ĩ
"casarão, casa grande",okusu
nós nos misturamos,Oroîese'ar
"aproximando-me da morte, meus antigos e grandes pecados farei sair","Te'õ rerobyka é, xe angaîpá-tubixagûera amosẽne"
madeira ou armação para futura casa,ó-kangûama
que afastemos o diabo agora e para sempre,Anhanga t'îaîpe'a ko'yr aûîeramanhẽ
sua mãe afável também arranca a ferocidade dele,I xy-îerekûaba abé oîo'ok i abaeté
meu braço perdeu a sensibilidade,Omanõ xe îybá
confiemos nesses homens,T'i îerobîar apó abá ri
caço,Aka'amondó
"argumentei contra suas palavras, em vão",Aînhe'engapypyk îepé
eu tenho garganta seca,Xe ase'o-tining
a morte somente é a causa de afastá-los,Te'õ anhõ i mombo'isaba
a que deseja a virtude,Tekokatu potasara
transgride também alguém a palavra de deus não mandando comungar a seu filho que é comungante antigo?,Oîaby bépe abá Tupã nhe'enga o a'yra tupãrasarymana supé tupãrarukare'yma?
morro de morte natural,Te'õ suí amanõ
"guardai-vos de ser maus, doravante",Peteumẽ pe poxyramo angiré
"quando fustigava o sol a terra, eu vim","Ara yby sokeme, xe ruri"
"lembra-te já de teus destinos últimos, do fim de tuas coisas","Nde ma'enduar nde rekosykagûama, nde rekó pabagûama resé rá"
os homens esvaziam as cuias,Oîmboapy abá kuîaba
que venha neste dia para aquecer nossa alma,T'our kó 'ara pupé oré 'anga moakupa
ajuntamento de araçás,arasá-tyba
permaneço seu guardião,Aîkobé n'ixé sarõana
o que é moído,i mongu'ipyra
talvez queira agarrar-me novamente este pássaro grande,Xe pysy-potar-y bé serã kó gûyragûasu
ela é muito larga,I popebusu
igualmente se preocuparão em fazer seus filhos estarem na virtude?,Oîoîabenhẽpe tekokatu resé o a'yra moingoagûama ri i nhemosaînanyne?
"é muito diferente, de fato, a morada dos homens da minha residência",Oîaby rakó abá rekó xe retama
"eu hei de mentir, dizendo isso",Xe remo'em ká é aîpó ûi'îabo
é certo isso!,Aûîé a'e!
dirigi-a,Asebikok
dar atenção aos fatos futuros,Tekorama ri îeapysaká
"os que, de nós, são maus são os que não fazem nesta terra a vontade de deus",Asé i angaîpaba'e ipó ikó ybype Tupã remimotara n'oîmonhangi
ele morre,Se'õ
por que a gente a põe em seu próprio peito?,Marãnamope asé o poti'ape i moíni?
que não prejudiquemos os que portam bens para nós,T'i momuru umẽ ma'e îara îandébe
homem briguento,abá-marãmotara
"companheiro de aprendizagem, condiscípulo",nhembo'e-irũ
que vá sempre minha alma ajuntando virtudes,T'osó xe 'anga îepi tekokatu mono'onga
"eu, em vez disso, quero presas nas pessoas de alguns bêbados","Xe-te, xe rembiá-potá sabeypora amõ resé"
eu sou pequeno!,Xe mirĩ!
o que tolera as pessoas em coisas más,Mba'e-poxy resé oporomboryba'e
contaste a maldade de alguém?,Ereîmombe'upe abá rekopoxŷagûera?
tu me atormentas,Xe usũî îepé
quiseste muito ouvir difamações que alguém profere?,Eresendu-potá-katupe terapûanaíba abá remimombe'u?
prendeu-me este macaxera!,Xe pysyk kó makaxera!
"tu, talvez para retribuir, atiras nele sempre as carícias desonestas",Nde serã i poepyka îomomorangaíba ereîapi ko'arapukuî
maravilhou-te a vista de homens belos?,Nde angerasópe abá-porangepîaka?
ensino-o,Aîmotekokuab
"o que alguém acolhe no seu paganismo, no paganismo dele está igualmente?",Og ere'yma pupé abá remipysyrõ oîabé sere'ỹme?
no terceiro dia,Ara nhemomosapyra pupé
são pedro puxou a espada,S Pedro itangapema osekyî
fiquei a penitenciar-me longamente,Kype anhenupã-nupã
amarra tua rede de dormir ao lado de mim,Eîotĩ nde kesaba xe porupi
"assim, por causa de seu procedimento, os aracajás os frequentam",Emonã sekó suí arakaîá sapekóû
ensina bem minha alma para que conheça o caminho do céu,Eîmbo'ekatu xe 'anga t'oîkuab ybaka piara
eu sou o grande tupinambá,Xe tupinambagûasu
"tomaste veneno, querendo abortar teu filho?",Eremosangu'upe nde membyra akyrara potá?
o oposto da ira é a paciência,Nhemoŷrõ robaîara tosanga
deixei de amá-lo,Asaûsupo'ir
"no meio do caminho, meninos assaltaram-me","Pé ku'ape, kunumĩ pu'ama'ubi xe ri"
homem verdadeiro como nós,apŷab-eté îandé îabé
asperge também a gente as sepulturas com água benta?,Osepyî bépe asé tyby 'y-karaíba pupé?
temo ficar preso nesta armadilha,Aîpoûsub ikó mundépe xe rena
qual é a comida de nosso corpo?,Mba'epe asé reté remi'u?
"apanhai-o bem hoje, dele tomando conta",Peîpysy-katu kori sesé pemaînãngatûabo
peido,Apynõ
"não crêem no padre, bebendo cauim ao longo da noite","Abaré nd'ogûerobîari, putuna rupi okagûabo"
veio antes que eu me preparasse,Xe nhemosako'i e'ymebé turi
meteste a mão nas partes erógenas de teu próximo?,Erepo'ẽpe nde rapixara rapupé resé?
dormita no lugar onde o puseram deitado,Okerĩ o moupápe
pedro é maior que tu,Peró turusu-eté nde suí
"aproximando-me da morte, meus pecados antigos e grandes farei sair","Te'õ rerobyka é, xe angaîpá-tubixagûera amosẽne"
"eu, o diabão assado",Xe anhangusu-mixyra
"hei de levar todos para meu fogo, com seus amigos",T'arasó pá xe ratápe sembiaûsuba resebé
"por isso mesmo agora, sendo dia santo, eles estão felizes","Nd'e'i te'e ko'yr, onhemo'aretébo, og orybamo"
senhora da vida,Tekobé îara
a vista dele,sepîaka
amamentando seu neném,i pitangĩ mokambûabo
meu destino é a terra de deus,Xe soaba Tupã retama
aquela cidade chamada jerusalém,akûé tabusu Îerusalém 'îaba
só desejando mulher,Kunhã potá nhote
tenho-o no meu pescoço,Xe îuri arekó
eu tenho o rosto curubento,Xe robá-kurub
"como pagamento de suas antigas comilanças, de suas antigas bebedeiras","O karûagûera, o sabeypó-ypoagûera repyramo"
não me dá possibilidade,Na xe mo'ekatuî
não assassines gente,Eporapiti umẽ
ela é boníssima porque lhe abunda a virtude,"I angaturãngatueté, tekokatu o esemõneme"
"jesus, senhor da virtude","Îesu, tekokatu îara"
não desisto,Na xe apori
"minha mãe, vem!","A'i, eîori!"
renderam-se os oponentes,I aûîé mu'amarûera
não querem que vos toquem,Pe atõîa n'oîpotari
"eu mesmo sou quem o queimou, no tempo em que ele vivia","Ixé aé sapysarûera, sekobeaba resé"
"vinde para comer a criança, engolindo completamente o menino","Peîori pitanga gûabo, kunumĩ mokona mbá"
todos os homens foram,Opá abá sóû
que eu me lave a boca,T'aîeîuru-eî
"verdadeiramente, eis aqui teu caminho não quero que tu te percas","Anheté, kó nde rapé Nd'aîpotari nde ropara"
a morte é o que separa os verdadeiros cônjuges,Te'õ a'e mendasabeté mombo'isaramo
todos os habitantes do paraíba,opá Paraibygûara
"oh, será que isto é o diabo?!","Îu, anhangap'ikó ri?!"
eu sou falador,Xe nhe'engixûer
honrando-te mais que a todas as mulheres,Opabĩ kunhã sosé nde momba'etébo é
sou inimigo das pessoas,Morobaîaramo aîkó
eu tenho nome,Xe rer
vasilha de sal,îukyruru
maior algum tanto,turusu bé'ĩ
breei-o,Aîkytyk
afirmamos que isso é o que deve ser enaltecido,Îamombe'u aîpó i momorangymbyra
"tenhamos as coisas boas, apartando-as do que é torpe",- Îarekó é rakó mba'e-katu i poxyba'e suí i mouruébo
pelo caminho,pé rupi
"quanto mais um caminhante por um caminho que não conhece se aflige, mais deseja logo ver o dia","Memeté rakó pé o emingûabe'yma rupi oguataba'e o angekotebẽnamo, korikorinhẽa'ub 'ara repîaki"
"ah, sim! ah, já entendi!",tó eẽ
"algumas poucas vezes, algumas vezes, somente",amõme é
sal bento pôs na tua boca para que seja muito saborosa a palavra de deus a ela,Îuky-karaíba oîmondeb nde îurupe ta se'ẽngatu Tupã nhe'enga i xupé
"eia, vamos logo","Ene'ĩ, t'îasó taûîé"
"não faz efeito, às vezes, nosso remédio, fazendo avivar mais a doença, às vezes por sua ineficácia em afastá-la","Sarûab amõme asé posangygûaba, mara'ara moîerobu-bé-uká, amõme i pe'arunga o arûabíreme"
conhecendo a morte ainda em sua primeira infância,O pitangĩ pupé bé te'õ kuapa
mas são eles os que mandam fazer cauim,A'e-te kaûĩ pûaîtara
tornando afável vosso senhor para vós mesmos,Pe îoesé pe îara moaky
"ele, após crescer, entregou-se aos homens maus, fazendo-se matar na cruz, estirado","A'e o kakuab'iré, i nheme'engi apŷabaíba supé, oîeîuká-uká ybyraîoasaba resé i moatãmbyramo"
"naquela época, após criar-se o mundo",Akoraka'e 'ara nhemonhang'iré
topo de escada,mytamytá-ypy
"os temiminós, de dia, confessam seus pecadilhos, somente",Temiminõ 'arybo nhẽ oîmombe'u o angaîpá-mirĩ anhõ
pus entradas nele,Aî'atybakã-moín
"vamos sucessivamente, uns atrás dos outros",Oroîeoî
acima de todas as pessoas embelezou-a,Abá sosé pabẽ i momorangi
deus fez certa mulher bondosa,Tupã amõ kunhãngatu monhangi
eu sou airoso,Xe katu
envergonha-te de ti mesmo,Etĩ nde îosuí
atrás de uma cerca feita de pedras tomou a casa dos animais de criação como sua pousada,Ybyrá itá monhangymbyra kupépe so'o mimbaba roka ogûâr gûupabamo
por isso mesmo tua grande sujeira estraga as almas dos índios,Nd'e'i te'e nde ru'umusu abá 'anga momoxŷabo
que chegue logo ao lugar de o matarem,T'osyk esapy'a o îukaagûãme
"oh, guarda-te de acreditar neles!","Ahẽ, teumẽ serobîá!"
"eu tenho fôlego apressado, eu tenho muito fôlego",Xe pytubapûan
"meu irmão, perdoa tu a mim","Xe rybyt, nde nhyrõ xebo"
todo seu sangue fazendo derramar,Og ugûy-tekatu i mo'ẽ-uká
desculpei-me,Aîepysyrõsyrõ
"tendo saudades do neném, vim de minha casa","Pitangĩ repîaka'upa, aîur xe roka suí"
lume das águas,y rendyîaba
eu sou mocho,Xe aterẽ
converti-me num pássaro,Anhemonhang a'eramo - Converti-me naquilo Anhemonhang gûyráramo
para ele mesmo,I xupé é
"após passar seu parto, santa maria levou seu filho jesus ao templo","O membyrara kûab'iré, Santa Maria o membyra Îesus rerasóû Tupãokype"
os pagãos esfolaram são bartolomeu,Serokypyre'yma São Bartolomeu piroki
devem amar-se muito os que se casaram um com o outro?,Oîoaûsu-katupe amẽ oîopopysykyba'epûera?
"mas sempre, com certeza, a vossas almas querem bem","Memẽ-te nipó, pe 'anga amotá"
eu tenho papo grande,eu tenho papo Xe aîusu
casando-se com alguém que não seja ele,I xuí amõ resé omendá
eu enfeio minh'alma,Xe xe 'anga aîmomoxy
assento a vila de comprido,Opukubo taba amoín
desfiei-o,Aîorab
afasta o jurupari deste mundo,Eîpe'a îurupari kó 'ara suí
"o que é comum é aquela mulher espedaçar nossas cabeças, ficando a derrubar-nos",Sekoaba'e kûé kunhã oré akanga i apiti oré moapará-pará
por isso mesmo repreendeu a seu companheiro,Nd'e'i te'e o apixara akakapa
és tolerante com teu próximo ao querer ele trabalhar nos feriados?,Ereîmborype nde rapixara 'aretéreme i porabyky-potareme?
"ah, transgredi muitíssimo as palavras de meu criador!",Aîaby-eteté xe monhangara nhe'enga mã!
batendo numa mulher que está grávida,Kunhã i puru'aba'e resé opûá
o oposto daqueles pecados,aîpó tekoangaîpaba robaîara
"coisa muito boa é a confissão, que deus fez como modo de aplacá-lo neste mundo",Mba'e-eté anhẽ nhemombe'u Tupã remimonhangûera ikó 'ara pupé o monhyrõsabamo
"meus parentes trazendo, faço-os dançar comigo",Xe anametá aroporaseî seru
como criança está nos braços de maria,Pitangamo seni Maria îybápe
"mas a ti, sobram-te galinhas e porcos","Endé-te, nde resemõ arinhama, taîasu"
"que a gente diz, conversando com o anjo seu guardião?","Marã e'ipe asé, karaibebé o arõana mongetábo?"
"assim como esta água lava o corpo da gente, aquela também","Akó 'y asé reté moîasuka îabé, akûeîa îabé"
"tu queres ser mau hás de ir, pois, para teu fogo",Nde poxy-potar-a'ub T'eresó rõ nde ratápe
"vinde, levai os malditos, erguendo-os, para sapecá-los em nosso fogo, tostando-os bem","Peîori, perasó muru, supi, îandé ratápe sapeka, saîmbé-katûabo"
eu não estou feliz,Na xe rorybi
sempre eu ensinei publicamente as pessoas,Te'yîpe memẽ nhẽ ixé aporombo'e
estamos pertinho um do outro,O îoambyî oroîub
eixo da roda de madeira que gira,ybyrá-pararanga agûeá
"suas pajelanças, sua antiga crença nos pajés","i nhemopaîeagûera, i paîé rerobîaragûera"
comedor de carne humana!,Mba'e-poru!
deseja ardentemente ver o nascimento de seu filho que se gera em seu ventre,O membyra gûygépe onhemonhangyba'e 'arama osepîaka'ub
assa-me o lourenço tostado,Xe resy Lorẽ-ka'ẽ
de noite,putunyme
fecho da porta,okena motakaba
"sentou-se em público, aquecendo-se perto do fogo","Te'yîpe nhẽ i gûapyki, tatá ypype oîepegûabo"
"aqui os homens estão, na verdade",Ké abá rekóû anhẽ
vai para fazer cair os malditos em nosso laço!,Ekûãî moxy mbo'a îandé îusana pupé!
"-não é que o maldito veio voando? -portanto, não é, de modo nenhum, preguiçoso!","-Ké muru ruri obébo? -Irõ, n'i ate'ym-angáî!"
ficando a observar o procedimento das pessoas,abá rekó andu-andupa
denunciar-me-iam ao meu imperador,Xe kuaukámo xe rubixaba supémo
tenho-o por costume,Aîpokugûab
eu estou preto de fumaça,Xe run tatatinga suí
e no caso de ele não estar?,A'e ipó sekoe'ỹme?
eu falo demais,Xe nhe'ẽ-mby'i
pelo meio de,pyterybo
"não, não os derrotarás","Aan, nd'ereîtyki xóne"
eu sou muito manchado,Xe pará-parab
"manifestou-se a eles, somente, alegrando-os",Oîepîakukar i xupé nhõ i moesãîa
hei de obedecer bem a ele,Asapîakatupe ká
vem para me governar,Îori xe rekomonhanga
chefes valentes,morubixá-mosakara
"acaso insistiram muito, então, os que o levaram, ficando a gritar?","Oîeîukaaíb-eté serã serasoaretá a'ereme, oposẽ-posema?"
concluo que talvez isso seja assim,Emonã ûĩ re'a a'é
"atravessando o céu foi, deixando-te","Ybaka rasapa osó, nde reîá"
"embora me interessasse por elas, junto àquelas não cheguei","Anhangerekó îepé, aîpó supé n'abasemi"
eu tenho o coração angustiado,Xe py'a-ekotebẽ
felizes estão todos os homens,Sory pakatu apŷaba
ajuntam-se,Oîerobyk
nossa companheira de guerras,Îandé maranirũ
"farinha de tipiaca, isto é, feita da mandioca crua coalhada em suspensão na água",Typy'a-ku'i
lavo-a,Aîpyeî
oxalá houvesse uma mulher aqui !,Kunhã iké sekóû biã mã!
enfeixei-os,Anhoman
"matá-lo-ei futuramente, com certeza",Aîuká ipó irãne
"comeu aquele fruto, causa da morte, que deus dissera?","O'u nhẽpe a'e 'ybá, tegûama, Tupã 'îaba?"
que as veja logo,T'asepîak taûîé!
que faziam aí os que ele faria sair consigo?,Marãpe a'e semienosegûama rekóû a'epe?
"reritiba, minha terra, dela venho aqui","Rerityba, xe retama, i xuí xe ruri ké"
"ficai, palermões!","Pepytá, manemusu!"
"ainda bem que existes, ó meu senhor!",Aûîebeté ereîkó xe îar-y gûé!
sangro-o,Asugûymombuk
"ah, como será a morte do fulano por aí?",Marã îasûaramo ahẽ kûepe se'õ mã?
maço de flechas,u'u-mana
então as estrelas cairão pouco a pouco,A'ereme îasytatá o apakuîamo
dorme ao lado de mim,Eké xe porupi
"tão logo ouvindo o teu nome, o diabo está tremendo","Nde rera rendupa abé, anhanga ryryî okûapa"
quem ficou ali?,Abápe opytá a'epe?
estopa torcida,yby-pomombykypyra
oxalá ela estivesse nua!,Ikatupe nhẽ temõ mûã!
e como a gente procede para amar seu próximo como ama a si mesmo?,A'epe marã asé rekóû o îeaûsuba îabé-katu o apixara raûsupa?
"sendo assim, de costume, o diabo fica muito insistente pela gente",Nãneme amẽ Anhanga îeîukaibetéû moroesé
não se compadeceu deus de alguém por causa dos que descenderiam ?,N'osaûsubaripe Tupã amõ abá îeapykaba'erama resé?
outro dia o contarei mesmo,T'aîmombe'u é îrã
daqui,iké suí
"por isso mesmo veio como precursor de nosso senhor, anunciando-o","Nd'e'i te'e oú Îandé Îara renotaramo, i mombegûabo"
"de dois em dois, dois a dois",mokõ-mokõî
"acredita, meu padrinho, hão de te apresar hoje","Erobîá, xe rubangaba, ta nde moembiá kori"
reformei seus atos,Asekó-nongatu
"eia, os temiminós de dia confessam seus pecadilhos somente","Ene'ĩ, temiminõ 'arybo nhẽ oîmombe'u o angaîpá-mirĩ anhõ"
fica! somente quando bebes cauim tu queres ser valente?,Epytá! Kagûápe nhõ nde ratãngatu-potá?
recipientes de pólvora,mokaku'i-uru
"ao morrer eu, que venhas","Xe îekyîme, t'ereîu"
o assar do pão,miapé îyba
"pessoa garrida, elegante, muito enfeitada com cores alegres e brincos, jocosa",araakasybora
desdisse minhas palavras,Asekobîarõ xe nhe'enga
devolveu seu pagamento aos príncipes,Oîme'engîeby sepypûera morubixabetá supé
alegrando todas as velhas,Gûaibĩ moesãîa mbá
na cintura,ku'aî
"não é à toa, certamente, que, agora, todos os que te amavam ele liberta de ti","Nd'e'i te'e, ipó, ko'y opá nde raûsuparûera pysyrõmo nde suí"
"sineta de mão, sinozinho manual, campainha",itamaraká-mirĩ
deus fez certa mulher bondosa,Tupã amõ kunhãngatu monhangi
quem será que a trouxe?,Abá serã ogûeru?
fiquei-o tocando,Aîakãî-akãî
eu estou quebrantado,Xe rasyrõ
eis que estas tuas futuras presas são muitas,Aîpó kó nde rembiarama setá
embora eu fosse,Aûîebé-temo asó
"querendo beber vinho, tudo esgotei","Kaûĩaîa 'useîa é, opakatu amboapy"
"por conhecê-lo, agora amo-o","A'e kuapápe, ko'y asaûsu"
vem para colocar os malditos conforme nossas palavras,Eîori muru moingóbo îandé nhe'enga rupi
"eis que o ajunto há dias, na verdade",Kûeîsé bé nakó aîrumõ
sobram-me sauiás,Xe resemõ saûîá
fizeste poções?,Mosangape ereîapó?
"deveria ser ele, primeiro",Ahẽ ranhẽ temonemo
quebra-se muitas vezes,Osó-osok
a união de deus-filho com nossa carne,îandé ro'o resé Tupã-Ta'yra îemonana
algodoal,amynyîu-tyba
levo-o na sua trela,I xama ri arasó
"cantemos um pouquinho, primeiro, para festejar bem o dia","T'îanhe'engá-mirĩ, ranhẽ, 'ara momorãngatûabo"
ai! não há absolutamente servos meus,Akaîgûá! N'i tyb-angáî xe boîá
e os judeus a um homem não mandaram tomar aquela cruz?,Nd'ogûar-ukarype Îudeus a'e cruz abá supé?
"suponho eu que ele tenha ido, de fato","""Osó ipó"" a'ea'ub niã ixé"
descalcei-me,Aîepyaobok
eis aqui também a ingapema pintada,Kó bé ingapé-kûatiara
"ah, se eu tivesse percebido outrora isso, praticando o que dizíeis!","Anhandu beémo erimba'e angûama mã, pe 'erama purûabo!"
eu sou curvadinho,Xe aparĩ
selecionei-o,Aîkatu'ok
não se arrependeram alguns de seus vitupérios?,Nd'oîmoasyîpe amõ o nhe'engaibagûera?
não querendo que se apague a luz de tua alma,Nde 'anga resapesaba gûeba potare'yma
"para acalmar aquele, como nós ele se fez homem verdadeiro",A'epûera nongatûabo é îandé îabé apŷabetéramo i nhemonhangi erimba'e
alimento muitos,Aîopoîusu
eu tenho um buraco oco,Xe kûarybỹî
até eu vou,Ixé tiruã asó
"logo, então, a cruz ergueram, fincando-a?",A'eîbépe ybŷá cruz mo'ami i atykábo?
"como seus discípulos procederam, vendo tratar assim a seu senhor?",Marãpe i boîá rekóû emonã o îara rerekó repîaka?
eu tenho pés calejados,Xe py-piru'a
o fogo te convém verdadeiramente para que nele te asses,"Tatá nde arõ-eté, i pupé t'ereîesy"
"prega-o, prega-o na cruz de madeira","Eîmoîar, eîmoîar ybyrá îoasaba resé"
tomou a casa dos animais de criação como sua pousada,So'o mimbaba roka ogûar og upabamo
cingi-me,Aîeku'apûar
"preocupam-se conosco, de costume, os nossos padrinhos?",Onhemosaînãpe amẽ asé rerokara asé resé?
cercando os miseráveis para encher nosso fogo,Muru rokysyma îandé ratá poraká
fiei o algodão,Aamynyîu-poban
aqui está teu danador,Oîkobé nde arûara é
fiquei-o oprimindo,Aîopyîopyk
"acarretar, acarrear",eru-erur
"ah, bem feito para ele!",Iîá îaby ahẽ mã!
"eis que, enfim, chega meu pai",Rumby xe ruba obasema
"eu estou-me homiziando, eu estou vivendo fugido",Xe tekoaraibor gûitekóbo
mulher normal,kunhãeté
os furtos de fulano são famosos,Serapûan ahẽ mondá
"sapecar-te-ei, assar-te-ei","Oroapek, oroesyne"
entra hoje em meu coração,Eîké kori xe nhy'ãme
"que quer dizer a gente em seu coração, dizendo isso para ela?",Marã e'ipe asé o py'ape aîpó o'îabo i xupé?
o que a seu filho e a seu escravo faz trabalhar,"O a'yra, o embiaûsuba omoporabykyba'e"
"a que ingere uma poção, querendo matar seu feto",O puru'a îuká potá mosanga o'uba'e
eu sou redondo,Xe apu'a
como ele nos fez?,Marãpe asé monhangi?
resgatar os cativos,I momiaûsubypyra renosema
igualmente a morte está entre os moços e entre os velhos,Oîoîá te'õ rekóû kunumĩgûasu suí tuîba'e suí bé
"para ele trouxeram, como oferendas, ouro, incenso e mirra","I xupé ogûeru îetanongabamo itaîuba, ysykatã syapûãba'e, mirra"
espiga dele,sara
como meus súditos em minhas mãos bem os tenho a todos,Xe boîáramo pabẽ xe pópe arekó-katu
tu fizeste agressão com palavras a alguém?,Nde nhe'ẽporoîukaípe abá supé?
"ah, sim!",Eẽ hegûé!
eu estou animoso,Xe rakubor
com quais mulheres um homem não se casará?,Umãba'e kunhã resépe abá nd'omendari xûéne?
aqueles velhos reis fedorentos?,Akó tubixanẽmbûera?
"adivinha, vamos ver, aquele que bateu em ti!",Eîkuá ra'u nde ri opûaryba'e!
-que é ungido de nós? -nossas ancas,-Mba'e-mba'epe asé suí i pitubypyra? -Asé rumby
detesto a vida má,Aroŷrõ tekó-poxy
"isso não seria possível contar, ainda que o sol se pusesse!","Aîpó n'i papasabi, kûarasymo oîké îepémo!"
vou ao caminho de meu pai,Asó xe ruba rapépe
que há aqui semelhante a um canindé azul?,Mba'epe ké kanindé-oby îasûara?
"oh, por acaso isto é o diabo?!","Îu, anhangap'ikó ri?!"
certamente! sem dúvida! assim é! tem razão! é verdade!,anhẽ rakó!
na ponta da flecha,u'uba anhãî
linha grossa de pescar,pindasã-pokuruba
eis que esse vem,Aîpó turi
tu te alegras quando um homem te apalpa?,Nde rorype abá nde abykyreme?
"ilha de mato em meio a um descampado, capão",ka'a-pa'ũ
ainda bem que aprendeu,Iîá oîembo'ebo
não é mesmo?,mba'e-tepe?
"quem, hoje, é como eu? irra, ninguém!","Abápe kori xe îá? Erĩ, aani!"
"enfim, esses temiminós não acatam a lei de deus","Aûîé, kó temiminõ nd'ogûari Tupã rekó"
"está muito a propósito, está sem mais nem menos",A'eboé tuî
atiro-a,Asa'ang
ainda mais pedro,Pero angabatene
deleitando-se com sua polução em seu sono,O kera pupé o pupukûera morypa
já agora deve ter vindo,Our ipó ko'yté
"passar rápido, correr",kûab-apûan
"ainda que os libertes, retirá-los-ei de tua mão","Ereîpysyrõ îepéne, nde pó suí anosẽne"
eu tenho inhaca,Xe raby'ak
"e mentindo também aquele que invoca sua alma, que acontece?","O 'anga renõîndara abé o îuraragûaîamo nhẽ, marãpe?"
tu te preocupaste com que teus vizinhos ouvissem a missa ao começar ela?,Erenhemosaînanype nde rambyagûá missa iîypyrungápe sendubagûama ri?
querendo trazê-los aqui,iké seru-potá nhẽ
"remédio contra dor de picada de cobra, antídoto contra veneno de cobra",mboîasy-posanga
"guarda-te, hoje, de ter guerra comigo",Eteumẽ kori marana rerekóbo xe resé
ela é salobra,Se'ẽ-byk
companheiro de são sebastião,São Sebastião irũ
"após resgatares bem tuas maldades antigas, que te regozijes muito com a virtude","Nde rekomemûãagûera repyme'ẽngatu roîré, t'ereîekosubeté tekoporanga resé"
eu estou arrasado,Xe robapyka'ẽ
"vem, ó meu senhorzinho!","Eîori, xe îarĩ gûé!"
"empregaste alguém por ocasião de um feriado, fazendo-o trabalhar em algo?",Ereîmoingópe abá 'aretéreme marã i moporabykŷabo?
sofrem a dor de não verem a deus,Oîporará Tupã repîake'yma rasy
caçôo dele,Aîoîaî
"-que queres? -batata-doce, favas","-Ma'epe ereîpotar? -Îetyka, komandaûasu"
"fonte, água perene",y-pabe'ymba'e
eu não estou doente,Na xe marani
desobedeci a ele,Aîmoabangab
não falto à igreja,N'aîmopanemi tupãoka
deixaste de ouvir a missa?,Ereîmopanemype missa renduba?
abarquei-o,Aîubykatã
"pensai que, algum dia, a morte virá para bater em vossas portas",Penheangerekó amõ 'ara pupé te'õ pe rokena motaka turagûama resé é
ficaram fazendo ferimentos em seu corpo todo?,Seté îakatupe ybŷá i moperé-perebi?
se eu o mandasse,Aîmondó-momo
nele os judeus juntaram-se para ficar atirando pedras em santo estêvão,I pupé Îudeus nheŷnhangi Santo Estêvão apîá-apîábo
"ora, experimenta-o",Esa'ang ra'u
assim procede para disfarçar a existência de seus filhotes,O a'yra kuakupa emonã sekóû
vou de madrugada,Îeîbé asó
eu estou lacrimejando,Xe resa'y-sa'y
bolsa do abdômen,ambé-aîó
não foi a meu pai que o dei,Na xe ruba supé ruã aîme'eng
hei de irritar os malditos,"""Aîrarõpe muru ká"
minha presa,xe pu'amagûera
esses teus olhos volta em nossa direção,Eboûĩ nde resá erobak oré koty
"homens, velhas, mulheres sempre serão minhas presas","Apŷaba, gûaîbĩ, kunhãne, ko'arapukuî xe rembiá"
"passaste a mão nas tuas pudendas, abrindo-as?","Erepokokype nde rapopé resé, i pekábo?"
calei minhas palavras,Aîopyk xe nhe'enga
eu estou menstruada,Xe rugûy
"afastando o pecado original, o que adão lançou na gente",Tekoangaîpab-ypy moroesé Adão remitykûera pe'abo
"aquele que eu beijar na face, agarrai-o, atando-lhe as mãos","A'e asetobapé-pyténe peîpysy-katu kori, i popûá"
"sendo isso assim, o dia todo e a noite toda tu cuidarás de tua alma","Aîpó e'ymeté, ko'arapukuî, pysaré nde maînanĩ nde 'anga resé-ne"
"eis que estava de cor um tanto preta, certamente",Moroún-mbyry nakó
importuna-me bem aquela lei nova,Xe moaîu-marangatu aîpó tekó-pysasu
eu sou homem manso,Abanherane'yma ixé
"hei de me corrigir, enfim",Anhenonhẽpe ko'yté ká
"foram terríveis contra os malditos as flechas de são sebastião, com são lourenço também","I abaeté muru supé São Sebastião ru'uba, São Lourenço pyri bé"
para cima suas pernas mandou pregar,Ybaté koty ogûetymã moîarukari
"que disseram os judeus, acusando-o?","Marã e'ipe îudeus i xupé, i mombegûabo?"
selo-o,Asendamoín
eu estou fumegante,Xe ratating
são um na união de seu ser sagrado,Oîepé og ekó-karaíba îese'ara pupé nhẽ
vem para amedrontá-lo,Eîori i mosykyîébo
"bebem muito todos, os homens com as mulheres","Oka'ugûasu pabẽ, apŷaba kunhã ndibé"
"futuramente, com certeza, a inimiga de minha alma há de bater em minha porta",Erimba'e ipó xe 'anga robaîara xe rokena moîapuûne re'a
eu sou um homem feito,Xe abagûasu
fiz-me homem,Xe abagûasu
"de três em três, três cada um",mosapy-sapyr
com minha esposa ajudar-nos-emos um ao outro,T'oroîopytybõne xe remirekó ndi
pus-lhe enfeites no rosto,Asobá-posanong
eis que tu mesma me denunciaste,Nde é ã xe kuauká îepé
eu fico gritando dormindo,Xe kerasẽ-rasem
tornando notórios os vícios das pessoas,Abá rekopoxy mosãîa
lanço a canoa,Aro'ar ygara
não temos a ver com isso,Nd'oroîkóî aîpó resé
como se eu fosse,Xe só serãmona'ẽ
há de ser o substituto de meu pai,Xe ruba rekobîara é re'ĩ
para quê? para que coisa? a quê?,mba'e supé?
"portanto, prantear as pessoas isso as enternece",Irõ moroapirõ a'e oporomomby'ar
"falaste duramente a alguém, irritando-o, fazendo-o odiar as pessoas?","Erenhe'eng-aparatãpe abá supé, i moroŷrõmo, i moporoamotare'yma?"
ama a todos os moradores do lugar,Opakatu tapiîara osaûsu
tiveste cobiça pelas coisas de alguém?,Ereîemomotápe abá mba'e resé?
pensando falsamente que ele é o que tem a saúde,Marane'ymyîaramo sekó mo'anga'upa
a mim também o flechado bastião derrotou-me,Xe abé iî ybõmbyrûera Bastião xe moaûîé
longamente ficas sentado pranteando teus amigos ou teus parentes,Kype rakó ereín nde raûsupara koîpó nde mũ rapirõmo
quantas vezes o homem transgride aquele após atrair-se por uma mulher ou após conversar com ela enquanto não toca nela?,Mbobype abá aîpoba'e oîaby kunhã resé onhemomotar'iré koîpó i mongetá roîré sesé o byke'yma pukuî?
que chegue logo ao lugar em que o matarão,T'obasem esapy'a o îukaûãme
desviei as águas,Aty-mombîá
mandou trucidar as crianças habitantes da aldeia de belém e também as habitantes das vizinhanças dela,Taba Belém pora pitanga i amundaba pora abé apiti-ukari
"quando chegou o dia oito, cortaram seu prepúcio","Oito 'ara sykeme, i 'apira mondoki"
que venha para nos ajudar meu irmão mais moço,T'oú îandé pytybõmo xe rybyra
"foste para revistar os covos de água doce de alguém, tomando seu conteúdo?","Eresópe abá îeky-'ye'ẽ supa, i pora rá?"
o mentiroso perde a vida de sua alma,Temo'emyîara o 'anga rekobesaba mokanhemi
em meio de campo repartindo-os,nhũ-myterype i mbo'îabo
não quero ir para longe,N'asó-potari mamõ
"batendo sem motivo na tua esposa, tratando-a sempre como objeto maldito de pancada","Nde remirekó resé epûá tenhẽmo, mûasá-mbururamo serekóbo îepi"
a todos nós espantaria,Opá îandé moputupabymo
ele dentro dela está ocultamente,A'e i pupé sekó-nhemimi
"após matarem a são lourenço, que queimem em teu fogo","São Lourenço îuká ré, t'okaî nde ratá pupé"
"não entendo tua ida, não entendo que tu vás",N'aîmo'angi nde só
"salve, ó meu mestre!","Eîkobé-katu, xe mbo'esar gûy!"
que o tivesse visto!,Asepîak me'ĩmo!
estejamos pondo armadilhas,T'îaîekotyrung îaîupa
a cada dia,ara îabi'õ
piorei muito de meu grande pecado,Aîerekoaíbeté xe angaîpá-katu suí
fi-lo por fazer,Aîmonhangĩ nhẽ
não porque não me ama,Na xe raûsube'ỹmbeî
jejuaste por causa da primeira menstruação de tua filha?,Ereîekuakupe nde raîyra nhemondy'ara resé?
a graça que ele dá não acaba,Graça semime'enga n'opabi
matou todos os homens,Opá abá îukáû
"comeste carne de caça, tendo farinha?",Ere'upe so'o u'i rerekóbo nhẽpe?
por ocasião disso deus deixou de amar o homem?,A'e remebépe erimba'e Tupã abá raûsupo'iri?
"mudaste, por acaso?",Ereîakasó-piang?
o que não se confessa a cada ano,Ro'y îabi'õ onhemombe'ue'ymba'e
que nos leve para seu lugar de felicidade para nos fazer regozijar consigo,T'îandé rerasó o orypápe o îoesé îandé moîekosupa
"peca muito o homem, benzendo falsamente as pessoas?",I angaîpabetépe abá oporomongaraiba'upa?
cavidade dela,inhanhã
ele tem a água esgotada,Ty-pab
"desvirginaste alguma menina, furando-a, estuprando-a?","Ereîmombukype kunhataĩ amõ, i mokûá, i mondoroka?"
"lembrai-vos do que se sofre no inferno para que, de modo nenhum, pequeis",Penhemoma'enduá Anhanga ratápe i porarapyra resé ta pe angaîpab umẽngatutenhẽ
remédio portador de cura,mosanga moeîrabyîara
eu tenho baceira,Xe ybypiar
"daqui, talvez, passou para a índia, terra dos indianos",Ké suí serã i asabi India tapyîtinga retãme
pano de linho,ybyraoba
que me livre das dificuldades,Ta xe pysyrõ marãtekó suí
cessou a chuva,Opyk amana
"e não confessando ser parente verdadeira de seu marido, que acontece?","A'epe o mena mũetéramo sekó mombe'ue'yma, marã?"
fizemos procissão,Orotupãerogûatá
lacei-lhe as pernas,Aîkupyîurar
"ah, que atrevido é esse fulano!",Tekatunheté kó ahẽ mã!
como um galo te deitas,Gûyrasapukaîa îabé ereîetu'u
destampa tua caixa para que eu veja tuas coisas,Eîaso'îabok nde karamemûã t'asepîak nde ma'e
linha grossa de pescar,pindasã-muku
"não está em conformidade comigo, não é igual a mim",Na xe îáî
"e o que evoca a deus pelo que não é verdade, que acontece?","A'epe supindûare'yma resé Tupã renõîndara, marã?"
com uma pedra,itá pupé
farta-me o peixe,Xe ytarõ pirá
vou como preparador,Asó morenotaramo
estiveste deitada sobre teus amantes?,Ereîubype nde agûasá 'arybo?
fui uma vez,Oîepé asó
não está dia,Nd'e'i 'ara
sobrinho dele,i i'yra → i'yra
"sem trabalho, comemoramos este dia",Morabykye'yma kó 'ara îaîmoeté
tu tiveste para alguém palavras que violentam?,Nde nhe'ẽ-poroîukaípe abá supé?
sou muito mocho,Xe aterẽngatu
detestando sua maldade,I angaîpaba momburûabo
"ah, quem me dera comer veneno para que eu morresse disso",- A'u temõ mba'eaíba mã a'emo nhẽ xe re'õû ãûa suí
somente até aqui hei de nomear coisas para ti,Nõmo nhõ ma'e t'asenõî ndebe
que eu lance fora todas as armadilhas,T'aîtyk pá koty
com uma lança espetaram seu flanco,Minusu pupé iî yké kutuki
cunha de fender lenha,îepe'a-mobokaba
"ao presentearem-no, alegrou-se teu coração","I îetanongápe, sory nde py'a"
faz água,O'ẽ
que venha para levá-los todos,T'oú serasóbo pá
o que se masturba,I pupukyba'e
descansa não é muito forte o maíra,Nde pytuẽ Na satãngatuî maíra!
curou nosso senhor aquela sua orelha arrancada?,Oîposanongype Îandé Îara a'e i nambimondokypyra?
eis que eu faço as pessoas estarem na bebedeira sempre,Ixé kó ka'u resé aporomoingó îepi
"assim agiu, na verdade, longe de ti",Emonã rakó sekóû nde suí
por acaso é o lourenço tostado?,Rorẽ-ka'ẽ-piã?
tão logo indo ele,osóbo bé
que sejam muitos os meus nomes!,Ta setá-katu xe rera!
"esconde-te, fica quieto","Enhemim, nde kyrirĩ"
amo pedro por amar a seu pai,Asaûsub Pedro og uba raûsume
nas grandes cabeças deles,i akangusuî
que morra!,T'omanõ!
"és parecido com um chamusco, ó coisa fedorenta!","Nde rapixara pixé, mba'enem-y îu!"
"disseste ""-oxalá eu o mate"", fazendo alguém ouvir?","""Aîuká temomã"" erépe abá remiendubamo?"
mamei,Akambu
aqui vêm para nos castigar!,Ké turi îandé nupãmo!
o anjo revelou-se a ela como um rapaz muito belo,Karaibebé îepîakukari i xupé kunumĩgûasu-porãngaturamo nhẽ
eu sou pontudo,Xe rapûá
"suas palavras transgredindo muito, amaldiçoando-o","I nhe'enga abŷabo-tekatu, i momburûabo"
os cabos são achatados,Yba i peb
a dança é que é boa,Moraseîa é i katu
vim ainda agora,Aîu ramõ
nomeia os muitos designativos de teu corpo para mim,Esenõî nde reté renõîndabetá ixébe
"de acolá, dali",amõ suí
ossada,mba'e-kangûera
trouxe-o conforme minhas forças,Xe îaîbeĩé ixé seruri
"levou-me alguém consigo, por acaso, para longe me levando do meu bom caminho?","Xe reropîápe abá ri, kûepe nhẽ xe rerasóbo xe rapé-katu suí?"
bem sozinho estou,Oîepebẽngatu aîkó
manuseio-o,Aîabyky
a gente o teme mais do que tudo o que deve ser temido,Asé oîpoûsubeté opakatu i poûsubypyra sosé
"do rio dos paratis vim para ver a rainha, enfeitando minha cabeça","Xe parati 'y suí aîu, rainha repîaka, xe akanga moîegûaka"
dor,mba'e rasy
homem choramigas,Xe resangá - Eu sou chorão Abá-esangá
"eis meus chifrões, meus dentes","Kó xe 'akusu, xe rãnha"
ias ali para ouvir a missa,"A'epe missa rendupa, eresó"
"então, alguns matarei, no meu laço fazendo-os cair","A'ereme amõ aîukáne, xe îusanyme i mbo'a"
amo teu filhinho,Asaûsub nde membyrĩ
que venha deus para nos alegrar,T'oú Tupã oré moorypa
"não me faz palpitar o coração o diabo, visitando-me",Na xe mopy'atytyki Anhanga xe rapekóbo
"nossa comida, a que é de cada dia, dá hoje para nós",Oré remi'u 'ara îabi'õndûara eîme'eng kori orébe
comeste objeto de furto de alguém?,Ere'upe abá mondarõagûera?
teus atos recentes,nde rekó-pysasu
em que situações a gente reza para ele?,Mba'e-mba'eremepe asé îeruréû i xupé?
esses teus olhos compadecedores volta em nossa direção,Eboûĩ nde resá i poraûsubaryba'e erobak oré koty
"envergonha-se o sol, nascendo, diante de teu brilho",Otĩ kûarasy osema nde beraba robaké
eu sou sauiaetá famoso é meu nome,Ixé Saûîaetá Serapûã xe renõîndaba
"nele a água transformou em vinho, de acordo com os pedidos de sua mãe",I pupé 'y anhẽ monhangi kaûĩnamo o sy îeruresaba rupi
oh! quem aqui dá a cara?,"To, ahẽ! Abápe ké sobasẽ?"
"honro tua casa, dentro dela dançando","Aîmomba'eté nde roka, i pupé gûiporaseîa"
ele há de morrer!,T'omanõ ká!
frustrei-me,Xe rarûab
eis tua ameaça aqui!,Kó nde momboîtaba kó!
eis que vou,Asó ã
"matemos meu marido e, então, casemos um com o outro","T'îaîuká xe mena, a'ereme t'îamendar îandé îoesé"
fiquei-o apedrejando,Aîapi-api
faço mingau,Aîapó minga'u
está por aí teu pai?,Oubépe nde ruba?
"homem apessoado, gentil-homem",abá-matuetegûasu
amainei a vela,Aroîyb aoba
homem miserável,abá-poreaûsubĩ
conforme o dia,ara rupi
meu filho que gerei,xe ra'yra xe remimonhanga
vem para ver tua futura terra,Eîori nde retamûama repîaka
ralo-o,Aseé
"contas vermelhas, contas de coral",mbo'ypyranga
vêm em vão para me afastar,Oú tenhẽ xe pe'abo
ó coisa fedorenta!,Mba'enem-y îu!
"assim, de fato, eu determinei",Emonã nakó xe rekopotari
ela tem folhas,Sob
por que põe sal bento na boca da gente?,Mba'e resépe îuky-karaíba mondebi asé îurupe?
levando uma outra semelhante a ela tão logo se consuma muito,I îaroketé rupibé amoaé sapixara rerasóbono
faço-me estalar as mãos,Aîepó-mopiririk
flechei-os todos,Aîybõ-mbá
o que é convidado,i xo'opyra
"cotidianamente, a cada dia",ara îabi'õ
não é mais pão,Nd'oîkóî rakó miapéramo
havemos de ir à árdua guerra?,T'îasó maranatãûãme?
não o mates tu sozinho,Nde nhõ umẽ eîuká
"detestando-os muito, tratai-los muito mal","I amotare'ymetébo, perekoaí-aí"
"um pouco , pouco tempo , por pouco tempo",korite'ĩ nhote
queimei o campo,Asapy nhũ
"no seu jardim formoso chamado ""paraíso terreal""",O emitymaysó Paraíso Terreal seryba'epe
queimareis em conjunto,Pekaî oîepegûasune
lanço puçá,Apysá-îtyk
todas as minhas presas de minhas mãos as levou,Opakatu xe rembiara xe pó suí serasóû
quem mais junto deles foram seus sepultadores?,Abá abépe i pyri i tymbaramo?
"eu sou fleumático, eu sou vagaroso",Xe mbegûé
riscaram todo o teu corpo com ferro pontiagudo,Opá nde reté raíri itatiãîa pupé
sou leve,Abebuî
fico a espojar-me,Aîeré-îereb
diante deles passei,Sobabo akûab
delato gente,Aporokuaukar
"por causa de minha imensa formosura, deus revelar-se-á a mim","Xe aysó-matueté resé é, Tupã îepîakukari xebene"
eu não sou medroso,Na xe poropoûsubi
vós sois avaros com ele,Pe rekate'ym sesé
lado a lado seus cadáveres ao longo do mar estavam,O îoybyri se'õmbûera paranã ybyri i kûáî
dou de beber às pessoas,Apore'ym
"cortei-lhe a garganta, degolei-o",Aîaseó-kytĩ
vives com alguma não batizada?,Ereîkópe sere'ymba'e amõ resé?
para escutar a palavra de deus,Tupã nhe'enga rendubagûama resé
eis que vais vais,Eresó ûĩ
resvalou em mim o fulano com a espada,Xe apan ahẽ itaingapema pupé
"ah, sobra-me alegria","Té, xe resemõ toryba"
prendi-os um no pescoço do outro,O îoaîuri aîmoín
foi ela feita para ser a futura mãe de deus,Tupã syrama ri i monhangymbyra
"escabelar, desfazer o penteado de, desgrenhar o cabelo de, etc",abo'o-bo'o
"enfeitando-se, querendo que as pessoas o desejem","Oîemongatyrõmo, abá o potara potá"
que eu te busque as pegadas,T'oroakypûer-eká
entortei-a,Aîapar
consentimento na transgressão da palavra de deus,Tupã nhe'engaby morybagûera
como se eu fosse,Xe só îasûaramo n'aé
dói a separação de nossa alma de nosso corpo,Sasy asé 'anga asé reté suí i îa'oka
esbofeteei suas têmporas,Aî'atypetek
eu tenho raízes,Xe rapó
tomei emprestada a canoa do índio,Aîporu abá ygara
eu sou sociável,Xe îekotyarixûer
eis que aí ele vai,Ebokûeî i xóû
"pois, se um homem guarda seu próprio filho, quanto mais deus compadecer-se-á de nós","Abá abiã é o a'yra ogûerekó-katu, memetipó Tupã asé raûsubáne"
"excitaste-o, querendo ejacular teu sêmen?",Ereîkapyrokype nde ra'y-pupuka potá?
será que me perdi?,Xe ropá serã?
quero muito apanhá-las com os que atacam as pessoas,Aîpysy-potá-katu morepenhandara ri
fazendo-me mudar de direção por aí,Kûeîbo nhẽ xe rerobaka
"e os que bebem cauim, como ficam? não transgridem a palavra de deus?",Kagûarape marã? Nd'oîabyîpe Tupã nhe'enga?
"que não conheçamos senão a deus, nosso criador","T'îaîkuá-te Tupã, îandé monhangagûera"
estou saltando de alegria,Toryba suí apó-por gûitekóbo
às costas,aseî
"tu me alegras muito, narrando assim os fatos","Xe moory-katu îepé, inã tekó mombegûabo"
eu sou gentil,Xe abangatu
"filho verdadeiro de deus é, de fato, esse homem",Tupã ra'yreté anhẽ ikó abá
sua cerviz ficando a esmurrar,I aŷpy atyká-tykábo
"visitaste o covo de alguém, arrancando seu conteúdo?",Ereîosubype abá îeke'a i poroka?
por que seria que? por que razão haveria de?,mba'e-resémo?
pus-lhe penas,Aîpepó-moín
fiz-me mulher,Anhemokunhã
"por acaso arrancaram sua roupa, fazendo-o estar nu?",Oîaobok serã ybŷa katupe nhẽ i moingóbo?
faze uma igreja que tenha meu nome,Xe reryîara tupãoka eîmonhang
palavras de quem são essas?,Abá nhe'engûerape aîpó?
"ah, que enfadonho és tu, de fato!",Tekatunheté rakûé endé hegûy!
lugar em que estará fundada a igreja,Tupãokupagûama
"no seu próprio ombro, levanta a cruz por fraqueza, jesus fá-la cair consigo","O ati'yba ri, krusá osupi Membeka suí, Îesu sero'ari"
"o fugidor, o que costuma fugir, o fujão",kanhembora
aquentam-me,Xe pé
como se eu fosse,Xe só îarameté
eu estava pendente,Xe apy'am
"não querendo comer, venho",Na mba'e 'u potá ruã aîur
quantos são esses deuses?,Mobype a'e Tupã?
"e ainda mais um batizado, transgressor da boa lei, encontrando um padre, alegrar-se-á muito","Memetipó nhemongaraibypyra tekokatu abŷara abaré supé ogûasema, sorybetéûne"
convenci-o a ir,Aîmoîekûer
um servo do príncipe esbofeteou sua cara,Morubixaba boîá amõ osobá-petek
que o mates para mim diante do pajé ruim,T'ereîuká ixébe paîé-aíba supé
eu sou fino,Iî aeté - Ele é fino Xe aeté
"ora, já agora leve-o",Ne'ĩ serasóbo ko'yté
"o que é de cada dia, o que está ao longo dos dias",ara rupindûara
adversária da morte,Te'õ rupîara nhẽ
"que rezem por mim a deus como retribuição de eu os amar, de eu os honrar","T'otupã-mongetá xe resé ixé o aûsuba, ixé o moeté repyramo"
"sua mãe, cobrindo-o bem, defende-o do frio","I xy, i aso'ikatûabo, oîopîá ro'y suí"
é o que deve ser expulso da igreja,Tupãoka suí i mosemymbyra
hoje mesmo os malditos queimam,Oîeí bé muru kaî
"os que ele torna padres e seus substitutos na missa tomam o pão em suas mãos, benzendo-o",Semimboabaré sekobîara bé missa pupé miapé rari o pópe sobasapa
"seus antigos pecados fazendo estar diante deles, seus furtos também",Sekomemûãagûera serekóbone sobaké bé i nhemondá bé
mostram-se a urdir mentiras,E'i mo'ema monhanga
eu não tenho anzol,Na xe pindáî
íngua de virilha,akó-a'ynha
será que é um morcego?,Andyrá ruãpe é?
contigo nosso senhor está,Nde irũnamo Îandé Îara rekóû
mas quando a gente se benzerá?,Marãneme-tepe asé îobasabine?
quebrador de pedras,itá kasara
"roupa verde, pano verde",aoboby
"eis que, como está no céu, nosso senhor está dentro do pão","Akó ybakype ogûekó îakatu, Îandé Îara rekóû miapepûera"
o homem que comete furto de algo,Abá mba'e resé omondarõba'e
tua alma está muito branca,I morotĩngatu nde 'anga
"soquei-o, compactando",Aîapasok
elas estão sempre cheias,Tynysẽ memẽ
"amaldiçoamos o diabo, a ti somente obedecendo muito","Oroîmomburu anhanga, nde nhõ nde rapîaretébo"
"oh, eu sou assassino, causa do temor aos pecados, mesmo dos reis","Té! Morapitîara ixé, angaîpaba sykyîeba, morubixaba îepé"
fio embotado,aembé-korõîa
sua remissão foi meu encargo,Sepyrama xe pûaîtaba
sendo mau,O angaîpabamo
avaliei-o,Asepyenõî
arranca-te o nome para que sejas muito famoso,Eîerok ta nde rerapûãngatu
calcei-me os sapatos,Aîepyapasá-mondeb
açoutei-lhe o irmão,Aîtyby-nupã
a gente obedece também a seu próprio chefe,Og ubixaba abé asé osapîá
não cometas furto,Emondarõ umẽ
"no meio do caminho, meninos fizeram assalto a mim","Pé ku'ape, kunumĩ pu'ama'ubi xe ri"
desviei-me,Apîá
movimento-me,Akué
"pela estrela que os guia, como a que mostra o caminho",Îasytatá serekoarama resé pé kuabe'ẽsaramo
o sol faz as pessoas terem muita sede,Kûarasy oporomo'y'useîeté
eu sou maior que tu,Ixé nde sosé
o lado direito dele,iî apé
veio bem detrás de mim,Xe pytáî bé turi
"eu estou chagado, eu tenho muitas chagas",Xe îá-xe îaó
não vens para me vingar?,Nd'ereîuri xe repyka?
"o que está preso em ferros, o que está amarrado pelos pés",i pukusãmoinymbyra
pondo-me segundo a vontade de deus,Tupã remimotara rupi xe moingóbo
visito os aposentos dos índios,Aîosub abá koty
todos vieram?,Opápe turi?
dentro de um só pão vê tu a variedade de coisas,Oîepé mi'u pupé esepîak tekó paraba
para o desaparecimento dos vestígios da transgressão da palavra de deus,Tupã nhe'enga abŷagûera rakypûera kanhemagûama resé
na cidade chamada roma,Taba Roma 'îápe
para honrar a deus,Tupã moeteagûama resé
desvirginaste alguma menina? segundo tua vontade ou ela resistiu completamente?,Eresugûykápe kunhataĩ amõ? Semimotara rupipe koîpó i popyatã-mbápe?
ele está muito maduro,I apaîé - Ele está maduro I apaîegûasu
"por que, quando os inimigos cercam tua terra, o dia todo e a noite toda, estás preocupando-te com eles, não dormindo?","Marãnamo-pakó tobaîara nde retama pîareme ko'arapukuî pysaré ereîkó sesé enhemosako'îabo, ekere'yma?"
"desviaste de alguém, detestando-o, para não o ver?",Ereîpynekûápe abá i amotare'yma nhẽ sepîaka suí?
o que foi pai,tugûera
o que faz também um homem furtar alguma coisa,Oîmomondarõba'e abé abá mba'e resé
ainda estou de pé,A'ã bé
pintaste-te a boca para sorrir para os homens?,"Ereîeîuru-mopiningype, abá supé epukamirĩamo?"
eu sou agradável,Xe matueté
levanto-me,A'am
dormiste muitas vezes com ódio?,Ereroker-etápe îoamotare'yma?
matais,Peîuká
teus olhos misericordiosos volta em minha direção,Nde resá poraûsubara erobak ixé koty
"escudo-me, defendo-me",Aîepîar
o dia em que esses fatos se consumaram os cristãos não estavam felizes,Ara kó tekó aûîesaba cristãos rorybe'ymamo
como o fogo do diabo o fogo dele é penoso?,Anhanga ratá îabépe satá rasyramo?
um só é o conteúdo de minha rede,Oîepé xe pysá pora
eu estou-me agitando,Xe akurẽ-kurẽî
"cumpriste as palavras de teu confessor, a auto-flagelação, os jejuns?","Ereîmoporype nde monhemombegûara nhe'enga, nhenupã, îekuakuba?"
eu sou o diabo esquentador de gente,Xe anhanga moropé
"é muito, com efeito, o grande zelo",Setá nhẽ kunu'umusu
"pensai que, nalgum dia, a morte virá para bater em vossas portas",Penheangerekó amõ 'ara pupé te'õ pe rokena motaka turagûama resé
"será que estais sossegados, sem mais, nos vossos montes de maldades?",Pe apysykĩ serã peîkóbo pe rekomemûã aty-atyra pupé?
quem fez isso outrora?,Abápe aîpoba'e oîmonhang erimba'e?
com seu próprio irmão não pode ninguém se casar,O kybyra resé nd'e'ikatuî abá omendá
"ao passar minha família, tu cuidavas dela","Xe anama gûatasápe, nde morerekoá sesé"
a felicidade no céu,Ybakype toryba
nasceu para nós hoje,- O'a îandébo kori
"ah, quem me dera eu tivesse ido!",Asó me'ĩmo mã!
na tua terra,nde retãme
levando uma outra semelhante a ela,Sapixara rerasóbono
"portanto, eu vim","Emonãnamo, xe ruri"
destila tuas lágrimas,Nde resa'y eîmondyky
vespa pontuda,kabatĩ
"pedra de afiar que gira, pedra de afiar de barbeiro",itaky-nhatimana
dei-o a meu pai,Aîme'eng xe ruba pé
oh! estes são castelhanos?,Tó! Kasîanap'ikó?
"entram grandes espinhos, espetando sua cabeça, furando-a toda","Oîké îugûasu i akanga kutuka, opá i mombuka"
"ilha de mato, capão",ka'a-pa'ũ
"fica-nos atacando, pensando em perverter-nos","Îandé repenhã-penhã, îandé momoxy mo'anga"
o que me cabe é tomar cauim,Xe potaba kaûĩ rá
e com essa tua mentira tornaste alguém famoso?,A'epe ebokûé nde îuraragûaîa pupé eremoerapûã abá amõ?
tirarão suas maldades deles,Oîmbo'ir i angaîpaba i xuíne
"que fez antes de morrer, estando pronto?",Marãpe erimba'e sekóû o e'õ îanondé o ekoaûîéramo?
vem para fazê-lo experimentar o sofrimento,Eîori i moporaraa'anga
de onde? donde?,umã suí?
lado a lado seus cadáveres ao longo do mar estavam,O îoybyri se'õmbûera paranã ybyri i kûáî
fazendo sair de tua alma o que havia no teu paganismo,Nde nhemongaraibe'yma pupé oîkoba'e mosema nde 'anga suí
serão muitos os fatos que assustarão as pessoas,Setá tekó oporomondyîba'ene
estou pressionado,Gûebirãîari nhote aîkó
com eles os animais e os pássaros ajuntarei para destruí-los,Sesé so'o gûyrá aîmoîese'a i mokanhemane
a terra ficou levantando,Yby obu-obur
fazendo-me enxergar,Xe moma'ẽmo
não se arrependeram alguns de seus vitupérios após o injuriarem?,Nd'oîmoasyîpe amõ o nhe'engaibagûera iî a'o ré?
"na verdade, ver-me-ás futuramente estar sentado ao lado da mão direita de deus-pai",Anheté pesepîak irã Tupã tuba 'ekatûaba koty xe gûapyka xe renane
eu fui rendido,Xe aûîé
honrando-o falsamente como seu deus,O Tupãnamo i moeté-a'upa
eu tenho muitos,Xe retá
"foi, porventura?",Osó ruã-tepe é?
o julgamento de deus de nós,Tupã asé rekokuapaba
estou bem estabelecido,Aĩngatu
ela é leitosa,I 'aysyk
realizar-se-ão futuramente,I por irãne
"de manhã, cuidando de sua comida",Ko'ẽme gûemi'urama resé onhemosaînana
suas palavras ásperas não cessam,I nhe'engasy n'opabi
uma coroa de espinhos enroscados,-Mba'epe onong i akanga 'arybo? -Îuatĩ-apapûara apynha - Que puseram sobre sua cabeça?
o que conta o que não sabe bem,O eminguá-katue'yma oîmombe'uba'e
confessar-se a cada ano,Seixu îabi'õ nhemombe'u
curral de vacas,tapi'irokaîa
fazendo-a estar como presa de aguaixaí,Agûaîxay rembiaramo i moingóbo
"ao longo do caminho, todo o caminho",pé pukuî
este é o meu princípio,Kó xe ypy
"este dia honramos nele, os judeus agiram em conjunto, com pedras, ficando a atirar em santo estêvão, quebrando sua cabeça","Kó 'ara îamoeté I pupé îudeus itá reropotyrõû, Santo Estevão apîá-apîábo, i akanga kábo"
estou preso nos ferros,Itá resé aín
os opostos daqueles pecados assim se enunciam,Aîpó tekoangaîpaba robaîara nã e'i
"não teve mãe, não tem corpo, não teve começo","N'i xyî, na setéî, n'i ypyî"
é muito medonho o diabo?,I abaeté-katupe Anhanga?
"fui a bom tempo, fui a propósito",Aûîebéramo asó
está pronto o guaitacá ou o filho do guaianá?,Sekoaûîépe gûaîtaká koîpó gûaîanã ra'yra?
porventura a tentação é algo semelhante a uma juçana?,Îusana abŷare'yma nhẽ serã tentação?
a ira de deus atrairás para ti mesmo,Tupã nhemoŷrõ nhẽ ereîxûé nde îoupéne
terra levantada,yby-'ama
quando ele peida,sepynõneme
"argumentei contra suas palavras, com efeito",Aînhe'engapypyk îepé
eu não enxergo,N'ama'ẽî
"ah, que bom seria se deus me levasse!",Marãîasûaramo Tupã xe rerasóû mã!
como as coisas devagar,A'é umanĩ mba'e gûabo
não porque eu fizesse algum mal,Na marã xe rekóreme ruã
"que lancemos fora nossa maldade, não acreditando nos pajés, em danças e rodopios","T'oroîtyk oré poxy, paîé rerobîare'yma, moraseîa, mbyryryma"
vou frequentemente,Asó py'i
prender tapuias,tapuîa rara
eu tenho mãos sardentas,Xe pó-pinim
até mesmo gritou comigo,Xe aká tekatunhẽ
irritando-se com o diabo,Anhanga pé oîemoŷrõmo
eu estou imaturo,Xe kyr
reunindo seus ossos no chamado vale de josafat,I kangûera reŷnhanga ybytygûaîa Îosaphat 'îápe
o que é igual a algo ou a alguém,îandûara
"viram somente muitas chamas de fogo, parecidas com nossas línguas","Tatá-endy-etá, asé apekũ-abyare'yma anhõ osepîak"
e portanto,emonãnamo é
"eu tenho buzina, eu buzino",Xe remimby
far-nos-ia remoçar cada vez que nós o comêssemos,Îandé o 'u îabi'õ îandé moybymo
"por isso mesmo, o que os agrada em alguma coisa transgride a palavra de deus",Nd'e'i te'e mba'e amõ resé i moîekosupara Tupã nhe'enga abŷabo
"fugiram dele, deixando-o","Oîabab i xuí, seîá"
topo da escada,mytamytá-ypy
"logo, vencendo os temiminós, habitantes daqui, frequentá-los-ei","Koromõ, keygûara temiminõ moaûîébo, asapekóne"
não cruzei suas palmas das mãos,N'asasabi i popytera
amai vosso criador,Pesaûsu pe monhangara
olhaste também com desejo para a vagina de alguma?,Erema'ẽ-nhemomotarype amõ rapopé reséno?
prensa de cana-de-açúcar,u'ubae'ẽ-yamĩsaba
menos ou menor que aquele,akûeîa gûyri nhote
ao amanhecer,ko'ẽme
"eu estou inchado, eu tenho calombos",Xe gûa'a-gûa'a
falei duramente,Anhe'eng-atã
prensa de espremer cana-de-açúcar,u'ubae'ẽ kambykaba
"mas não foste tu, porventura, que te atraíste pelas mulheres?",Na nde ruã-te-pakó kunhã ri ereîemomotá?
"esse é meu antigo enforcador, uma taturana, um tamanduá","Akó xe îubykarûera, tataûrana, tamandûá !"
vamos ver se fará hoje realmente algum milagre diante de mim,Oîmonhang ipó kori milagre amõ xe robakéne re'a
a água transformou em vinho,Y anhẽ monhangi kaûĩnamo
"o que bebe somente na medida, que acontece?","Oîá nhote kagûarape, marã?"
arei-o,Asyby'ab
aquieta-te verdadeiramente este é teu caminho,Nde arybé Anheté kó nde rapé
"está segundo minha medida, somente",Xe îá nhote
ao longo dos dias,ara rupi
"o que é frito, a fritura",i moxyryrykypyra
já todos os tamoios foram,Opá umã tamũîa sóû
estamos entrecruzados,Oroîekunasab
"por isso mesmo alguém, antes de se casar, confessa-se de seus pecados",Nd'e'i te'e abá o mendá îanondé onhemombegûabo o angaîpagûera resé
veio também sua panela para que os cozinhe adiante de mim,Oú bé senha'ẽpepó t'omoîy xe renondé
no mesmo dia em que tu a comeres cairá a morte em ti,Ara nde i gûaba pupé bé o'a te'õ nde reséne
ajuntamo-nos,Oronhemondysyk
balanço meu rabo,Aîmobabak xe rûaîa
"como ages embriagando-te de cauim? fazes o que não deves, então?",-Marãpe ereîkó kaûĩ suí esabeypó? Ereîkomemûãpe a'ereme?
"ó meu filhinho, em um momento desapareceste de mim!","Xe membyrĩ mã, korite'ĩ-aíb-eté erekanhem xe suí"
"que vos preocupeis muito com ele, ensinando-o acerca da doutrina","Ta penhemosaînãngatu sesé, nhembo'esaba resé i mbo'ebo"
o que profere as ladainhas,Ladainhas ra'angara
detestando-se em seu coração,O py'ape oîeroŷrõmo
come ainda,Okaru bé
mas meu fogo apagou-se,Xe ratá-te ogûé!
"para ensinar as pessoas, assim procedeu",Oporombo'ebo nãîabé sekóû
"seu sangue era muito, na terra escorrendo, dentro do horto","Sugûy turusu, ybype osyryka, mityma pupé"
"eis aqui também a ingapema pintada, para que arrebente a cabeça dos malditos","Kó bé ingapé-kûatiara, t'aîakã-mombuk muru"
censuram? quem?,Oporakakab? Abá?
"vem, dize o nome, ó sim, dos que tu venceste por aí","Îori, esenõî angá kûeîbo nde remimoaûîé"
acalentei-a,Aîmboyî
estou há longo tempo,Oîeí aîkó
voltou a viver dos que morreram,Omanõba'epûera suí sekobeîebyri
"certamente, eis que percebendo isso, deixei ontem minha casa","Aûîeté, kó anga andupa, aseîá kûesé xe roka"
cutuquei-o,Aîpekãî
"os bem-aventurados e os santos no céu, que vêem a deus, ultrapassam o número dos dias que o ano tem",Marangatuba'e santos ybakype Tupã repîakaretá osasá 'ara ro'y remierekó papasaba
eu sou agourento,Xe morangygûan
da mesma forma que fulano matou alguém há tempos,Mba'enakó ahẽ amõ îukáû akûeîme
parti-o pelo meio,Oîopytera rupi aîasy'ab
lua cheia,îasy-obagûasu
"intervalo de água, ilha",y-pa'ũ
"o que é raro, poucas vezes visto ou que se não acha a cada passo",setapokãba'e
eu estou estirado,Aîepysó gûitupa
tosta alguma farinha,Esapek u'i amõ
sara mesmo minha alma somente com tuas palavras,opûerab é ipó xe 'anga nde nhe'enga pupé nhote
"vingar-me-ei dele no futuro, certamente",Aîepyk ipó irã seséne
na superfície das águas os peixes estavam,Y ape'arybo pirá kûáî
suas túnicas ficando a rasgar,o aobusu mondoró-ndoroka
quem deus fez primeiro como habitantes do céu?,Abá ranhẽpe erimba'e Tupã oîmonhang-ypy ybaka porama?
e a aproximação do parto de uma grávida não é causa de se ter medo também?,"A'epe muru'apora membyrasy kakara, na nheangûaba bé ruã?"
"a vida de minha alma, que eu perdi, fará devolver a mim",Xe 'anga rekobepûera xe remimokanhẽûera oîmoîebyrukar ixébone
o magro que convidei,xe remipoîangaîbara
esbofeteei suas têmporas,Aîatypetek
a crença no deus verdadeiro encheu meu interior,Tupã-eté rerobîara îaîporaká xe ybỹîa
"esses, na verdade, não honram a deus",A'e ipó Tupã n'omoangaturami
vomitaste cauim quando te encheu?,Ereîmoîebyrype kaûĩ nde poesemõneme?
o que batizou não pode casar-se com aquela que batizou,Oporoerokyba'epûera nd'e'ikatuî omendá o emierokûera resé
"o que é igual a algo ou a alguém, a igualha de, o igual de",îabendûara
não perdoa,N'i nhyrõî
visito os aposentos dos índios,Aîosub abá koty
aos tapuias trouxe as velhas de além de magueá,Tapuîpe gûaîbĩ aru amõ Magûeá suí
anuncia os que serão casados na igreja nos feriados,Ogûeronhe'eng i mendarypyrama Tupãokype marãtekoabe'yma pupé
por ocasião de meu retorno,xe atimandápe
fi-lo mal,Aîmonhã-memûã
"na verdade, somente estas retirei dos malditos",Kó nhõ anosẽ îepé moxy suí
que nós sejamos corajosos,T'oré pyatã
logo que vim,xe rura rupibé
"atravessando o céu, foi, deixando-te","Ybaka rasapa, osó, nde reîá"
tão logo vindo ele,Oú abé
o senhor deus,Pa'i Tupã
transgride também aquele o que faz resguardo por causa do parto de sua esposa?,Oîaby bépe aîpó o emirekó membyrara resé oîekuakuba'e?
de madrugada levanto-me,Îeîbé apu'am
morador de pacatá,Pakataygûara
servi a comida dele,Asemi'u-erokûab
eu tenho os buracos da orelhas tapados,Xe apysakûá-îe'o
eu tenho o coração palpitante,Xe py'a-tytyk
"atrás de uma cerca feita de pedras, tomou a casa dos animais de criação como sua pousada",Ybyrá itá monhangymbyra kupépe so'o mimbaba roka ogûar og upabamo
"rapei-lhe o queixo, barbeei-o",Asendybá-apin
pranteando o que o visita,O supara rapirõmo
muitos meninos,kunumĩ-etá
ele é azul,Soby
mulher de baixa estatura,kunhã-mirĩ
"esse santo a vida de seu mestre escreveu para nós, deixando-a","Kó santo o mbo'esara rekopûera erimba'e oîkûatiar îandébo, seîá"
deram-lhe de beber?,-Oîmo'y'upe gûá?
defequei,Aka'apîasó
"parida, mulher que gerou filhos",membyrasara
o que entra para junto de mim,xebe teîkeara
sou novato nisto,ikó ramõ - ser novato - Aîkó ramõ anga resé
estando aflito,tekotebẽboramo oîkóbo
tendo falta do acompanhamento da farinha,U'i tyrama resé ekotebẽmo
eu tenho cachaço grande,Xe aîurupygûasu
sei lá!,Sé ruã!
mas os guardiães da gente são os anjos?,Asé rarõanamo-tepe karaibebé rekóû?
o namorado de tua filha,nde raîyra aba'yba
fogo em que se elimina a dívida de nossos pecados,Tatá asé angaîpaba repy mondykaba
eu sou temporão,Xe ranhẽ
"são um único e mesmo deus esse deus-pai, deus-filho e deus-espírito santo?","Oîepé Tupã memẽpe a'e Tupã-Tuba, Tupã-Ta'yra, Tupã-Espírito Santo?"
replico a pero,Aînhe'ẽpoepyk Pero
tendo também coroas vermelhas e brilhantes,Akanetá-pyrã-beraba reroínano
ele dorme não o acordes!,Okerĩ Nd'eremombaki!
eu vos mato,Ixé opoîuká
"é no final da missa que entras sempre, manifestamente consciente?","Missa mondykápe épe ereîké îepi, nde îesûere'yîpe?"
alimentar os famintos,Ambyasybora poîa
fazendo estar os outros bem longe dele,I xuí-katu amõba'e rerekóbo
"importuna-me bem, irritando-me muitíssimo, aquela lei nova","Xe moaîu-marangatu, xe moŷrõ-etekatûabo, aîpó tekó-pysasu"
o que tem a bem-aventurança é o que é pobre por sua própria vontade,Tekokatueté rerekoara o emimotarybo é i mba'ee'ymba'e
curaste os doentes,Eremombûeîrá mara'abora
em deus somente faze estar tua alma,Tupana ri nhõ nde 'anga eîmoín
a mortandade da caça,so'o paba
o sol eclipsa-se,Kuarasy onhemoputun
"destruiu outrora os tamoios, os valentes","Tamũîa, kyre'ymbagûera, omombab erimba'e"
tomaste o animal que a onça matou?,Ereîápe so'o îagûara remiîukapûera?
eram muitos os que estavam a castigá-lo?,- Setápe i nupã-nupãsara?
dizem que o homem fez assim antes,Emonã îé abá rekóû raẽ
mas não castigará o homem seu filho e seu escravo?,N'oînupãî xûé-tepe abá o a'yra o embiaûsubane?
separemos os que assim procederam,Emonã tekoarûera îaîpe'a
que dê hoje a nós seu filho muito belo,T'oîme'eng kori îandébo o memby-porangeté
ajudas teu pai e tua mãe?,Ereîpopytybõpe nde ruba nde sy abé?
ele é pequenino ta'yrĩ'i-nhota'ub - ele é pequenino,Ta'yrĩ'ĩ
moderei-os,Anhonen
zune como o vento,Ybytu îabé osunung
enterrai-me vós,Xe aty peîepé
"eu estou febril, eu tenho febre",Xe rakub
"espera, eu hei de ir primeiro","Eambé, xe ranhẽ t'akûáne"
as boas obras dos que são bons,i angaturamba'e remimonhãngatu
cova da nuca,atuá-pyko'ẽ
ao vir a lua para visitá-la,o supa îasy rureme
quando a ave bate asas,gûyrá pepekeme
o sol certamente brilha após passar a grande noite,"Kûarasy nipó oberá, putunusu kûab'iré"
eis que sobre o capim ele está deitado,Kapi'i sosé kó tuî
de que espécie será que é isto?,Marãba'e-p'iã ri?
"sou íntimo deles, isto é, sou o que eles honram",Semimoetéramo aîkó
dobrei-o,Aîapapûar
eu somente beberei tudo,Xe nhõ a'u pakatune
eu tenho palavras afáveis,Xe nhe'engangaturam
"tendo saudades do nenenzinho, vim de minha casa","Pitangĩ repîaka'upa, aîur xe roka suí"
entraste com ele em teu aposento?,Ereroîképe nde kotype?
que eu afaste o proceder antigo para que não esteja no mal,Tekopûera t'aîpe'a t'aîkó umẽne marani
"o nome da terra deles é mboijy, ali assando-os e comendo-os","Setama rera Mboîy, a'epe i moîypa, i gûabo"
trouxeste tua caixa?,Ererupe nde karamemûã?
"qual era, mesmo, o nome dele?",Marã-takó ahẽ rera?
eram bons na totalidade quando deus começou a criá-los?,I angaturam sykype erimba'e Tupã o monhang-ypyreme?
perdoa também deus a nós?,I nhyrõ bépe Tupã asébe?
"hei de ir cumprir essas palavras, juntando muitos dos meus servos","T'asó aîpó nhe'enga mopó, xe boîá reŷnhangetábo"
comecei-o,Aîypymoín
não diferem uns dos outros,N'oîkoéî o îosuí
"ah, oxalá eu sofresse por deus muitíssimos infortúnios!",Aîporará temõ Tupã resé mba'easy katupabẽ mã!
em teu nome guardo-me,Nde rera pupé anhenong
era muito grande aquela cruz?,Turusu-katupe a'e cruz erimba'e?
"flechei todos eles, capturando-os, amarrando-os","Aîybõ mbá, i pysyka, i apytĩamo"
mancebo de pouca idade,kunumĩgûasu-kakuabamo
"espremeste-te após alguém fazer sexo contigo, não querendo filhos?",Ereîeamĩpe nde resé abá rekó riré nde memby-potare'ymamo?
aqueles pregados junto dele também,Aîpó i pyri i moîarypyrûera abé
eu sou um circuncidado,Xe api'a
reparti-os pela metade,Oîopytera rupi aîmoîa'ok
mas não se esforçam esses por aprender sempre?,N'osa'angi-tep'akó nhembo'e ko'arapukuî?
o cauim está pela metade da vasilha somente,Kamusi ku'a rupi nhote kaûĩ reni
sou traidora de meu marido,Amondarõ xe mena suí
"por isso mesmo, até a terra que a gente pisa detesta os cadáveres daqueles",Nd'e'i te'e yby asé purungaba tiruã aîpoba'e re'õmbûera reroŷrõmo
não irás futuramente à guerra?,Nd'eresóî xópe irã gûarinĩ?
"adivinha, vamos ver, o que bateu em ti!",Eîkuá ra'u nde ri opûaryba'e!
por dois meses,mokõî îasy
nós somos gêmeos,Kõîgûera oré
eu tenho uma grande grenha,Xe 'abebogûasu
guarda-te de o levares,Teumẽ teké serasóbo nhandu ruã
gosto de carne,so'o ré
"as porções miúdas dela, o refugo dela",i akytãmbûera
"coisa quente, quentura",mba'e-akuba
comunhão a cada páscoa,Páscoa îabi'õ tupãrara
dá-me ânsia de vômito minha comida,Xe mbouk xe remi'u
entremeei-as,Aîmoîoparab
dormiste com ódio muitas vezes?,Ereroker-etápe îoamotare'yma?
é ele o que dá o bem desses,A'e aé koba'e katu me'engara re'a
"diante deles os diabos ajuntando-se, querendo engoli-los","Sobaké Anhanga onheŷnhanga, i mokona motá"
tenta-nos demais o diabo?,Asé ra'angetekatu Anhanga?
"o bondoso são lourenço guarda vossa terra, elevando-vos","São Lourenço-angaturama osarõ nhẽ pe retama, pe mopu'ama"
furo orelhas,Anambi-kutuk
lembrai-vos da morte,Penhemoma'enduar te'õ resé
isso é o que é destinado a mim,Xe resendûara ebokûea
não lhe quis fazer mal o neném compadecedor,Nd'îaîmomarã-potari pitangĩ-moraûsubara
maltratar a seu próximo,o apixara rerekoaíba
já tinha dado judas aos judeus o meio de reconhecer nosso senhor?,Oîkuapá-me'eng umûãpe Îudas Îandé Îara îudeus supé erimba'e?
catei-lhe a cabeça,Aî'abiú
pão que porta a vida para os amigos de deus,Miapé tekobé îara Tupã raûsupara pé
como disse pilatos aos seus aprisionadores?,Marã e'ipe Pilatos serekoaretá supé?
meios de contar das duas mãos da gente,mokõî asé pó papasaba
lambi-o,Asereb
meu sobrinho,xe ri'yra
fiquei carregado com ele,Ambosyî ahẽ resé
"fez-lhe perguntas de novo, mas não achando maldade alguma dele","Oporandu benhẽ, n'i angaîpaba amõ supé ogûasema ruã-te"
vem para me adornar,Eîori xe moîegûaka
"ele está enferrujado, ele tem ferrugem",Sepoti
eis que até mesmo contra deus murmura,Tupã resé tiruã kó nhe'enga reîtyki
água é o que não tem essa ilha,Y angaba'eamẽ ebokûé 'ypa'ũ
"engolir-me-á hoje, como sempre","Xe mokõ kori, îandune"
sofre pela gente,Sosang poresé
vários homens brancos são pecadores,Karaíba amõ amõ i angaîpá
fiquei-o contando,Aîkuabe'u-be'u
em que parte do corpo ele o flechou?,I mba'epepe i nhybõû?
por que mais a gente reconhece o dia dos santos?,Mba'erama ri bépe asé santos 'ara kuabi?
eu estou debilitado,Xe aíb
afio-a,Asaembe'e
querendo nossa preocupação com o futuro estado de nossa alma,Îandé 'anga rekorama resé îandé putupaba potá
"na verdade, não são conhecedores das coisas","Anhẽ, n'i tekokuabi"
enforquei-o,Aîubyk
deixei ontem minha casa para ouvir a missa dentro desta,Aseîá kûesé xe roka kó pupé missa rendupa
a partilha entre si de suas obras por deus,Tupã resé marã o ekó o îoupé moîa'oîa'okaba
como diz a outra petição da gente?,Marã e'ipe amõaé asé îeruresaba?
como se eu fosse lá,A'epe xe só îaramẽ
detestas completamente a confiança dele em si mesmo?,Ereroŷrõ-mbápe o îoesé i îerobîara?
obedeço às palavras dele,Aînhe'engapîar
mortandade de gente,mbaba
"ruim por ruim, ele é, de fato, um pouco melhor",Ahẽ nakó i angaturã-be'ĩ
fica aumentando sua bondade,I angaturama nhẽ oîrumõ-rumõ
escondo-me bem,Aîemĩngatu
os chefes velhos falam sempre a eles,Morubixaba tuîba'e onhe'eng memẽ i xupé
"eu mesmo, como se viu, já vos disse isso",Ixé aé ã a'é umûã nakó peẽme
vós mesmos vos danais ao ficar perturbando esta aldeia,Peẽ aé peîekûá kó taba pobu-pobu
esfalfei-o,Aîmoa'ypab
todos e quaisquer homens que morreram com o amor a cristo,Pabẽ abá tetiruã Cristo raûsuba bé ogûeromanõba'epûera
queimei carvão,Asapy tatapynha
"rio acima, a montante",y-apyrakoty
"leva-o, olha lá!",Erasó ké raré
"vinde, levai os malditos, erguendo-os, embrulhando-os","Peîori, perasó muru, supi i pokeka"
queimo campinas,Akusu-mondyk
"antigamente frequentavas nossa terra, amando-a","Akûeîme eresapekó oré retama, saûsupa"
barreei a casa com terra,Oka aîyby-apetek
por que seria que? por que razão haveria de?,marãpemo?
tomei-lhe a dianteira,Asapekysym
como reza aquela outra petição nossa?,Marã e'ipe amoaé asé îeruresaba?
parece voar,Obebé-berame'ĩ
"poucos nesta aldeia moram, estando a salvar-se","Mokõnhõ kó taba pupé sekóû, oîepysyrõ okupa"
estai aqui esperando-me,Iké nhẽ peîkó xe rarõmo
"vem, mãe de meu senhor, para fazê-lo estar contigo dentro de minh'alma","Eîori, xe îara sy, xe 'anga pupé serupa!"
mulheres virgens que morreram com seu corpo incorrupto,Kunhã-kûare'yma gûeté-marane'yma bé ogûeromanõba'epûera
"o que esgota verdadeiramente o cauim, esse é o fazedor de mal","Kaûĩ mboapŷareté, a'e marã monhangara"
este outro,ikó-te
por sua morte deus-pai bem perdoa a nós?,Se'õagûera resépe Tupã tuba nhyrõngaturamo asébo?
vós mentis,Pe îuraragûaî
com ele honrando-te,I ndibé nde moetébo
eu sou de pequeno tamanho,Xe ra'yrĩ-a'ub
ajuntamento de pedregulhos,itakurubi-tyba
eu tenho muitos parentes,Xe mũetá
trazendo o resplendor de deus,Tupã beraba reru
"quem, hoje, é como eu?",Abápe kori xe îá?
por isso mesmo os que conversam com eles transgridem a palavra de deus,Nd'e'i te'e i mongetasara Tupã nhe'enga abŷabo
vida longa de minha alma,xe 'anga rekó-puku
adiantei-me,Akûabĩ
"serão bons, doravante, os que eu guardo de costume","I angaturam, ko'yré, xe remiarõ îandune"
narrar as coisas segundo o modo em que deus o instruiu,Tupã o motekokuapaba rupi mba'e mombe'u
"os habitantes do céu afligiram-se, vendo-o humilhar-se",Ybakygûara onhemoputupab i nhemomoreaûsuba repîaka
manchas diversas,pará-paraba
antes sua ida para junto dele no céu que sua ida para o inferno,Ybakype i pyri o só îanondé Anhanga ratápe o só suí
"o que quer mal, o que detesta",amotare'ymbara
como o confitente procede?,Marãpe nhemombegûara rekóû?
será que é por isso que deus transformou a costela de nosso pai primeiro no corpo de sua esposa?,Emonãnamo serã Tupã îandé rubypy arukangûera nhẽ monhangi semirekó retéramo?
"será que é um morcego, uma borboleta ou uma cuíca?","Andyrá ruãpe é, panama koîpó gûaîkuíka?"
ela requeima,Taî
arranquei-lhe a casca,Aîpé-'ok
queimo-o,Asapy
dá anzóis para mim,Eîme'eng pindá ixébe
eu tive vertigem,Xe resagûyryb
trabalho com mariscos,Paranãmbora ri aîkó
"que possa nossa alma crer nele, anunciando-o todos os dias",T'e'ikatu oré 'anga serobîá i mombegûabo 'aré-'arebo
cobriste tua esposa quando sucedia o sangue dela ?,"Ereîopykype nde remirekó, sugûy sekóreme?"
"arrepende-se muito de sua maldade, não querendo repeti-la",Oîmboasy-katu o angaîpaba seroîeby-potare'yma
a graça que ele dá não acaba,Graça semime'enga n'opabi
"passaste à frente de tudo, nosso inimigo vencendo para sempre","Opá ereîopûã, oré sumarã reîtyka memẽ"
bendita és entre as mulheres,I mombe'ukatupyramo ereîkó kunhã suí
"são sebastião também, o que cuidava das guerras, destruiu os tamoios, os valentes","São Sebastião abé, marana rerekoarûera, tamũîa, kyre'ymbagûera, omombab erimba'e"
"ah, quem me dera bater nele!",Apûar temõ sesé mã!
"tempo, lugar, modo, finalidade, etc de comer, de pastar",karûaba
ameaço-o muito,Aîmomboî-katu
"entregando tua alma, que deus dignifica, para o diabo",Nde 'anga Tupã remimomba'eté me'enga anhanga pé
toco de braço,îybá-asyka
"em caso de divulgação de sua morte, o próprio padre responsável por ele que o julgue","Se'õagûera rerapûaneme, abaré serekoara aé t'osekokuab"
sendo mãe de deus é que ela é a causa verdadeira da bondade dele,Tupã syramo oîkóbo é i angaturambabetéramo sekóû
todos eles voltaram para trás,Opá i îeakypûereroîebyri
reflexo ou resplendor do mar,paranãendy
"tu, finalmente, perdoa a mim",Nde nhyrõ-tene xébo
"que coisas, pois, hoje eu fiz?",Marã-marã-pakó îeí xe rekóû?
veio a aurora,Our ko'emytanga
hospedar os peregrinos,Atara mombytá
que desapareça vossa lei antiga,T'okanhẽ pe rekopûera
estou a ponto de ir vou daqui a pouquinho,A'ar apyrĩ - Estou prestes a cair Our apyrĩ - Está já para vir Asó apyri'ĩ
o que irá para o céu,ybakype soarama
as criancinhas também têm somente o pecado de nosso pai primeiro,Pitangĩ abé îandé rubypy angaîpaba nhõ ogûerekó
conhece o modo pelo qual o padre te tratou ao te batizar,Eîkuab abaré nde mongaraipápe nde rerekoagûera
estando de cor preta,Moroún oîkóbo
"mas não teve mãe, sendo deus verdadeiro?",N'i xyîtepe Tupã-etéramo oîkóbo?
vemos sempre as suas pegadas,Îasepîak îepi i pypora
"pedaço de roupa, retalho de pano",aopesembûera
a aldeia está assentada de comprido,Opukubo taba reni
tu foste torpe com alguma irmã de tua esposa ou com sua parente próxima?,Nde poxype nde remirekó asykûereté amõ resé koîpó i mũ-mbyryba?
"que estejamos perto de ti, espantando nossos inimigos","T'oroîkó nde ypype nhẽ, oré sumarã mondyîa"
tenho-a como minha namorada,Xe kunhã'ybamo arekó
eh! onde ele está?,Tó! Mamõpe ahẽ rekóû?
estou na penúria,Atyabor
vou beber cauim!,T'aka'une!
peca muito o homem que fica fazendo as pessoas fumarem?,I angaîpabetépe abá oporomopetymbûabo?
"perdoará hoje, certamente, a mim",I nhyrõ ipó kori ixébene
deus me atrai,Xe momotar Tupã
"jorro d'água, itororó, bica d'água",y-tororoma
mandam que os batizados honrem o domingo após nosso senhor o santificar com seu retorno à vida,Domingo momba'eté-ukari i mongaraibypyretá supé o ekobé îebyragûera pupé Îandé Îara i mongaraib'iré
"o que tem fama, o que é famoso",serapûanyba'e
não pode outra pessoa batizar em vez do padre?,Nd'e'ikatupe amõaé abá oporomongaraípa abaré suí?
"ó, hei de ir!","T'asóne, gûy!"
faze transformar os moradores do rio,Eîmonhangukar 'ygûara
a armadilha caiu,O'ar mundé
não nos deixes tu fazer cair em tentação,Oré mo'arukar umẽ îepé tentação pupé
pronuncia-o bem,Esa'ãngatu
"coisa cotidiana, o que é de cada dia",ko'arapukuîndûara
o que se casa bem contra sua vontade,O emimotare'yma-katu omendaryba'e
corda de rede,upá-sama
a que ingere veneno,mosangygûaba gûara
tu me escaldaste,Xe rũî îepé
pelo deus verdadeiro faço perguntas a ti,Tupãeté resé aporandub endébe
veio detrás de mim,Xe atuaî turi
que me guarde sempre,Ta xe rarõ memẽ îepi
nem por isso eu vou para longe,Naroîaî mamõ xe sóû
ambas as minhas coxas adormeceram,Opá xe uba îesyî
e confessaste que tu as roubaste?,A'epe ereîmombe'u a'e resé nde mondá?
"oxalá agora alguma pessoa, habitante do fogo do inferno, levantasse aqui na nossa multidão","Temone ko'yr Anhanga ratá pora, abá amõ opu'ama iké îandé re'yîpemo"
"tempo, lugar, modo, etc de estar em pé",ambaba
fibras esvoaçantes,pó-bebé
eu iria inutilmente,Îepémo asó
eu sou molengão,Xe membek
"isso não seria possível enumerar, ainda que o sol se pusesse!","Aîpó n'i papasabi, kûarasymo oîké îepémo!"
"e por outra parte, semelhantemente, o próprio mar será mais terrível do que é seu costume",Kokoty paranã aé rame'ĩ o abaetéramo erimba'e gûekoagûera sosé
queimar-vos-ão as chamas!,Pe rapy tataendyne!
obedecem-me bem os índios,Xe rapîakatu abá
faremos o que ele fez,Semimonhangûera îamonhangyne
"por aí, por ali, por esse lugar",eboûĩ rupi
não vi os de cá,N'asepîaki kybõygûara
eis aqui também meu rabo comprido,Kó bé xe rûaî-puku
eu sou tísico,Xe angaîbabîar
para onde será que eu irei?,Mamõ serã xe sóûne?
"são pedro puxou a espada, ferindo um amigo do chefe, chamado malco",S Pedro itangapema osekyî morubixaba rembiaûsuba Malko seryba'e apixapa
ajuntamento de búzios,gûatapy-tyba
não pode alguém casar-se com seu parente verdadeiro?,Nd'e'ikatuîpe abá o mũeté resé omendá?
"vai, pois",Ekûãî rõ
agitamo-nos,Orondururuk
fez-me arder as pernas,Xe retymã-moîosar
ajudei-o em suas palavras,Aînhe'ẽ-pytybõ
que mau é ele!,Tieté maniîabo a'e!
guardai-vos de serdes maus doravante,"Peteumẽ, pe poxyramo angiré"
rio direito,y-atã
"trespassaram suas mãos juntamente com seus pés, sobre a cruz pregando meu senhor","Îaîpó-asá-sá i py resébe, krusá sosé nhẽ xe îara moîá"
propondo ser bom,xe katurama momboîa
poucas vezes,amõamõme é
mas que faremos com estas muitíssimas riquezas?,Marã-tepe ang mba'e-katupabẽ orogûerekóne?
sinal de golpe com pedra,itá-pora
dentro de nosso coração colocando sua lei,Îandé py'a pupé sekó mondepa
"insultam-se as velhas, odeiam-se","Oîoa'o-a'o gûaîbĩ, oîoamotare'ỹ"
mostra o erro de minhas palavras,Eîkuabe'eng xe nhe'engaipaba
é usual os bons homens tratarem bem as pessoas,Sekoab apŷabangaturama i porerekó-katu
fazendo escorrer o sangue dele,Sugûy mosyryka i xuí
apresentei-o,Arokûab
vem para destruir o maldito,"Eîori, muru mombapa"
eu estou adoentado,Xe rekoruînhẽ
aproxima-se o nascimento de s joão,Okakar S João 'aragûera
eis que amanheceu,ko'ẽ kó
o pão que apanhou em suas mãos devolveu-o como seu corpo e o vinho como seu sangue,"Miapé o pópe o emiîara i moîebyû o etéramo, kaûĩ og ugûyramo"
"batendo numa mulher grávida, matando o bebê dela","Kunhã muru'abora resé opûá, pitanga îukábo i xuí"
eis que teu filho me fez mudar de idéia,Xe resaekoabok ikó nde ra'yra
talvez ele fosse se eu dissesse,Osó ipóne re'a gûi'îabo mona'ẽ
coisa beiçuda!,Mba'e-embegûasu!
eu sou torto,Xe apẽ
caso com uma mulher,Aîkó kunhã rupi
poucas vezes,amõneme é
a mãe de meus filhos,xe ra'ysy
chegamos sucessivamente,Orosy-syk
por confundir o inimigo sua alma,O 'anga sumarã o mbo'eaíme
"tem muito cauim, por acaso, meu avô jaguaruna?",I kaûĩgûasu-pipó xe ramûĩa Îagûaruna?
"faço a brincadeira, o jogo",Nhemosaraîa aîmonhang
quem não reconheceria ter comido algo bom?,Abámo mba'e-katu 'uagûera n'oîkuabi xûé?
trazei também a ingapema!,Ingapema bé peru!
a que é alforriada,i mokunhãetepyra
jazo de costas,Oatukupepyterybo aîub
"no final de minha fala, ele falou",Xe nhe'enga apyrûerype ahẽ nhe'engi
convenço-o,Aîmoapapub
"o que porta pestes, coisa pestilencial",mbabyîara
"que queimem em teu fogo, para que os pecados dos malditos tenham retribuição","T'okaî nde ratá pupé, ta sepy muru angaîpaba"
que me livre das dificuldades,Ta xe pysyrõ marãtekó suí
ainda que eu já tivesse ido,Aûîebé-temo xe só-umani
"tu te agitaste, querendo fazer-nos viver","Nde ereîemosusuni, oré moingobé-potá"
dizendo palavras más acerca de coisas nojentas,Mba'epoxy koty onhe'engaíbamo
as juntas de seus ossos afastando umas das outras,I kanga îepotasaba pe'abo o îosuí
"indo para fora, deixando de ouvir missa","Kûepe osóbo, missa renduba reîá"
"a dança é que é boa, enfeitar-se, tingir-se as pernas com urucu","Moraseîa é i katu, îegûaka, îetymã-gûanga"
fingindo fazer viver as pessoas,Oporomoingobé-mo'anga
tornou-te muito bondosa o senhor deus,Nde moangaturameté pa'i Tupã
"queimo-te hoje, como de costume!","Oroapy kori, îandu!"
"boquitorto, homem da boca torta",abaîuru-apẽ
fiz taipa de pilão,Aybysosok
"o que bebe somente o suficiente, que acontece?","Oîá nhote kagûarape, marã?"
"ponta de topete, pontinha aguda de cabelo que alguns têm na testa",Tetobapy-apûá
eu sou antigo filho de jetuú criei-me dentro dela,Xe Îetu'u ra'yrûera Anhemonhang i pupé
cuidado para não o levares,Erasó umẽ ké
"e onde está aquele limbo, morada das crianças que não foram batizadas?",Umãmepe a'e putunusu pitanga nhemongaraibypyre'yma rekoaba rekóû?
não hei de ir,Asó umẽpe ky
eu tenho um nervo encolhido,Xe raîyîeapar
faço-o ruim,Aîmoangaîpab
mostrando sua própria beleza mais que o sol,Kûarasy sosé o poranga kuabe'enga
tu te alegraste por alguém cometer furto delas?,Nde rorype sesé abá mondarõagûera resé?
"meu senhor, eis que eu não sou digno de que entres em meu coração","Xe îar, na xe angaturami ã a'emo ereîké xe py'ape"
"eu sou guaixará bebedor de cauim, grande cascavel, onça, trucidador de gente","Gûaîxará kagûara ixé, mboîtiningusu, îagûara, morapitîara"
curtinho,asangĩ
calos já duros,mbyru'apûera
lêndeas de piolho,mokyrana'yra
deste veneno para uma mulher grávida?,Ereîme'engype mosangygûaba kunhãmuru'abora supé?
com alegria honramos este dia,Tesãîa pupé kó 'ara îaîmoeté
raízes angulosas,sapopema
medi-o,Asa'ang
havemos de ir contigo,T'orosóne nde rupi
retribuindo seu regozijo com ele,O morybagûera poepyka
"quando a gente se batiza, põe seu próprio entendimento?",Asé îemongaraíme o 'ara moíni?
"salve rainha, mãe de misericórdia","Salve Rainha, moraûsubara sy"
tranca da porta,okena kokaba
que eu esteja contigo,T'aîkó nde irũ
aparei-o,Anhopan
"ajuntamento de cana-de-açúcar, canavial",u'ubae'ẽndyba
"um par de pares, quatro",oîoirũîrũ
"acabado isso, ele se casa",Aûîé-katu i mendari
aqui estou eu,Kobé aîkó
ameacei pedro com um pau,Asenopu'am Pedro ybyrá pupé
bem que o chamei,Îepé asenõî
meu senhor é que me mandou fazê-lo,Xe îara é xe pûaî sesé
sobre ela morrendo nosso senhor para nos resgatar,I 'arybo omanõmo Îandé Îara îandé repyme'engagûera resé
interesse pela lei de deus,Tupã rekó resé nhemoryryîa
eu estou maleitoso,Xe karasy
"coisa muito boa é a confissão, como modo de impedir, também, tua ida para o inferno",Mba'e-eté anhẽ nhemombe'u Anhanga ratápe nde sorambûera morambûesabamono
"compadece-te um pouco de mim, ó morte!",Xe raûsubá-mirĩ îepé te'õ gûé!
perdoa tu nossas maldades a nós como nós perdoamos aos que nos tratam mal,Nde nhyrõ oré angaîpaba resé orébe oré rerekomemûãsara supé oré nhyrõ îabé
"ah, quem me dera tivesse o padre um pouquinho de piedade de mim, mandando-me pôr em outra parte!","Xe raûsubá-mirĩ temõ abaré, amongoty nhõte xe moinuká mã!"
vou para a casa,Asó okype
eis que procuramos jesus de nazaré,Iesus Nazareno ikó orosekar
fi-lo meu senhor,Amombiaryîar
"eu hei de bem apanhar-te, na minha armadilha fazendo-te cair","Xe t'oropysy-katu, xe mundépe nde mbo'a"
querendo imitar os atos de nosso senhor,Îandé Îara rekoagûera ra'anga motá
ofereci-lhes comida,Asemi'u-erekûab
"capim que fica estalando, junco",kapi'ĩ-pururuka
fiz preparativos para receber o inimigo,Anhemosako'i tobaîara resé
"ah, quem me dera comer veneno para que eu morresse!",A'u temõ mba'eaíba mã a'emo nhẽ xe re'õû
estou tendo polução,Apu-apuk
eu estou atolado,Xe pykûab
esbofeteando suas faces,Setobapé sosoka
eu sou uma pessoa desprezível,Xe abangaíba
o que tem a bem-aventurança é o que não agride,Tekokatueté rerekoara onherane'ymba'e
não tem modo de o comer,N'i gûabi
eu tenho barba ruiva,Xe rendybá-aîub
endireitei-o,Aîaparok
"lava-o, fazendo brilhar meu coração","Eîmoîasyk, xe py'a moberapa"
descreve tua terra para mim,Emombe'u nde retama ixébe
"após entrarem em colapso o sol, a lua, a terra, o mar, então os anjos vêm","Kûarasy, îasy, yby, paranã rekomemûã roiré a'ereme karaibebé ruri"
estando eu,gûitekóbo
porventura fizeram-se muito maus os homens após se multiplicarem?,Onhemoangaîpabeté serã apŷaba o îeapyká-eté roîré?
traze os habitantes do paraíba para aumentar nossa terra,Eru Paraibygûara oré retama irumõmo
que espécie de mulher é santa maria?,Marãba'e kunhãpe Santa Maria?
eu não me afasto deles,Ixé n'aîeîyî i xuí
ocupando-me de ti,Nde ri xe nhemboryryîa
com ele,ahẽ pabẽ
"eu tenho palavras enganosas, falsas",Xe nhe'ẽ-puraké
passo jenipapo nele,passo jenipapo Aîîanypá-mongy
"portanto, esses são os mandamentos do senhor deus a nós",Irõ ianga Pa'i Tupã îandé rekomonhangaba
torno a trazer a roupa,Aroîebyr aoba
parto,Aîepabok
"terra avermelhada, barro",yby-pytanga
o nó dela,i puru'ã
é difícil essa língua,I abaíb aîpó nhe'enga
querendo furar os buracos das orelhas da gente,Asé apysakûá-puka potá
eu fiz confusão,Xe apaîugûá
teu nome,nde rera
eis que agora eu hei de perecer!,Akanhem kó ixé re'a
eis que aqui estou,Aín
queres ouro?,Ereîpotápe itaîuba?
ter-nos-iam amaldiçoado,îandé momburu meémo
injúria recíproca,îoa'o
meu filho!,Xe ra'yt!
acreditas em falsas oferendas?,Ererobîápe îetanonga'uba?
constituímos-te chefe,Oromoingó tubixabamo
quantos são os chefes principais por aqui?,Mobype tubixá-katu kybõ?
"que nos renovemos, repelindo completamente os costumes antigos","T'îanhemopysasu, tekopûera pe'apapa"
ordenei-o,Aîmoabaré
eu afrouxei,Xe apapub
"o que caça, caçador",ka'amondoara
sei lá!,-Abá ra'yrape ûĩ?! -Sé! -Filhos de quem eram esses?!
"já se juntaram por causa disso muitos moços bebedores de cauim, os pervertedores desta aldeia","Onheŷnhang umã sesé kunumĩ-etá kagûara, kó taba moangaîpapara"
minha família te ama,Xe anama nde raûsu
lançando palavras contra a lei de deus,Tupã rekó koty nhe'enga reîtyka
"descendo com seus choros, indo com seus gritos nem por isso eles acabarão","O îase'o rerogûeîypa, ogûasẽ-gûasema rerasóbo Ndaeroîaî xûé i pabine"
a mim é como que pedra,Itá berame'ĩ ixébo
"ah, como me importuna o fedor dele!",Xe moaîu-te i nema mã!
"sim, hei de ir para onde me mandam mesmo porque eu, em meu coração, assim quero fazer","Îé t'asóne xe mondoápe Memeté ixé, xe py'ape, emonã tekó potá"
indo eu para trabalhar,Ûiporabykŷabo gûixóbo
é muito terrível meu nome,I abaeté-katu xe rera
homem severo,abaposykyîe'yma
homem sovina,abá-pûapẽîara
sempre atam as mãos dos diabos,Memẽ anhanga popûari
mingau grudento,minga'u-pomonga
sairá também futuramente de lá?,Osem-y bépe irã eboûinga suíne?
hás de confessar primeiro tua atração por eles,Sesé nde nhemomotaragûera ranhẽ t'ereîmombe'u
"vamos, devagar, para queimar a terra dos malditos","T'îasó, mbegûé t'ixapy moxy retama"
o que é felpudo,sabiîuakytãba'e
mas que nós não paremos de chamá-la,Îandé-te îapyk umẽ senõîa
"se ele tem muita dor quando o empalidece e quando o deixa doente aquilo que se abrandará, quanto mais aquilo que não se abrandará","O moaîureme o momara'areme a'e i arybeba'erama biã sasyeté, memetipó i arybeba'erame'yma"
"se longamente ficas pranteando teus amigos ou teus parentes, por que não queres chorar nem um pouquinho por causa de teus antigos pecados?",Kype rakó ereín nde raûsupara koîpó nde mũ rapirõmo marãpe nde rekoangaîpagûera resé é nd'ereîase'o-mirĩngatutenhẽ-motari?
vou como teu substituto,Asó nde rekobîaramo
mas antes,-te nakó
eu sou nadador,Xe 'ytab
ele está feliz,Soryb
eu sou muito longevo,Xe rekosûé-katu
"todo o céu preenches, o mar e a terra firme também","Opá ybaka ereîmopó, paranã, yby abé"
faze perdoar a nós,Emoîerekûab orébo
"com pranto estai, como modo de louvar o que entra junto a vós, como modo de o receber","Îase'o rakó perekó peẽmo teîkeara moetesabamo, i mobasembabamo"
"enfim, esses temiminós não tomam a lei de deus, não a amam, não a acatam","Aûîé, kó temiminõ nd' ogûari Tupã rekó, nd'osaûsubi, n'omotybi"
"ambas as minhas coxas tremem, endurecendo","Opá xe uba îesyî, oîemoatãmo"
remédio portador de cura,mosanga mûeîrabyîara
"coisa cotidiana, o que é de cada dia",ara-îabi'õndûara
"melhor que isso me seria, pois, morrer",I xosémo nã ky xe re'õ
"a cobra, antes de fazer destruir a vida daquele que morde, deixa sua própria vida, ao pisarem sua cabeça","Mboîa o emindu'u rekobé mokanhemukar-y îanondé, o ekobé reîari o akanga patukasagûerype"
"aimbirê, vem diante de mim! apressa-te!","Aîmbiré, eîori xe robaké! Nde apûan!"
que vá guaixará para o fogo,Gûaîxará t'osó tatápe
a cobra deixa sua própria vida ao pisarem sua cabeça,Mboîa o ekobé reîari o akanga patukasagûerype
"são muitos os não conhecidos que deus somente, o criador deles, conhece",Se'yî i kuabypyre'yma Tupã i monhangara remingûaba nhõ
são filipe e são tiago são os que devem ser honrados neste dia,"S Filipe, STiago kó 'ara i moetepyra"
"ao vir eu, encontrei o que guardara","Xe rureme, asobaîtĩ xe remierekopûera"
querendo também que nós afrouxemos nossa carne,îandé ro'o îandé i momby'a-potáno
contaste para alguém que tu ficaste passando a mão em mulheres?,Ereîmombe'upe kunhã resé nde pokó-pokokagûera abá supé?
"ficamos bradando, como desterrados",Orosapuká-pukaî i pe'apyramo
"apoio-me sobre o braço, estando deitado",Aîeatyrung gûitupa
"assim tratada, uma pessoa certamente chega bem",Emonã serekopyra rakó abá obasẽ-porang
como a gente procederá para obedecer a deus?,Marãngatupe asé rekóû Tupã o apîaraûama rine?
toleraste as pessoas em sua crença no pajé?,Ereîmorype abá paîé rerobîaragûama resé?
"por isso, na verdade, é que a gente detesta o pecado mais que a morte?",Nd'e'i te'e ipó asé pecado moabaetébo te'õ sosé?
o nosso chamado à mãe de deus fá-lo sofrer muito,Tupã sy îandé senõîa oîmoasy-katu-eté
aparei-o,Asembe'y-kytĩ
por isso mesmo os homens erigem-te em dirigente deles,Apŷaba nd'e'i te'e o 'ybamo nde mo'ama
hei de mexer hoje as igaçabas,T'aîpobu kori ygasaba
tendo-lhe amor,Saûsuba rerekóbo
antigamente pescava bem os peixes,"Akûeîme, rakó, pirá asekyî-marangatu"
não quis em nós o assalto de nosso inimigo,N'oîpotari îandé ri îandé sumarã pu'ama
tenho-o na cintura,Xe ku'aî arekó
"derramando o seu sangue, ficaram a açoitá-lo","Sugûy mombukapa, îaînupã-nupã"
somos vizinhos uns dos outros,O îoamundabamo oroîub
"em baixo, na lájea",ybype
um certo judeu velho mostrou o lugar em que ela fora enterrada,Amõ îudeu-tuîba'e i tymagûera kuabe'engi
não se hão de esvanecer nem um pouco minhas palavras acerca daqueles futuros fatos,N'i rambûé-mirĩî xûé aîpó tekorama resé xe nhe'engane
tiveste amizade com um homem pecador?,-Ereîekotyápe abá-angaîpaba resé?
tu foste desonesto com alguma irmã verdadeira de tua esposa?,Nde poxype nde remirekó asykûereté amõ resé?
costumo alimentar gente,Xe poropoîxûer
deus-pai fez-te vir,Tupã Tuba nde mbouri
santificando-se na pia batismal,Moromoîasukaba pupé onhemongaraípa
"apoiando-me na vossa valentia, quero ir","Pe ratãngatu resé gûiîekoka, asó-potá"
ponta de pedra,itá-atĩ
eu tenho a pele quente,Xe pirakubor
a seu pai somente o homem obedece?,Og uba anhõpe abá osapîá?
resgatei os índios,Aporepŷan apŷaba
"vela bem por mim, mandando que não me façam cair","Ema'enãngatu xe ri, xe mbo'are'ym-uká"
"tu mentiste ao te confessares, disfarçando teus pecados?","Nde remo'emype nde nhemombegûápe, nde angaîpaba mo'anga?"
hoje eu deveria ir,Kori monẽ asó
dou roça a pedro,Aîkó-me'eng Pedro
cordão de contas,mbo'yrysy
"eia, que estejais alegres","Pene'ĩ, ta pe rory"
tornou-te mais formosa que ela,Nde moaysó-eté i xuí
"na verdade hei de me enfeitar, pretejando-me","Aûîeté pakó, aîegûak ûinhemoúna"
que é a morte?,Mba'epe te'õ?
hoje o matou,Kori i îukáû
"sábio fingido, pseudo-sábio",mba'ekugûapara'uba
"todo o céu preenches, o mar e a terra também","Opá ybaka ereîmopó, paranã, yby abé"
um frio que faz as pessoas tremerem muito,Ro'y oporomoryryîeteba'e
eu estou desinchado,Xe rurunhyng
invocam as mulheres o pajé caruara,Osekyî kunhã maîé Karûara
meu igual,xe arõana
dei-o por dar,Aîme'engĩ
lembrai-vos do que se sofre no inferno,Penhemoma'enduá Anhanga ratápe i porarapyra resé
o que enforcou gente,moroîubykarûera
"eis que, na verdade, esse ato é o que tem o dom de nos fazer fracassar",Anhẽ ã aîpó tekó îandé mopanem-y-îara
por causa de sua crença nele não duvidando,Serobîara resé o akasange'ymamo
casa de barro,nhau'umoka
fi-lo enriquecer,Aîmomba'e
inclina-se,-Oîerokype asé Cruz supé? -Oîeroky -A gente se inclina junto à cruz?
pescador com puçá-guaçu,pysagûasu-eîtykara
"vamos, devagar, para fazer o assalto","T'îasó, mbegûé, îapu'ama"
em que ocasiões a gente se confessará?,Mba'e-mba'eremepe asé nhemombe'une?
dou topadas no esteio,Aîapi okytá
lenitivo de minha fome,xe ambyasy posanga
licor de aipim,aîpi 'y
"a dança é que é boa, enfeitar-se, avermelhar-se, ficar fazendo feitiços","Moraseîa é i katu, îegûaka, îemopyranga, karaimonhã-monhanga"
o que tem olhos que são luxuriosos,sesá-poropotaryba'e
"hei de me confessar ainda hoje, antes de me surpreender a morte","T'anhemombe'une kori bé, te'õ xe resapy'a e'ymebé ká"
hei de comer todo o banquete de jacaré-guaçu!,T'a'u pá Îakaregûasu pepyra!
hei de ver tua face,T'asepîáne nde robá
lavou-se as mãos à vista da multidão,Oîepó-eî te'yîa remiepîakamo
arranca de minha casa a poeira dos pés,Eîpytybyrok xe roka
"por acaso estava o maldito com a cintura fendida, balançando?",I ku'a-bok serã moxy oatimunga?
rapariga,kunhataĩ-a'uba
as juntas de seus ossos afastando umas das outras,I kanga îepotasaba pe'abo o îosuí
tenho-o como meu par para dança,Xe andaramo arekó
guardai-vos de serdes maus doravante,Peteumẽ pe poxyramo angiré
"dentro dele está jesus cristo, em todo o seu ser e em seu espírito","I pupé Îesu Cristo rekóû, o ekó îakatu tenhẽ i 'anga abé"
rangem-me os dentes,Xe rãî-ngyrỹî
"queimo-te hoje, como de costume!","Oroapy kori, îandu!"
forçaste uma solteira antes de lhe fazer mal?,Ereîukaípe mendare'yma i momoxy îanondé?
não o deixo de querer,N'aîpotare'ymi
aproximei-me de guenum,Arokakar Gûenũ
o que não recebe a deus a cada quaresma,Îekuakubusu îabi'õ Tupã ogûare'ymba'e
"eu açouto gente, de costume",Xe poronupã îá
eu sou ladrão,Xe mondá
abre a porta de tua casa,Esokendabok nde roka
"corrige-os, censura-os, para que queiram livrar-se do inferno","Enonhẽ, eîakaká, t'oîepysyrõ-motá anhanga ratá suí"
tiro a sua ferrugem,Aîkytyngok
esbofeteio as costas de suas mãos,Aîpokupé-petek
eu estou adoentado,Xe rekoruruînhẽ
"eu estava, mesmo, esquecendo, não que o quisesse omitir","Xe resaraî é gûitekóbo, n'aseîá-potá ruã!"
"estas rãs, minhas presas, que as comas","Ikó îu'i, xe rupîara, t'ere'u"
eu tenho olhos zarcos,Xe resá-îub
enruguei-me,Anheãî
arraia pitoca,îabebyrasyka
querem afugentar-te,Nde monhegûasẽ-motá
vou como catador de pedras,Asó itá piaramo
guarda-te de o levares,Teumẽ ké serasóbo rá
"eu sou o grande tamoio aimbirê, uma sucuriju, um tauató","Xe tamuîusu Aîmbiré, sukuriîu, tagûató"
"transtorno o coração das velhas, irritando-as, fazendo-as brigar","Aîpobu gûaîbĩ py'a, i moŷrõmo, i momarana"
chumbada do anzol,pindá posyîtaba
"ao chegar o dia oitavo , cortaram seu prepúcio","Mokõî oîoirundyk oito 'ara sykeme, i 'apira mondoki"
apertei meus passos,Aîmoatã xe rapupa'ũ
não seremos miseráveis,Nd'oré poreaûsubi xûéne
tu costumas levantar-te diante de teu pai?,Nde pu'amixûé nde ruba pé?
não pode com ela casar-se enquanto a mantiver em esconderijo,Nd'e'ikatuî sesé omendá mimbápe serekó pukuî
eu sou pecador como meu pai,Xe ruba rupi é xe angaîpabamo
não me mexo,N'amyĩ
eu tenho olhos enevoados,Xe resá-oby
mesmo o que assassina na guerra ?,Gûariniãme oporapitiba'e tiruãpe?
"ao comer junto de seus discípulos antes de sua morte, no dia posterior",Oîrã o e'õ îanondé o emimbo'e pyri o karûápe
ainda que eu já fosse,Aûîebé-te xe só-umani
"há bem pouco tempo, agora há pouco, agorinha mesmo","kûesé-té'ĩ, kûesé-té'ĩ-mbyryb, kûesé-té'ĩbé, kûesé-bé'ĩ, kûesé-pyryb"
jazo imóvel,Aîubé
que fez neste mundo depois que cresceu?,Marãpe sekóû ikó 'ara pupé o kakuab'iré?
eu hei de ir primeiro,Xe ranhẽ t'akûáne
escaparão futuramente os animais quadrúpedes?,Okûabépe irã so'o?
"e por outra parte, semelhantemente, o próprio mar será mais terrível do que é seu costume, as ondas fazendo grande estrondo",Kokoty paranã aé rame'ĩ o abaetéramo erimba'e gûekoagûera sosé yapenunga ryapugûasuramo
eu tenho cabelo crespo,Xe akangaíb
não me faças demorar,Xe mombuku umẽ îepé
eu sou bem feito,Xe aysó
detestando-os mais que tudo o que se deve detestar neste mundo,Seroŷrõmo opakatu ikó 'ara pupé seroŷrõmbyra sosé
eu sou elegante nas palavras,Xe nhe'ẽ-matueté
eu estou fendido em diversas partes,Xe îurubó-bok
"eis que sofrem muito, tendo sua vida envergonhada",Sasyeté niã ogûekomara'ara reroína
o que está vestido,iî aoba'e
"não deve ser, não será assim","aan ipó, aan ipó biã"
"tão logo ao sair a alma da gente de seu próprio corpo, seu envoltório, deus a julga","Ogûeté suí, o uru suí, asé 'anga sẽme bé, Tupã sekomonhangi"
"jogou o pagamento por seu senhor no templo, indo finalmente enforcar-se",O îara repypûera reîtyki Tupãokype aûîé osóbo oîeaîubyka
as que vão para o purgatório,Purgatório pupé osoba'e
deve ter ido,Osó ipó re'a
"ah, se viesse!",Tera'ute oú
"dormiu demais seu cadáver, estando deitado no lugar em que o puseram?",Okeretápe se'õmbûera o mondebagûerype oupa?
"é visto, com efeito, que ela conserva a incorruptibilidade dos cadáveres daqueles",Sepîakypyra niã aîpoba'e re'ombûera o marane'yma rerekó
não ficou ninguém no campo de batalha,N'opytáî amõ abá maranápe
"esta agia assim, longe de ti",Emonã rakó sekóû nde suí
envolvendo seu rosto com véus,Aobybĩ pupé sobá ubana
nada,-Mba'epe aûîeramanhẽ serekopyrama ikó 'ara pupé? -Aani ã biã - Que é o que será conservado para sempre neste mundo?
"desvirginaste alguma menina, furando-a?","Ereîmombukype kunhataĩ amõ, i mokûá?"
"pensai que, algum dia, a morte virá para bater em vossas portas, em despreparo, surpreendendo-vos","Penheangerekó amõ 'ara pupé te'õ pe rokena motaka turagûama resé é, nhemosako'ie'yma pupé, pe pokosupa"
"no meio da terra fazendo um fogo inextinguível, que não se apagará",Yby apyterype tatá-amororé ogûeba'erame'yma monhanga
"cinzas do alguidar, da bacia, feitas pelas chamas",nha'ẽpesẽ-uba
"envergonha-se o sol de nascer, diante de teu brilho","Otĩ kûarasy osema, nde beraba robaké"
não me acostumei,N'aîepokuabi
"após aquele revirar-se do mundo, então os anjos vêm",A'e 'ara îepubur'iré a'ereme karaibebé ruri
o que entrou em vossas almas,Pe 'angyme oîkeba'epûera
convés da embarcação,ygara rokabytera
"que bom que existes, ó meu senhor!",Aûîebeté ereîkó xe îar-y gûé!
eu fico salivando,Xe rendy-rendy
"de uma só parte, de um só lado",amongoty nhõ
eu sou travessa,Xe resaarũaíb
tua bondade não cessa,Nde angaturama n'opyki
"envergonhai-vos aqui também, após terdes amado as coisas más",Penhenotĩ iké bé mba'e-memûã raûsub'iré
"armação de fios, roca de fiar",inimbó-'yba
agradeci-o,Aîkugûab
"olha, arrasamos todos os tupinambás que estavam no paraguaçu","Ma'ẽne, tupinambá Paragûasupendarûera opakatu îamombá"
eu não tenho com que bater,Na xe pûasabi
tirante a vermelho,pyrangaíb
o bom do pedro,Pero angaba
"eia, hei de ir contigo","Ne'ĩ, t'asó nde irũmo"
a abertura da saia dela,Iî ikeboka
"ah, quem me dera esconder alguma coisa do fulano!",Anhomim temõ ahẽ mba'e amõ mã!
fiz-lhe cócegas,Aîmokyxyk
entristeci-me,Anhemoingotebẽ
tive a segunda menstruação,Aîeporero'ypok
"caem às vezes os frutos de suas árvores sendo ainda flores, outras vezes em seu estado verde, outras vezes caem após madurarem","Okuî rakó amũme 'ybarambûera o 'yba suí 'ybotyramo oîkóbo bé, amõ rakó ogûakyra pupé i kuî, amõ rakó ogûaîub'iré i kuî"
no seu próprio ombro levanta a cruz,O ati'yba ri kurusá osupi
não somos diferentes,Nd'oroîoabyî
a gente não come carne de caça no dia de jejum,Nd'o'uî asé so'o îekuakuba 'ara pupé
aumentaram as riquezas para mim,Ono'ong mba'e ixébo
esses estão implícitos nos que dizem como?,Marã e'iba'e pupépe aîpoba'e ruî?
torrei-o,Asa'embé
um prisioneiro fazeis-me sempre libertar,Mundepora amõ îepé peîmosemukar ixébe îepi
tomamo-lo de ombro a ombro,Oîoybari orogûar
teu costumeiro desejo sensual não se separava verdadeiramente de ti,Nde poropotarixûera nd'o'ir-etéî nde suí
cortei um pedaço dela,Aîasy-'ab
acariciaste tua namorada com quem brincaste desonestamente?,Ereîmomorangype nde kunhã'yba nde i moîaruagûera?
gargalo fino,anhurĩ
os homens estão acostumados comigo,Apŷaba xe pokuá
eu estou calombento,Xe asur
os homens que roubam mulheres,Apŷaba kunhã ri i mondaba'e
"que lancemos fora nossa maldade, não acreditando nos pajés","T'oroîtyk oré poxy, paîé rerobîare'yma"
aqui estamos alegrando-nos para festejarmos teu dia,Kó oroîkó oronhemborypa nde 'ara momorangápe
os beatos e os santos que deus faz ir consigo para o céu são muitos,Marangatuba'e santos ybakype Tupã remieroîeoîa setá
"após acabar este desterro comum, faze a nós vê-lo",Ikó îope'asagûera syk'iré esepîakukar orébe
eis que veio o que me entregará,Aîpó xe me'engarama ruri
"carreirão, caminho pequeno para quem vai a pé",pé-mirĩ
"eu sou guaixará bebedor de cauim, comedor de gente","Gûaîxará kagûara ixé, morûara"
tu te entristeceste ao alguém tratar bem teu próximo?,Nde arurupe abá nde rapixara rerekó-katureme?
estou dependurado,Aîasekó
"saco, teia ou teagem dos miolos",aputu'ũ-aoba
"o forro que se casou com uma escrava verdadeira, pensando falsamente ""-eis que esta é forra"", não se casou","Mbiaûsube'yma mbiaûsubeté resé omendaryba'e ""-miaûsube'yma kó"" o'îaba'upa, n'omendari"
"vem para lavar minha alma, branqueando-a","Eîori xe 'anga reîa, i motinga"
"o que é líquido, o que é ralo",tykuba'e
que cheire muito bem a palavra de deus a ele,Ta syapûãngatu Tupã rekó i xupé
o doente que está ao teu lado,mba'easybora nde kotypendûara
ficando a experimentar poções,Mosanga ra'ã-ra'anga
"agora mesmo, agora neste instante",ko'yr-y bé
desceu aonde nós estamos,Ogûeîy îandé rekoápe
"quanto mais um caminhante se aflige por um caminho que não conhece, mais deseja logo ver o dia","Memeté rakó pé o eminguabe'yma rupi oguataba'e o angekotebẽnamo, korikorinhẽa'ub 'ara repîaki"
o que se compraz em seu sonho mau,O ké-poxy omboryba'e
"não abrandam sua raiva, não perdoam","N'oîmogûabi o nhemoŷrõ, n'i nhyrõî"
acalmei-me,Aîukatu
à direita de jesus tu somente estás,Îesu 'ekatuápe nde nhõ ereîmbé
"sabendo disso, impedirias a transgressão da palavra de deus","Aîpó kuapamo, ereîmorambûé Tupã nhe'enga abyrambûeramo"
"brigarão, cuspirão um no outro?","Omarãmonhangype, oîoendyne?"
evita ir,Eteumẽ esóbo
as pedras ficaram-se quebrando pelo meio,Itá oîeká-îeká oîopyterybo
de modo algum,-N'asé ruã-tepe o emi'urama oîmonhang? - Aani - Mas não é a gente que faz sua comida?
fico andando à toa,Agûatá-gûatá tenhẽ
o que fica aumentando seus pecados,o angaîpaba irumõ-rumõsara
mesmo dando-o à luz sua mãe bondosa estava virgem?,I mbo'a tiruãpe i xy-angaturama rekóû ababykagûere'ymamo?
os que assim dizem,Nã e'iba'e
braço de rio,y-akã
o que é feito morrer,i momanõmbyra
"como diz alguém, tendo medo da morte, não querendo fazer estar por longo tempo sua falta de confissão?",Marã e'ipe abá te'õ suí onheangûabo o nhemombe'ue'yma mokûá-puku potare'yma?
as que dizem coisas más,Marã e'îara
"quem não saberia ter comido algo bom, esquecendo-se da excelência de seu sabor?",Abámo mba'e-katu 'uagûera n'oîkuabi xûé sé katûagûera resé o esaraîamo?
"atravessam suas mãos, assim como seus pés, sobre a cruz pregando meu senhor","Îaîpó-asá-sá i py resebé, krusá sosé nhẽ xe Îara moîá"
quantas vezes o homem transgride aquele após atrair-se por uma mulher?,Mbobype abá aîpoba'e oîaby kunhã resé o nhemomotar'iré?
vai-te daqui já!,Ekûá ké suí ra'a!
ele não foi mesquinho antes de tua vinda aqui diante de mim,Na sa'ubi iké xe robaké nde rur'e'ymebé
"não acabam os desejos sensuais, a lascívia, as maledicências","N'opabi moropotara, tesãînana, marã'é"
"que sejais futuramente os que terão a verdadeira felicidade na nossa terra desejada, no céu","Ta peîkó irã mba'ekatueté rerekoaramo îandé retãpotasápe, ybakype"
caiu-me uma tormenta,O'ar yaíba ixébo
doador de nossa vida,îandé rekobé me'engara
dar de beber aos sedentos,Useîbora mbo'y'u
nós somos muitos,Oré retá
qual outro é conhecedor senão ele?,Ma'e-kugûapara aé-amẽ ahẽ?
"vinde, para vos voltar para deus, levando-o convosco em vossos corações","Peîori, pebaka Tupã koty, pe py'a pupé serupa"
eu tenho bafo fedorento,Xe ybĩî-rem
eu tenho impigem,Xe titing
os homens batizados honram este dia,Apŷá-serokypyra kó 'ara oîmoeté
não querendo transgredir a boa lei,Tekó-katu aby potare'yma
que venhas para levar-me para o alto,T'ereîu ybaté xe rerasóbo
eu me escafedo ao ir,Xe rembykãî gûixóbo
bem no teu coração disseste isso?,Nde py'ape-katupe aîpó eré?
preparando-se para a futura ressurreição do senhor jesus,Pa'i Îesus rekobeîebyragûama resé onhemosako'îabo
pedindo para nos ajudarem,Îandé pytybõagûama resé oîerurébo
"tataurana, traze aqui tua muçurana!","Tataûrana, eru ké nde musurana!"
ali assando-os e comendo-os,"A'epe i moîypa, i gûabo"
não o deixes afastar daqui minha morada,Eseîyî-ukar umẽ iké suí xe retama
infamam-me pelas costas,Xe kupébo xe mombe'u
"passaste as mãos nalguma virilha de mulher, estando enternecido?","Erepo'ẽpe kunhã rapopé amõ pupé, nde akyramo?"
"fi-lo aos trancos, fi-lo confusamente",Aîapixosok
"ao passar a quarta-feira de cinzas sagradas começa o grande jejum, chamado quaresma","Quarta-feira tanimbukaraíba rasápe, îekuakupabusu Quaresma 'îaba nheypyrungi"
mãe de deus muito bela,Tupã sy-porangeté
"e ao partir muitas vezes o padre a hóstia em pedaços, em cada pedaço nosso senhor jesus cristo está?",A'epe abaré hóstia pese'õ-etá-etáreme i pese'õmbûera îabi'õ Îandé Îara Îesu Cristo rekóû?
"grita tu, lamenta-te!","- Nde rasẽ, eîeapirõ!"
tu tens namorada?,Nde kunhã'ype?
dia muito bom,arangaturam-eté
"tu te preocupaste com que teu filho, os que estão em tua casa, teus vizinhos ouvissem a missa desde o começo dela?","Erenhemosaînanype nde ra'yra, nde roka pora nde rambyagûá missa iî ypyrungápe sendubagûama ri?"
"depois disso, finalmente, volta-se em direção a eles, falando muito terrivelmente",A'e roîré ko'yté i koty obaka onhe'eng-abaetéramo
não me dá vontade de comer,Na xe îuruéî
"neste vale, lugar de choro",Ikó ybytygûaîa îasegûaba pupé
"são joão criancinha, ao estar no ventre, ficou saltando","São João pitangĩ, tygépe o endápe opor-oporĩ"
"ergueu-se com as feridas de suas mãos, de seus pés, de seu flanco?","O pó, o py, o yké kutukagûera bépe erimba'e ogûeropu'am?"
"tu, no paraíso para sempre estás","Endé, Tupã rorypápe aûîeramanhẽ ereîkó"
não desiste nosso inimigo de sempre nos tentar,N'i apori oré sumarã îepinhẽ oré ra'anga
com sabão esfreguei-o,Itayîuîa pupé aîkytyk
dois ladrões,mokõî mondabora
quem são os que rogam por nós a deus?,Abá-abápe asé resé Tupã mongetasaramo sekóû?
estiraram-no sobre a cruz,Oîpysó ybyraîoasaba 'arybo
esfreguei-o com cera,Aîkytyk iraîty pupé
animal quadrúpede que não se come,so'o-aíba
ainda que somente uma migalha dele a gente come,I kurubipûera anhõte îepé asé o'u
eu sou comilão,Xe karu
compadece-te de nós,Oré raûsubá îepé
deixou de estar sua divindade em seu cadáver?,Oîkó-po'ipe i tupã se'õmbûera pupé?
"não era pedro, mas, sim, seu irmão","Na Pero ruã, tybyra a'e"
"os anos passaram muitas vezes, causa de atraso da ida do homem para o céu?","Okûabetápe erimba'e seîxu, ybakype abá só moabaîpaba?"
"despiram-no, amarrando-lhe as mãos numa coluna de pedra, fazendo-o estar de pé","Oîaobok, itá okytá resé i popûá i mo'ama"
"comeu aquele fruto, causa de morte?","O'u nhẽpe a'e 'ybá, tegûama?"
faço lisonjas ao homem,Anhemokunu'unu'uma'ub abá resé
"ao longo do dia, todo o dia",ara pukuî
ele é o anjo que encomenda o enforcamento,"Karaibebé a'e, moroîubyka puaîtara"
"que sejamos corajosos, sim, suportando as coisas dolorosas","T'oré pyatã, angá, mba'e-asy porarábo"
muito devagar ele o mata,Nd'e'i ymûanĩ ahẽ i îukábo
palmito de juçara,îeîsaru'ã
digo mal dele,Aîmombe'uaíb
faço-me matar,Aîeîuká-ukar
barrancos,yby'ã-by'ama
eu tenho muito pitiú,Xe pyti'ugûasu
puxa-o rijamente!,Esekyî-atã!
"confesso a ti, senhor padre","Anhemombe'u ndebe, pa'i abaré"
cortei o pé dela,Aî'ybab
comida dos anjos,apŷabebé remi'u
lacei a perna dele,Aîpukuîurar
"filho em gestação, feto",memby-kyra
eu tenho diarréia,Xe rygeaíb
para fazer passar a hóstia em nossa boca,hóstia mongûapagûama resé asé îuru resé
senhor jesus,Pa'i Îesu
não dando para seu dono a coisa sumida que ele achou,Mba'e-kanhema o basemagûera i îara supé i me'enge'yma
bem logo nos livremos,Taûîé-te t'îanhembo'i
ficará injuriando seu marido por ele assim proceder?,Oîa'o-îa'ope o mena emonã sekó reséne?
picar-me-ia o marigui,- Xe su'umo marigûi
"após lançar fora de seu meio os vícios, o homem não os faz voltar consigo para seu meio, dispersando-os","O koty suí mba'epoxy reîtyk'iré, abá nd'ogûeroîebyri o kotype, i mosãîa"
tocam na cabeça da gente,Opokok asé akanga resé
"piscaste para alguma, também?",Eresapumimype amõ supéno?
"por sua maldade, todos os homems destrói","O ekopoxy resé, opabĩ abá mondyki"
pode o padrinho casar-se com aquele que batiza?,E'ikatupe morerokarûera omendá o emierokûera resé?
"tu, em teus braços ergueste jesus","Endé, nde îybápe Îesu eresupi"
soltei as algemas dele,Aîpopûasá-rab
não dormi absolutamente para procurá-los,N'aker-angáî sekasápe
faço-a chocar os ovos,Aîmoîoupi'aerub
em que lado porá os que são bons?,Marangotype i angaturamba'e nongine?
cortei um pedaço,Asykûera aîasy'ab
eu fui mentiroso dizendo isso,Xe remo'em aîpó gûi'îabo
as doenças da alma do homem com ela saram bem,Abá 'anga mara'ara i pupé opûeîrá-katu
"em vão eles se esquivam, querendo fazer passar as flechas","E'i tenhẽ onhemoîtỹamo, u'uba mongûá-potá"
a que nos faz viver na virtude,Tekokatu resé îandé moingoara
"eia, roga por nossa virtude!",Katunhẽ eîerurébo oré katûagûama ri
eu tenho o andar escarrapachado,Xe atá-îaî
uma criancinha és,Pitangĩnamo ereîkó...
de meu pesado sono despertando-me,Xe keranama mombaka
os parentes de minha mulher,xe ra'ysé
em terra ele se transformará,Ybyramo i nhemonhangyne
ajuntai-vos todos com eles!,Penheŷnhang pabẽ sesé!
"é bonita esta igreja, contendo muitos enfeites!","I porang kó tupãoka, îegûakabetá rerupa!"
"eu sou o que é antigo, o de tempos atrás",Erimba'endûarûera ixé
"fazemos oferendas às sepulturas, pondo algumas coisas",Îatyby-poî ma'e amõ nonga
pélo a testa a mim mesma,Aîobabo'o
confortando-se tão somente na virtude,Tekokatu resé nhõngatu o apysykamo
tu és sempre nosso remédio,Nde îepi oré posanga
eu sou um aleijado,Xe ate'ẽ
irritam completamente as pessoas,Oporoîrarõ mbá
"tua alma entregando para o diabo, ele se compraz muito","Nde 'anga me'enga anhanga pé, oangabó-katu"
debalde vou,Aûîebé-te asó
"mataram, na verdade, a outra pessoa que não aquele assassino",Ahẽ morapitîarûera taté nhẽ anhẽ ybŷá oîuká
eu estaria bem arrumado se o levasse,A'emopeé ixé serasó-a'ubi é
escondendo ser parente legítimo dela,O mũetéramo sekó kuakupa
"olha, arrasamos todos os tupinambás que estavam no paraguaçu","Ma'ẽne, tupinambá Paragûasupendarûera opakatu îamombá"
"vinde, levai os malditos","Peîori, perasó muru"
foi meu pai também,Osó xe ruba béno
querendo fazer passar as flechas,U'uba mongûá-potá
deito-me,Aîepysó
ainda bem que todos vós queimareis à uma,Iîamuru opabenhẽ pekaî oîepegûarane
morcegão voador,andyragûasu-bebé
o período anterior ao dia dele é dia em que se jejua,I 'ara renondesaba 'ara îekuakupaba
toleraste o desejo sensual em direção a ti?,Eresepîakĩpe îopotara nde kotype?
pelei-lhe a testa,Asobabo'o
ele secou,Typab
ribanceira da terra,yby-esapykanga
dei-o de graça,Aîme'eng tenhẽ
coloquei colar nele,Aîpo'y-rung
coloquei-me colar,Aîepo'y-rung
eu sou redondo,Xe amandab
dia de guarda e de jejum,"Ara i pîasaba, îekuakupaba"
fazendo-nos ir para o céu,Ybakype îandé sorama monhanga
quê? que é?,Mba'e-pipó?
quantas vezes te confessaste ou comungaste?,Mobype erenhemombe'u koîpó eretupãar?
"eu sou um mísero índio, de fato",Xe abá-aibĩ anhẽ
vou para resgatar os índios,Asó apŷaba porepŷana
"vieram para consolá-lo, confortando-o","Our i moapysyka, i motagaypa"
eu soluço,Xe îeîok
"teus pecados estando a aumentar, com efeito",Nde rekomemûã rumõ-rumõmo nhẽ
eu tenho cachaço grande,Xe aŷpygûasu
"tenhamos, de fato, as coisas boas, apartando-as do que é mau",Îarekó é rakó mba'e-katu i poxyba'e suí i mouruébo
vais em busca de meu pai?,Xe ruba supépe eresó?
desvirginaste alguma menina?,Ereîmombukype kunhataĩ amõ?
teia de aranha,nhandu'i-kesaba
fiquei falando em favor dele,Asepy-sepyk
é muito má a vontade destas vossas presas,I angaîpab-eté kó pe rembiá potasaba
preparai-vos!,Peîemosako'i!
quantas vezes a lua desapareceu ou o caju madurou?,Mbobype îasy kanhemi koîpó akaîu 'aîubamo?
dei uma cambalhota,Anheatĩapyr
"não te convém o riso, não te fica bem o riso",Na nde arõî nde puká
fico fazendo mimos,Anhemopoîá-poîaî
"vela bem por mim, fazendo que não me derrubem","Ema'enãngatu xe ri, xe mbo'are'ymuká"
"mostra-se fixo, está fixo, apresenta-se fixo",Ten e'i
hei de levar todos para meu fogo,T'arasó pá xe ratápe
apanhei-as,Aîapûapyk
eu tenho casca estalada,Xe pé-pok
"vieste para te confessar, ó meu filhinho?","Enhemombegûabo ereîur, xe ra'yrĩ gûé?"
segura-o por enquanto,Eîpysyk ranhẽ
"veio há pouco por tua causa, adiantando-se aos temiminós","Oú ramõ nde resé, temiminõ rokesyma"
"que entres em meu coração, guardando meu interior","Xe nhy'ãme t'ereîké, xe py'a moingatûabo"
não por minha causa sua morte ocorrerá,Na xe resé ruã i îukasaba 'arine
"por esta aldeia luzir, eu estou junto de vós","Kó taba renyreme, pe pyri nhẽ xe rekóû"
estátua,abá ra'angaba
paguei-o,Asepyme'eng
"ao comer junto dos seus discípulos, o pão que tomou em suas mãos devolveu-o como seu corpo","Gûemimbo'e pyri o karûápe, miapé o pópe gûemiîara i moîebyû gûetéramo"
mudei minhas palavras,Asekoabok xe nhe'enga
eu sou mau de costume,Xe memûã îá
grande folha caída,sobûerusu
o que leva aquele que recebe o óleo santo em sua testa não pode casar-se com ele,O sybápe îandy-karaíba rasara rerasoara nd'e'ikatuî sesé omendá
queres que eu te unte com óleo bento?,Ereîpotápe îandy-karaíba pupé ixé nde pixyba?
seu senhor,i îara
ferimentos mútuos,îoapixaba
castrado,sapi'a'ỹî'okypyra
"lourenço tostado atou minhas mãos, queimando-me, oprimindo-me","Rorẽ-ka'ẽ xe popûá, xe rapŷabo, xe apypyka"
"imediatamente, água e seu sangue dele vazaram, escorrendo","Aûnhenhẽ 'y sugûy abé i xuí i 'emi, osyryka"
o que é cabeçudo,i akangagûaba'e
"ah, se eu tivesse ido para o céu!",Asó me'ĩmo ybakype mã!
eis que não obedeço a meu pai verdadeiro,N'asapîari kó xe rubeté
o que supõe saber as coisas,I mba'e-kuá-mo'anga'uba'e
var de chapéu,akangaó-îepepira
não omiti nada,N'aîkuakubi mba'e
"por causa da estrela sua guardiã, como indicadora do caminho para eles",Îasytatá serekoarama resé pé 'îaramo i xupé
sangradouro de rio,y-mombukaba
não fui de modo algum,N'asó-angáî
que fez deus outrora com nosso pai primeiro por causa de seu proceder assim?,Marãpe erimba'e Tupã îandé rubypy rerekóû emonã sekoagûera ri?
eu não tenho resistência,Na xe rosangi
"é formosa, certamente, a lua, vindo com sua grande face","Î aysó, nipó, îasy, og obagûasu reru"
"haveis de bem recobrar o fôlego no futuro, após vos cansardes",Ta pe putu'ẽngatuté irã pe îemokane'õ ré
"se meter a mão neste nosso fogo é terrível, quanto mais ali","Ikó îandé ratá pupé asé po'ema biã iî abaeté, memetaé a'epe"
"transgridem, certamente, algumas vezes, somente",Oîaby ipó amõme é
"mingau grosso, massa",apytaîyka
trazei também o tacape!,Ingapema bé peru!
mostrai bem o que é essa santíssima trindade,Peîmoîekuakatu aîpó Santíssima Trindade rekó
o que se defronta com a morte,Tegûama porarasara
digo isso com razão,Supi aîpó a'é
"este mundo é a terra prometida dos animais quadrúpedes, dos peixes e dos pássaros","So'o, pirá, gûyrá retãme'engaba é ikó 'ara"
capim às pressas colocando,Kapi'ĩ anhẽ rerupa
por acaso arrancaram sua roupa?,Oîaobok serã gûá?
eu estava ainda cansado,Xe pûeraî mbyté
"portanto, corrige-te logo, antes que a morte te surpreenda","Emonãnamo enhenonhen esapy'a, te'õ nde resapy'a e'ymebé"
"procedo bem, tendo a intenção de ir para o céu",Aîkó-katu t'asóne ybakype ûi'îabo
os guardadores de cabra querem visitar seu senhor,Sygûasumé rerekoara oîosu-potá o îara
"ficando a esperar ansiosamente a morte korikorinhẽa'ub 'ara repîaki, i moanhẽmo - deseja logo ver o dia, ficando ansioso por ele",Te'õ moanhẽ-anhẽmo
homem muito entendido,abá-tekokugûá-katu
"depois disso, o cauim transbordante nas igaçabas atrai-os","Ygasápe kaûĩ-tuîa, a'e ré, îamomotá"
por que o coloca nos nossos pés?,Mba'erama resépe i nongi asé pype?
"eis que também minhas presas hei de dar algumas para ti, para que quebres suas cabeças","Kobé xe rembiaretá t'ame'ẽne amõ endébo, i akanga t'ereîoká"
"sobre grelhas de moquear, de ferro, assaram-no",Moka'ẽ itá îurá 'arybo sesyri
enxada de ferro,itá-syra
que será que a gente detestará?,Mba'epe asé ogûeroŷrõ ra'ene?
eh! onde ele está?,Tó! Mamõpe ahẽ rekóû?
crês que o pajé ruim é o que tem o dom dos prodígios?,Ererobîápe paîé-aíba mosangyîaramo sekó?
"hei de ir junto de ti, hoje, para comer aqueles reis","T'asó nde pyri, kori, aîpó tubixaba gûabo"
observei-o,Asepîakatu
"como um pobre, tomou a casa dos animais de criação como sua pousada",Mba'eîare'yma îabé so'o mimbaba roka ogûâr og upabamo
untei as penas nele,Asá-mongy
"taquari e tapera, que está diante dela, acreditam em mim","Takûary, sobaîygûara, Tapera, xe rerobîá"
"mostra-se com firmeza, está fixo",Ten e'i
tu tiveste palavras muito resmungonas?,Nde nhe'ẽ-kuru-kurukype?
que não deixem de crer em mim,Ta xe rerobîapo'ir umẽ
havemos de nos ajudar um ao outro para criarmos nossos filhos,T'oroîopytybõne oré poromonhangagûera mongakuapa
contar aos homens a futura felicidade deles,Abá supé sekokatusagûama mombe'u
os que não são escondidos perdoa bem a eles,I kuakubypyre'yma i nhyrõngatu i xupé
"está molestando as pessoas, ficando a confundir as aldeias",Oporomoaîu oîkóbo taba moapaîugûá-îugûabo
"imaginai, ó meus filhinhos, imaginai que estais deitados em vossa morte","Peîmo'ang ra'u xe ra'yrĩ gûé, peîmo'ang pe re'õ pupé pe ruba"
tirei faísca dele,Aîmoendyîab
"dormes, guaixará?","Ereképe, Gûaîxará?"
fazendo-os levantar imediatamente,I mopu'ama kûeîeténe
"se o sol faz as pessoas terem muita sede, tanto mais estando no fogo as pessoas desejam beber","Kûarasy abiã oporomo'y'useî-eté, memetaé tatápe oína abá o'useî-etéramo"
meu quinhão és tu!,Xe potaba nde!
chego-me ao fogo,Arobyk tatá
que estejam os chefes e os moçacaras junto a mim,"Morubixá, mosakara, t'e'i ixébo!"
tragamo-lo!,T'iru! ou Iru!
eu também danço com meus parentes,Xe abé xe anametá aroporaseî
movi-o,Aîmomỹî
peço a deus por minha virtude,Aîeruré Tupã supé xe angaturãgûama resé
quando ele diz algo acerca do bem proceder de nossa alma,asé 'anga tekokaturama resé marã i 'ereme
"são maus estes teus servos, não me tratam bem","I angaîpá kó nde boîá, na xe rerekó-katuî"
no ventre de uma moça gerando-se como uma criança,Kunhãmuku rygépe pitangamo onhemonhanga
"muito bem, eis que aqui estou, trazendo para ti estes siris","Auîebeté kó aîkó, ndébo ko siri reru"
nado,A'ytab
eu sou covarde,Xe abang
foram de novo alguns soldados para quebrar as pernas daqueles dois ladrões,Osó bé amõ maranaritekoara a'e mokõî mondá retymã mopena
"com cravos espetando suas mãos, pregando-as","Itapygûá pupé i pó kutuka, i moîá"
encalhei a canoa,Aîmoîar ygara
onde deixou os outros?,Umãmepe amoaé reîari?
roí-o,Aîakarãî
"eu estou cansado, eu estou com sono!","Xe pûeraî, xe ropesyî!"
nem por isso se importa com o resgate de seus antigos pecados,Ndaeroîaî o ekoangaîpagûera repyme'engagûama resé o putupabamo
tiveste relações com uma virgem também?,Ereîkópe kûare'ymano resé?
é um modo de assustar o diabo,Anhanga mosykyîaba
sobram-te galinhas e porcos,"Nde resemõ arinhama, taîasu"
não o teríamos trazido a ti se ele não tivesse pecado,N'orogûeruri xûémo ndebe i angaîpabe'ỹmemo
eu sou aleijado,Xe apar
o jejum difere de não comer carne,Îekuakuba oîkoé so'o gûabe'yma suí
ai! por acaso é o lourenço tostado?,Kaî! Rorẽ-ka'ẽ-piã?
lançaste algum menino sobre ti por desejo sensual?,Ereîtykype kunumĩ amõ nde 'arybo moropotara suí?
ocupa-me tu,Xe pûaî îepé
a que mata seu marido,o mena îukasara
eu sou grosseirão,Xe aíbusu
uniu-se a nós,Îandé ri oîese'a
que tenhais medo disso,Ta pesykyîé ianga suí
tu tens polução?,Nde purepukype?
"roga a deus por nós, os que somos pecadores",Etupãmongetá oré i angaîpaba'e resé
como deus fará com os que os cumprem?,Marãpe Tupã i moposara rerekóûne?
assim dizem sempre,Nã e'i memẽ îepi
"ataquemo-los, prendamo-los antes que se consolem","Îasepenhan, îaîpysyk i apysyk' e'ymebé"
afirmamos que isso é o que deve ser festejado,Îaîmombe'u aîpó i momorangymbyra
vamos ver se vem!,Tera'umo ou!
basta! não me despertes!,Aûîé! Teumẽ xe mombaka!
"vêm em vão para me afastar os ditos ""padres""","Oú tenhẽ xe pe'abo ""abaré"" 'îaba"
por quantas coisas a gente pede?,Mboby mba'e resépe asé îeruréû?
que habitante do mundo há como tu?,Abápe 'ara pora oîkó nde îabé?
então também as almas de todos os que morreram virão quando forem chamadas,A'ereme bé opá omanõba'epûera 'angûera ruri o enõîndápe
com água nos molham a cabeça,Y pupé asé 'apiramõû
cortei-lhe o prepúcio,Aî'amopikytĩ
"é aparência, somente, este mundo falso",A'uba nhote ikó 'ara'uba
nem sequer um só homem pode livrar-se da morte,Oîepé tiruã abá nd'e'ikatuî oîepysyrõmo te'õ suí
percebendo que a morte sucederia a si,O îoesé te'õ 'aragûama andupa
meu senhor vos mata,Pe îuká xe îara
imitaste os homens maus?,Eresa'angype abá-memûã?
"importuna-me bem, irritando-me muitíssimo, aquela lei nova","Xe moaîu-marangatu, xe moŷrõetekatûabo, aîpó tekó-pysasu"
esse é o que eu flechei?,Akó xe remiybõmbûera?
onde ele mora?,Umãmepe sekóû?
curral dos porcos,taîasu rokaîa
"eu estava-me, mesmo, esquecendo e não querendo omiti-lo","Xe resaraî é gûitekóbo, n'aseîá-potá ruã!"
lembrando nós,îandé ma'enduaramo
bebendo cauim só o suficiente,Oîakatu nhote okagûabo-eté
"raiz fedorenta, saporema, doença que ataca as plantas",sapó-rema
"hei de frequentar ibioca, revirarei também itaoca e, enfim, jupaoguaó","Ybyoka asapekóne, Itaoka abé aîpobu, rumby, Îupaogûaóne"
reprimir o desejo de coisas más,Mba'e-aí-potara renonhena
coisa mirrada ou muito seca,tining-atã
"ele estava nu, cobrindo-o sua própria mãe com seu véu","I katupenhẽ, i xy aé ipó opîá o akangaobĩ pupé"
filhote de cão,îagûara'yra
muito bem! que venha!,Aûîebeté! T'oú!
arranca de minha casa a poeira dos pés,Eîpy-tybyrok xe roka
não sei se morrerei nesta noite que surgirá,N'aîkuabi ikó pytuna o'aba'erama pupé xe re'õnama
"fugiram dele, deixando-o","Oîabab i xuí, seîá"
os homens reconheceram-no como deus verdadeiro?,Abá Tupãetéramo sekokuabi?
ele sempre vai,Memẽ nhẽ i xóû îepi
tinjo as pernas,Aîpitupuku
vem para derrotar meus inimigos,Eîori xe sumarã reîtyka
ele tomou os traços dos olhos de seu pai,Og uba resá ahẽ ogûar
pelo chão também escorreu seu sangue?,Yby rupi bépe sugûy syryki?
muito longe,apûé-katu
muitíssimas coisas más eles acharão,Mba'e-memûãngatupabẽ resé i îekosubyne
dificultando a primeira menstruação,Nhemondîara mo'ybatatãmo
qual é a causa da sujeira de nossa alma?,Mba'epe asé 'anga ky'asabamo?
bem feito que adoeceu!,Iîá omba'easyramo!
"estrutura de cume, cumieira",apyrytá
filhos de quem eram esses?!,Abá ra'yrape ûĩ?!
que habitante do mundo há como tu?,Abápe 'ara pora oîkó nde îabé?
mas são eles os que mandam fazer cauim,A'e-te kaûĩ pûaîtara
enfim de volta!,Irõ bé!
esse homem e sua esposa gastaram todas as suas riquezas,Kó abá semirekó abé opá o mba'e mombabi
estou,Aîmẽ
para bem pagarmos nós a transgressão da palavra de deus,Tupã nhe'engabŷagûera îandé i moepykatûagûama resé
trouxe todos,Aru-pab
vamos ao seu caminho,T'îasó sapépe
mas não iríamos para o céu se ele não morresse?,Nd'îasóî xûé-tepemo ybakype se'õe'ỹmemo?
como sem ti,Amba'e-'u nde suí
não havia nenhuma pessoa que se compadecesse dele?,Nd'oîkóîpe abá amõ i poreaûsuberekosaramo?
"ah, oxalá esconda eu as boas coisas dele",Anhomim temõ i mba'e-katu mã!
as criancinhas também têm somente o pecado de nosso pai primeiro,Pitangĩ abé îandé rubypy angaîpaba nhõ ogûerekó
eu tenho fôlego comprido,Xe pytu-muku
com algum neto seu não pode ninguém se casar,O emiarirõ amõ resé nd'e'ikatuî abá omendá
eu sou amarelo,I îub - Ele é amarelo Xe îub
que ele fique dentro de vós como fica com seu estado de feto no ventre de sua mãe,"O sy rygépe o pitanga reropytá îabé, t'opytá pe pupé"
"era bela, outrora, miaí, minha antiga região","I porang, erimba'e, Mia'y, xe retãmbûera"
oxalá não fosse eu,Na xe ruã-eté ikó mã
"outrora, passando por cima dela, eu fui causa de te fazer agir","Akûeîme, i apyrasapa, xe nde moingosaba é"
"em tuas mãos sentando-se, vai o menino, consolando-te","Nde pópe ogûapyka, osó kunumĩ nde moapysyka"
"verdadeira estância de deus, filha de deus","Tupã rendabeté, Tupã raîyra"
fazendo nosso pai primeiro casar com nossa mãe primeira,Îandé rubypy momendá îandé sy-ypy resé
és um nenenzinho,Pitangĩnamo ereîkó
caí doente,Xe mba'easy-'ar
cobrindo-o com seu véu,Opîá o akangaobĩ pupé
eu estou úmido,Xe ryby'y
feriste alguém também?,Ereî'apixabype amõno?
em seu ventre deus tomou seu próprio corpo,Sygépe o eterama Tupã tari
desencontramo-nos,Oroîopynekûab
"ah, beliscar-me-á hoje!","Xe pixã korine, mã!"
nem me cruzei as palmas das mãos,N'aîasabi pó-pytera
eu estou ricamente vestido de roupas,Xe aó-mondé-matueté
confessa bem a nós que és o filho de deus,Eîmombe'u-katu Tupã ra'yramo nde rekó orébe
"verdadeiramente, eis aqui teu caminho, o que tu procuras","Anheté, kó nde rapé, a'e nde remiekara"
"de costume, eu não ando a estas horas",Sekoabanhẽ nãnyme xe gûatae'ym
mas eis que minha alma não está aflita,Xe 'anga-t'iã n'i marani
para onde a multidão numerosíssima levou nosso senhor da casa de caifás após o amanhecer?,Mamõpe erimba'e te'yî-katupabẽ Îandé Îara rerasóû Kaiphás roka suí ko'em'iré?
o que é temido,iî abaeteba'e
como disse nosso senhor para o que esbofeteou seu rosto?,Marã e'ipe Îandé Îara og obá petekarûera supé?
eu manquejo,Xe parĩ
não estou acostumado,N'abîari
"para uma grande escuridão, na verdade, iriam",Pytunusupe émo i xóûmo
fiz todos os jejuns,Aîá pá îekuakuba
"esse somente é, de fato, teu nome?",Aîpó nhõ-pipó nde rera?
então já estava são joão batista no ventre de sua mãe,A'ereme oín uman São João Batista o sy rygépe
"ah, mas como me importuna o fedor dele!",Xe moaîu-te i nema mã!
acendemos o fogo,Tatá îaîmondyk
eu sou mestre,Morombo'esara ixé
queres comer farinha puba?,Ereî'useîpe u'i-puba?
"mas quem, outrora, como vossas coisas os índios deu?","Abá-tepe, erimba'e, pe mba'erama resé apŷaba me'enga'ubi?"
ameaçaste alguém?,Ereîmomburupe amõ?
ficando a aumentar teu temor também,Nde nheangûaba bé irumõ-rumõmo
vida eterna,tekobé-apyrasye'yma
eu sou novo,Xe pysasu
ele conosco caminharia,A'emo îandé resé i atarimo
"se alguém escondesse os atos passados uma só vez, deus não perdoaria","Oîkuakumo amõ abá tekopûera oîepé'ĩ nhõmo, Tupana n'i nhyrõî xómo"
"é, totalmente, uma comida de morte",Te'õ remi'u pabẽ
meu senhor!,Xe 'a!
a mãe de deus está sabendo todas as coisas,Tupã sy opabenhẽ mba'e oîkuab oîkóbo
"elas, certamente, são más","A'e, rakó, i angaîpá"
eu tenho usagre,Xe 'apiraíb
encolho-me,Aîeapûapyk
arruinei a todos,Aîmomoxy pabenhẽ
vencedora,moroîtykara
haveria de morrer certamente a criança de mim após eu querer comer caça,Omanõ îepémo pitanga xe suí ixé so'o 'useî tenhẽ roîrémo re'ĩ
bocejei,Aîeîurupirar
ouvindo missa nos dias que devem ser honrados,Ara i momba'etepyra pupé missa rendupa
onde tatapitera? onde caumondá?,Umãpe Tatapytera? Umãpe Ka'umondá?
"parti dele, para que não vos corte em pedaços!","Pepo'i i xuí, aîpó n'opoasyk-asykabi"
"daí, desse lugar",eboûĩ suí
por que a gente em sua boca a assinala também ?,Marãnamope asé o îurupe sa'angino?
"talvez seja o anjo, guardião verdadeiro desta aldeia","-Karaibebé serã, kó taba rarõaneté"
"arruinei a todos, fazendo-os roubar também","Aîmomoxy pabenhẽ, i momondarõmo bé"
eu estou amontoado,Xe rapûá
levo-o junto de mim,Arasó xe apyri
"fico à espera dele, fico no caminho dele",Aîpiarõ
"pensai que, algum dia, a morte virá mesmo para bater em vossas portas, surpreendendo-vos",Penheangerekó amõ 'ara pupé te'õ pe rokena motaka turagûama resé é pe pokosupa
eu tenho o interior das pálpebras trêmulo,Xe ropé-py-sysyî
um pouco mais para cá,kybõ-ngoty-pyryb
que aumenteis o amor a deus neste mundo,Ikó 'ara pupé Tupã raûsubagûera ta pemoîoapyr
"por amar muito vossas almas, como seus discípulos vos tomaram","Pe 'anga raûsukatûápe, o boîáramo pe rari"
"revelou-se a eles somente, alegrando-os",Oîepîakukar i xupé nhõ i moesãîa
hoje mesmo hei de te fazer ir,Kori é t'oromondóne
santa maria é o seu nome,"""Santa Maria"" sera"
"como os soldados que o agarravam trataram-no, então?",Marãpe gûarinĩetá i pysykara serekóû a'ereme?
este é o máximo,Kó-tene i îaeté
fiquei-o esfregando com gordura,Aîkyty-kytyk mba'e-kagûera pupé
trouxeste teu fumo?,Ererupe nde petyma?
"pele esfolada, fora da carne",pirûera
"ao lado uns dos outros seus cadáveres estavam, ao longo do mar",O îoybyri se'õmbûera paranã ybyri i kûáî
segundo a vontade de deus,Tupã remimotara rupi
"o laço está quedo o pássaro é que vai dentro dele, caindo","Îusana oĩ nhote Gûyrá aé osó i pupé, o'á"
licor de mangaba,mangaby
ele passou diante de ilhéus,Nhoesembé robabo i kûáî
mataram erradamente a fulano em lugar do assassino,Ahẽ morapitîarûera tatenhẽ anhẽ ybŷá oîuká
todos os meus pêlos se arrepiaram,Opá xe raba bybyri
não se cansam de rezar a deus,N'oîeruré-pytubari Tupã supé
"são joão criancinha, estando no ventre, ao perceber tua vinda, ficou saltando","São João pitangĩ, tygépe o endápe, nde rura andupápe, o por-oporĩ"
cumpri minha palavra,Aîmopor xe nhe'enga
não me desterres tu,Xe pe'a umẽ îepé
todos os habitantes da terra destruiu com um dilúvio,Opab erimba'e yby pora 'yporu pupé i mokanhemi
eu sou risonho,Xe pukasûer
eu tinha o pescoço caído,Xe aîurar
aguço a ponta dela,Asapûá-mobyr
sejamos bons para aqueles homens,T'i marangatu apó abá pé
confiamos em ti,Oroîerobîá nde ri
"vem, ó meu senhorzinho, para que esteja muito feliz minha alma por causa do teu nascimento","Eîori, xe îarĩ gûé, ta sorybeté xe 'anga nde 'aragûera resé"
as moças habitantes das aldeias,kunhãmuku taba pora
"reproduzi-me, procriei",Aîeapyká
lançaste algum menino que estava aconchegado a ti sobre ti por desejo sensual?,Ereîtykype kunumĩ amõ nde abiîxûara nde 'arybo moropotara suí?
esbofeteei a nuca dele,Aîatuá-petek
nós somos numerosos,Oré re'yî
"eu sou aquele em quem se deve acreditar, o que tem nome guaixará","Ixé serobîarypyra, Gûaîxará seryba'e"
faço agouros para ele,Asaybõ
eu fiz confusão,Xe apererá
mais que a roupa batida é a brancura de sua alma,Akó aoba i putukapyra sosé o 'anga tinga
gordura de vaca,tapi'i-kaba
eu não estou forte,Na xe pyatãî
ele está boquiaberto,I îurupukĩ ahẽ oîkóbo
amarra tua rede ao lado de mim,Eîotĩ nde kesaba xe porupi
não! meu quinhão és tu!,Aã! Xe potaba nde!
uma púrpura colocando nele,Amõ aopyranga mondepa sesé
fiz-lhe dentes,Asãîngá
queres sair em vão de debaixo de nossas mãos,Eresẽ-potá tenhẽ oré pó gûyra suí
"levou sua mãe e seus discípulos sobre o cume do monte chamado ""das oliveiras""",Ybytyra Olivete seryba'e apyra 'arybo o sy o boîá rerasóû
tinjo-lhe os pés,Aîpy-gûang
"perdoar-lhe-ia nosso senhor se ele lhe dissesse ""-perdoa tu a mim""?","I nhyrõ nhẽpemo Îandé Îara i xupé ""nde nhyrõ ixébe"" o îoupé i 'erememo?"
a senhora desta aldeia compadece-se grandemente das pessoas,Kó tabyîara ndaeté i poraûsubari
fi-la engravidar,Aîmomburu'a
"os que estão em maratauá acreditam em minhas palavras, entregando suas almas em minhas mãos","Marataûãme tekoara ogûerobîá xe nhe'enga, xe pópe o 'anga me'enga"
apartaste alguma mulher de seu marido?,Ereîmombo'irype kunhã amõ i mena suí?
"o fujão, o que tem costume de fugir",kanhembora
"peso de orelha, orelheira",nambi-paîa
eu sou torto do olho,Xe resab
levantadoras de mentiras,mo'ema mopu'ambara
"ele, com seu trabalho, ajudou-o",A'e o porabykysaba pupé oîpytybõ
"mal a gente diz algo, já se irrita",Îeperibe'ĩ asé marã i 'éû onhemoŷrõ ymûan
"caem às vezes os frutos de suas árvores, sendo ainda flores, outras vezes caem em seu estado verde","Okuî rakó amũme 'ybarambûera o 'yba suí 'ybotyramo oîkóbo bé, amõ rakó ogûakyra pupé i kuî"
"como vês, eu sou muito forte, um diabo que domina as guerras","Irõ, xe ratãngatu, anhanga maranyîara"
o que tem sede de justiça,tekokatu 'useîtara
tamanduá topetudo,tamandûá-atyrabebó
"lugar em que o sol se põe, poente, oeste",kûarasy reîkeaba
"querendo tua virtude, detesto minha cultura antiga","Nde rekokatu potá, aroŷrõ xe rekopûera"
não há absolutamente servos meus,N'i tyb-angáî xe boîá
mudei-a,Aseyî
seguindo o rastro das mulheres,Kunhã rakypûemondóbo
"dizendo maldades à toa para alguém, dando-lhe má fama","Abá supé marã o'îabo tenhẽ, i moerapûana"
por longo espaço de tempo ele se deteve,Ymûanĩ ahẽ rekóû
virá novamente jesus cristo do céu?,Our-y bépe irã Jesus Cristo ybaka suíne?
eu sou um homem soberbo,Abá-porerobîare'yma ixé
entreouvi tuas palavras,Asendubaíb nde nhe'enga
"é mole, está sob as mãos do diabo","I membek, Anhanga pó gûyrybo nhẽ sekóû"
vem para ver tua futura terra,Îandé repîaka our! - Veio para nos ver! Eîori nde retamûama repîaka
"eu, o diabão assado","Xe, anhangusu-mixyra"
essa é uma cidade?,Tabusupe ûĩ?
que se alegrem nossos filhos!,Ta sory îandé ra'yra !
"produtivo, de bom rendimento",ybykûab
surpreendi os pecadores,Angaîpaba aîpokosu
"havemos de chegar ao céu, ao lugar em que tu te revelas",T'orobasẽne ybakype nde îepîakukasápe
estais na condição de fetos de vosso senhor,Peín pe îara momburu'abamo nhẽ
minha barba branca,xe rendybaá-tinga
"vituperaste pelas costas a teu pai, a teu mestre?","Ereîkupeanga'ope nde ruba, nde mbo'esara?"
queimou tua alma o fogo dele,Nde 'anga osapy satá
eu estou esquelético,Xe kangûer
quando virá?,Moîrãpe turine?
"resististe a teu marido quando quis chegar-se a ti, estando deitada longe dele?",Ereîmomaranype nde mena nde reroby-potareme i amongoty eîupa?
bem feito para o maldito! seus fígados hão de ser minha porção,Iîá muru! I py'apûera xe potabamo t'oîkó
aí são muitas as mulheres que se estão oferecendo para deus,A'epe se'yî kunhã Tupã supé onheme'engyba'e oîkóbo
vou por minha vontade,Xe remimotarybo asó
eu tenho inclinação a me irritar,Xe nhemoŷrõndûer
bem nesse momento perdoou a pilatos,A'eîbé Pilatos supé oîerekûabamo
mas esconde-me tu dele!,Xe mĩ-te îepé i xuí!
ficam invocando a morte,Osekyî-sekyî te'õ
não trouxe nenhum parati,Nd'aruri amõ parati
eu tenho os buracos das orelhas perdidos,Xe apysakûá-kanhem
"e os rapazes que perseguem mulheres, fugindo sempre?","A'epe kunumĩgûasu kunhã oîmomosemba'e, onhegûasema memẽ?"
rocei,Aka'anupã
"ah, eu fui muito pecador!",Xe angaîpabeté'i ra'u mã!
embrulhei-o,Aîapugûar
em sua terra,setãme
e este?,A'e-p'ikó?
que recrudesça minha antiga maldade!,T'oîepun xe marandûera!
"igualmente, após dá-lo à luz, estando virgem","A'erame'ĩ i mbo'ar'iré, omarane'ymamo"
apanho caranguejos,Ausá-'ok
faço que não o vejo,N'asepîake'ym-a'ubi
tu te importas com teu filho?,Nde putupápe nde ra'yra resé?
temos nossas coisas comuns,Îarekó îandé îomba'e
mulher viúva,kunhã-mene'õ
eu hei de ser bom,Xe katupe ká
o marido dela não temeu comê-lo,I mena nd'o'u-poûsubi
certamente vemos sempre as marcas de seus pés,Anhẽ serã îasepîak îepi i py-pora
benze a gente sua comida?,Osobasápe asé o emi'urama?
moro de parede-meia,Apyri aîkó
banco redondo,apykabapu'a
nossos cadáveres levantar-se-ão todos?,Asé re'õmbûera pu'am-pabine?
os dons do espírito santo,Espírito Santo remime'enga
"após arrependerem-se de seu procedimento, os índios vão confessar-se","O ekó moasy riré, abá sóû îemombegûabo"
mata,Oîuká
as crianças que completam dois anos,pitanga mokõî ro'y omoaûîeba'e
bordei-o,Asemberung
parece flutuar,Obebuî-berame'ĩ
fiz confusão,Arekorekó
"obedecei ao padre, vosso mestre","Pesapîá abaré, pe mbo'esara"
"é ele o que dá o bem desses, com certeza",A'e aé koba'e katu me'engara re'a
qual é o nome do chefe dos anjos que confiam em deus?,Marãpe karaibebé Tupã resé îerobîasara rubixaba rera?
minhas palavras engasgadas,xe nhe'ẽ-pa'ama
ele me deixou sem palavras,Xe nhe'ẽmbyk ahẽ
fá-los-ei voar comigo,Arobebéne
"não me chames pelo nome diante dele, senão me mata!","Xe renõî umẽ îepé i xupé, na xe îukáî!"
chegou a nós sua luz para sempre,Osyk oré ri sendy îepinhẽ
nó da garganta,aseó-kytã
sigo-lhe o rastro,Asakypûembour
"invocaste o anhanga, o taguaíba, o curupira, o jurupari ou a morte para alguém?","Eresykyîpe Anhanga, Tagûaíba, Kurupira, Îurupari koîpó te'õ abá supé?"
empanturrei as pessoas,Aporomoebykatã
numa certa noite,Putuna amõ resé
nossas coisas mútuas,oré îomba'e
o que pede ao pajé por trabalhos,Marãtekorama resé paîé mongetasara
confundindo as aldeias desde a galiléia,Taba moapaîugûá-îugûábo Galilea suí-katu
"eis que a todos nós vence, como também já venceu os antepassados",Opá ã îandé moaûîéû tamyîpagûama moaûîé ymã îabé bé
que vá guaixará para o fogo!,Gûaîxará t'osó tatápe!
o que retribui verdadeiramente o amor de deus a si,Tupã o aûsuba poepykareté
por isso mesmo os escravos festejam este dia,Nd'e'i te'e miasûbetá ikó 'ara momoranga
"caem algumas vezes os frutos de suas árvores, sendo ainda flores, outras vezes em seu estado verde, outras vezes caem após seu amadurecimento","Okuî rakó amũme 'ybarambûera o 'yba suí 'ybotyramo oîkóbo bé, amõ rakó ogûakyra pupé i kuî, amõ rakó ogûaîub'iré i kuî"
terá a mulher ciúmes de seu marido?,Sygûyrõpe kunhã o mena reséne?
desarmaste as armadilhas de teu próximo?,Ereîmopyĩpe nde rapixara mundé?
tu és guardião de mim,Nde morerekoar xe ri
eia de novo!,Ne'ĩ bé!
o que está tingido de jenipapo,i îanypapyxunyba'e
"o que rompe o sangue de uma moça, o que a desvirgina",kunhataĩ rugûy kasara
"o sol brilha, certamente, após passar a grande noite","Kûarasy, nipó, oberá, putunusu kûab'iré"
esbofeteaste as têmporas de alguém?,Ereî'atypetekype amõ abá?
canoa de junco,piripiri-ygara
"não é minha escrava, mas, sim, minha esposa","Na xe remiaûsuba ruã, xe remirekó a'e"
antigamente esses habitantes da aldeia sob minhas mãos estavam,Akûeîme kó tabygûara xe pó gûyrybo sekóû
quarto traseiro que se parte de um animal ou de uma pessoa,ugûera
guardião dos tapuias,tapuîa rarõsara
"são muitas, com efeito, as grandes igaçabas",Setá nhẽ ygasabusu
contigo sempre estou,Nde resé memẽ oroîkó
saída de gente,morosema
o que manda matá-lo,i îuká-ukasara
"eu tenho bom abrigo, eu estou bem abrigado","Xe 'ang - Eu tenho abrigo, eu estou abrigado Xe 'ãngatu"
"peixão, peixe grande",piragûasu
contigo sempre estamos,Nde resé memẽ oroîkó
por longo tempo ele se deteve,Ymûanĩ ahẽ rekóû
aguço-a,Asapûapin
abraçando a cintura de teu companheiro,Nde rapixara ku'a îubana
"o que é circuncidado, o que tem o prepúcio cortado",i 'amopikytĩpyra
a que coisa chamamos graça?,Mba'e supépe asé graça i 'éû?
"detrás da casa, atrás da casa",ó-kupépe
"vem, coisa fedorenta, coisa nojenta, borá!","Eîori, mba'enem, mba'e-poxy, mborá!"
come moderadamente,Nde îanhõte mba'e e'u
castrei-os,Asapi'anupã
acudi-o,Asopenhan
mas minha sujeira era muita,Xe ky'a-te turusu
"ah, quem me dera o tivesse matado!",Aîukámo mã!
apressei-me muito,Anhemoaîu-katu
vê bem a tua frente para que não te percas no caminho do céu,Esepîá-katu nde renonderama ybaka pîarype nde ropare'ymamo
não querendo conversar com ele,I mongetá-potare'yma
tu mesmo assim procedeste,Nde aé ipó emonã ereîkó
eu sou arisco,Xe resaeté
"tu voltas o rosto para trás, olhando com a ponta dos olhos, sorrindo, espreguiçando-te","Nde atybak, nde resá-popybo ema'ẽmo, epukamirĩamo, eîepokábo tenhẽ"
nós somos gêmeos,Oré kõî
ela tem pecados variadíssimos,I angaîpá-pará-pará
seus fígados hão de ser minha porção,I py'apûera xe potabamo t'oîkó
"assim tratado, certamente fica bem, satisfazendo-se com o que o distingue","Emonã serekopyra, rakó opytá-katu, o apysykamo o moingoeara ri"
"é formosa, certamente, a lua, vindo com sua grande face","I aysó, nipó, îasy, og obagûasu reru"
que quebres suas cabeças,I akanga t'ereîoká
flechou-me em lugar vital,Xe aépe xe ybõû
enquanto eu o faço,ixé i monhanga pukuî
durmo com roupa,Aroker aoba
enxuguei-o,Aîmokang
os pecadores que não se confessam bem,I angaîpaba'e onhemombe'ukatue'ymba'e
não queiras nem um pouquinho que eu vá para o fogo,Eîpotá-mirĩ umẽ tatápe xe soaûama
fiz que não o conhecia,N'aîkugûabe'ym-a'ubi
receando por suas almas,O 'anga resé oîeangûabo
"quer ter relações sexuais com ela, como de costume",Oîkó-potá sesé îandu
eu estou caindo de sono,Xe kerapará-parar
faze-me tu valente para que eu me oponha ao maldito,"Xe mopyatã îepé, t'apu'am muru resé"
"com um neto ou uma neta, com algum descendente não pode ninguém se casar",O emiminõ koîpó o emiarirõ amõ îeapyká resé nd'e'ikatuî abá omendá
fiz fogueira,Aîatapygûasu
o cão é ávido,I mba'epotar îagûara
"não perdoam, não são afáveis","N'i nhyrõî, n'i îerekûabi"
eu estou liso,Xe sym
chefe dos que ficaram no céu,Ybakype opytaba'epûera rubixaba
santa maria é o nome dela,Santa Maria sera
canto dela,sendybangã
"na ponta, no punho da rede",apy anhãî
argola de ferro,itá-apynha
colher de madeira,ybyrá pesẽ
depressa haja minha comida!,Keremẽ xe remi'u rekoaba!
eu sou hábil,Xe pokarugûar
a lua foi comida,Îasy mba'e i 'upyra
embelezou-te grandemente,Ndaeté nde momorangi
"um rapaz, não chegando aos catorze anos, não pode casar-se com ninguém","Kunumĩgûasu catorze ro'y resé i xyke'yma, nd'e'ikatuî abá resé omendá"
"como a gente faz à tarde, antes de dormir?","Marãpe asé rekóû karukeme, o ker-y îanondé?"
eu estou corcunda,Xe aŷpyasur
fazendo desaparecer nossa morte,Îandé re'õ mokanhema
var de peneira,urupemusu
"eva, nossa mãe primeira, atraiu-se muito pelo belo fruto","Eva, îandé sy-ypy, onhemomotar-eté 'ybá-poranga resé"
caí,Agûyapy
"e a mim é que faz vir hoje para vos empurrar, enxotando-vos desta sua terra","Xe-te xe mboú kori pe moanhana, pe mondóbo ikó setama suí"
não me desterres tu,Xe pe'a umẽ îepé
façamo-lo cair conosco no fogo para fazê-lo queimar conosco,Îaro'a tatá pupé serokaîa
"mal a gente diz algo, já se irrita","Îeperibe'ĩ asé marã i 'éû, onhemoŷrõ ymûan"
lanço a canoa,Aîtyk ygara
"embora seja vinho, tão logo pronuncie o padre as palavras de nosso senhor jesus cristo, é seu sangue, na verdade","Kaûĩ biãaûîé, Îandé Îara Îesu Cristo nhe'engûera abaré sa'angireme, sugûyramo nhẽ sekóû"
por ser coisa que deve ser dividida,Mba'eramo i moîa'okypyra rekóreme
nem por isso vou para longe,Naroîaî mamõ xe sóû
aquele em quem se deve acreditar,serobîarypyra
por que razão eu o levaria?,Marãmope xe serasóû?
"comemoramos este dia, lembrando-nos do tempo em que nô-la fizeram alcançar",Sesé îandé moîekosupagûera resé îandé ma'enduaramo kó 'ara îaîmoeté
"antes dessas mortes, um certo homem muito mau, chamado anti-cristo, virá, exaltando-se",Aîpó te'õ îanondé irã amõ abá-angaîpabeté Anti-Cristo seryba'e ruri onhemoetébo
"oh, oxalá viesse!","Té, temõ oú mã!"
por que ele vive tendo coisas boas mais que eu?,Marãmo ahẽ rekóû o mba'ekaturamo xe suí?
ouve,Esendu
menor ainda que eu,xe gûyri bé
por isso mesmo os moços entram sempre no lugar de beber cauim,Nd'e'i te'e kunumĩgûasu oîkébo memẽ kagûápe
receio levá-lo,Arasó-poûsub
"curou-o, somente tocando sua orelha, imediatamente fazendo-a sarar, grudando-a","Oîposanong, i nambi atõîa nhote, aûnhenhẽ i monga'ẽmo, i moîepotá"
fizeram feridas por seu corpo todo?,Seté îakatupe ybŷá i moperé-perebi?
"não vitupereis as pessoas, ó meus filhos, para que tenhais seus bens","Pe poroanga'o umẽ, xe ra'yr-y gûé, ta perekó i mba'e"
eu enviuvei,Xe remirekoe'õ
"abaixo de mim, mais pequeno que eu",xe gûyri
tu te enfureceste por causa de alguém?,Nde marãmotarype abá resé?
"vomitaste cauim, brigando por causa dele?","Ereîmoîebype kaûĩ, sesé nde apore'ymamo?"
escapuli das mãos dele,Aîpomogûab
eis que a cada páscoa um prisioneiro fazeis-me libertar sempre,Aretegûasu îabi'õ ã mundepora moîepé peîmosemukar ixébe îepi
ele se lembra,I ma'enduar
ali ficai enquanto eu não vos informar acerca de vossa futura volta,Ebapó ta peîkó pe îebyragûama resé ixé nde momorandube'yma pukuî
"que eu não adoeça, comendo-o",Ta xe maran umẽ i gûabo
dentro dessa igreja maria cresceu,Kó tupãoka pupé Maria kakuabi
socador de pilão,ungûá-obaîara
"eles, na verdade, em três pessoas se distinguem, na união de seu único ser divino","A'e anhẽ mosapyr pessoaamo i îa'oki, oîepé og ekó-karaíba îese'ara pupé nhẽ"
por que não te escondes?,Marãpe nd'erenhemimi?
a mim certamente é que vós procurais,Xe ipó xe rekar peîepé
rapamos nesta medida,Nãmo oroapin
após tocar em seu segundo cônjuge,I mendá-mokõîa resé i byk'iré
é o suficiente?,Aûîé ruãpe?
tomara não seja eu o que jazerá primeiro,N'aîkóî ipó irã tuîba'eramo ranhẽne re'a
"antigamente estava aflito, praticando meus vícios","Akûeîme aîkotebẽ, xe rekopoxy purûabo"
"tende-o por vontade, tende-o para matá-lo","Perekó potasábo é, perekó i îukábo"
dois homens,mokõî apŷaba
"não existem mais as suas antigas terras todas, desde então, não contêm muita coisa",N'i tybangáî setãmbûera Opá akûeîme n'i poretáî
hoje eu deveria ir,Kori temone asómo
pena de tucano para dança,tukana tá-poraseîa
"não que alguém se compadecerá deles, não que alguém vá libertá-los","Na abá o aûsubar-y îanondé ruã, na abá o pysyrõ îanondé ruãne"
homem soberbo,abá-poroîukaíba
tu mesmo dizes isso,Endé é aîpó eré
"aquele pão o padre o partiu, certamente",A'e miapepûera abaré oîmbo'i re'a
esse fez aquele céu que vemos,Kó a'e ybaka îandé remiepîakûama oîmonhang
a alma depois que sai do corpo,angûera
"daqui vou para longe, outras aldeias frequentando","Kûé suí asó mamõ, amõ taba rapekóbo"
são numerosos os que não são conhecidos,Se'yî i kuabypyre'yma
"por isso mesmo as malditas correm, insultando-se muito umas às outras",Nd'e'i te'e moxy onhana oîoa'o-marangatûabo
forquilha de madeira,ybyrá kamby
alegrando todas as velhas,Gûaîbĩ moesãîa mbá
"para cima suas pernas mandou pregar e, para baixo, sua cabeça","Ybaté koty ogûetymã moîarukari,'yba koty o akanga"
"e mentindo aquele que invoca sua própria alma, a alma de alguém ou também algum santo que está no céu, que acontece?","O'anga koîpó abá 'anga koîpó santo amõ ybakype tekoara renõîndara abé o îuraragûaîamo nhẽ, marãpe?"
o tradutor do padre,abaré nhe'engerekoara
eu sou todo manchado,Xe pinĩ-pinim
mas sua vida é muito má,Sekó-te i poxyeté
eu tenho as cavidades dos olhos encovadas,Xe resakûá-rorẽ
fiz que não o vi,N'asendube'ym-a'ubi - Fiz que não o ouvi N'asepîake'ym-a'ubi
minha coragem ainda existe,Oîkó bé xe taŷaíba
muito maior,turusu-katu-eté
está pronto o guaitacá?,Sekoaûîépe gûaîtaká?
"ele, de costume, agiria de outra maneira",Marandé ipó ahẽ rekóû nhandu
"sofreu, suportando o fogo","Sosang, tatá porarábo"
já transborda o cauim,Tynysẽ umã kaûĩ
envergonhaste à toa tua esposa?,Ereîmomara'a tenhẽpe nde remirekó?
"a terra ferve, ficando a estremecer","Yby obu-obur, otumu-tumunga"
batendo numa mulher grávida,Kunhã muru'abora resé opûá
e os rapazes que perseguem mulheres?,A'epe kunumĩgûasu kunhã oîmomosemba'e?
"vem para prová-los, pois",Eîori sa'anga rõ
milho de que se faz pão,abati-tinga
não quero que os índios deixem isso,N'aîpotari abá seîara
"dardejaste palavras em teu pai, respondendo ele agressivamente?","Erenhe'eng-ybõpe nde ruba, i îuruobaîtĩamo?"
deus o tomou,Tupã tari
ela teve penca uma vez,Oîepé i pem
"""ajuntamento de ostras"", nome de um lugar",Rerityba
derrubei-o,Aîaparaîtyk
eu me escafedo ao ir,- Xe rembyrĩ gûixóbo
certo homem branco nobre,amõ karaíba mosakara
posso vê-lo,A'ekatu sepîaka
não conheço esse homem,N'aîkuabi a'e abá
costas corcovadas,kupé-asura
guarda-te de me estranhares,Teumẽ xe mote'ebo
"tu não sossegas, não sabendo as ações dos inimigos","Na nde apysyki, tobaîara rekorama kuabe'yma"
prender escravos,tapuîa rara
creio na vida que não acabará,Arobîar tekobé opaba'erame'yma
"cantemos um pouquinho, primeiro, para festejarmos bem o dia",T'îanhe'engá-mirĩ ranhẽ 'ara momorãngatûabo
medi a profundidade dele,Atypy-a'ang
sou leve,Abebuîkatu
"após passar o seu parto, santa maria levou seu filho jesus para o templo","O membyraragûera kûab'iré, Santa Maria o membyra Îesus rerasóû Tupãokype"
"entrando nos seus antigos corpos, fazendo-os levantar imediatamente","Ogûetepûera pupé oîkŷabo, i mopu'ama kûeîeténe"
"a saída do sol, o nascer do sol",kûarasy sembaba
lanço palavras contra ele,Aîtyk nhe'enga sesé
não trouxe nem mesmo um só,Oîepé tiruã nd'aruri
"mandando-o ir, sem problemas, não ages como o que estima teu imperador césar",I mondóbo nhẽ nd'ereîkóî César nde rubixaba raûsuparamo
esteira da canoa,ygara rakypûera
que ajudemos um ao outro para criarmos nossos filhos,T'oroîopytybõne oré poromonhangagûera mongakuapa
o que fica escarnecendo das pessoas,Oporokurá-kuraba'e
eu sou mais que tu,Nde sosé ixé
pesquei peixes,Asekyî pirá
"conhecendo esses teus pecados, sinto que tu queres ir para o fogo do diabo","Iang nde angaîpaba kuapa, anhandub Anhanga ratápe nde só potara"
soltei as peias dos pés dele,Aîpukusamb-ok
o pai de meus filhos,xe membyra ruba
fui ao encontro do meio das águas,Y pytera asopenhan
ao estar o sol no meio do mundo,Kûarasy 'ara pyterype seneme
passamos uns atrás dos outros,Orokûakeó
"verdadeiramente, eis aqui teu caminho, aquele que tu procuras",Anheté kó nde rapé a'e nde remiekara
o que minh'alma busca,xe 'anga remiekara
eu sou molengão,Xe rekoporeaûsub
retribuí o que ele escreveu,Aîpoepyk semikûatiara
"eles mentem, um de cara para o outro","Semo'ẽ, oîobaúpa"
"eu sou uma jibóia, eu sou um socó, eu sou o grande tamoio aimbirê","Xe îyboîa, xe sokó, xe tamuîusu Aîmbiré"
"flor de planta, flor",ybotyra
sumiu a canoa de mim,Okanhem ygara xe suí
dei-lhe porradas na cabeça,Aîaparupã
para nos ensinar a orar a deus,Tupã mongetá resé îandé mbo'ebo nhẽ
"outro dia, já não agora",karamosé é
"sequei muito, sequei duramente",Atining-atã
1) quê? que dizes?,marã-pipó?
"atacamo-los, prendemo-los, antes que se consolem","Îasepenhan, îaîpysyk, i apysyk' e'ymebé"
fazemos passar as flechas dos malditos,Îamongûá moxy ru'uba
"que se alegrem, descansando","Ta soryb, oputugûabo"
"não era deus espírito santo, mas um sinal da sua vinda","-Tupã Espírito Santo anhẽ a'e tatá? -Nda Tupã Espírito Santo ruã, tura îekuapaba é - Deus Espírito Santo era, na verdade, aquele fogo?"
a fala de fulano repreendeu-me,Xe momotîasó ahẽ nhe'enga
rapo-lhe a cabeça,Aî'apin
imagem de deus,Tupã ra'angaba
toco-a,Aîopy
este caminho também é penoso,Ikó pé bé iî abaí
furo-lhe a pele,Aîpi-kutuk
matemos meu marido,T'îaîuká xe mena
"dou passos largos, dou grandes passos",Xe rapupa'ũusu
"tempo, lugar, modo, etc de aparar, de rapar, etc",pindaba
oprime-nos o coração,Oré py'a-pyk
tu te alegras quando um homem apalpa teus seios?,Nde rorype nde kama abá sungáreme?
olhando para o órgão sexual da mulher ou do homem,Kunhã koîpó abá remimborará resé oma'ẽmo
eu tenho puxos,Xe rygeasypu'ãpu'am
essas serão teu futuro assado,Aîpó nde remixyrama
que ele deseje muito a lei de deus,T'oî'useî-katu Tupã rekó
não há de ser,aani-xûé ipóne
"tremo, ambas as minhas coxas adormeceram","Aryryî, opá xe uba îesyî"
"coisa muito boa é uma grande bebedeira, ficar vomitando cauim","Mba'eeté ka'ugûasu, kaûĩ moîeby-îebyra"
eu estou roxo furta-cor,Xe roby-kanugûá
seu senhorzinho reconhecendo imediatamente,O îarĩ kuapa aunhenhẽ
que se guarde fulano de falar,Te'itenhẽumẽ ahẽ onhe'enga
está impedido também o homem de casar com os que sua irmã gera,Sarûab-y bé o endyra remimonhanga resé abá mendara
"eles, na verdade, em três pessoas se distinguem, na união de seu único ser divino","A'e anhẽ mosapyr pessoaamo i îa'oki, oîepé og ekó-karaíba îese'ara pupé nhẽ"
"ah, quem me dera uma mulher viesse para o meu lado!",Our temõ kunhã xe posé mã!
"há um padrinho meu, velho pervertedor dos tupis","Oîkobé xe rubangaba, tupi moangaîpaparûera"
a boa crença em deus de teu coração não se desprendeu,Tupã rerobîá-katu nde py'a suí nd'o'iri
evocando a morte de meu senhor,xe îara re'õ renõîa
o diabo me importuna,Anhanga xe moaîu
preferiam outrora as pessoas que as matassem?,Oîpotarĩ-p'amẽ abá erimba'e o îuká?
não! irritei-me,Aani! Aîemoŷrõ
vou para fazer resgates,Asó gûiporepŷana
"nós assomamos em grande número, nós éramos muitos",Oré akoroí
"fica muito feliz, de fato, o homem que se defronta com a morte, encontrando o que cura",Sorybeté rakó abá tegûama porarasara moroposanongara supé ogûasema
eu fui bom antes de ir para o céu,Xe angaturam ybakype xe só îanondé
flechou-o em lugar não mortal,Iî ara'ape inhybõû
são muitos os peixes que são gostosos?,Setápe pirá seba'e?
vinha com púrpura e espinhos,Aopyranga îu abé ogûerur
"desanima, sem mais, de suas diversões também",Omanõaibí o nhemosaraîtápe bé
amarrei-lhe os calcanhares,Aîpytá-pûar
diante de duas pessoas,Mokõî abá robaké
"após não realizar nosso pai primeiro o que deus havia dito, a morte surgiu nele e em nós também","Tupã 'îaba îandé rubypy i mopore'ym'iré, te'õ 'ari sesé îandé resé béno"
"muito longe, fora ou ao revés do que é",aroane'ỹngatu
"por quê vocês, maíras e perós, quer dizer, franceses e portugueses, vêm de tão longe procurar madeira para se aquecerem?","""Que veut dire que vous autres Mairs et Peros, c'est à dire François et Portugais, veniez de si loin querir du bois pour vous chauffer?"""
"ah, quem me dera não ter transgredido outrora tuas palavras!",N'aîabŷî xûé temõ erimba'e nde nhe'enga mã!
cingi-o,Aîku'aman
"como modo de honrar sua vinda, comemoramos este dia",Turagûera moetesabamo kó 'ara îamoeté
ficaste quebrando a cabeça de teu filho antes de o abortar?,Ereîakangá-ngápe nde membyra i akyrar-y îanondé?
"ao comer junto dos seus discípulos, o pão devolveu como seu corpo kapi'ĩ sosé kó tuî, tapi'irusu karûápe - eis que sobre o capim ele está deitado, no lugar em que a vaca come","Gûemimbo'e pyri o karûápe, miapé moîebyû gûetéramo"
"portanto, não morri com um pecado sequer!","Irõ, oîepé tiruã pecado n'aromanõî!"
lamentando terem nascido de suas mães,O sy suí o 'aragûera moasŷabo
"tu foste gabola, lembrando-te de coisas más?",-Nde nhe'engapaparaípe mba'epoxy resé nde ma'enduaramo?
"oh, muito bem!","Té, aûîé nipó!"
"se o que tem relações sexuais com uma solteira ou por ela se atrai transgride muito a palavra de deus, tanto mais o que perverte uma casada ou o que se atrai por ela","Mene'yma resé oîkoba'e abiã koîpó sesé onhemomotaryba'e oîaby-eté Tupã nhe'enga, memetipó mendara momoxysara koîpó sesé nhemomotasara"
queres que ele te coma?,Ereîpotápe nde 'u?
isso o senhor deus não quer,Ianga Pa'i Tupã n'oîpotari
meus dentes tiritam xe rembé-tatak - meu beiço tirita,Xe rãîtatak
lourenço tostado atou minhas mãos,Rorẽ-ka'ẽ xe popûá
tuas palavras,nde nhe'enga
inimiga do diabo,Anhanga sumarã
que não tenha medo de anunciar a jesus cristo,T'osykyîé umẽ Îesu Cristo mombegûabo
o próprio padre responsável por eles que o julgue,Abaré serekoara aé t'osekokuab
nosso senhor constituiu-me guardião da aldeia,Taba raroanamo nhẽ Îandé Îara xe moingóû
não querendo proceder segundo a vontade de sua própria carne,Og o'o remimotara rupi oîkó-potare'yma
acaso trouxeste muitas coisas?,Ereruretá serã?
vou em busca de água,Y piaramo asó
ficaria aumentando meus miseráveis pecados vivendo nesta terra,Aîrumõ-rumõmo xe rekoangaîpagûera'uba ikó yby pupé gûitekóbomo
é no final da missa que entras sempre?,Missa mondykápe épe ereîké îepi?
"para ele trouxeram, como oferendas, ouro, resina dura que recende e mirra","I xupé ogûeru îetanongabamo itaîuba, ysykatã syapûãba'e, mirra"
"vereis também, futuramente, minha vinda sobre as nuvens",Pesepîak irã ybytinga 'arybo xe rura béne
diminuto como isto,nãîbe'ĩnhot'a'ub
"barco de navio, barco salva-vidas",ygá-membyra
"vendo-o, somente, é como pão",Sepîaka nhõ miapé berame'ĩ
afligiu-o muito,Oîmomboreaûsu-katu
"mataram seus corpos, mas suas almas foram-se para encontrar a vida que não acabará","Seté îukáû, i 'anga-te oîeoî tekobé opaba'erame'yma ri oîekosupa"
mordo-lhe a cabeça,Aî'a-su'u
"de diante deles ele foi, aos poucos, subindo",Sobaké suí mbegûé-mbegûé i xóû oîeupi
está diante de mim,E'am xe reseî
por que a gente reconhece o dia dos santos?,Marãnamope asé santos 'ara kuabi?
pus espertadura nela,Aî'atype'apá-moín
bom trabalhador,morabuká-katu
casca de coco,inaîagûasu apepûera
não conheço esse homem,N'aîkuabi a'e abá
que perguntem ao padre ao se confessarem,T'oporandu abaré supé o nhemombegûápe
eis que ele sempre vai,Osó memẽ n'akó îepi
"excitaste-o, querendo expelir teu sêmen?",Ereîkapyrokype nde ra'y-pupuka potá?
"antes que ela saiba, vamos para levar os malditos","I kuab'e'ymebé, îasó muru rerasóbo"
sendo coisa antiga,o mba'epûeramo
matei já os tupis,Aîuká umûã tupi
eu sou leproso,Xe piryty
repartimo-nos,Oronhemoîa'ok
bem que disse isso,Îepé aîpó a'é
homem ignorante,abá-tekokuabe'yma
"amo-a, por ela tendo cuidado","Asaûsu, sesé gûinhemoryryîa"
a seus olhos eu hei de estar,Sesápe xe rekóû re'ĩ
urdiste mentiras contra alguém?,Eresekyîpe îuraragûaîa abá supé?
eu mesmo fiz assim,Ixé aé emonã aîkó
tendo o dom da vossa vida,pe rekobé me'engaba rerekóbo
"urdiste mentiras contra alguém, envergonhando-o, fazendo-o ser tratado como mentiroso?",Eresekyîpe îuraragûaîa abá supé i motĩamo nhe'engabamo serekó-uká?
cumpriste as palavras do governante da aldeia?,Ereîporakápe taba rerekoara nhe'enga?
"todo seu sangue deu, morrendo","Opá og ugûy me'engi, omanomõ"
"cuidado, cuidado, menino, para que não te castigue o homem branco","Taté, taté, kunumĩ, na nde nupãî karaíba"
antigamente pescava bem os peixes,Akûeîme rakó pirá asekyî-marangatu
também por embriaguez ficando a ferirem-se uns aos outros,Sabeypora suí bé oîoapixá-pixapa
acenaste com a mão para alguma mulher?,Ereîepoeîtykype kunhã amõ supé?
somente o domingo que está no meio dela,Domingo anhõ i pytera rupi okûaba'e
logo depois que morrerem irão para o céu os que foram assim desse jeito?,O manõ riremẽ serã emonã nungara sóû ybakypene?
afilei-o bem fininho,Aîmopoîĩ
eu estou bento,I mongaraibypyra ixé
"vou à guerra, vou como guerreiro",Asó gûarinĩramo
"semelhante a que é essa graça, o meio de fazê-los bons?",Mba'e nungarape aîpó graça i moangaturãsaba?
a satisfação dos cônjuges,mendara moîekosupaba
eu sobrei,Xe rembyr
como se fosse aquele que não morrerá,Akó omanõba'erame'yma berame'ĩ
cada vez que tem medo da morte,Te'õ suí o nheangu îabi'õ
"mas não pode a gente, de modo nenhum, contar o procedimento oculto de alguém?",Nd'e'ikatu angáî-tepe asé abá rekó-nhemima mombegûabo?
endireitei-o,Aîapengok
o bondoso são lourenço guarda vossa terra,São Lourenço-angaturama osarõ nhẽ pe retama
ele mesmo,Ixé aé - Eu mesmo A'e aé
"vai para prová-los, para que pratiquem maus atos",Eîori sa'anga t'oîpuru tekó-poxy
"mas tu brilhas mais que ele, iluminando-nos todos com tua virtude","Nde-te ereberá i xosé, oré resapébo pá nde rekokatu pupé"
escabelei-o,Aî'abo'o-bo'o
"eis que esta roupa será, adequadamente, de feriado",Ikó aoba niã aûîé-katutenhẽ Tupãnemendarama
ferrei-o,Asapy
"hei de ir, de fato?",Asóp'ixéne é?
creio na subida dele ao céu,Arobîar ybakype i îeupiragûera
fruto dela,i 'a
"fogo do cauim, isto é, com que se coze o cauim",kaûĩ ratá
"os bem-aventurados e os santos no céu, que vêem a deus, ultrapassam o número dos dias que o ano tem","Marangatuba'e, Santos, ybakype Tupã repîakaretá, osasá 'ara ro'y remierekó papasaba"
meu preço é pouquinho,Xe repy mokonhõ'ĩ
quem aquele transgride?,Abápe aîpoba'e oîaby?
"não parece bem fazer ele a defesa da morte fora de jesus cristo, mas faz sentido que sua morte fosse a finalidade com que seu pai o fez viver","N'i aîarõî Îesu Cristo taté é te'õ suí i îepirapûana, tuba i moingoaba se'õ a'e i aîarõ"
não ouço tuas palavras,N'asendubi nde nhe'enga
de madrugada,ka'amutumome
parei,Apytá
"mas eu a deus, meu pai, rezava sempre, propondo ser bom, pranteando meus pecados","Ixé-te, Tupã, xe ruba, aîmongetá memẽ nhẽ, xe katurama momboîa, xe angaîpaba rapirõmo"
"esses, enfim, não diferem da cobra, isso porque a cobra, antes de fazer destruir a vida daquele que morde, deixa sua própria vida ao pisarem sua cabeça","Aîpoba'e tene nd'oîabyî mboîa, mba'etakó mboîa o emindu'u rekobé mokanhemukar-y îanondé, o ekobé reîari o akanga patukasagûerype"
não mates gente,Eporapiti umẽ
"o homem desanima, sem mais, de comer também",Omanõaibí abá o mba'e gûápe bé
"o fogo te convém verdadeiramente, para que nele te asses","Tatá nde arõeté, i pupé t'ereîesy"
corta-o pela sua base,Iî aŷpy rupi eîasy'ab
não conhece a preocupação com sua própria morte,Ogûe'õnama resé nheangerekó n'oîkuabi
vem para que faças ir de mim a maldade,Eîori t'eremondó xe suí tekoangaîpaba
a ele a gente pede pelo futuro viver de sua alma?,I xupépe asé îeruréû o 'anga rekorama resé?
"ele, com a mãe de deus, foi o que criou a jesus, deus",A'e niã Tupã sy irũnamo Tupã Jesus mongakuasaramo sekóû
podem casar-se um com o outro?,E'ikatupe o îoesé omendá?
óleo de peixe,pirá-nhandy
ferrei-o,Aîpyapasamoín
"vamos, devagar, para fazer o assalto, para queimar a terra dos malditos","T'îasó, mbegûé, îapu'ama, t'ixapy moxy retama"
prendi-os um ao lado do outro,O îoybyri aîmoín
uniram-se os homens maus,I îasear apŷabaíba
"veio de novo, achando-os novamente no sono",Our benhẽ i kera pé nhẽ obasemano
fui na direção do meio das águas,Y-pytera koty asó
mas que vá pero,Pero-te t'osó
segui adiante,Akûabĩ tenondé
já veio,Our ugûan
vem para te compadeceres de nós,"Eîori, oré raûsubá"
apoiamo-nos em ti,Oroîekok nde resé
eu sou curto,Xe apûa'ĩ
remo,Aygapukuî
esmigalhei-o,Aîkumirik
dizem que é assim,Emonã i'e ra'e
para as armadilhas eles levam gente,Mundépe i porerasóû
o que fica urdindo as palavras de alguém,Abá oînhe'ẽmonhã-monhangyba'e
como será que um habitante do inferno viveria neste mundo se deus o fizesse viver fora dali um mês?,Marãeté'ĩ ra'umope amõ Anhanga ratá pora rekóû ikó 'ara pupé oîepé îasy Tupã ebanõî suí o moingobérememo?
eu sou um fujão,Xe îababixûer
a que cuida da virtude é a mãe de deus bondosa,Tekokatu angagûara Tupã sy-angaturama
para o monte chamado calvário,Ybytyra Monte Calvário 'îápe
eu estou enlameado,Xe ru'um
"vela bem por mim, mandando que não me façam cair","Ema'enãngatu xe ri, xe mbo'are'ymuká"
"não existem mais absolutamente suas antigas terras todas, há tempos, não contêm muita coisa",N'i tyb-angáî setãmbûera Opá akûeîme n'i poretáî
"tu és a manhã, causa verdadeira da alegria do dia","Nde ko'ema, 'ara rorypabeté"
"sofrendo tudo o que é doloroso, que não se mitigará",Opakatu sasyeteba'e i arybeba'erame'yma porarábo
"jesus, o que eu desejo","Îesu, xe remimotara"
limpo-o de ferrugem,Aîkytyngok
"mostram-se a urdir mentiras, ficando a provar poções","E'i mo'ema monhanga, mosanga ra'ã-ra'anga"
"tu és a manhã, verdadeira alegria do dia","Nde ko'ema, 'ara rorypabeté"
é natural dele,Sekoaba nhẽ
o ocultamento das coisas,mba'e kuakubagûera
que me livre deus do pecado,Ta xe pe'a Tupã tekoangaîpaba suí
varri os ciscos,Aytypeir
"após seres grande, serás mãe de deus","Nde reburusu riré, Tupã syramo ereîkóne"
"tempo, lugar, instrumento, causa, modo, companhia, etc de matar",îukasaba
como seus discípulos procederam vendo tratar assim a seu senhor?,Marãpe i boîá rekóû emonã o îara rerekó repîaka?
engolir-me-á por aí alguma cobra grande,Xe mokõ kûepe mboîusu amõne
sujeira do menino,kunumĩ a'uba
que mal eu agi outrora,Akûere'õ xe rekóû rimba'e re'ĩ
"retiraram-no para o pátio, colocando uma cruz no ombro dele","Okarype senosemi, cruz nonga i ati'yba ri"
meu rosto é envelhecido,Xe robá tuîba'e
é certo que o comungante comungue algumas vezes sempre?,"A'eboépe Tupã rasara Tupã rari amõme, îepi?"
"eu vim do rio dos paratis para ver a mãe de deus, ficando a enfeitar-me","Xe Parati 'y suí aîu Tupã sy repîaka, gûinhemoîegûá-îegûaka"
"eu, em vez disso, quero presas em alguns bêbados","Xe-te, xe rembiá-potá sabeypora amõ resé"
apenas não me matou,Sa'ĩ xe îukae'ymi
"metal vivo, isto é, o mercúrio",itá-ekobé
"ah, vencer-me-ão hoje",Xe reîtyk korine mã!
por baixo das brenhas dela,iî aigûyra rupi nhẽ
desenfiei-o,Asysymbo'ir
maltrato-o,Arekomarã
pequeno como isto,nãmo-nhõta'ub
se eu tivesse ido,Mba'emeémo asó
a mim também o flechado bastião derrotou-me não existe mais minha antiga bravura,Xe abé iî ybõmbyrûera Bastião xe moaûîé N'i tybi xe abaetepûera
"eia, agora, contai, pois, os impedimentos dele",Pe'ĩ ko'yr sarûaba mombegûabo rõ
arranquei-lhe as sementes,Asa'ỹî-ok
eu estou muito empanturrado,Xe rebykatãgûasu
"vem para espantar o maldito, para que não invista contra nós","Eîori muru mondyîa, t'opu'am umẽ oré ri"
será que a noite toda ages para fazer sumir as galinhas?,Pysaré serã ereîkó arinhama mokanhema?
"o próprio céu é o que deus prepara para nós, lugar em que bem coloca nossa felicidade futura","Ybaka aé Tupã îandé resé i nhemosako'îaba, îandé mba'ekaturama nongatûaba re'a"
"para cima mandou pregar suas pernas e, para baixo, sua cabeça","Ybaté koty ogûetymã moîarukari, 'yba koty o akanga"
não comas este fruto,E'u ymẽ ikó 'ybá
mata-o!,Eîuká!
"bebeste cauim, temendo tua embriaguez?","Ereka'upe, nde sabeypora reroangûabo nhẽ?"
tentando inutilmente o modo antigo de falar,o nhe'engabûera ra'angyîepébo
"na verdade, três vezes negarás ser meu discípulo",Mosapy ipó xe boîáramo nde rekó ereîkuakub
alimentando-o um pouco em teu seio,I poîa-mirĩ nde kama pupé
fez nosso senhor algum diante dele?,Oîmonhangype Îandé Îara amõ sobaké?
solto o embrulho dele,Aîpokesá-rab
"ó meu filhinho, lembra-te de que os que pereceram são objeto de esquecimento","Xe ra'yrĩ gûé, tesaraîtabamo okanhemba'epûera rekó resé nde ma'enduar"
se eu arrotar,xe eúme
"sede verdadeira, não a de antes de tocar a água","Useîeté, na 'y atõî' îanondé ruã"
com seu sangue me lavou,Og ugûy pupé xe reî
sou um menor de idade,Xe gûyrigûana
"tupiniquins, habitantes daqui, espiões inimigos","Tupinakyîa, keygûara, tĩapyra moroupîara"
para as armadilhas eles levam gente,Mundépe i porerasóû
haste sem os grãos,ygûera
ter-nos-iam amaldiçoado,Îandé momburu meémo
gritei com ele,Aîakab
eu tenho diarréia com sangue,Xe reîkûarugûy
"sobra-me dinheiro, certamente",Xe resemõ îepé itaîuba
como viajantes é que nós estamos nesta terra,Ataramo é asé rekóû ikó yby pupé
desviei-o comigo,Aropîá
"de lado, de ilharga",o ykébo
que estejam atacando gente,T'oporepenhã oîkóbo
havemos de anunciar futuramente sua partida,T'îaîmombe'u é irã i îepaboka
tornando possíveis coisas que são difíceis,Mba'e i abaiba'e moabaibe'yma
"eu sou muito grosseiro, eu sou grosseirão",Xe ran - Eu sou grosseiro Xe ranusu
e judas não se afligiu junto aos judeus por entregar a seu senhor?,A'epe Îudas n'oîkotebẽî Îudeus supé o îara me'engagûera resé?
trucidador,morapitîara
"conforme seu próprio pedido, na cruz o pregaram","Cruz resé i moîari, i îeruresabo é"
ajo velhacamente,Aîkó-angaîpab
"caem, às vezes, os que seriam os frutos das árvores, sendo ainda flores",Okuî rakó amũme 'ybarambûera o 'yba suí 'ybotyramo oîkóbo bé
ela está afiada,Saembé
"ao passar a quarta-feira das cinzas sagradas, o grande jejum chamado quaresma começa","Quarta-feira tanimbu-karaíba rasápe, îekuakupabusu Quaresma 'îaba nheypyrungi"
"és parecido com um chamusco, ó coisa fedorenta!","-Nde rapixara pixé, mba'enem-y îu!"
"miolo, tutano de osso",kanga putu'uma
teço roupas,Aaó-pyasab
trato-o como se fosse meu filho,Xe ra'yra berame'ĩ arekó
acaso deus tem vista aguda para me ver?,Sesapysó a'upe é Tupã xe repîaka?
não trabalhamos neste dia,N'îaporabykyî kó 'ara pupé
"levantai-vos, vamos em seu caminho para encontrá-lo","Pepu'am, t'îasó sapépe sobaîtĩamo"
"que coisas, pois, eu fiz hoje?",Marã-marã-pakó îeí xe rekóû?
lasca de madeira,ybyrá-pesembûera
não foi à toa que os feriados surgiram para nós como um intercalação no trabalho,Na tenhẽ ruã 'areté marãtekoaba ri oîoparabamo 'ari îandébo
como modo de fazer voltar em si a virtude,Tekokatu reroîebysabamo
enrolei o cipó no esteio,Aîmaman okytá ysypó pupé - Amarrei o esteio com cipó Aîmaman ysypó okytá resé
nariz achatado,tĩmbeba
espero-o no seu caminho,Asapearõ
pratiquei todos os jejuns,Aîá pá îekuakuba
eu estou muito melancólico,Xe pytubarusu
eis aqui meu arco,Kobé xe îurupara
fio embotado,aembé-koroîa
tenho jeito de o saber,Aîkugûab-arõan
regurgitei,Atuî
palavra ruim,nhe'engasy
"entram grandes espinhos, espetando sua cabeça","Oîké îugûasu, i akanga kutuka"
nesse dia proferem as ladainhas ao longo da procissão,Ebokûé 'ara pupé gûá osa'ang ladainhas îebyîebysaba rupi
"logo, vencendo os temiminós, habitantes daqui, eu os frequentarei","Koromõ, keygûara temiminõ moaûîébo, asapekóne"
vem para nos arrancar o visgo,Eîori oré mongoka
estava já deus no ventre de santa maria?,Oín uãpe Tupã Santa Maria rygépe?
"esse santo a vida de seu mestre escreveu para nós, deixando-a","Kó santo o mbo'esara rekopûera erimba'e oîkûatiar îandébo, seîá"
que pareçam juntar-se como um só,T'oîese'ar-y berame'ĩ oîepekaturamo
estou-me agachando,Anhemombé-mombeb gûitekóbo
"o que entrega os reféns, o redentor",morepy me'engara
não pode alguém casar-se com seu parente verdadeiro?,Nd'e'ikatuîpe abá o anameté resé omendá?
"vais, neste dia","Eresó, kó 'ara ri"
na minha aûsência é que ele disse isso,Xe kupépe é ahẽ aîpó i 'éû
vieram para consolá-lo,Our i moapysyka
despejei-o,Asekoabok
eis que também minhas muitas presas hei de dar algumas a ti,Kobé xe rembiaretá t'ame'ẽne amõ endébo
é por causa do chefe que a aldeia é ótima,Morubixaba ri é taba matuetéramo
pode o homem não cuidar de sua esposa?,E'ikatupe abá o emirekó resé oposykyîee'yma?
ouvir o sermão do padre,abaré nhe'ẽnhe'enga renduba
"ah, quem me dera comer veneno para que eu morresse","-A'u temõ mba'eaíba mã, a'emo nhẽ xe re'õû"
na parte de dentro da embarcação,ygá-pype
meteste a mão nas partes erógenas de teu companheiro?,Erepo'ẽpe nde rapixara rapupé resé?
um ladrão que fora posto na prisão,Abá-mondá mundeokype i mondebypyrûera
acreditas em falsas oferendas ou em pajelanças?,Ererobîápe îetanonga'uba koîpó karaimonhanga?
creio na descida dele para o meio da terra,Arobîar yby apyterype i gûeîybagûera
"obedeceu, enfim, pilatos à sua palavra, então?",Osapîápe Pilatos i nhe'enga a'ereme ko'yté?
que tipo de mulher é santa maria?,Marãba'e kunhãpe Santa Maria?
já transborda o cauim,Tynysẽ umã kaûĩ
sob a areia branca,ybyku'i-tinga gûyri
penetram os cravos dentro de tua alma,Oîké itapygûá nde 'anga pupé
seus antigos companheiros dei para os índios em troca de cauim,"Irũmbûera, kaûĩ repyrama ri, aîme'eng abá supé"
pus entradas no rosto dele,Asobagûá-moín
"da mesma forma, a morte também entrou como componente deste mundo",Te'õ abé reîkéû ikó 'ara poramo oîá
"fá-los-ei correr comigo, fá-los-ei voar comigo","Anonhan, arobebéne"
cera de ouvidos,apysakûarygugûá
faço sua futura casa,Aîmonhang sokûama
mina de ouro,itaîu-kûara
fazendo-me estar sozinho,oîepebẽ xe moingóbo re'ĩ
logo eu estou feliz,Koromõ xe rorybamo
que eu faça brilhar a face escura de deus para minha alma,T'amoberab Tupã robá-pytuna xe 'anga supé
"será que estais sossegados, sem mais, com vossos montes de maldades?",Pe apysykĩ serã peîkóbo pe rekomemûã aty-atyra pupé?
faço roça,Akopir
foram terríveis contra os malditos as flechas de são sebastião,I abaeté muru supé São Sebastião ru'uba
"eu não queria vir , irando os homens brancos","Xe n'aîu-potari biã, karaíba moabaîtébo"
eu hei de vingar-te,Ixé t'oroepyk
"já se juntaram por causa disso muitos moços bebedores de cauim, velhas e velhos também","Onheŷnhang umã sesé kunumĩetá kagûara, gûaîbĩ, tuîba'e abé"
abortei meu filho,Xe membyrakyrar
tenho vida boa,Tekó-katu arekó
eu tenho muitas comborças,Xe nhemõîetá
comi,Akaru
tendo relações sexuais com mulheres diante de sua companheira,O apixara robaké kunhã resé oîkóbo
eu gemo dormindo,Xe keraíb
"tratemo-los bem, junto de nós",T'i rekó-katu îandébe
não deixam de ser presas de nossas mãos os que se confessam,N'opyki nhemombegûara îandé pó suí sembiara
o que é cabeçudo,i apytagûaba'e
"estai aqui esperando-me, junto de mim, não dormindo","Iké nhẽ peîkó xe rarõmo, xe pyri, pekere'yma"
eia!,ne'ĩ ne'ĩ!
como o trataram ao dizer ele isso?,Marãpe ybŷá serekóû aîpó i 'ereme?
"deus parece obter descanso, como se fazer quaisquer coisas fosse cansaço de deus",Mutu'u resé Tupã îekosu-berame'ĩ Tupã kane'õ mba'e tetiruã monhanga îaramẽ
como será que um habitante do inferno viveria neste mundo se deus o fizesse viver fora dali um mês?,Marãeté'ĩ ra'umope amõ Anhanga ratá pora rekóû ikó 'ara pupé oîepé îasy Tupã ebanoĩ suí o moingobérememo?
o que trabalha perto de mim,Xe pyri marãtekoara
"portanto, deixai de crer nele futuramente",Emonãnamo peteumẽ irã serobîá
eu estou muito leve nas minhas coisas,Xe rekó-apepu-pepu
mas seria difícil para as pessoas comer minha carne,A'e iîabaíbymo abá supé xe ro'o 'u
todos eles voltaram-se para trás,Opá i îeakypûereroîebyri
até mesmo em deus este lança palavras,Tupã resé tiruã kó nhe'enga reîtyki
"eram muitos, mesmo, todos os que diziam isso",Setá tenhẽ erimba'e opab aîpó 'îarûera
voltou a viver dos que morreram,Omanõba'epûera suí sekobé-îebyri
eu sou arredio,Xe îeîaî
saí em fuga,Asem îepé
princípio da compaixão,Moroaûsubara 'yba
pó de madeira,ybyrá ku'i
"que amemos nosso pai, nosso verdadeiro criador","T'orosaûsu îandé ruba, îandé monhangareté"
quem são os que rogam a deus por nós?,Abá-abápe asé resé Tupã mongetasaramo sekóû?
"por isso mesmo o homem se confessa a seu substituto, o padre",Nd'e'i te'e abá soŷpyra abaré supé onhemombegûabo
olha bem para nós!,Ema'ẽngatu oré ri!
qual? aquele lourenço tostado?,Umã? Akó Rorẽ-ka'ẽ?
"quantas são, necessariamente, as verdadeiras esposas de um homem?",Mobype amẽ abá remirekó-eté?
mato gente,Aporoîuká
"querendo devorar suas almas, a noite toda não dormi, absolutamente",I 'anga 'u-potá é pysaré n'aker-angáî
como tu és mau!,Nde poxy ûĩ!
a gente se batiza muitas vezes?,Setápe asé nhemongaraíbi?
não chamando o padre para o doente que está consigo,Mba'easybora o îoesendûara supé abaré renõîe'yma
e o escravo não obedecerá às palavras de seu senhor?,A'epe miaûsuba n'osapîari xûé o îara nhe'engane?
"""vou para ir""",Gûixóbo asó
nele as pessoas batem à tua vista,Sesé abá pûari nde resápe nhẽ
"eis que era costume, por ocasião disso, pôr nome assim, puseram como nome dele ""jesus""",Ã tekó a'ereme moreroka Ké bŷá Îesus nongi seramo
fiz meu filho dormir comigo,Aroker xe ra'yra
tiveste relações sexuais com algum sodomita?,Ereîkópe tebira amõ resé?
trouxe as velhas de além de magueá,Gûaîbĩ aru amõ Magûeá suí
aqueles velhos reis fedorentos?,-Akó tubixanẽmbûera?
"vem, coisa fedorenta!","Eîori, mba'e-nem!"
olha para nós!,Ema'ẽ oré resé!
dar também o quinhão de deus naquilo que plantou primeiro,O emitymbûerypy pupé Tupã potá-me'engano
que pesa mais ao que está ali do que tudo o que sofre?,Mba'epe sasyeté a'epe tekoara supé opakatu semiporará sosé?
"haveria de morrer, na verdade, antes de se batizar",Omanõ îepémo oîemongaraíb'e'ymebé re'a
meu corpo treme,Xe reté-piring
golpeamos um ao outro,Oronheatõî
por que será que ele não vem?,Marã serã ture'ymi?
morro eu próprio,Amanõ teé
eu vou só,Ixé anhõ asó
quase o matei,Aîukasûer
"o que está preso em ferros, o que está peado",i pukusamba'e
sinto que tu queres ir para o fogo do diabo,Anhandub Anhanga ratápe nde só-potara
machuco-lhe a cabeça,Aî'apirungá
"o sem-orelhas, coisa mocha",nambie'yma
tapei-lhe a boca,Aîputupyk
deverias ter sabido antes o que fazias,Ereîkuá ranhẽ meémo emonã nde rekorama
eu espumei,Xe rendyîuî
longamente nosso pai primeiro esteve chorando,Ipuku erimba'e îandé rubypy rekóû îase'o-monhanga
eu tenho dores de parto,Xe membyrasy
o que cristo deixa como chefes dos cristãos batizados,Cristãos i mongaraibypyra tekokuaparamo Cristo remieîara
"detesta-te, emenda-te","Eîeroŷrõ, enhemomotiasó"
não trouxeste foices?,N'ererupe îyapara?
"no meio do caminho, meninos assaltaram-me mesquinhamente","Pé ku'ape, kunumĩ pu'ama'ubi xe ri"
homem covarde,abá-ekoetee'yma
com sua própria filha ninguém se casa,O aîyra resé abá n'omendari
estou em guerra,Aîkó marana ri
sua orelha arrancada,i nambi-mondokypyra
como coisa um do outro estão os que são casados,O îomba'eramo i momendarypyra rekóû
"""frio coalhado"", isto é, neve, geada",ro'ynhemoapysanga
escondo-me bem estando deitado aqui,Aîemĩngatu kó gûitupa
aoba -marãba'e? -pykasu-aba -que trouxeste dentro de tua caixa? -roupas -de que tipo? -de pena de pomba,-Mba'epe ereru nde karamemûã pupé?
"eu, tatapitera, inflamo os antigos ódios","Xe, Tatapytera asapy nhemoŷrõmbûera"
experimentemos a força dos homens conosco,T'isa'ang apŷaba marã îandé irũ
entalhe da flecha,u'uba nhã
ficando a repreendê-lo por ocasião de seu erro,Sekomemûãneme senonhẽ-nonhena
devolve o objeto de seu furto,Ogûeroîebyr o mondasagûera
lua nova,îasy-semamo
"depois disso, vamos hoje para quebrar as cabeças dos reis",A'e ré kori îasó tubixaba akanga kábo
lavou-se as mãos à vista da multidão,Oîepó-eî te'yîa remiepîakamo
eu sou peçonhento,Xe ranhasy
serra braceira,ybyrakytĩabusu
vendo os pagãos a virtude dos cristãos,Cristãos rekokatu repîaka é ipó imongaraibypyre'yma
"tu fizeste mexericos, contando as palavras de teu próximo?",Nde mba'epûerype nde rapixarĩ nhe'engûera mombegûabo?
"mulher bondosa, não tocada por homem",kunhã-angaturama abá bykagûere'yma
tu me alegras muito,Xe moory-katu îepé
por que minha mãe me deu à luz outrora?,Marã-pakó xe sy xe mbo'ari erimba'e?
ó! não há modo de contar isso,Tó! Aîpó n'i papasabi!
casa de pedra,itá-oka
eu estou de luto,Xe anhangyar
"tu te compadeceste deles quando eles estavam doentes, tirando-lhes fogo?","Eresaûsubarype i mba'easyreme, satá-á"
"mas, então, eu amei isto?",Iang-tepe ixé asaûsub ra'e?
quando cumprirás isso que dizes?,Erimba'epe aîpó nde 'îaba ereîmopóne?
apressam-me estes meus súditos,Xe moanhẽ kó xe boîá
"estreitado em forma de pescoço, isto é, com estreitamento entre duas partes bojudas",anhurĩ
"por teres misericórdia, nossa alma visitas","Moraûsuberekosápe, asé 'anga ereîosub"
alegrando todas as velhas,Gûaîbĩ moesãîa mbá
e finalmente?,Tépe?
meus antigos e grandes pecados farei sair,Xe angaîpá-tubixagûera amosẽne
veio novamente por tua causa,Oú ramõ nde resé
agradando-se com o que o hospeda,O apysykamo o momytasara ri
"ele é lampeiro como uma onça, seguindo nosso rastro","I ara'a îagûara îá, îandé rakypûemboú"
o que é de dia,arybondûara
como assim? diante de uma madeira a gente faz reverência?,Marã? Ybyrá supé nhẽpe asé îerokyû?
bolinho de pão,miapé-mirĩ
palavras de quem são aquelas?,Abá nhe'engûerape aîpó?
que tenha reparação teu roubo,Ta sepy nde mondagûera
não sentindo o peso de suas maldades,O angaîpaba posyîûera andube'yma
eu lhe pelo o couro cabeludo,Aî'apirabo'o
mastro da embarcação,ygara rokytá
haveis de bem recobrar o fôlego após vos cansardes,Ta pe putuẽngatuté irã pe îemokane'õ ré
quantos são os chefes principais por aqui?,Mobype tubixá-katu kybõ?
"eis que eu amo vossas almas, modificando os costumes antigos",Xe ikó asaûsu pe 'anga tekopûera rekoaboka
que bom seria se eu fosse!,Marãîasûaramo asó mã!
"mas agora, por minha causa, dentro de uma casinha estás","A'e ko'y, xe resé, ó-mirĩ pupé ereîkó"
fazendo o doente ter esperança,Mba'easybora moîerobîaruká
faço pedro ser padre,Aîmoabaré Pedro
que tenhamos estes homens contra nossos inimigos,T'irekó ikó apŷaba îandé robaîara ri
fez-nos viver,Îandé moingobé
fazendo-me mudar de direção por aí,Kûeîbo nhẽ xe rerobaka
tendo medo de que alguém o maltrate muito,abá ogûerekomemûãeté suí onheangûabo
mostram-se a urdir mentiras,E'i mo'ema monhanga
cara de onça,îagûarobá
veio o que está em tua busca,Nde piara our
antes de te esconderes,nhemim-y îanondé
"invocaste em vão o nome de deus, mentindo, sabendo ser mentira?","Eresenõî tenhẽpe Tupã rera, nde îuraragûaîamo nhẽ, îuraragûaîamo sekó kuapa?"
meu anzol muito ditoso há de pescar para ti,Xe pindá-porangeté t'opindaîtykyne endébo
sofrerão algo estando ali?,Oîporarápe mba'e amõ a'epe oîkóbone?
"que suas almas caiam logo, deixando seu criador, apegando-se, pois, a nós","I 'anga t'o'a taûîé, o monhangara reîá, rõ oby'a îandé resé"
"pôr-do-sol, poente",kûara reîkeaba
"arrependendo-se de seus pecados, deplorando-os","O angaîpaba moasŷabo, seroîasegûabo"
morrendo vós,Pemanõmo
de sua vida má nos afastando,Sekó-poxy suí îandé reîyîa
vem para espantar o diabo,Îori anhanga mondyîa
hospedo-me com pedro,Apytá Pero resé
"a terra também, então, agitando-se, tremendo","Yby abé a'ereme onhemonguébo, oryryîane"
"vi, outrora, a grande batalha de gûaîxará","Asepîak, erimba'e, Gûaîxará maranusu"
"por que vocês, maíras e perós, quer dizer, franceses e portugueses, vêm de tão longe procurar madeira para se aquecerem?","""Que veut dire que vous autres Mairs et Peros, c'est à dire François et Portugais, veniez de si loin querir du bois pour vous chauffer?"""
"esse, enfim, não é diferente da cobra",Aîpoba'e-tene n'oîabyî mboîa
"criancinha muito bela, creio muito em ti","Pitangĩ-porangeté, orogûerobîá-katu"
homem muito preguiçoso,abá-ate'ymusu
"jesus cristo, o juiz","Îesu Cristo, tekomonhangara"
"eis que é penoso, certamente, remar canoa",Sasy nakó ygá-pukuîa
"os moradores da aldeia, velhos, velhas, moços, homens, moças, como meus súditos todos em minhas mãos os tenho","Tapiîara, tuîba'e, gûaîbĩ, kunumĩgûasu, apŷaba, kunhãmuku, xe boîáramo pabẽ xe pópe arekó-katu"
"sê tu guardião de mim, sob tuas mãos colocando-me","Nde morerekoar xe ri, nde pó gûyrype xe nonga"
"que me livre deus de meus inimigos, em toda parte, em minhas dificuldades",Ta xe pysyrõ Tupã xe sumarã suí kûepe marã xe rekoápe
levantei-me dormindo,Apakaíb
eu estou molhado,Xe akym
este desterro comum,ikó îope'asagûera
não vos perceberam,Na pe andubi
vou com pedro,Orosó Pedro ndi
meu padrinho,xe rerokarûera
o que é enforcado,i îubykypyra
o grande chefe aimbirê,tubixá-katu Aîmbiré
"ah, eu haveria de queimar verdadeiramente no fogo do diabo!",Ixé tekatu-eté'ĩ ra'u anhanga ratápe akaîmo mã!
"eu sou moçacara, eu sou forte","Xe posaká, xe ratã"
"apressam-me estes meus súditos, tendo saudades de mim hoje","Xe moanhẽ kó xe boîá, îeí xe repîaka'upa"
enruguei-me,Anhynhyng
"instrumento de desvio de água, sangradouro",y-mombîasaba
ele comeu demais aquela coisa,O'u-eté-eté ahẽ mba'e
vem para persegui-lo,Eîori i momosema
"caiu a chuva sem parar, enchendo o mar, levantando-o bem acima do cume das montanhas","Okyr ko'ẽ-ko'ẽ amana, paranã mopungábo, ybytyra apyra sosé-katu i mopu'ama"
o próprio céu é o que deus prepara para nós,Ybaka aé Tupã îandé resé i nhemosako'îaba
depois que tu sonhaste com uma mulher deleitaste-te no teu sonho com ela?,Kunhã resé nde posaûsub'iré ereîmborype sesé nde posaûsubagûera?
tu vives?,-Endépe ereîkó?
"amarraram-no com corda, fazendo-o estar em pé",Oîxamysyk sero'ama
vesti a roupa nele,Aîaó-mondeb
que nos leve para seu lugar de felicidade consigo,T'îandé rerasó o orypápe o îoesé
eu lhe mordo a cabeça,Aî'asu'u
trancei-o,Anhopẽ
lavando a maldade de nossa alma,Oré 'anga poxy reîa
faça-se tua vontade,T'onhemonhang nde remimotara
ainda que eu fosse,Îepémo asó
"se tivesses vindo, já o teria matado","Nde rurememo, aîuká umûãmo"
não nos queremos bem,Nd'oronhoamotari
"na casa de quem passaste, tomando-as , antes de te esconderes?","Abá rokype erekûá, tá, nhemim-y îanondé?"
nossa verdadeira inimiga é a morte,Îandé robaîareté te'õ
quem aqui dá a cara?,Abápe ké sobasẽ?
"eia vós, avante!",Pe katunhẽ
que esteja comigo também ao estar eu em ocupação,Xe irũnamo bé t'oîkó marã xe rekóreme
a vida ruim lançamos fora,Tekoaíba oromombó
eu sou coxo,Xe pyte'em
indo eu de noite,putũ gûixóbo
fui defecar,Ka'ape asó
eu fedo,Xe ryapûanusu
eu tenho a boca aberta,Xe îuru-îaî
casa de telha,kamusy-oka
nós somos muitos,Oré anangatu
como estas são vossas casas?,Anga îápe pe roka?
colares azuis,mo'yrobyeté
que afastemos o diabo agora e para sempre,Anhanga t'îaîpe'a ko'yr aûîeramanhẽ
mas quem entregou os índios como coisas vossas?,"Abá-tepe erimba'e, pe mba'erama resé apŷaba me'enga'ubi?"
couraça que tem muitas lâminas,itaoba i apenhugûã-nhugûanyba'e
"havemos de ir à dura guerra, cara a cara uns contra os outros?",T'îasó maranatãûãme o îoupé oîobaúpa?
eu sou fedorento,Xe nem
"o que está no pote, o conteúdo do pote",kamusi-pora
quem será como eu?,Abá serã xe îabé?
levou-o com suas ataduras,I popûasaba resebé serasóû
os ferros em mim estão presos,Itá xe resé seni
assim deve de ser,Emonã ruãpe rĩ
eu tenho o sangue escorrido,Xe rugûy-syryk
esconde-te!,Enhemim!
não respeitando o que deus dissera,Tupã 'éagûera moabaetee'yma
hei de te ajudar,T'oropytybõne
deixa que vá,Te'inhẽ t'osó
eu sou modesto,Xe kunusãî
ovo de arinhama,arinhama rupi'a
o que é louvado,i mombe'uporangymbyra
concluí que ele está querendo matar alguém,Amõ îuká-potá ûĩ sekóû a'é
e a aproximação das dores de parto de uma grávida não é causa de se ter medo também?,"A'epe muruapora membyrasy kakara, na nheangûaba bé ruã?"
eu tenho flores,Xe potyr
separamo-nos uns dos outros,Oroîa'ok oré îosuí
"vagem seca, pronta para ser colhida",topé-tininga
"ela tem pecados variadíssimos, estando a tremer","Î angaîpá-pará-pará, oîemoryry-ryryîa"
cubro-o,Aîaob
com toda uma corda amarraram-no,Opá sama pupé i apytĩû
"envergonhar-se-ia, talvez, o que é mau",Otĩ nhẽmo serã i angaîpaba'e
acreditas na dança do maracá?,Ererobîápe maraká poraseîa?
o que trabalha no domingo,Domingo pupé oporabykyba'e
muito a propósito comportei-me como filho de deus,A'eboé Tupã ra'yramo anhemoingó re'a
viemos de longe,Îaîu kûepe suí
eu sou sensível,Xe mba'emoasyîá
uma notícia chegou-me aos ouvidos,Xe apysakûaraby moranduba
arranco lenha,Aîepe'abar
adversário antigo de franceses,aîuruîubupîarûera
"portanto, tomou este dia como tempo de honrá-los em conjunto",Emonãnamo kó 'ara rari oîepegûasu i moetesabamo
tu mesmo és a causa de teu dano,Endé aé ereîekûá
farinha da mesma água da mandioca crua coalhada,typy'o-ku'i
por que deus os deu para a gente?,Mba'erama resépe Tupã i me'engi asébe?
eu tenho amantes,Xe piraty
por isso mesmo todos os homens estarão secos,Nd'e'i te'e opá abá tiningamo
retirei as amarras dele,Aîmamã-rok
desobedeci a meu pai,Aîmomaran xe ruba
quantos são os mandamentos dele à gente?,Mobype a'e asé rekomonhangaba?
o que é afamado por aí,kûepe i moerapûanymbyra
lembra-te bem de deus-filho ter-se feito menino por tua causa,Nde ma'enduá-katu nde resé Tupã Ta'yra nhemokunumĩagûera resé
deram-lhe de beber?,Ose'ymype gûá?
"fugitivo, o que foge",kanhembara
rejo pessoas,Aporoerekó
levei as tuas coisas entre as minhas coisas,Arasó nde mba'e xe mba'e pupé
meu ex-marido há de ser certamente,Xe mendûera ipó re'ĩ
"eia, puxa-o enfim!",Ne'ĩ sekyîa ko'yté!
"dessa maneira, vens para afastar nossa escuridão","Emonãnamo, ereîu oré putuna pe'abo"
dificultando a primeira menstruação,nhemondy'ara mo'ybatatãmo
"isso não tem meio de se contar, ainda que o sol se pusesse!","Aîpó n'i papasabi, kûarasymo oîké îepémo!"
seu próprio corpo incorrupto,gûeté-marane'yma
"quais as novidades, por acaso?",Marã-pipó moranduba?
"querendo isso, fez-se homem, não deixando de ser deus","Aîpó potá é erimba'e nhemoapŷabi, Tupãnamo o ekó po'ire'yma"
estiveste deitado outrora sobre tua amante como um rufião?,Ereîubype erimba'e nde agûasá 'arybo nde arãíbamo?
veio para nos ver!,Îandé repîaka our!
sovei-a,Aîaîuká
"eu sou moçacara, eu sou forte","Xe posaká, xe ratã"
ficando de mal com deus,Tupã resé oîeerekomemûãmo
vai para trazer um pouco dela,Ekûãî îá reru
"são tiago, primo de jesus cristo, apóstolo, entregou sua cabeça e sua vida","S Tiago, Îesu Cristo ri'yra, Apóstolo, o akanga o ekobé me'engi"
estes habitantes de pernambuco,kó Paranambukygûara
o que tem seu próprio nome,ogûer-y îara
"o que ama muito a deus, bem como o que ama a seu próximo também, não têm dificuldades em viver segundo os mandamentos de deus","Tupã raûsupareté oîabekatu o apixara raûsupara bé, n'oîmoabaíbi Tupã asé rekomonhangaba rupi o ekó"
estando nós no amor de deus,Tupã îoaûsuba pupé îaîkóbo
meus prisioneiros,xe rûaîa
"não encontro nem um pouco, absolutamente, algum ato passado deste homem no mal",N'abasẽ-mirĩ-angáî marãbirĩ ikó abá rekopûera amõ supé
trazendo farpas junto com o arco,arupare'aka îurupara ndi seru
não obedecerá a ela,N'osapîari
"contaste para as pessoas o mau procedimento de alguém, que somente tu viste?",Ereîmombe'upe abá rekopoxŷagûera oîepebẽ nde remiepîakûera abá supé?
porventura eu não disse isso tudo?,Aîpó nd'a'eî pá ky?
era eu,Ixé raka'e
consolar os aflitos,Oîkotebẽba'e moapysyka
em mim confiam,Xe resé oîerobîá
suas túnicas ficando a rasgar,O aobusu mondoró-ndoroka
hei de levar esta vasilha,T'arasó kó ygaporaîa
"serão muito fedorentos, serão muito podres, corroídos de vermes e de bernes","I nemeté, i tuîuketé, tasoka, ura remimongûyamone"
creio na nossa futura ressurreição,Arobîar asé rekobeîebyragûama
podem deixar um do outro?,E'ikatupe o îosuí opo'i?
"por ocasião de minha morte, quando me matarem",xe îukasápe
"por isso, ando com o provincial hoje",Angari abaregûasu kori arogûatá
mais para cá,kokoty bé
embebedava-te o cauim,Nde mondabeypó kaûĩ
a água benta seja o meio de viver de minha alma,Y i mongaraibypyra t'oîkó xe 'anga rekobesabamo
eu sou ligeiro de mãos,Xe popy'i
"nunca acaba de comer, não come fulano completamente as coisas",Nd'o'u-apyî ahẽ mba'e
matando as criações de alguém,abá reîmbaba îukábo
"por isso tão somente nasceu dela, não lhe fazendo rombo","Nd'e'i te'e oá nhote i xuí, nd'i pekábo ruã"
sobre quê será nossa conversa?,Ma'e resé îandé nhomongetá?
qual é o outro meio de curar nossa alma?,Marãpe amoaé îandé 'anga posanongaba?
enfrentamo-nos,Oroîobaîar
eles mentem de cara um para o outro,"Semo'ẽ, oîobaúpa"
estava muito satisfeito na morada deles,Xe apysy-katu sekoápe
para a benção também do nosso trabalho,Îandé porabykysaba robasakatûagûama resé bé
acaso todos os que estavam ali ficaram a injuriá-lo?,Opabenhẽ serã erimba'e a'epe tekoara iî a'oîa'oû?
já anunciara o anjo a sua prima estar ela grávida dele,Oîmombe'u uman karaibebé i pyky'yra pé i puru'aramo sekó
"suas próprias coisas, na verdade, a gente ama em seu coração","O mba'e, nipó, asé o py'a pupé saûsubi"
"tu, em teus braços, jesus ergueste para alimentá-lo um pouco em teu seio","Endé, nde îybápe, Îesu eresupi i poîa-mirĩ nde kama pupé"
por isso mesmo ficava caindo com ela por causa do seu peso,Nd'e'i te'e sero'a-ro'a i posyîa suí
em quais dias a gente se confessa?,Umãba'e 'ara pupé asé nhemombe'uû?
"não serão somente poucos anos, mas para sempre",Na mboby nhõ ruã akaîu-'aîubane aûîeramanhẽ-te
"eu tenho corcova, eu estou corcunda",Xe kupeasur
eu tenho catarata,Xe resaoby
"de dia, todo o dia",arybo
será que todos aqueles esbofeteadores dele ficaram a injuriá-lo?,-Opabenhẽ serã erimba'e a'e petekara iî a'o-îa'oû?
atrás de uma cerca feita de pedras,ybyrá itá-monhangymbyra kupépe
guarda nossa terra de nossos inimigos,Esarõ oré retama oré sumarã suí
eu tenho muitas bolhas,Xe piru'a-ru'a
"iam mulheres, suas discípulas, pranteando-o",Osó kunhã semimbo'e-etá sapirõmo
inchei-me muito as bochechas,Anhemoatypygûasu
eu arquejo,Xe u'ukûar
o anjo da guarda está perto?,Karaibebé i ko'ĩ?
aplacando a deus,Tupã moîerekûapa
"adão, nosso primeiro pai, fez-nos perder verdadeiramente, para nos queimarmos no fogo do diabo","Adão, oré rubypy, oré mokanhemeté, Anhanga ratápe nhẽ oré kaîaûama ri"
são muito belas estas coisas para nós,I porangeté ã tekó îandébe
estão queimando para sempre como pena de dizerem isso somente em suas bocas,Okaî oupa aûîeramanhẽ o îurupe nhote aîpó o 'eagûera repyramo
atravessar a água elimina a sujeira dos pés,Y aé rasaba mby ky'a îaîmomemûã
somente deus é a verdade,Tupã anhõ mba'eeté
"queremos amar-te muito, entregando-nos a ti","Oroaûsu-potá-katu, oroîeme'enga endébo"
eu sou acostumado,Sekoba'e ixé
que sejamos dignos do que cristo prometeu,T'oré angaturãne Cristo remienõîûera resé
ele é muito grosso,Tubixabeté
"daí ía para longe, frequentando outras aldeias","Kûé suí asó mamõ, amõ taba rapekóbo"
"entram grandes espinhos, espetando sua cabeça",Oîké îugûasu i akanga kutuka
"quem aqui dá a cara, para cá olhando furtivamente?","Abápe ké sobasẽ, kûybõ oma'ẽ-nhemima?"
os habitantes da aldeia tenho-os bem em minhas mãos,Tapiîara xe pópe arekó-katu
"ele nasceu de maria, a que não foi tocada por homem",A'eba'e o'ar Maria abá bykagûere'yma suí
ovos de içá,ysá rupi'a
proclamando a lei de deus,Tupã rekó mombegûabo
eu estou rouco,Xe îase'opyoú
que se lembre bem de que deus branqueou sua alma,T'onhemoma'enduá-katu Tupã o 'anga momorotingûera resé
"hoje, assim, de modo nenhum impedem nossa estada","Kori, nã, îandé rekó îandé moarûapa angá"
mas quem há como eu?,Abá-tepe oîkó xe oîá?
"que venha logo o que me guarda para me livrar dele, combatendo-o","T'oú taûîé xe rarõana xe pysyrõmo i xuí, i momarana!"
fiz-me homem,Anhemoabá
então as estrelas cairão completamente,A'ereme îasytatá o apakuîamo
fico escarnecendo das pessoas,Aporoîaî - Escarneço das pessoas Aporoîá-roîaî
"tu, talvez, para retribuir, a vida má, o desejo sensual atiras nele o dia todo","Nde serã i poepyka tekomemûã, poropotara ereîapi ko'arapukuî"
maltratando-o todos os seus súditos,O boîaetá pabẽ serekomemûãmo
invocaram falsos ditos contra ele,Marã'etenhẽa osekyî i xupé
vê bem a tua frente para que não te percas no caminho do céu,Esepîá-katu nde renonderama ybaka piarype nde ropare'ymamo
"ficaste bêbado de cauim, perdendo o juízo?","Eresabeyporype kaûĩ suí, 'ara mokanhema?"
colocando o boi capim às pressas para impedi-lo,Tapi'irusu sarûápe kapi'ĩ anhẽ rerupa
"ambos tremerão hoje, assim que me virem","Mokõîbé osyî kori, xe repîaka rupibéne"
não ficam receosos os outros de não serem objetos do perdão de deus?,N'oîkotebẽî amõba'e Tupã nhyrõsabe'yma?
disse elegantemente,A'é muruangaba
mesmo replicando as palavras de alguém a gente transgride a palavra de deus?,Abá nhe'enga poepyka tiruãpe asé Tupã nhe'enga abyû?
que mais?,Mba'epe amõ?
tirei minha roupa,Aîo'ok xe aoba
coisa beiçuda!,Xe rembegûasu - Eu tenho beiço grande Mba'e-embegûasu!
agora há pouco,korite'ĩ-mbyryb
após vertê-la dentro de alguma casca de coco,inaîagûasu apepûera amõ pupé i nhang'iré
roupa de algodão grossa,amyniîu-aó-poanama
homem coitadinho,Abá-poreaûsubĩ
em vão o padre quer fazê-la voltar para deus,E'i tenhẽ abaré Tupã resé serobaka potara'upa
"chorai continuamente, pranteando vossos pecados","Pe resangá, pe angaîpaba rapirõmo"
essas serão as que tu assarás,Aîpó nde remixyrama
quando a guerra for aquilo que é justo,Marana supikatundûaramo sekóreme é
muitíssimas lorotas invocaram contra ele,Tenhẽngatupabẽ osykyî i xupé
caminhei o dia todo por causa da tua fama,Agûatá ko'arapukuî nde rerapûana resé
eu tenho estatura elevada,Xe îeysá-puku
"odeiam-te, expulsar-te-ão","Nde reroŷrõ, nde mombóne"
eis que ele é o adversário costumeiro das almas dos homens,Eboûĩ abá 'anga rupîatyba a'e
que ela nos destrua para que vivamos contigo,"Orébe t'oré mondyki, nde irũmo t'oroîkobé"
"no seu próprio ombro levanta a cruz de fraqueza, jesus fá-la cair consigo","O ati'yba ri krusá osupi Membeka suí, Îesu sero'ari"
"seguindo o rastro das mulheres, os índios não desistem","Kunhã rakypûemondóbo, apŷaba n'i apysáî"
"vinde, levai os malditos, erguendo-os para sapecá-los em nosso fogo, derretendo-os","Peîori, perasó muru, supi îandé ratápe sapeka, i momembeka"
minhas costas,xe atukupé
"dançaram a noite toda, fazendo feitiçarias, antes de irem para o inferno","Oporaseî pysaré, oîemopaîeangaípa, tatápe o só îanondé"
"roçado antigo, onde o mato cresceu de novo",kopûera
penteio-o,Aîabyky
"um frio que fará as pessoas tremerem muito, fazendo-as chorar","Ro'y oporomoryryîeteba'e, i moîasegûábone"
coisa ganha com a espada,itangapema pora
"compadeceste-te deles, procurando-lhes alimento?",Eresaûsubarype i poraká?
"não vamos, ela nos castiga, fazendo-nos saltar no fogo","Îasó umẽ, îandé nupã, tatápe îandé mombómo"
"são pedro puxou a espada, cortando sua orelha",S Pedro itangapema osekyî i nambi mondoka
eu sou antigo filho de jetuú,Xe Îetu'u ra'yrûera
por isso mesmo deus aqueles lançou no fogo,Nd'e'i te'e Tupã a'eba'e reîtyka tatápe
não querendo que o diabo esteja como seu senhor,Anhanga o îaramo sekó potare'yma
entisnei o rosto dele,Asobaún
esta aldeia transtorno sempre,Kó taba aîpobu memẽ
"em reparação disso, mudaste-te de aldeia","Sepyápe, ereîakasó"
já vou,A'é uman ûixóbo
"quem o fez outrora, começando a pronunciá-lo?","Abápe aîpoba'e oîmonhang erimba'e, sa'angypŷabo?"
a todos os que assim vivem nosso fogo convém,Opá emonã tekoara îandé ratá îaîarõ
dei-o em troca,Sekobîaramo aîme'eng
vergôntea de cará,kará-embó
caminhei o dia todo,Agûatá ko'arapukuî
eu sou leproso,Xe piraíb
lêndeas de piolho,kyba'yra
para a parte traseira dele,i 'anga koty
eu tenho as orelhas cortadas,Xe nambi-asyk
não tenho vida direita,N'akakuabi
faze como te parece,ne'ĩ n'endé aé
todos gostaram delas,I apysyk pabẽ sesé
"tocaste no teu pênis, excitando-te?",Erepokokype nde rakûãîa resé enhemoagûyrõmo?
meu paizinho,xe rubĩ
mas chorai por vós mesmas,Peẽ aé-te peîeapirõ
"quando eu morrer, que venhas","Xe îekyîme, t'ereîu"
papo grande,aîusu
nasci,Anhemonhang
"diabo mau, assassino","anhangaíba, morapitîara"
"não tenho a ver com ele, enfim",N'aîkóî sesé ko'yté
"num pano branco, por nossa causa, a imagem de seu rosto tomou",Aó-tinga pupé asé resé sobá ra'anga rari
"urdiste mentiras contra alguém, envergonhando-o?",Eresekyîpe îuraragûaîa abá supé i motĩamo?
a causa da alegria de minha alma,Xe 'angorypaba
"contendo a deus, está cheio teu ventre","Tupana rerupa, i por nde rygé"
isso é muito difícil!,Iîabaíbeté aîpó!
"e, principalmente, eles são adversários de agressores",Memeté a'e morero'arupîara
basta! tu me matas!,Aûîé! Xe îuká îepé!
aquento-o,Aîopé
arredondei-o,Aîmoamandab
diante de uma madeira a gente se inclina?,Ybyrá supé nhẽpe asé îerokyû?
como criança está sentado nos braços de maria,Pitangamo seni Maria îybápe
cortaram seu prepúcio,I 'apira mondoki
não que não soubesse o que buscava,Na sekasaba kuabe'yma ruã
eu sou mandão,Xe poropûaîxûer
rapei-lhe a barba,Asendybá-apin
"é assim, porventura, que respondes as palavras do chefe?",Emonã-pipó morubixaba erenhe'engobaîxûar?
sua própria formosura também viram,O aysó abé osepîak
faço-a soar,Aîmimby
dar também o dízimo naquilo que plantou primeiro,O emitymbûerypy pupé Tupãpotá-me'engano
"ah, muito bem, ficai tranquilos!","Erĩ, aûîé, peputu'u!"
todos os bens de meus avós joguei fora,Opá xe ramỹîa ma'epûera aîtyk
eu sou muito delgado,Xe rembó nhẽ
fazendo vir à tona seus atos escondidos,Sekó-nhemima monduîa
tive alento,Xe 'ãur
que a gente manda pôr em seu aposento como objeto de seu olhar?,Mba'epe asé oîmoinukar o kotype o ma'ẽsabamo?
"vem, coisa fedorenta, coisa nojenta, borá, maritacaca, sanguessuga, tamarutaca!","Eîori, mba'enem, mba'e-poxy, mborá, miaratakaka, sebo'i, tamarutaka!"
escarneceste de alguma pessoa?,Ereîoîaîpe abá amõ?
desinteresse pela lei de deus,Tupã rekó resé nhemoryryîe'yma
o maldito não difere de uma arara,Nd'oîabyî muru arara
que tipo de coisa será que é isto?,Marãba'ep'iã ri?
força de minha alma,Xe 'anga taŷaíba
um homem ladrão que foi posto na prisão como pena de assassinatos,Abá-mondá morapitîagûera repyramo mundeokype i mondebypyrûera
a força vital das frutas aqui está,Ybá seté kó sekóû
"eu estava de pés soltos, meus pés soltaram-se",Xe py-'ir
tu terás a alma limpa,Nde 'ã-kytyngokyne
"podem também as pessoas casar-se diante de um outro padre, de acordo com a vontade do padre responsável por elas",Ikatu bé abá omendá amoaé abaré robaké abaré ogûerekoara remimotara rupi
"quem, necessariamente, a gente chama, estando aflita?",Abáp'amẽ asé osenõî oîkotebẽmo?
"o homem desanima, sem mais, de suas danças também",Omanõaibí abá o poraseîtápe bé
"o diabo te agasta, de ti tendo medo","Anhanga nde moabaîté, nde suí osykyîébo"
o ensinamento a nós da palavra de deus,Tupã nhe'enga asé mbo'esaba
eu sou manchado,Xe apŷab
"logo então, muito rapidamente, levou-o para sempre para o fogo",A'eîbé korite'ĩ-aíb-eté serasóû aûîeramanhẽ tatápe
meu fogo é o lugar em que queimarás,Xe ratá nde kaîaûama
ele nunca acaba de completar as roupas nd'e'i ymûanĩ osóbo - nunca acaba ele de ir,Nd'e'i ymûanĩ ahẽ aoba moaûîébo
aldrava da porta,okena potãîa
"isso é que deve ser bem amado, isso verdadeiramente","Aîpó saûsukatupyra, aîpó anhẽ"
eia! que vás logo! apressa-te!,Ne'ĩ! T'eresó taûîé! Nde apûan!
"de fora, do lado da rua",okara koty
"cinzas do alguidar, cinzas da bacia",nha'ẽpesẽ-uba
"é penoso, de fato, remar canoa",Sasy nakó ygá-pukuîa
bateste com um pau na tua esposa!,Ereropûar ybyrá nde remirekó resé!
eu não estou sendo fantasioso,Na xe poranguî gûitekóbo
transgredirei eu a lei de deus procedendo assim?,Aîabyp'ixé Tupã rekó inã ûitekóbone?
fi-lo rispidamente,Aîmonhang-îeaseî
bateste com o pau na tua esposa!,Ereropûar ybyrá nde remirekó resé!
recebemo-nos uns aos outros,Oroîopopysyk
rapazes muito fortes,kunumĩûasu-atã-atã
por isso deus transformou a costela de nosso pai primeiro em sua esposa?,Emonãnamope Tupã îandé rubypy arukanga nhẽ apóû semirekóramo?
minha vaca que crio,Xe reîmbaba tapi'ira
não querendo repetir seu pecado que ele detestava,O angaîpagûera o emieroŷrõagûera reroîeby-potare'yma
tenho-te como meu filho,Orogûerekó xe ra'yramo
nós estamos amontoados,Oré atyr
"hei de ir adiante de vós, como vosso espião, primeiro","T'akûáne pe renondé, pe manhanamo, ranhẽ"
igualmente guarda vossa terra,Oîoîá osarõ nhẽ pe retama
fazendo as pessoas detestarem umas às outras,Abá moîoamotare'ymuká
"certo judeu velho mostrou o lugar em que ela foi enterrada, fazendo-nos alcançá-la","Amõ îudeu tuîba'e i tymagûera kuabe'engi, sesé îandé moîekosupa"
"honra a gente também outros dias, neles não trabalhando","Oîmoeté bé asé amõ amõ 'ara, i pupé oporabykye'yma"
perdendo o entendimento por causa de sua bebedeira,Sabeypora suí 'ara mokanhema
eu sou paciente,Xe putumuku
hei de tirar-lhe as dificuldades,T'aîabaíbokyne
eu sou de bom semblante,Xe resakûanhyrõ
"confessa-se alguém antes de ir à guerra, antes de embarcar num navio?","Onhemombe'upe abá gûarinĩnamo o só îanondé, ygarusupe o 'ar-y îanondé?"
o sol se eclipsa,Kûarasy onhemoputun
eu lhe faço ninho,Asayty-monhang
eu sou um pouco bochechudo,Xe retobapé-pyryb
andaste pelos caminhos de fontes com mulheres?,Eregûatápe nhãîmbiara rupi kunhã resé?
"eu não sou resistente, eu não sou firme",Na xe popyatãî
todos os que estão nas ilhas,opá 'ypa'ũmendûara
daí virá para julgar todos os que vivem e os que morreram,A'e suí turi oîkobeba'e omanõba'epûera pabẽ rekomonhangane
forrei-o,Aîapŷuban
eu tusso,Xe u'u
não pode a boca de ninguém contar as coisas muito dolorosas no inferno,Nd'e'ikatuî abá îuru Anhanga ratápe tekó-asyeté mombegûabo
salteio,Aporero'ar
não beberás hoje o que eu mastigo,Nd'ere'uî xó kori xe remindu'une!
"empenadura de flecha, isto é, penas de asas de pássaros que eram atadas às flechas",u'upepó
vivendo para ir ao encontro da virtude,Tekokatu repenhandápe peîkóbo
eu não,Na ixé ruã
nas armadilhas fiz os malditos entrarem,Kotype muru amoingé
remanso d'água,y-îebyra
"atravessando o oceano, fui para fazer pecar os tupis","Paranãgûasu rasapa, asó tupi moangaîpapa"
cura-se às vezes,Opûerab amõnume
tomei-o em seco,Asa'ubar
"amarram-lhe as mãos fortemente, fazendo-lhe mal","Îapopûaratã, i moangaîpapa"
esse homem e sua esposa também fizeram acabar todas as suas riquezas,Kó abá semirekó abé opá o mba'e mombabi
faço papa dela,Aîka'u
"ficou saltando, reconhecendo imediatamente jesus, seu senhorzinho","Opor-oporĩ, Îesu o îarĩ kuapa aûnhenhẽ"
eu sou gago,Xe nhe'ẽrueru
junto de si mesmo ninguém lhes dá de comer,O pyri abá n'omomba'e'uî
"por que vieste, ó meu muito amado?",Mba'e resépe ereîur xe remiaûsukatu gûi?
a palavra de deus experimentei,Tupã nhe'enga asa'ang
futuros defuntos somos todos nós,Ambyrama pabẽ îandé
"desatei a boca dele , desencabrestei-o",Aîuru-sambok
estou de joelhos,O endypy'ãe'yîbo aín
eu tenho barba ruiva,Xe rendybaá-îub
picar-me-ia o marigui,Xe su'umo marigûi
eu já estou desvirginada,Xe kûar ymûan
"que era, mesmo, aquilo?",Mba'e-takó?
eu permaneço seu guardião,Aîkobé n'ixé sarõana
"que é, porventura, daquele?",Umã-pakó? Umã-takó? ou Umã-pakó akûea?
sentou-se em público,Te'yîpe nhẽ i gûapyki
queimemo-lo!,T'ixapy! ou Ixapy!
deverias ter sabido antes do teu agir assim,Ereîkuá ranhẽ meémo emonã nde rekorama
"ah, não estamos acovardados!","Erĩ, nd'oré abangabi!"
haveis de bem recobrar o fôlego após vos cansardes,Ta pe putu'ẽngatueté irã pe îemokane'õ ré
"os que não acreditavam nele trabalharam em conjunto, ficando a flechá-lo",Serobîasare'yma potyrõû iî ybõîybõmo
quanto foi o pagamento?,Mbobype sepy?
mas ele não era deus?,Na Tupã ruã-tepe a'e?
nós estamos em igualdade,Oîoîá îandé
suas antigas lembranças das coisas aí se retirarão,Mba'e resé o nhemoma'enduaragûera a'epe onhenosẽne
encaixotei-me as coisas,Anhemba'e-nhang
"muito bem, pois! hei de comer todo o banquete de jacaré-guaçu!","Aûîebeté, rõ! T'a'u pá Îakaregûasu pepyra!"
"a dança é que é boa, enfeitar-se, untar suas penas","Moraseîa é i katu, îegûaka, sa-mongy"
sei fazer isso,A'ekatu eboûinga resé
deus revelar-se-á a mim,Tupã îepîakukari xebene
deixei ontem minha casa,Aseîá kûesé xe roka
encurtei-o,Aîapûapyk
vós me matais,Xe îuká peîepé
de madrugada,ka'amutumo
de ti a morte não se aproximou,Nde resé te'õ n'osyki
desde minha vinda,xe rura agûerabé
"surpreendi-o, na verdade",Asesapy'a é nakó
queimar-vos-ão as chamas de fogo!,Pe rapy tatá-endyne!
pondo-o dentro de um túmulo de pedra,Itá karamemûã pupé i mondepa
levo carga,Ambosyî
"eia, hei de ir contigo!",Ne'ĩ t'asó nde irũmo!
"esta aldeia, não disseste maldades a ela ainda?","Ikó tabape, marã nd'eréîpe i xupé ranhẽ?"
não desejes gente,Eporopotar umẽ
corpo morto,Teté-kanhema
"destruiremos a aldeia, como de costume",Îamombá taba îandune
agora há pouco,korite'ĩ-mbyryb
ele nunca acaba de completar as roupas,Nd'e'i ymûanĩ ahẽ aoba moaûîébo
mostrando-o aos judeus,Îudeus supé sepîakuká
verdadeiros amaldiçoadores de deus no fogo te assaram,Tupã momburûareté tatá pupé nde resyri
que sejamos dignos do lugar futuro de nosso regozijo,T'oré angaturãne oré îekosubagûama ri
nossa alma visitas,Asé 'anga ereîosub
eu sou muito pecador,Xe angaîpab-eté
"que confesses a transgressão da palavra de deus, a persistência nisso também","Tupã nhe'enga abŷagûera t'ereîmombe'u, apore'ymagûera béno"
por nos amar mais do que nossa mãe ama seus próprios filhinhos,Asé sy o membypitanga raûsuba sosé asé raûsume nhẽ
lavro as madeiras,Aybyrá-pan
o que foge com uma mulher contra sua vontade não pode casar-se com ela,Kunhã reroîabapara semimotare'yma rupi nd'e'ikatuî sesé omendá
ensina falsamente as pessoas a provarem a palavra de deus,Oporombo'e-a'u Tupã nhe'enga ra'anga
"confessam seus pecadilhos somente os que são muito grandes deixam-nos, escondendo-os do padre","Oîmombe'u o angaîpá-mirĩ anhõ Tubixabeté oseîá, abaré suí i mima"
"escaparão futuramente os animais, os pássaros?","Okûabépe irã so'o, gûyrá?"
eu sempre ensinei as pessoas publicamente,Te'yîpe memẽ nhẽ ixé aporombo'e
"como a esses, matarei os que costumam pecar","Anga îá, angaîpabora aîuká"
muito longe,kûé-kûeîpe é
"enfim, tendo-se vingado, obedeceram-me","Rumby oîeepyka, xe rapîá"
"esteio, alicerce de casa",okytá
o grande número de dias de tua vida,nde rekobesaba 'ara retá
esses temiminós malvados nossa lei detestam,Kó temiminó-poxy îandé rekó ogûeroŷrõ
meu pescador,xe porakasara
afinei-o muito,Aîmoa'yrĩngatu
em seu ventre deus recebeu seu próprio corpo,Sygépe o eterama Tupã tari
em roupas brancas envolveram-no,Aó-tinga pupé i nhubani
"como o vento zune, tremendo por causa de sua bravura","Ybytu îabé osunung, î abaeté suí osyîa"
para nos honrarem os índios fazem festa,Îandé moetébo apŷaba nhemosaraî
eis que ele é mau!,E'i tieté ahẽ maniîabo niã!
teus olhos misericordiosos volta em minha direção,Nde resá-poraûsubara erobak ixé koty
tomando o leite de sua mãe,O sy kambûabo oúpa
acordo de madrugada,Îeîbé apak
eu dou à luz,Xe membyrar
eu sou sábio,Xe mba'ekugûab
"logo então a cruz ergueram, fincando-a?",A'eîbépe ybŷá cruz mo'ami i atykábo?
pôr o bispo em nossa testa o óleo santo,Asé sybápe abaregûasu nhandy-karaíba nonga
sairão ainda futuramente dali?,Osem-y bépe irã a'e suíne?
o que cria mentiras por causa de alguém,Abá resé mo'ema oîmonhangyba'e
"eis que meu corpo não está disposto, amolecendo","Xe reté ã n'oîkoetéî, omembeka"
"enfim, o filho de deus nos julgará",Rumby Tupã Ta'yra îandé rekomonhangane
preocupam-se todos os cristãos em saber isso?,-Onhemosaînan pabẽpe cristãos aîpoba'e kuabaûama resé?
"a chuva ficava amanhecendo a cair, enchendo o mar","Oky-ko'ẽ-ko'ẽ amana, paranã momungábo"
eu sou terrível,Xe taŷgaíb
"borbotão d'água, água que brota para cima",y-bura
tenho a carne arrepiada,Xe ro'o-piring
"vem, compadecedor de mim",Eîori xe poraûsubara
o que é comum é aquela mulher quebrar em pedaços nossas cabeças,Sekoaba'e kûé kunhã oré akanga i apiti
"eva atraiu-se muito pelo belo fruto, colhendo-o",Eva onhemomotareté 'ybá-poranga resé iî ykyébo
segurei-o fortemente,Aîpysyk-atã
fiquei-o simulando,Aîmorã-moran
"na casa de quem passaste tomando-as, antes de te esconderes?","Abá rokype erekûá tá, nhemim-y îanondé?"
eu tenho bens,Xe mba'e
eis que aqui nós estamos,Orokub ikó
querendo ir tu para o lado de gente,mosé esó-potá
sustituindo suas palavras para os que o ouviram,Ogûenduparûera supé o nhe'enga rekobîarõmo
como criança gerando-se,pitangamo onhemonhanga
em tuas mãos nossa alma está,Nde pópe oré 'anga ruî
ser cordato com um pequeno proceder no mal de alguém,Abá marã sekoagûerĩ resé nherane'yma
"ah, excelente!","Té, aûîé-katutenhẽ!"
sofreste a morte,Te'õ ereîporará
"e os cadáveres da gente, que sucede a eles?","A'epe asé re'õmbûera, marã?"
peço a pedro por roupa,Aîeruré aoba resé Pedro supé
"acredita, meu padrinho, hão de te apresar hoje","Erobîá, xe rubangab, ta nde moembiá kori"
remédio bom,mosãngatu
sou um novato,Aîkó pysasuramo
"despiram-no, amarrando-lhe as mãos numa coluna de pedra","Oîaobok, itá-okytá resé i popûá"
três são as potências de nossa alma a respeito das coisas,Mosapyr ma'e resé asé 'anga 'ekatuaba
eu tenho muitos bernes,Xe ur - Eu tenho berne Xe u-xe ur
ó mesquinho repositório de muitíssimas coisas más!,Mba'e-poxy-katupabẽ ruru-a'ub-y gûé!
"tenho meu modo de ser diferente , oré rekó-rekó-aé oroerekó - temos nossos modos de ser diferentes",Xe rekó-aé arekó
tu mesmo és causa de teu dano,Endé aé ereîekûá
hei de ser bom,"""Xe katupe ká"""
não haverá outra comida?,N'i tybi xûépe amõ mi'u?
"fico girando em círculos, fico rodeando",Anhatimã-timanĩ
enterrando os antigos maus hábitos,Tekopoxypûera tyma
"daí, desse lugar",ebanõîa suí
"enfim, os moços escondem seus muito maus procedimentos",Aûîé kunumĩgûasu o ekó-aíbeté oîomim
"encontros das asas, isto é, a parte superior delas, onde vão fazendo a volta e onde nascem as penas maiores",pepó-ypy
dei um tombo,Ayapyĩ
"talvez seja o anjo, guardião verdadeiro desta aldeia","Karaibebé serã, kó taba rarõaneté"
pescando bem os canapus,kunapu rekyî-etébo
"assim, desta maneira, na verdade, a gente subirá para o céu, após lançar fora seu grande peso","Nandé rakó asé îeupiri ybakypene, o posyîusu reîtyk'iré"
provejo-me das minhas coisas,Anhemosaînan xe mba'erama resé
água sem mistura,y anhẽ
"logo, vencendo os temiminós, habitantes daqui, frequentá-los-ei","Koromõ keygûara temiminõ moaûîébo, asapekóne"
que a gente evoca diante dele como sua esperança?,"Mba'epe asé osenõî i xupé, o îerobîasabamo?"
ainda hoje fazendo-os cair,A'ebé kori i mbo'ane
"ali também estão os meninos, as meninas, as moças que guardaram seus corpos em deus","A'epe bé kunumĩ, kunhataĩ, kunhãmuku Tupã resé ogûeté onongatuba'epûera rekóû"
"o próprio pedro, pedro mesmo",Pedro aé
resto do tronco de árvore que fica na terra após o seu corte,ypypûera
está muito desfigurado meu rosto,I te i té xe robá
"guardai-vos de inventar impedimentos ao casamento, contando o que não é verdade",Peteumẽ mendara moarupaba mo'anga'upa supindûare'yma mombegûabo
para julgar todos os que vivem e os que morreram,"Oîkobeba'e, omanõba'epûera pabẽ rekomonhanga"
não o temais,Peîpoûsub ymẽ
minha herança,xe potaba
não querendo que se apague a luz de nossa alma,Asé 'anga resapesaba gûeba potare'yma
"ah, esquadrinham todos os lugares por nós","Té, oîoakypûereká îandébe"
eu sou furioso,Xe marãmotar
"o que tem pênis, macho",sakûãîba'e
"vamos dar uma volta, primeiro",Îaîebyîeby ranhẽ
desde ontem não como nada,Kûesé bé mba'e n'a'uî
mando matá-lo,Aîuká-ukar
não mato,Aîukae'ym
três pessoas vieram,Mosapyr abá our
pus-me espertadura,Aîe'atype'a
"estando diante de deus, de mim não te afastas","Tupã robaké eîkóbo, xe suí nd'eresyryki"
não pode o que não é padre fazer as coisas assim?,Nd'e'ikatuîpe abaréramo oîkoe'ymba'e emonã tekó monhanga?
estavam dormindo de aflição,Oker okûapa tekotebẽ suí nhẽ
"estando nós no amor de deus, a verdadeira felicidade temos","Tupã îoaûsuba pupé îaîkóbo, tekokatu-eté îarekó"
folha tenra,só-kyra
é para mim terrível vê-los,I abaeté sepîaka ixébo
ele é gostoso,Sé
qual é o modo verdadeiro de chamar os batizados?,Marãpe i mongaraibypyramo renõîndabeté?
hei de embebedar-me!,T'asabeypó!
estando eu em casa de cristãos,Karaibokype ûitekóbo
eu sou ríspido,Xe îeaseîxûer
hei de me aproximar de minha futura e verdadeira vida,Arokakar xe rekobé-etérama re'ĩ
pescaria com puçá-guaçu,pysagûasu-eîtykaba
poleiro das aves,gûyrá rendaba
dou-o em recompensa,Aîme'eng sepyramo
"o sem mãe, o órfão de mãe",sye'yma
"tão logo ao ouvir o teu nome, o diabo está tremendo","Nde rera rendupa abé, Anhanga ryryî okûapa"
"contaste o mau procedimento de alguém, que somente tu viste, para as pessoas?",Ereîmombe'upe abá rekopoxŷagûera oîepebẽ nde remiepîakûera abá supé?
"haveis de vos consolar muito futuramente, após acabar a batalha",Ta peapysyketé irã marana pab'iré
"em reparação disso, mudaste-te de aldeia","Sepŷápe, ereîakasó"
eis que aqui ele está deitado,Kó tuî kó
porto das canoas,ygara îepotasatyba
"desesperar-se-ão muito, certamente, os que são maus",I anhamãngatu nipó i angaîpaba'e-ne
saqueei-lhe as coisas completamente,Aîmba'e-pysyrõ-mbab
"mata ótima, de boa madeira",ka'aeté
"eia, para não serdes semelhantes a uma maldição a vosso senhor",Pe'ĩ pe îara momburu îasûara suí
rarissimamente,marangatuabé é
fá-lo sofrer o frio,Îaîmomboreaûsu ro'y
"eu tenho presas, eu faço presas, eu apreso",Xe rembiar
fico-o mastigando,Anhagûã-nhagûãî
pode a gente trocar seu próprio nome ao receber aquele?,E'ikatupe asé aîpoba'e rasápe ogûera rekobîarõmo?
"por isso mesmo deus te repeliu, desde então o fogo para sempre queimando-te","Nd'e'i te'e Tupã nde pe'abo, a'epûerype tatá aûîerama nde rapŷabo"
"por isso mesmo, tendo saudades um do outro, ficam tristes","Nd'e'i te'e oîoepîaka'upa, o karukasyramo"
"este meu tacape não está à toa nas minhas mãos, mas, sim, é o instrumento com que vos racharei","Kó xe itangapema xe pópe nd'oîkóî tenhẽ, pe mombokaûama é"
procuremos alimentos para aqueles homens,T'i poraká apó abá
"curou-o, somente tocando sua orelha","Oîposanong, i nambi atõîa nhõte"
"que amemos a mãe de deus, por ela interessando-nos","Tupã sy t'îasaûsu, sesé îanhemoryryîa"
que experimentemos a força dos homens conosco,T'isa'ang apŷaba marã îandé irũ
para adiante de lisboa,Lisboa amongoty
somente um bocado,oîepé îuru nhõ
culpei-o falsamente,Asenõî tenhẽ
a vaca que crio,xe reîmbaba tapi'ira
o limite de minha roça,xe kó robapy
estejamos em união,Oîepegûasu t'îaîkó
para que creiam os que se batizarão,T'ogûerobîá oîemongaraiba'erama
tiveste relações sexuais com alguma mulher como tua prostituta?,Ereîkópe kunhã amõ resé nde sugûaraîyramo?
"não foste tu, certamente, que te atraíste pelas mulheres?",Na nde ruã-te p'akó kunhã ri ereîemomotá?
salvador da gente,moropysyrõana
eu caí de sono,Xe ker-aparar
havemos de ir,T'asóne - Hei de ir T'orosóne
vivei verdadeiramente com a rainha graça,Peîkó-eté Grácia rainha ndibé
"eis aqui meu arco, eis aqui as farpas","Kobé xe îurupara, kobé arupare'aka"
estando eu junto de ti,Nde pyri gûitekóbo nhẽ
logo o viu,Koromõ sepîaki
mas livra-nos tu das coisas más,Oré pysyrõ-te îepé mba'e-aíba suí
ando perdido,Xe ropá-ropar
eu tenho o rabo cortado,Xe rûaîasyk
os que estão achegados a ti,Nde resé serosypyra
eu sou habilidoso,Xe kyre'ym
"fi-lo estar como forro, alforriei-o",Abaetéramo aîmoingó
as namoradas me amavam,Kunhã'yba xe raûsu
e os rapazes que perseguem mulheres?,A'epe kunumĩgûasu kunhã oîmomosemba'e?
vestir os nus,Ikatupendûara moaoba
de maneira nenhuma,-Setápe asé nhemongaraíbi? - Aani - A gente batiza-se muitas vezes?
eis que aqui estou como teu filho pecador,Kobé aîkó nde ra'yrangaîpabĩnamo
que cheguemos ao alto,Ybaté t'orobasẽ
querendo abertos os buracos das orelhas da gente,Asé apysakûá-puka potá
cal de ostra,reri ku'i
"tremo, ambas as minhas coxas adormeceram","Aryryî, opá xe uba îesyî"
alarguei meus passos,Aîmoatã xe rapupa'ũ
arrependendo-se ele de ter batido em ti,Nde resé i pûaragûera moasŷabo
castrado,sapi'a'okypyra
invocando a deus ou sua própria alma ou a cruz ou algo verdadeiro,Tupã koîpó o 'anga koîpó cruz koîpó anheté renõîa
eu não tenho boca cuidadosa,Na xe îuruposykyîéî
"por causa disso, agora amo a meu senhor jesus","Aîpoba'e ri, ko'y asaûsu xe îara Îesu"
"eu sou cristão, eu sou virtuoso","Xe cristão, xe karaí"
"filhos de índios, certamente","Abá ra'yra, ipó"
eu sou malhado na cabeça,Xe 'apititing
fazei a deus nosso senhor perdoar a mim,Peîmonhyrõ Tupã Îandé Îara ixébo
largamente,marangatu-eté
"baixou a cabeça, ficando a gritar",Oîeaŷbyk ogûasem-asemamo
neném compadecedor,pitangĩ-moraûsubara
eu sou visitador,Xe posubixûer
suas coisas comuns,i îomba'e
"caem, às vezes, os frutos das suas árvores, sendo ainda flores",Okuî rakó amũme 'ybarambûera o 'yba suí 'ybotyramo oîkóbo bé
eu lhe pélo o couro cabeludo,Aî'apir-abo'o
"meu irmão gêmeo, o que nasceu juntamente comigo",xe kõîgûera
a que é alforriada,i mokunhãmbyra
"esse é meu antigo enforcador, querendo enforcar-me novamente!",Akó xe îubykarûera xe îubyk benhẽ potá!
por que bates em mim?,Marãpe erepûar xe resé?
feriste alguém também?,Ereîapixabype amõno?
que a gente honra ao erguer o padre o cálice da missa?,Mba'epe asé oîmoeté abaré itaîukamusi rupireme?
dói-me a cabeça,Sasy xe akanga xe suí
embarco contigo,A'ar nde pupé
"eis que somente ele tem coisas boas, em vez de mim!","Ahẽ nhõ ikó i mba'e-katu, xe suí mã!"
dentro de uma casinha estás,Ó-mirĩ pupé ereîkó
matemos juntos o que diz isso,Îaîuká memẽ aîpó 'îara
que vos lembreis deste dia em que descansei após terminá-las todas,Ta pe ma'enduar ikó 'ara ixé i moaûîé pá roîré xe putu'uagûera resé
eu sou calvo,Xe 'akuî
fica pisando o maldito,-Muru ri opurũ-purung
eu sou pardo,Xe pytang
"detestando-os muito, tratai-los muito mal","I amotare'ym-etébo, perekó-aí-aí"
escória do ferro,itá repoti
torci-o,Aîpepyr
"não em vão deus disse isso, não dizendo ""- pode ser""","Nd'e'i te'e Tupã aîpó o'îabo ""re'ĩ"" o'eyma"
"somente desejando-a, nela tocando também","I potá nhote, sesé opokoka abé"
longamente eu o estive fazendo,Ipuku xe rekóû i monhanga
que coisa é que fica batendo no rosto de seu próprio chefe?,Mba'e-embiarĩ-pakó og ubixaba robá resé opûá-opûar?
terceiro,momosapysara
"calava-se, estando de pé, não respondendo as palavras deles","Opyk o'ama, i nhe'engobaxûare'yma"
"eu sou enfermiço, doentio",Xe mba'easy-potar îá
querendo fazer-nos preparar,îandé monhemosako'i-potá
ele é fundo,Typy
confio muito em mim mesmo,Aîerobîá-katu xe îoesé
eu também sou um porco,Xe abé taîasugûaîa
hei de vê-lo,T'asepîáne
"ostra grande, nome de pessoa",Reriûasu
comeste carne no tempo de não a comer?,Ere'upe so'o i gûabe'yma pupé?
"ah, bom tempo aquele em que lá fui!",Kûesenhe'ymĩkaé xe sóû a'epe mã!
quando ele defeca,sepotireme
procedo muito mal,Marã-marã tenhẽ aîkó
eu estou esfalfado,Xe ra'ypab
tragamos quaisquer coisas para esses,T'irur ma'e tiruã anga pé
entornei-o,Anhosen
"estando com suas roupas brancas, como recompensa de o terem batizado",O aó-tinga o mongaraibagûera repyramo reroína
com seu sopro somente dando vida a ele,O pytu pupé nhote tekobé me'enga i xupé
não se separa algumas vezes da alma da gente?,Nd'o'iripe amõnyme asé 'anga suí?
"tomaste remédio, não querendo ficar grávida?",Ereposangu'upe nde puru'a-potare'ymamo?
"mas vinho mesmo, de fato, colocam dentro dele?",Kaûĩ aé ruã-tepe ybŷá onong i pupé?
enfim eu vou,Rumby gûixóbo
sujei-o de visgo,Anhomong
eu tenho olhos esbugalhados,Xe resá-ynhusu
"suportando a escuridão, estamos muito aflitos","Putunusu porarábo, oroîkotebẽngatu"
todos os vícios colocaram bem em seus corações,Opabĩ tekoaíba mondebi-katu o py'ape
"a gente confessa totalmente, de costume, seus próprios pecados?",Oîmombe'u pakatupe amẽ asé o angaîpagûera?
levei-o secretamente,Arasó-nhemim
"eis que com seu corpo deve estar sua divindade, nos pedacinhos também, inteiramente","I Tupã irũmo bé kó seté rekóû, pesembûeri pupé bé gûetépe-katu re'a"
como o saberão?,Marãpe i kugûabine?
"por aí, por ali",eboûinga rupi
não por me amar,Na xe raûsupeî
"eu sou mediano, eu não sou grande nem pequeno",Xe boîá
"disseste falsamente que ele disse isso, sendo maledicente?","""-E'i kó"" eré tenhẽpe nde îuruaíbamo?"
não faz sentido ele fazer a defesa da morte fora de jesus cristo,N'i aîarõî Îesu Cristo taté é te'õ suí i îepirapûana
ergui a espinhela,Aîpusu'ã-mogûyr
pilei-lhe as taipas,Aîybysosok
uma coisa amarga com vinagre misturaram,Mba'e-py'aûpîara kaûĩaîasy resé i monani
descasquei-o,Aîape'ok
caminho impraticável,pé-aíba
"meu clítoris, meu tamatiá",Xe ramati'ã
cova de sepultura,Tyby-kûara
"tomaste, sem razão, alguma coisa de alguém?",Ereîar tenhẽpe abá mba'e amõ?
puni-o,Arekomarã
faço intervalos em minhas entradas na igreja,Aîmopa'ũ-pa'ũ nhote Tupãokype xe reîké
"saiu para o pátio, chorando muito dolorosamente","Osem okarype, oîase'o-asy-katûabo"
querendo conhecer seus casamentos antigos,I mendarymana kuaba potá
eles se tratam uns aos outros como semelhantes por causa de sua irmandade,O îoasykûera ri îasûaramo i îogûerekóû
estou em cilada,Kotype aîub
eu tenho fala rápida,Xe nhe'ẽ-mby'i
não contém mais nada minha bolsa,N'i pori be'ĩ xe aîó
"quando chegou a morte, para junto de deus-pai jesus fez-te subir","Te'õ mbasembápe, Tupã Tuba pyri Îesu nde rupiri"
levanto-me,Abyr
pagaste aquilo que tu usaste?,Eresepyme'engype nde remiporupûera?
se tivesses sido bom,Nde marangatu meémo
quem és tu?,Abápe nde?
mas acreditais realmente em deus?,Perobîar-y-tepe aé Tupã?
envolvendo com véus seu rosto,Aobybĩ pupé sobá ubana
ela fez seu marido comer o fruto de modo vil,A'e o mena supé 'ybá-'u-ukar-a'ubi
bebi água,A'y-'u
por um triz que não,-sûerĩ
"castiga o maldito, fazendo-o correr","Moxy oînupã, i monhana"
estão sempre cheias as igaçabas,Tynysẽ memẽ ygasaba
eu estou muito desfigurado,Xe té xe té
"a que ingere uma poção, querendo matar seu feto",O puru'a îuká-potá mosanga o'uba'e
não deixarei de o querer,N'aîpotare'ymi xûéne
estou sendo um tanto arrogante,Aîerobîá-pyryb gûitekóbo
enseada ou baía de mar,paranãngûá
"para confortar tua alma, nós o ficamos abraçando","Nde 'anga moapysykápe, oroîaîubã-îubã"
"brandamente, suavemente",mbegûé-katu
vôo como este vento,Abebé kó ybytu îá
"eu estou febril, eu tenho febre",Xe akanunduk
por acaso todos os que estavam ali ficaram a injuriá-lo?,Opabenhẽ serã erimba'e a'epe tekoara iî a'o-îa'oû?
"vim de motu próprio, vim de própria vontade",Aîur é
"farinha puba, farinha d'água, ou seja, de mandioca curtida, que se espremia no tipiti e que se passava pela urupema",u'i-puba
não comas este fruto que me é reservado,E'u umẽ ikó 'ybá xe rekoate'ỹmbaba
madeira é o que falta,Ybyrá angapeẽamẽ
sou leviano,Abebuînhẽ
qual é o preço delas?,Mba'epe sepyrama?
a gente o faz ir em busca de padre também?,Abaré abépe asé oîpiamondó?
"morro falsamente, isto é, desmaio, desfaleço",Amanõ-aíb
finjo que não o quero,N'aîpotare'ym-a'ubi
arrebentando as coisas de alguém,Abá mba'e mombuka
segui pelo mar 'y rupi agûatá - andei pelo rio,Paranã rupi agûatá
ao lado de sua mãe a criança está deitada,O sy posé pitanga ruî
lembra-te já do término de tuas coisas,Nde ma'enduar nde rekó pabagûama resé rá
acreditas em falsas oferendas?,Ererobîápe îetanonga'uba?
"por isso mesmo é que, em seus corações ficando a refletir, desafiam muito a deus","Nd'ei te'e, o py'a pupé oîemongetá-ngetábo, Tupã momburukatûabo"
catorze são aquelas coisas em que creremos,Catorze asé remierobîarama
o tucum é estopento,Tukũ sybyr
parti-o pelo meio,Oîopyterybo rupi aîmombok
ponde uma cruz diante deste doente como objeto da visão de seus olhos,Peîmoín amõ cruz oîepé kó mara'abora robaké sesá ma'ẽndabamo
procedendo de que forma o homem o transgride?,Marã oîkóbo bépe abá i abyû?
"tentastes em vão, por pouco tempo, não dormir perto de mim",Pesa'ang îepé korite'ĩ nhõte xe pyri pekere'yma
o avesso dele,i py
fiquei-a beliscando,Aîpĩ-pin
aonde ele foi após acabar de comer?,Mamõpe i xóû o mba'e'u-pab'iré?
estou quieto,Aîubĩote
ficaram todos gritando com ele,Oposẽ-posẽ pabenhẽ sesé
"embora me evoques os atos, daqueles arrependo-me","Xe rekó-ekyî îepé, a'epûera aîmoasy"
"assim como a gente reconhece o dia dos santos, do mesmo modo, também, até mesmo seus ossinhos a gente cultua, tendo-os no pescoço","Oîabo asé santos 'ara kuabi, oîabo bé asé i kangûerĩ tiruã momba'etéû, o aîuri serekóbo"
dizendo que um canto de pássaro ou um urro de onça são agouros,Gûyrá koîpó îagûara nhe'enga supé morangygûana o'îabo
"por se compadecer de mim, minh'alma faz firme","Xe raûsubasápe, xe 'anga moteni"
"e quanto a ti, boiuçu?","Marãpe nde, Mboîusu?"
"alguém não reconheceria ter comido algo bom, esquecendo-se da excelência de seu sabor?",Abámo mba'e-katu 'uagûera n'oîkuabi xûé sé katûagûera resé o esaraîamo?
pedra de beiço pontuda,metarapûá
dei coisas para outra pessoa que não a meu pai,Aîme'eng mba'e xe ruba taté nhẽ
"prenseiro, o que prensa",pokasara
"madeira fina, ótima",ybyrá-eté
três dedos dos pés,mosapyr mysã
que me faça viver longamente,Ta xe moingobé-puku
pensa em vir para vos espantar,Oú-mo'ang pe mondyîa
eu sou mal-encarado,Xe robasy
o que está junto de deus,Tupã pyri oîkoba'e
"na ponta da rede, no punho da rede",api anhãî
"ainda sendo criancinha aquele nosso senhor jesus cristo era conhecedor de quaisquer coisas, como em sua idade adulta?",O pitangĩnamo bépe a'e Îandé Îara Îesu Cristo mba'e tetiruã kuaparamo sekóû o kakuaba îabé?
beco ou rua estreita,onhoba'ũ-mirĩ
vinde para pranteá-lo ao entrar ele em vós,Peîori sapirõagûama resé pe pupé seîkéreme
agora tua concepção trouxe grande alegria,"Ko'y, nde nhemonhangaba ogûeru torybeté"
aquele outro,akó amõaé
eles estarão muitíssimo doentes,I mara'a tenhẽ
"eia, roga por nossa virtude!",Katunhẽ eîerurébo oré katûagûama ri!
"querendo que ele entre para junto de vós mesmos, lançai fora vossas maldades","Pe îoupé seîké potá, peîtyk pe angaîpaba"
a morte é a ameaça daqueles que se casam verdadeiramente,Te'õ a'e mendasareté momboîsabamo
eu quero presas nas pessoas de alguns bêbados,Xe rembiá-potá sabeypora amõ resé
querendo logo levar-nos,Asé rerasó sapy'a potá
"os chefes velhos falam sempre a eles, repreendendo-os, censurando-os","Morubixaba tuîba'e onhe'eng memẽ i xupé, senonhena, i akakapa"
derrama tuas lágrimas,Eîmo'ẽ nde resa'y
a lã em roupa transformamos,So'o ragûera aobamo îaîmonhang
"embora eles tenham igrejas para ficar rezando, a todos arruinei","I Tupãok îepé, Tupãmongetá-ngetábo, aîmomoxy pabenhẽ"
cera dos ouvidos,apysá-ygugûá
transformo o ferro em anzol,Aîmonhang itá pindáramo
que ela faça seu mui belo filho perdoar a nós,O memby-porangeté t'omoîerekûab orébo
estou quieto,Aîubĩ
a companheira de minha mãe,xe sy'yra
"daí, desse lugar",aîpó suí
nosso inimigo vencendo para sempre,Oré sumarã reîtyka memẽ
"ontem, é verdade, alguns sumiram","Kûeîsé, rakó, amõ kanhemi"
a descida dele,seroapy'ambaba
que deus dará para a gente no céu?,Mba'epe Tupã oîme'eng asébe ybakypene?
sede corajosos junto de vosso inimigo,Peîkoeté pe robaîara pé
vivo mal,Aîkó-poxy
"hoje, assim, de modo nenhum nos impedem nossa estada","Kori, nã, îandé rekó îandé moarûapa angá"
enjoa-te de teu velho modo de ser!,Eîmoting nde rekopûera!
"por causa disso, com efeito, agora o amo","Aîpó resé nhẽ, ko'y asaûsu"
"ai, quem me dera ir com ele hoje!",Asó temõ kori ahẽ irũmo mã!
meu soltar de grunhidos,xe kororõ-pysyrõ
fedor de boca,îurunema
"tu estás muito feliz, ilusoriamente, envergonhando meus súditos","Nde rory-roryb-a'u, xe boîá momara'a"
não deixes de o querer,Eîpotare'ymumẽ
remador de canoa,ygá-pukuîtara
e a aproximação do parto de uma grávida não é também motivo de se ter medo?,- A'epe muru'apora membyrasy kakara na nheangûaba bé ruã?
finjo que vou,Asó-asó-a'ub
por isso mesmo as malditas correm,Nd'e'i te'e moxy onhana
reatei-o,Aîapytĩatã
qual é teu nome?,Marãpe nde rera?
"eis que, como está no céu, nosso senhor está dentro do pão nas mãos do padre, com certeza","Akó ybakype ogûekó îakatu, Îandé Îara rekóû miapepûera pupé nhẽ abaré pópe re'a"
"rompeu-se teu coração, por amor a ele","Obok nde nhy'ã, saûsuba resé"
homem intolerante,abá-poromborybe'yma
hei de contar os pecados deles para que tu acredites em mim,T'aîpapáne i angaîpaba ta xe rerobîá îepé
"ah, tão somente eu, na verdade, sofrerei isto!",Xe nhõngatueté koba'e aîporaráne mã!
não há muitos restos deles,N'i tyb-etáî semyrûera
"que seja minha mãe, de fato",Xe syramongatu t'oîkó
"iam mulheres, discípulas dele, pranteando-o",Osó kunhã semimbo'e-etá sapirõmo
"eis que sofrem muito os que deus repeliu, tendo sua vida envergonhada","Sasyeté niã Tupã remipe'apûera, ogûekó-mara'ara reroína"
porventura a tentação é coisa semelhante a um laço?,Îusana abŷare'yma nhẽ serã tentação?
"são sebastião destruiu os tamoios, os valentes","São Sebastião tamũîa, kyre'ymbagûera, omombab erimba'e"
"abri-me a boca, bocejei",Aîeîuru-pirar
"lentamente, enfim, o homem perde entendimento, sua vista aguda de outrora desaparece, tentando inutilmente a fala","Mbegûé é ko'yté abá tekokuá kanhemi, sesapysopûera kanhemi, o nhe'engabûera ra'ang îepébo"
"que entres no meu coração, guardando bem meu interior","Xe nhy'ãme t'ereîké, xe py'a moingatûabo"
"o próprio deus a gente honra, de costume",Tupã aé namẽ asé oîmoeté
a que amamenta,mokambûara
estou desleixando,Atumbé-tumbek
"eia, meu aliado!",Ne'ĩ xe atuasar
"enfim, de volta!",Irõ bé!
"jesus, guardião da alegria",Iesu toryberekoara
é certeiro esse maldito,I pûakatu kó muru
três chefes,mosapyr morubixaba
"isso é assim, certamente",Emonã ûĩ re'a
antigamente eu ficava sempre junto de ti,Akûeîme apytá memẽ nde pyri
temos coisas comuns,Îarekó o îomba'e
abusaste de alguma criança no seu sono?,Ereîapyaípe pitanga amõ i kerype?
eu estou embasbacado,Xe rembeirĩ
"enfim, os moços escondem seus muito maus procedimentos","Aûîé, kunumĩgûasu o ekó-aíbeté oîomim"
"estão felizes os anjos, festejando este dia","Sory karaibebé, ikó 'ara momoranga"
qual é a causa de nos amar santa maria?,Mba'epe Santa Maria asé raûsupaba?
"não fomos nós, mas nossos subordinados","Na oré ruã, oré kyra é"
beijei-o,Aîpyter
eu estou em guerra,Xe marãmotar
"assim como tu não queres que alguém furte de ti tuas coisas, guarda-te de furtar as coisas de alguém","Nde îosuí nde mba'e resé abá mondarõ nde i potare'yma îabé, teumẽ abá mba'e resé é mondarõmo"
obedeceste às palavras do governante da aldeia ou a teu mestre?,Ereîporakápe taba rerekoara nhe'enga koîpó nde mbo'esara?
quase fui,Asosûé
eu tenho mãos rápidas para assim agir,Xe pó-py'i emonã gûitekóbo
debaixo da pedra,itá gûyrype
"meu irmão, perdoa tu a mim","Xe rybyt, nde nhyrõ xebo"
"eis meus chifrões, meus dentes","Kó xe 'akusu, xe ranha"
tenho jeito para a coisa,A'ekatu mba'e resé
roupa branca mandando colocar nele como meio de maltratá-lo,Aó-tinga mondebuká sesé serekomemûãsabamo
"por aí, por essa parte",ebapó rupi
"conhecedor de animais, bom de caça",so'o-kugûaba
sabem bem de sua futura saída dali?,Oîkuá-katupe a'e suí o semagûama?
dói muito ao homem perceber sua morte,Sasy-eté abá supé ogûe'õnama anduba
faça-se tua vontade,T'onhemonhang nde remimotara
escolheu-a para sua futura mãe,I pysyrõû o syrama resé
sua busca de gente nas pessoas das mulheres,Kunhã ri i moreká
morreram todos,Omanõ-mbá
vou com pedro,Orosó Pedro pabẽ
a ponte derrubam,Îarybobõ omonguî
livra-me tu!,Xe pysyrõ îepé!
espalham pelas aldeias homens que pregam às pessoas,Apŷaba abá mombegûara oîmosãî taba rupi
que índios são esses?,Mba'e apŷabap'aîpó?
rapaz,kunumĩ-a'uba
eu tenho muito preço,Xe repy-etá
ele é grande,Xe reburusu - Eu sou grande Seburusu
eu tenho olhos tortos,Xe py-bang - Eu tenho os pés tortos Xe resá-bang
pedro foi primeiro,Pedro ranhẽ osó
"de que parte de, de que lugar específico?",umã suí-katu?
"tenho medo, tremo!","Asykyîé, aryryî!"
deste as coisas sumidas que tu achaste para seu dono?,Ereîme'engype mba'e-kanhema nde basemagûera i îara supé?
"o homem, ao morrer um filho seu, fica longamente em pranto",Abá o a'yra re'õneme oîase'o-erekó-puku
"os que foram seus companheiros, seus ex-companheiros",irũmbûera
fiquei em pranto,Aîase'o-rekó
"segundo seu costume, certamente deus perdoará a ti, afinal",O poekûabo ipó Tupã nhyrõnamo ndebe ko'yténe
cavei-o duramente,Asybykoî-atã
açoito gente frequentemente,Xe poronupã îaby
tomei-o às costas,Aîar xe aseî
eu tenho mestre,Xe porombo'esar
pagou outrora por seu proceder assim?,Osepyme'engype erimba'e emonã o ekoagûera?
os índios atacarás,Apŷaba eresepenhãne
e agora?,ko'yr é-katuetépe?
nós nos combatemos uns aos outros,Oroîogûerekó
não sejas mentiroso por causa de ninguém,Nde remo'em umẽ abá resé
eis que este é discípulo de jesus,Iesus boîá ã ikó
"eis que minha alma, lugar de tua vinda, há de estar como teu leito","Kó xe 'anga, nde rusaba, nde rupabamo t'oîkó"
atraíste alguma mulher para junto de teu próximo?,Ereîmonharõpe kunhã amõ nde rapixara pyri?
sofrerá também alguma coisa ali estando?,Oîporará abépe mba'e amõ eboûĩme oîkóbone?
"suportando o choro, o menino belo está deitado","Îase'o porarasápe, kunumĩ-poranga ruî"
tapei-o,Asesaatyká
o que estava à sua direita,i 'ekatûaba kotysaba é
eu estou úmido,Xe akymaíb
tendo alegria após sua morte,O manõ riré toryba rerekóbo
é difícil para mim tentá-los,I abaí xebo sa'anga
guarda-te de abandonar tua obra,Teumẽ nde rekó mote'ebo
que não aconteça de alguma coisa te deixar ignorante,Te'itenheumẽ mba'e amõ nde motekokuabe'yma
afastando o diabo,anhanga pe'abo
o que não repete seus antigos pecados,O angaîpagûera reroîebysare'yma
cacos de pedra,itá-pesembûera
pelo sinal da santa cruz livra-nos tu,Santa Cruz ra'angaba resé oré pysyrõ îepé
não são segundo a quantidade deles os peixes que ele apanha,N'i îáî pirá sembiara
eu vivo papeando,Xe nhe'engixûer gûitekóbo
por que libertas aquele por quem nos cansamos?,Marãpe ereîpysyrõ oré kane'õagûera?
"tu foste chocarreira, estando deitada sobre teu próximo?",Nde arũaípe nde rapixara 'arybo eîupa?
por que alguém se casa?,Mba'erama resépe abá mendari?
que coisa buscas?,Mba'e resépe ereîkó?
coze o peixe,Emoîyb pirá
pus o sapato,Aîpyapasá-mondeb
"isso é referente a mim, isso é o que me concerne",Xe resendûara ebokûea
minha antiga região,xe retãmbûera
hei de ser bom,Xe katupe ká
furou também minha cabeça,Omombuk-y bé xe akanga
"que disseram seus adversários, indo?",Marã e'ipe supîarûera osóbo?
tipo de corte de cabelo dos índios,andyrá-'aba
"apressa-te, corre, vem!","Nde apûan, enhan, eîu!"
diz-se que vou,Asó ra'e
saiu para o pátio,Osem okarype
usaste feitiço?,Mosangape ereîpuru?
"como os inimigos e os soldados, apanhando-o, trataram-no, então?","Marãpe tobaîaretá, maranaritekoara, i pysyka, serekóû a'ereme?"
semelhante a uma roupa de querejuá que brilha mais que o sol,Aó-kereîûá kûarasy sosé oberaba'e nungara
rego d'água,y rapé
veio um grande chefe,Oú tubixá-katu
"tão logo indo eu, ele veio",Xe só abé turi
a gente os tem cada um o seu próprio ?,O îabi'õpe asé serekóû?
fi-lo apresador de mim,Aîmoembiaryîar ahẽ xe îoesé
não por sair eu,Na xe sẽmbeî
"não faz efeito, às vezes, nosso remédio",Sarûab amõme asé posangygûaba
já não quero viver neste mundo falso,N'aîkó-potari ymã ikó 'ara'uba pupé
agi ordenadamente,Peîkó-aturõ
"ao chegar o oitavo dia, cortaram seu prepúcio",Mokõî oîoirundyk oito 'ara sykeme i 'apira mondoki
"todos eles voltaram para trás, caindo no chão de costas -","Opá i îeakypûereroîebyri, o atukupé pyterybo o'á ybype"
"portanto, como escravos do diabo tornamo-nos totalmente?",Emonãnamope anhanga remiaûsubamo pabẽ asé nhemonhangi?
ai! por que bates em mim?,Akaîgûá! Marãpe xe ri erepûá?
arraia pitoca,Îabebyrasyka
cortei madeira,Aybyrá-kytĩ
é o modo de ser deles?,Sekoaba nhẽpe?
eu estou faminto,Xe ambyasy
eu sou destro,Xe poîabab
o que vai à roça,kopîasoara
"o que é sem mistura, puro, de uma só espécie",oîeperemõndûara
apoio sua cabeça,Aî'a-kok
antes de fazer embelezar sua alma,O 'anga moporangukar e'ymebé
eu tenho arrepiamentos,Xe aning-aning
saca,aîogûasu
arranquei o miolo dele,Aîputu'umbok
tempo de rogar a deus pelas almas,angûera resé Tupã mongetasagûama
"caburé, vem correndo para que comamos os inimigos!","Kaburé, îori enhana tobaîara t'îa'u!"
confessaste-te antes de nascer teu filho?,Erenhemombe'upe nde memby-kuî îanondé?
tu não me detestas,Na xe reroŷrõî îepé
"palavras grosseiras, de zombaria",nhe'ẽ-memûã
"vinde, para comer a criança, engolindo completamente o menino","Peîori pitanga gûabo, kunumĩ mokona mbá"
este homem trago aqui para que o reconheçais,Ikó abá arur iké ta peîkuab
mas eu me esqueci completamente,Xe resaraî-te-katu
eu sou barulhento,Xe ryapu
"o doente, o que está doente",mara'asara
"que nossa alma ele visite, dispersando os vícios dela","Oré 'anga t'oîosu, sekopoxy mosasãîa"
reza a gente muito frequentemente para santa maria?,Oîmongetá-py'i-py'ipe asé Santa Maria?
não deu certo minha ida,I rambûer xe só
hei de dar ova de peixe para ti,T'ame'ẽne pirá ruba endébo
bolota de sal,îukyrapu'a
jesus fez-te subir,Îesu nde rupiri
o rosto da criança está alegre para eles,Pitanga robá sesãî i xupé
perguntei a pero por seu pai,Aporandub Pero supé tuba resé
eu sobrei,Xe rembyrûer
sara mesmo minha alma apenas com tuas palavras,Opûerab é ipó xe 'anga nde nhe'enga pupé nhote
mãos entorpecidas,pó-e'õ
para quem a gente reza?,Abá supépe asé îeruréû?
estou-me apoiando sobre o braço,Aîeatykok gûitupa
"entram grandes espinhos, espetando sua cabeça","Oîké îugûasu, i akanga kutuka"
"neste vale, lugar de chorar",ikó ybytygûaîa îasegûaba pupé
"a ele, certamente, beijarei suas faces",A'e ipó asetobapé-pyténe
tu ou eu,Endé konipó ixé
vamos a terra,T'îasó ybyetépe
por quê?,mba'e resé?
fibras sujas,pó-ky'a
eis que sofrem muito os que deus repeliu,Sasyeté niã Tupã remipe'apûera
estiveste no roçado para plantar roça,Ereîkó kopira resé kó tyma
traze água para mim,Erur 'y ixébe
veio para visitar esta minha terra outrora,Our kó xe yby supa rimba'e
"que eles gritem, chorando!","Ta sasẽ, oîasegûabo!"
eu dou tropeçada,Xe pysakang
deve ser substituída a esposa verdadeira?,Sekobîarõmbyrape temirekó-eté?
"aqui alguém está, certamente",Ké abá rekóû anhẽ
o que se batiza,oîasukyba'e
fazendo alguém ser seu alcoviteiro,O manhanamo abá moingóbo
andaste pelos caminhos de fontes com mulheres?,Eregûatápe nhaîmbiara rupi kunhã resé?
"hás de confessar primeiro tua atração por eles o que diz respeito aos casados, depois",mendasara resendûara tekori
bem devagar o fiz,Mbegûé-katu aîmonhang
imediatamente ficaram gritando,Aûnhenhẽ sasẽ-sasemamo
aljava de ferro,itá-u'uburu
um pau me desconjuntou o pé,Xe py-mongaraû ybyrá
"não tem limite, não tem fim","N'i sykabi, n'i papabi"
havemos de chegar ao céu,T'orobasẽne ybakype
"sua vista aguda desaparece, tapando-se seus ouvidos","Sesapysopûera kanhemi, iî apysaká oîe'obo"
"por isso mesmo, então, os judeus a puxaram fortemente, fazendo vir junto a pele dele também","Nd'e'i te'e a'ereme Îudeus sykyîatãmo, i pira abé reru"
encosto-me nele,Aîekok sesé
fiquei-o esfregando com coisa gordurosa,Aîkyty-kytyk mba'e-kagûera pupé
atrai-me a roupa daquele,Xe momotar ahẽ aoba
a borboleta tornou-se pássaro,Panama onhemogûyrá
um homem ladrão que foi posto na prisão como pena de chacinas,Abá-mondá morapitîagûera repyramo mundeokype i mondebypyrûera
injuriando-o,i agûabo
"dois ladrões, um à sua direita e o outro à sua esquerda","Mokõî mondabora, i 'ekatûaba koty amõ, a'e amõ i asu koty"
hei de ir tocar tuas pálpebras,T'asóne nde ropé syka
dois e dois no total,mokõ-mokõî syk
não te apropries das coisas de ninguém,Teumẽ abá mba'e resé é mondarõmo
acaso o que será deixado é tudo?,Seîarypyrama ruã-tepe mba'e tetiruã kûáî?
nosso anjo da guarda,îandé karaibebé
vou buscar água,A'ypîasó
em eu falando,Gûinhe'enga abé
cortei a fila deles,Asysy-mondok
"eles são, realmente, muito fortes",Satãngatu-te nipó
não cessarão de dizer maldades,Marã 'é n'opyki xóne
contando as maldades escondidas de alguém,Abá angaîpá-nhemima mombegûabo
para uma grande escuridão é que iriam,Pytunusupe émo i xóûmo
limpou seu rosto com um pano branco,Osobá-syb aó-tinga pupé
eu tenho vermes,Xe rasok
eu tenho pernas tortas,Xe retymãnhemang
tear de redes,inĩ-ytá
saí há pouco dele,Asẽ amo'ĩ i xuí
pena de gavião,gûyragûasu-aba
ainda bem que deus me livrou do diabo!,Aûîeteramo rimba'e Tupã xe pysyrõ Anhanga suí re'a
a consorciação deles em toda a parte,I îogûerekó kûeîkûeîbo
vou em busca de meu pai,Asó xe ruba pé
então matarei alguns,A'ereme amõ aîukáne
como que para ele ficaste gritando hoje,I xupé îasûá oîeí eresapuká-pukaî
não se afligem por nada,N'oîkotebẽî ma'e amõ resé
salto com ela,Aropor
protetora dos aflitos,moreaûsuba rerekoara
eu estou triste,Xe karukasy
torci-me a mão,Aîepó-mongaraû
deus somente seja a causa de temor ao diabo,Tupã anhõ Anhanga sykyîabamo t'oîkó
ele é o anjo que encomenda o enforcamento,"Karaibebé a'e, moroîubyka pûaîtara"
eu sou esquecidiço,Xe resaraîpotar
além do rio,y robaî
"eu, dele perguntando, vim da minha casa","Ixé sesé gûiporandupa, xe roka suí aîu"
"estejas bem, ó meu mestre!","Eîkobé-katu, xe mbo'esar gûy!"
eu não tenho prepúcio,Na xe 'amopiri
"surpreendeu-me ele, vindo","Xe resapy'a ahẽ, oú"
ele é bom se o que é contado é mesmo verdade,I marangatu supi é i mombe'upyra rekóreme é
"maria, mulher bondosa, engravidando, conforme dizem, o vício amaldiçoa","Maria, kunhãngatu, o puru'aramo, ra'e, tekopoxy oîmomburu"
vem para arrancá-lo logo do interior dela,Îori sekyîa taûîé i py suí
anuncia os que serão casados,Ogûeronhe'eng i mendarypyrama
vanglorio-me,Aîerobîatenhẽ
terão bernes e terão vermes os corpos miseráveis dos homens pecadores e das mulheres pecadoras,"I ur, sasok abá-angaîpaba, kunhã-angaîpaba reté-a'ubane"
"existe meu auxiliar verdadeiro, o que trabalha junto de mim","Oîkobé xe pytybõanameté, xe pyri marãtekoara"
hei de comer hoje seus braços,T'a'u kori i îybapûera
não quero ir para longe,N'asó-potari mamõ...
peixe imprestável,pirá-poxy
"arrepiando-te, o desejo sensual aumentou teus olhos?","Enhemopiringa, moropotara nde resá moîo'arype?"
adoeci com ele,Aromara'ar
ao lado uns dos outros seus cadáveres estavam ao longo do mar,O îoybyri se'õmbûera paranã ybyri i kûáî
atraiu-se minha alma pela beleza de tua alma,Onhemomotá xe 'anga nde 'anga poranga ri
estareis aflitos hoje,Pe poreaûsu korine
"sim, eis aqui também minhas garras, meu rabo comprido, meus ganchos","Îé, kó bé xe pûapẽ, xe rûaîpuku, xe tyãîa"
"tu mentiste acerca de teu próximo, difamando-o?",Nde remo'emype nde rapixara resé i moerapûanaípa?
eis que a todos nós vence,Opá ã îandé moaûîéû
o que perseguiu o cão de seu próximo,O apixara reîmbaba îagûara remimomosẽgûera
cutelo de ferro,itá-kysegûasu
"assa-me o lourenço tostado, embora eu seja um rei","Xe resy Lorẽ-ka'ẽ, xe morubixaba biã"
o juiz mandou desorelhar o ladrão,Morubixaba mondá îaînambi-'okukar
estive por longo tempo,Ymûanĩ xe rekóû
por acaso ele tinha o sangue escorrido pelo rosto e pelas costas?,Sugûy-syryk serã sobá rupi i atukupé rupi bé?
eles se consolam muitíssimo,I apysy-katueté
os padrinhos junto ao padre ou a outra pessoa não podem casar-se com o que batizaram,Abaré koîpó amõ abá pyri morerokarûera nd'e'ikatuî omendá gûemierokûera resé
traze peixe para que o coma,Eru pirá t'a'une
fica aflito o padre por passar ali,Oîkotebẽ abaré uĩ gûasapaûama ri
"afastando o diabo, assim como a morte","Anhanga pe'abo, te'õ resebé"
eis que grandemente a aflição oprime minha alma,Naetenhẽ ã tekotebẽ xe 'anga apypyki
que estes em quem mandas lancem fora toda a maldade,Kó nde remimbûaîetá t'oîtyk pá tekopoxy
eu fiz confusão,Xe apaxixã
digo que está muito bem,Ne'ĩ a'é
esses homens são os que portam riquezas para nós,Aîpó abá ma'e îara îandébe
amando tua grande beleza,Nde porãngatu raûsupa
acaso estava o maldito com a cintura fendida?,I ku'a-bok serã moxy?
confia em mim,Eîerobîá xe resé
o sol certamente brilha após passar a grande noite,Kûarasy nipó oberá putunusu kûab'iré
invejar as coisas boas de alguém,Abá mba'ekatu moasy
deixai-os estar deitados,Te'inhẽ oupa
choravas sempre,Ereîase'o îepi
para ele ficaste gritando hoje,I xupé oîeí eresapuká-pukaî
é muito misericordiosa a mãe de deus,I poraûsubá-katu Tupã sy
"aqui os homens estão, na verdade, para me ficar ameaçando",Ké abá rekóû anhẽ xe renopu'ã-pu'ama
afastará os que são maus dos que são bons?,Oîpe'ape i angaîpaba'e i angaturamba'e suíne?
não quero que ele se achegue a vós,N'aîpotari pe ri i xyka
desceu para o centro da terra,Ogûeîyb yby apyterype
"ontem, é verdade que alguns sumiram","Kûeîsé, rakó, amõ kanhemi"
apenas não me fez morrer,Sãî na xe momanõî
meus pés escorregaram,Xe py-syryk
"serão fedorentos, serão muito podres, corroídos de vermes e de bernes","I nem-eté, i tuîuketé, tasoka, ura remimongûyamone"
"a mãe de deus, a que me ameaça","Tupã sy, xe momburûara"
que disse a mulher que guardava a porta a são pedro?,Marã e'ipe kunhã okena rerekoara S Pedro supé?
"finalmente abre-se a terra engolindo-os, finalmente com o diabo vão os que pecam","Teîpó yby oîe'apa, i mokona, teîpó Anhanga irũnamo i angaîpaba'e osóbo"
"pranteai logo vossa miséria, estai a vos lastimar","Taûîé pe poreaûsubagûama rapirõmo, peîemoangekoaíb peína"
vida longa de minha alma,Xe 'anga rekó-puku
é verdade isso?,Anhẽpe ûĩé?
"graça é seu nome, eis que esta é a que deve ser chamada ""tua rainha""","Grácia sera, kó nde rainhamo senõîmbyra"
eu estou tingido de jenipapo,Xe îanypagûer
insisti,Na xe apysáî
"alternaste alguns dias de guarda, não entrando na igreja?","Ereîmopa'ũpe 'areté amõ, Tupãokype eîkee'yma?"
"a cruz, lugar em que se pregou a cristo, nosso senhor, os judeus a enterraram",Cruz Cristo Îandé Îara moîaragûera îudeus otym erimba'e
haveria de cair,A'arixûer
nós temos muitas igrejas,Oré tupãoketá
vomitas cauim?,Ereîmoîebype kaûĩ?
lembrai-vos das almas dos defuntos,Penhemoma'enduar ambyra 'angûera
olhando na ponta dos teus olhos,Nde resá-popybo ema'ẽmo
não há como passar por mim para os que caminham,N'i tybi xe rasapaba ogûataba'e supé
que é isso?,Mba'ep'ipó?
procedeste segundo a determinação do padre a ti?,Ereîkópe abaré nde moingoaba rupi?
deixa que venha primeiro,T'oú turi - Deixa-o que venha T'oú turi ranhẽ
"o que escurece roupas, o tintureiro",aó-moundara
em sua cabeça batendo com aquela cana,I akanga resé a'e takûara reropûá
arrancando suas aflições,I poraûsuboka
distribuo-os,Aîma'e'ĩ
"ando despido, vivo despido",Ikatupe aîkó
"ai, que enfadonho és tu, de fato!",Tekatunheté rakûé endé hegûy!
quando supõe cair em si a morte,Te'õ o îoesé i 'a-mo'angeme
para quem a gente reza pela felicidade futura de sua alma?,Abá supépe asé îeruréû o 'anga rekokaturama resé?
logo depois que morrerem irão para o céu os que foram semelhantes a algo assim?,O manõ riremẽ serã emonã nungara sóû ybakypene?
será que eu irei?,Asóp'ixéne ri?
talvez queira agarrar-me novamente este pássaro grande,Xe pysy-potar-y bé serã kó gûyragûasu
"nanaú, nanauí, licor de ananás, bebida fermentada que os índios faziam com tal fruta",naná-'y
parece bem que sua morte fosse a finalidade com que seu pai o fez viver,Tuba i moingoaba se'õ a'e i aîarõ
levo uma vida boa,Tekó-katu aîporará
eu estou admirado contigo,Xe putupab nhẽ nde ri
vela por nós,Ema'ẽngatu oré ri
pessoa paroleira,abá-nhe'engixûera
chegou a nós sua luz para sempre,Osyk oré ri sendy îepi nhẽ
confiando na formosura de muitos de si,O matueté aysó resé é oîerobîá
hei de ouvir em vão,T'asendu tenhẽ
"vingo-me, de fato, deles, após tornar-se bom seu povo","Aîepyk anhẽ sesé, i anama katu riré"
"na verdade, hei de enfeitar-me , pintando-me de preto",Aûîeté pakó aîegûak ûiîemoúna
bem tardiamente,ariré é
tu no paraíso para sempre estás,Endé tupãrorypápe aûîeramanhẽ ereîkó
eu tenho um preço baixinho,Xe repy-mokonhõ'ĩ
meu entendimento todo fiz desaparecer,Xe tekokuaba opá amokanhem
indo para a borda da floresta,Ka'a-embe'ype osóbo
eu sou calvo,Xe 'apytekuî
homem fugido,abá-kanhema
ficando a tomar poções para não gerar uma criança,Pitanga nhemonhanga suí oîeposanõ-sanonga
eu sou alto,Xe puku
mexi-as,Aîapamonan
"embora tão somente uma vez uns anjos tenham transgredido a palavra de deus, por causa disso, somente, deus os fez ser diabos","Oîepé nhõngatu erimba'e karaibebé Tupã nhe'enga abyû biã, sesé nhõ Tupã i moingóû Anhangamo"
"eu lamento-me, de costume",Xe mba'e-moasy îá
"enfim, à sua esquerda estando os que foram pecadores",Aûîé i asu koty é i angaîpaba'epûera oîkóbone
ao te trespassar o vento,ybytu nde rasapápe
eu tenho muita felpa,Xe rabusu
aqui estamos para nos alegrar,Kó oroîkó oronhemborypa
"hei de comer hoje seus braços, caburé, suas pernas","T'a'u kori i îybapûera, Kaburé, setymãmbûera"
"queimou tua alma o fogo dele, descendo",Nde 'anga osapy satá ogûeîypa
habitante de fronteira,tatobapyygûara
aqui vem um urutaurana,Ké urutaûrana ruri!
essas não conhecem o pecado,Eboinga tekoaíba nd'oîkuabi
meu pai foi?,Xe rubape osó?
"vinde, abraçai o neném compadecedor","Peîori, peîaîubã pitangĩ-moraûsubara"
"é terrível o senhor jesus, fazendo tremer nosso inimigo","I abaeté pa'i Îesu, îandé sumarã mondyîa"
ralando-o,Seébo
"tomaste as coisas de alguém, o objeto do furto de teu próximo ou o que ele esconde?","Ereîarype abá mba'e, nde rapixara mondarõagûera koîpó semimima?"
eu estou poento,Xe yî
abundar-me-á futuramente toda a felicidade desejada,Xe resemõ irã mba'ekatu-pabẽ i potarypyra
vou atrás dele,Sakypûeri asó
"guardai-vos de querer ser como eu, mas, antes, se eu estivesse como vós, todas as coisas dolorosas sofreria neste mundo para aplacar a deus","Peteumẽ xe îabé peîkó-potá, xe monẽ pe îabé gûitekóbomo opá mba'easy aîporará ikó 'ara pupé Tupã monhyrõmomo!"
o vício atiramos fora,Tekoaíba oromombó
"como recompensa de seu muito amor a ele, deus levou-o certamente, com seu corpo, para o céu","Ogûaûsukatuagûera repyramo, Tupã ipó serã serasóû seté resebé ybakype"
"logo depois de dizerem aquilo para ele, lançou o pagamento por seu senhor no templo","Aîpó oîoupé 'é abé, o îara repypûera reîtyki Tupãokype"
aqui está teu danador,Oîkobé nde arûara é
por ocasião de um dia santo foste para longe?,Tupãneme nhẽpe eresó kûepe?
quando foi para visitá-la? -por ocasião da gravidez de seu filho são joão,-Erimba'epe i xóû i xupa? -I membyra São João rurureme
rompeu-se teu coração por amor a ele,Obok nde nhy'ã saûsuba resé
eis que a noite toda ele não dormiu para ficar perturbando os índios!,"Pysaré kó i kere'ymi, apŷaba pobu-pobu!"
o que deus dá segundo seus propósitos,Tupã remime'enga o ekopotasaba rupi
o cão é ávido,I mba'e-potar îagûara
"lentamente, enfim, o homem perde entendimento, sua tosse irrompendo","Mbegûé é ko'yté abá tekokuá kanhemi, iî u'u osororoka"
de modo nenhum os temiminós tiram seus nomes antigos,Naînanĩ temiminõ o erumûana mombó
bendita és tu entre as mulheres,I mombe'ukatupyramo ereîkó kunhã suí
"detestaste teu próximo, ficando a pôr-lhe nomes também?","Ereîamotare'ymype nde rapixara, serok-y -bé-kybémo?"
muito bem! hei de ser castelhano,Aûîé nipó! Kasianamo t'aîkó
"é doloroso deixar o vício, a vida má, contudo, depois disso, o homem consola-se muito","Sasy tekopoxy, tekomemûã pe'a biã, aûîeté a'e roîré abá apysykaturamo"
para fazer-te festa minha família fez-me vir,Ndebo toryba monhanga xe anama xe mbouri
"vai para prová-los, pois, para que transgridam a palavra de deus","Eîori sa'anga, rõ, t'otupã-nhe'engaby"
"bateste numa mulher grávida, matando o feto dela?","Erepûarype kunhã muru'abora resé, pitanga îukábo i xuí?"
vomitei,Agûe'en
"para confortar a tua alma, nós o ficamos abraçando","Nde 'anga moapysykápe, oroîaîubã-îubã"
eu sou fibroso,Xe raîy-raîyk
vou para arrancar lenha,Asó îepe'abá
um dia muito reluzente,aresakangeté
nós nos igualamos um ao outro,Oronhomoîoîá
"a terra, todas as nuvens que caem do céu cobri-la-ão",Yby opá ybytinga ybaka suí o'aryba'e i aso'iûne
"por isso, portanto",emonã resé
dá também deus neste mundo algumas coisas aos que são bons?,Oîme'eng-y bépe Tupã ikó 'ara pupé mba'e amõ i angaturamba'e supéno?
"ah, eu fui muito pecador!",Xe angaîpabeté'ĩ ra'u mã!
eu sou o grande tamoio aimbirê,Xe tamũîusu Aîmbiré
"falaste duramente a alguém, irritando-o?","Erenhe'eng-aparatãpe abá supé, i moŷrõmo?"
"deu-me pancada de ponta, somente",Xe sok îõte
"visitaste o covo de alguém, esvaziando-o?",Ereîosubype abá îeke'a i poroka?
aos poucos a ave se torna papuda,Mbegûé-mbegûé gûyrá nhemoaî
"são famosos esses moçacaras, que esgotam verdadeiramente o cauim","Serapûan kó mosakara, kaûĩ mboapŷareté"
"doença superficial, indisposição, doença fraca",mba'easy-aíba
"mas eu, tendo saudades de ti, quero-te muito bem","Xe-te, nde repîaka'upa, oroamotá-katu"
o que dá a eles a virtude,i xupé tekokatu me'engara
"amaldiçoa-te, temendo ver tua face","Nde momburu, nde robá repîá-poûsupa"
não fazer ataque às pequenas maldades dos homens,Abá marã sekoagûerĩ resé nherane'yma
a gente o honra mesmo como a seu próprio pai?,Og uba îakatu tenhẽpe asé i moetéû?
queres teu batismo?,Ereîpotápe nde nhemoîasuka?
"isto era muito preto, de fato",Moroũ-mbyry nakó
aqueles serão saciados,A'eba'e i moytarõmbyramo sekóûne
desceu para o meio da terra,Ogûeîyb yby apyterype
"vinde índios, em uníssono","Peîori apŷabetá, oîepé"
os que têm a bem-aventurança são os que choram,Tekokatueté rerekoara oîase'oba'e
de que parte? de que lado?,marãngoty suí?
"a chuva ficava amanhecendo a cair, enchendo o mar","Oky-ko'ẽ-ko'ẽ amana, paranã mopungábo"
vem para lavar minha alma,Eîori xe 'anga reîa
mais que todas as coisas dolorosas que estão neste mundo,Opakatu ikó 'ara pupîara mba'easy sosé
a gente pede a deus somente pelas coisas que deve comer?,Mba'e i 'upyra resé nhõpe asé îeruréû Tupã supé?
matador de nossa alma,Îandé 'anga îukasara
eu estou inchado,Xe pungá
vai neste dia,Osó kó 'ara pupé
"o que anuncia as coisas, o pregador",mba'e reronhe'engara
"eis-me aqui, eis que aqui estou",Aîkó
creio na repartição das virtudes dos santos,Arobîar santos rekokatu nhemoîa'oîa'oka
"como disseram os judeus, seus perseguidores, para ele?",Marã e'ipe Îudeus i piaretá i xupé?
defequei,Aka'ab
tendo medo dos judeus,Îudeus suí osykyîébo
em tua direção fazendo-me voltar,Nde koty xe rerobaka
todas as pessoas vão fazendo as ladainhas,Opakatu abá sóû ladainhas monhanga
"nosso espião vá primeiro, à frente de nós",Îandé manhana ranhẽ t'osó îandé renondé
eu meço a profundidade do rio,Aty-ypy-a'ang
não desobedecem nem sequer um pouco os habitantes do céu à vontade de deus?,N'oîmomarã-mirĩ-angáîpe ybakygûara Tupã remimotara?
"o homem que tenta, sem resultado, ter relações sexuais com uma mulher, não pode casar-se",Apŷaba kunhã resé o ekó osa'ang-îepeba'e nd'e'ikatuî omendá
"a gente diz ""anjos"" para eles por irem eles por sua vontade para longe, como que voando, muito rapidamente","Korite'ĩ-aíbeté obebébo berameĩ kûepe o emimotarybo i xóreme ""karaibebé "" asé i 'éû i xupé"
estou deitado de bruços,Oobapybo aîub
folgo muito em ouvi-lo,Asendu-potakatu
estão sempre cheias as igaçabas,Tynysẽ memẽ ygasaba
digo a verdade,Anheté a'é
a união à nossa carne,îandé ro'o resé îese'aragûera
é terrível para mim vê-los,I abaeté sepîaka ixébo
estou com ele,Irũnamo aîkó
esse mesmo,ebokûé aé
ordenhei-a,Aîkambyamĩ
"aprende acerca da palavra de deus, em que crerá",Onhembo'e Tupã nhe'enga o emierobîarama resé
vamos em seu caminho para encontrá-lo,T'îasó sapépe sobaîtĩamo
por que ele vive tendo coisas boas mais que eu?,Marãmo ahẽ rekóû o mba'e-katuramo xe suí?
a que tem nome santa maria,Santa Maria seryba'e
eu estava ainda cansado,Xe pûeraî mbyté
vim de novo para externar minha alegria,Aîur-y bé xe roryba mombegûabo
as pedras ficaram-se quebrando ao meio,Itá oîeká-îeká o îopyterybo
eu sou ligeiro de mãos,Xe poapyî
"basta, tu me matas!","Aûîé, xe îuká îepé!"
"transgridem muito a palavra de deus os que se casam, sendo traidores um do outro?",Oîabyetépe omendaryba'e Tupã nhe'enga o îosuí omondarõmo?
"tendo medo, farias bem","Esykyîébomo, ereîkó-katumo"
"tu, ao contrário, obedece a ele!",-Esapîá-te!
"leva-o, vamos ver! vamos ver se o levas!",Erasóne ra'u!
após vertê-la dentro do recipiente em que a bebe ou de alguma casca de coco,I gûaburu koîpó inaîagûasu apepûera amõ pupé i nhang'iré
"fazemos passar as flechas dos malditos, diante deles esquivando-nos","Îamongûá moxy ru'uba, i xupé îaîemoîtỹamo"
estavas realmente dormindo?,Ereké-pipó eîupa?
"que retire as coisas más de minha alma, enchendo-a com seu amor",T'ogûenosem mba'e-aíba xe 'anga suí o poroaûsuba resé i moynysema
água doce,y-eté
por isso mesmo o ladrão é o que deve ser enforcado como pena de seus roubos passados,Nd'e'i te'e abá mondá iî aîubykypyramo oîkóbo o mondarõagûera repyramo nhẽ
"oxalá eu esteja muito bela, para que os homens me desejem","Xe porangeté temomã, a'emo abá xe potari"
imitei-o fingidamente,Asa'ang-a'ub
mostrando-lhe certa árvore que estava no meio do seu jardim,Amõ 'yba gûemityma pyterype o'amba'e kuabe'enga
"eia, vamos logo!","Ene'ĩ, t'îasó taûîé!"
o que está neste mundo,ikó 'ara pora
não há coisa alguma de que ele não conte os detalhes,Nd'oîkóî mba'e amõ semiasapy-papare'yma re'a
não sou eu que vou,Na ixé ruã asó
eis que enfim já chega!,Aûîé ã ko'yté!
não sabe o senhor que eu sou um beberrão?,Nd'oîkuabipe ta'a kagûaramo xe rekó?
eu estou hirto,Xe aparatã
porei armadilhas para eles,Aîekotyrung seséne
"o que toca o tambor, o tamborileiro",gûarará mopusara
"todos juntos, todos à uma vez, à uma",oîepekatu
enterrando os antigos vícios,Tekopoxypûera tyma
eis que eu sou homem,Xe abá niã ixé
por isso mesmo será só chorar sem parar,Nd'e'i te'e îase'o anhõ monhanga i mombyke'ymane
sus! avante!,Pe'ĩ tîá!
o que está doente,i mara'aryba'e
que os comam os que ficaram em nossas casas,T'o'u îandé roŷpyrûera
eu estou olheirento,Xe resakûarumbyk
como recompensa também de seu arrependimento delas,I moasyagûera repyramono
mas seria difícil para as pessoas comer minha carne,A'e iî abaíbymo abá supé xe ro'o 'u
pele imunda,piryty
verto o sangue dele,Asugûy-mo'ẽ
não queiras que te lance no inferno para se vingar de ti,Eîpotar umẽ nde resé o îepykápe anhanga ratápe nde reîtyka
hei de ir adiante de vós,T'akûáne pe renondé
"estas rãs, que as comas em retribuição por isso",Ikó îu'i t'ere'u sepy resé
"é bonita esta igreja, contendo muitos enfeites!","I porang kó tupãoka, îegûakabetá rerupa!"
dia muito quente,arakubeté
as estrelas bem longe se escondem,Îasytatá kûepe é i nhemimi
quem devoraremos primeiro?,Abápe îa'u raẽne?
"destila tuas lágrimas, por detestá-los",Nde resa'y eîmondyky seroŷrõsápe
os reis apressados junto ao nenenzinho vieram,Reîá-anhẽ pitangĩ supé oú
eu tenho pés tortos,Xe are'a
comeste terra?,Ere'upe yby?
cuidado ao esconder-lhe o que faz,Tîaté i mĩme i xupé marã oîkóbo
jazo de lado,Opemo aîub
"existe meu auxiliar verdadeiro, o chefão aimbirê","Oîkobé xe pytybõanameté, tubixakatu Aîmbiré"
acredita a gente nisso?,Ogûerobîarype asé eboûinga?
entra hoje em meu coração,Eîké kori xe nhy'ãme
aguei-a,Aîamõ
a ti ficamos bradando,Ndebe orosapuká-pukaî
levando nossa alma para o céu,Ybakype asé 'anga rerasóbo
atei-lhe penas,Aîpepó-pûar
"os tupiniquins, habitantes daqui",tupinakyîa keygûara
"não faz mal, não há problema",Na sasyî
"enfim, obedeceram-me","Rumby, xe rapîá"
onde deus está?,Mamõpe Tupã rekóû?
fujo,Aîabab
dormiu demais seu cadáver?,Okeretápe se'õmbûera?
"igualmente a morte está entre os moços e entre os velhos, não longe, mas nem por isso deixa de chegar às outras pessoas","Oîoîá te'õ rekóû kunumĩgûasu suí tuîba'e suí bé, napûeî, ndaroîaî amõ abá mopanemi"
somente quando bebes cauim tu queres ser valente?,Kagûápe nhõ nde ratãngatu-potá?
por que põe sua saliva no nariz da gente?,Mba'erama ripe asé tĩme o endy moíni?
"no caso de ser difícil frustrar-se essa minha morte, que não se faça minha vontade","Aîpó xe re'õnama rambûera abaíme, t'onhemonhang umẽ xe remimotara"
este dia é feriado,Kó 'ara marãtekoabe'yma
eis que eu tenho sede,Xe 'useî ã
estando a destilar coisa muito amarga,Mba'e-rob-eté tuku-tuku okûapa
que estejas prostrado no lugar de se fazerem sofrimentos,T'ereîub moreaûsuba monhangápe
padeci acidentes,Amanõmanõ
"é famosa guaraparim, tendo uma igreja","Serapûan Gûaraparĩ, Tupãoka rerokupa"
folgo,Aîkonhẽ
o que eu como costumeiramente,xe remi'utyba
foste à roça no domingo ou em algum dia de guarda?,Erekopîasópe domingo koîpó 'areté amõ pupé?
sua cerviz ficando a esmurrar,i aŷpy atyká-tykábo
o que é feito de barro,nha'uma suí i monhangymbyra
lembra-te bem de que morreu por tua causa,Nde ma'enduá-katu nde resé se'õagûera resé
que queimem em teu fogo,T'okaî nde ratá pupé
"estou com muitos furos, estou esburacado",Apu-puk
"vem no dia de nossa terra, para visitá-la","Eîori oré retama 'ara rupi nhẽ, i xupa"
como diz o primeiro deles?,Marã e'ipe iîypy?
toma logo meu coração e minha alma como coisas tuas,Xe py'a xe 'anga eîar nde mba'eramo taûîé
"por ele fazer a defesa do amor a jesus cristo, mataram-no","Îesu Cristo raûsuba resé i îepirapûaneme, bŷá i îukáû"
água corrente,y-syryka
saiu para o pátio chorando muito dolorosamente,Osem okarype oîase'oasykatûabo
"os cristãos como uma unidade, a consorciação deles","I mongaraibypyretá oîepegûasu îasûá, i îogûerekó anhẽ"
estava agradável a mim meu jogo,I porambyrambykĩ xe nhemosaraîa ixébo
o que proclama suas palavras,i nhe'enga mombegûara
que lancemos fora nossa maldade,T'oroîtyk oré poxy
"estorvo do anzol, isto é, corda com que se reata este",pindá-aŷpypûasaba
o que tem a bem-aventurança é o que não agride,Tekokatueté rerekoara onherane'ymba'e
"urdiste mentiras contra alguém, desonrando-o?",-Eresekyîpe îuraragûaîa abá supé i motĩbyka?
"assim como a nós, deus vê as minúcias de todas as coisas","Îandé îá, Tupã opakatu mba'e rasapy-epîaki"
passeei,Aîebyîebyr
"perdoa-lhes, ó meu pai!","Nde nhyrõ i xupé, xe rub-y gûy !"
"mandando fazê-los embarcar numa arca de madeira, semelhante a um navio","Ybyrá karamemûã, ygarusu nungara pupé, i mo'aruká"
por isso mesmo as malditas correm como faíscas de fogo,Nd'e'i te'e moxy onhana tatá piririka îá
o limite de minha roça,xe kó sykaba
"serão muito terríveis os fatos, futuramente, para os que são maus, levantando-se com sua fealdade, com seus corpos escuros","I abaeté-katu irã tekó i angaîpaba'e supéne, o poxy, o eté-una reropu'ama"
"mandando fazê-los embarcar numa arca de madeira, semelhante a um navio","Ybyrá karamemûã, ygarusu nungara pupé i mo'ar-uká"
nesta noite tomou início,Kó pytuna ri sy-ari
inventei-o,Aîypymonhang
quem faz louvar o nome de deus?,Abá-abápe Tupã rera oîmoeté-ukar?
"os que não criam nele trabalharam em conjunto, ficando a flechá-lo","Serobîasare'yma potyrõû, iî ybõîybõmo"
eu lhe pélo a cabeça,Aî'abo'o
tremor de maleita,karasy-ryryîa
"comedor deles, sobram-me sauiás, causa das caçadas","I gûara, îeporakaba, xe resemõ saûîá"
afastai-vos daquele que eu guardo!,Pepo'i xe remiarõ suí!
"tijucal, grande atoleiro, pântano",tuîukusu
colares azuis não vistos,Mo'yrobyeté sepîakypyre'yma
"por isso mesmo os moços, por os convidarem os chefes, entram sempre no lugar de beber cauim","Nd'e'i te'e kunumĩgûasu, morubixaba o sogûápe, oîkébo memẽ kagûápe"
depois desse momento hei de atacá-los,A'e ré t'asepenhan
a descida dele,serogûeîypaba
tu não tens o coração arrebentado de aflição,Tekotebẽ suí nde nhy'ã-boke'ymi
"durante a estada dele no ventre de sua mãe, deus o santificou",O sy rygépe sekó remebé Tupã i mongaraíbi
acordo bem de madrugada,Îeîbeté apak
de meu pesado sono despertando-me,Xe keranama mombaka
"eu, tatapitera, assim como meu grande fogo, inflamo os antigos ódios","Xe, Tatapytera, xe tatagûasu îabé, asapy nhemoŷrõmbûera"
não querendo sua infelicidade,Sekomemûã potare'yma
trouxe muitas destas ostras,Aruretá kó reri
envaideço-me sem motivo,Anhemoeté-a'ub
faço pedro ter roupa,Aîmoaob Pedro
eu não tenho preço alto,Na xe repy-marangatuî
não poderás doravante juntar-te a tua esposa por ser isso um procedimento muitíssimo inconveniente,"Nd'erékatuî xûé angiré nde remirekó rerobyka, ã tekó-abaíbeté-katureme"
muitas chamas de fogo,tatá-endy-etá
achaste-os por perto?,Mbype erebasẽ i xupé?
chegaste perto junto a eles?,Mbype erebasẽ i xupé?
acaso tu és o rei dos judeus?,Îudeus rubixabapiã nde?
eu sou rechonchudinho,Xe apebĩ
entrei nos caminhos das fontes,Aîké nhãîmbiara pupé
"coisa manifesta, pública, coisa notória por ser vista",ikatupesûara
"coisa manifesta, pública, coisa notória por ser vista",ikatupendûara
para afugentar o diabo,Anhanga monhegûasemagûama resé
dei-o a troco de dinheiro,Itaîuba repyramo aîme'eng
fecharam aquele túmulo com uma pedra grande,Osokendab a'e karamemûã itagûasu pupé
ia de costume,Asó amẽîepi
ainda o faço,A'é byter i monhanga
"morreu na velhice , o tuîba'e pupé te'õ kuapa - conhecendo a morte em sua velhice",Tuîba'epe se'õû
não sentimos cansaço,N'îaîandubi kane'õ
"irrita-o, empurra-o para seu fogo","Oîrarõ, oîmoanhã satápe"
"tendo isso que ele disse, seus discípulos tomaram o pão em suas mãos","Aîpó i 'eagûera rerekóbo, semimbo'e-etá miapé rari o pópe"
podem também as pessoas casar-se diante de um outro padre,Ikatu bé abá omendá amoaé abaré robaké
"ficaste bêbado de cauim, perdendo o juízo?",Eresabeyporype kaûĩ suí 'ara mokanhema?
"faze-me tu valente, para que eu me oponha ao maldito, para sempre vencendo-o","Xe mopyatã îepé, t'apu'am muru resé, aûîérama i moaûîébo"
fazendo levar imediatamente para o céu os que resgataram bem seus pecados ainda neste mundo,Ikó 'ara pupé bé o angaîpagûera repyme'ẽngatusarûera ybakype aûnhenhẽ serasó-uká
"vem, para que recebas a lei deles","Îori, t'ereîá sekó"
este pajé ruim tem espírito protetor,Supixûar ikó paîé-angaíba
ele está salgado demais,Se'ẽ-moxy
quero mamar,Akambu-seî
confessa-se alguém antes de embarcar num navio?,Onhemombe'upe abá ygarusupe o 'ar-y îanondé?
não matando,îukae'yma
"à flor d'água, na superfície da água",y-apé 'arybo
as juntas da cabeça,akanga îepotasaba
faço muito barulho ao andar,Xe py-ambugûasu
"e por outra parte, semelhantemente, o próprio mar será mais terrível do que é seu costume, fazendo as ondas grande estrondo",Kokoty paranã aé rame'ĩ o abaetéramo erimba'e gûekoagûera sosé yapenunga ryapugûasuramo
são vistos os cadáveres daqueles manterem sua incorruptibilidade três ou quatro anos após os enterrarem,Sepîakypyra niã aîpoba'e re'ombûera o marane'yma rerekó mosapyr koîpó oîoirundyk seîxu ybŷá o tym'iré
o ofício de pedro,Peró rekoaba
"escondeste algum pecado teu do padre, envergonhando-te dele?","Ereîkuakupe nde angaîpaba amõ abaré suí, senotĩamo nhẽ?"
grudei penagens nele,Aîgûaîaý-moîar
"primeiro filho do homem, primogênito",ta'yrypy
eis que a noite toda ele não dormiu,Pysaré kó i kere'ymi
não é muito forte o homem branco,Na satãngatuî maíra!
não sabes que deus lançou neste mundo também tudo o que a gente sofre costumeiramente?,Nd'ereîkuabype Tupã opakatu ikó 'ara pupé îandé remimborará-tyba abé seîtykagûera?
tiveste relação sexual com pessoa solteira?,Ereîkópe abá-mendare'yma resé?
tua excitação pelas coisas más,Mba'e-poxy resé nde ara'a
por que haveria eu de o levar?,A'emop'ixé serasó-a'ubi é?
eu tenho o pé adormecido,Xe py-îesyî
baixo conversemos para que não o percebam os índios,Mbegûé îaîomongetá t'onhandu umẽ abá
por aí as mulheres casadas ficavas pervertendo,Kûepe kunhã-mendarûera ereîmomoxy-moxy
um pouquinho mais,pyrybĩ
que bom que meu próximo tenha coisas boas!,Aûîé ipó xe rapixara mba'e-katuramo
tão somente uma vez,oîepé nhõngatu
amarra tua rede de dormir ao longo de mim,Eîotĩ nde kesaba xe porupi
"vim, voltando",Aîur gûiîeby
isso dirá somente a ele ou contará ao padre para que o repreenda,Aîpó e'i nhote i xupéne konipó abaré supé i mombe'uû i akakapagûama reséne
põe mais outro,Enhonong-y bé amõ
jesus salvador da gente,Iesu moropysyrõana
alguns santos,amõ amõ santos
"transgridem muito a palavra de deus os que se casam, traindo-se um ao outro?",Oîaby-etépe omendaryba'e Tupã nhe'enga o îosuí omondarõmo?
apavorei-o,Aîangerasó
não estão casados os que não se casam diante de duas outras pessoas também,Amõ abá abé mokõî robaké omendare'ymba'e n'omendari
orelhas caídas,nambi-xoré
o que ama verdadeiramente a deus não tem dificuldades em viver segundo os mandamentos de deus,Tupã raûsupareté n'oîmoabaíbi Tupã asé rekomonhangaba rupi o ekó
ela embarrou nos seus ramos,Sakã resé i îepokoki
"em tuas mãos sentando-se, vai o menino","Nde pópe ogûapyka, osó kunumĩ"
é muito mal feito aquilo que fazes,I ranusu nhẽ kûé nde remimonhanga
eu caí rodando,Xe aparaîereb
procuramos jesus nazareno,Iesu Nazareno orosekar
deus fez uma certa mulher bondosa,Tupã amõ kunhãngatu monhangi
"oh, que fulano este!",Te'ĩ kó ahẽ mã!
assim ajo conforme meu pai,Xe ruba rupi é emonã aîkó
"pois se levas cães, se estiverem eles ao lado um do outro da sua própria raça, acolhem-se um pouco mais","Îagûara biãé ererasó, gûa'ysé o îoesé posé o ẽme, oîepysyrõ bé'ĩ"
já te ungi com o óleo bento,Oropixyb umã îandy-karaíba pupé
morro com virtude,Aromanõ tekokatu
"marca de dentes, sinal de dentada",tãî-mbora
"os que são maus, que o tomam, recebem a morte em si",I poxyba'e tasara te'õ ogûar o îoupé
"oh! que há aqui, na verdade, semelhante a um canindé azul?","To! Anhẽ, mba'epe ké kanindé-oby îasûara?"
maior que esta casa,Kó oka sosé
eu sou pequeno,Xe risi'ĩ
gordura de animal,mba'e-kagûera
"esse, somente, é de fato teu nome?",Aîpó nhõ-pipó nde rera?
o diabo nos capturou,Anhanga îandé pysyki
a seus próprios companheiros não querem bem,O irũ n'oîamotari
louvo-te muito por me teres salvado,Oromoeté-katu nde xe pysyrõagûera resé
eu não tenho dentes,Na xe rãî
sus! ide!,Pene'ĩ pesóbo
devolvendo sua antiga firmeza,Îepytasokûera eroîeby
esgotei a água dele,Aîtyapyî
"embora tentásseis, estivestes deitados só pouco tempo junto a mim","Pesa'ang îepé, peuî korite'ĩ nhote xe pyri"
peneirei a farinha,Au'i-mogûab
querendo afastar de si mesmo o transtorno,O îosuí pubura pe'a potá
alguém,amõ ahẽ
"logo, decerto, passarás no lugar onde moro",Koromõ ipó eregûatá xe rekoápe
mau ar,araíba
como criança estando deitado,pitangamo oupa
"qual é nosso consolo, então?",Mba'epe asé apysykabamo a'ereme?
cabelos arrepiados e desgrenhados,a-tyrá-bebó
eles mandariam enforcá-los?,A'emo oîubyk-uká?
para o desaparecimento dos vestígios da maldade de nossa alma,Asé 'anga suí asé angaîpaba rakypûera kanhemagûama resé
que se abstenha ele de dizer isso,Te'itenhẽumẽ ahẽ aîpó o'îabo
"estai com pranto, como modo de honrar o que entra para junto de vós",Îase'o rakó perekó peẽmo teîkeara moetesabamo
multiplico-o,Aîrumõ
"junto do diabo lançando-os, com o qual queimará para sempre",Anhanga pyri seîtyka aûîeramanhẽ i kaîagûama
"lugar em que nasce o sol, o oriente",kûara sembaba
hás de ser,Nde ram
"e aquelas mulheres não resistem, combatendo-os?",A'epe a'e kunhã n'onherani i momarana?
por que a gente se persignará muitas e muitas vezes?,Marãnamope asé îobasabetá-etáûne?
a chuva caiu lentamente,Osaybi amana
"zune como o vento, tremendo por causa de sua bravura","Ybytu îabé osunung, i abaeté suí osyîa"
a ti nos apegamos,Oroby'a nde resé
hei de viver bem como eles,Aîkó-katupe i îabé ká
"falando primeiro a seus filhos, que divide",Ogûemimoîa'oka ogûa'yra pé ranhẽ onhe'enga
amarrei penas de asa nela,Aîpepó-pûar
erra muito o homem que se fica fazendo pajé?,I angaîpabetépe abá onhemopaîé-paîébo?
como se eu dissesse,Xe 'é îasûaramo n'aé
"sob minhas mãos tenho os moços pecadores, os velhos crescidos","Xe pó gûyrype arekó kunumĩgûasu-angaîpaba, tunhãba'e-kakuaba"
afago-lhe a cabeça,Aî'apixyb
semelhante a gotas de sangue,Tugûy tykyrûera abŷare'yma
ele é mais bonito,Turusueté - Ele é maior I porangeté
pegou-se firmemente sua roupa com que ele foi castigado às suas chagas?,Oîar-atã serã i aoba i nupãsagûera i moperé-perebagûera resé?
que se compadeçam dele os judeus,T'oîporeaûsuberekó îudeus
esfreguei-lhe a caspa,Aîpiku'i-momemûã
castrei-o,Asapi'a'yĩ'ok
são pedro puxou a espada,S Pedro itangapema osekyî
que sejais futuramente os que terão a verdadeira felicidade na nossa terra prometida,Ta peîkó irã mba'ekatu-eté rerekoaramo îandé retãme'engápe
não já assim,na emonani
"salve rainha, mãe de misericórdia, vida, a que é doce","Salve Rainha, moraûsubara sy, tekobé, se'ẽba'e"
quantas vezes a lua desapareceu ou o caju madurou?,Mbobype îasy kanhemi koîpó akaîu aîubamo?
"de cada dez, repartir uma de nossas coisas com deus",Opá kombó îabi'õ Tupã supé oîepé asé mba'e moîa'oka
meu coração ficando a revirar,Xe py'a pobu-pobu
"o que é morto, o que deve ser morto, o morto",i îukapyra
elas são grandes?,Turusupe?
pus-me as trouxas no panacu,Anhepanakũ-nhang
acusando uma mulher para seu marido,Kunhã kuauká i mena supé
quais as novidades? quais as novas?,Marãpe moranduba?
"o que fia , fiandeira",pobandara
há poucos dias mandaste tua esposa como espiã,Kûesé nde remirekó manhanamo ereîmondó
eu não duro muito,Na xe rekosûeri
estragaste as coisas de teu próximo?,Ererekomemûãpe nde rapixara mba'e?
que não esteja pelas casas para afrouxar nossas almas,T'oîkó umẽ oka rupi oré 'anga monguébo
futuro marido,menama
imitando tua virtude,nde rekokatu ra'anga
que me tratem como a seu próprio deus,O tupãnamo ta xe rerekó
"dizendo, digo asneiras",A'é tenhẽ marã gûi'îabo
"serão bons, doravante, os que eu guardo de costume",I angaturam ko'yré xe remiarõ îandune
quem é o inimigo da gente?,Abápe asé sumarã?
eu tenho sofrimento de sobra,Xe rosang-esemõ
eu tenho olhos claros,Xe resá-ting
eu cochilo,Xe ropebypebyk
todos os homens destrói,Opabĩ abá mondyki
bem à sua semelhança o fez?,Gûupi-katupe i monhangi?
eu estou febril,Xe rakûar
"finquei-me, fiz pé firme",Aîeatyká
por isso mesmo os que tiram seu chapéu para eles transgridem a palavra de deus,Nd'e'i te'e i xupé o akangaó-'okara Tupã nhe'enga abŷabo
entrei nos caminhos de fontes,Aîké nhãîmbiara pupé
palavras desatinadas,nhe'ẽ-tekokugûabe'yma
"ah, bem parece!",Îasûareté mã!
"logo, decerto, passarás no lugar em que moro, chegando","Koromõ ipó eregûatá xe rekoápe, eîepotáne"
limpou seu rosto com um pano branco,Osobá-syb aó-tinga pupé
os que acreditam em sonhos,Mosaûsuba rerobîasara
a gente não se esquece do que é saboroso só na aparência,Seba'e-a'uba nhote resé asé na sesaraî
"penetram grandes espinhos, espetando sua cabeça","Oîké îugûasu, i akanga kutuka"
o que é malquisto,i amotare'ymymbyra
e como alguém procederá encontrando o que esqueceu?,A'epe marã abá rekóû a'e o esaraîagûera supé ogûasemane?
"""-entrai na igreja"" disse ele de modo louvável","""-Peîké Tupãokype"" e'i muruangaba"
fiquei estremecendo,Asy-syî
eu tenho covinhas,Xe pygûaî
"""ah, coitadinho de mim"" é o que é ouvido aí","""Xe poreaûsubeté'ĩ mã!"" sendubypyramo a'epe"
não se cansam de pedir a deus pelos que os resgataram,N'oîeruré-pytubari Tupã supé ogûenosemarûera resé
"quereis que eu solte para vós a jesus, vosso rei?",Peîpotápe Îesus pe rubixaba ixé i mosema peẽme?
são muito temíveis teus chifres,Iîabaeté-katu nde 'aka
"aí também, certamente, o homem sofre",A'epe bé rakó abá nhupatĩû
"isso dizendo, eu não estou tíbio","Aîpó gûi'îabo, n'akyî ixé"
à serra eu fui para encontrar-me com nossos súditos,Ybytyrype xe sóû îandé boîá rerosupa
sou desprezível,Aîkomemûã
não verão sequer seu corpo brilhante?,Seté-beraba tiruãpe n'osepîaki xûéne?
tanto mais porque eles são adversários de agressores,Memeté a'e morero'arupîara
meu avô jaguaruna,xe ramũîa Îagûaruna
que não aconteça de algo te deixar ignorante,Te'itenhẽumẽ mba'e amõ nde motekokuabe'yma
até mesmo gritou comigo,Xe aká tekatu nhẽ
roda de madeira,ybyrá-babaka
"gozador, brincalhão, zombeteiro",nhemosaraîxûera
"eram muitos os que estavam a castigá-lo? -eram muitos, ficando a revezar-se uns com os outros nisso","-Setápe i nupã-nupãsara? -Setá, sesé oîoporu-porûabo"
impedem os casamentos,Mendara omoarûab
virei-o ao contrário,Arobak
nas roças,kóbo
"tem medo de ti o diabo, odiando-te","Osykyîé nde suí Anhanga, nde moabaetébo"
eu sou confuso,Xe abaíb
estão bem felizes,Sory-porang
pegou-se fortemente sua roupa às suas chagas?,Oîaratã serã i aoba i moperé-perebagûera resé?
esse nome é o que me convém,Aîpó tera xe arõana
tu não me detestas,Na xe reroŷrõî îepé
a gente é parecida à criança que não tem pecado?,Pitanga i angaîpabe'ymba'e rapixaramo nhẽpe asé rekóû?
teu poder aquietou este mundo,Nde 'ekatu kó 'ara moapysyki
"tu fizeste mexericos, contando as palavras de teu próximo?","Nde mba'epûerype, nde rapixarĩ nhe'engûera mombegûabo?"
é por isso que o batizais junto ao padre,Aîporama resé é peîmongaraíb abaré pyri
"nós, ao contrário, havemos de ir ao encontro da nossa pátria","Îandé-te, îandé retama t'ixepenhan"
eu fui o primeiro deles,Ixé iîypy
rouba-o aí por perto,Mbype emondarõ sesé
mas não tentam esses aprender sempre?,N'osa'angi-tep'akó nhembo'e ko'arapukuî?
o que tem barba ruiva,sendybaá-îuba'e
sou seu parceiro de dança,I nhandaramo aîkó
de modo nenhum os temiminós tiram seus nomes antigos,Nainanĩ temiminõ o erumûana mombó
agi ordenadamente para que se quede em vós,Peîkó-aturõ t'oby'ar pe ri
eu sou o que é rico,I mba'eba'e ixé
eu sou fibroso,Xe raîu-raîu
leio-o,Asa'ang
e de que maneira é homem verdadeiro como nós?,A'epe marã apŷabetéramo sekóû îandé îabé?
arrepiei-me,Aîepoká
estou acordando,Apak gûitupa
"seus amigos, os franceses, trouxeram armas de fogo em vão","Saûsupara, aîuruîuba, mokaba ogûeru tenhẽ"
os cristãos não eram muitos,Karaíba na setáî
"deus te fez viver, guardando-te, não somente por uma semana, não somente por um ano, mas por muitos anos","Nde moingobé Tupã, nde rerekóbo n'oîepé îasy nhõ ruã, n'oîepé seîxu nhõ ruã, setá nhẽ seîxu-te"
"queremos muito amar-te, entregando-nos a ti","Oroaûsu-potá-katu, oroîeme'enga endébo"
o magro que convido para comer,xe remipoîangaîbara
"casas do lado, vizinhança",amỹîoka
o desejo sensual aumentou teus olhos?,Moropotara nde resá moîo'arype?
daqui a pouquinho castigo-o,Aînupã apyri'ĩ
aceitei dinheiro de pedro,Aîar itaîuba Pedro suí
"aos olhos dos homens somente, mas não de verdade,",Abá resápe nhote na supi ruã-te
esses homens são os que portam riquezas para nós,Aîpó abá ma'e îara îandébe
marca antiga de pedrada,itá-porûera
fiz oferenda para o pajé,Anhetanong paîé resé
"-quem és tu? -sarauaia, adversário antigo de franceses","-Abápe nde? -Saraûaîa, aîuruîubupîarûera"
quinhão de deus dízimo,Tupã potaba
são numerosos os que te procuram,Se'yî nhẽ nde rekasara
o grão-sacerdote de nome caifás,Morerekoara Caifás seryba'e
fiquei-o esfregando com gordura,Aîkyty-kytyk mba'ekagûera pupé
já se juntaram por causa disso muitos moços bebedores de cauim e as moças que dão de beber às pessoas,"Onheŷnhang umã sesé kunumĩetá kagûara, kunhãmuku i more'ymbara"
instruir os que são ignorantes,I tekokuabe'ymba'e motekokuaba
completamente ele me revistou,Opá ahẽ xe subi
não hei de deitar a perder a meu pai,Amote'e umẽpe xe ruba ká
tu outrora me salvaste,Nde erimba'e xe pysyrõ îepé
hei de ir para cumprir essas palavras,T'asó aîpó nhe'enga mopó
brinco,Anhemosaraî
cantinho dela,sûá'ĩ
"lugar de se abrigar da água, barra de porto",y-mbîasaba
a maldade fez feder minha alma,Xe 'anga omonem tekoangaîpaba
algo semelhante a um navio,Ygarusu nungara
"para visitar a aldeia, eu fui à serra","Taba supa, ybytyrype xe sóû"
"eia, amarrai os malditos!","Pe'ĩ, peîpûá muru!"
cuspi-o,Anhomun
"de alguma parte, dalgures",kûeîpe suí
ajudante de são lourenço,São Lourenço pytybõana
"aproximando-me da morte, meus grandes pecados antigos farei sair","Te'õ rerobyka é, xe angaîpá-tubixagûera amosẽne"
"os bem-aventurados e os santos no céu, que vêem a deus, ultrapassam o número dos dias que o ano tem","Marangatuba'e santos ybakype, Tupã repîakaretá, osasá 'ara ro'y remierekó papasaba"
tenho-o bem na minha cintura,Xe ku'aî bé arekó
pelos campos,nhũbo
"a dança é que é boa, enfeitar-se, fumar","Moraseîa é i katu, îegûaka, petymbu"
teu sêmen ejaculado,nde ra'y-pupuka
"eu sou guaixará, bebedor de cauim, grande boicininga","Gûaîxará kagûara ixé, mboîtiningusu"
"ah, que dizes!?",Teté marã e'îabo mã!?
quantos são os que recebem compaixão?,Mbobype saûsubarypyra?
tomou o pão em suas mãos,miapé rari o pópe
entreouvi tuas palavras,Asendub-aíb nde nhe'enga
após vertê-la dentro de alguma casca de coco,Inaîagûasu apepûera amõ pupé i nhang'iré
nas armadilhas fiz os malditos entrarem,Kotype muru amoingé
eu sou magro,Xe angaîbor
prendi-o a uma pedra,Aîmoín itá resé
voltou a vir ao lugar em que tinha deixado seus discípulos?,Ouîebype erimba'e o boîá reîasagûerype?
de modo algum os temiminós tiram seus nomes antigos,Nainanĩ temiminõ o erumûana mombó
hei de me esconder bem,Aîemĩngatu-pe ká
eu sou rechonchudão,Xe asangusu
presumo que ele deve ter ido,"""Osó ipó re'a"" a'é"
"mas eu, amando minh'alma, fico quieto em minha terra","Xe-te, xe 'anga raûsupa, aby'arĩ xe retãme"
conhece bem as guerras,Oîkuá-katu marana
a ti somente louvando-te muito!,Nde nhõ nde moetekatûabo!
o que reflete sobre sua morte,Se'õagûera resé onheangerekoba'e
a terceira dele é a satisfação dos cônjuges,I momosapysaba mendara moîekosupaba
que perdoe deus a nós,T'i nhyrõ Tupã orébo
fininho,po'i'i
adversária da morte,Te'õ rupîara nhẽ
estou pela metade,Xe ragûé rupi aín
arrependendo-te fracamente de teus atos passados,nde rekopûera moasy-bebuîa
eu sou raro,Xe kûaî
atraio a pedro,Aîmomotar Pedro
ira que te impregna,nhemoŷrõ nde momungasara
o que te põe nu,Ikatupe nde moĩndara
coze algum cauim,Emoîyb kaûĩ amõ
"faval, plantação de favas",komandagûasu-tyba
por que não queres chorar nem mesmo um pouquinho?,Marãpe nd'ereîase'o-mirĩngatutenhẽ-motari?
"instrumento de aquentar o fogo, abano, abanador",tatá pegûaba
há de prantear a gente o desaparecimento de seu pai e de sua mãe,Osapirõ-n'asé og uba o sy kanhemagûera
"indo, eu me escafedo",Xe rebinhỹ gûixóbo
trouxeste algumas facas de ferro?,Ererupe itá kysé amõ?
oxalá deus mandasse os cadáveres de toda parte falarem,Omonhe'eng-uká temõ Tupã te'õmbûera kóbo
que está deitado aqui?,Mba'epe ké tuî?
para as coisas que costuma sofrer não tendo paciência,Mba'e o emimborará-tyba supé og osange'ymamo
ele está um pouco melhor,I katu be'ĩ
vim de minha casa,Aîur xe roka suí
"quando ele mama, ela fica alegre","I kambuneme, sory"
que fazem conosco os que nos batizam?,Marãpe asé rerokara asé rerekóû?
"não dou ouvidos, não me importo",Na xe apysáî
fico-o chacoteando,Aîkurá-kurab
trazendo um pouco de linha,Inimbó'i amõ reru
que estejamos perto de ti,T'oroîkó nde ypype nhẽ
trouxe muitas destas ostras,Aruretá kó reri
comichão da pele,mbiremonã
nossa comida de cada dia dá hoje para nós,Oré remi'u 'ara îabi'õndûara eîme'eng kori orébe
acompanhante de caminhada,atá-irũ
coisa muito boa é uma grande bebedeira,Mba'e-eté ka'ugûasu
"depois disso, vamos quebrar as cabeças dos reis",A'e ré kori îasó tubixaba akanga kábo
"qual é a causa de nossa alegria, então?",Mba'epe asé moesãîndaba a'ereme?
o que socorre gente,morepenhandara
"ladroeiras, palavras más sobejavam-te, danças, diversões, vômitos, bebedeiras, guerras","Mondarõ, nhe'engaíba nde resemõ, moraseîa, nhemoryba, gûe'ena, ka'uaíba, marana"
o que tem relações sexuais com o que não é seu cônjuge,O mendasabe'yma resé oîkoba'e
"enchendo o mar, levantando-o bem acima do cume das montanhas","Paranã momungábo, ybytyra apyra sosé katu i mopu'ama"
estou-me recolhendo,Anhenong gûitupa
não honram seu criador,N'omoetéî o monhangara
ofendeste teu pai?,Ereînhe'engybõpe nde ruba?
minha alma fez feder a vida pecaminosa,Xe 'anga omonem tekoangaîpaba
teriam ido para longe?,Osó meémo mamõ?
"no vértice, no ápice",apyteri
à direita de jesus somente tu estás,Îesu 'ekatûápe nde nhõ ereimbé
tu falaste mal de alguém?,Nde îuru'arype abá amõ resé?
a maldade de suas palavras,o nhe'enga poxŷagûera
eu sou inchado,Xe susu'a
sardas do rosto,tobá pinima
alegrando-se com a morte de alguém,Abá re'õagûera resé og orybamo
o que manda um falso pajé sugar outra pessoa,Paîé-a'uba supé amõ abá oîxuban-ukaryba'e
"eis que aqui estou, o que vos enxota",Aîkobé pe mondoarama
minha casa está escura,I pytun xe roka
cabeça de peixe,pirá akangûera
"após vir sarauaia, destruiremos a aldeia, como de costume","Saraûaîa rur'iré, îamombá taba îandune"
não há nada errado,N'i tybi mba'e-memûã
que transformou outrora em mundo?,Mba'epe erimba'e oîmonhang 'aramo?
para ser a futura mãe de deus ela foi feita,Tupã syrama ri i monhangymbyra...
fizeste resguardo por causa do parto de tua mulher?,Ereîekuakupe nde remirekó membyrara resé?
água salgada,y-e'ẽ
é coisa que falta,Mba'e angaba'eamẽ
qual era mesmo o nome dele?,Marã-takó ahẽ rera?
bem com os meus olhos vi que tu as escondeste,Xe resá pupé-katu asepîak nde i mimagûera
como peregrinos é que a gente mora nesta terra,Ataramo é asé rekóû ikó yby pupé
aceitaste suas palavras ao dar ordens a ti para alguma coisa boa?,Ereîmorype i nhe'enga mba'e-katu resé nde pûaîme?
o que come terra ou outra coisa,Yby koîpó mba'e amõ gûara
"quando era ele rei, foi maltratado",Morubixabamo sekóreme serekomemûãmbyramo sekóû
ajuntamento de pedras,itá re'yîa
sorvi o caldo,Aîty-kukur
ainda bem que o faz correr consigo!,Iîá muru senonhana!
começando a pronunciá-lo,sa'ang-ypŷabo
não confio em macaxeras,Nd'arobîari Makaxera
não estaremos mais aflitos,Nd'oroîkotebẽ béî xóne
parede de casa,ó-pyá
"aonde chegaram com nosso senhor, finalmente?",Mamõpe gûá Îandé Îara rerosyki ko'yté?
"de forma inadequada, certamente, está o regente do canto",Aroane'ym nakó nhe'engaryba rekóû
"derrama tuas lágrimas, pranteando a vergonha de tua alma","Eîmo'ẽ nde resa'y, nde 'anga i momara'aragûera rapirõmo"
nós estamos juntos,Oré apûanã
"pelas costas, na ausência, à traição",kupébo
andei sumido,Akanhẽ-kanhem
sua lei pôs ordem em nossa antiga vida má,Sekó omongaturõ îandé rekó-poxypûera
nós vos matamos,Oré opoîuká
não são muitos meus pecados,Na setáî xe angaîpaba
contigo quero estar,Nde irũnamo aîkó-potá
"com uma lança de ferro espetou seu flanco, estourando suas entranhas","Itamina pupé iî yké kutuki, i nhy'ã moboka"
fizeste sexo com uma mulher com alguém observando-o?,Ereîkópe kunhã resé abá remiandubamo?
este outro,ikoba'e-te
ajudaste alguém num roubo?,Ereîpytybõpe abá mondá resé?
"estão em grande número, são muitos",Tyk e'i
assei,Amixyr
"imaginai, em vossa morte, estardes vós deitados",Peîmo'ang pe re'õ pupé pe ruba
emplumei-o,Asamongy
mandaste tua esposa ir em busca de mulheres?,Ereîopûaîpe nde remirekó kunhã resé?
"dali, daquele lugar",ûĩinga suí
tu deste à luz por tua vontade?,Nde membyrápe erimba'e nde remimotarybo?
riscaram todo o teu corpo com ferro pontiagudo,Opá nde reté raíri itatîãîa pupé
fazendo zombaria diante dele,Sobaké o memûãnamo
fi-lo suar,Asyaîká
quebrei-me,Aîeká
o que é circuncidado,i api'aba'e
eu sou travesso,Xe resakûé-kûé
consolas teu pai e tua mãe em suas aflições?,Ereîmoîekosupe nde ruba nde sy sekotebẽsaba ri?
retribuindo o amor a ti,nde raûsuba poepyka
o que me cabe é tomar cauim,Xe potaba kaûĩ rá
hei de contar os modos de impedi-los,I moarûapaba t'aîmombe'une
"o que paga, o que resgata",osepyme'engyba'e
vieste do céu,Ybaka suí ereîur
com eles alio-me,Sesé nhẽ aîekotyá
"margem de rio, praia, ourela de mar ou rio",y-embe'yba
"deixai, pois, estes meus discípulos irem com saúde",T'e'i nhẽ ã xe boîá o marane'yma rerasóbo rõ
aguço-a,Asapûa'ok
dizem que o homem fez assim antes,Emonã îé abá rekóû rãé
peneira rala,urupẽ-mokanga
"embora eles tenham igrejas, a todos arruinei",I tupãok îepé aîmomoxy pabenhẽ
mulher bondosa e estéril,kunhã-marangatu-membyre'yma
contando as maldades escondidas de alguém para quem não as conhece,Abá angaîpá-nhemima i kuapare'yma supé mombegûabo
"portanto, eu vim a ti","Emonãnamo, xe ruri ndébo"
"que a maria alegremos, a lei do diabo repelindo","Maria t'îambory, Anhanga rekó reîyîa"
lavadeira ou lavador de roupas,aopotukasara
palavras vãs,nhe'ẽ-tenhẽa
afasta-te! vai-te daqui já!,Eîepe'a! Ekûá ké suí ra'a!
creio que deus perdoa às pessoas,Arobîar moroupé Tupã nhyrõ
por que não seriam muito fortes?,Marãmo satãngatue'ymamo?
eu tenho diarréia,Xe rebykasy
não porque não queira,N'i potare'ỹme ruã
fazendo estar bem minha alma!,xe 'anga moingó-katûabo!
hei de ir cumprir essas palavras,T'asó aîpó nhe'enga mopó
a mim,Ixé supé
"eva, nossa mãe primeira, atraiu-se muito pelo belo fruto, de acordo com a palavra da serpente","Eva, îandé sy-ypy, onhemomotareté 'ybá-poranga resé, mboîa nhe'enga rupi"
e também as esposas de seus filhos,Ta'y-taty abé
paga o objeto de seu furto,Oîmoepy o mondasagûera
minhas palavras somente cumprirás,Xe nhe'enga nhõ ereîporaká
prendi-os um ao lado do outro,O îoybyri aîmoín
prendi-os uns ao lado dos outros,O îoyby-ybyri aîmoín
são muitas as grandes igaçabas,Setá nhẽ ygasabusu
já saíste da grande escuridão,Eresem ymã putunusu suí
a vida que não acabará,tekobé opaba'erame'yma
toma-nos a dianteira sempre o diabo,Îandé rokesỹ memẽ anhanga
compadeceste-te de tua mãe e de teu pai?,"Eresaûsubápe nde sy, nde ruba?"
monte de terra,yby-atyra
"eia, depressa desviando-me","Ne'ĩ, taûîé, xe reîyîa"
"eles, na verdade, em três pessoas se distinguem",A'e anhẽ mosapyr pessoaamo i îa'oki
ameacei-o,Aropu'am
deste atenção a tua confissão?,Ereîeapysaká-katupe nde nhemombe'urama resé?
deixei esse cadáver seu,Aseîá kó se'õmbûera
os restos de nossos pecados,asé angaîpaba rembyrûera
que se acautelem futuramente os habitantes da terra para que não creiam nele,T'onhemosako'i irã yby pora t'ogûerobîar umẽ
"o próprio deus, com sua santidade, as almas e os corpos deles fez","Tupã aé, o karaíba pupé, i 'anga seté monhangi"
por causa de seu próprio pai,og uba resé
com sua própria neta não pode ninguém casar-se,O emiminõ resé nd'e'ikatuî abá omendá
"o cauim transbordante nas igaçabas, depois disso, os atrai","Ygasápe kaûĩ-tuîa, a'e ré, îamomotá"
"marca de espada, sinal de ferimento com espada",itangapẽ-mbora
buraco do chão,yby kûara
tomo-o no meu ombro,Xe ati'yba ri aîar
"ah, ai de mim, o fogo do diabo sofrerei para sempre!","Ixé tekatuete'ĩ ra'u, Anhanga ratá aîporará aûîeramanhẽne mã!"
"das cuias ficando a quebrar as pontas, afrontaste os homens","Kuîa nhẽ i tĩ-ngá-tĩ-ngábo, ereîanga'o abá"
"por isso mesmo os malditos se alegram por causa deles, fazendo disputa por eles","Nd'e'i te'e moxy sesé og orybamo, sesé oîomoaîuabo"
fi-lo emergir comigo,Arobur
"""ele deve ter ido"", disse eu em suposição","""Osó ipó re'a"" a'é angá"
"eu sou um espião, um velho poltrão","Xe manhana, manembûera"
não serei pecador doravante,Na xe rekopoxyî xûé angiréne
viemos muitos,Oroîurusu
vingo-me deles,Aîeepyk anhẽ sesé
espinhas do rosto,Tobá kuruba
"seu sangue era muito, oprimindo sua alma","Sugûy turusu, i 'anga apypyka"
"como, então, futuramente, os homens dirão, invocando-o, ao circundarem-nos muitíssimos inimigos?",Marã e'ipe irã abá a'ereme tobaîá-katupabẽ o amaneme sekyîabone?
"espera! que venha o maldito, primeiro","Enhambé! T'oú-te muru, ranhẽ"
eu tenho palavras desatinadas,Xe nhe'engetá
mas livra-nos do mal!,Oré pysyrõ-te mba'eaíba suí
dando para ele alguma semelhante a si,I xupé o apixara amõ me'enga
quem foi o que o entregou?,Abápe i me'engarama?
começando-os logo,Taûîé iîypyrunga
var de chapéu em forma de cogumelo,akangaoburupé
"eu também os meus parentes trazendo, faço-os dançar comigo",Xe abé xe anametá aroporaseî seru
não é longe,N'apûéî
"portanto, prendo-te!",Irõ oropokosub!
está cheio teu ventre,I por nde rygé
frustrei-me,Xe rambûer
hei de pescar para ti,T'oroporaká
mandei um homem em busca de pindoba,Aîopûaî amõ abá pindoba resé
por isso mesmo eles não se deleitam com as boas coisas,Nd'e'i te'e mba'e-katu resé oîekosube'yma
"ataca-o, sarauaia!","Esepenhan, Saraûaî!"
nomes de quem são esses?,Abá-abá rerape eboinga?
aqui estou para levar seu ventre e também seus pulmões para minha sogra velha,Kó aîkó sygepûera t'arasó i nhy'ãbebuîa abé xe raîxó-gûaîbĩ supé
característica de homem mau,apŷabaíba rekoaba é
confundindo esta aldeia,Ikó taba apamonana
que olhe para nós o neném compadecedor,T'oma'ẽ îandé resé pitangĩ-moraûsubara
vai por aí,Ebokûé rupi ekûab
seus matadores repartiram-nas uns com os outros,I îukasarama oîmoîa'ok o îoupé
vivendo como se estivessem unidos,T'oîese'ar-y berame'ĩ oîkóbo
mas não tentam esses aprender sempre?,N'osa'angi-te-p'akó nhembo'e ko'arapukuî?
"para onde meus amigos foram, sem mais?",Marãngotype xe îekotyasaba sóû-'ĩ
jazia ao lado de mim,Xe ybyri tuî
a ti suspiramos,Ndebe oronheangerur
arranca a miséria de minha alma para que esteja firme em ti,"Eporeaûsubok xe 'anga, t'i pyatã nde resé"
ai! guarda-te de me queimar!,Akaî! Teumẽ xe rapŷabo!
assim deve ser,Emonã ruãpe é
ai! queima-me deus!,Erĩ! Xe rapy Tupã!
eu tenho terçol,Xe ropepirekó
"tu tiveste polução, tendo desejos sensuais?",Erenhemoa'ypupukype nde poropotaramo?
cortei a fila deles,Asysy-mondok
refletindo sobre suas maldades,onheangerekóbo o angaîpagûera resé
faz a cruz em nossa testa com ele,Asé sybasab i pupé
eu não sou constante,Na xe rekoposyî
hei de dar ovas de peixe para ti,T'ame'ẽne pirá ruba endébo
surpreendeu-te deus a deleitar-te com nossas palavras,Nde resapy'ari Tupã oré nhe'enga morypa
pau do casco,apé-'yba
dou laçadas nela,Aîmokusambar
em terra não os mandando transformar,Ybyramo i moingoukare'yma
veio das alturas,Ybaté suí oú
antigamente pescava bem os peixes,"Akûeîme, rakó, pirá asekyî-marangatu"
ele tem o rosto muito alegre,Xe resãî - Eu estou alegre Sobá-esãîngatu
"quando morre seu cônjuge verdadeiro, uma pessoa não pode casar-se com algum irmão ou irmã dele","O me'engabeté re'õneme, abá nd'e'ikatuî omendá i asykûera amõ resé"
remédio de nossos antigos desejos sensuais,moropotaragûera posanga
sede valentes junto de vosso inimigo,Peîkoeté pe robaîara pé
"que nada! vou vencê-los, como sempre",Erĩ! Aîmoaûîé îandune
trouxeram pólvora em vão,Mokaba ogûeru tenhẽ
"aproximando-se da morte, suou bastante","Te'õ rerobyka, syaî-tekatu"
"possivelmente, provavelmente",emonã ipó re'a
e porventura na hóstia está jesus cristo?,A'e serãne hóstia pupé Îesu Cristo rekóû?
mas olha primeiro! olha cá!,Ema'ẽ-te ranhẽ!
meu parceiro,xe rapixara
"ide logo daqui, apartando-vos com vosso grande fedor!","Pekûá, taûîé, ké suí, pe nemeté rerosyîa!"
já se juntaram a eles muitos moços bebedores de cauim,Onheŷnhang umã sesé kunumĩetá kagûara
somente com ele os olhos dos homens se satisfazem no céu,Sesé nhõ abá resá apysykamo ybakype
mandei um homem ir em busca de palma,Aîopûaî amõ abá pindoba resé
esforça-te por causa de deus,Enhemopyatã Tupã resé
sou fujão,Aîababixûer
"caem, às vezes, os frutos das suas árvores, sendo ainda flores",Okuî rakó amũme ybarambûera o 'yba suí ybotyramo oîkóbo bé
para mãe de deus é feita,Tupã syrama ri i monhangymbyra
faca de taquara,takûá-kysé
para mãe de deus é que é feita,Tupã syrama ri i monhangymbyra
"tua alma elimina a posse do céu com coisas fétidas e más, borrando-a por causa delas","Nde 'anga ybaka rerekoarambûera mba'enẽ-memûã pupé oîmomemûã, sesé i monana"
eu sou sauiaetá famoso é meu nome,Ixé Saûîaetá Serapûã xe renoĩndaba
lugar costumeiro de minha pescaria,xe pindaeîtykatyba
tem tu compaixão de nós durante nossa vida,Oré raûsubá îepé oré rekobé pukuî
estava-me agradável meu jogo,I porambyrambyk xe rekó ixébo - São-me agradáveis meus afazeres I porambyrambykĩ xe nhemosaraîa ixébo
santa maria está supondo a aproximação de seu parto,Santa Maria o membyrá-kakara omo'ã-mo'ang
"agiste como não devias, certamente",Marandé ipó ereîkó
furna em penedos ou rochas,itá-kûarusu
pode a gente trocar seu próprio nome?,E'ikatupe asé ogûera rekobîarõmo?
o que não quer ir para onde está o que ele detesta para não o ver,O emiamotare'yma rekoápe osó-potare'ymba'e sepîaka suí
entrando em tua casa,nde rokype oîkébo
"tornaste-te pajé, fazendo sucções?",Erenhemopaîépe eposubana?
eles bem sabem que não mudarão?,Oîkuá-katupe i îekûaboke'ymagûama?
moro com pedro,Kó taba pupé aîkó - Moro nesta aldeia Aîkó iké xe roka pupé - Moro aqui em minha casa Aîkó Pero irũnamo
deveria mandá-lo,Aîmondó-monẽmo
tu tiveste excitação com teu amante?,-Nde regûyrõpe nde agûasá resé?
voltou a vir aonde tinha deixado seus discípulos?,Oú-îebype erimba'e o boîá reîasagûerype?
cheguei,Agûasem
passarinho,gûyrá-mirĩ
morrendo nós,Oromanõmo
embelezando-te totalmente,Opabĩ nde momoranga
urdiste mentiras contra alguém?,Eresekyîpe îuraragûaîa abá supé?
amando tua grande beleza,Nde porãngatu raûsupa
desejando ardentemente ver tua face,Nde robá repîaka'upa
tremeram após te matarem,Oryryî nde îuká ré
porca fêmea,taîasu-kunhã
"ah, que velhaco!",Angaîpaba maniîabo mã!
"o mais cedo possível, em um momento",korite'ĩ-aíb-eté
enfeitei-me,Anhemongatyrõ
querendo revirar minha casa,Xe roka pobu-potá
apodreci,Atuîuk
desembarcando seu senhor na própria cachoeira,O îara opeá ytupe é
"arrepender-nos-emos, de coração, dos maus procedimentos",Îaîmoasy marãtekoagûera îandé py'a suíne
"são muito molestos, certamente, quando a lua está escura, os tropeços de nossa caminhada","Iîabaíb-eté nhẽ rakó îasy putuneme, asé atá mysakanga"
eu estou descoroçoado,Xe akangûyr
sempre atam as mãos dos diabos quando querem em vós suas presas,Memẽ anhanga popûari pe ri sembiá-potasápe
"por sua vontade é que ele se entregou aos seus adversários, não resistindo?",O emimotarybo épe erimba'e i nheme'engi og upîarama pé onherane'yma?
"nessa igreja maria cresceu e, após a maturidade dela, deus entregou-a a são josé","Kó tupãoka pupé Maria kakuabi, i aûîé ré é Tupã i me'engi São José pé"
"vem, coisa fedorenta, coisa nojenta!","Eîori, mba'enem, mba'e-poxy!"
"antigamente, após a criação do mundo",raka'e 'ara nhemonhang'iré
"ah, oxalá ele viesse!",Marãîasûaramo turi mã!
fiz-lhe uma gaiola,Asuru-monhang
por acaso ele teve seu intestino caído totalmente pelo lugar em que se rasgou sua cintura?,Opakatu serã sygeapûá-kuîamo i ku'a sorokaba rupi?
minha morte não há de ser ainda,Nd'e'i ipó xe re'õnama ranhẽ re'a
uma coisa amarga misturaram com vinagre,Mba'e-py'aûpîara kaûĩaîasy resé i monani
amarrei-lhe as pernas,Aîkupy-pûar
eu estou rugoso,Xe axixã
penteio-me,Aîeabyky
baliza do caminho,pé kugûapaba
ide depressa!,Pekûá esapy'a!
foram s pedro e são joão,"Osó S Pedro, São João abé"
ficando a tomar poções para não se gerar uma criança,Pitanga nhemonhanga suí oîeposanõ-sanonga
"cabeleira, peruca",agûera
"fizeste o pajé ser feiticeiro, acreditando nele?","Ereîmoupixûarype paîé, serobîá?"
sua remissão foi minha determinação,Sepyrama xe pûaîtaba
faço-o muito apressadamente,Aîapó-anhẽ-anhẽ
"sarauaia, vem para beber cauim","Saraûaî, îori ekagûabo"
estou menstruada,Aîkoaíb
o que toca a quando eu fui,xe soremendûara
matamos,Îaîuká
"quanto mais um caminhante por um caminho que não conhece se aflige, mais deseja logo ver o dia","Memeté rakó pé o eminguabe'yma rupi oguataba'e o angekotebẽnamo, korikorinhẽa'ub 'ara repîaki"
é certo que foi?,Osó ruãpe é?
cheguei,Aîepotar
eu sou um homem vadio,Abá-ekotenhẽ ixé
para o alto do chamado monte das oliveiras levou sua mãe e seus discípulos,Ybytyra Olivete seryba'e apyterybo o sy o boîá rerasóû
honrar a deus,Tupã moabaeté
a morte estava dentro deles como sua pena,Sepyramo é anhẽ te'õ rekóû i pupé
fartei-me de comê-lo,Aî'useîmogûab
das cuias quebrando as pontas,Kuîa nhẽ i tĩ-ngá-tĩ-ngábo
ir para a guerra,marãmonhangápe só
eis que agora eu pereço,Akanhem kó ixé re'a
"aimbirê, levemos os malditos logo","Aîmbiré, îarasó muru taûîé"
"seu sangue era muito, escorrendo no chão",Sugûy turusu ybype osyryka
lacei-o pelo pescoço,Aîaîurar
"e ao partir muitas vezes o padre a hóstia em pedaços, em cada pedaço dela nosso senhor jesus cristo está?",A'epe abaré hóstia pese'õ-etá-etáreme i pese'õmbûera îabi'õ Îandé Îara Îesu Cristo rekóû?
"portanto, essa é a primeira finalidade de se aspergir a gente com água benta",Irõ aîpó 'y-karaíba pupé asé îeepyîtabypy
"a noite em que estava ele como presa dos judeus, os cristãos não estavam felizes","Putuna îudeus i pysykagûeramo sekóreme, cristãos rorybe'ymamo"
pôr o bispo em nossa testa o óleo sagrado,Asé sybápe abaregûasu nhandy-karaíba nonga
todos os lugares preenche,Opakatu mamõ mopori
"em que direção eram, pois, meus atos passados?",Marangoty-pakó xe rekopûera é?
as almas dos homens morrem ao transgredirem a palavra de deus,Abá 'anga re'õû nhẽ Tupana nhe'enga abŷápe
deus-pai,Tupã Tuba
"embora me evoques os atos, daqueles arrependi-me, bem resgatando-os também","Xe rekoekyî îepé, a'epûera aîmoasy, i mboepykatûabo bé"
como disse a seu pai antes de morrer?,Marã e'ipe og uba supé o îekyî'îanondé?
como teus filhos estando nós,Nde membyramo orokupa
"são muito molestos, certamente, os tropeços de nossa caminhada, o fatigar-se","Iî abaibeté nhẽ rakó asé atá mysakanga, asé mopytubara"
"assim que pôs sua alma em seu corpo, deus a preservou","I 'anga seté pupé i mondepa bé, Tupã i pe'aû"
é enjoativa minha comida,I ting xe remi'u
o cauim que é preparado para meu recebimento,kaûĩ xe renotara
ficaram todos gritando por causa disso,Oposẽ-posẽ pabenhẽ sesé
que deteste muito o diabo,T'aroŷrõngatu anhanga
os que põem armadilhas bem nos caminhos das fontes,nhãîmbiara pupé-katu oîekotyrungyba'e
que farão no céu?,Marãpe sekóû ybakypene?
cabeceiras de rio,y-apyra
"de fato, quiseste matar mesmo o bondoso são lourenço","Supi é, ereîuká-potar é São Lourenço-angaturama"
o oposto da avareza é a liberalidade,Tekate'yma robaîara tekate'yme'yma
apartá-lo-íamos dele precisamente depois disso?,Îaîpe'a nhẽmope i xuí a'e roîré katu?
deus fez vir um anjo no sonho de são josé para o avisar,Tupã karaibebé mbouri São José mosaûsuba pupé i momorandupa
"afastou-se daqueles seus três discípulos, então?",Oîeîyîpe a'e o boîá mosapyr suí a'ereme?
"como um cão, atacou-me",Îagûara rame'ĩ xe repenhani
corpo morto de peixe,pirá re'õmbûera
eu estou com a base com firmeza,Xe ypy ten
"tocaste nas tuas pudendas, abrindo-lhes a pele?",Erepokokype nde rapopé resé i pipekábo?
dizem que fui?,Asó serãne ra'e?
com meu cônjuge verdadeiro somente hei de ter relações sexuais,Xe mendasabeté resé nhõ t'aîkóne
poeira da terra,yby tubyra
então foi?,Osó-tepe ra'e é?
"armadilha de ratos, ratoeira",gûabiru rupîara
toquei-o,Anhatõî
guardei todos os jejuns,Aîá pá îekuakuba
"é muito feliz, certamente, o homem, após alcançar alguma verdade",Sorybeté rakó abá mba'eeté amõ resé o îekosub'iré
coleira de ferro para prender pessoas,itá-îurutá
eu tenho palavras ásperas,Xe nhe'engasy
o que tem jeito para ele sou eu,Iî arõana ixé
os maus padecem açoites,Angaîpaba oîporará îonupã
"que se frustre esse meu futuro sofrimento, que eu o faça passar","T'i rambûer iã xe remimborarama, t'amongûabyne"
deveria eu por bem ensiná-lo,Aîmbo'e be'ĩmo mã
a segunda vez dele,i mokõîa
o limiar da porta,okena robapy
"no caso de morrer algum, o que fica não pode casar-se com algum irmão ou irmã de seu cônjuge falecido","Amõ re'õneme, opytaba'e nd'e'ikatuî omendá o mendasabambyra asykûera amõ resé"
"arrependeu-se, depois disso, de ter comido aquele fruto?",Oîmoasype a'e riré a'e 'ybá 'uagûera?
"que disse deus, vendo seu frouxo pudor?",Marã e'ipe Tupã i tĩîeraba repîaka?
enfileirei-o,Asysyrung
para outra coisa que não o pássaro a flecha foi,Gûyrá taté u'uba sóû
leva-o completamente,Ererasó nhetekatunhẽpeũî
isso mesmo,ebokûeîba'e a'e
eu sou melhor que tu,Xe katu-eté nde suí
"ave maria, a que está cheia de graça","Ave Maria, graça resé tynysemba'e"
vou mesmo castigar-te,A'e tenhẽ nde nupãmone
"aqueles serão os futuros habitantes do fundo do nosso fogo, os que serão queimados","Aîpó îandé ratá gûyra porama, sapypyrama"
do céu vieste,Ybaka suí ereîur
viram seus discípulos a vinda dele?,Osepîakype i boîá tura?
"lugar em que dormem os japuguaçus, também antigo nome da ilha de santana, da cota leste do brasil",îapugûasu-kesaba
eram muitos mesmo todos os que diziam isso,Setá tenhẽ erimba'e opab aîpó 'îarûera
fiz fogo,Aîatapy
"eia, amai a jesus, a verdade!","Îesu, mba'eeté, pe'ĩ, pesaûsu!"
veio de novo ao lugar em que estavam deitados seus discípulos?,Our benhẽpe o boîá rupápe?
"são muito molestos, certamente, os tropeços de nossa caminhada",Iîabaíbeté nhẽ rakó asé atá mysakanga
"forçaste alguma mulher, sendo tu ladino com ela?","Ereîukaípe kunhã amõ, sesé nde ara'apy'iramo?"
afasta o diabo deste dia em diante,Eîpe'a Îurupari kó 'ara suí
esbofeteei suas nádegas,Sebira aîpetek
afasta-te!,Eîepe'a!
fiei o algodão,Aamyniîu-poban
eu sou muito barulhento,Xe pugûasu
"eu, tão somente",Ixé anhotenhẽ
toma mais outro,Eîar-y bé amõ
eu sou garrido,Xe araakasyk
vou-me esconder!,Asópe ûinhemima ká!
"eis aí teu filho, ó mulher!","Ebokûé nde membyra, kunhã gûé!"
mudo-me,Asem
caprichei nele,Aîmomatueté
"ficaste impotente diante de tua esposa, detestando-a?","Erenhemote'õ'ape nde remirekó supé, i amotare'yma nhẽ?"
estou atrás dele,Sakypûeri aîkó
"é no final da missa que entras sempre, manifestamente consciente?","Missa mondykápe épe ereîké îepi, nde îesûere'yîpe"
a palavra de deus,Tupana nhe'enga
"na verdade, ver-me-eis futuramente estar sentado ao lado direito de deus-pai",Anheté pesepîak irã Tupã Tuba 'ekatuaba koty xe gûapyka xe renane
a canoa já está pronta,I aûîé umûã ygara
"ah, eu estou muito quente aqui!",Xe rakubeté kó mã!
passou a aflição,I pûer tekoaíba
põe a espada na bainha dela,Eîmondeb itangapema surupe
fiz-lhe cócegas,Aîpokirik
meu escravo,xe remiaûsuba
"se me mandasse, iria","Xe mondórememo, asómo"
"contaste a maledicência de alguém, sendo mexeriqueiro?",Ereîmombe'upe abá marã'eagûera nde mba'epûeramo?
eu estou com a boca entreaberta,Xe îuru-bok
"muito a propósito comportei-me como filho de deus, fazendo-me batizar","A'eboé Tupã ra'yramo anhemoingó re'a, gûinhemoîasukuká"
"a dança é que é boa, enfeitar-se, pintar-se de preto","Moraseîa é i katu, îegûaka, îemoúna"
"semelhantemente a isso fizeram com seus pés, pregando-os também com cravos?",A'e rame'ĩpe ybŷá i py rerekóû itapygûá pupé i moîáno?
aliaste-te com tua comborça?,Ereîekotyápe nde nhemõîa resé?
"vem, nomeia os que tu derrotas por aí","Îori, esenõî angá kûeîbo nde remimoaûîé"
são muito molestos os tropeços de nossa caminhada,Iî abaíbeté asé atá mysakanga
obra-prima sou eu,Ixé-tene îaeté
o próprio deus distinguiu o padre como seu substituto,Tupã é abaré oîmoîa'ok gûekobîaramo
sob a areia branca,Ybyku'i-tinga gûyri
"mulher bondosa, uma virgem",Kunhã-angaturama ababykagûere'yma
a cada dez dar um como quinhão de deus,Opá kó mbó îabi'õ moîepé me'enga Tupã potabamo
não se afligem os outros?,N'oîkotebẽî amõba'e
fiz enfiada de peixes,Aîmoapytam pirá
"o homem que tenta, sem êxito, ter relações sexuais com uma mulher, não pode casar",Apŷaba kunhã resé o ekó osa'angîepéba'e nd'e'ikatuî omendá
"sê tu guardião de mim, sob tuas mãos colocando-me","Nde morerekoar xe ri, nde pó gûyrype xe nonga"
homem membrudo,abá-tubixaba
"hei de ir para o rio dos paratis, ao bando dos tupiniquins","T'asóne parati'ype, tupinakyîa re'yîpe"
ficando a chacotear as pessoas,oporokurá-kurapa
"coloquei uma ponte, fiz uma ponte",Anharybobõ-rung
finalmente ele a levou,Té ahẽ serasóbo ko'yté
"curou-o, somente tocando sua orelha, imediatamente fazendo-a sarar, colando-a","Oîposanong i nambi atõîa nhote, aûnhenhẽ i monga'ẽmo, i moîepotá"
"o cauim está pela metade da vasilha, somente",Kamusi ku'a rupi nhote kaûĩ reni
"na missa toma o pão em suas mãos, benzendo-o, sobre ele pronunciando as palavras de nosso senhor jesus cristo","Missa pupé miapé rari o pópe, sobasapa, i 'arybo Îandé Îara Îesu Cristo nhe'engûera ra'anga"
para a coutada do rei ele foi para cortar madeira,Morubixaba ybyragûype ahẽ sóû ybyrá-'apa
raramente,amõneme nhõ
muitas coisas miúdas,ta'yrĩ-rĩ
"assassinaste gente após acabar a guerra, matando prisioneiros?","Ereporapitipe marana pab'iré, mbiarûera nhẽ îukábo?"
"muito bem, então! que venha","Aûîebeté, rõ! T'oú"
deixo-o levar,Arasó-ukar
"ergueu-se com as feridas de suas mãos, de seus pés e de seu flanco?","O pó, o py, o yké kutukagûera bépe erimba'e ogûeropu'am?"
untei as penas de pássaro,Aîmongy gûyrá-aba
igualmente fazem o mal,Oîoîá marã sekóû
"eia, que eu vá!",Ene'ĩ t'asóne!
faço trejeitos com a boca,Xe îuru-memûã
"eis que sobre o capim ele está deitado, no lugar de comer da vaca","Kapi'ĩ sosé kó tuî, tapi'irusu karuápe"
medroso,sykyîebora
que deteste a vida má,T'aroŷrõ tekomemûã
escondendo ser sua parente verdadeira a que ele perverteu,O emimomoxypûera o mũetéramo sekó kuakupa
o patrimônio dado a mim por meu pai,xe ruba xe mba'eme'engaba
lua minguante,îasy-angaîbara
tendo saudades de tua face,Nde robá repîaka'upa
reconciliei-os um com o outro,Anhonongatu o îoupé
desvirginaste alguma menina?,Eresugûykápe kunhataĩ amõ?
eu sou exaltado,Xe kagûaíb
gastei-o totalmente,Aîmongûy-pab
os que confessou com os que escondeu voltará a confessar,O emimombe'upûera o emikuakugûera irũmo bé i mombe'uîebyrine
lado a lado seus cadáveres ao longo do mar estavam,Oîoybyri se'õmbûera paranã ybyri i kûáî
eis que vou,Asó ikó
defeco,Apoti
vim para informar-te sobre minhas chacinas,Aîu nde momorandupa xe porapiti resé
veio também sua panela para que os cozinhe adiante de mim,"Oú bé senha'ẽpepó, t'omoîy xe renondé"
"vai, por acaso?",Osó nipó?
farei todos pecarem de novo,Aîmoangaîpá pá benhẽne
"e pois, como há de ser?",marã-tepene?
bem nesse momento perdoou a pilatos,A'eîbé Pilatos supé oîerekûabamo
"hoje, assim, nossa estada de modo nenhum nos impedem","Kori, nã, îandé rekó îandé moarûapa angá"
manda pregá-lo na cruz,Eîmoîar-ukar ybyraîoasaba resé
estou bem aûîé aîkó - estou bem,Aûîé aîub
"eu estou no cio, eu estou saída",Xe kûaruru
"eia, advogada nossa!","Ene'ĩ, oré îeruresar!"
"para onde pilatos retirou-o, então?",Mamõpe Pilatos senosemi a'ereme?
a mirra de polpa era o anúncio de sua futura morte pela gente,To'o suí mirra moroesé se'õagûama mombegûaba
abrimos caminho,Oroîepeká
a santa maria o pecado não chegou,Santa Maria resé tekopoxy nd'obasemi
queimar-vos-ão as chamas!,Pe rapy tatá-endyne!
eis que o tempo está para chuva,Amãpytuna ã
"estão queimando, conservando suas vidas",Okaî oúpa o ekobé rerekóbo
tinjo-o com jenipapo,Aîmongy îanypaba resé
induziste alguém a coisas más em seus futuros atos?,Ereîmoîesuerype abá mba'eaíba ri sekorama resé?
"ontem, aos brancos deram combate","Kûesé, karaíba ri i pokoki"
esfreguei a pele dele,Aîpi-momemûã
"com ele, hoje, vamos atacar os temiminós, cercando imediatamente sua terra","I ndi, kori, t'îasó temiminõ repenhana, aûnhenhẽ setama amana"
"dizendo algo, digo asneiras",A'é tenhẽ marã gûi'îabo
"serão bons, doravante","I angaturam, ko'yré"
eu sou muito gordo,Xe kyragûasu
já ia,Osó ymûã
vendi coisas,Amba'e-ma'e'ĩ
"somente estas, na verdade, retirei dos malditos","Kó nhõ anosẽ, îepé, moxy suí"
o que foi encarcerado na prisão,mundeokype i mondebypyrûera
pu-los em enfiada,Asysybõ
tragamo-lo!,Îaru!
"alegrai-vos, meus filhos, por minha causa","Pe rory, xe ra'yretá, xe ri"
santa maria está pensando na aproximação de seu parto,Santa Maria o membyrá-kakara omo'ã-mo'ang
eis que eu faço as pessoas estarem sempre na bebedeira,Ixé kó ka'u resé aporomoingó îepi
este outro,koba'e-te
"ah! na verdade hei de me enfeitar, pintando-me de preto",Erĩ! Aûîeté-pakó aîegûak ûinhemoúna
estes habitantes da aldeia sob minhas mãos estavam,Kó tabygûara xe pó gûyrybo sekóû
o desejo sensual que ele não torna costumeiro,moropotara semipokuabe'yma
amando muito sua santificação,O karaibagûama raûsukatûabo
como a gente procede para o cumprimento da vontade de deus?,Marãpe asé rekóû Tupã remimotara moporagûama resé
"sendo ignorantes, sem mais, assim me tratam",O tekokuabe'ymamo nhẽ emonã xe rerekóû
"do lado da superfície de, do lado de fora de",i apé koty
"vivo na mancebia, vivo amancebado",Agûasá pupé aîkó
que não te moleste o diabo,Ta nde moangekoaíb umẽ Anhanga
eu tenho a carne palpitante,Xe ro'o-tytyk
o que se preocupa com deus,Tupã resé o nheangerekosara
"após nossa perdição, deus fez uma mulher bondosa","Îandé kanhem'iré, Tupã amõ kunhãngatu monhangi"
"o ouro era o meio de anunciar que ele era um príncipe, um rei","Itaîuba morubixaba, Reiamo sekó mombegûaba"
"que sejamos corajosos, sim","T'oré pyatã, angá"
não! estou bêbado,Aanumẽne! Asabeypó
trata-la-á como uma escrava?,Miaûsuba îabépe serekóûne?
eis que vou,Asó iã
eu arquejo,Xe ukûakûar
parece flutuar,Obebuî-berame'ĩ
para que deus criou a esposa dele? -para sua futura ajudante,-Mba'erama resépe Tupã semirekorama monhangi? -I pytybõsarama resé
marca antiga de facada,itá-kysé-porûera
"esse santo, pela primeira vez, fez verter seu sangue",Kó santo ranhẽ ypy og ugûy mo'ẽ-ukar
eis que são vistos os cadáveres daqueles manterem sua incorruptibilidade,Sepîakypyra niã aîpoba'e re'õmbûera o marane'yma rerekó
"expulsou-o do paraíso terreal, sua morada",Oîmosem Paraíso Terreal sekoaba suí
"porventura é terra, na verdade, a nossa carne?",Yby anhẽ nipó asé ro'o?
"meu anzol muito ditoso há de pescar para ti, puxando bem os canapus e as arabaianas verdadeiras","Xe pindá-porangeté t'opindaîtykyne endébo, kunapu rekyîetébo, gûaraobanhaneté"
como retribuição por seu procedimento,sekoagûera repyramo
com pranto estai como modo de louvar o que entra junto a vós,Îase'o rakó perekó peẽmo teîkeara moetesabamo
qual outro é guerreiro senão ele?,Maratekoara aé-amẽ ahẽ?
a gente se inclina para os santos que estão no céu também?,Oîerokype asé santos ybakypendûara supé bé?
ide pelas aldeias,Pekûá taba rupi
"tua casa santa edificamos, amando-te, tua imagem fazendo estar conosco","Nde rokangaturamûama oroîmoĩ, nde raûsupa, nde ra'angaba rerokupa"
"sendo isso assim como é, vós também não reconheceis que vos enterrarão?",Aîpó e'ymetépe peẽ bé ybŷa pe tymagûama na peîkuabi?
quem cumpre aquele ?,Abápe aîpoba'e oîmopor?
que vá,T'e'i osóbo
ainda agorinha,ramo'ĩ
levei todos,Opab arasó
linha de pescar delgada,pindasã-po'i
"sua mãe, cobrindo-o bem, defende-o do frio","I xy i aso'ikatûabo, oîopîá ro'y suí"
"eu não queria vir, irando os homens brancos","Xe n'aîu-potari biã, karaíba moabaîtébo"
eu tenho a mão parcialmente descoberta,Xe robá-seb - Eu tenho o rosto parcialmente descoberto Xe pó-seb
nomeia tudo,Esenõî mbá
"não tendes ouvidos, como de costume","Na pe apysáî, îandu"
os que têm a beatitude são os que apaziguam as pessoas,Tekokatueté rerekoara oporomonhyrõba'e
porventura tinha o maldito sua cintura rompida?,I ku'a-sorok serã moxy?
eis que ides ides,Pesó ûĩ
vou ao caminho das pessoas,Asó morapépe
"conhece bem as guerras, ficando a esperar escondido as pessoas","Oîkuá-katu marana, morapearõ-arõmo"
"aimbirê, levemos os malditos logo, para alegrar os que ficaram em nossas casas","Aîmbiré, îarasó muru taûîé, îandé roŷpyra moesãîa"
detesto minha lei antiga,Aroŷrõ xe rekopûera
o que foi morto,miîukapûera
ele passou defronte de nhoesembé,Sobábo akûab - Diante deles passei Nhoesembé robábo i kûáî
novamente o soube,Aîkugûab amõ
"o que deus faz, o feito de deus",Tupana remimonhanga
pensaste nalguma mulher?,Nde py'anhemongetápe kunhã amõ resé?
uma roupa vermelha colocando nele,Amõ aó-pyranga mondepa sesé
meu senhor jesus sofre pela gente,Xe îara Îesu sosang poresé
acaso todo o seu intestino caiu pela fissura de sua cintura?,Opakatu serã sygeapûá-kuîamo i ku'a sorokaba rupi?
com seu filho não se importando,O a'yra resé oputupabe'ymamo
o que me guarda é o habitante do céu,Xe rarõana ybakygûara
está molestando as pessoas,Oporomoaîu oîkóbo
para nosso encorajamento,asé mopyatãgûama resé
"amando os homens, nós nos preocupamos com eles",Apŷaba raûsupa nhẽ oré putupá sesé
desfaleço de fome,Amanõaíb ambyasy suí
eu estou caindo de sono,Xe kerá-kerar
eu não tenho sapatos,Na xe pyapasabi
"a noite toda, após sua grande bebedeira, vou falar aos ouvidos dos índios","Pysaré, i ka'ugûasu riré, asó abá rerobobõmo"
eis que a virtude somente há de ser o modo de se libertar da morte,Tekokatu anhõ ã te'õ suí îepysyrõsabeté re'a
"vem para arrancar logo, de dentro dela, o tinhoso","Îori sekyîa taûîé, i py suí, serubu"
muito bem!,Aûîé ipó!
os que devem ser honrados,i moetepyra
por que a gente põe a cruz na testa?,Marãnamope asé o sybápe îoasaba moíni?
vim para ficar de vez,Gûitu aîur
como será que um habitante do inferno viveria neste mundo?,Marãeté'ĩ ra'umope amõ Anhanga ratá pora rekóû ikó 'ara pupé?
o que acredita na dança do chocalho,Maraká poraseîa rerobîasara
o que nos faz estar segundo a vontade de deus,Tupã remimotara rupi asé moingosara
"e o que, torpemente, tem relações sexuais com sua parenta verdadeira?",A'epe o mũeté resé oîkopoxyba'e?
lembrando-se de que deus os honra muito no céu,Ybakype Tupã i moeté-katu resé o ma'enduaramo
maldade,angaipaba
"vossos avós todos com pranto estavam, recolhendo-se","Pe ramỹîa pabẽ rakó îase'o rerekóû, îemoingeabo"
tu costumas levantar-te no lugar em que estás diante de teu pai?,Nde pu'amixûé nde îekûápe nde ruba pé?
"existe a confissão, remédio portador de cura","Oîkobé îemombe'u, mosanga mûeîrabyîara"
"caem às vezes os frutos de suas árvores, sendo ainda flores, outras vezes em seu estado verde, outras vezes após amadurecerem caem","Okuî rakó amũme 'ybarambûera o 'yba suí 'ybotyramo oîkóbo bé, amõ rakó ogûakyra pupé i kuî, amõ rakó ogûaîub'iré i kuî"
eu brilho,Xe rendy
chamo os homens,Asenõî apŷabetá
eu sou manchado,Xe rabarab
e judas não se afligiu junto aos judeus pela traição a seu senhor?,A'epe Îudas n'oîkotebẽî Îudeus supé o îara me'engagûera resé?
dentro de um túmulo de pedra o puseram,Itá karamemûã pupé i nongi
"ah, nossos avós muito quiseram verdadeiros substitutos seus para nós",Té! Oîpotareté îandé ramuîa o ekobîareté îandébe
nem por isso eu vou para longe,Ndaroîaî mamõ xe sóû
mas esconde-me dele!,Xe mĩ-te îepé i xuí!
também por embriaguez ficando a ferirem-se uns aos outros,Sabeypora suí bé oîoapixá-pixapa
jazo acordado,Aîubé
piquei-o,Aîopi
este santo faz aquele que a ele roga alcançar suas coisas sumidas ou seu escravo fugido,Kó santo o mongetasara oîmoîekosub i mba'e i kanhẽmbyra koîpó semiaûsuîababa supé
fico a espojar-me,Anhemonduby-ndubyr
do nada fez nossa alma,Nama'eruã oîmonhang asé 'angamo
eu faço bochecha,Xe ratypygûasu
pratica o que tu aprendeste,Eîporu nde nhembo'eagûera
trago-o no meu colo,Xe ambyî arekó
lamento tua ida,Aîmoasy nde só
eu sou mal-encarado,Xe resakûarasy
devem ser substituídos a esposa ou o marido verdadeiros que estão em vossas residências?,Sekobîarõmbyrape temirekoeté koîpó meneté pe retãmendûara?
que coisas quer o diabo?,Mba'e-mba'epe Anhanga oîpotar?
assim havemos de nos acariciar?,Nã takó îomomoranga re'a?
eu chorei até ficar com olhos avermelhados,Xe resaapytãpytang
"aprende acerca da palavra de deus em que crerá, que cumprirá também",Onhembo'e Tupã nhe'enga o emierobîarama resé o emiporama resé bé
resisti-lhe,Anheran i xupé
ele não é fundo,Na typyî
"que venha, por teus pedidos, deus para nos fazer felizes","T'oú, nde îeruresápe, Tupã oré moorypa"
"será que nosso senhor estava muito angustiado, longamente rezando a ele?",I angekoaí-katu serã Îandé Îara i mongetapukûabo?
eis que o adversário costumeiro da alma do homem é ele,Eboûĩ abá 'anga rupîatyba a'e
campo limpo,nhũasyma
"cobrindo-o sua própria mãe, na verdade, com seu véu",I xy aé ipó opîá o akangaobĩ pupé
"eis que era costume, então, batizar",Ã tekó a'ereme moreroka
se não fosse a vinda do fulano,Ahẽ ruraba a'eîponomã
todos os seus discípulos para tuas mãos fazendo-os passar,Opá o boîá nde pópe i mongûapa
"e o que tem excitação por sua amante, que acontece?","A'epe o agûasá resé segûyrõba'e, marã?"
firmei-o comigo,Aroten
não desiste nosso inimigo de sempre nos tentar,N'i apori oré sumarã îepi nhẽ oré ra'anga
"hei de me confessar ainda hoje, antes de me surpreender a morte","T'anhemombe'une kori bé, te'õ xe resapy'a e'ymebé"
é muitíssimo terrível cair o homem nas mãos de deus,I abaeté-tekatueté Tupã pópe abá 'ara
a bondade de sua vida em mim se fortaleça,Sekopûera angaturama xe resé t'oîeratã
estou na medida,Taé a'e
"por isso mesmo os moços entram sempre no lugar de beber cauim, ali atacando as moças","Nd'e'i te'e kunumĩgûasu oîkébo memẽ kagûápe, a'epe kunhãmuku repenhana"
trava-me a língua esta fruta,Xe apekũ-mombyk ikó 'ybá
eu estou amargo,Xe 'ak
"o que tem fome, o faminto",i ambyasyba'e
estou sendo muito miserável,Xe poreaûsukatu gûitekóbo
"sobre grelhas de moquear, de ferro, assaram-no",Moka'ẽ itá îurá 'arybo sesyri
guardando-nos,Îandé rarõmo
ensoberbeci-me acerca de mim mesmo,Aîerobîá xe îoesé
ele é muito bom,I katu-pyryb
mas não foi nosso pai que fez nosso corpo?,N'asé ruba ruã-tepe asé reté oîmonhang?
ela é fininha e comprida,Ta'yrĩ'i-muku
é-lhe natural a valentia,Sekoaba é kyre'ymbaba
"ao fustigar o sol a terra, eu vim","Ara yby sokeme, xe ruri"
colocando-o dentro de um túmulo de pedra em que ninguém estava enterrado,Itá karamemûã abá tymagûere'yma pupé i mondepa
por meio da oração,tupãmongetá pupé
"pedra de amolar que gira, pedra de barbeiro",itakynhatimana
interessando-se também por sua felicidade,Sekobekaturama resé bé onhemboryryîa
irei hoje ao mar,Asó kori paranãmene
entregando-me à morte tu me beijas o rosto,Te'õ supé xe me'enga xe robá-pyter îepé
pusemo-nos em fila,Oroîeysyrung
que não esteja o maldito perto de mim,T'oîkó umẽ moxy xe ypybo
"por isso mesmo o homem que quer a virtude se esvazia de corpo, fazendo-o jejuar","Nd'e'i te'e abá tekokatu potasara og o'opore'yma, i moîekuakupa"
ficaste dono daquilo que alguém esqueceu?,Ereîpysyrõpe abá resaraîagûera?
"sua vida bondosa tendo, nossa alma regozija-se","Sekó-katu rerekóbo, îandé 'anga îekosubi"
indo eu voando,gûymaenhẽ gûixóbo
arei-a,Aîybyyby'ab
eu tenho diarréia com sangue,Xe rebykasy-pyrang
continuei,Aîepotabẽ
"após fazer a são joão batista, seu primo, batizá-lo",São João Batista o i'yra pé onhemoîasuk-ukar'iré
"cabeça baixa, desânimo",akã-gûyra
como este,kó îá
eis que vou,Ebokûé asó
"o que lavra as madeiras, o carpinteiro",ybyrá pandara
não sei,N'a'ekatuî
faço-o ficar com firmeza,Ten amo'e
acovardo-me,Amembek
quase que fui,Asó só
"a mãe de deus, senhora desta aldeia, não queirais apresá-la","Tupã sy, kó tabyîara, na pemoembiá-potari"
tendo dor de suas queimaduras,O kaîa moasŷabo
"os corpos dos que são bons serão sutis, brilhando mais que o sol",I angaturamba'e reté i pokãngatu kûarasy sosé oberapa
hei de cumprir tuas palavras,T'aîmopóne nde nhe'enga
a respeito dele lembrando-se,Sesé oma'enduaramo
graças a deus meu pai veio!,Our-eté'ĩ xe ruba mã!
não poderás doravante juntar-te a tua esposa,Nd'erekatuî xûé angiré nde remirekó rerobyka-ne
e vosso rei não tem riquezas?,A'epe n'oerekóî pe rubixaba ma'e?
extremidades de minhas mãos,xe pó apyra
para um príncipe que tinha nome anás,Morubixaba Anás seryba'e supé
em vão crêem em ti,E'i tenhẽ nde rerobîá
apropriaste-te de alguma coisa?,Nde mondápe mba'e amõ resé?
"a gente mesma acovarda-se, consentindo-o",Asé aé oîemoabangá i mborypa
hei de obedecer muito a ele doravante,Asapîá-katupe angiré ká
acenaste com a cabeça para alguma mulher?,Ereîe'aîtykype kunhã amõ supé?
"atiras nele, o dia todo, as palavras mentirosas",Nhe'ẽ-porangu ereîapi ko'arapukuî
hei de revirar seu ventre opilado!,T'aîpobu sygé-aponga!
dentro de tuas entranhas como criança estando,Nde ybỹîa pupé pitangamo oúpa
"tua alma está muito branca, como roupa lavada","Morotĩngatu nde 'anga, aoba i potukapyra rame'ĩ"
orando eu para deus,Tupã supé ûiîerurébo
estavam dormindo por causa da aflição,Oker okûapa tekotebẽ suí nhẽ
assim hoje procederei,Emonã kori aîkóne
mas que procurais nesta minha terra?,Mba'e-tepe peseká kó xe retama pupé?
"escaparão futuramente os animais de caça, os pássaros, os peixes, as matas?","Okûabépe irã so'o, gûyrá, pirá, ka'a?"
"levaram-no, com suas ataduras, para pilatos, o governador",Pilatos ybyrarerekoara supé i popûasaba resebé serasóû
faço-as umas atrás das outras,Aîmoîoakypûé-kypûer
fazendo-me erguer o rosto,Xe moobaybaka
vim do céu pelo interior de vossas ocas,Aîur ybaka suí pe rokybỹîa rupi
ao lado de sua própria mãe a criança está deitada,O sy posé pitanga ruî
"ao comer junto dos seus discípulos, o pão que apanhou em suas mãos devolveu-o","Ogûemimbo'e pyri o karuápe, miapé o pópe gûemiîara i moîebyû"
"fizemo-nos passar uns aos outros, passamos uns com os outros",Oroîoerokûab
"cantemos um pouquinho, primeiro",T'îanhe'engá-mirĩ ranhẽ
hei de ir contigo hoje,T'asó nde pyri kori
"muitos outeiros, serrania",ybyty-bytyra
não cozendo sequer sua comida,O emi'urama tiruã moîybe'yma
eu sou certeiro,Xe pûakatu
e no caso de não acabar sua dívida neste mundo?,A'epe ikó 'ara pupé sepy syke'ỹme?
também não pode aquele excomungado miserável ouvir a missa,Nd'e'ikatu béî aîpó i pe'apyra'uba missa renduba resé
hei de comer hoje seus braços,T'a'u kori i îybapûera
"ah, como desejo aquela mulher casada!",Aîpotá-te kûé kunhã-mendara mã!
enfeitando minha cabeça,xe akanga moîegûaka
chamusquei-o,Asereb
amarrei-o pelos pés,Aîpukusãmoín
quanto mais eu haveria de ir,Memetémo n'ixé ûixóbo
prega-o na cruz,Eîmoîar ybyraîoasaba resé
choravas sempre,Ereîase'o îepi
"seus antigos companheiros, então, em troca de cauim dei aos índios","Irũmbûera, akûeîmebé, kaûĩ repyrama ri aîme'eng abá supé"
em meio de campo repartindo-os,Nhũ-myterype i mbo'îabo
todos os bens de meus avós joguei fora,Opá xe ramyîa ma'epûera aîtyk
cortei-lhe a garganta,Aîaseó-mondok
são um monte os seus antigos vícios,I aty sekopoxypûera
não pode com ela casar-se enquanto a mantiver em esconderijo,Nd'e'ikatuî sesé omendá mimbápe serekó pukuî
que puseram sobre sua cabeça?,Mba'epe onong i akanga 'arybo?
"viram os anjos a deus, seu criador, quando ele começou a criá-los?",Osepîápe karaibebé Tupã o monhangara o monhang-ypyreme?
espremi mandioca,Amiamĩ
"junto a ela, primeiramente, os padres foram, anunciando a deus","I xupé, ranhẽ, abaré, Tupã mombegûabo, i xóû"
a todos os homens ama para o bem deles,...Opabĩ abá raûsubi i katurama resé
"aimbirê, vem diante de mim!","Aîmbiré, eîori xe robaké!"
dia de guarda e de jejum,"ara i pîasaba, îekuakupaba"
a não ser que deus não a fizesse estar consigo,Tupã serekó e'ymetemonaémo
lancei-o no chão,Aîmombor ybype
eu sou rechonchudo,Xe asang
é difícil para mim tentá-los,I abaí xébo sa'anga
com uma lança espetou seu flanco,Itamina pupé iî yké kutuki
não pode outra pessoa batizar em vez do padre?,Nd'e'ikatuîpe amoaé abá oporomongaraípa abaré suí?
vinde para receber as determinações a vós no lugar em que vos ajuntais,Peîori pe nheŷnhangápe pe rekorama rá
tirante a vermelho,pyrã-mbyryb
"além disso, atrai-os o cauim transbordante nas igaçabas",Ygasápe kaûĩ-tuîa a'e ré îamomotá
vamos hoje para trazer alguns assim desse jeito,Emonã nungara amõ t'îasó kori seru
mandando-os fazer afastar-se logo de suas maldades,I angaîpaba suí i moîepe'aesapy'a-uká
benzi-me a testa,Aîesybasab
por que bates em mim?,Marãpe xe ri erepûá?
ele tem olhos claros como seu pai,Og uba rupi ahẽ resatingamo
para nos honrar os índios fazem festa,Îandé moetébo apŷaba nhemosaraî
riacho,yekûabusu
pesco com rede,Aîeporakar
como o nosso perdão aos que nos tratam mal,Oré rerekomemûãsara supé oré nhyrõ îabé
nós somos poucos,Oré retapokang
"não encontrei nem um pouquinho, absolutamente, algum ato deste homem no mal",N'abasẽ-mirĩ-angáî marãbirĩ ikó abá rekopûera amõ supé
"consola-se muito o homem, de fato, com as coisas que estão contidas neste mundo",Onhemoapysy-katu rakó abá mba'e ikó 'ara pora resé
e como alguém procederá encontrando aquilo que esqueceu?,A'epe marã abá rekóû a'e o esaraîagûera supé ogûasemane?
os que se fizeram matar por causa de deus,Tupã resé oîeîuká-ukaba'epûera
botei-me os ovos,Aîupi'a-mombor
vem para amedrontá-lo,Eîori i mosykyîébo
veio atrás de mim,Xe pytaî turi
é terrível minha captura,I abaîté xe rembiasaba
ajo mal,Marani aîkó
"sobre os ombros de duas pessoas, de um e do outro ombro",o îoati'yba ri
eis que também minhas muitas presas hei de dar algumas a ti,Kó bé xe rembiaretá t'ame'ẽne amõ endébo
mencionaste o nome de alguém para o padre?,Ereîmombe'upe abá rera abaré supé?
"querem, sem mais, que as amem, ficando a enfeitar-se","O aûsuba oîpotarĩ, oîemomorã-moranga"
ponta de galho,sakãpyra
os reis inimigos de deus,Tupã sumarã reîa
arranquei o invólucro dele,Aînhubã-rok
cume de casa,okapyra
"eis que aqui estou, procurando-te",Kó xe rekóû nde reká
urinei,Akaruk
todas as nuvens que caem do céu cobrirão a terra,Yby opá ybytinga ybaka suí o'aryba'e i aso'iûne
"o que, dizendo em vão ""-eis que é assim, por deus"", não o cumpre","I pore'ymba'e ""-emonã kó Tupã resé"" o'îabo tenhẽ"
eu não levanto a cabeça,Na xe 'aîubyri
querendo que eles se afastem de deus,Tupã suí i îepe'a-potá
irrito-me habitualmente,Xe îemoŷrõndûer îá
amortalhei-os,Aîapyear
três de seus discípulos,Mosapyr o boîá
"aimbirê, levemos os malditos logo para alegrar os que ficaram em nossas casas","Aîmbiré, îarasó muru taûîé îandé roŷpyra moesãîa"
faz-me sair sempre da aldeia o padre,Xe mosẽ memẽ taba suí abaré
passamos uns atrás dos outros,Orokûaka'ar
couraça com lâminas,itaoba i apenhugûã-nhugûanyba'e
minha embarcação,Xe ruru
por causa da estrela sua guardiã,Îasytatá serekoarama resé
fazendo-te viver no meu coração,nde moingóbo xe py'ape
cresceram muito as águas,Our paranã - Subiu a água do mar Ourusu 'y
estareis aflitos hoje,Peporeaûsu korine
logo o vento se levantará,Koromõ ybytu pu'amine
aqui é minha casa,Iké xe roka
"enfim, os moços escondem seus muito maus procedimentos, calam-nos","Aûîé kunumĩgûasu o ekoaibeté oîomim, oîkuaku"
não beberás hoje o que eu mastigo,Nd'ere'uî xó kori xe remindu'une!
poucos moram nesta aldeia,Mokõînhõ kó taba pupé sekóû
"estava-se calando, não respondendo as palavras deles","Opyk o'ama, i nhe'engobaîxûare'yma"
suportando as coisas dolorosas por causa de deus,Mba'e-asy porarábo Tupana resé
esfregaste teu pênis excitado?,Ereîkytykype nde ragûyrõ?
fiz-me rapaz,Akakuab
olhando detidamente para alguma que foi casada,Mendarûera amõ resé enhemosapysóbo
o que seria morto,miîukarambûera
casa assobradada,okybaté
eu me calei,Xe nhe'endok
outra coisa,mba'e-aé
"vem, meu compadecedor, por tua bondade","Eîori xe poreaûsubara, nde angaturama ri"
minhas coisinhas,xe mba'e'ĩ
"ah, se tivesse percebido isso outrora!",Anhandu beémo erimba'e angûama mã!
aquele padre que te batiza dá uma vela na tua mão,A'e abaré nde mongaraipara iraîtytataendy me'engi nde pópe
estou à parte,Aindé
socorri-o,Asepenhan
falastes torpemente para vós mesmos?,Penhe'eng poxype pe îoupé?
"segundo o rito dos judeus, seu prepúcio cortaram",Îudeos ekomonhangábo i 'apira mondoki
mas me esconde tu dele!,Xe mĩ-te îepé i xuí!
com seus irmãos não pode ninguém se casar,O asykûera resé nd'e'ikatuî abá omendá
"uma moça, não tendo doze anos e um rapaz também, não chegando aos catorze anos, não podem casar-se com ninguém","Kunhãmbuku doze ro'y rerekoare'yma, kunumĩgûasu abé catorze ro'y resé i xyke'yma nd'e'ikatuî abá resé omendá"
sou feito,Aîemonhang
princípio da compaixão,moroaûsubara 'yba
"trouxe muitas destas ostras, com elas querendo alimentar-te","Aruretá kó reri, i pupé nde poî-potá"
"cara ruim, mau humor",tobasy
"estava longe tua lembrança das coisas, estando a conversar contigo mesmo?","Oîkó kûepe mba'e resé nde ma'enduara, enhemongetábo ekupa?"
enaltecendo vossos antigos pecados,pe rekopoxypûera momoranga
"águas tranquilas, bonança",y-katu
jazi atravessado na rede,Asasab pé gûitupa - Estava atravessado no caminho Aînĩ-asab
chamusquei o casco dela,Aîapé-ereb
meu estrado,Xe rendaba
eu fiz confusão,Xe apatynã
"eram muitos, para se revezarem uns aos outros nisso, ficando cansados","Setá, sesé oîopuru-purûabo o kane'õ-ne'õnamo"
"vim, atravessando o oceano",Paranãgûasu rasapa aîu
caçador de pacas,paka rupîara
tomai este meu sangue como vosso resgate,Peîar kó niã xe rugûy pe repyramo
poleiro de aves,gûyrá-kesaba
"escondo-me bem, estando deitado aqui",Aîemĩngatu kó gûitupa
levemente,bebuî-nhõte
para nos honrar os índios fazem festa,Îandé moetébo apŷaba nhemosaraî
tirei o luto,Aîeaibok
"assim também fizeram com seus pés, pregando-os com cravos?","A'e îá bépe gûá i py rerekóû, itapygûá pupé i moîáno?"
"embora ele fosse nosso pai primeiro, o que foi dito foi ""-não comas este fruto""","Aûîeté a'e îandé rubypy, ""-E'u umẽ ikó 'ybá"" 'îagûera"
todas as aldeias abrasou,Opabẽ taba mondyki
desprezando-vos completamente antes de fazer entrar vosso senhor,Peîeroŷrõmo aûîé-katu pe îara moingé îanondé
aqui estou para levar seu ventre e também seus pulmões para minha sogra velha,Kó aîkó sygepûera t'arasó i nhy'ãbebuîa abé xe raîxó-gûaîbĩ supé
fez-te subir por te honrar,Nde rupiri nde moetesápe
quem é a que fala a deus por nós?,Abápe asé resé Tupã mongetasara sekóû?
fico andando à toa,Agûatá-gûatá-tenhẽ
ele mesmo está em todas as igrejas?,A'e memẽpe tupãoka îakatu i kûáî?
cheirei-o,Asetun
que queres?,Ma'epe ereîpotar?
cerquei-o,Aîpemim
uma pessoa em vão enfia a mão num recipiente de água benta,Abá opo'ẽ tenhẽ 'y-karaíba ruru pupé
"conforme ela, curaste os doentes",Supibé eremombûeîrá mara'abora
eu resmungo,Xe nhe'ẽkurukuruk
não foi algum discípulo seu atrás dele?,Nd'osóîpe i boîá amõ sakypûeri?
eu me derreti,Xe ryku
vou novamente,Asó benhẽ
"consola-te muito, enfim, após tua saída da escuridão, da aflição de tua alma",Nde apysy-katu ko'yté pytunusu nde 'anga moingotebẽsagûera suí nde sem'iré
apartei-os,Aîmoîa'ok
o que é ruivo,i aîuba'e
o que perseguiu o cão de seu próximo,o apixara reîmbaba îagûara remimomosẽgûera
tua pureza seja igual em mim,Nde poropotare'yma t'oîakatu xe resé
"ah, um homem pecador há de ter mais coisas boas que eu!",Abá-angaîpabĩ takó mba'e-katu ogûerekó xe suí mã!
"dali, daquela parte",akûea suí
vou para beber água,Asó 'y gûabo
eu tenho pintas,Xe pinim
bem em frente do mar,paranã robaîkatu
"depois disso, os malvados estão, a altas horas, atravessando o interior das ocas","A'e ré, moxy rekóû pysaîé okybỹîa asá-asapa"
perdendo o entendimento por causa de bebedeira,Sabeypora suí 'ara mokanhema
var de peneira,urupẽ-mby'i
a gente o honra como a seu próprio pai?,Og uba îakatutenhẽpe asé i moetéû?
