source_text,target_text,,
Aparei as pontas deles,Aîapyr-etab,,
Doravante assim procedo,Ko'yré emonã aîkó,,
As doenças da alma do homem com ele saram bem,Abá 'anga mara'ara i pupé opûeîrá-katu,,
"É discreta, falando aos homens",I kunusãî abá supé onhe'enga,,
"Para se vingar de seu cão que cria, um homem não o alimenta","O eîmbaba îagûara resé oîepyka, abá n'oîmomba'e'uî",,
Dizem que foi,Osó ra'e,,
"Vem para espantar o diabo, para que não me dane","Îori anhanga mondyîa, ta xe momoxy umẽ",,
"Como a esses, matarei os que costumam pecar, fazendo-os cair comigo em meu fogo","Anga îá, angaîpabora aîuká, xe ratápe sero'ane",,
Vou como catador de madeira,Asó ybyrá piaramo,,
"Examinando a armadilha de alguém, tomando o seu conteúdo","Abá mundé supa, i pora rá",,
Tu te comprazes quando um homem apalpa teus seios?,Nde rorype nde kama abá sungáreme?,,
Mostra o erro de minhas palavras,Eîkuabe'eng xe nhe'engaipaba,,
Afastaste teu filho e teu escravo de suas amantes?,"Ereîpe'ape nde ra'yra, nde remiaûsuba i agûasá suí?",,
Eu tenho cabelos muito arrepiados,Xe 'a-tyragûasu,,
"fora, na rua",okarype,,
Matai-o!,Peîuká!,,
Podem deixar um do outro?,E'ikatupe o îesuí opo'i?,,
Eu retomei o bom senso,Xe tekokuabar,,
"Eis que era costume, então, dar nome às pessoas",Ã tekó a'ereme moreroka,,
Vou com ele,Sesé orosó,,
Deixa que venha,T'oúne turi,,
Também queima vivo para sempre,Sekobé abé okaî aûîeramanhẽ,,
"Estando doente, de verdade, não a ouviste, ou sendo preguiçoso?",Nde mba'easyramo épe nd'eresendubi koîpó nde ate'ymamo nhẽ?,,
"o que tem nome Guaixará, o chamado Guaixará",Gûaîxará seryba'e,,
Que não me atraia a lei antiga de meus avós,Ta xe momotar umẽ xe ramỹîa rekopûera,,
Que se alegre esta vossa terra,Ta sesãî kó pe retama,,
"Confesso-me a ti, senhor padre, por causa do meu pecar muitas vezes","Anhemombe'u ndebe, pa'i abaré setá nhẽ xe angaîpagûera resé",,
"Amo Pedro, assim como a seu filho",Asaûsub Pedro ta'yra resebé,,
tutano dos ossos,kanga putu'uma,,
"Foste para revistar as cisternas de água doce de alguém, tomando seu conteúdo?","Eresópe abá îeky-'ye'ẽ supa, i pora rá?",,
Os que têm a bem-aventurança são os que têm pena das pessoas,Tekokatu-eté rerekoara i poraûsubaryba'e,,
"Ela é muito bojuda (fal de pipa, de árvore, etc)",I ku'agûasu,,
Vinde todos para festejar a Jesus,"Peîó pabẽnhẽ, Îesu momoranga",,
Como estas são vossas casas? -Diferem muito,-Anga îápe pe roka? -Oîkoé-katu,,
Nosso criador fazes estar contigo em teus braços,Îandé monhangara nhẽ erenoĩ nde îybápe,,
"Saiu-me de través (pex, a flecha que me atingiu)",Xe raîé i xemi,,
e portanto,a'e emonãnamo,,
Saltei-o,Aîapyrasab,,
o que apanha o que ele matou,semiîukapûera rasara,,
"Que saia o diabo dela, apartando-se com seu mau proceder","T'osẽ Anhanga i xuí, gûekó-poxy rerosyîa",,
As brasas não falham,Tatapynha n'oîabyî,,
"As crianças habitantes da aldeia de Belém e também as habitantes das suas vizinhanças mandou assassinar, nelas querendo incluir Nosso Senhor","Taba Belém pora pitanga i amundaba pora abé apitiukari, sesebé Îandé Îara moîese'a-potá",,
Que deram à sua mão direita?,Mba'epe oîme'eng i 'ekatuápe?,,
Fez vir outrora alguma coisa boa do céu para seus discípulos?,Oîmbourype erimba'e mba'e-katu amõ ybaka suí o boîaetá supé?,,
Se tu não endureceres teu coração,Nde nhy'ã nde i moatãnhẽe'ỹme,,
Vem para nos arrebatar,Eîori oré rekyîa,,
Não vos perceberam Abaixai-vos,Na pe andubi Peîaŷbyk,,
"Por acaso estava com a cintura fendida o maldito, balançando?",I ku'a-bok serã moxy oatimunga?,,
Devolveu seu pagamento aos príncipes,Oîme'eng-îeby sepypûera morubixabetá supé,,
Passo raramente,Moîepenhombé akûab,,
Por isso mesmo em tua grande força apóio-me,Nd'a'é te'e nde ratãngatu resé gûiîekoka,,
Eu sou (ou estou) doido,Xe 'angaingaíb,,
Deve ter ido,Osó ipó re'ĩ,,
o que deseja a justiça,tekokatu 'useîtara,,
Será muito terrível futuramente para os que são maus?,I abaeté-katupe irã i angaîpaba'e supé?,,
Mas procedendo de que modo se está como amigo do diabo?,Marã oîkóbo-tepe asé Anhanga rembiaûsubamo sekóû?,,
"mirra, poção de polpa","mirra, mosanga to'o suí",,
homem falso,abá-memûã,,
Apenas não me faz morrer,Sa'ĩ na xe momanõî!,,
São numerosos os que te procuram,Se'yî nde rekasara,,
Violentaste uma solteira antes de lhe fazer mal?,Ereîukaípe mendare'yma i momoxy îanondé?,,
É terrível para mim vê-los,I abaeté sepîaka ixébo,,
"Ah, vencer-me-ão hoje!",Xe reîtyk korine mã!,,
"Ao se aproximar o doente da agonia, que mandem chamar o padre","Mba'easybora o mara'ara kakareme, t'osenõîukar abaré",,
diabo mau,anhangaíba,,
"Eia, pois, sapo maneta!","Ené, rõ, kururu-asyka!",,
"Tão logo ao ouvir o nome dela, em outra parte eu me escondo",Serenduba rupibé amongoty xe nhemimi,,
Morrendo nós,Îamanõmo,,
arroto fétido,eú-rema,,
"Eia, levemos adiante deles esta muçurana","Ene'ĩ, t'îarasó senondé kó musurana",,
Escorei-o,Aîokok,,
Os que moram em Maratauá acreditam em minhas palavras,Marataûãme tekoara ogûerobîá xe nhe'enga,,
o que é o único filho dele,ta'yra oîepeba'e,,
Livra-nos tu,Oré pysyrõ îepé,,
Coloquei-o de boca para baixo,Oobapybo aîmoín,,
conhecendo a Deus,Tupana kuapa,,
Meteu-te pelo pescoço,Nde mondeb o aîurybo,,
Caiu no chão,O'ar ybype,,
"Embora eles fossem obra d'Ele, alguns anjos tornaram-se maus","Aûîeté a'e semimonhangûera, karaibebé amõ amõ oîemoangaîpab",,
Todos os que confessou com os que escondeu voltará a confessar,O emimombe'upûera o emikuakugûera irũmo bé i mombe'uîebyrine,,
"mas, de verdade",anhẽ ruãp'anhẽ,,
Ele mesmo certamente me guarda,A'e aé ipó xe rerekó,,
Eu estou adoentado,Xe mba'easyaíb,,
mulher corajosa,kunhã-pyatã,,
Estrebuchei,Ababak,,
"Tomaste remédio, não querendo ficar grávida?",Ereposangu'upe nde puru'apotare'ymamo?,,
comendo-o ansiosamente sempre,korikoria'u i gûabo îepi,,
Eis que esses meus valentões sabem assassinar,Kó a'e xe kyre'ymbaba oîkuá morapiti,,
"Suportando a grande noite, estamos muito aflitos","Putunusu porarábo, oroîkotebẽngatu",,
Dar também o dízimo naquilo que plantou primeiro,O emitymbûerypy pupé Tupã potá-me'engano,,
Acreditaste nas mentiras de alguém?,Ererobîápe abá remo'ema?,,
Enfileiramo-nos,Oroîoysyrung,,
Ofendeste tua avó?,Ereîanga'ope nde aryîa?,,
Eu sumi de vista,Xe apykanhem,,
Jejuar cada vez que a Santa Madre Igreja mandar jejuar,Santa Madre Igreja îekuaku-pûaîa îabi'õ îekuakuba,,
"Foi pregado na cruz, foi morto, foi sepultado","Ybyraîoasaba resé i moîarypyrûeramo sekóû, i îukapyrûeramo, i tymbyrûeramo",,
"Vituperaste teu pai, tua mãe, teu avô, tua avó?","Ereîanga'ope nde ruba, nde sy, nde ramũîa, nde aryîa?",,
Aqueles serão os futuros habitantes do fundo de nosso fogo,Aîpó îandé ratá gûyra porama,,
"o que é azul, o que é verde, o que é roxo",sobyba'e,,
Cortei-lhe a cabeça,Aîakã-mondok,,
Estorva-me o Senhor Deus!,Xe moarûá Pa'i Tupã!,,
Obedece bem a mulher a seu marido ao encarregá-la de boas coisas?,Osapîá-katupe kunhã o mena tekó-katu resé o pûaîme?,,
"Um ou outro, porventura, foi mau alguma vez","Oîepé-ĩombé, nipó, i angaîpab amõme é",,
"de algum lugar, dalgures, de alguma parte",mamõ suí,,
Dizendo a um canto de pássaro ou a um urro de onça que são agouros,Gûyrá koîpó îagûara nhe'enga supé morangygûana o'îabo,,
"Eia, pois, vamos estar sentados aqui","Pene'ĩ, rõ, t'îasó ké îagûapyka îakupa",,
Eu sou um jaguaretê comedor de gente!,Xe îagûareteporu!,,
"Que tenhamos, em sua terra, junto de ti, a vida eterna","T'orogûerekó, setãme, nde pyri, tekopuku",,
Não ficou ninguém no lugar da batalha,N'opytáî amõ abá maranápe,,
Esse é meu antigo enforcador,Akó xe îubykarûera,,
"tempo, lugar, modo, etc de se lavar, de se batizar",moîasukaba,,
Saiu vivendo após o enterrarem,"Osem oîkobébo, o tym-y roîré",,
"Ah, quem me dera o tivesse matado!",Aîuká me'ĩ mã!,,
A de protetora dos aflitos é tua fama sempre,Moreaûsuba rerekoara nde rerapûana îepi,,
"Assim como esta água lava o corpo da gente, aquela também","Akó 'y asé reté moîasuka îabé, akûeîa îabé",,
"Se o que tem relações sexuais com uma solteira ou por ela se atrai transgride muito a palavra de Deus, tanto mais o que perverte uma casada ou o que se atrai por ela","Mene'yma resé oîkoba'e abiã koîpó sesé onhemomotaryba'e oîabyeté Tupã nhe'enga, memetipó mendara momoxysara koîpó sesé nhemomotasara",,
Há de ser coisa insignificante somente,A'uba nhote i por re'a,,
No meio dos anjos fê-la subir,Karaibebé pyterype supiri,,
as marcas delas,i kuapaba,,
Qual é também o alimento de nossa alma?,Mba'e abépe asé 'anga remi'u?,,
Semelhante a uma roupa de querejuá que brilha mais que o sol,Aó-kereîûá kûarasy sosé oberaba'e nungara,,
"Conhecendo a Deus, agora amo meu senhor Jesus","Tupana kuapa, ko'y asaûsu xe îara Îesu",,
Anunciando nossa futura felicidade,Asé rekokaturama mombegûabo,,
Querendo confessar-se segundo o que determina a ele a Santa Madre Igreja,Oîemombe'u-potá Santa Madre Igreja i mombe'u rupi,,
"Elas, na verdade, são más, ficando a fazer pajelança","A'e, rakó, i angaîpá, oîemopaîé-paîébo",,
Dirigiu de novo Pilatos sua fala aos judeus?,Oîmoín-y bépe Pilatos o nhe'enga îudeus supé?,,
Grandemente a aflição oprime minh'alma,Naetenhẽ ã tekotebẽ xe 'anga apypyki,,
Ele virou cinza completamente,Sugûé-katu,,
"Mandando fazê-los embarcar numa arca de madeira, semelhante a um navio","Ybyrá karamemûã, ygarusu nungara pupé i mo'aruká",,
Por isso mesmo é que constituiu os padres como seus apaziguadores,Nd'e'i te'e abaré moingóbo o monhyrõsaramo,,
"Pelos montes voando, fui para fazer pecar os tupis","Ybytyrybo gûibebébo, asó tupi moangaîpapa",,
Afligiu-se por se ter frustrado sua ida,O sorambûera resé sekotebẽû,,
"Vejo meu reflexo (pex, no espelho)",Anhe'angepîak,,
Furtaste na roça de teu próximo?,Eremondarõpe nde rapixaba kópe?,,
"É formosa, certamente, a lua","Î aysó, nipó, îasy",,
Tenho meu modo de ser diferente,Xe rekó-aé arekó,,
Com o bafo de sua boca sopra-nos o rosto,O îuru timbora pupé asé robá peîuû,,
"Eia, faze-me andar nas minhas virtudes",Xe katûagûama ri ene'ĩ xe mbogûatábo,,
malha de algodão grossa para a defesa na guerra,amynyîu-aó-poanama,,
"Em troca de sua criação, dei-lhe outra",Seîmbaba rekobîáramo amõ aîme'eng i xupé,,
"Antigamente, morrendo eu, o diabo, de repente, minha alma mataria com o pecado","Akûeîme, gûimanõmo, anhanga, esapy'a, xe 'anga oîuká angaîpaba irũmomo",,
chegando com sua ferocidade,o nharõ rerobasema,,
Ela está crua,I pyr,,
Eu me fico levantando nas pontas dos pés,Xe pyta'ã-ta'am,,
"Eu sou um mísero índio, de fato",Xe abá-aîbĩ anhẽ,,
"Como sois vós, por acaso?",-Marã-piang peẽ?,,
"concavidade da nuca, depressão na parte inferior da nuca",atuá-pyko'ẽ,,
Não me detestam as prostitutas,Na xe reroŷrõî sygûaraîybora,,
"Poucos nesta aldeia moram, estando a salvar-se","Mokõnhõ kó taba pupé sekóû, oîepysyrõmo okupa",,
Tratando-se uns aos outros como que numa fraternidade,Oîoasykûera ri îasûaramo oîoerekóbo,,
Que tipo de caça queres comer?,Marãba'e so'o ereî'useî?,,
O que se iguala às mulheres,Kunhã resé oîemoîoîaba'e,,
Aonde ele foi após acabar de comer?,Mamõpe i xóû o mba'e-'u-pab'iré?,,
Não prantear um ao outro (como forma de saudação) é modo de atentar contra si mesmo,Îoapirõe'yma rekóû îemomburûabamo nhẽ,,
Embora eu já tivesse ido,Îepémo xe só umani,,
Entro na igreja só de vez em quando,Aîké-pa'ũpa'ũ nhote Tupãokype,,
"Basta! Falo eu, Sarauaia!","Aûîé! Anhe'eng, Saraûaî!",,
Dei-o à luz,Aîmo'ar,,
"Eu estou de rosto amarelo, eu estou pálido",Xe robá-îub,,
"o que tem corpo, o que é corpóreo",seteba'e,,
a lei primeira,tekó-ypy,,
Confessa-se alguém antes de ir à guerra?,Onhemombe'upe abá gûarinĩ-namo o só îanondé?,,
De mim comendo-as todas,Xe suí i gûabo pá,,
Fi-lo ter vontade de comer,Aîmoîurué,,
Não existem mais absolutamente suas antigas terras, N'i tyb-angáî setãmbûera,,
"Que seja minha mãe, de fato",Xe syramongatu t'oîkó ,,
"Arrepende-te de tuas maldades, após teres comido alguma carne (humana)","Eîmoasy nde angaîpagûera, to'o amõ 'u ré",,
"Que não se desvie de Deus, seu criador",T'oîaby umẽ Tupã o monhangara,,
"Então os anjos virão, chamando os mortos, tocando trombetas","A'ereme karaibebé ruri, te'õmbûera renõîa, mimbygûasu pŷabo",,
Faço-o doente,Aîmomara'ar,,
"Que não fique de cara feia para ele, tratando-o bem","Ta sobasy umẽ i xupé, serekokatûabo",,
altibaixos,gûa'a-gûa'a,,
var de argola de penas,aûã-myranga,,
o que tem beiço grande,sembegûasuba'e,,
Fazendo sua esposa trabalhar,O emirekó moporabykŷabo,,
"Pela estrela que os guia, como a que mostra o caminho",Îasytatá serekoarama resé pé kuabe'ẽsaramo,,
manchas brancas do cabelo,a-titinga,,
"à tona d'água, na superfície da água",y-ape'ara rupi,,
Vi-o em meus sonhos,Xe posaûsupe asepîak,,
O homem que come objeto de furto ou que o leva para sua casa,Abá mondarõagûera o'uba'e koîpó og okype ogûerasoba'e,,
o leme da embarcação,ygara ropytaerobakaba,,
Não pode uma pessoa casar-se ocultamente?,Nd'e'ikatuîpe abá omendá-nhemima?,,
"Ainda bem que não fui, pois",Aûîeté pakó xe soe'ymi é,,
"Que deve ser ungido de nós (isto é, de nosso corpo)?",Mba'e-mba'epe asé suí i pitubypyra?,,
Já se juntaram por causa disso muitos moços bebedores de cauim,Onheŷnhang umã sesé kunumĩetá kagûara,,
Faço minha futura casa,Aîmonhang oka - Fiz uma casa Xe rokûama aîmonhang,,
"Guarda-te, após conhecer essa lei, de ter má vida","Eteumẽ, aîpó tekó kuab'iré, tekó-poxy rerekóbo",,
Levou sua filha Maria quando se completaram três anos,O membyra Maria rerasóû mosapyr ro'y sykeme,,
Logo no terceiro dia voltou a viver,Ara mosapyra riré bé sekobeîebyri,,
o fraco que convido para comer,xe remipoîmembeka,,
"Deus deixou de amá-los, n'Ele confiando fracamente","Tupã osaûsupe'a, sesé oîerobîá-bebuîa",,
"instrumento de enxotar moscas, abano de moscas",mberu mondoaba,,
Celebrando a missa para a gente,Missa ra'anga asébe,,
"Quando tu vieste, já o tinha matado",Nde rureme aîuká umûan,,
Perguntou Herodes sobre qualquer coisa para ele?,Oporandupe Herodes mba'e tetiruã resé i xupé?,,
morrendo eu,gûimanõmo,,
Tomaste poção querendo o aborto de teu filho?,Eremosangu'upe nde membyra akyrara potá?,,
Que reparta teu filho um pouquinho de virtude conosco,T'oîmoîa'ok nde membyra tekokatu'ĩ amõ orébe,,
Seu fiho já nasceu,I membyra o'ar umã,,
Vereis também futuramente minha vinda sobre as nuvens,Pesepîak irã ybytinga 'arybo xe rura béne,,
O que tem a bem-aventurança é o que é manso,Tekokatu-eté rerekoara onherane'ymba'e,,
"Que dizes de costume, ensinando as pessoas?",Marã erép'amẽ eporombo'ebo?,,
Basta! Eu estou muito contente,Aûîé! Xe rorybeté,,
Dourei-o com ouro,Aîmoîub itaîuba pupé,,
pelas matas,ka'abo,,
"Assim como esta água lava o corpo da gente, também aquela (lava)","Akó 'y asé reté moîasuka îabé, akûeîa îabé",,
Tenho desgosto por o ter levado,Arasó tieté a'é,,
Ainda não estou cozido,Nd'a'éî gûiîypa ranhẽ,,
"Ali atacando as moças, por desejá-las","A'epe kunhãmuku repenhana, i potasápe",,
Pegou-se fortemente sua roupa com que ele foi castigado por o ficarem ferindo?,Oîaratã serã i aoba i nupãsagûera i moperé-perebagûera resé?,,
"Eu não tenho visão, eu sou cego",Na xe resapysóî,,
Naufraguei,Aîepubuîereb,,
O diabo te detesta,Anhanga nde momburu,,
ajuntamento de aldeias,tá-tyba,,
seu criador de verdade,o moîangara tekatu,,
Como o viu se ele é o que não tem corpo?,"Marãpe sepîaki, setee'ymba'eramo sekó e'ymeté?",,
Como disse aos seus três discípulos após sua entrada no horto?,Marã e'ipe o boîá mosapyr supé mitỹme o iké ré?,,
Anunciando os acontecimentos futuros,Tekorama mombegûabo,,
"Este era, de fato, o meu intento",Aîpó nakó xe rekopotasaba,,
"Como o revolutear de um urubu sobre coisas fedorentas, tu voltas o rosto para trás","Urubu mba'enema 'arybo nhemoîereba îabé, nde atybak",,
Faço-os ser ladrões de cauim,Aîonong ka'umondá,,
Não foi à toa,Na tenhẽ ruã,,
"Todos cercaram Nosso Senhor, achegando-se a ele",Opá Îandé Îara moîari sesé osyka,,
Porventura tornaram-se muito maus os homens?,Onhemoangaîpabeté serã apŷaba?,,
Ficaste usando como mulher o teu próximo?,Ereîmotebi-tebipe nde rapixara?,,
"""sob o sono"" da alta noite, nas horas mortas da noite, em que todos dormem",pysaîekatu ké-gûyrybo,,
Eu estou muito arrepiado,Xe pita'i-ta'i,,
Sei-o tão bem como tu,Nde îabé ixé i kugûabi,,
"Fazem aplacar a Deus a si mesmos, ao eliminarem a dívida dos pecados de muitos anos",Tupã oîmonhyrõ o îoupé setá nhẽ seîxutatá tekoangaîpaba repy-mondykápe,,
No seu próprio ombro levanta a cruz,O ati'yba ri krusá osupi,,
Volta em nossa direção teus olhos compadecedores,Erobak oré koty nde resá-poraûsubara,,
Estou prestes a ir,Oebyraîarinhote aîkó,,
"E por outra parte, semelhantemente, o próprio mar será mais terrível do que era seu costume",Kokoty paranã aé rame'ĩ o abaetéramo erimba'e gûekoagûera sosé,,
Parece investir nossa carne contra nossa alma,Onharõ-berame'ĩ asé ro'o îandé 'anga resé,,
Não vieram alguns anjos do céu?,Nd'ouripe karaibebé amõ ybaka suí?,,
"Serão fedorentos, serão muito podres, corroídos de vermes e de bernes","I nem-eté, i tuîuk-eté, tasoka, ura remimongûyamone",,
Sendo tu bom,Nde katuramo,,
Deseja ardentemente ver o nascimento de seu filho,O membyra 'arama osepîaka'ub,,
Elas são muito altas?,Iîybaté-katupe?,,
Eu seco,Xe rypab,,
"homem parvoeirão, ignorantão",abá-tekokuabe'ymusu,,
vaso de estanho,itaîy-kamusi,,
Tua casa santa edificamos,Nde rokangaturamûama oroîmoĩ ,,
"Ainda mais nosso corpo tem saudades de sua alma, sua verdadeira companheira, a que o faz viver",Memetipó îandé reté o irũeté o moingobesara o 'anga repîaka'upa,,
Entregou-o bem em suas mãos,Oîme'eng i pópe-katu,,
"Adão, nosso primeiro pai, fez-nos perder verdadeiramente","Adão, oré rubypy, oré mokanhemeté",,
Ele há de ser (ou há de estar na condição de) teu espião!,Nde manhanamo t'oîkóne!,,
Envelheço,Akakugûabakatã,,
Ver os doentes,Mba'easybora repîaka,,
"Portanto, ando hoje com o provincial",Angari abaregûasu arogûatá,,
o cacho delas,saryba,,
Os antigos inimigos de São Lourenço,São Lourenço rupîarûera,,
Fizeste chegar o pagamento como retribuição de um trabalho?,Eresepy-mondykype marãtekó repyramo?,,
É bonita vossa terra?,I porangype pe retama?,,
Vou à roça,Akopîasó,,
"Ao chegarem os pescadores, repartem sempre com suas amantes ruins seu pescado, pelas costas de seus senhores","Pindaîtykara îepotasápe, memẽ o agûasá-poxy supé oîmoîa'ok o embiara, o îara kupébo nhẽ",,
Que me livre Deus das lembranças ruins,Ta xe pysyrõ Tupã ma'enduasabaíba suí,,
Em seu rosto ficando a cuspir,Sobá resé onhenomũ-nomuna,,
"Pronto, meu senhor, voei","Irõ, xe îar, abebé",,
Quando cumprirás isso que tu dizes?,Erimba'epe aîpó nde 'îaba ereîmopóne?,,
Querendo estar em cima deles,I 'ari oîkó-potá,,
Os cristãos como uma unidade,I mongaraibypyretá oîepegûasu îasûá,,
como uma luz de fogo,tatá-endy îabé,,
Está pronto o goitacá ou o filho do guaianá?,Sekoaûîépe gûaîtaká koîpó gûaîanã ra'yra?,,
"Creio em Deus Pai, o que pode fazer todas e quaisquer coisas","Arobîar Tupã Tuba, opakatu mba'e tetiruã monhanga e'ikatuba'e",,
Cortei um pedaço,Asykûera aîasy'ab,,
minha ausência,xe roŷpyre'yma,,
"Mas sempre, com certeza, a vossas almas querem bem, guiando-as","Memẽ-te, nipó, pe 'anga amotá, i pokoka",,
"Olhe bem que, por isso mesmo, o maldito ataca o homem",Nd'e'i te'e moxy keteté abá ropenhana,,
Não se separam na guerra,N'i xandoki marana ri,,
"Replico a Pero (isto é, respondo-lhe nos mesmos termos) Aînhe'ẽ-poepyk Pero - Replico as palavras de Pero",Aîpoepyk Pero,,
"Logo então, em um momento, leva-o para sempre para o fogo",A'eîbé korite'ĩ-aíb-eté serasóû aûîeramanhẽ tatápe,,
Eu mesmo pus gente no desejo sensual,Xe aé aporomoingó moropotara resé,,
"Como que do fundo emergi (tb fig, ""livrei-me de um grande aperto"", ""tornei a mim"", como quem saiu de alguma grande aflição em que estava)",Ypy suí berame'ĩ abur,,
"Após morrer seu filho, ama todos os homens",O membyra re'õ ré opabĩ abá raûsubi,,
ao longo das pedras,itá ybyri,,
pintura dele,i kûatiara,,
Eu estava sobrecarregado,Xe posakar,,
"Passaste a mão nas tuas pudendas, abrindo-as, alargando-as?","Erepokokype nde rapopé resé i pekábo, i pypirá?",,
Irritastes o senhor Jesus,Pemoŷrõ Pa'i Îesu,,
A morte está igualmente entre os moços e entre os velhos,Oîoîá te'õ rekóû kunumĩgûasu suí tuîba'e suí bé,,
Aperta a cabeça do maldito,Oîopyk muru akanga,,
"Fulano está muito atrás de mim (isto é, fica no meu encalço, a importunar-me)",Xe resé-katu ahẽ rekóû,,
logo então,a'ereme bé,,
var de farinha de mandioca,u'i-puku,,
Ele tem olhos claros como seu pai,Og uba rupi ahẽ resá-tingamo,,
Apazigua seu filho que está irado,O membyra i nhemoŷrõba'e oîmonhyrõ,,
"rio abaixo, a jusante",y-embykoty,,
convidando os homens todos,apŷaba sogûabo pá,,
Visitaste o buraco do covo de alguém?,Ereîosubype abá îeke'i kûara?,,
Eu sou molengão,Xe rekombegûé,,
"Contudo, após sua morte, no terceiro dia voltou a viver","Aûîeté, gûe'õ ré, 'ara mosapyra resé bé sekobeîebyri",,
linha delgada para coser,inimbó'i,,
Não acato essa sua boa lei,N'aîari kó sekó-angaturama,,
Que acabem logo meus afazeres,T'osyk esapy'a xe rekó,,
Visitando o interior de todas as ocas,Opá okybỹnha supa,,
Hoje mesmo,Kori é,,
em abrigo,ãme,,
E todas as coisas futuramente queimarão?,A'epe opá irã mba'e kaîne?,,
Eu tenho secura na garganta,Xe aseó-tining,,
"Amam-se muito, por dever, os que se casaram?",Oîoaûsu-katupe amẽ oîopopysykyba'epûera?,,
"Ah, eu sou muito miserável após me entregar para o diabo!",Xe poreaûsubetekatu Anhanga supé xe nheme'eng'iré mã!,,
Mentiras levantam,Mo'ema kó omopu'ã,,
"Imediatamente, água e sangue dele vazaram, escorrendo","Aûnhenhẽ 'y sugûy abé i xuí i 'emi, osyryka",,
"Estava longe tua lembrança das coisas, estando a devanear?",Oîkó kûepe mba'e resé nde ma'enduara enhemongetábo ekupa?,,
Eu estou ficando pensativo,Apyk gûitekóbo,,
o que eu tomo,xe remiîara,,
Vôo como este vento,Abebé kó ybytu îá,,
"Tu tens olhos concupiscentes, olhando para alguém?",Nde resá-poropotápe amõ resé ema'ẽmo?,,
Por isso mesmo todos os homens ficarão pálidos de aflição,Nd'e'i te'e opá abá robaîubamo tekotebẽ suíne,,
Desconjuntei-me o pé,Aîepy-mongaraû,,
Carpi,Akapir,,
Tiveste relações sexuais com uma mulher casada?,Ereîkópe kunhã-mendara resé?,,
Não te denunciarei,Nd'oromombe'uî xóne,,
"Nas minhas mãos, somente, levei-as",Xe pópe nhote arasó,,
Era muito grande Por isso mesmo ficava caindo com ela,Turusukatu Nd'e'i te'e sero'a-ro'a,,
cerca feita de ramas,ybyrá-pokanga,,
Fizeste tua companheira uma prostituta?,Ereîmosugûaraîype nde rapixarĩ?,,
Roço a mata,Aka'agûyrok,,
Apaga o fogo,Emogûeb tatá,,
"rio acima, a montante",y-anhangoty,,
calos dos pés,mby piru'a,,
"a sem-filhos, a fêmea estéril",membyre'yma,,
Tomaste-o depois de comer ou depois de engolir alguma coisa?,Ereîápe nde mba'e 'u roîré koîpó mba'e amõ mokon'iré?,,
"Tu me alegras muito, narrando assim os fatos","Xe moory-katu îepé, inã tekó mombegûabo",,
Hei de comer seus miolos,I aputu'uma t'a'u,,
Matamo-nos um ao outro,Oroîoîuká,,
Aproxima-se minha ida,Okakar xe sorama,,
Em sua própria casa o desejo sensual consentindo,Og okype îopotara repîakĩamo,,
"Depressa, arrastam-me fortemente","Taûîé, xe rekyî-atã",,
Acende o fogo,Emoendy tatá,,
O que tem relações sexuais com uma solteira transgride muito a palavra de Deus,Mene'yma resé oîkoba'e oîaby-eté Tupã nhe'enga,,
"Aonde chegaram com Nosso Senhor, enfim?",Mamõpe ybŷá Îandé Îara rerobasemi ko'yté?,,
melado ou mel de cana-de-açúcar,u'ubae'ẽ eíra,,
"Ainda, ainda me odeia fulano",A'é byter aîpó gûi'îabo - Ainda digo isso E'i byté-byterĩ ahẽ xe amotare'yma,,
Vê minha doença para que te compadeças de minha alma,Esepîak xe mara'ara t'eresaûsubar xe 'anga,,
Essa fez assim,Emonã ûĩ sekóû,,
Eis que aqui estou para te procurar,Kó xe rekóû nde reká,,
Brilhou formosamente,Oberab-aysó,,
"Contando-o, digo-o e desdigo-o",Arekorekó i mombegûabo,,
"Nossa companheira de guerras, causa de nossa bravura","Îandé maranirũ, îandé abaîtéba",,
Meto-o pelo pescoço,Aîmondeb o aîurybo,,
os que andam pelo caminho,pé rupi ogûataba'e,,
Estraguei-a,Aîmoaikatu,,
"Oh, então assim é, na verdade!","Tó, inã îepé ra'e!",,
"Pão celestial, comida dos anjos","Miapé-ybakygûara, apŷabebé remi'u",,
Oxalá ele viesse!,Our be'ĩmo mã!,,
Todos vão em procissão,Opabenhẽ gûá sóû îebyîebybo,,
Eu tinha-me esquecido por causa da muita aflição,Xe resaraî tekotebẽ-eté suí!,,
ficando a confundir as pessoas,o poromonã-monana,,
A vida eterna que eles terão no céu é a que mudará?,Oîekûabokyba'eramape tekopuku ybakype semierekorama?,,
A segunda (virtude) dele é a satisfação dos cônjuges,I momokõîndûara mendara moîekosupaba,,
De cada um de vós o Senhor Deus encarregou um anjo,Pe îabi'õ Pa'i Tupã karaibebé moingóû,,
"Que sejamos corajosos, sim, suportando as coisas dolorosas como tu","T'oré pyatã, angá, mba'easy porarábo nde îá",,
Por isso mesmo quiseram igualar-se todos a seu criador?,Nd'e'i te'e serã oîemoîoîá-pá-potá o monhangara resé?,,
"Leva minha alma que te ama, fazendo-a subir contigo",Xe 'anga nde raûsupara erasó seroîeupi,,
folha tenra,sokyra,,
A causa de fuga do diabo é a água benta,Anhanga nhegûasembaba 'ykaraíba,,
enfeites do rosto,tobá posanga,,
Ele o faz em muito tempo,E'i ymuanĩ ahẽ i monhanga,,
"Tomou-o como substituto de Judas, que entregara Deus-Filho",Îudas Tupã Ta'yra me'engarûera rekobîaramo tari,,
"Em dois dias e no tempo de se fazer o terceiro, voltou a viver",Ara mokõî i momosapysaba pupé o ekobeîebyri,,
"Tinha também fome, tinha também sede como nós?","I ambyasy bépe, i 'useî bépe asé îabé?",,
Vem para o meu lado!,Eîori xe posé,,
Não ia para o céu outrora a alma de nenhum homem?,Abá 'angûera amõ soe'ymi ybakype erimba'e?,,
"Ah, que bom seria a morte do fulano por aí!",Marãîasûaramo ahẽ kûepe se'õ mã!,,
"Eis que percebendo isso, deixei ontem minha casa","Kó anga andupa, aseîá kûesé xe roka",,
"do lado de fora dele (pex, de um vaso, de algo que tenha lado interior e exterior)",i apé koty,,
Sua mãe nem sequer sangrou,I xy na sugûyî tiruã,,
"Não há ali choro, não há doença, não há fome, sede também não há","N'i tybi a'epe îase'o, mba'easy n'i tybi, n'i tybi ambyasy, 'useîa bé n'i tybi",,
coisas que costuma sofrer,mba'e o emimboraratyba,,
"ambas estas mãos, o número dez",opá kó mbó,,
Pus as bordas dela,Asembe'y-rung,,
Fi-lo emagrecer,Aîmoangaîbar,,
Vivo retirando-as [quando são muitas coisas],Anosẽ-sem,,
mentira),temo'ema,,
"Vinde, levai os malditos, erguendo-os para sapecá-los em nosso fogo, moqueando-os","Peîori, perasó muru, supi îandé ratápe sapeka, i monga'ẽmo",,
Foste traidor de tua esposa?,Eremondarõpe nde remirekó suí?,,
"São famosos esses moçacaras, que são uns beberrões","Serapûan kó mosakara, i kaûĩgûasuba'e",,
Por acaso trouxeste muitas coisas?,Ereruretá serã?,,
Eu estou-me amancebando,Xe agûasá gûitekóbo,,
Deleita-me muito,Xe moapysy-katu,,
canavial,takûare'ẽ-ndyba,,
"Que sejamos corajosos, sim, suportando as coisas dolorosas","T'oré pyatã, angá, mba'easy porarábo",,
"água cheia grande, maré alta",ty-apogûasu,,
Eu sou preto,Xe run,,
Rodeei-o,Anhaman,,
Veio um grande chefe de longe para te procurar,Oú tubixá-katu mamõ suí nde reká,,
Todos os seus discípulos para tuas mãos fazendo passar,Opá o boîá nde pópe i mongûapa,,
Fica! Somente quando bebes cauim tu queres ser valente? Palermão! Centopéia!,Epytá! Kagûápe nhõ nde ratãngatu-potá? Manemusu! Ambu'a!,,
Eu sou ciumento,Xe rygûyrõbor,,
"Assim, na verdade, eu determinei",Emonã nakó xe rekopotari,,
forno para potes,kamusi rapŷaba,,
Invocam as mulheres o pajé Caruara,Osekyî kunhã maîé Karûara,,
Querendo o abrandamento de nossa doença,Asé mba'easy arybé potá,,
Ajudaste alguém num roubo?,Ereîpytybõpe abá mondá resé?,,
"Sim, eis aqui também minhas garras","Îé, kó bé xe pûãpẽ",,
Fá-lo sofrer o frio,Îaîmomboreaûsu ro'y,,
"Logo, decerto, passarás no lugar em que moro",Koromõ ipó eregûatá xe rekoápe,,
Mataste?,Ereîukápe?,,
"Se pôr a mão neste nosso fogo é terrível, tanto mais ali é terrível queimarem-se os homens eternamente","Ikó îandé ratá pupé asé po'ẽma biã iî abaeté, memetaé a'epe aûîeramanhẽ abá kaîa o abaetéramo",,
o que é felpudo,i îatyrá-tyraba'e,,
Ali atacando as moças,A'epe kunhãmuku repenhana,,
"Ó minha mãe! (Fig, Arte, 9) [Usava-se também por quem respondia",Xe sy îu!,,
Amo-o (mas nem por isso ele me ama),Asaûsu biã,,
Vê tu a variedade de coisas,Esepîak tekó paraba,,
"Como quando olhais para o céu, vedes sua beleza","Pema'ẽ rame'ĩ ybaka resé, pesepîak i poranga",,
meu pensamento,xe 'anga,,
Sua muita bondade engrandecendo,I angaturãngatu moeburusûabo,,
Não cessam suas palavras duras,N'opyki i nhe'engatã,,
Semelhante a que coisa era o suor dele?,Mba'e abyare'ymape syaîa?,,
Não tendo nojo de mim,Xe suí oîegûarue'yma,,
Aquecendo-se perto do fogo,Tatá ypype oîepegûabo,,
"Vinde, levai os malditos, erguendo-os, para sapecá-los em nosso fogo","Peîori, perasó muru, supi, îandé ratápe sapeka",,
o miolo dele,i apytera,,
Eu sou libertina,Xe resaeté,,
A chuva ficava amanhecendo a cair,Oky-ko'ẽ-ko'ẽ amana,,
A crença na dança enche os corações deles,Moraseîa rerobîara i py'a îaîporaká,,
"Eu sou o alegre Ibitirapé, do topo da montanha","Xe rory Ybytyrapé, ybytyrapûá suí",,
Finalmente ele vem,Rumby ahẽ oú ko'yté,,
"Eu tenho propensão a esquecer, eu sou esquecidiço",Xe resaraî-potar,,
"Até mesmo seus ossinhos a gente cultua, tendo-os no pescoço","Asé i kangûerĩ tiruã momba'etéû, o aîuri serekóbo",,
Piorou muito a dor de minha cabeça,Oîerekoaíbeté xe akanga rasy xe suí,,
Eu sou semelhante aos selvagens,Xe rapixá saraûaîa,,
bico de pássaro fora do corpo,tĩmbûera,,
"Eu não tenho boca sossegada (isto é, eu sou comilão)",Na xe îuru-pyki,,
"filho bastardo, filho do amante",agûasá membyra,,
"o que é de antigamente, o que é antigo",kûesenhe'ỹndarûera,,
Hei de comer seus miolos,I 'aputu'uma t'a'u,,
Será que amais vosso salvador?,Pesaûsu ra'upe pe pysyrõana?,,
nesta semana,kó semana pupé,,
Não são poucos,Na mboby ruã,,
Fazendo as pessoas beberem cauim ou dando-lhes de beber,Abá mongagûabo koîpó se'yma,,
"Na verdade hei de me enfeitar, pintando-me de preto",Aûîeté-pakó aîegûak ûinhemoúna,,
"Na verdade, três vezes negarás ser meu discípulo antes de o galo cantar duas vezes",Mosapy ipó xe boîáramo nde rekó ereîkuakub mokõî gûyrá sapukaî' e'ymebéne,,
por aqui,kóbo,,
"Embora vos tivésseis esforçado, estivestes deitados só pouco tempo junto a mim, não dormindo","Pesa'ang îepé peuî korite'ĩ nhõte xe pyri, pekere'yma",,
Empurra-o para seu fogo,Oîmoanhã satápe,,
Bem de acordo com as palavras do chefe dos cristãos,Cristãos rubixaba nhe'enga rupi é,,
Muito a propósito a gente comemorará bem esse dia,A'eboé ebokûé 'ara asé oîmoeté-katune,,
Eu estou feliz por causa de tua ida,Xe roryb nde só resé,,
Entrei para estar fundeado,Aîké gûitupa,,
"Daqui, certamente, passou para a Índia, terra dos indianos",Ké suí serã i asabi India tapyîtinga retãme,,
"Tu, em teus braços, Jesus ergueste","Endé, nde îybápe, Îesu eresupi",,
"Eis que era famosa, certamente, a bela vida de Maria","Anhẽté, kó serapûan Maria rekó-poranga",,
"Esbofeteei suas mãos (isto é, bati-lhe com palmatória)",Aîpó-petek,,
Eu tenho azia,Xe pusu'umukaî,,
Compadeci-me dele,Aîmomboreaûsub,,
"o que é totalmente conhecido, coisa notória por fama",i kugûabypypabẽ,,
Todos os impedimentos do casamento já mencionei,Opá mendara moarûapaba aîmombe'u ymã,,
"Por isso mesmo repreendeu a seu companheiro, desagravando-o","Nd'e'i te'e o apixara akakapa, sepyka",,
à medida do que havia delas,i îaîbeĩîé,,
"Eis aqui meus chifrões, meus dentes Sim, eis aqui também minhas garras","Kó xe 'akusu, xe ranha Îé, kó bé xe pûapẽ",,
"A gente diz ""quinhão de Deus"" para aquilo que é dado?","Asé aîpó i me'engymbyra supé ""Tupã potaba"" i 'éû?",,
Ambos tremerão hoje,Mokõîbé osyî kori,,
Por seus rastros é que vamos,Sakypûera rupi é îasó,,
Que Deus te coloque nas alturas como sua própria filha,T'e'i Tupã nde moingóbo o aîyramo ybaté,,
Hei de me embebedar para perder o juízo,T'asabeypóne 'ara mokanhema,,
"Mais tarde, antes de se fazer matar por nós, tomou o pão em suas mãos",Oîrã îandé resé o îeîuká-ukar-y îanondé miapé rari o pópe,,
"Ah, é muito bonito o menino que poderia ser um escravozinho!","I porangeté kunumĩ, miaûsubambûerĩ mã!",,
Não doutro modo eles me combaterão,Na marandé ruã i pokoki xe rine,,
"O que não honra a Deus, seu verdadeiro criador",Tupã o monhangareté moetesare'yma,,
"Tu mesmo és causa de teu dano, querendo revirar minha casa",Endé aé ereîekûá xe roka pobu-potá,,
"E as grávidas ao quererem beber água, que acontece?",A'epe muru'apora 'y 'useîtápe marã?,,
Que ele me leve para seu lugar de felicidade,Ta xe rerasó og orypápe,,
Para o padre contá-lo-á para que o anuncie na igreja,Abaré supé i mombe'uû Tupãokype seronhe'engaûama rine,,
Vai fartando a mim (a comida),Seby-sebykĩ ixébo,,
Eu sou médio,Xe reburusu nhote,,
Estiro-me,Aîetu'u,,
A multidão de nós afastando,Îandé retá îandé pe'abo,,
Venho não tendo a intenção de que me alimentem,Aîur ta xe poî na ûi'îabo ruã,,
"Fez-nos viver, sofrendo a morte","Îandé moingobé, te'õ porarábo",,
os habitantes do céu,ybakygûara,,
"Depois de querer vê-lo, em vão, desde muito tempo atrás",Kûesenhe'ym bé sepîá-potá tenhẽ roîré,,
Grande é meu cansaço,Turusu xe kane'õ,,
instrumento de fender lenha,îepe'a-mobokaba,,
Por acaso não chegava seu segundo braço ao lugar de irem os pregos?,Ogûatá îepé serã i îybá mokõîa itapygûá soarama resé?,,
Também não se mostra digno aquele excomungado mesquinho de ouvir a missa,Nd'e'ikatu béî aîpó i pe'apyra'uba missa renduba resé,,
"Como meus súditos, todos em minhas mãos tenho-os bem",Xe boîáramo pabẽ xe pópe arekó-katu,,
"Não tendes ouvidos, como de costume, confundindo esta aldeia","Na pe apysáî, îandu, ikó taba apamonana",,
Todas as línguas dos homens por aí afora fê-los conhecer?,Opakatupe kûeîpe abá nhe'enga kuabukari i xupé?,,
Mas não porá a gente a mão na boca para desgrudá-la?,Nd'opo'ẽî xûé-tepe asé o îuru pupé i mbo'iragûama reséne?,,
Vem novamente para curá-los todos!,Eîorino i mombûeîrá pá!,,
O próprio Deus distinguiu o padre como seu substituto,Tupã é abaré oîmoîa'ok gûekobîaramo,,
"A noite toda não durmo, absolutamente",Pysaré n'aker-angáî,,
abraçando a cintura de teu parceiro,nde rapixara ku'a îubana,,
Como diz a gente antes de dormir?,Marã e'ipe asé o ké îanondé?,,
Levamo-los uns atrás dos outros,Oroerokûaka'ar,,
ajuntamento de taquaruçu,takûarusu-tyba,,
Segundo o julgamento de nós por Deus,Tupã îandé rekomondykaba rupi,,
Fecundei-a,Aîmenõ,,
Não o amo ainda,Nd'a'éî saûsupa ranhẽ,,
Eu não sou grave nos meus atos,Na xe rekoposyî,,
Pode a gente vê-lo aqui também?,E'ikatupe asé iké bé sepîaka?,,
"Não sou diferente dele, pareço-me com ele",N'aîabyî,,
Como será que estão minhas amantes?,Marãngatupakó xe agûasá rekóû ri?,,
"Levaram-no para um certo palácio, fazendo-o entrar, reunindo soldados fortes ali por sua causa","Ogûerasó amõ okusupe seroîkŷabo, a'epe maranaritekoaratã reŷnhanga sesé",,
Os que vivem para isso transgridem muito a lei,Ikoba'e resé tekoara oîaby-eté tekó,,
Hei de reavivar a velha guerra,T'aîopũne marandûera,,
Achegamo-nos um ao outro,Oroîoerobyk,,
Eu estou fendido,Xe îurubok,,
Estou a latejar,Nyn-nyng a'é,,
Que ele se compadeça de mim,Ta xe raûsubar,,
O próprio Pedro mandou-me fazer proceder assim,Pedro aé emonã xe moingó-ukar,,
Corto-lhe a pele,Aîpi-mondok,,
No meio dos anjos fê-la subir,Karaibebé pyterype supiri,,
Eram compridas algumas cordas,Iîysapuku sama amõ,,
Livra-nos tu dos que nos querem mal,Oré pysyrõ îepé oré amotare'ymbara suí,,
"Como ele, também, curaste os doentes",Supi bé eremombûeîrá mara'abora,,
Eis meus chifrões,Kó xe 'akusu,,
Poluiu-se outrora teu filho por tu o desejares?,O'ẽpe erimba'e nde membyra nde i potasápe?,,
Hei de cobrir-te,T'oropyk,,
Eu estou cambaleando,Xe agûy-agûy,,
nesta semana,kó somana pupé,,
"cabelos muito arrepiados, grenha",a-tyrá-tyrá,,
"Sim, eis aqui também minhas garras, meu rabo comprido","Îé, kó bé xe pûapẽ, xe rûaîpuku",,
Todas as aldeias abrasou,Opabẽ taba mondyki,,
Todos os seus discípulos para tuas mãos fazendo passar,Opá o boîá nde pópe i mongûapa,,
"Igualmente a morte está entre os moços e entre os velhos, não distante","Oîoîá te'õ rekóû kunumĩgûasu suí tuîba'e suí bé, n'apûéî",,
Para a aspersão de seu aposento e de seu próprio corpo,O koty og o'o repyîagûama resé,,
da mesma maneira,emonã bé,,
Que esteja tudo o que está na terra segundo a tua vontade,T'oîkó pabẽ ybypesûara nde remimotara rupi,,
"A dança é que é boa, enfeitar-se, pintar-se de vermelho","Moraseîa é i katu, îegûaka, îemopyranga",,
Como modo de espantar o diabo,Anhanga mondyîtabamo,,
Dançaram a noite toda,Oporaseî pysaré,,
Dormiu comigo,Xe posé i keri,,
É muito belo teu nome,I porãngatu nde rera,,
seu fechamento,i 'o,,
Eu estou cansado,Xe kane'õ,,
vagem seca (pronta para ser colhida),Topé-tininga,,
Eu tenho casca (de ferida) erguida,Xe pé-bur,,
Onde tu roubaste?,Umãmepe nde mondá?,,
"Vem, espantando o diabo, para não nos vencer","Îori, anhanga mondyîa, oré moaûîé suí!",,
"Finjo que o levo, faço que o levo",Arasó-rasó-a'ub,,
"Assim como a gente reconhece o dia dos santos, do mesmo modo, também, até mesmo seus ossinhos a gente cultua, tendo-os no pescoço","Oîabo asé santos 'ara kuabi, oîabo bé asé i kangûerĩ tiruã momba'etéû, o aîuri serekóbo",,
Antigamente estes habitantes da aldeia sob minhas mãos estavam,Akûeîme kó tabygûara xe pó gûyrybo sekóû,,
Ponho-os um(s) diante do(s) outro(s),Aîmoîobaîxûar,,
A noite não perceberemos,Putuna nd'îaîandubi xûéne,,
"Vinde para comer a criança, o cuidado de Deus","Peîori pitanga gûabo, Tupana resaetá",,
"corda de panacu, a que vai pela cabeça daquele que o leva",panakũ-sama,,
"Viram somente muitas chamas, parecidas com as línguas da gente","Tataendy-etá, asé apekũ abŷare'yma anhõ osepîak",,
fibras muito grossas,pó-anamusu,,
Em terra não os fazendo transformar,Ybyramo i moingó-ukare'yma,,
"Ó! Isso não seria possível contar, ainda que o sol se pusesse!","Tó! Aîpó n'i papasabi, kûarasymo oîké îepémo!",,
"Do nada fez nossa alma, com sua palavra é que ele a fez","Nama'eruã oîmonhang asé 'angamo, o nhe'enga pupé é i monhangi",,
Que fuja o diabo dele,T'onhegûasem Anhanga i xuí,,
rio dos robalos,kamuri-'y,,
"Estava ele despido, sem mais, em público?",Ikatupe nhẽpe sekóû te'yîpe?,,
Ali ias por ocasião dos feriados,A'epe 'aretéreme eresó,,
Em minhas mãos bem os tenho,Xe pópe arekó-katu,,
"Mesmo vingando-se dos que o maltratam, o homem transgride a palavra de Deus?",-Ogûerekomemûãsara resé oîepyka tiruãpe abá Tupã nhe'enga abyû?,,
o que está no pote,kamusi pora,,
este outro (e não ele),kó-te,,
"Os cristãos, na verdade, não pecam pouco","Karaíba, ipó, n'oîkoangaîpá-pyrybi",,
Foi agora de primeira vez,Aramõ,,
Tinjo-o de vermelho (com urucu),Aîpitu-pyrang,,
sofrendo a fome e a sede,"ambyasy, 'useîa porarábo",,
"Dançaram a noite toda, fazendo feitiçarias","Oporaseî pysaré, oîemopaîeangaípa",,
muitíssimo rechonchudo,asangusugûasu,,
Já se juntaram por causa disso as velhas e os velhos,Onheŷnhang umã sesé gûaîbĩ tuîba'e abé,,
Meu filho que mama,Xe membykambu,,
nosso pai verdadeiro,îandé rubeté,,
Enfileirei-os,Aîmoysyrung,,
Não,-Oîporará bépe mba'e amõ a'epe oîkóbone? -Aani xûéne - Sofrerão ainda alguma coisa aí vivendo?,,
Fazendo Deus descer consigo do céu,Tupã reroîypa ybaka suí,,
Vou à caça,Ka'abo asó,,
"Ando à caça (lit, estou pelas matas)",Ka'abo aîkó,,
"Estamo-nos espalhando (isto é, andando espalhados)",Oronhemosasãî oroîkóbo,,
"Eu sou um guará-guaçu, uma onça","Xe agûaragûasu, îagûara",,
"Deus deu, então, determinações para nosso pai primeiro?",Osekomonhangype a'ereme Tupã îandé rubypy?,,
"E suas velhas roupas, que fizeram com elas?",I aogûerape marã serekóû?,,
"Como a esses, mato os que costumam pecar","Anga îá, angaîpabora aîuká",,
"Mostrando-o aos judeus, querendo fazê-lo ir, sem mais","Îudeus supé sepîakuká, i mondó-nhẽ-motá",,
Honra teu pai e tua mãe,Eîmoeté nde ruba nde sy abé,,
O oposto do comer demais é comer somente o suficiente,Mba'e 'u-eté-eté robaîara oîá nhote mba'e 'u,,
chifre de boi,tapi'irusu 'aka,,
"Um ou outro, porventura, foi mau, às vezes","Oîepé-ĩombé, nipó, i angaîpab amõme é",,
Num dia semelhante a este,Kó 'ara nungara pupé,,
Feri-o,Aîkutuk,,
de que parte? (mais específico que donde?),mamõ-ngoty suí?,,
Hei de louvar muito meu pai,Aîmoeté-katupe xe ruba ká,,
Hoje mesmo havemos de fazê-lo sumir,Kori bé t'i mokanhẽ,,
Estava nascendo sem ela se desvirginar,I puke'ỹme nhẽ o'a oúpa,,
Fundei uma aldeia,Atabypyrung,,
Constantemente,-Mba'e-mba'eremepe asé îeruréû i xupé? -Îepi nhẽ - Em que ocasiões a gente reza para eles?,,
No transcorrer de quatro gerações,Oîoirundyk îeapyká sykápe,,
Filho de quem és tu?,Abá ra'yrape nde?,,
Esforço-me muito,Anhemoatãngatu,,
Inchei,Abur,,
"Por te fazer trabalhar um homem branco, trabalhaste num dia que deve ser guardado?","Karaíba nde moporabykŷápe, ereporabykype 'ara i momba'etepyra pupé?",,
Derrubei as folhas dela,Aîmonguî soba,,
Pus-lhe touca,Aîakangaó-rung,,
"Iria a gente para o céu ao batizar-se, sem mais?",Osó nhẽmope asé ybakype o nhemongaraibireme?,,
O resto de minhas presas trouxe para a rainha,Xe rembiara rembyrûera arurĩ reîa supé,,
o que vai,osoba'e,,
"Os temiminós de dia confessam seus pecadilhos, somente",Temiminõ 'arybo nhẽ oîmombe'u o angaîpá-mirĩ anhõ,,
"outro dia, já não agora",irã é irã,,
Quero muito mesmo todas as aldeias destruir,Aîpotá-katutenhẽ opabĩ taba mondyka,,
"o que é viúvo, o viúvo",seremirekoe'õba'e,,
"Eia, afasta-me depressa!",Ne'ĩ taûîé xe reîyîa!,,
"Hei de ir para onde me mandam Mesmo porque eu, por vontade, assim quero fazer","Îé t'asóne xe mondoápe Memeté ixé, xe py'ape, emonã tekó potá",,
"Hei de dar ovas de peixe para ti, retribuindo","T'ame'ẽne pirá ruba endébo, ûiîepyme'enga",,
Deseja o menino mamar,I kamu-seî kunumĩ,,
"Imediatamente, de seu próximo eles se vingam, chacoteando-os","Aûnhenhẽ o apixarĩ îepyki, i kurapa",,
Não oporão resistência um ao outro,N'onherani xûéne o îoupéne,,
Eu estou morno,Xe rakubaíb,,
Ainda hoje os malditos queimam,Oîeí bé muru kaî,,
"Minha nação, outrora, estava segundo a lei primeira","Xe anama, erimba'e, tekó-ypyramo sekóû",,
O pecado de um primeiro homem branco foi a causa de sua entrada neste mundo,Oîepé karaíbypy rekoangaîpaba ikó 'ara pupé seîkeagûera,,
"Toda a aflição envolvendo o homem, enfim",Opá tekotebẽ abá amana ko'yté,,
Eis que eu vou,Té ixé gûixóbo,,
Como um galo te deitas,deitar-se - Gûyrá-sapukaîa îabé ereîetu'u,,
Os pássaros eram relativamente poucos,Gûyrá setapokang,,
O que não foi morto,I îukapyrûere'yma,,
Eu sou ligeiro de mãos,Xe pobebuî,,
As canoas eram muitíssimas,Ygara setá-katu,,
Digo novamente,A'é benhẽ,,
Como recompensa de seu afastamento da vida má,Tekó-angaîpaba suí o îepe'aagûera repyramo,,
Pecado que assassina as pessoas,Tekoangaîpaba oporapitiba'e,,
Em vão o padre quer convertê-la a Deus,E'i tenhẽ abaré Tupã resé serobaka potara'upa,,
"Esconde-te, fica quieto","Enhemim, nde kyrirĩ",,
Amarram suas mãos fortemente,Îapopûar-atã,,
"Enfeitaste-te, pintando-te, tendo desejos carnais?",Erenhemoatyrõpe eîegûaka nde poropotaramo?,,
"Eis que eu amo vossas almas, aformoseando-as, embelezando-as","Xe ikó asaûsu pe 'anga i moaysóbo, i momoranga",,
Que eu deteste muito o diabo,T'aroŷrõngatu Anhanga,,
eco de minhas palavras,xe nhe'ẽ-'anga,,
Eu sou muito manchado,Xe rabará-barab,,
Levo de má vontade,Arasó-îeaseî,,
"Eia, que mores com o senhor Nicolau","Ne'ĩ, t'ereîkó pa'i Nikorá irũ",,
O que não é morto,Miîukae'yma,,
Quer perdoar muito a nós,I nhyrõngatu-potá îandébo,,
"Ergueu-se com as feridas de suas mãos, de seus pés e de seu flanco?","O pó, o py o yké kutukagûera bépe erimba'e ogûeropu'am?",,
o resgate de minha alma,xe 'anga repymondykaba,,
Não (sofreria),-Nd'oîporaráî xûémop'asé mba'e amõ 'ara pupé oîkóbomo? - Aani xûémo - Não sofreria a gente coisa alguma vivendo no mundo?,,
"Eu tenho boa fala, eu sou bom falante",Xe nhe'ẽngatu,,
Trazendo algumas linhazinhas,Inimbó'i amõ reru,,
Todos os cristãos honram-me muito,Opakatu karaíba xe momba'eté-katu,,
prensa de cana-de-açúcar,u'ubae'ẽ pokasaba,,
Tiveste gozo com tuas lembranças de teus pecados antigos?,Ereîmborype nde angaîpagûera resé nde ma'enduasaba?,,
São muitas as coisas que são causa de impossibilitar os casamentos,Setá mba'e mendara moabaipaba,,
"lugar de vender carne, açougue",so'o ma'e'ĩndaba,,
"Apresso-me hoje, por causa da tua fama","Xe apuãnamo kori, nde rerapûana resé",,
"Ai, por mais que eu esteja procurando alguma pousada, irra, faz-me sair sempre da aldeia o padre","Akaî! Aseká îepé mytasaba amõ gûitekóbo, erĩ!, xe mosẽ memẽ taba suí abaré",,
"Eis que sou eu mesmo, já vos disse isso","Ixé aé ã, a'é umã n'akó peẽmo",,
"A ponte derrubam, querendo que a canoa passe","Îarybobõ omonguî, ygara kuabĩ potá",,
cheirando as coisas,mba'e retuna,,
Que eles sofram junto dos malditos!,Ta sasy muru supé!,,
Contas o nome de alguém quando te confessa o padre?,Ereîmombe'upe abá rera abaré nde monhemombegûápe?,,
"Que dizes, de costume, ensinando as pessoas?",Marã eré-p'amẽ eporombo'ebo?,,
Sendo também odiados,Seroŷrõmbyramo oîkóbo bé,,
E preocupai-vos hoje em dia com as futuras penas de vosso agir assim?,A'epe emonã pe rekopûera repyrama resé koyr-y bé penhemosako'i,,
Somos desiguais um do outro,Oroîoaby,,
Estando como seu guardião (ou sendo seu guardião),Serekoaramo ûitekóbo,,
Oxalá chegasse então,Temone a'ereme osykamo,,
Para que sejamos dignos do que Cristo prometeu,T'oré angaturãne Cristo remienõîûera resé,,
A gente vê aquela coisa branca e sua redondeza também,"- Akó morotinga, i amandaba bé asé osepîak",,
"Adversária da morte, senhora da vida","Te'õ rupîara nhẽ, tekobé îara",,
"Por causa disso, somente, Deus os fez ser diabos",Sesé nhõ Tupã i moingóû Anhangamo,,
"Irra, gambá!","Erĩ, sarigûeîa é!",,
"casa que seria, o que seria casa",okambûera,,
"Por isso mesmo, amando-a, não a fez carecer de nenhuma virtude",Nd'e'i te'e tekokatu amõ resé i mopaneme'ymi saûsupa,,
Castigar os que procedem mal,Oîkó-memûãba'e renonhena,,
Não me enternecendo eu pelo que morreu para me resgatar,Xe repyramo omanõba'epûera ri xe akyre'ymamo,,
Que tenha reparação o teu roubo,Ta sepy nde mondagûera,,
Eu sou resplandecente,Xe kanugûá,,
Eu estou com dúvida,Xe 'angetaetá,,
"Entram grandes espinhos, espetando sua cabeça, furando-a toda","Oîké îugûasu, i akanga kutuka, opá i mombuka",,
sendo ele bom,okaturamo,,
"Tem o homem, geralmente, muitas palavras em vão quando se aproxima de sua morte",I nhe'engetá tenhẽ nakamẽ abá ogûe'õ kakareme,,
o que será morto,miîukarama,,
enquanto ele não vem,ture'yma pukuî,,
"O dia de São Sebastião, em que ele morreu, os cristãos comemoram para se santificarem","S Sebastião 'ara, se'õagûera, cristãos oîmoeté oîemotupana",,
Embarquei,A'ar,,
enforcador,aîubykara,,
Eis que aqui estou para quebrar tua cabeça por causa de tua arrogância,Kó aîkó nde akanga kábo nde îerobîara suí,,
raro,pokangi nhõte,,
"E se dividirem seu sangue em pequenas partes, em cada uma delas está?",A'epe sugûy moîa'o-mirĩ-mirĩneme i îabi'õpe i kûáî?,,
forno de cal,itaku'i-apŷaba,,
"Com uma lança espetaram seu flanco, causa de verterem imediatamente dele água e seu sangue",Minusu pupé iî yké kutuki aûnhenhẽ 'y sugûy abé i xuí i 'ẽaûama,,
Feri-o,Aîosok,,
esporão de embarcação,ygá-tĩkupeara,,
"Ah, que atrevido!",Tekatueté mã!,,
Dizendo palavras más acerca de coisas nojentas,Mba'e-poxy koty onhe'engaíbamo,,
Isto pela primeira vez,Ang é,,
"Na igreja, publicamente, diante de duas pessoas","-Umãmepe i poromomendari? -Tupãokype, ikatupe nhẽ, mokõî abá robaké -Onde ele casa as pessoas?",,
mais de vinte,vinte sosé,,
Meu senhor te mata,Nde îuká xe îara,,
"Que conheça o caminho do céu, obra de Deus (lit, o que Deus faz)","T'oîkuab ybaka piara, Tupana remimonhanga",,
"Por que tu me abandonaste, ó meu senhor?","Marãnamo-piã xe pe'a îepé, pa'i gûé?",,
o que é (ou deve ser) medido,sa'angymbyra,,
"Eis meus chifrões, meus dentes","Kó xe 'akusu, xe rãnha",,
o que foi pão,miapepûera,,
Como que em asas de pássaro,Gûyrá pepóbo pyryb,,
Fico-me espreguiçando,Aîepoká-poká,,
Mas será que foi mesmo?,Osó-tepe ra'e é?,,
-Por isso nós rezamos aos santos? Por isso,-Emonãnamope asé îeruréû santos-etá supé? -Emonãnamo,,
glória vã,îerobîá-tenhẽa,,
Eu sou melhor,Ixé xe katueté,,
Obedeces a eles quando te fazem viver no vício?,Eresapîápe tekopoxy resé nde moingóreme?,,
Não durei,Nd'aîkopukuî,,
Lançando fora a sujeira de minha alma,Xe 'anga ky'a reîtyka,,
São más essas folgadas,I angaîpá kó kena'ĩ,,
Eu sou liberal,Xe mosakar,,
A ti é que matam?,Ndepe nde îuká?,,
"Vem para me fazer regozijar, dando tua boa lei","Îori xe moîekosupa, nde rekokatu me'enga",,
Que não vá longe a esposa,T'osó umẽ temirekó kûepe,,
Estamos em intercalação,Oîoparabamo orokûab,,
Na dor dos ciúmes ficaste suspeitando das mulheres?,Tygûyrõ rasype é kunhã eremondá-mondá?,,
rastro da cobra,mboîa kuapagûera,,
antigo jazigo,tupagûera,,
para cá olhando furtivamente,kûybõ oma'ẽ-nhemima,,
Confessando a gente,Asé monhemombegûabo,,
fundura dele,typy,,
o que se envergonha,otĩba'e,,
o molengão que convido,xe remipoîmembeka,,
o que tem ponta em forma de nádegas,seîkûaratĩba'e,,
Virei-me a cabeça para um e outro lado (dizendo que não queria),Anheakã-mobabak,,
coisa rapada,mba'e-apina,,
Nem mesmo água eu tenho,Y tiruã n'arekóî,,
Vai-te daqui já!,Ekûá ké suí raá!,,
Tosei-o bem,Aîmoapererá-katu nhote,,
Por isso mesmo não tinha maldade antes de se destinar para mãe de Deus- Filho,Nd'e'i te'e o poxye'ymamo Tupã-Ta'yra syramo o îe'o îanondé,,
Obedeceremos a suas palavras quando ele determinar a respeito do futuro procedimento de nossa alma?,"Osapîápe asé i nhe'enga, o 'anga rekorama resé o moingóremene?",,
Para não fazer enlamear a alma da gente,Asé 'anga motuîukukare'yma,,
Em nossa testa põe a cruz e sobre nosso coração também,Asé sybápe cruz moíni asé nhy'ã 'arybo bé,,
Eis que aqui pertinho vem,Kote'ĩ turi kó,,
Como vos parece?,Marãete'ĩ-pipó peẽmo?,,
Estou como mensageiro,Paresaramo aîkó,,
Vou a pé,Xe py resé nhẽ asó,,
"Mas foi, porventura?",Osó ruã-tepe é?,,
"o que é de cada dia, coisa cotidiana",îepimemẽndûara,,
"Não digas por aí, falsamente, a respeito de ninguém",Nd' eré mõ tenhẽ umẽ abá resé,,
"O grande chefe Aimbirê, o pervertedor dos índios","Tubixá-katu Aîmbiré, apŷaba moangaîpapara",,
Com algumas coisas que são saborosas,Amõ seba'e irũmo nhẽ,,
nunca mais,aani xûé ko'yténe,,
Qual foi o primeiro?,Umãba'e ranhẽpe erimba'e oîkó?,,
O proferir das ladainhas,Ladainhas ra'angaba,,
"Arranca-te o nome por causa dos malditos, para que sejas muito famoso",Eîerok moxy resé ta nde rerapûãngatu,,
Todos os que estão nesta aldeia conta como seus filhos,Opá kó taba pupîara o membyramo i papari,,
Que ela nos destrua para que vivamos contigo,"Orébe t'oré mondyki, nde irũmo t'oroîkobé",,
Permaneço eu o seu guardião,Aîkobé n'ixé sarõana,,
"Por causa de sua esposa, o marido dela não temeu comê-lo","Ogûemirekó resé, i mena nd'o'u-poûsubi",,
Minha família fez-me vir,Xe anama xe mbouri,,
O desejo de sumir para longe enche seus corações,Mamõ nhẽ kanhẽ-motara i py'a îaîporaká,,
Como resgate de todos os que irão para o céu,Opakatu ybakype osoba'erama repyramo,,
Eu sou redondo,Xe apỹî,,
armação de leito,inimbebytá,,
"Estamos nos ferros ao pescoço um do outro (isto é, estamos presos nos ferros um ao pescoço do outro)",Oîoapyri oroîkó itá resé,,
"Sabendo que Deus te fez sair daquela escuridão, honra a Deus","Aîpó pytunusu suí Tupã nde mosemagûera kuapa, eîmomba'eté Tupã",,
"Como um galo te deitas Somente te toca alguém, imediatamente vais para o teu terreiro para cantar, teu esporão arrebentando contra ele","Gûyrá-sapukaîa îabé ereîetu'u Nde atõî nhote abá, aûnhenhẽ eresó nde rokápe enhe'engá, nde rapopé moboka i xupé",,
Vêem somente sua grandeza e sua formosura,O îoe'yîa anhõ o aysó abé osepîak,,
Amarrei-me o cabelo,Aîe'a-maman,,
Mas os aracajás deleitam-se com eles,Arakaîá-te ombory,,
"Espera! Que venha o maldito, primeiro, chegando com sua ferocidade","Enhambé! T'oú-te muru, ranhẽ, o nharõ rerobasema",,
Por lavar a sujeira de nossa alma,Asé 'anga ky'a reîme,,
Aqueles serão consolados,A'eba'e i moapysykypyramo sekóûne,,
Oponho-me a ele,Asobaîar,,
O resto de minhas presas trouxe para a rainha,Xe rembiara rembyrûera arurĩ reîá supé,,
Breei o casco dele,Aîapé-kytyk,,
Meu senhor me mata,Xe îuká xe îara,,
Morreríamos certamente antes que contasse para as pessoas o que viu,Îamanõ îepémo serã sepîakagûera abá supé mombe'u e'ymebémo,,
A gente morrerá com sua crença também?,Serobîara bépe asé ogûeromanõne?,,
Deve certamente ter agido assim,Emonã ipó sekóû re'a,,
Eu tenho criações,Xe reîmbab,,
"Ah, quem me dera o tivesse matado!",Aîuká me'ĩmo mã!,,
cria de seus animais,gûeîmbaba îeapyká,,
tendo falta de um confessor seu,o monhemombe'ûarama resé oîkotebẽmo,,
Bebe cauim também minha sogra,Oka'u bé xe raîxó,,
Hei de contar os pecados deles para que tu me acredites,T'aîpapáne i angaîpaba ta xe rerobîá îepé,,
"E os rapazes que perseguem mulheres, querendo escravas bem nas casas de cristãos?","A'epe kunumĩgûasu kunhã oîmomosemba'e, miaûsuba potá nhẽ karaibokype-katu?",,
Ergui a espinhela,Aîpusû'ã-mogûyr,,
"o que é (ou deve ser) aumentado, multiplicado, etc",irumõmbyra,,
"Quiseste embebedar-te outrora, impregnando-te de cauim?",Eresabeypó-potarype erimba'e kaûĩ pupé enhemomungábo?,,
Foi à frente de mim,Osó xe renondé,,
Que fazes?,Marãpe ereîkó?,,
Desenrolei-o,Aîorab,,
Estou em pé (sem me mexer),A'amĩote,,
"(lit, o arrancar todos os paus do lugar de carpir) roçado antes de se queimar",kopisaba 'ybapaara,,
"Ao passar a quarta-feira das cinzas sagradas, começa o grande jejum chamado Quaresma","Quarta-feira-tanimbu-karaíba rasápe îekuakupabusu, Quaresma 'îaba nheypyrungi",,
Eu sou velho,Xe ymûan,,
Arrancando nossos vícios,Oré rekopoxy 'oka,,
"Tudo, mesmo o que está no coração da gente, Deus vê?",Opakatupe Tupã asé py'apendûara tiruã repîaki?,,
Perguntou novamente a eles Nosso Senhor?,Oporandu benhẽpe Îandé Îara i xupé?,,
Logo ao ouvir o nome dela eu me escondo em outra parte,Serenduba rupibé amongoty xe nhemimi,,
"Que ouça, então, alguma coisa, para fazer estar bem sua alma",T'oîapysaká a'ereme marã o 'anga moingó-katuagûama resé,,
Só isso está acima de tudo o que deve ser desejado,A'e anhõ opakatu i potarypyra sosé,,
"Mas apanha, antes, meu chefe!",Eîá-te xe rubixaba!,,
É muito belo o teu nome,I porãngatu nde rera,,
Já fica ansiosa por vê-lo,Omoanhẽ ymã sepîakûama,,
Minh'alma faz firme,Xe 'anga moteni,,
Calei a boca dele,Aîîuru-pyk,,
"Como a estes por aqui, farão comigo após minha morte","Koba'e îakatu mbype, xe re'õ roîré ybŷá xe rerekóûne",,
"Como símbolo de sua união com ela, temos o casamento",Sesé i nhemonanagûera ra'angabamo mendá îarekó,,
Eis que o sábado reservou para a cessação do trabalho nele,Aîpó sábado pysyrõû i pupé ybŷá morabyky suí o pykápe,,
Manquejo,Xe ate'ẽ,,
Vou para fora,Asó mamõ,,
Escarneceste de mulheres?,Ereîemoîoîaîpe kunhã resé?,,
Nasceu para nós hoje,O'a îandébo kori,,
"no meio de, no centro de",pyteri,,
Atravessam suas mãos juntamente com seus pés,Îaîpó-asá-sá i py resebé,,
"pelos dias, a cada dia",ara rupi,,
Perdoa tu nossas maldades,Nde nhyrõ oré angaîpaba resé,,
O que pratica ainda os velhos hábitos dos avós,Tamyîa rekopûera oîporubyteryba'e,,
Os tupinambás que esfregavam a seu Deus arrasamos todos,Tupinambá i Tupã osyba'epûera opakatu îamombá,,
"O que vê o furto de alguém, sem se importar",Abá mondarõ osepîakĩba'e,,
Ficaste detendo contigo alguma pessoa?,Ererokûé-rokûerype abá amõ?,,
Com sua própria irmã não pode ninguém se casar,O endyra resé nd'e'ikatuî abá omendá,,
Mas livra-nos tu das coisas más,Oré pysyrõ-te îepé mba'e-aíba suí,,
Farto-o,Aytarõ,,
Que há aqui semelhante a um canindé azul?,Mba'epe ké kanindeoby îasûara?,,
Como que voando muito rapidamente,Korite'ĩ-aibeté obebébo berame'ĩ,,
Muito escura é a alma do que não é batizado,O pytumimbykamo nhẽ nhemongaraibypyre'yma 'anga rekóû,,
estando tu por longo tempo preguiçoso,nde ate'ỹ-mukuramo,,
Eu desmaio,Xe resapytumbyk,,
Ainda que estivessem presentes as coisas de alguém na prisão,Oubé rakó abá mba'e mundépe oína biã,,
confessar-se a cada ano,Seîxu îabi'õ nhemombe'u,,
Para a coutada do rei ele foi para cortar madeira,Morubixaba ybyragûype ahẽ sóû ybyrá 'apa,,
"cepo, o toco da árvore que foi cortada",ybyrá-ypypûera,,
Sucedeu-me uma tormenta,O'ar 'yaíba ixébo,,
Fazendo-o transformar-se em seu próprio sangue,Og ugûyramo i monhemonhanga,,
Fui ao caminho dele,Asapependûar,,
Comemoramos seu nascimento,I 'aragûera îaîmoeté,,
"Está muito cheia Santa Maria daquela coisa muito boa chamada ""graça""?","Tynysẽngatupe Santa Maria aîpó mba'e-eté ""graça"" 'îaba resé?",,
Coisa enlameada!,Mba'e-u'uma!,,
Trazei alguns assentos,Peru apykaba amõ,,
Bem feito! Ambos queimareis em conjunto,Iîamuru! Mokõîbé pekaî oîepegûasune,,
O anjo entrou para junto dela,Karaibebé reîkéû i xupé,,
Fazendo-o derramar de si mesmo por nós,O îesuí i mo'ẽuká asé resé,,
Apartaste alguma mulher de seu marido?,Ereîmombo'irype kunhã amõ i mena suí?,,
Estendi o arco,Aurapá-pirar,,
"Ao cair a morte neles, as almas dos homens morrem",Oîoesé te'õ 'asápe abá 'anga re'õû nhẽ,,
residente na capuava,kapŷápe tekoara,,
"Que disse após prová-la (isto é, a bebida)?",Marã e'ipe sa'ang' iré?,,
"Depois disto, guarda-te de ser mau",Angyba'e roîré teumẽ nde poxyramo,,
"Será que estais sossegados, como os que não vêem a morte?",Pe apysykĩ serã peîkóbo te'õ repîakare'yma rame'ĩ?,,
Bebendo cauim durante a noite,Putuna rupi okagûabo,,
Comeste gente?,Ereporupe?,,
"Suas túnicas ficando a rasgar, estando furiosos",O aobusu mondoró-ndoroka o marãmotaramo,,
o batizado,i moîasukypyra,,
"o que delata, o delator",kuaukasara,,
flechar gente,moro-ybõ,,
Não por ir eu,Na xe sopeî,,
Reconhecendo que tu és o seu próprio criador,O monhangaramo nde rekó kuapa,,
Ficaste suspeitando de teu próximo em teu interior?,Ereîmondá-mondápe nde rapixara nde py'ape?,,
Eu tenho inclinação a pedir,Xe îeruresûer,,
Como estava orando a seu pai?,Marãpe seni og uba mongetábo?,,
"cabo de espada (lit, cabo de dedos)",y-pûã,,
"Detestando seu pecado, a transgressão da palavra de Deus","O angaîpaba, Tupã nhe'enga abŷagûera reroŷrõmo",,
Imediatamente eles se vingam de seu próximo,Aûnhenhẽ o apixarĩ resé îepyki,,
dia muito bom,arangaturameté,,
água salgada estagnada,ye'ẽ-mbyka,,
"como isto, como este",koba'e îá,,
Que venha para nos curar,T'oú îandé posanonga,,
"Como que fazendo as pessoas viverem, mas não de verdade","Oporomoingobébo rame'ĩ, na supi ruã-te",,
Cubro-o,Aîaso'i,,
O que manda a um falso pajé ficar defumando a si,Paîea'uba supé onhemotimbó-timborukaryba'e,,
Que o deixem estar,Te'inhẽne oîkóbo ká,,
Sossegai longe de mim senão vos queimo,Penhemongatu mamõ xe suí n'opoapyî,,
"vão oco de alguma coisa, o vazio do meio de alguma coisa",apyterybỹîa,,
"Fica pondo armadilhas, querendo fazer a gente entrar","Oîekotyrũ-tyrung, oporomoingé-potá",,
Disse isso conhecendo o futuro esmagamento dos habitantes daquela cidade chamada Jerusalém,Akûé tabusu Îerusalém 'îaba pora mombebaûama kuapa nhẽ aîpó i 'éû,,
"na ponta, na extremidade",apyri,,
"Meus companheiros, hei de ver o feriado santo","Xe rapixarĩ pabẽ, 'areté-angaturama t'asepîáne!",,
"Caem, às vezes, os frutos de suas árvores",Okuî rakó amũme 'ybarambûera o 'yba suí,,
Geração da alegria,Toryba nhemonhangaba,,
Mais que a todos os seres humanos embelezou-a,Abá sosé pabẽ i momorangi,,
"Vamos para assaltá-la, atacando pelas costas a mãe de Deus","Îasó sesé îapu'ama, Tupana sy kupe'apa",,
"Amarram suas mãos firmemente, fazendo-lhe mal","Îapopûar-atã, i moangaîpapa",,
Envergonho-me de minha feiúra,Anotĩ xe aíba,,
"Com uma lança de ferro espetou seu flanco, estourando suas entranhas","Itamina pupé iî yké kutuki, i nhy'ã moboka",,
"Por isso mesmo o homem, com a virtude, dá asas a si para voar",Nd'e'i te'e abá tekokatu pupé onhemopepóbo o beberama resé,,
Escondeste alguma coisa que estava na igreja?,Erenhomimype erimba'e Tupãokygûara mba'e amõ?,,
Fiz agouros a ele,Asanong,,
com tua realeza temível,nde reîabaîté pupé,,
Cerquei-os,Aîopîar,,
Eis que aqui estou,Kó é aîkó,,
Vamos comigo somente até Nhoesembé,T'îasó xe irũnamo Nhoesembépe nhote,,
Vais neste dia,Eresó kó 'ara ri,,
"Coisa enlameada, porco!","Mba'e-u'uma, taîasu!",,
buraco das orelhas tapados,apysakûá-îe'o,,
Sobre a cruz pregando meu senhor,Krusá sosé nhẽ xe îara moîá,,
"Não tem limite, não tem fim","-N'i sykabi, n'i papabi",,
"Que tenhamos, em sua morada, junto de ti, a vida eterna","T'orogûerekó, setã-me, nde pyri, tekó-puku",,
Usaste feitiço para que não viessem?,Mosangape ereîpuru ture'ymagûama ri?,,
"Ah, que bom seria se eu tivesse ido ontem!",Marãîasûaramo xe sóû kûesé mã!,,
Eu sou luzente,Xe rendypuk,,
Trabalhaste em conjunto por ocasião dos feriados?,Erepotyrõpe 'aretéreme?,,
Os que tu apresarás são reis,Nde rembiarama é oîkobé morubixaba,,
Será que a noite toda ages para fazer sumir as galinhas?,Pysaré serã ereîkó arinhama mokanhema?,,
o que te põe a nu,ikatupe nde moĩndara,,
Eu sou fingido (nas palavras),Xe nhe'engyrygûan,,
Pagaste já o objeto de teu furto?,Eresepyme'eng ygûãpe nde mondasagûera?,,
Compadecendo-se somente de oito que viviam segundo suas palavras e que gerariam filhos,Oito anhõ o nhe'enga rupi tekoara oporomonhangyba'erama raûsubá,,
Porventura fazes isso à toa?,Aîpó nhẽ-pipó ereîkó?,,
Eu sou garrido,Xe arũaíb,,
"Depois disso, hei de atacá-los",A'e ré t'asepenhan!,,
Encarreguei Pedro da lenha,Aîopûaî Pedro îepeaba resé,,
Eu tenho palavras sagazes,Xe nhe'ẽpokarugûar,,
Vem espantar o diabo para que não nos vença!,Îori anhanga mondyîa oré moaûîé suí!,,
Amo-o em vão,Asaûsub-a'ub,,
"Antigamente eu estava aflito, praticando meus vícios","Akûeîme aîkotebẽ, xe rekopoxy purûabo",,
Achaste-os por perto?,Mbype erebasẽ i xupé?,,
"Isso Nosso Senhor impede, repelindo-o das pessoas","Anga Îandé Îara oîmoabaíb, morosuí i mondóbo",,
Vem para nos guiar,Eîori oré pokoka,,
Ali é o lugar aonde eu vou,A'epe xe soagûama,,
Eu estou muito úmido,Xe rygûasu,,
"Um ou outro, somente, não faz esta aldeia pecar",Oîepé-ombé anhõ n'omoangaîpabi kó taba,,
algumas e poucas vezes,amõme nhõ,,
Temo por ele,Aronheangu,,
enxota-os de vossas almas,pe 'anga suí i mondóû,,
Pode a gente não proceder conforme o mandado do padre?,E'ikatupe asé abaré o pûaîtagûera rupi oîkoe'yma?,,
os daqui,keygûara,,
Pode alguém beber cauim?,E'ikatupe abá okagûabo?,,
Eu estou em pé (sem mudar de lugar),A'amĩ,,
Eu estou apressado,Xe ranhẽ,,
Procedo conforme tua palavra,Aîkó nde nhe'enga rupi,,
Atiça o fogo para o que cozinhas,Esatapy nde remimõîa,,
Caiu a chuva,Okyr amana,,
"Fome, sede, cansaço, quaisquer coisas sofrendo por nós","Ambyasy, 'useîa, kane'õ, mba'e tetiruã porarábo îandé resé",,
Apisoei-o,Aîapatuká,,
prato raso,nha'ẽ-mbeba,,
Fazendo-o estar com firmeza,Ten i mo'îabo,,
Estão sempre cheias as igaçabas Não abrem mão do cauim,Tynysẽ memẽ ygasaba N'i apori kaûĩ resé,,
Invocaste a Deus em vão ao mentires?,Eresenõî tenhẽpe Tupã nde îuraragûaîtápe?,,
Importuna-me muito aquela lei nova,Xe moaîu-marangatu aîpó tekó-pysasu,,
"Ficando eles a fazer guerras, ameaçam as cabeças dos índios","Omarãmonhã-monhanga, oîmomboî abá akanga",,
arrancando sua orelha,i nambi mondoka,,
Crendo na sua ida para o céu,Ybakype i xoagûera rerobîá,,
Desci com eles,Aroapy'am,,
"Ainda bem que vós três, novamente, queimareis juntos",Iîá mosapyr-y bé pekaî oîepegûasune,,
Qual o teu nome de batismo que o padre pôs?,Marãpe nde rerokaba abaré reminongûera?,,
Dizendo isso por pequenas coisas,Mba'e-mirĩ resé aîpó o'îabo,,
Dar de comer aos famintos,Ambyasybora poîa,,
"Sentaste-te por aí diante dalguma mulher, puxando teu pênis?",Ereîeapyk kûepe kunhã amõ supé nde rakûãîekyîa?,,
"Vinde, meus companheiros","Peîori, xe irũ-etá",,
rio dos sarapós,sarapó 'y,,
"De cada dez, repartir uma de nossas coisas com Deus",Opakombó îabi'õ Tupã supé oîepé asé mba'e moîa'oka,,
O oposto do desejo sensual é a pureza,Moropotara robaîara moropotare'yma,,
"Os que tratam de seu futuro casamento um com o outro não podem, depois disso, casar-se com outros",O îoesé o mendaragûama resé nhemongetasara nd'e'ikatuî a'e roîré amoaé resé omendá,,
Que saia o diabo dela,T'osẽ anhanga i xuí,,
esse outro,kûé amõaé,,
de que lugar?,manõîa suípe?,,
Deitando às pressas o capim,Kapi'i anhẽ rerupa,,
herança de meu pai,xe ruba mba'epûera,,
"Os ex-maridos, esses, malditos, não se repreendem",Mendûera kó re'a nd'e'i oîeakakapa,,
ao entardecer,karukĩneme,,
"Ao dizer ""Jesus"", o maldito tem medo","""Jesu"" 'éreme, moxy sykyîéû",,
Como estava Jesus quando ele o fez sair?,Marãete'ĩpe Jesus o enosẽme?,,
colar de ouro,itaîu-po'yra,,
Encalhemos,T'îaîar,,
"Ai, eis que é muito doloroso o que eu sofro perto do diabo!",Sasy iang xe remimborará anhanga pyri hegûé!,,
Quero muitíssimo todas as aldeias destruir,Aîpotá-katutenhẽ opabĩ taba mondyka,,
Confessa bem a nós que tu és o filho de Deus,Eîmombe'u-katu Tupã ra'yramo nde rekó orébe,,
Vivo de mariscos,Paranãmbora ri aîkó,,
"Vamos, como nós, para enfeitar nossas almas, para levá-las diante dele","T'îasó îandé îabé îandé 'anga moîegûaka, serasóbo sobaké",,
Mandou-os como diabos para fazer o fogo que não se apagará,Anhangamo nhẽ i mondóû tatá ogûeba'erame'yma monhanga,,
"Faço-me estalar as mãos (isto é, dou castanhetas)",Aîepó-mopuruk,,
O que é comum é aquela mulher esmagar nossas cabeças,Sekoaba'e kûé kunhã oré akanga i apiti,,
passagem costumeira de rio,Y-asapá-tyba,,
Eu tenho olheiras,Xe resagûyrumbyk,,
"Trouxeste muitas coisas, porventura?",Ereruretá serã?,,
"Para ele trouxeram, como oferendas, ouro, incenso e mirra","I xupé ogûeru îetanongabamo itaîuba, ysykatã syapûãba'e, mirra",,
Querendo ser servo de Deus somente,Tupã boîáramo nhõ oîkó-potá,,
Grita tu!,Nde rasẽ!,,
o que eu ensinei,xe remimbo'epûera,,
Fizeste que uma mulher se pusesse sobre ti para fazer sexo com ela?,Ereîmonhenongype kunhã nde 'arybo sesé eîkóbo?,,
"Da mesma forma, como componente deste mundo, a morte também entrou",Te'õ abé reîkéû ikó 'ara poramo oîá,,
Longamente irritando-se,Kype onhemoŷrõmo nhẽ,,
"Diante deles os diabos ajuntando-se, querendo engoli-los, estando a abrir suas bocas","Sobaké Anhanga onheŷnhanga, i mokona motá, oîeîurupirá okûapane",,
"Suspeito dele acerca de meu dinheiro (isto é, suspeito que foi ele quem o furtou)",Aîmondar ahẽ xe itaîuba ri,,
"O que tu escondeste, na verdade, onde tu roubaste?","Nde remimimbûera, anhẽ, umãmepe nde mondá?",,
"armeiro, fazedor de armaduras",itaaoba monhangara,,
"Viram somente muitas chamas, parecidas com nossas línguas","Tatá-endy-etá, asé apekũ abŷare'yma anhõ osepîak",,
"Tocaste nas partes erógenas de uma mulher, atraindo-te por ela?",Erepokokype kunhã rapupé resé sesé enhemomotá?,,
Ungir o padre com óleo bento o que supõe morrer,Nhandy-karaíba pupé abaré omanõ-mo'angyba'e pytuba,,
Lembra-te de mim!,Nde ma'enduá xe ri!,,
empobrecendo os índios,apŷaba mondyabó,,
"Eis que meu corpo não está disposto, amolecendo","Xe reté ã n'oîkoetéî, omembeka",,
Atrás de mim ele veio,Xe pytaî turi,,
Eu tenho um buraco grande,Xe kûarusu,,
no transcorrer de quatro gerações,oîoirundyk îeapyká sykápe,,
Faze sumir meu tentador,Emokanhem xe ra'angara,,
Furei-o,Aîmokûar,,
Consolando-se com a compaixão de Deus,Tupã o aûsubaraûama resé onhemoapysyka,,
Portaste-te mal com tua embriaguez?,Ererekó-memûãpe nde sabeypora?,,
"meu nome de meninice, meu nome de infância",xe kunumĩ-era,,
Eu sou trepador,Xe rybobõ,,
"Eia, pois, confessa o número daquelas tuas antigas omissões",Ene'ĩ a'e nde nhe'engerekoagûera papasaba mombegûabo rõ,,
Eu vim do rio dos paratis,Xe parati 'y suí aîu,,
"toda a noite, pelas noites",putunybo,,
"Tu, talvez para retribuir, atiras nele, o dia todo, a prostituição",Nde serã i poepyka sugûaraîy ereîapi ko'arapukuî,,
"São Pedro, com seus companheiros, tomou São Matias como apóstolo",São Matias S Pedro o irũetá resebé tari apóstoloramo,,
Espera um pouco,Enhambé ranhẽ,,
"Seu companheiro de guerras também é Bastião, o flechado",I maranirũ abé Bastião u'uborûera,,
"Ah, quem me dera eu fosse para o céu!",Asó temõ ybakype mã!,,
os que se compadecem de nós,îandé poreaûsubokara,,
Eu desmaiei,Xe re'õ'ar,,
Roupa branca põe na gente,Aó-tinga onong asé resé,,
Oponho-me a ele,Asobaîxûar,,
Saiu vivendo após o enterrarem,Osem oîkobébo o tym-y roîré,,
Para o inferno,-A'epe i 'anga mamõ i xóû? -Anhanga ratápe - E sua alma para onde foi?,,
Eu tenho a base fixa,Xe ypy-ten,,
Deixai de me prantear,Peteumẽ xe rapirõmo,,
"Eu tenho sorte com animais (isto é, eu caço ou pesco muito)",Xe mba'e-porang,,
"E, por outra parte, semelhantemente, o próprio mar será mais terrível do que foi seu costume",Kokoty paranã aé rame'ĩ o abaetéramo erimba'e gûekoagûera sosé,,
"Está molestando as pessoas, fazendo-as cair em erro","oporomoaîu oîkóbo, oporomotekokuabe'yma",,
Resisti-lhe (atacando-o),Anheran sesé,,
Eu sou ligeiro de mãos,Xe poesãî,,
areia preta,ybyku'i-una,,
Desfaleceram os maus,Onhemote'õ'a moxy,,
Forrei-o,Aîapeaob,,
Jazo de lado,Oykébo aîub,,
"Vem para espantar o diabo, para não nos vencer","Îori, anhanga mondyîa, oré moaûîé suí!",,
"Aqui estou, não me afasto deles","Aîkobé, n'aîepe'aî i xuí",,
"Compadeceste-te deles por ocasião de sua doença, acendendo seu fogo, alimentando-os, procurando-lhes alimento?","Eresaûsubarype i mba'easyreme, satá-á, i poîa, i poraká?",,
"(A gente) se humilha, arrependendo-se de suas maldades","Onhemomboreaûsub, o angaîpaba moasŷabo",,
Emergi como que do fundo,Ypy suí berame'ĩ abur,,
Sua mãe o pôs no lugar onde estava a manjedoura deles,Semi'uru rupápe i xy i nongi,,
Não brigarão?,- Nd'omarãmonhangi xópene?,,
Moqueei-o,Aîmoka'ẽ,,
"Deus é um só, de fato, sendo santíssimo, sendo poderoso","Tupã oîepé nhõ nhẽ gûekó-karaibetéramo, abaetéramo",,
"Ah, oxalá futuramente eu seja um pouquinho melhor!",Xe angaturã be'ĩ temõ erimba'e mã!,,
"Por isso mesmo, a pessoa que deseja a virtude mirra-se de corpo",Nd'e'i te'e abá tekokatu potasara gûo'opore'yma,,
É mesmo verdade,Supi é,,
Eu sou gritador,Xe nhe'engatãndûer,,
Fiquei-lhe puxando a cabeça (pelos cabelos),Aîakangeky-ekyî,,
"Como dirá a gente em seu coração, olhando para o céu?",Marã e'ipe asé o py'ape ybaka resé oma'ẽmone?,,
Eu tenho a carne trêmula,Xe ro'o-sysyî,,
Quatro são as virtudes cardeais,Quatro tekokatu-ytá,,
"Eu tenho palavras pesadas (isto é, sérias, com pesadas reflexões)",Xe nhe'ẽposyî,,
Repleta-me minha ira,Xe moîoîá xe îemoŷrõ,,
Quantas vezes disse isso?,Mbobype aîpó i 'éû?,,
Revezamo-nos uns com os outros,Oroîoporu,,
Não nos batizam também outras pessoas junto do padre?,N'asé reroki bépe amõ abá abaré pyri?,,
Desemporcalhei-o,Aseîkûaru'umbok,,
As leis de nossa alma fez para a gente,Asé 'anga rekorama oîmonhang asébe,,
Eu sou muito falante,Xe nhe'engetekatu,,
o que arde comigo,xe irũnamo okaîba'e,,
"E, pois, como há isto de ser?",marã-te-p'iã-ne?,,
Bem aos olhos de Deus essas vossas ações são contadas,Tupã resápe-katu kó pe rekó rekóû i paparypyramo,,
"Por isso mesmo eles estão felizes, pela permanência dele junto à casa de Deus","Nd'e'i te'e og orybamo, Tupãó-pyri i pytasagûera resé",,
Retirei-a,Ano'ẽ,,
"Meu nome é ""Sapo Achatado""","Xe rera ""Kururupeba""",,
brancura,morotinga,,
Fiz provisões dele,Asesemõ,,
"o que cuida da casa, caseiro",oka rerekoara,,
Aqueles outros dois deverão ser tomados segundo a vontade das pessoas,Abá remimotara rupi tarypyrama é amoaé mokõî,,
daqui a pouquinho,koromõ-apyri'ĩ,,
"Está alegre, como eu, meu pai tupiniquim","Soryb, xe îabé, xe ruba tupinakyîa",,
Futuro senhor de suas muitíssimas riquezas,O mba'e-katupabẽ îarama,,
Não pode sequer uma única vez contar para alguém a transgressão da palavra de Deus que foi contada para si,Nd'e'ikatuî oîepé'ĩ tiruã Tupã nhe'enga abŷagûera o îoupé i mombe'upyrûera mombegûabo abá supé,,
Abraçaste alguma mulher?,Ereîaîubãpe kunhã amõ?,,
Diz-se que iria,Osómo ra'emo,,
Se tivesse ido hoje,Kori meémo asó,,
Eis que a cada Páscoa um prisioneiro fazeis-me libertar sempre,Aretegûasu îabi'õ ã mundepora amõ îepé peîmosem-ukar ixébe îepi,,
Apalpaste teu ventre para matar teu filho?,Eresungápe nde rygé nde membyra îukábo?,,
Lembrando-se dele assim que acorda,Opaka bé sesé o ma'enduaramo,,
Enquanto eu o levo,Ixé serasó remebé,,
"Em mim confiam, bem em mim apoiando-se","Xe resé oîerobîá, xe resé-katu oîekoka",,
Os cabos são brancos,Yba ting,,
"Segundo o rito dos judeus, seu prepúcio cortaram","Îudeos ekomonhangábo, i 'apira mondoki",,
"cabeça ""enrugada"" (isto é, cabeça com cabelo PIXAIM, ou seja, de pessoa negra, carapinha)",akangapixa'ĩ,,
Transgrediria o homem a palavra de Deus assim os conhecendo?,Oîabypemo abá Tupã nhe'enga emonã sekokuapa?,,
De lá do lugar para onde foi fez vir o Espírito Santo,Ebapó o soagûera suí Tupã Espírito Santo mbouri,,
A respeito de quê conversamos?,Ma'e resé îandé mongetáû?,,
Eu sou pontudo,Xe robyr,,
Vôo como este vento,Abebé kó ybytu îá,,
"Tocaste nas tuas virilhas, abrindo as pernas, masturbando-te?","Erepokokype nde rapopé resé epypekábo, eîeîukábo?",,
Onde está meu caminho?,Umãpe xe raperama?,,
Honrei-o muitíssimo,Aîmomba'eté-tekatunhẽ,,
Agora mesmo suas almas quero matar,Ko'yr é i 'anga aîuká-potá,,
Ele é medianamente grande,Turusu'ĩ,,
Recusando uma criança (que iria nascer),Pitanga kuakupa,,
"Deleitando-se com as escravas ruins, não quiseram vir aqui","Tapuîpé-poxy mborypa, tupotare'ymi iké",,
"Multiplicou-nos neste mundo, primeiro",Îandé moîeapykáû ikó 'ara pupé ranhẽ,,
"Vem, coisa fedorenta!","Eîori, mba'enem!",,
Eu tenho lágrimas gotejantes,Xe resa'y-tykyr,,
"Ah, que bom seria minha morte ao me batizar o padre, antes de eu pecar",Marãîasûaramo temõ abaré xe 'apiramõneme xe angaîpab'e'ymebé xe re'õ mã!,,
"Na verdade, três vezes negarás ser meu discípulo antes de o galo cantar duas vezes",Mosapy ipó xe boîáramo nde rekó ereîkuakub mokõî gûyrá sapukaî'e'ymebéne,,
"Eis que estorvas muito tua vida, dificultando-a","Ereîmoarûabeté ã nde rekó, i moabaípa",,
"margem de rio, beira do mar",y-embe'yba,,
Sob as mãos do diabo está,Anhanga pó gûyrybo nhẽ sekóû,,
Barqueei as pessoas,Aporero'yasab,,
É muito belo seu proceder,I porãngatu sekó,,
Minha pele tem titinga,Xe tĩ-titing - Meu nariz tem titinga Xe py-titing - Meus pés têm titinga Xe pi-titing,,
"Portanto, prendo-te!","Irõ, oropokosub!",,
Ainda bem que o faz correr consigo!,Iîamuru senonhana!,,
Toma um só trago,E'u oîepé îuru nhote,,
Que se arranquem de mim meus olhos concupiscentes,T'oîe'ok ixé suí xe resá-poropotara,,
Morrendo na cruz,Ybyrá pupé omanõmo,,
"Na verdade, três vezes negarás ser meu discípulo antes de o galo cantar duas vezes",Mosapy ipó xe boîáramo nde rekó ereîkuakub mokõî gûyrá sapukaî'e'ymebéne,,
"Ah, muito bem!","Erĩ, aûîé!",,
Não mais amarei o diabo,N'asaûsu benhẽî xûé Anhangane,,
Quer muito a sua futura santificação,Oîpotá-katu o nhemongaraibagûama,,
Fazem aplacar a Deus a si mesmos para eliminar a dívida dos pecados de diversos anos,Tupã oîmonhyrõ o îoupé setá nhẽ seîxutatá tekoangaîpaba repy-mondykápe,,
"Ele está azedo demais (lit, azedo de doer)",Saîasy,,
a multidão de companheiros do provincial,Pa'igûasu irũndyba,,
Não! Estou bêbado,Aanumẽne! Asabeypó,,
Acreditando no filho dela,I membyra rerobîá,,
A crença em Deus está somente em suas bocas,I îurupe nhõ Tupã rerobîara ruî,,
Seu corpo somente verão,Seté anhõ osepîakyne,,
"No caso de o desejares muito mesmo, que se faça (tua vontade)","Nde i potasábo-katu é, t'onhemonhang",,
Mas que é que procurais nesta minha terra?,Mba'e-tepe peseká kó xe retama pupé?,,
"Eia, vai!",-Ene'ĩ esóbo!,,
"Toma-nos a dianteira sempre o diabo, ameaçando-nos","Îandé rokesỹ memẽ Anhanga, îandé momboîa",,
Minha lei é muito bela,Xe rekó i porangeté,,
os que querem casar-se,omendá-potaryba'e,,
estragando as almas dos índios,abá 'anga momoxŷabo,,
Era eu,Ixé rakó,,
"pé de algodão, algodoeiro",amynyîu-'yba,,
não querendo espaçar longamente a falta de sua confissão,o nhemombe'ue'yma mopa'ũ-muku potare'yma,,
Não porque eu fui veio ele,Na ixé sóreme ruã turi,,
Quem és tu?,Abápe nde?,,
muitas coisas miúdas,mirĩ-mirĩ,,
Ensina falsamente as pessoas a pronunciar a palavra de Deus,Oporombo'e-a'u Tupã nhe'enga ra'anga,,
Quem desobedece àquele?,Abápe aîpoba'e oîmomaran?,,
"Eu sou de voz alta, eu levanto a voz",Xe nhe'engapûan,,
"Eu sou um assassino, causa de se ter medo dos pecados","Morapitîara ixé, angaîpaba sykyîéba",,
"""Lembrai-vos da morte"", deverão dizer suas palavras","""Penhemoma'enduá te'õ resé"", e'i temone i nhe'enga",,
Eu estou muito quebrantado,Xe pitubarusu,,
Descarreguei as coisas da canoa,Anosem mba'e ygara suí,,
"Enfim, o que não é pranteado ressente-se de não o honrarem",Aûîé sapirõmbyre'yma o moetee'yma oîmoasy,,
Eu sou muito perebento,Xe peré-pereb,,
"Mas sempre, com certeza, a vossas almas querem bem, aformoseando-as","Memẽ-te nipó pe 'anga amotá, i moaysóbo",,
Fiz uma cerca de moirões,Aybyrá-monhang,,
"Amarrei-lhe a cabeça (isto é, fiz-lhe tranças no cabelo, com fita)",Aîakã-mbûar,,
"A morte, na verdade, é a ameaça dos que se casam verdadeiramente",Te'õ a'e mendasareté momboîsabamo,,
"Para cá vem, trazendo farpas junto com o arco","Ké turi, arupare'aka îurupara ndi seru",,
Eu tenho o rosto muito curubento,Xe robá-kuru-kurub,,
"E não confessando ser parente, de fato, de seu marido ou de sua esposa, que acontece?","A'epe o mena koîpó o emirekó mũetéramo sekó mombe'ue'yma, marã?",,
lugar onde estará teu filho,nde membyra rendaûama,,
Oxalá ele não tivesse coisas boas!,N'i mba'e-katuî xûé-temo ahẽ mã!,,
"Por isso mesmo o maldito ataca os homens, fazendo piorar muito a maldade das pessoas","Nd'e'i te'e moxy abá ropenhana, abá angaîpaba moîerekoaibetébo",,
Mostrando-lhe uma certa árvore que estava no meio do seu jardim,Amõ 'yba gûemityma pyterype o'amba'e kuabe'enga,,
"São Pedro, com seus companheiros, tomou como apóstolo a São Matias, após subir Deus-Filho ao céu","São Matias, ybakype Tupã Ta'yra îeupir'iré, S Pedro o irũ-etá resebé tari apóstoloramo",,
"Mulheres, além de velhos, meninos e até meninas","Kunhã, marandé tunhaba'e, kunumĩ, kunhataĩ tiruã",,
Até mesmo seus ossinhos cultua,I kangûerĩ tiruã momba'etéû,,
no fundo da água,y pype,,
Dou-lhe os filhos de Pedro,Aîta'y-me'eng Pedro,,
Agora comemoramos o dia em que mandou eliminar as crianças que completavam dois anos,Pitanga mokõî ro'y omoaûîeba'e mombab-ukaragûera 'ara îaîmoeté ko'yr,,
"E os rapazes que perseguem mulheres, querendo escravas?","A'epe kunumĩgûasu kunhã oîmomosemba'e, miaûsuba potá nhẽ?",,
"Levanta-te, sê valente!","Epu'ã, nde pyatã!",,
Mudo-me (para longe),Aîeakasó,,
Digo que não,Aan a'é ipó ixé re'a,,
A cobra mordeu a Pedro,Mboîa Pedro îaîxu'u,,
Aí é que está! Eu estou surpreso por tua causa,Aîpó nhẽ! Xe putupab nhẽ nde ri,,
Eis que aí pertinho vem,Ebokûeté'ĩ turi,,
ainda hoje apressando-vos para encontrar a felicidade verdadeira,kori bé penhemoanhẽ-anhẽmo tekokatueté pé pegûasemagûama resé,,
"Depois de querer vê-lo, em vão, desde muito tempo atrás",Kûesenhe'ym bé sepîá-potá tenhẽ roîré,,
Engasgou-me minha comida,Xe îase'opytym xe remi'u,,
Tratando-se uns aos outros como que numa fraternidade,Oîoasykûera ri îasûaramo oîoerekóbo,,
"Sendo igual a Deus, está nas alturas","Tupã moîoîapa, sekóû ybaté",,
Vós lembrais,Pe ma'enduar,,
cocho de porcos,taîasu remi'uru,,
Eis aqui também minhas garras,Kó bé xe pûapẽ,,
Não fique ele boquejando a meu respeito,T'e'i tenhẽ umẽ xe ri o îuru'aramo,,
"A ti suspiramos, gemendo",Nebe oronheangerur oré poasemamo,,
Aquele mesmo,Apó é,,
"Sua mãe não teve dor de parto, não sangrou, não ficou doente","I xy n'i membyrasyî, nda sugûyî, n'i mara'ari",,
Vou para fora,Asó kûeîpe,,
"Fiquei-as errando (isto é, as flechas atiradas)",Aîaby-îaby,,
Ser chamado ladrão é característica do homem mau,Sereroĩmbyra abá-mondá apŷabaíba rekoaba é,,
Eu não sou afável,Na xe posykyîéî,,
O que conta os pecados escondidos de alguém,Abá angaîpá-nhemima oîmombe'uba'e,,
"Fazendo as pessoas beberem cauim ou dando-lhes de beber, fazendo-as embriagar-se","Abá mongagûabo koîpó se'yma, i mondabeypó",,
É muito doloroso não vir fulano ao meu chamado,Sasy-eté ahẽ osóbo - É doloroso ir-se fulano Sasy-eté ahẽ oure'yma ixé o enõîndápe,,
à vista dele,sobábo,,
"Está limpa, como se vê, a cova da lebre",I pe'ybĩ nakó tapiti kûara,,
antes de irem para lá,a'epe o só îanondé,,
Tenho pendências com ele,Aîkó sesé,,
por aqui,kó rupi,,
"Tomando o diabo, o maldito fica pisando","Serubu rá, muru ri opurũ-purung",,
"Ameacei, outrora, os tupinambás",Aîmomburu akûeîme tupinambá,,
bola de madeira,ybyrapu'a,,
"Verdadeira morada de Deus, filha de Deus","Tupã rendabeté, Tupã raîyra",,
Vamos comigo,T'îasó xe irũnamo,,
Eu sou muito formoso,Xe aysó-katu,,
"O inimigo da gente, o diabo","Morosumarã, Anhanga",,
"Apesar de que sejas rainha, apesar de que sejam muitos os teus servos, eu, não obstante, pesco para ti","Reîamo ereîkó tenhẽ, setá tenhẽ nde boîá, xe-te t'oroporaká",,
"Após acabar o mundo, fará voltar a viver (nossos cadáveres), levando-os para junto de si para sempre",Ara pab'iré i moingobeîebyri o pyri serasóbo aûîeramanhẽne,,
Vamos um pouco mais ao longo da costa,Ybyri-pyryb t'îasó,,
Quem me dera eu o fizesse estar deitado comigo assim!,Nã temõ ixé serubi mã!,,
"Esta há de ser minha companheira, com certeza",Xe irũ ã re'a,,
Tu trouxeste tua esposa?,Nde ererupe nde remirekó?,,
Tive filhos gêmeos,Xe membykõî,,
Temos algum remédio como meio de nos curarmos?,Îarekópe mosanga amõ îandé pûerasabamo?,,
Cortei seus nervos,Aîpytasã-mondok,,
Que é mais penoso aos que estão ali?,Mba'epe sasyeté a'epe tekoara supé?,,
O destino final das coisas dos homens,Abá rekó mondykaba,,
Há de estar (assim como está)?,E'i nhẽpe oîkóbone?,,
Espevitei-o,Asatapyĩ'ok,,
"Viemos para te festejar, lançando fora nossa maldade","Oroîu nde momoranga, ore aíba reropó",,
miolos de cabeça,a-putu'uma,,
"meu pai, o que me gerou (para não haver confusão com outros parentes que também eram chamados tuba)",xe ruba xe monhangara,,
Estando com seus cocares brilhantes que são mais brancos que a geada,O akanetá-beraba ro'yrypy'aka sosé morotingyba'e reroína,,
"Eu tenho uma caminhada ligeira, ando depressa",Xe atá-pûan,,
"Nem sequer uma pequena coisa, nem um só pequeno ato das pessoas omitir-se-á, então","Mba'emirĩ tiruã, abá rekoagûerĩ oîenosem a'epene",,
"Ainda que me castigasse, eu falaria",Aûîebé-temo xe nupãû anhe'engĩmo,,
Ralo mandioca,Amie'ẽ,,
o que sofre febre,akanunduka porarasara,,
O padre que é colocado como guardião da gente,Abaré asé rerekoaramo i moingopyra,,
Ele é bom quando o que é contado é mesmo verdade,I marangatu supi é i mombe'upyra rekóreme é,,
Que bata no diabo,T'opûar anhanga ri,,
Faze fugir o diabo,Eîmonhegûasem anhanga,,
"Ao se aproximar o doente de sua agonia, que mande chamar o padre, o que põe o óleo bento","Mba'easybora o mara'ara kakareme t'osenõîukar abaré, îandykaraíba nongara",,
"o que não é conhecido, coisa secreta",i kuabypyre'yma,,
Varri os ciscos,Aytypeir,,
"quebrador de pedras, cavouqueiro",itá kasara,,
Parti,Aîupabok,,
Eis que se aproxima minha vida futura,Okakar kó xe rekoberama re'a,,
Deus deixou de amá-los,Tupã osaûsupe'a,,
Cada vez que se lembra dela,Sesé o ma'enduara îabi'õ,,
Vim do céu para vos ajudar sempre,Aîur ybaka suí îepi nhẽ pe pytybõmo,,
Hei de contar os pecados deles,T'aîpapáne i angaîpaba,,
Vais definitivamente,Eresó nhẽ peũî,,
Eu somente nesta aldeia morava,Xe anhõ kó taba pupé aîkó,,
Estou quieto,Ainĩ,,
Lancei a âncora,Aîtyk itasama,,
"Para esse belo procedimento, a gente a mantém em seu próprio quarto (isto é, a água benta), aí dependurando o recipiente em que a bebe","Aîpó tekoporanga resé asé serekóû o kotype, a'epe i moîasekóbo i gûaburu",,
Estabeleci uma plantação de milho,Atupá-rung abati,,
Disse isso conhecendo o futuro esmagamento dos habitantes daquela cidade chamada Jerusalém,Akûeî tabusu Îerusalém 'îaba pora mombebaûama kuapa nhẽ aîpó i 'éû,,
Nossas casas estão estabelecidas uma junto da outra,Xe apyri tuî - Ele mora a meu lado O îoapyri oré roka ruî,,
Enterro-o,Aîatyb,,
Cavei a terra,Ayby-ybykoî,,
Vivo na virtude,Aîkó tekokatu resé,,
o que vai buscar água (à fonte),ypîasoara,,
Que vá toda a minha doença para longe de minha alma,T'osó-pá xe mara'ara kûepe xe 'anga suí,,
a sela dele,sendaba,,
"Há de se me deparar algum, primeiro",T'oîesub amõ ixébo ranhẽ,,
Dentro daquele navio fazendo-os embarcar consigo também,A'e ygarusu pupé sero'arukáno,,
Por ser Nosso Senhor Jesus Cristo o que tira os pecados,Tekoangaîpabokaramo Îandé Îara Îesu Cristo rekóreme,,
Desperdiçaste as coisas de alguém?,Ereîmombukápe abá mba'e?,,
Estou atrás de caça,So'o resé aîkó,,
Levei todos,Arasó pab,,
Junto água,Atykûar,,
Que ouçam aquilo que tu dizes,T'osendu aîpó nde 'é,,
osso de tembetá,metara kanga,,
Mas não enfiará a gente a mão em sua boca para parti-lo?,Nd'opo'ẽî xûé-tepe asé o îuru pupé i mbo'iragûama reséne?,,
"Os que não acreditavam nele trabalharam em conjunto, ficando a flechá-lo",Serobîasare'yma potyrõû iî ybõîybõmo,,
"Sus, que ele vá!",Ne'ĩ t'osó!,,
"No mesmo dia em que a comeres, cairá a morte em ti",Ara nde i gûaba pupé bé o'a te'õ nde reséne,,
Acreditas na dança do Guajupiá?,Ererobîarype Gûaîupîá moraseîa?,,
"Eu mesmo, como se viu, já vos disse isso",Ixé aé ã a'é umûã nakó peẽme,,
(o) muito maior (superlativo),tubixabeté,,
Não são sem consequências os teus pecados,Na sa'ubi nde rekopoxy,,
"o que ameaça, ameaçador",momboîtara,,
"o forte, o bravo",tatã,,
licor de caju,akaîu 'y,,
Fiquei-me apressando em ter sauiás,Anhemoanhẽ-anhẽ saûîá reru-rerupa,,
Carpi-as,Aîkapir,,
Amarrai os malditos!,Peîpûá muru!,,
Fazer feder esta aldeia com o desejo sensual,Kó taba monema moropotara pupé,,
Que não vejam mais o sol!,T'osepîak-y bé umẽ kûarasy!,,
Há algum homem na condição de seu substituto?,Oîkobépe amõ abá sekobîaramo?,,
Os que sofrem algo pela justiça,Tekokatu resé mba'e porarasara,,
Os franceses trouxeram pólvora em vão,Aîuruîuba mokaba ogûeru tenhẽ,,
Contigo sempre estamos,Nde resé memẽ oroîkó,,
Eu estou benzido,Xe karaíb,,
Ele é muito bom,I katu-pyryb,,
Bebem muito todos,Oka'ugûasu pabẽ,,
Eu babo,Xe rendysyryk,,
Hei de flechá-lo!,T'aîybõne!,,
o aleijado de orelhas,nambi-asyka,,
Não hei de estar na maldade diante dele,Aîkó umẽpe mba'epoxy resé sobaké ká,,
Fiz gaiola para eles,Asokaîmonhang,,
"Antes que ele agonize verdadeiramente, que vá alguém me chamar",I mara'areté e'ymebé t'osó abá xe renõîa,,
Mas não foste tu?,Na nde ruã-te?,,
Ele dará para mim minha aflição,A'e xe rekotebẽsaba oîme'eng ixébene,,
"Ah, que mau é o pecado! Que mau que é fulano!",Tieté kó angaîpaba maniîabo mã! Tieté kó ahẽ maniîabomã!,,
Eu sou enfermiço,Xe mba'easypotar,,
"Vamos, conversemos com os que nos procuram",Ne'ĩ t'îamongetá îandé rekasara ri,,
Não ia para o céu outrora a alma de ninguém?,Abá 'angûera amõ soe'ymi ybakype erimba'e?,,
Eu fui peado,Xe pukusam,,
Vamos para quebrar as cabeças dos reis,Îasó tubixaba akanga kábo,,
"prato côncavo, prato fundo",nha'ẽ-pyko'ẽ,,
"Descendo com seus choros, indo com seus gritos","O îase'o rerogûeîypa, ogûasẽ-gûasema rerasóbo",,
Oh! Que multidão estes peixes são! (ou Quanto peixe é este!),Tó te'ĩ kó pirá rekóû mã!,,
Cocei-o,Ase'yĩ,,
Do amor a Deus encheu suas almas,Tupã raûsuba resé i 'anga porakari,,
"Olhe bem que, por isso mesmo, o maldito ataca o homem, tornando-se apresador dele","Nd'e'i te'e moxy keteté abá ropenhana, sesé oîemoembiaryîá",,
A ele eu beijarei suas faces,A'e ipó asetobapé-pyténe,,
"Antigamente eu ficava sempre junto de ti, no alto do morro","Akûeîme apytá memẽ nde pyri, ybytyrapûápe",,
"Indo, voltei atrás","Aîeby benhẽ, gûixóbo",,
Leio-o,Aîmongetá,,
Dia muito bom surgiu para nós hoje,Arangaturameté o'a îandébo kori,,
"o amarelo do ovo, isto é, a gema",tupi'a-îuba,,
Enquanto houver o mundo o homem a bendirá?,Ara rekó pukuîpe abá i mombe'ukatune?,,
Que amemos nosso pai,T'orosaûsu îandé ruba,,
"Como a gente se porta, entrando na igreja?",Marangatupe asé rekóû Tupãokype oîkŷabo?,,
Não há modo de contá-los,N'i papasabi,,
Para Deus nos encorajar contra o diabo,Anhanga supé Tupã asé mopyatãgûama resé,,
Estavam felizes ao ver-me,Sory-katu xe repîaka,,
"Embora me interessasse, junto àquelas não cheguei","Anhangerekó îepé, aîpó supé n'abasemi",,
"Três chefes chamados ""reis"" que vêm da direção do Oriente","Mosapyr morubixaba ""reis"" 'îaba kûarasysembaba koty suí ouryba'e",,
"Deus, a descoberto, imediatamente revelou-se a eles",Aûnhenhẽ Tupã katupe îepîakukari i xupé,,
Para onde a multidão numerosíssima levou Nosso Senhor?,Mamõpe erimba'e te'yî-katupabẽ Îandé Îara rerasóû?,,
Quais são os nomes da Santíssima Trindade?,Marã-marãpe Santíssima Trindade rera?,,
"Dentro dele está Jesus Cristo, sua divindade e seu corpo em inteireza","I pupé Îesu Cristo rekóû, i Tupã, seté abé gûetependûara pupé",,
"Mas os doentes a comem, bem certamente",Mba'easybora-te aîekatu i 'uû,,
Suas almas e seus corpos fez,I 'anga seté monhangi,,
"Pergunta tu, primeiro",Nde ranhẽ eporandub,,
"Impedem os casamentos, mandando impossibilitá-los",Mendara omoarûab i moabaibuká,,
Rezando a ele no tempo de sua aflição,I xupé o ekotebẽsaba resé oîerurébo,,
campo limpo (sem árvores),nhũ-asyma,,
Lavrei a pedra,Aitá-mombipik,,
Faze-me tu valente,Xe mopyatã îepé,,
Pode certamente (contá-lo) para quem o repreenderá,E'ikatu ipó senonhẽndarama supé é,,
guará da cara manchada,gûaraobanhana,,
sela de cavalo,kabaru repanaku,,
Arreganhei os dentes,Xe rãîbitir,,
Troquei-lhe uma criação,Asekobîarõ seîmbaba i xupé,,
"Doravante, não estejais aflitos","Angiré, pe poreaûsub umẽ",,
Não corrigindo seu filho quando ele estiver no mal,O a'yra marãbirĩ sekóreme senonhene'yma,,
Vereis também futuramente minha vinda sobre as nuvens,Pesepîak irã ybytinga 'arybo xe rura béne,,
Arranco o amargor do sal,Aîukyrakok,,
"Já chega, certamente!",Aûîé ipó!,,
Eu tenho o rosto esburacado (com varíola),Xe robá-pu-puk,,
"o que é frito, a fritura",i mosyryrĩmbyra,,
Prendi-os um ao pescoço do outro,O îoaîuri aîmoín,,
a ira de Deus,Tupã nhemoŷrõama,,
Por tuas pegadas há de ir minh'alma sempre,Nde rakypûera rupi t'osó xe 'anga îepi,,
"Sempre os malditos para nós dizem maldades, mui perversamente",Memẽ nhẽ moxy îandébo marã e'i-memûã-memûã,,
"Se uma coisa que é muito saborosa enjoa, comendo-a muito, eis que tanto mais tu expelirás o que não é coisa boa","Mba'e sekatuba'e abiã oîmoting i 'uetébo, memetiã nde nda mba'e-katu ruã euĩ ereîmo'ẽ",,
Assim havemos de nos acariciar!,Nã takó îomomoranga re'a!,,
O diabo te agasta,Anhanga nde moabaîté,,
Alimentei-o rispidamente,Aîopoî-îeaseî,,
Algum diabão espião sempre me ameaça,Amõ anhangusu-manhana îepimemẽ xe momboî,,
faca de taquara,takûá-kysé,,
Eu enviuvei,Xe mene'õ,,
Eu estou com doença venérea,Xe rakûanhaíb,,
Que ele faça Deus lembrar-se de nós,A'e îandé resé Tupã t'omoma'enduar,,
"Nós, enfim, havemos de voar para o paraíso",Îandé té t'îabebé Tupãrorypápe nhẽ,,
Eis que este é o pão verdadeiro,Kó té mi'u-eté,,
Que chegue logo ao lugar de o matarem,T'obasem esapy'a o îukaûãme,,
Eu sou rugoso,Xe akaraxixã,,
Assei-me,Aîyb,,
Este santo faz aquele que roga a ele alcançar suas coisas sumidas,Kó santo o mongetasara oîmoîekosub i mba'e i kanhembyra,,
Eu estou resfolgando,Xe putuẽ-tuẽ,,
"Eu tenho rosto muito vermelho, eu enrubesço",Xe robá-pyrã-pyrang,,
Detestando-os mais que tudo o que deve ser lamentado e o que se deve detestar neste mundo,"Seroŷrõmo opakatu ikó 'ara pupé i moasypyra, seroŷrõmbyra sosé",,
"Eu hei de bem apanhar-te, fazendo-te cair no meu mundéu","Xe t'oropysykatu, xe mundépe nde mbo'a",,
"Desde a Galiléia, sua origem","Galilea suí katu, i ypyrunga",,
Sendo tu Deus também,Tupãnamo eîkóbo bé,,
Que fizeram com ele antes de o enterrarem?,Marãpe serekóû i tym-y îanondé?,,
"homem grosseiro, zombeteiro",abá-memûã,,
"a unhada de fulano, a marca das unhas de fulano",ahẽ pûapẽ-mbora,,
pano de algodão,amynyîu-aoba,,
tranca da porta,okena potãîa,,
"Eu sou Guaixará bebedor de cauim, comedor de gente, queimador de gente, diabo trucidador de gente","Gûaîxará kagûara ixé, morûara, moroapŷara, anhanga morapitîara",,
"Ora, quem seria aquele?",Abáp'akó é?,,
No vale que tem nome Josafat,Ybytygûaîa Îosafat seryba'epe,,
Minhas próprias coisas,Xe mba'e teé,,
"Meu senhor, eis que eu não sou digno para que entres em meu coração","Xe îar, na xe angaturami ã a'emo ereîké xe py'ape",,
"Meu ex-marido há de ser, certamente",Xe mendûera ipó re'ĩ,,
Ele vos fortalece,A'e pe mopyatã,,
Louvo-te muito por tu me teres salvado,Oromoeté-katu nde xe pysyrõagûera resé,,
comer um ao outro,îo'u,,
"Ainda bem que, ainda outrora, repeli meus pecados",Aûîetéramo erimba'e bé xe angaîpagûera aîpe'a re'a,,
os que se salvam em Deus,Tupã resé oîepysyrõba'e,,
"Ah, veio mesmo para cá o Ostra Grande!",Té oureté kybõ Reriûasu mã!,,
"O desejo sensual tornado costumeiro, a janotice, o vício, isso Nosso Senhor, após o recebermos nós em nossa alma, impede de se querer","Moropotara semipokuabe'yma, arũaíba, tekó-poxy anga Îandé Îara îandé 'angyme îandé ogûar'iré ybŷá potara oîmoaruab",,
"bola, novelo de lã",inimbó-apu'a,,
Cá vem um barco Não faz senão ir,Kó ygara ruri Osó-te,,
ponteiro da escola,nhembo'esaba kuabe'engaba,,
Antecipei (ou atalhei) sua fala,Aînhe'engenondear,,
"Que eles bem perdoem hoje a nós, dando anzóis","T'i nhyrõngatu kori îandébo, pindá me'enga",,
Não os temos desde nossos avós,- Marãpe pe rubixabetae'ym? - Nd'oroerekóî nhẽ oré ramuîa abé - Por que vós não tendes muitos reis?,,
Dentro dela está sua divindade?,I pupépe i tupã rekóû?,,
Hei de viver assim,Emonã takó aîkó,,
"Não são modos de o honrar a bebedeira, o maltratar seu próximo, atacando-o","Na i moetesaba ruã ka'u, o apixara rerekoaíba, sopenhana",,
"Aos tapuias trouxe as velhas de além de Magueá Então, fiquei descansado",Tapuîpe gûaîbĩ aru amõ Magûeá suí A'ereme aputu'u,,
Eu sou vingativo,Xe îepykixûer,,
"Como modo de honrar sua vinda, este dia honramos",Turagûera moetesabamo kó 'ara îamoeté,,
"Virá de novo Jesus Cristo do céu, futuramente?",Our-y bépe irã Îesu Cristo ybaka suíne?,,
Nas minhas costas levei-o,Xe aseî arasó,,
Trouxe a coragem,Myatã ogûeru,,
Sob tuas mãos estamos,Nde pó gûyrype oroîkó,,
"Beijou suas faces, nele tocando também?","Osetobapé-pytépe erimba'e, sesé obyka bé?",,
"Eis aqui meus chifrões, meus dentes","Kó xe 'akusu, xe ranha",,
"bem cedo, bem de madrugada",îeîbeté,,
Nós somos portadores de riquezas para ele,Oré ma'e îara ahẽ pé,,
"Eia, enforca-os logo!","Ne'ĩ, taûîé i aîubyka!",,
Leva-o depressa,Erasó esapy'a,,
Faço as coisas devagar,A'é umanĩ mba'e monhanga,,
"Minha nação, outrora, estava de acordo com a cultura primeira","Xe anama, erimba'e, tekó-ypyramo sekóû",,
ferida da cabeça,a-pixapaba,,
Vem novamente para curá-los!,Eîorino i mombûeîrapa!,,
Amemos todos Santa Maria,T'îasaûsu pabẽ Santa Maria,,
"Aquele, de fato, não é diferente da cobra",Aîpoba'e tenhẽ n'oîabyî mboîa,,
"Depois disso, os descendentes de Noé perderam-se?",A'e roîré bépe Noé remiminõetá roparamo?,,
Eu sou fujão,Xe kanhemixûer,,
Ele certamente comete pecado com tua mulher,I angaîpab rakó nde remirekó resé,,
Junto a si fazendo-vos sentar,O pyri pe mogûapyka,,
"lit, tromba comprida, gorgulho, inseto coleóptero",tĩmuku,,
Sobram-me sauiás,Xe resemõ sauîá,,
Onde a gente se reunirá?,Umãmepe asé nheŷnhangi-ne?,,
Que somente a ti eu ame,Nde anhõ t'oroaûsu,,
Como seus discípulos receberam-vos,O boîáramo pe rari,,
vara,ybyrá'ĩ,,
Estou derrubado,Aîero'ar,,
querendo que a canoa passe adiante,ygara kûabĩ potá,,
"Excitaste-o, esfregando-te no teu companheiro?",Ereîkapyrokype nde rapixarĩ resé eîekytyka?,,
companheiro dele,i irũ → irũ,,
"Ao morrer eu, que tu venhas para levar-me para o alto","Xe îekyîme, t'ereîu ybaté xe rerasóbo",,
"A gente adora, com efeito, o que é feito de barro?",Nha'uma i monhangymbyra nhẽpe asé oîmoeté?,,
Não sabia do perdão de Deus a mim,N'aîkuabi ixébo Tupã nhyrõagûera,,
"Ele, certamente, faz tirar-lhe o efeito de mim",A'e ipó oîmoarybé-ukar xe suí,,
"""Que se enfraqueça, que amoleça""","""T'onhemomembek, t'onhemoapapu""",,
"Após nascer Deus-Filho de sua mãe, os judeus cortaram seu prepúcio",Tupã Ta'yra o sy suí i 'ar'iré îudeus i 'apira mondoki,,
"apropriada para igreja (pex, roupa)",tupãoka arõana,,
"Ladroeira, palavras ruins, mentiras sobejavam-te","Mondarõ, nhe'engaíba, mo'ema nde resemõ",,
vagem cheia,Topé-pungá,,
Faze-nos tu viver,Oré moingobé îepé,,
Eu tenho papo (ou papada),Xe rendybagûyaî,,
para seu fogo arrastando-nos,ogûatápe oré rekyîa,,
não indo ao encontro de meu senhor,xe îara robaîxûare'yma,,
Todos havemos de convidar,Pabẽ t'îaîxo'o,,
remédio portador de cura,mosanga mûeîrabyîara,,
Na minha frente ele disse isso,Xe robaké aîpó i 'éû,,
Reparti com ele a carne,Aîopoî ahẽ so'o pupé,,
O homem que esconde algo,Abá mba'e omimba'e,,
experimentando poções de ervas,ka'a mosanga ra'anga,,
cria dos campos (animal ou planta),nhũygûana,,
"jazimento de pedras grandes, penedia",itagûasutyba,,
"Tiveste relações sexuais com alguma mulher através das suas veredas na mata, como tua prostituta?",Ereîkópe kunhã amõ resé i ka'asaba rupi nhẽ nde sugûaraîyramo?,,
"Aperta a cabeça do maldito, enfraquecendo-o muito","Oîopyk muru akanga, i moatãe'ỹngatûabo",,
ajuntamento de cipós,ysypó-tyba,,
Armei os laços,Aîusã-moín,,
Sei fazê-lo,A'ekatu sesé,,
planejando maldades,tekomemûã momboîa,,
"Matei-os muito, fiz matança",Aîuká-matutenhẽ,,
Usaste um homem como mulher ou usou-te como mulher um homem?,Ereîmotebirype abá koîpó nde motebirype abá?,,
O que tocou na irmã mais moça ou na irmã mais velha de sua noiva não pode casar-se nem mesmo com sua noiva,O me'engabeté pyky'yra koîpó tykera resé obykyba'e n'e'ikatuî omendá o me'engabeté resé tiruã,,
Se não fosse ele ter ido,Osó é ahẽ îabynomã,,
além das montanhas,ybytyra amongoty,,
Riscaram todo o teu corpo com lanças,Opá nde reté raíri itatîãîa pupé,,
"Sofreu, suportando o fogo, tendo alegria após sua morte","Sosang, tatá porarábo, o manõ riré toryba rerekóbo",,
Tonsurei-o,Aîmoapytereb,,
Confiemos nesses homens,T'i îerobîar apó abá ri,,
"Seu sangue era muito, no chão escorrendo",Sugûy turusu ybype osyryka,,
O que vê um homem furtar sem se importar,Abá mondarõ osepîakĩba'e,,
Estou assentado torto,Aín-apẽ,,
Paralelo a ele eu estava deitado,I porupy aîub,,
"no fim do mundo (lit, no tempo de acabar o mundo)",ara papápe,,
Asperge-se com água benta,Oîeypyî 'y-karaíba pupé,,
Meu pai os inimigos comeram,Xe ruba tobaîara îa'u,,
"Tremendo, então, a terra também",Yby abé a'ereme oryryîane,,
"Buscando seu Senhor, ao chegarem os reis, alegrou-se teu coração","O îara reká, reîá mbasembápe sory nde py'a",,
Acreditas nos feitiços do pajé?,Ererobîarype paîé îekaraimonhanga?,,
"coisas que se criam no mar, a fauna marítima",paranãmbora,,
"Caburé, vem correndo!","Kaburé, îori enhana!",,
"Mas quem há semelhante a mim, desafiando até mesmo a Deus?","Abá-tepe oîkó xe oîá, Tupã tiruã momburûabo?",,
Invocam ainda o pajé Caruara,Osykyî mbyté paîé Karûara,,
Irei hoje à casa depois que tu vieres,Asó kori okype nde rur'iréne,,
Levando os peixes todos,Pirá mondóbo pá,,
Não houve sangue em teu parto,N'i tybi tugûy nde membyrasápe,,
Fi-lo muito mal,Aîmonhang serã-serã,,
Sigo-lhe o rastro,Asakypûemomosem,,
"o que a onça matou, o morto pela onça",îagûara remiîukapûera,,
homem maduro na idade e no juízo,apŷabusu,,
"Eia, nós também jejuemos","Pe'ĩ, îandé bé îaîekuakub",,
Fizeste incisões em teu filho quando a lua começou a sair?,Eresaírype nde ra'yra îasy semypyreme?,,
"Não te envergonhas, porventura, de ti mesmo, ao dominar-te o desejo sensual da carne podre?",Nd'eretĩ-piã nde îosuí so'o-aíba poropotara apyrasápe?,,
"Em tuas mãos sentando-se, vai o menino, por Deus-Pai fazendo-te curvar a cabeça","Nde pópe ogûapyka, osó kunumĩ, Tupã Tuba ri nde reroîeaŷbyka",,
Pensa em vir para vos espantar,Oú-mo'ang pe mondyîa,,
Tua alma é o que tem muito preço,Nde 'anga sepy-etéba'e,,
Tapo-o,Aîo'o,,
Vai à fonte,Kûãî 'ype,,
Eis que ela é minha companheira,Xe irũ a'e ã,,
sobre a pedra,itá sosé,,
Hei de me aproximar muito dela para ver bem sua beleza,Aroby-katupe ká i porangepîá-katûabo,,
"Atravessei-o, sem mais (sem entrar nem pousar)",Asasá-benhẽ,,
Atravessei rios,A'y-asab,,
"O cauim transbordante nas igaçabas, depois disso, os atrai, e, igualmente, as cuias das velhas","Ygasápe kaûĩ-tuîa a'e ré îamomotá, oîoîá gûaîbĩ rekuîa",,
"O que nossos avós quiseram ver, sem resultado, veio mesmo",Îandé ramỹîa remiepîá-potá tenhẽ our é,,
uns atrás dos outros,o îoakypûé-kypûeri,,
"Atravessando o céu foi, deixando-te","Ybaka rasapa, osó, nde reîá",,
Eu me limpo das fezes,Aîeîkûaru'umbok,,
Ficamos golpeando um ao outro,Oroîoapi - Golpeamos um ao outro Oroîoapi-api,,
Dizem que irá,Osó ra'ene,,
"No dia de guarda do nascimento dele, acendemos a fogueira chamada ""caminho do salto""",Ara i 'aragûera pîasaba pupé tatá i apyrasabapé 'îaba îaîmondyk,,
Quando o proferiu?,Erimba'epe sa'angi?,,
"Morrendo, chegamos ao fim",Oropab oromanõmo,,
Dou-lhe pancadas na cabeça,Aî'apurupã,,
"desatinado, sem juízo, enlouquecido, maníaco",angaingaibora,,
"tempo, lugar, modo, etc de tocar, de bater",mopûaba,,
cerca da aldeia,taba pîasaba,,
Livrou-a do pecado primeiro em que Adão nos pôs,I pysyrõû tekoangaîpabypy Adão îandé nongaba suí,,
O que tolera o que quer trabalhar nos feriados,Aretéreme i porabyky-potaryba'e mborypara,,
"Excitaste teu órgão sexual, lembrando-te de mulheres?","Ereîmoanĩpe nde remimborará, kunhã resé nde ma'enduaramo?",,
"Tu, em teus braços, Jesus ergueste","Endé, nde îybápe, Îesu eresupi",,
Não me chames tu pelo nome diante dele senão me mata,Xe renõî umẽ îepé i xupé na xe îukáî,,
Igualmente essa mãe de Deus nos maltrata,Oîoîá kó Tupã sy îandé rerekomemûã,,
Como o revolutear de um urubu sobre coisas fedorentas,Urubu mba'enema 'arybo nhemoîereba îabé,,
"Assim eu procederei, tendo saúde futuramente",Akûeîkó xe rekóû xe marane'yma rerekóbo rimba'e re'a,,
antes de sua velhice,o tunhãba'e e'ymebé,,
Destruiu outrora os tamoios,Tamũîa omombab erimba'e,,
"Não faz efeito, às vezes, nosso remédio, fazendo avivar mais a doença","Sarûab amõme asé posangygûaba, mara'ara moîerobu-bé-uká",,
O dia está muito escuro (como que para chover),I pytũ-pytun 'ara,,
para além de Lisboa,Lisboa akûeakoty,,
Seus antigos companheiros dei aos índios,Irũmbûera aîme'eng abá supé,,
Eu sou hábil em assim agir,Xe popy'i emonã gûitekóbo,,
todos de uma espécie ou qualidade,oîepeixûara,,
Quem é? Quem está aí?,Abá-pipó?,,
Na casa de quem passaste?,Abá rokype erekûá?,,
Eu estava-me esquecendo mesmo,Xe resaraî é gûitekóbo,,
o fruto que Deus proíbe,ybá Tupã remipysyrõ,,
Eu tenho diarréia,Xe rybykasy,,
"Eis que minh' alma, à qual tu vens, há de estar como teu leito","Kó xe 'anga, nde rusaba, nde rupabamo t'oîkó",,
estes que estão em Ibiapaba,kó Yby'apapesûara,,
ferrugem do ferro,itá repoti,,
"Pintaste-te a boca, sorrindo para os homens?","Ereîeîuru-mopiningype, abá supé epukamirĩamo?",,
"o que anuncia as coisas, o pregador",mba'e rerosapukaîtara,,
Sua mãe não teve dor de parto,I xy n'i membyrasyî,,
"Cura-se algumas vezes, segundo os desígnios de Deus para a gente","Opûerab amõnyme, Tupã asé rerekokuapaba rupi é",,
Tendo alegria,Toryba rerekóbo,,
Acusando uma mulher para seu marido,Kunhã kuaûká i mena supé,,
remédio que é a causa da cura de nossa alma,mosanga asé 'anga mombûerasaba,,
Que conheça o caminho do céu,T'oîkuab ybaka piara,,
Remo a canoa,Aygá-pukuî,,
Contando os pecados escondidos de alguém para quem não os conhece,Abá angaîpá-nhemima i kuapare'yma supé mombegûabo,,
"Eis que ele, com a mãe de Deus, foi o que criou a Jesus, Deus","A'e niã, Tupã sy irũnamo, Tupã Jesus mongakuasaramo sekóû",,
Que te regozijes muito com a virtude,T'ereîekosubeté tekoporanga resé,,
Da mesma forma que o laço está parado e é o pássaro que vai para dentro dele,"Ma'etakó nhusana oín nhote, gûyrá aé osó i pupé",,
Pelas minhas costas disseste isso,Xe kupébo aîpó eré,,
"Num dia semelhante a este, Santa Maria foi para visitar uma certa prima sua, Santa Isabel",Kó 'ara nungara pupé Santa Maria sóû o ykera amõ ybá Santa Isabel supa,,
imitando a queda das frutas maduras,ybá-'apuba kuîa ra'anga,,
É verdade isso!,Anhẽ ûĩ!,,
Veio logo detrás de mim,Xe atuaî bé turi,,
o que está no mar,paranã pora,,
Não sabes que Deus expulsou nosso pai primeiro por causa de um só ato seu?,Nd'ereîkuabipe Tupã îandé rubypy oîepé nhõ sekoaba suí i mosemagûera?,,
uns aos outros (sendo muitos),o îoupé-upé,,
"Tem muito cauim, porventura, meu avô Jaguaruna?",I kaûĩgûasu-pipó xe ramũîa Îagûaruna?,,
Eu não sou padre,Na abaré ruã ixé,,
Estou em busca de caça,So'o resé aîkó,,
Eu tenho a extremidade pontuda,Xe rapûá-obyr,,
Que afaste nossa maldade,Îandé aíba t'oîpe'a,,
"Depois disso, o cauim transbordante nas igaçabas atrai-os",Ygasápe kaûĩ-tuîa a'e ré îamomotá,,
Longamente estava nosso pai primeiro chorando,Ipuku erimba'e îandé rubypy rekóû îase'o monhanga,,
"Assim tratada, certamente, uma pessoa chega bem",Emonã serekopyra rakó abá obasẽ-porang,,
Por qual estado seu transparecia sua angústia?,Marã sekó resépe i angekoaíba îekuabi?,,
"Quem mais não o transgride, não jejuando?",-Abá abépe nd'oîabyî oîekuakube'yma?,,
Ainda bem que morreu,Iîá omanõmo,,
Estive assentado no tronco de uma árvore,Ybyrá-ypype aín,,
Mandei fazer palma,Apindó-pûaî,,
"Que lancemos fora nossa maldade, não acreditando nos pajés, em danças, rodopios com feitiços","T'oroîtyk oré poxy, paîé rerobîare'yma, moraseîa, mbyryryma karaimonhanga ndi",,
Hei de ir obedecer a essas palavras,T'asó aîpó nhe'enga mopó,,
Felizes estão todos os homens,Sory pakatu apŷaba,,
"Dos mandamentos de Deus eu era transgressor, na verdade",Tupã tekomonhangaba i abŷaramo ra'e,,
Como Herodes mandou tratá-lo então?,Marãpe Herodes serekó-ukari a'epe?,,
"Por os levarem os padres, não os amo","Abaré ogûerasoápe, n'asaûsubi",,
Que faz o comungante para fazer Deus ficar consigo?,Marãpe Tupã rasara rekóû o îoesé Tupã mombytábo?,,
Aqui estou para levar seu ventre e também seus pulmões para minha sogra velha,Kó aîkó sygepûera t'arasó i nhy'ãbebuîa abé xe raîxó-gûaîbĩ supé,,
Dia muito bom,Arangaturameté,,
Fiz frustrar aquilo que fulano faria,Aîmorambûerukar ahẽ rekorambûera,,
Retirei o invólucro dele,Aînhubã-rok,,
os que vêm do lado em que nasce o sol,kûarasy sembaba koty suí ouryba'e,,
Podei-a,Aî'ybab,,
"Ele, após crescer, entregou-se aos homens maus, fazendo-se matar na cruz","A'e o kakuab'iré, i nheme'engi apŷabaíba supé, oîeîuká-uká ybyraîoasaba resé",,
Faz-te subir consigo hoje,Nde reroîeupi kori,,
a vida de sua alma,o 'anga rekobesaba,,
"Eu sou o grande tamoio Aimbirê, uma sucuriju"," Xe tamuîusu Aîmbiré, sukuriîu",,
Eu estou sujo,Xe ky'a,,
"Meus guardiães opor-se-ão a vós, como de costume", Xe rarõana opoapypyk îandune,,
"Sangue verdadeiro de meu Senhor Jesus Cristo, tu, outrora, como resgate, fizeste derramar-te na cruz","Xe îara Îesu Cristo rugûy-eté, nde erimba'e morepyramo ereîemo'ẽukar cruz pupé",,
Doador de nossa vida,Îandé rekobé me'engara,,
ensinamento da palavra de Deus,Tupã nhe'enga morombo'esaba,,
Para disfarçar a existência de suas presas ele disse isso,O embiara kuakupa aîpó i 'éû,,
Acreditai um pouco mais nele,I pyrybé perobîá,,
Como o viu se ele não tem corpo?,"Marãpe sepîaki, setee'ymba'eramo sekó e'ymeté?",,
"Caburé, vem correndo!","Kaburé, îori enhana",,
"Chamei-o, de fato, mas nem por isso veio",Asenõî nakó naeroîaî turi,,
Lacei a perna dele,Asetymã-maman,,
Deixei-o [o líquido] até o meio dela [a vasilha],I ku'a rupi aseîar,,
Fachos para iluminar o caminho pela escuridão,Sesaý pytumimbyka rupi pé resapébo,,
"""sob o sono da bem alta noite"", isto é, nas horas mortas da noite, em que todos dormem",pysaîé-katu ké-gûyrybo,,
Tratei bem das aflições de minha família,Arekó-angaturã xe anama poreaûsuba,,
Quando foi para visitá-la?,Erimba'epe i xóû i xupa?,,
Que venha para nos fazer felizes,T'oú oré moorypa,,
Oxalá Deus mandasse os cadáveres de toda parte falarem o que terá sido o seu enterro,Omonhe'enguká temõ Tupã te'õmbûera kóbo i tỹmbûerama,,
Ilha Grande (antigo nome de ilha das costas do Rio de Janeiro),Ypa'ũgûasu,,
Que o faça perdoar a nós,T'omoîerekûab orébo,,
"Hei de comê-lo, pois",A'u nhẽne ky,,
"Ah, veio de fato para cá o Ostra Grande!",Té oureté kybõ Reriûasu mã!,,
Faze estar muito longamente esta aldeia em Deus,Eîmoingó-puku-katu kó taba Tupã resé,,
É medianamente grande,Turusu-nhota'ubĩ,,
Piorei muito de meu grande mal,Aîerekoaibeté xe angaîpá-katu suí,,
"Portanto, nós rezamos aos santos?",Emonãnamope asé îeruréû santos-etá supé?,,
Eu ronco muito,Xe kerambugûasu,,
"Passei, somente (sem entrar nem pousar)",Akûab îõte,,
Imediatamente vais para teu terreiro para cantar,Aûnhenhẽ eresó nde rokápe enhe'engá,,
o que é dobrado (como fio),i poîoybyryba'e,,
Os habitantes do céu afligiram-se,Ybakygûara onhemoputupab,,
"Tornam-nos famosos também, em suas bocas vilipendiando-os","Oîmoerapûan-y bé, o îurupe i momoxŷabo",,
Não são muitos meus pecados,Na setáî xe angaîpaba,,
Lamenta-te!,Eîeapirõ!,,
És uma criancinha,Pitangĩnamo ereîkó,,
"Conta todos os teus pecados, sendo forte",Eîmombe'u pakatu nde angaîpagûera nde ratãngaturamo,,
Fiquei-o apodando,Aseró-serok,,
Arranquei as penas de sua asa,Aîpepó-'ok,,
Aqueles outros grandes chefes em ti confiam,Amõaé tubixá-katu nde resé oîerobîá,,
Enxuguei-o,Aîmoaku'i,,
Aqui estamos alegrando-nos para festejar teu dia,Kó oroîkó oronhemborypa nde 'ara momorangápe,,
o que vai buscar água,ypyasoara,,
Eu tenho palavras de rufião,Xe nhe'engarũaíb,,
"Aquela lei nova, quem será que a trouxe?",Aîpó tekó-pysasu abá serã ogûeru?,,
"É bonita esta igreja, tendo muitos adornos!","I porang kó tupãoka, îegûakabetá rerupa!",,
Muito é o meu cansaço,Turusu xe kane'õ,,
"Oh, que pena que meu pai morreu!",Omanõ tekatunheté xe ruba mã!,,
casa de terra,yby-oka,,
Durmo amiúde,Aker-akerĩ,,
"sol frio, isto é, sol encoberto, tempo nublado",kûarasy-ro'y,,
A crença na dança enche os corações deles,Moraseîa rerobîara i py'a îaîporaká,,
Estou-me sentando,Agûapyk gûitena,,
"Adão, nosso primeiro pai","Adão, oré rubypy",,
Hei de ir,Asóne-ká,,
Ele te chama particularmente,Nde katu nde renõî,,
Eu tenho cálculos renais,Xe typa'am,,
Tomei-o com ambas as mãos,Oîopobaî aîar,,
Nasci com as pernas dobradas,Oîeaparybyri a'ar,,
pescador (com rede),îeporakasara,,
"Enfeitaste-te, tendo desejo sensual?",Erenhemoatyrõpe nde poropotaramo?,,
Jazo de bruços,Oobapybo aîub,,
Como Nosso Senhor a cura?,Marãpe Îandé îara i mombûerabi?,,
Deixa que eu vá para tentá-los,T'asó sa'anga tenhẽ,,
Arrepende-se muito de seus pecados em seu coração,Omboasy-katu o angaîpaba o py'ape,,
Ainda mais eu,Ixé-tene,,
"Salve Rainha, nossa esperança",Salve Rainha oré îerobîasaba,,
"Transgride também o homem aquela palavra de Deus invocando para seu próximo, bem em seu coração, o diabo ou a morte ou Jurupari?",Oîaby bépe abá aîpó Tupã nhe'enga o py'ape-katu o apixara supé Anhanga koîpó te'õ koîpó Îurupari rekyîa?,,
Que trouxeste dentro de tua caixa?,Mba'epe ererur nde karamemûã pupé?,,
"Eis que minha condição, na verdade, é assim",Xe rekó anhẽ nhẽ nakó emonã,,
a sela do cavalo,kabaru repanakũ,,
velha muito maldosa,gûaîbĩ-marã serã-serã,,
Destruindo a descendência daquele primeiro homem branco,A'e karaibypy îeapykaba mondyka,,
"Vem, coisa fedorenta, coisa nojenta, tamarutaca!","Eîori, mba'enem, mba'e-poxy, tamarutaka!",,
se for assim,emonãneme,,
Santificado seja teu nome,I moetepyramo nde rera t'oîkó,,
"Deus-Pai tem mãos, tem mão direita, tem mão esquerda?","I pópe Tupã-Tuba, i 'ekatuápe, i asupe?",,
Os homens batem nele à tua vista,Sesé abá pûari nde resápe nhẽ,,
bago de tacape,ygapẽ-nambi,,
"cabaça-pescocinho (isto é, em forma de pescoço, com estreitamento entre duas partes mais largas, estreita no meio e grossa nas pontas)",yá-nhurĩ,,
"Alcovitice, prostituição - não quero que ninguém as deixe","Manhana, sygûaraîy - n'aîpotari abá seîara",,
remédio portador de cura,mosanga mûeîrab-yîara,,
O que Cristo deixa como chefes dos cristãos batizados,Cristãos i mongaraibypyra tekokuaparamo Cristo remieîara,,
Moro com Pedro,Aîkó Pero irũnamo,,
"pelouros grandes que se faziam da mandioca curtida, com que depois davam cor à farinha de guerra",u'i-apu'a,,
Arrombei-o,Aîmonarang,,
Como será que um habitante do inferno viveria neste mundo se Deus o fizesse viver fora dali um mês?,Marãete'ĩ ra'umope amõ Anhanga ratá pora rekóû ikó 'ara pupé oîepé îasy Tupã ebanoĩ suí o moingobérememo?,,
Ó Pero!,Pero gûe'y!,,
Parece que é ele,A'e îasûar,,
"Nela (isto é, na cruz) morrendo crucificado",Sesé i moîarypyramo omanõmo,,
mais para cá,kybõ-ngoty bé,,
"Depois disso, hoje vamos quebrar as cabeças dos reis",A'e ré kori îasó tubixaba akanga kábo,,
cabelo desgrenhado,a-bebó,,
cunha de fender lenha,îepe'a-kasaba,,
Os cristãos como uma unidade,I mongaraibypyretá oîepegûasu îasûá,,
"Que diz a gente, querendo abrandar a Deus?",Marã e'ipe asé Tupã mombu-potá?,,
"Eu tenho roça própria (isto é, que não faço com os outros)",Xe kó-é,,
"Eu sou muito bochechudo, eu tenho bochechas grandes",Xe retobapegûasu,,
"Depois disso, os malvados estão alta noite atacando pelas costas os maridos das mulheres","A'e ré, moxy rekóû pysaîé kunhã mena kupea'pa",,
Hei de me esconder bem,Aîemĩngatupe ká,,
filha de Deus,Tupã raîyra,,
O peixe é-me enjoativo,I ting pirá ixébo,,
Pertinho certamente ele está,Mbypeteĩ ipó ahẽ rekóû,,
Dissestes tolices?,Mba'epûera peîépe?,,
"Meu ex-marido há de ser certamente, o finado Piracaém","Xe mendûera ipó re'ĩ, Piraka'ẽ amyrĩ!",,
Oxalá ela estivesse sem roupa!,Ikatupe nhẽ temõ mã!,,
Reformo-o nos costumes,Asekonongatu,,
Vinde para vos voltar para Deus,Peîori pebaka Tupã koty,,
Aticei-o,Asapynhang,,
Saiu para o pátio chorando muito dolorosamente,Osem okarype oîase'o-asykatûabo,,
"Eia tu, avante!",Nde katunhẽ,,
"Por isso mesmo a gente, então, o louva assim que o vê",Nd'e'i te'e asé a'ereme i moetébo sepîaka bé,,
Entraram aqueles mesmos discípulos seus na casa de Anás?,Oîképe a'e i boîá aé Anás rokype?,,
Eu sou risonho,Xe nhearõ,,
o que se deseja matar,i îuká-potarypyra,,
"Creio que ele retirou também as almas dos nossos primeiros e santos pais (da mansão dos mortos), que aí esperavam sua vinda",Arobîar asé rubypy-karaibetá 'angûera a'epe turama osarõba'e renosemagûera bé,,
Não morarás com tua gente?,Nd'ereîkóî xópe nde anama irũmo?,,
"algum tanto, um pouquinho",angaîbĩ'ĩ nhote,,
morrendo ele,omanõmo,,
Resgatando totalmente seus antigos pecados,O angaîpagûera repyme'enga-mbapa,,
Não parece bem fazer ele a defesa da morte fora de Jesus Cristo,N'i aîarõî Îesu Cristo taté é te'õ suí i îepirapûana,,
Isto de novo!,Ang é!,,
Não é que o maldito veio voando?,Ké muru ruri obébo?,,
Diante de ti sentando-me eu,Nde robaké ûigûapyka,,
A bela proclamação de sua mãe afligiu-me muito,I xy mombe'u-poranga xe moingotebẽngatu,,
Eu tenho peçonha,Xe tegûam,,
Assim que eu vou,Xe só abé,,
seu ferrete,i kuapamoindaba,,
Maldizendo a lei de Deus,Tupã rekó momburûabo,,
Viemos de longe,Îaîu kûepe suí,,
Ele é medianamente grande,Turusu nhote,,
Eu estou com dúvida,Xe akasang,,
"Não tenho pena das coisas (isto é, sou pródigo)",N'asaûsubari mba'e,,
"Sim, esses me satisfazem","Îé, aîpó xe moytarõ",,
Vem para me encontrar,Eîori xe repenhana!,,
"Por não recear proclamar a fé em Deus, os pecadores mataram São Mateus","Tupã rerobîara mombe'u posykyîee'yma resé, angaîpaba São Mateus îukáû",,
Tendo-os no pescoço,O aîuri serekóbo,,
Vem para me alimentar bem,Eîori xe poîkatûabo,,
"abraçando a cintura de teu companheiro, estimulando teu desejo sensual","nde rapixara ku'a îubana, nde poropotá-pokyramamo",,
"Todos eles voltaram para trás, caindo no chão de costas","Opá i îeakypûereroîebyri, o atukupé pyterybo o'á ybype",,
Por acaso todos os que estavam ali ficaram a injuriá-lo?,Opabenhẽ serã erimba'e a'epe tekoara iî a'o-îa'oû?,,
fazendo os homens ficarem espiando,abá momanhã-manhana,,
"Após acabar o mundo, fá-los-á voltar a viver","Ara pab'iré, i moingobeîebyri-ne",,
O vão entre minhas pernas,Xe rakamby,,
Oxalá fosse verdade!,"Anhẽ temõ turi mã - Oxalá ele viesse, de fato Anheté temõ!",,
"Existe meu auxiliar verdadeiro, o grande chefe Aimbirê, o pervertedor dos índios","Oîkobé xe pytybõanameté, tubixá-katu Aîmbiré, apŷaba moangaîpapara",,
Prova que o levas!,Esa'angyne serasóbo,,
"Seus amigos, os franceses, pólvora trouxeram em vão","Saûsupara, aîuruîuba, mokaba ogûeru tenhẽ",,
Eu costumo mexericar,Xe mba'epûer-y îá,,
"Tendo inveja por seu próximo ter coisas boas, entristecendo-se por isso","O apixara mba'e-katu rerekó moasŷabo, sesé onhemoangekoaípa",,
Tu te alegraste por alguém estragá-las?,Nde rorype abá serekomemûãagûera resé?,,
"Quando o sol estava no alto de nossas cabeças, eu vim","Asé 'apyterype 'ara ruî - No alto de nossas cabeças o sol está Îandé 'apytera 'arybo 'ara rume, xe ruri",,
Suo,Xe ryaî,,
homem luxurioso,abá-poropotara,,
"Esse é meu antigo enforcador, uma taturana","Akó xe îubykarûera, tataûrana!",,
Antes sua ida para junto dele no céu que sua ida para o inferno,Ybakype i pyri o só îanondé Anhanga ratápe o só suí,,
Aquele que entrava na igreja,Akó oîké rakó Tupãokype,,
Desfolhei-a,Aîpo'o,,
amarelidão,moroîuba,,
"Não dormi, absolutamente, para procurá-los",N'aker-angáî sekasápe,,
É algum tanto grande,Turusu-pyryb,,
os muitos judeus junto à cruz,îudeus-etá cruz robábo,,
"Entrando em tua casa, visitando-te imediatamente","Nde rokype oîkébo, nde supa aûnhenhẽ",,
"Meu ex-marido há de ser, certamente",Xe mendûera ipó re'ĩ,,
Uns com os outros também o mataram,O îoirũmo bé i îukáû,,
grão de farinha,U'i-esakytã,,
"Hei de comer hoje seus braços, Jaguaruçu, suas coxas","T'a'u kori i îybapûera, Îagûarusu, i ugûera",,
Vou por ir (sem algum fim),Asó nhẽ,,
"Vejo-o (Com ênfase Lit, Acho-me vendo-o)",A'é sepîaka,,
Por ter ele esperança nela e em Deus,Sesé Tupã resé bé o îerobîasápe,,
"Assim que acaba a vida que Deus nos dá, a morte nos derrota","Tekobé îandébe Tupã remime'enga syka bé, te'õ îandé moaûîéû",,
O que tocou na irmã mais moça ou na irmã mais velha de sua noiva verdadeira não pode casar-se nem mesmo com sua noiva,O me'engabeté pyky'yra koîpó tykera resé obykyba'e n'e'ikatuî omendá o me'engabeté resé tiruã,,
Alguns ficavam batendo no peito,Amõ amõ o poti'a resé opûá-pûá,,
caminho da (aldeia) Carioca,Kariîopiara,,
Emendou também aquelas suas palavras?,Oîmoîoapyr-y bépe aîpó o nhe'enga?,,
Foram de novo alguns soldados para quebrar as pernas daqueles dois ladrões,Osó bé amõ maranaritekoara a'e mokõî mondabora retymã mopena,,
Este pajé ruim tem um espírito protetor,Supixûar ikó paîé-angaíba,,
"de acolá, dali",ûĩ suí,,
"Os moços, os homens, as moças, a todos bem os tenho em minhas mãos como meus súditos","Kunumĩgûasu, apŷaba, kunhãmuku, xe boîáramo pabẽ xe pópe arekó-katu",,
Aparei-lhe o topete,Asetobapy-etab,,
Voa para longe de nós,Obebé îandé suí,,
Enfim chegou,Té osyka,,
Tanto um como o outro importunavam Santa Maria ao longo dos dias,Oîoîabenhẽ 'ara rupi Santa Maria moaîuû,,
três ou quatro anos após os enterrarem,mosapyr koîpó oîoirundyk seîxu ybŷá o tym'iré,,
"Eu sou pequeno! Engolir-me-á hoje, como de costume","Xe mirĩ! Xe mokõ kori, îandune",,
Trouxe-as para a rainha,Arurĩ reîa supé,,
na sua preocupação com torpezas,poxy resé o nheangerekosápe,,
Mas não é nossa pátria esta terra em que moramos?,N'asé retama ruã-tepe ikó yby asé rekoaba?,,
Trouxeste tua caixa?,Ererupe nde karamemûã?,,
Bem desde o começo dela ouviste-a ou somente a partir do meio dela?,Iî ypy suí-katupe eresendu koîpó i ku'a suí nhote?,,
"Ah, meu pai!",Xe rubĩ mã!,,
"Sim, esses me satisfazem","Îé, aîpó xe moytarõ",,
Esmigalhei-o,Aîkurubixok,,
Eu tenho bafio,Xe rygynõ,,
Fazendo as pessoas terem ódio umas das outras por causa de alguém,Abá resé nhoamotare'yma rerekouká abá supé,,
Nós estamos enfileirados,Oré rysy,,
Como diz o último dos mandamentos da Santa Madre Igreja?,Marã e'ipe Santa Madre Igreja asé rekomonhangaba mondykaba?,,
Conforta-me tu,Xe moapysyk îepé,,
Que possa conhecer-te meu pai Tupinambá!,T'e'ikatu nde kuapa xe ruba Tupinambá!,,
velha maldosa,gûaîbĩ-marã,,
Descarrega-a a ele,Eroîyb ahẽ supé,,
Que tu também venhas com Jesus,Nde abé Îesu irũmo t'ereîu,,
Que se impeça esse meu futuro sofrimento,T'i rambûer iã xe remimborararama,,
Para o vosso encontro da virtude verdadeira,Tekokatueté pé pe gûasemagûama resé,,
Hoje mesmo hei de fazer-te ir,Kori é t'oromondóne,,
Todo seu sangue deu,Opá og ugûy me'engi,,
"o que faz regozijar-se, o que agrada, o que consola, o ajudador (em coisa difícil)",moîekosupara,,
O que foge com uma mulher não pode casar-se com ela,Kunhã reroîabapara nd'e'ikatuî sesé omendá,,
São famosos esses moçacaras,Serapûã kó mosakara,,
Eu tenho hérnia,Xe rapi'agûasu,,
Deixei-o pela metade,Aîmoagûé,,
"Assim, verdadeiramente, não cumpriste o que disseste?",Emonã-tekatuetépe nde 'eagûera nd'ereîmopori?,,
Pelo menos eu,Ixé te'ĩé,,
Compadece-te de minha alma,Eporeaûsubok xe 'anga,,
"o que informa, o que avisa",momorandupara,,
"Dentro dela gerando-se, Deus fez-se pequeno","I pupé onhemonhanga, onhemomirĩ Tupã",,
Ensaquei a farinha (de mandiopuba),Au'ipuku-nhang,,
Vou para mandar fazer farinha,Asó u'i pûaîa,,
"Que fizeram, querendo aproximá-los?",Marãpe ybŷá serekóû i mondyka potá?,,
Eu não me altero,Na xe amarani,,
Choremos sempre,T'oroîase'o memẽ,,
Pode também (a gente) tomá-lo algumas vezes em outros dias?,E'ikatu bépe amõ 'ara pupé amõme asé tara?,,
"Estando a destilar coisa quente, coisa muito amarga","Mba'e-akuba, mba'e-robeté tukutuku okûapa",,
"lanço da ocara, a parte da ocara contida entre, por exemplo, duas ocas",okarapupa'ũ,,
"a vanguarda da guerra, o que vai à frente dos outros na guerra (para obter informações do campo inimigo)",marana tĩapyra,,
Em vão crêem em ti,E'i tenhẽ nde rerobîá,,
Aceitaste as palavras deles?,Ereîmorype i nhe'enga?,,
"Vem para destruir o maldito, em seu fogo lançando-o","Eîori, muru mombapa, satápe seîtyka nhẽ",,
"Se o que Deus fez neste mundo é muito belo, quanto mais lá, o céu primeiro","Ikó 'ara pupé abiã Tupã remimonhangûera i porãngatu, memetipó ebapó ybakypy",,
Este sonho é o modo de se reconhecer que ela é o que eu quero,Kó mosaûsuba xe remimotaramo sekó kuapaba,,
"Logo depois de dizer aquilo para ele, lançou o pagamento por seu senhor no templo, indo finalmente enforcar-se","Aîpó oîoupé 'é abé, o îara repypûera reîtyki Tupãokype aûîé osóbo oîeaîubyka",,
"Batizou-me, verdadeiramente, o padre",Xe reroketé pa'i,,
"Levaram-no para um certo palácio, fazendo-o entrar consigo",Ogûerasó amõ okusupe seroîkŷabo,,
Tenho relações sexuais com ela,Aîkó sesé,,
Nós estamos bem arrasados,Oré tygûé-katu,,
Serão bons doravante os que eu guardo de costume,I angaturam ko'yré xe remiarõ îandune,,
Vou para junto de meu pai,Asó xe ruba pyri,,
Deveria ir,Asó temonemo,,
Morro subitamente,Amanõ-memûã,,
Eu tenho penduricalhos,Xe renembaî,,
Eu sou calvo,Xe 'apytereb,,
Conheceu sua autêntica bondade,Oîkuab i marangatueté,,
Fui sem resultado,Asó biã,,
Ilumina hoje os olhos de minha alma,Esesapé kori xe 'anga resá,,
"Herodes teria entregado este à morte, conhecendo suas maldades",Herodes meémo ikó oîme'eng te'õ supé i angaîpaba kuapa,,
Eis que estou à vista de Deus,Tupã resápe ã xe rekóû,,
Estou-me agachando (parado),Anhemombeb gûitena,,
Como seus atos passados serão a causa de vós o derrubardes?,Marãpe sekoagûera peẽ i mbo'aragûama?,,
"O sol certamente brilha, após passar a grande noite","Kûarasy nipó oberá, putunusu kûab'iré",,
Abundava o amor de Deus em teu coração outrora,Tynysẽ Tupã raûsuba nde nhy'ãme erimba'e,,
Eu espirro,Xe atîam,,
Que alegremos a Maria,Maria t'îambory,,
Eis aqui minha grande muçurana,Kó xe musuranusu,,
"Brigarão, cuspir-se-ão?","Omarãmonhangype, oîoendyne?",,
botão da roupa,aoba potãîa,,
Que bom seria se Deus mandasse fazer os cadáveres falarem!,Omonhe'enguká temõ Tupã te'õmbûera!,,
"Sob tuas mãos estamos, em ti apoiando-nos","Nde pó gûyrype oroîkó, nde resé oroîekoka",,
"""o chupa-fogo"" (nome próprio)",tatá-pytera,,
"Caem, às vezes, os frutos das suas árvores, sendo ainda flores",Okuî rakó amũme 'ybarambûera o 'yba suí ybotyramo oîkóbo bé,,
este outro,kó amoaé,,
"Eu, o diabão assado, o que tem nome Guaixará, o que é afamado por aí","Xe, anhangusu-mixyra, Gûaîxará seryba'e, kûepe i moerapûanymbyra",,
Eu estou amargo,Xe rob,,
Deleitaste-te no teu sonho com ela?,Ereîmborype sesé nde posaûsubagûera?,,
Sei mais que tu,Aîkuab-eté nde suí,,
"Daqui, certamente, passou para a Índia, terra dos indianos",Ké suí serã i asabi India tapyîtinga retãme,,
"Eis que ontem trucidei gente, matando europeus","Kûeîsé kó aporapiti, aîuruîuba îukábo",,
"Alguns somente, outrora, morreram meninos",Mbobyrîõ ipó erimba'e kunumĩ kanhemi,,
lembrança das coisas,mba'e resé ma'enduasaba,,
Afrouxei-o,Aîmokanãî,,
"Embora não agisse ela velhacamente, bateste com o pau na tua esposa","Marani n'oîkóî îepé, ereropûar ybyrá nde remirekó resé!",,
Cada um daqueles quatro destinos últimos de nossa vida hei de anunciar detidamente,Aîpó îandé rekó oîoirundyk mondykaba îabi'õ t'amombe'u apysagûé,,
"Os habitantes do céu, mais ainda, estão bem felizes",Ybaka porá-tene sory-porang,,
"então, nesse tempo",a'e remengatutenhẽ,,
Fui para alcançar Pedro no rio,Asó Pero rupytyka 'ype,,
Turvei sua água,Aîmo'ypiting,,
outras aldeias frequentando,amõ taba rapekóbo,,
Ao transcorrerem quatro gerações,Oîoirundyk îeapyká sykápe,,
"Que aqui está deitado, aquietando-se?",Mba'epe ké tuî opyka?,,
Acreditas no pajé ao fingir assassinar as pessoas?,Ererobîarype paîé porapiti mo'anga'uba?,,
misérias da vida,tekó poreaûsuba,,
"Os bem-aventurados e os santos no céu, que vêem a Deus, ultrapassam o número dos dias que o ano tem","Marangatuba'e, santos ybakype, Tupã repîakaretá, osasá 'ara ro'y remierekó papasaba",,
Tu te entregaste ao imaginar em teu sono que um homem fazia sexo contigo?,Erenhemoaûîépe nde kerype nde resé abá rekó mo'angeme?,,
Bafejo,Atimbor,,
Eu hoje (quero) o lombo deles,Xe kori i pyîaso'o,,
"no meio, no centro, pelo meio, pela metade (de comprido, de uma extremidade à outra)",oîopyterybo,,
Matam (ou mataram),Îaîuká,,
Apenas não me matou o terror ao nome da mãe de Deus,Sãî xe îukae'ymi Tupã sy rera abaîté,,
Isso dizes com razão,Aîpó eré supikatu,,
Eu também sou um porco,- Xe abé taîasugûaîa,,
"Hás de ir, pois, para teu fogo, para que estejas para sempre prostrado no lugar em que se faz sofrer","T'eresó rõ nde ratápe, aûîerama t'ereîub moreaûsuba monhangápe",,
Sentir o toque nas coisas,Mba'e resé mokoka anduba,,
Trouxe todo o peixe,Aru-pab pirá,,
Saciei minha vontade de comê-lo,Aî'useî-mogûab,,
Que é o que será mantido para sempre neste mundo?,Mba'epe aûîeramanhẽ serekopyrama ikó 'ara pupé?,,
É medianamente grande,Turusu-nhota'ub,,
Dois filhotes de pomba sua mãe levou como oferenda,Mokõî pykasu ra'yra i xy ogûerasó îetanongabamo,,
"ficar pondo comida, aos poucos, na boca de (pex, na boca de um doente)",îuru-py-pyk,,
Eu sou muito manhoso em palavras,Xe nhe'ẽpokarugûá-katu,,
Ensinando tu a ti mesmo,Eîembo'ebo,,
homem liberal,abá-ekoate'yme'yma,,
"Tu te permitiste cobri-la, sendo tua parenta?",Ereîeîopyk-ukarype nde maranungaramo?,,
Diferenciando-a das outras mulheres,Amõ kunhã suí i moingoébo,,
"Foram de novo alguns soldados para quebrar as pernas daqueles dois ladrões, fazendo-os descer consigo",Osó bé amõ maranaritekoara a'e mokõî mondá retymã mopena seroîypa,,
Que pareçam juntar-se como um só,T'oîese'ar-y berame'ĩ oîepekaturamo,,
Por acaso não chegava seu segundo braço ao lugar de irem os pregos?,Ogûatá îepé serã i îybá mokõîa itapygûá soarama resé?,,
Invocando o Anhanga ou a morte ou o Jurupari,Anhanga koîpó te'õ koîpó Îurupari rekyîa,,
"A seu próprio pedido, na cruz o pregaram","Cruz resé i moîari, i îeruresabo é",,
As moças habitantes das aldeias escondo-as em meu coração,Kunhãmuku taba pora xe py'a pupé anhomim,,
O que é daqui é este,Ikendûara n'ikó,,
Sou diferente,Aîkoé,,
"moço que aprende, moço aprendiz",kunumĩ-nhembo'e,,
Quero ir para tua terra,Asó-potá nde retãme,,
"passagem de água, rego para água",y kûapaba,,
Por isso mesmo fez nosso pai primeiro como nosso progenitor,Nd'e'i te'e îandé rubypyrama monhanga îandé nhemonhangabamo,,
Inclina-se a gente sempre quando diz Jesus?,Oîerokype asé Jesus 'ereme?,,
Vem-me à memória minha vida passada em minha terra,I 'ã i 'ang xe retãme xe rekoagûera ixébo,,
Que ele não esteja pelas ocas a agitar nossas almas,T'oîkó umẽ oka rupi oré 'anga monguébo,,
"Quando o sol estava no alto de nossas cabeças, eu vim","Îandé 'apytera 'arybo 'ara rume, xe ruri",,
"Em Pedro eu te supunha ver (isto é, julgava que tu fosses Pedro)",Pedro resé ixé nde mondari,,
Falo irritadamente,Anhe'ẽ-îeaseî,,
o que perverte uma casada,mendara momoxysara,,
A água benta é o que faz abrandar também o que os doentes sofrem,Mba'easybora remimborará moarybé-ukasara bé 'ykaraíba,,
"Deus ama-te muito, enchendo-te de graça","Tupã nde raûsubeté, graça ri nde moynysema",,
Vou como alcoviteiro,Asó manhanamo,,
o que é cego,sesabyba'e,,
Arranca-te o nome por causa dos malditos,Eîerok moxy resé,,
"mas, de verdade",anhẽp'anhẽ,,
ajuntamento de canas-de-flecha,u'ubá-tyba,,
Eu estou opilado,Xe apong,,
Ajudando-os sempre,I pytybõmo îepi,,
Matemos juntos o que diz isso,Îaîuká memẽ aîpó 'îara,,
Não havia nada antes de Deus fazer o mundo?,Nd'oîkóîpe mba'e amõ Tupã 'ara monhang'e'ymebé?,,
Espremi o sumo dela,Anhamĩ - Espremi-o Aty-amĩ,,
"Quais são, por acaso, as ocasiões de se ter medo da morte?",Mba'e-mba'e-piã te'õ suí nheangûaba?,,
perseguidora do diabo,Anhanga momosembara,,
Este dia deu para nós,Kó 'ara oîme'eng îandébe,,
o terceiro deles,i mosapysaba,,
"Conversemos baixo, para que não o percebam os índios","Mbegûé îaîomongetá, t'onhandu umẽ abá",,
Já afastei dessa maneira minhas maldades,Aîpe'a umûã emonã xe angaîpaba,,
Tiro-lhe a pele,Aîpirok,,
Não desobedecem nem um pouco os que moram no céu à vontade de Deus?,N'oîmomarã-mirĩ-angáîpe ybakygûara Tupã remimotara?,,
"Com eles não se misturando, não querendo, igualmente, seu modo de ser","Sesé onhemonane'yma, oîabé sekó potare'yma",,
"por ali, por aí",ebokûea rupi,,
Que tu dês para nós teu belo filho,Nde t'ereîme'eng orébo nde membyporanga,,
Fica com teus suditozinhos junto de nós,Eropytá nde boîá'ĩ orébo,,
"Ainda bem que os três, novamente, queimareis em conjunto",Iîá mosapyr-y bé pekaî oîepegûasune,,
"rechonchudão, baixo e largo de corpo",apebusu,,
"E os cristãos transgressores da palavra de Deus, que lhes sucede?","A'epe cristãos Tupã nhe'enga abŷara, marã?",,
"Fiz cilada contra o inimigo, matando-o",Aîkupe'ab tobaîara i îukábo,,
Abrasou tua alma o fogo dele,Nde 'anga osapy satá,,
"Reritiba, minha terra, aldeia muito boa","Rerityba, xe retama, tabangaturãngatu",,
Ali também estando os que guardaram sua alma em sua virtude,A'epe bé ogûekokatu pupé o 'anga nongatusarûera oína,,
"Imediatamente, de seu próximo eles vingam-se",Aûnhenhẽ o apixarĩ resé îepyki,,
Fazendo-se humilde como um pobre,Onhemoarûabo mba'eîare'yma îabé,,
Eu não sei (sou ignorante),Na xe tekokuabi,,
Estou de acordo com ele,Supi nhẽ aîkó,,
"lugar de retalhar a carne, açougue",so'o mbo'isaba,,
Detestas completamente suas obras?,Ereroŷrõ-mbápe sekó?,,
Seu sangue era muito,Sugûy turusu,,
"Na verdade, ver-me-eis estar sentado futuramente do lado direito de Deus Pai",Anheté pesepîak irã Tupã Tuba 'ekatuaba koty xe gûapyka xe renane,,
Pintei-o,Aîkûatiar,,
"Estando virgem, mesmo dando-o à luz, antes de dá-lo à luz e, igualmente, após dá-lo à luz","I mbo'a tiruã, i mbo'ar' e'ymebé, a'erame'ĩ i mbo'ar'iré, omarane'ymamo",,
Fi-lo trabalhar (ou Fi-lo estar em ocupação),Aîmoingó-marã,,
Ficaste suspeitando sem motivo de tua esposa por causa de alguém?,Ereîmondá-mondá tenhẽpe nde remirekó abá resé?,,
"Eu sou Guaixará, bebedor de cauim",Gûaîxará kagûara ixé,,
Tudo faz a aldeia pecar!,Opá taba moangaîpabi!,,
"Muito feliz está o homem, certamente, após alcançar alguma verdade",Sorybeté rakó abá mba'eeté amõ resé o îekosub'iré,,
Fiz minas,Aîekûarybykoî,,
Trago muitos,Arurusu,,
Vindo com os três reis pela estrela,Mosapy reîá reru îasytatá rupi é,,
Que vades regozijar-vos com o que é desejado,Ta pesó peîekosupa i potarypyra ri,,
Mordo-a (com as gengivas),Anhagûãî,,
Permitindo sua mancebia,I agûasá repîakĩamo,,
"Tens compaixão de tua mãe e de teu pai quando eles estão deitados, doentes, sendo responsável por eles?","Eresaûsubápe nde sy nde ruba i mba'easy tume, sesé nde morerekoaramo?",,
Eu estou feliz por tua ida,Xe roryb nde só resé,,
"A poeira dos pés arranca de minha casa, tua pousada sempre","Eîpytybyrok xe roka, nde pytasaba îepi",,
"retalhador de carne, açougueiro",so'ombo'isara,,
Estou só,Oîepebẽ aîkó,,
"Desejando ardentemente ver o nenenzinho, vim de minha casa","Pitangĩ repîaka'upa, aîur xe roka suí",,
Os homens pecadores mataram São Mateus,Abá angaîpabora São Mateus îukáû,,
"Após arrependerem-se de seus atos, os índios vão confessar-se","O ekó moasy riré, abá sóû îemombegûabo",,
Fachos de luz para iluminar o caminho pela escuridão,Ysysaý putumimbyka rupi pé resapébo,,
"O cauim transbordante nas igaçabas, depois disso, atrai-os","Ygasápe kaûĩ-tuîa, a'e ré, îamomotá",,
"Mudarei de nome hoje, por causa deles",Aîerok kori seséne,,
Por isso mesmo todos os homens emagrecerão,Nd'e'i te'e opá abá angaîbaramo-ne,,
Ainda é muito cedo para isso,Nd'e'i-angáî,,
Danei-me,Anhemoaíb,,
"Da morte tentando inutilmente livrar-se, amedrontando-se, enfim","Te'õ suí o nhepysyrõ ra'angyîepébo, opiringamo ko'yté",,
Deus parece obter o descanso,Mutu'u resé Tupã îekosu-berame'ĩ,,
"casarão, casa grande",okusu,,
Nós nos misturamos,Oroîese'ar,,
"Aproximando-me da morte, meus antigos e grandes pecados farei sair","Te'õ rerobyka é, xe angaîpá-tubixagûera amosẽne",,
madeira ou armação para futura casa,ó-kangûama,,
Que afastemos o diabo agora e para sempre,Anhanga t'îaîpe'a ko'yr aûîeramanhẽ,,
Sua mãe afável também arranca a ferocidade dele,I xy-îerekûaba abé oîo'ok i abaeté,,
Meu braço perdeu a sensibilidade,Omanõ xe îybá,,
Confiemos nesses homens,T'i îerobîar apó abá ri,,
Caço,Aka'amondó,,
"Argumentei contra suas palavras, em vão",Aînhe'engapypyk îepé,,
Eu tenho garganta seca,Xe ase'o-tining,,
A morte somente é a causa de afastá-los,Te'õ anhõ i mombo'isaba,,
a que deseja a virtude,Tekokatu potasara,,
Transgride também alguém a palavra de Deus não mandando comungar a seu filho que é comungante antigo?,Oîaby bépe abá Tupã nhe'enga o a'yra tupãrasarymana supé tupãrarukare'yma?,,
Morro de morte natural,Te'õ suí amanõ,,
"Guardai-vos de ser maus, doravante",Peteumẽ pe poxyramo angiré,,
"Quando fustigava o sol a terra, eu vim","Ara yby sokeme, xe ruri",,
"Lembra-te já de teus destinos últimos, do fim de tuas coisas","Nde ma'enduar nde rekosykagûama, nde rekó pabagûama resé rá",,
Os homens esvaziam as cuias,Oîmboapy abá kuîaba,,
Que venha neste dia para aquecer nossa alma,T'our kó 'ara pupé oré 'anga moakupa,,
ajuntamento de araçás,arasá-tyba,,
Permaneço seu guardião,Aîkobé n'ixé sarõana,,
o que é (ou deve ser) moído,i mongu'ipyra,,
Talvez queira agarrar-me novamente este pássaro grande,Xe pysy-potar-y bé serã kó gûyragûasu,,
Ela é muito larga,I popebusu,,
Igualmente se preocuparão em fazer seus filhos estarem na virtude?,Oîoîabenhẽpe tekokatu resé o a'yra moingoagûama ri i nhemosaînanyne?,,
"É muito diferente, de fato, a morada dos homens da minha residência",Oîaby rakó abá rekó xe retama,,
"Eu hei de mentir, dizendo isso",Xe remo'em ká é aîpó ûi'îabo,,
É certo isso! (aceitando como opinião própria),Aûîé a'e!,,
Dirigi-a,Asebikok,,
Dar atenção aos fatos futuros,Tekorama ri îeapysaká,,
"Os que, de nós, são maus são os que não fazem nesta terra a vontade de Deus",Asé i angaîpaba'e ipó ikó ybype Tupã remimotara n'oîmonhangi,,
Ele morre,Se'õ,,
Por que a gente a põe em seu próprio peito?,Marãnamope asé o poti'ape i moíni?,,
Que não prejudiquemos os que portam bens para nós,T'i momuru umẽ ma'e îara îandébe,,
homem briguento,abá-marãmotara,,
"companheiro de aprendizagem, condiscípulo",nhembo'e-irũ,,
Que vá sempre minha alma ajuntando virtudes,T'osó xe 'anga îepi tekokatu mono'onga,,
"Eu, em vez disso, quero presas nas pessoas de alguns bêbados","Xe-te, xe rembiá-potá sabeypora amõ resé",,
Eu sou pequeno!,Xe mirĩ!,,
O que tolera as pessoas em coisas más,Mba'e-poxy resé oporomboryba'e,,
Contaste a maldade de alguém?,Ereîmombe'upe abá rekopoxŷagûera?,,
Tu me atormentas,Xe usũî îepé,,
Quiseste muito ouvir difamações que alguém profere?,Eresendu-potá-katupe terapûanaíba abá remimombe'u?,,
Prendeu-me este macaxera!,Xe pysyk kó makaxera!,,
"Tu, talvez para retribuir, atiras nele sempre as carícias desonestas",Nde serã i poepyka îomomorangaíba ereîapi ko'arapukuî,,
Maravilhou-te a vista de homens belos?,Nde angerasópe abá-porangepîaka?,,
Ensino-o,Aîmotekokuab,,
"O que alguém acolhe no seu paganismo, no paganismo dele está igualmente?",Og ere'yma pupé abá remipysyrõ oîabé sere'ỹme?,,
No terceiro dia,Ara nhemomosapyra pupé,,
São Pedro puxou a espada,S Pedro itangapema osekyî,,
Fiquei a penitenciar-me longamente,Kype anhenupã-nupã,,
Amarra tua rede de dormir ao lado de mim,Eîotĩ nde kesaba xe porupi,,
"Assim, por causa de seu procedimento, os aracajás os frequentam",Emonã sekó suí arakaîá sapekóû,,
Ensina bem minha alma para que conheça o caminho do céu,Eîmbo'ekatu xe 'anga t'oîkuab ybaka piara,,
Eu sou o grande tupinambá,Xe tupinambagûasu,,
"Tomaste veneno, querendo abortar teu filho?",Eremosangu'upe nde membyra akyrara potá?,,
O oposto da ira é a paciência,Nhemoŷrõ robaîara tosanga,,
Deixei de amá-lo,Asaûsupo'ir,,
"No meio do caminho, meninos assaltaram-me","Pé ku'ape, kunumĩ pu'ama'ubi xe ri",,
homem verdadeiro como nós,apŷab-eté îandé îabé,,
Asperge também a gente as sepulturas com água benta?,Osepyî bépe asé tyby 'y-karaíba pupé?,,
Temo ficar preso nesta armadilha,Aîpoûsub ikó mundépe xe rena,,
Qual é a comida de nosso corpo?,Mba'epe asé reté remi'u?,,
"Apanhai-o bem hoje, dele tomando conta",Peîpysy-katu kori sesé pemaînãngatûabo,,
Peido,Apynõ,,
"Não crêem no padre, bebendo cauim ao longo da noite","Abaré nd'ogûerobîari, putuna rupi okagûabo",,
Veio antes que eu me preparasse,Xe nhemosako'i e'ymebé turi,,
Meteste a mão nas partes erógenas de teu próximo?,Erepo'ẽpe nde rapixara rapupé resé?,,
Dormita no lugar onde o puseram deitado,Okerĩ o moupápe,,
Pedro é maior que tu,Peró turusu-eté nde suí,,
"Aproximando-me da morte, meus pecados antigos e grandes farei sair","Te'õ rerobyka é, xe angaîpá-tubixagûera amosẽne",,
"Eu, o diabão assado",Xe anhangusu-mixyra,,
"Hei de levar todos para meu fogo, com seus amigos",T'arasó pá xe ratápe sembiaûsuba resebé,,
"Por isso mesmo agora, sendo dia santo, eles estão felizes","Nd'e'i te'e ko'yr, onhemo'aretébo, og orybamo",,
Senhora da vida,Tekobé îara,,
a vista dele,sepîaka,,
amamentando seu neném,i pitangĩ mokambûabo,,
Meu destino é a terra de Deus,Xe soaba Tupã retama,,
aquela cidade chamada Jerusalém,akûé tabusu Îerusalém 'îaba,,
Só desejando mulher,Kunhã potá nhote,,
Tenho-o no meu pescoço,Xe îuri arekó,,
Eu tenho o rosto curubento,Xe robá-kurub,,
"Como pagamento de suas antigas comilanças, de suas antigas bebedeiras","O karûagûera, o sabeypó-ypoagûera repyramo",,
Não me dá possibilidade,Na xe mo'ekatuî,,
Não assassines gente,Eporapiti umẽ ,,
Ela é boníssima porque lhe abunda a virtude,"I angaturãngatueté, tekokatu o esemõneme",,
"Jesus, senhor da virtude","Îesu, tekokatu îara",,
"Não desisto (teimo, sou importuno)",Na xe apori,,
"Minha mãe, vem!","A'i, eîori!",,
Renderam-se os oponentes,I aûîé mu'amarûera,,
Não querem que vos toquem,Pe atõîa n'oîpotari,,
"Eu mesmo sou quem o queimou, no tempo em que ele vivia","Ixé aé sapysarûera, sekobeaba resé",,
"Vinde para comer a criança, engolindo completamente o menino","Peîori pitanga gûabo, kunumĩ mokona mbá",,
Todos os homens foram,Opá abá sóû,,
Que eu me lave a boca,T'aîeîuru-eî,,
"Verdadeiramente, eis aqui teu caminho Não quero que tu te percas","Anheté, kó nde rapé Nd'aîpotari nde ropara",,
A morte é o que separa os verdadeiros cônjuges,Te'õ a'e mendasabeté mombo'isaramo,,
todos os habitantes do Paraíba,opá Paraibygûara,,
"Oh, será que isto é o diabo?!","Îu, anhangap'ikó ri?!",,
Eu sou falador,Xe nhe'engixûer,,
Honrando-te mais que a todas as mulheres,Opabĩ kunhã sosé nde momba'etébo é,,
Sou inimigo das pessoas,Morobaîaramo aîkó,,
Eu tenho nome,Xe rer,,
vasilha de sal,îukyruru,,
maior algum tanto,turusu bé'ĩ,,
Breei-o,Aîkytyk,,
Afirmamos que isso é o que deve ser enaltecido,Îamombe'u aîpó i momorangymbyra,,
"Tenhamos as coisas boas, apartando-as do que é torpe",- Îarekó é rakó mba'e-katu i poxyba'e suí i mouruébo,,
pelo caminho,pé rupi,,
"Quanto mais um caminhante por um caminho que não conhece se aflige, mais deseja logo ver o dia","Memeté rakó pé o emingûabe'yma rupi oguataba'e o angekotebẽnamo, korikorinhẽa'ub 'ara repîaki",,
"ah, sim! ah, já entendi!",tó eẽ,,
"algumas poucas vezes, algumas vezes, somente",amõme é,,
Sal bento pôs na tua boca para que seja muito saborosa a palavra de Deus a ela,Îuky-karaíba oîmondeb nde îurupe ta se'ẽngatu Tupã nhe'enga i xupé,,
"Eia, vamos logo","Ene'ĩ, t'îasó taûîé",,
"Não faz efeito, às vezes, nosso remédio, fazendo avivar mais a doença, às vezes por sua ineficácia em afastá-la","Sarûab amõme asé posangygûaba, mara'ara moîerobu-bé-uká, amõme i pe'arunga o arûabíreme",,
Conhecendo a morte ainda em sua primeira infância,O pitangĩ pupé bé te'õ kuapa,,
Mas são eles os que mandam fazer cauim,A'e-te kaûĩ pûaîtara,,
Tornando afável vosso senhor para vós mesmos,Pe îoesé pe îara moaky,,
"Ele, após crescer, entregou-se aos homens maus, fazendo-se matar na cruz, estirado","A'e o kakuab'iré, i nheme'engi apŷabaíba supé, oîeîuká-uká ybyraîoasaba resé i moatãmbyramo",,
"Naquela época, após criar-se o mundo",Akoraka'e 'ara nhemonhang'iré,,
topo de escada,mytamytá-ypy,,
"Os temiminós, de dia, confessam seus pecadilhos, somente",Temiminõ 'arybo nhẽ oîmombe'u o angaîpá-mirĩ anhõ,,
Pus entradas nele,Aî'atybakã-moín,,
"Vamos (ou passamos) sucessivamente, uns atrás dos outros",Oroîeoî,,
Acima de todas as pessoas embelezou-a,Abá sosé pabẽ i momorangi,,
Deus fez certa mulher bondosa,Tupã amõ kunhãngatu monhangi,,
Eu sou airoso,Xe katu,,
Envergonha-te de ti mesmo,Etĩ nde îosuí,,
Atrás de uma cerca feita de pedras tomou a casa dos animais de criação como sua pousada,Ybyrá itá monhangymbyra kupépe so'o mimbaba roka ogûâr gûupabamo,,
Por isso mesmo tua grande sujeira estraga as almas dos índios,Nd'e'i te'e nde ru'umusu abá 'anga momoxŷabo,,
Que chegue logo ao lugar de o matarem,T'osyk esapy'a o îukaagûãme,,
"Oh, guarda-te de acreditar neles!","Ahẽ, teumẽ serobîá!",,
"Eu tenho fôlego apressado, eu tenho muito fôlego",Xe pytubapûan,,
"Meu irmão, perdoa tu a mim","Xe rybyt, nde nhyrõ xebo",,
Todo seu sangue fazendo derramar,Og ugûy-tekatu i mo'ẽ-uká,,
Desculpei-me,Aîepysyrõsyrõ,,
"Tendo saudades do neném, vim de minha casa","Pitangĩ repîaka'upa, aîur xe roka suí",,
lume das águas,y rendyîaba,,
Eu sou mocho,Xe aterẽ,,
Converti-me num pássaro,Anhemonhang a'eramo - Converti-me naquilo Anhemonhang gûyráramo,,
Para ele mesmo,I xupé é,,
"Após passar seu parto, Santa Maria levou seu filho Jesus ao templo","O membyrara kûab'iré, Santa Maria o membyra Îesus rerasóû Tupãokype",,
Os pagãos esfolaram São Bartolomeu,Serokypyre'yma São Bartolomeu piroki,,
Devem amar-se muito os que se casaram um com o outro?,Oîoaûsu-katupe amẽ oîopopysykyba'epûera?,,
"Mas sempre, com certeza, a vossas almas querem bem","Memẽ-te nipó, pe 'anga amotá",,
Eu tenho papo grande,eu tenho papo Xe aîusu,,
Casando-se com alguém que não seja ele,I xuí amõ resé omendá,,
Eu enfeio minh'alma,Xe xe 'anga aîmomoxy,,
Assento a vila de comprido,Opukubo taba amoín,,
Desfiei-o,Aîorab,,
Afasta o jurupari deste mundo,Eîpe'a îurupari kó 'ara suí,,
"O que é comum é aquela mulher espedaçar nossas cabeças, ficando a derrubar-nos",Sekoaba'e kûé kunhã oré akanga i apiti oré moapará-pará,,
Por isso mesmo repreendeu a seu companheiro,Nd'e'i te'e o apixara akakapa,,
És tolerante com teu próximo ao querer ele trabalhar nos feriados?,Ereîmborype nde rapixara 'aretéreme i porabyky-potareme?,,
"Ah, transgredi muitíssimo as palavras de meu criador!",Aîaby-eteté xe monhangara nhe'enga mã!,,
Batendo numa mulher que está grávida,Kunhã i puru'aba'e resé opûá,,
o oposto daqueles pecados,aîpó tekoangaîpaba robaîara,,
"Coisa muito boa é a confissão, que Deus fez como modo de aplacá-lo neste mundo",Mba'e-eté anhẽ nhemombe'u Tupã remimonhangûera ikó 'ara pupé o monhyrõsabamo,,
"Meus parentes trazendo, faço-os dançar comigo",Xe anametá aroporaseî seru,,
Como criança está nos braços de Maria,Pitangamo seni Maria îybápe,,
"Mas a ti, sobram-te galinhas e porcos","Endé-te, nde resemõ arinhama, taîasu",,
"Que a gente diz, conversando com o anjo seu guardião?","Marã e'ipe asé, karaibebé o arõana mongetábo?",,
"Assim como esta água lava o corpo da gente, aquela também (lava)","Akó 'y asé reté moîasuka îabé, akûeîa îabé",,
"Tu queres ser mau Hás de ir, pois, para teu fogo",Nde poxy-potar-a'ub T'eresó rõ nde ratápe,,
"Vinde, levai os malditos, erguendo-os, para sapecá-los em nosso fogo, tostando-os bem","Peîori, perasó muru, supi, îandé ratápe sapeka, saîmbé-katûabo",,
Eu não estou feliz,Na xe rorybi,,
Sempre eu ensinei publicamente as pessoas,Te'yîpe memẽ nhẽ ixé aporombo'e,,
Estamos pertinho um do outro,O îoambyî oroîub,,
eixo da roda de madeira que gira (no engenho de açúcar),ybyrá-pararanga agûeá,,
"suas pajelanças, sua antiga crença nos pajés","i nhemopaîeagûera, i paîé rerobîaragûera",,
Comedor de carne humana!,Mba'e-poru!,,
Deseja ardentemente ver o nascimento de seu filho que se gera em seu ventre,O membyra gûygépe onhemonhangyba'e 'arama osepîaka'ub,,
Assa-me o Lourenço tostado,Xe resy Lorẽ-ka'ẽ,,
de noite (não costumeiramente),putunyme,,
fecho da porta,okena motakaba,,
"Sentou-se em público, aquecendo-se perto do fogo","Te'yîpe nhẽ i gûapyki, tatá ypype oîepegûabo",,
"Aqui os homens estão, na verdade",Ké abá rekóû anhẽ,,
Vai para fazer cair os malditos em nosso laço!,Ekûãî moxy mbo'a îandé îusana pupé!,,
"-Não é que o maldito veio voando? -Portanto, não é, de modo nenhum, preguiçoso!","-Ké muru ruri obébo? -Irõ, n'i ate'ym-angáî!",,
ficando a observar o procedimento das pessoas,abá rekó andu-andupa,,
Denunciar-me-iam ao meu imperador,Xe kuaukámo xe rubixaba supémo,,
Tenho-o por costume,Aîpokugûab,,
Eu estou preto de fumaça,Xe run tatatinga suí,,
E no caso de ele não estar?,A'e ipó sekoe'ỹme?,,
Eu falo demais,Xe nhe'ẽ-mby'i,,
pelo meio de (sentido difuso),pyterybo,,
"Não, não os derrotarás","Aan, nd'ereîtyki xóne",,
Eu sou muito manchado,Xe pará-parab,,
"Manifestou-se a eles, somente, alegrando-os",Oîepîakukar i xupé nhõ i moesãîa,,
Hei de obedecer bem a ele,Asapîakatupe ká,,
Vem para me governar,Îori xe rekomonhanga,,
chefes valentes,morubixá-mosakara,,
"Acaso insistiram muito, então, os que o levaram, ficando a gritar?","Oîeîukaaíb-eté serã serasoaretá a'ereme, oposẽ-posema?",,
Concluo que talvez isso seja assim,Emonã ûĩ re'a a'é,,
"Atravessando o céu foi, deixando-te","Ybaka rasapa osó, nde reîá",,
"Embora me interessasse por elas, junto àquelas não cheguei","Anhangerekó îepé, aîpó supé n'abasemi",,
Eu tenho o coração angustiado,Xe py'a-ekotebẽ,,
Felizes estão todos os homens,Sory pakatu apŷaba,,
Ajuntam-se,Oîerobyk,,
Nossa companheira de guerras,Îandé maranirũ,,
"farinha de tipiaca, isto é, feita da mandioca crua coalhada em suspensão na água",Typy'a-ku'i,,
Lavo-a,Aîpyeî,,
Oxalá houvesse uma mulher aqui (mas não há)!,Kunhã iké sekóû biã mã!,,
Enfeixei-os,Anhoman,,
"Matá-lo-ei futuramente, com certeza",Aîuká ipó irãne,,
"Comeu aquele fruto, causa da morte, que Deus dissera?","O'u nhẽpe a'e 'ybá, tegûama, Tupã 'îaba?",,
Que as veja logo,T'asepîak taûîé!,,
Que faziam aí os que ele faria sair consigo?,Marãpe a'e semienosegûama rekóû a'epe?,,
"Reritiba, minha terra, dela venho aqui","Rerityba, xe retama, i xuí xe ruri ké",,
"Ficai, palermões!","Pepytá, manemusu!",,
"Ainda bem que existes, ó meu senhor!",Aûîebeté ereîkó xe îar-y gûé!,,
Sangro-o,Asugûymombuk,,
"Ah, como será a morte do fulano por aí?",Marã îasûaramo ahẽ kûepe se'õ mã?,,
maço de flechas,u'u-mana,,
Então as estrelas cairão pouco a pouco,A'ereme îasytatá o apakuîamo,,
Dorme ao lado de mim,Eké xe porupi,,
"Tão logo ouvindo o teu nome, o diabo está tremendo","Nde rera rendupa abé, anhanga ryryî okûapa",,
Quem ficou ali?,Abápe opytá a'epe?,,
estopa torcida,yby-pomombykypyra,,
Oxalá ela estivesse nua!,Ikatupe nhẽ temõ mûã!,,
E como a gente procede para amar seu próximo como ama a si mesmo?,A'epe marã asé rekóû o îeaûsuba îabé-katu o apixara raûsupa?,,
"Sendo assim, de costume, o diabo fica muito insistente pela gente",Nãneme amẽ Anhanga îeîukaibetéû moroesé,,
Não se compadeceu Deus de alguém por causa dos que descenderiam (dele)?,N'osaûsubaripe Tupã amõ abá îeapykaba'erama resé?,,
Outro dia o contarei mesmo,T'aîmombe'u é îrã,,
daqui,iké suí,,
"Por isso mesmo veio como precursor de Nosso Senhor, anunciando-o","Nd'e'i te'e oú Îandé Îara renotaramo, i mombegûabo",,
"de dois em dois, dois a dois",mokõ-mokõî,,
"Acredita, meu padrinho, hão de te apresar hoje","Erobîá, xe rubangaba, ta nde moembiá kori",,
Reformei seus atos,Asekó-nongatu,,
"Eia, os temiminós de dia confessam seus pecadilhos somente","Ene'ĩ, temiminõ 'arybo nhẽ oîmombe'u o angaîpá-mirĩ anhõ",,
Fica! Somente quando bebes cauim tu queres ser valente?,Epytá! Kagûápe nhõ nde ratãngatu-potá?,,
recipientes de pólvora,mokaku'i-uru,,
"Ao morrer eu, que venhas","Xe îekyîme, t'ereîu",,
o assar do pão,miapé îyba,,
"pessoa garrida, elegante, muito enfeitada com cores alegres e brincos, jocosa",araakasybora,,
Desdisse minhas palavras,Asekobîarõ xe nhe'enga,,
Devolveu seu pagamento aos príncipes,Oîme'engîeby sepypûera morubixabetá supé,,
Alegrando todas as velhas,Gûaibĩ moesãîa mbá,,
na cintura,ku'aî,,
"Não é à toa, certamente, que, agora, todos os que te amavam ele liberta de ti","Nd'e'i te'e, ipó, ko'y opá nde raûsuparûera pysyrõmo nde suí",,
"sineta de mão, sinozinho manual, campainha",itamaraká-mirĩ,,
Deus fez certa mulher bondosa,Tupã amõ kunhãngatu monhangi,,
Quem será que a trouxe?,Abá serã ogûeru?,,
Fiquei-o tocando,Aîakãî-akãî,,
Eu estou quebrantado,Xe rasyrõ,,
Eis que estas tuas futuras presas são muitas,Aîpó kó nde rembiarama setá,,
Embora eu fosse,Aûîebé-temo asó,,
"Querendo beber vinho, tudo esgotei","Kaûĩaîa 'useîa é, opakatu amboapy",,
"Por conhecê-lo, agora amo-o","A'e kuapápe, ko'y asaûsu",,
Vem para colocar os malditos conforme nossas palavras,Eîori muru moingóbo îandé nhe'enga rupi,,
"Eis que o ajunto há dias, na verdade",Kûeîsé bé nakó aîrumõ,,
Sobram-me sauiás,Xe resemõ saûîá,,
Fizeste poções?,Mosangape ereîapó?,,
"Deveria ser ele, primeiro",Ahẽ ranhẽ temonemo,,
Quebra-se muitas vezes,Osó-osok,,
a união de Deus-Filho com nossa carne,îandé ro'o resé Tupã-Ta'yra îemonana,,
algodoal,amynyîu-tyba,,
Levo-o na sua trela,I xama ri arasó,,
"Cantemos um pouquinho, primeiro, para festejar bem o dia","T'îanhe'engá-mirĩ, ranhẽ, 'ara momorãngatûabo",,
Ai! Não há absolutamente servos meus,Akaîgûá! N'i tyb-angáî xe boîá,,
E os judeus a um homem não mandaram tomar aquela cruz?,Nd'ogûar-ukarype Îudeus a'e cruz abá supé?,,
"Suponho eu que ele tenha ido, de fato","""Osó ipó"" a'ea'ub niã ixé",,
Descalcei-me,Aîepyaobok,,
Eis aqui também a ingapema pintada,Kó bé ingapé-kûatiara,,
"Ah, se eu tivesse percebido outrora isso, praticando o que dizíeis!","Anhandu beémo erimba'e angûama mã, pe 'erama purûabo!",,
Eu sou curvadinho,Xe aparĩ,,
Selecionei-o,Aîkatu'ok,,
Não se arrependeram alguns de seus vitupérios?,Nd'oîmoasyîpe amõ o nhe'engaibagûera?,,
Não querendo que se apague a luz de tua alma,Nde 'anga resapesaba gûeba potare'yma,,
"Para acalmar aquele, como nós ele se fez homem verdadeiro",A'epûera nongatûabo é îandé îabé apŷabetéramo i nhemonhangi erimba'e,,
Alimento muitos,Aîopoîusu,,
Eu tenho um buraco oco,Xe kûarybỹî,,
Até eu vou,Ixé tiruã asó,,
"Logo, então, a cruz ergueram, fincando-a?",A'eîbépe ybŷá cruz mo'ami i atykábo?,,
"Como seus discípulos procederam, vendo tratar assim a seu senhor?",Marãpe i boîá rekóû emonã o îara rerekó repîaka?,,
Eu tenho pés calejados,Xe py-piru'a,,
O fogo te convém verdadeiramente para que nele te asses,"Tatá nde arõ-eté, i pupé t'ereîesy",,
"Prega-o, prega-o na cruz de madeira","Eîmoîar, eîmoîar ybyrá îoasaba resé",,
Tomou a casa dos animais de criação como sua pousada,So'o mimbaba roka ogûar og upabamo,,
Cingi-me,Aîeku'apûar,,
"Preocupam-se conosco, de costume, os nossos padrinhos?",Onhemosaînãpe amẽ asé rerokara asé resé?,,
Cercando os miseráveis para encher nosso fogo,Muru rokysyma îandé ratá poraká,,
Fiei o algodão,Aamynyîu-poban,,
Aqui está teu danador,Oîkobé nde arûara é,,
Fiquei-o oprimindo,Aîopyîopyk,,
"acarretar, acarrear",eru-erur,,
"Ah, bem feito para ele!",Iîá îaby ahẽ mã!,,
"Eis que, enfim, chega meu pai",Rumby xe ruba obasema,,
"Eu estou-me homiziando, eu estou vivendo fugido",Xe tekoaraibor gûitekóbo,,
"mulher normal (isto é, que nunca foi escrava)",kunhãeté,,
Os furtos de fulano são famosos,Serapûan ahẽ mondá,,
"Sapecar-te-ei, assar-te-ei","Oroapek, oroesyne",,
Entra hoje em meu coração,Eîké kori xe nhy'ãme,,
"Que quer dizer a gente em seu coração, dizendo isso para ela?",Marã e'ipe asé o py'ape aîpó o'îabo i xupé?,,
O que a seu filho e a seu escravo faz trabalhar,"O a'yra, o embiaûsuba omoporabykyba'e",,
"A que ingere uma poção, querendo matar seu feto",O puru'a îuká potá mosanga o'uba'e,,
Eu sou redondo,Xe apu'a,,
Como ele nos fez?,Marãpe asé monhangi?,,
Resgatar os cativos,I momiaûsubypyra renosema,,
Igualmente a morte está entre os moços e entre os velhos,Oîoîá te'õ rekóû kunumĩgûasu suí tuîba'e suí bé,,
"Para ele trouxeram, como oferendas, ouro, incenso e mirra","I xupé ogûeru îetanongabamo itaîuba, ysykatã syapûãba'e, mirra",,
espiga dele,sara,,
Como meus súditos em minhas mãos bem os tenho a todos,Xe boîáramo pabẽ xe pópe arekó-katu,,
Tu fizeste agressão com palavras a alguém?,Nde nhe'ẽporoîukaípe abá supé?,,
"Ah, sim!",Eẽ hegûé!,,
Eu estou animoso,Xe rakubor,,
Com quais mulheres um homem não se casará?,Umãba'e kunhã resépe abá nd'omendari xûéne?,,
Aqueles velhos reis fedorentos?,Akó tubixanẽmbûera?,,
"Adivinha, vamos ver, aquele que bateu em ti!",Eîkuá ra'u nde ri opûaryba'e!,,
-Que é ungido de nós? -Nossas ancas,-Mba'e-mba'epe asé suí i pitubypyra? -Asé rumby,,
Detesto a vida má,Aroŷrõ tekó-poxy,,
"Isso não seria possível contar, ainda que o sol se pusesse!","Aîpó n'i papasabi, kûarasymo oîké îepémo!",,
Vou ao caminho de meu pai,Asó xe ruba rapépe,,
Que há aqui semelhante a um canindé azul?,Mba'epe ké kanindé-oby îasûara?,,
"Oh, por acaso isto é o diabo?!","Îu, anhangap'ikó ri?!",,
certamente! sem dúvida! assim é! tem razão! é verdade! (certificando o que outra pessoa disse),anhẽ rakó!,,
na ponta da flecha,u'uba anhãî,,
linha grossa de pescar,pindasã-pokuruba,,
"Eis que esse vem (ouvindo sua voz, somente, não o vendo)",Aîpó turi,,
Tu te alegras quando um homem te apalpa?,Nde rorype abá nde abykyreme?,,
"ilha de mato em meio a um descampado, CAPÃO",ka'a-pa'ũ,,
Ainda bem que aprendeu,Iîá oîembo'ebo,,
"não é mesmo? (isto é, verás que te digo a verdade)",mba'e-tepe?,,
"Quem, hoje, é como eu? Irra, ninguém!","Abápe kori xe îá? Erĩ, aani!",,
"Enfim, esses temiminós não acatam a lei de Deus","Aûîé, kó temiminõ nd'ogûari Tupã rekó",,
"Está muito a propósito, está sem mais nem menos (como se queria)",A'eboé tuî,,
Atiro-a,Asa'ang,,
Ainda mais Pedro,Pero angabatene,,
Deleitando-se com sua polução em seu sono,O kera pupé o pupukûera morypa,,
Já agora deve ter vindo,Our ipó ko'yté,,
"passar rápido, correr (pex, o rio, o navio)",kûab-apûan,,
"Ainda que os libertes, retirá-los-ei de tua mão","Ereîpysyrõ îepéne, nde pó suí anosẽne",,
Eu tenho inhaca,Xe raby'ak,,
"E mentindo também aquele que invoca sua alma, que acontece?","O 'anga renõîndara abé o îuraragûaîamo nhẽ, marãpe?",,
Tu te preocupaste com que teus vizinhos ouvissem a missa ao começar ela?,Erenhemosaînanype nde rambyagûá missa iîypyrungápe sendubagûama ri?,,
querendo trazê-los aqui,iké seru-potá nhẽ,,
"remédio contra dor de picada de cobra, antídoto contra veneno de cobra",mboîasy-posanga,,
"Guarda-te, hoje, de ter guerra comigo",Eteumẽ kori marana rerekóbo xe resé,,
Ela é salobra,Se'ẽ-byk,,
companheiro de São Sebastião,São Sebastião irũ,,
"Após resgatares bem tuas maldades antigas, que te regozijes muito com a virtude","Nde rekomemûãagûera repyme'ẽngatu roîré, t'ereîekosubeté tekoporanga resé",,
Eu estou arrasado,Xe robapyka'ẽ,,
"Vem, ó meu senhorzinho!","Eîori, xe îarĩ gûé!",,
"Empregaste alguém por ocasião de um feriado, fazendo-o trabalhar em algo?",Ereîmoingópe abá 'aretéreme marã i moporabykŷabo?,,
Sofrem a dor de não verem a Deus,Oîporará Tupã repîake'yma rasy,,
Caçôo dele,Aîoîaî,,
"-Que queres? -Batata-doce, favas","-Ma'epe ereîpotar? -Îetyka, komandaûasu",,
"fonte, água perene",y-pabe'ymba'e,,
Eu não estou doente,Na xe marani,,
Desobedeci a ele,Aîmoabangab,,
Não falto à igreja,N'aîmopanemi tupãoka,,
Deixaste de ouvir a missa?,Ereîmopanemype missa renduba?,,
Abarquei-o,Aîubykatã,,
"Pensai que, algum dia, a morte virá para bater em vossas portas",Penheangerekó amõ 'ara pupé te'õ pe rokena motaka turagûama resé é,,
Ficaram fazendo ferimentos em seu corpo todo?,Seté îakatupe ybŷá i moperé-perebi?,,
Se eu o mandasse,Aîmondó-momo,,
Nele os judeus juntaram-se para ficar atirando pedras em Santo Estêvão,I pupé Îudeus nheŷnhangi Santo Estêvão apîá-apîábo,,
"Ora, experimenta-o",Esa'ang ra'u,,
Assim procede para disfarçar a existência de seus filhotes,O a'yra kuakupa emonã sekóû,,
Vou de madrugada,Îeîbé asó,,
Eu estou lacrimejando,Xe resa'y-sa'y,,
bolsa do abdômen (dos marsupiais),ambé-aîó,,
Não foi a meu pai que o dei,Na xe ruba supé ruã aîme'eng,,
Hei de irritar os malditos,"""Aîrarõpe muru ká",,
minha presa (o que eu capturei na guerra),xe pu'amagûera,,
Esses teus olhos volta em nossa direção,Eboûĩ nde resá erobak oré koty,,
"Homens, velhas, mulheres sempre serão minhas presas","Apŷaba, gûaîbĩ, kunhãne, ko'arapukuî xe rembiá",,
"Passaste a mão nas tuas pudendas, abrindo-as?","Erepokokype nde rapopé resé, i pekábo?",,
Calei minhas palavras,Aîopyk xe nhe'enga,,
Eu estou menstruada,Xe rugûy,,
"Afastando o pecado original, o que Adão lançou na gente",Tekoangaîpab-ypy moroesé Adão remitykûera pe'abo,,
"Aquele que eu beijar na face, agarrai-o, atando-lhe as mãos","A'e asetobapé-pyténe peîpysy-katu kori, i popûá",,
"Sendo isso assim, o dia todo e a noite toda tu cuidarás de tua alma","Aîpó e'ymeté, ko'arapukuî, pysaré nde maînanĩ nde 'anga resé-ne",,
"Eis que estava de cor um tanto preta, certamente",Moroún-mbyry nakó,,
Importuna-me bem aquela lei nova,Xe moaîu-marangatu aîpó tekó-pysasu,,
Eu sou homem manso,Abanherane'yma ixé,,
"Hei de me corrigir, enfim",Anhenonhẽpe ko'yté ká,,
"Foram terríveis contra os malditos as flechas de São Sebastião, com São Lourenço também","I abaeté muru supé São Sebastião ru'uba, São Lourenço pyri bé",,
Para cima suas pernas mandou pregar,Ybaté koty ogûetymã moîarukari,,
"Que disseram os judeus, acusando-o?","Marã e'ipe îudeus i xupé, i mombegûabo?",,
Selo-o (o cavalo),Asendamoín,,
Eu estou fumegante,Xe ratating,,
São um na união de seu ser sagrado,Oîepé og ekó-karaíba îese'ara pupé nhẽ,,
Vem para amedrontá-lo,Eîori i mosykyîébo,,
"Bebem muito todos, os homens com as mulheres","Oka'ugûasu pabẽ, apŷaba kunhã ndibé",,
"Futuramente, com certeza, a inimiga de minha alma há de bater em minha porta",Erimba'e ipó xe 'anga robaîara xe rokena moîapuûne re'a,,
Eu sou um homem feito,Xe abagûasu,,
Fiz-me homem,Xe abagûasu,,
"de três em três, três cada um",mosapy-sapyr,,
Com minha esposa ajudar-nos-emos um ao outro,T'oroîopytybõne xe remirekó ndi,,
Pus-lhe enfeites no rosto,Asobá-posanong,,
Eis que tu mesma me denunciaste,Nde é ã xe kuauká îepé,,
Eu fico gritando dormindo,Xe kerasẽ-rasem,,
Tornando notórios os vícios das pessoas,Abá rekopoxy mosãîa,,
Lanço (à água) a canoa,Aro'ar ygara,,
Não temos a ver com isso,Nd'oroîkóî aîpó resé,,
Como se eu fosse,Xe só serãmona'ẽ,,
Há de ser o substituto de meu pai,Xe ruba rekobîara é re'ĩ,,
para quê? para que coisa? a quê?,mba'e supé?,,
"Portanto, prantear as pessoas (que chegam, como saudação) isso as enternece",Irõ moroapirõ a'e oporomomby'ar,,
"Falaste duramente a alguém, irritando-o, fazendo-o odiar as pessoas?","Erenhe'eng-aparatãpe abá supé, i moroŷrõmo, i moporoamotare'yma?",,
Ama a todos os moradores do lugar,Opakatu tapiîara osaûsu,,
Tiveste cobiça pelas coisas de alguém?,Ereîemomotápe abá mba'e resé?,,
Pensando falsamente que ele é o que tem a saúde,Marane'ymyîaramo sekó mo'anga'upa,,
A mim também o flechado Bastião derrotou-me,Xe abé iî ybõmbyrûera Bastião xe moaûîé,,
Longamente ficas sentado pranteando teus amigos ou teus parentes,Kype rakó ereín nde raûsupara koîpó nde mũ rapirõmo,,
Quantas vezes o homem transgride aquele (mandamento) após atrair-se por uma mulher ou após conversar com ela enquanto não toca nela?,Mbobype abá aîpoba'e oîaby kunhã resé onhemomotar'iré koîpó i mongetá roîré sesé o byke'yma pukuî?,,
Que chegue logo ao lugar em que o matarão,T'obasem esapy'a o îukaûãme,,
Desviei as águas,Aty-mombîá,,
Mandou trucidar as crianças habitantes da aldeia de Belém e também as habitantes das vizinhanças dela,Taba Belém pora pitanga i amundaba pora abé apiti-ukari,,
"Quando chegou o dia oito, cortaram seu prepúcio","Oito 'ara sykeme, i 'apira mondoki",,
Que venha para nos ajudar meu irmão mais moço,T'oú îandé pytybõmo xe rybyra,,
"Foste para revistar os covos de água doce de alguém, tomando seu conteúdo?","Eresópe abá îeky-'ye'ẽ supa, i pora rá?",,
O mentiroso perde a vida de sua alma,Temo'emyîara o 'anga rekobesaba mokanhemi,,
em meio de campo repartindo-os,nhũ-myterype i mbo'îabo,,
Não quero ir para longe,N'asó-potari mamõ,,
"Batendo sem motivo na tua esposa, tratando-a sempre como objeto maldito de pancada","Nde remirekó resé epûá tenhẽmo, mûasá-mbururamo serekóbo îepi",,
A todos nós espantaria,Opá îandé moputupabymo,,
Ele dentro dela está ocultamente,A'e i pupé sekó-nhemimi,,
"Após matarem a São Lourenço, que queimem em teu fogo","São Lourenço îuká ré, t'okaî nde ratá pupé",,
"Não entendo tua ida, não entendo que tu vás",N'aîmo'angi nde só,,
"Salve, ó meu mestre!","Eîkobé-katu, xe mbo'esar gûy!",,
Que o tivesse visto!,Asepîak me'ĩmo!,,
Estejamos pondo armadilhas,T'îaîekotyrung îaîupa,,
a cada dia,ara îabi'õ,,
Piorei muito de meu grande pecado,Aîerekoaíbeté xe angaîpá-katu suí,,
"Fi-lo por fazer (sem algum fim, sem mais, porque quis)",Aîmonhangĩ nhẽ,,
Não porque não me ama,Na xe raûsube'ỹmbeî,,
Jejuaste por causa da primeira menstruação de tua filha?,Ereîekuakupe nde raîyra nhemondy'ara resé?,,
A graça que ele dá não acaba,Graça semime'enga n'opabi,,
Matou todos os homens,Opá abá îukáû,,
"Comeste carne de caça, tendo farinha?",Ere'upe so'o u'i rerekóbo nhẽpe?,,
Por ocasião disso Deus deixou de amar o homem?,A'e remebépe erimba'e Tupã abá raûsupo'iri?,,
"Mudaste, por acaso?",Ereîakasó-piang?,,
O que não se confessa a cada ano,Ro'y îabi'õ onhemombe'ue'ymba'e,,
Que nos leve para seu lugar de felicidade para nos fazer regozijar consigo,T'îandé rerasó o orypápe o îoesé îandé moîekosupa,,
"Peca muito o homem, benzendo falsamente as pessoas?",I angaîpabetépe abá oporomongaraiba'upa?,,
cavidade dela,inhanhã,,
Ele tem a água esgotada,Ty-pab,,
"Desvirginaste alguma menina, furando-a, estuprando-a?","Ereîmombukype kunhataĩ amõ, i mokûá, i mondoroka?",,
"Lembrai-vos do que se sofre no inferno para que, de modo nenhum, pequeis",Penhemoma'enduá Anhanga ratápe i porarapyra resé ta pe angaîpab umẽngatutenhẽ,,
remédio portador de cura,mosanga moeîrabyîara,,
Eu tenho baceira,Xe ybypiar,,
"Daqui, talvez, passou para a Índia, terra dos indianos",Ké suí serã i asabi India tapyîtinga retãme,,
pano de linho,ybyraoba,,
Que me livre das dificuldades,Ta xe pysyrõ marãtekó suí,,
Cessou a chuva,Opyk amana,,
"E não confessando ser parente verdadeira de seu marido, que acontece?","A'epe o mena mũetéramo sekó mombe'ue'yma, marã?",,
Fizemos procissão,Orotupãerogûatá,,
Lacei-lhe as pernas,Aîkupyîurar,,
"Ah, que atrevido é esse fulano!",Tekatunheté kó ahẽ mã!,,
Como um galo te deitas,Gûyrasapukaîa îabé ereîetu'u,,
Destampa tua caixa para que eu veja tuas coisas,Eîaso'îabok nde karamemûã t'asepîak nde ma'e,,
linha grossa de pescar,pindasã-muku,,
"Não está em conformidade comigo, não é igual a mim",Na xe îáî,,
"E o que evoca a Deus pelo que não é verdade, que acontece?","A'epe supindûare'yma resé Tupã renõîndara, marã?",,
com uma pedra,itá pupé,,
Farta-me o peixe,Xe ytarõ pirá,,
Vou como preparador,Asó morenotaramo,,
Estiveste deitada sobre teus amantes?,Ereîubype nde agûasá 'arybo?,,
Fui uma vez,Oîepé asó,,
Não está dia,Nd'e'i 'ara,,
sobrinho dele,i i'yra → i'yra,,
"Sem trabalho, comemoramos este dia",Morabykye'yma kó 'ara îaîmoeté,,
Tu tiveste para alguém palavras que violentam?,Nde nhe'ẽ-poroîukaípe abá supé?,,
Sou muito mocho,Xe aterẽngatu,,
Detestando sua maldade,I angaîpaba momburûabo,,
"Ah, quem me dera comer veneno para que eu morresse disso",- A'u temõ mba'eaíba mã a'emo nhẽ xe re'õû ãûa suí,,
Somente até aqui hei de nomear coisas para ti,Nõmo nhõ ma'e t'asenõî ndebe,,
Que eu lance fora todas as armadilhas,T'aîtyk pá koty,,
Com uma lança espetaram seu flanco,Minusu pupé iî yké kutuki,,
cunha de fender lenha,îepe'a-mobokaba,,
"Ao presentearem-no, alegrou-se teu coração","I îetanongápe, sory nde py'a",,
Faz água,O'ẽ,,
Que venha para levá-los todos,T'oú serasóbo pá,,
o que se masturba,I pupukyba'e,,
Descansa Não é muito forte o maíra,Nde pytuẽ Na satãngatuî maíra!,,
Curou Nosso Senhor aquela sua orelha arrancada?,Oîposanongype Îandé Îara a'e i nambimondokypyra?,,
Eis que eu faço as pessoas estarem na bebedeira sempre,Ixé kó ka'u resé aporomoingó îepi,,
"Assim agiu, na verdade, longe de ti",Emonã rakó sekóû nde suí,,
Por acaso é o Lourenço tostado?,Rorẽ-ka'ẽ-piã?,,
tão logo indo ele,osóbo bé,,
Que sejam muitos os meus nomes!,Ta setá-katu xe rera!,,
"Esconde-te, fica quieto","Enhemim, nde kyrirĩ",,
Amo Pedro por amar a seu pai,Asaûsub Pedro og uba raûsume,,
nas grandes cabeças deles,i akangusuî,,
Que morra!,T'omanõ!,,
"És parecido com um chamusco, ó coisa fedorenta!","Nde rapixara pixé, mba'enem-y îu!",,
"Disseste ""-Oxalá eu o mate"", fazendo alguém ouvir?","""Aîuká temomã"" erépe abá remiendubamo?",,
Mamei,Akambu,,
Aqui vêm para nos castigar!,Ké turi îandé nupãmo!,,
O anjo revelou-se a ela como um rapaz muito belo,Karaibebé îepîakukari i xupé kunumĩgûasu-porãngaturamo nhẽ,,
Eu sou pontudo,Xe rapûá,,
"Suas palavras transgredindo muito, amaldiçoando-o","I nhe'enga abŷabo-tekatu, i momburûabo",,
Os cabos são achatados,Yba i peb,,
A dança é que é boa,Moraseîa é i katu,,
Vim ainda agora,Aîu ramõ,,
Nomeia os muitos designativos de teu corpo para mim,Esenõî nde reté renõîndabetá ixébe,,
"de acolá, dali",amõ suí,,
ossada (de animal),mba'e-kangûera,,
Trouxe-o conforme minhas forças (diria o que foi repreendido por não trazer um feixe de lenha todo de uma vez),Xe îaîbeĩé ixé seruri,,
"Levou-me alguém consigo, por acaso, para longe me levando do meu bom caminho?","Xe reropîápe abá ri, kûepe nhẽ xe rerasóbo xe rapé-katu suí?",,
Bem sozinho estou,Oîepebẽngatu aîkó,,
Manuseio-o,Aîabyky,,
A gente o teme mais do que tudo o que deve ser temido,Asé oîpoûsubeté opakatu i poûsubypyra sosé,,
"Do rio dos paratis vim para ver a rainha, enfeitando minha cabeça","Xe parati 'y suí aîu, rainha repîaka, xe akanga moîegûaka",,
dor (em sentido genérico),mba'e rasy,,
homem choramigas,Xe resangá - Eu sou chorão Abá-esangá,,
"Eis meus chifrões, meus dentes","Kó xe 'akusu, xe rãnha",,
Ias ali para ouvir a missa,"A'epe missa rendupa, eresó",,
"Então, alguns matarei, no meu laço fazendo-os cair","A'ereme amõ aîukáne, xe îusanyme i mbo'a",,
Amo teu filhinho,Asaûsub nde membyrĩ,,
Que venha Deus para nos alegrar,T'oú Tupã oré moorypa,,
"Não me faz palpitar o coração o diabo, visitando-me",Na xe mopy'atytyki Anhanga xe rapekóbo,,
"Nossa comida, a que é de cada dia, dá hoje para nós",Oré remi'u 'ara îabi'õndûara eîme'eng kori orébe,,
Comeste objeto de furto de alguém?,Ere'upe abá mondarõagûera?,,
teus atos recentes,nde rekó-pysasu,,
Em que situações a gente reza para ele?,Mba'e-mba'eremepe asé îeruréû i xupé?,,
Esses teus olhos compadecedores volta em nossa direção,Eboûĩ nde resá i poraûsubaryba'e erobak oré koty,,
"Envergonha-se o sol, nascendo, diante de teu brilho",Otĩ kûarasy osema nde beraba robaké,,
Eu sou Sauiaetá Famoso é meu nome,Ixé Saûîaetá Serapûã xe renõîndaba,,
"Nele a água transformou em vinho, de acordo com os pedidos de sua mãe",I pupé 'y anhẽ monhangi kaûĩnamo o sy îeruresaba rupi,,
Oh! Quem aqui dá a cara?,"To, ahẽ! Abápe ké sobasẽ?",,
"Honro tua casa, dentro dela dançando","Aîmomba'eté nde roka, i pupé gûiporaseîa",,
Ele há de morrer!,T'omanõ ká!,,
Frustrei-me,Xe rarûab,,
Eis tua ameaça aqui!,Kó nde momboîtaba kó!,,
Eis que vou,Asó ã,,
"Matemos meu marido e, então, casemos um com o outro","T'îaîuká xe mena, a'ereme t'îamendar îandé îoesé",,
Fiquei-o apedrejando,Aîapi-api,,
Faço mingau,Aîapó minga'u,,
Está por aí teu pai?,Oubépe nde ruba?,,
"homem apessoado, gentil-homem",abá-matuetegûasu,,
Amainei a vela,Aroîyb aoba,,
homem miserável,abá-poreaûsubĩ,,
conforme o dia,ara rupi,,
meu filho que gerei,xe ra'yra xe remimonhanga,,
Vem para ver tua futura terra,Eîori nde retamûama repîaka,,
Ralo-o,Aseé,,
"contas vermelhas, contas de coral",mbo'ypyranga,,
Vêm em vão para me afastar,Oú tenhẽ xe pe'abo,,
Ó coisa fedorenta!,Mba'enem-y îu!,,
"Assim, de fato, eu determinei",Emonã nakó xe rekopotari,,
Ela tem folhas,Sob,,
Por que põe sal bento na boca da gente?,Mba'e resépe îuky-karaíba mondebi asé îurupe?,,
Levando uma outra semelhante a ela tão logo se consuma muito,I îaroketé rupibé amoaé sapixara rerasóbono,,
Faço-me estalar as mãos,Aîepó-mopiririk,,
Flechei-os todos,Aîybõ-mbá,,
o que é (ou deve ser) convidado,i xo'opyra,,
"cotidianamente, a cada dia",ara îabi'õ,,
Não é mais pão,Nd'oîkóî rakó miapéramo,,
Havemos de ir à árdua guerra?,T'îasó maranatãûãme?,,
Não o mates tu sozinho,Nde nhõ umẽ eîuká,,
"Detestando-os muito, tratai-los muito mal","I amotare'ymetébo, perekoaí-aí",,
"um pouco (fal de tempo), pouco tempo (VLB, I, 154), por pouco tempo",korite'ĩ nhote,,
Queimei o campo,Asapy nhũ,,
"No seu jardim formoso chamado ""Paraíso Terreal""",O emitymaysó Paraíso Terreal seryba'epe,,
Queimareis em conjunto,Pekaî oîepegûasune,,
Lanço puçá,Apysá-îtyk,,
Todas as minhas presas de minhas mãos as levou,Opakatu xe rembiara xe pó suí serasóû,,
Quem mais junto deles foram seus sepultadores?,Abá abépe i pyri i tymbaramo?,,
"Eu sou fleumático, eu sou vagaroso",Xe mbegûé,,
Riscaram todo o teu corpo com ferro pontiagudo,Opá nde reté raíri itatiãîa pupé,,
Sou leve,Abebuî,,
Fico a espojar-me,Aîeré-îereb,,
Diante deles passei,Sobabo akûab,,
Delato gente,Aporokuaukar,,
"Por causa de minha imensa formosura, Deus revelar-se-á a mim","Xe aysó-matueté resé é, Tupã îepîakukari xebene",,
Eu não sou medroso,Na xe poropoûsubi,,
Vós sois avaros com ele,Pe rekate'ym sesé,,
Lado a lado seus cadáveres ao longo do mar estavam,O îoybyri se'õmbûera paranã ybyri i kûáî,,
Dou de beber às pessoas,Apore'ym,,
"Cortei-lhe a garganta, degolei-o",Aîaseó-kytĩ,,
Vives com alguma não batizada?,Ereîkópe sere'ymba'e amõ resé?,,
Para escutar a palavra de Deus,Tupã nhe'enga rendubagûama resé,,
Eis que vais Vais (agora),Eresó ûĩ,,
Resvalou em mim o fulano com a espada,Xe apan ahẽ itaingapema pupé,,
"Ah, sobra-me alegria","Té, xe resemõ toryba",,
Prendi-os um no pescoço do outro,O îoaîuri aîmoín,,
Foi ela feita para ser a futura mãe de Deus,Tupã syrama ri i monhangymbyra,,
"escabelar, desfazer o penteado de, desgrenhar o cabelo de, etc",abo'o-bo'o,,
"Enfeitando-se, querendo que as pessoas o desejem","Oîemongatyrõmo, abá o potara potá",,
Que eu te busque as pegadas,T'oroakypûer-eká,,
Entortei-a,Aîapar,,
consentimento na transgressão da palavra de Deus,Tupã nhe'engaby morybagûera,,
Como se eu fosse,Xe só îasûaramo n'aé,,
Dói a separação de nossa alma de nosso corpo,Sasy asé 'anga asé reté suí i îa'oka,,
Esbofeteei suas têmporas,Aî'atypetek,,
Eu tenho (ou eu lanço) raízes,Xe rapó,,
Tomei emprestada a canoa do índio,Aîporu abá ygara,,
Eu sou sociável,Xe îekotyarixûer,,
Eis que aí ele vai,Ebokûeî i xóû,,
"Pois, se um homem guarda seu próprio filho, quanto mais Deus compadecer-se-á de nós","Abá abiã é o a'yra ogûerekó-katu, memetipó Tupã asé raûsubáne",,
"Excitaste-o, querendo ejacular teu sêmen?",Ereîkapyrokype nde ra'y-pupuka potá?,,
Será que me perdi?,Xe ropá serã?,,
Quero muito apanhá-las com os que atacam as pessoas,Aîpysy-potá-katu morepenhandara ri,,
Fazendo-me mudar de direção por aí,Kûeîbo nhẽ xe rerobaka,,
"E os que bebem cauim, como ficam? Não transgridem a palavra de Deus?",Kagûarape marã? Nd'oîabyîpe Tupã nhe'enga?,,
"Que não conheçamos senão a Deus, nosso criador","T'îaîkuá-te Tupã, îandé monhangagûera",,
Estou saltando de alegria,Toryba suí apó-por gûitekóbo,,
às costas,aseî,,
"Tu me alegras muito, narrando assim os fatos","Xe moory-katu îepé, inã tekó mombegûabo",,
Eu sou gentil,Xe abangatu,,
"Filho verdadeiro de Deus é, de fato, esse homem",Tupã ra'yreté anhẽ ikó abá,,
Sua cerviz ficando a esmurrar,I aŷpy atyká-tykábo,,
"Visitaste o covo de alguém, arrancando seu conteúdo?",Ereîosubype abá îeke'a i poroka?,,
por que seria que? por que razão haveria de?,mba'e-resémo?,,
Pus-lhe penas,Aîpepó-moín,,
"Fiz-me mulher (isto é, sou uma mulher feita)",Anhemokunhã,,
"Por acaso arrancaram sua roupa, fazendo-o estar nu?",Oîaobok serã ybŷa katupe nhẽ i moingóbo?,,
Faze uma igreja que tenha meu nome,Xe reryîara tupãoka eîmonhang,,
Palavras de quem são essas?,Abá nhe'engûerape aîpó?,,
"Ah, que enfadonho és tu, de fato!",Tekatunheté rakûé endé hegûy!,,
lugar em que estará fundada a igreja,Tupãokupagûama,,
"No seu próprio ombro, levanta a cruz Por fraqueza, Jesus fá-la cair consigo","O ati'yba ri, krusá osupi Membeka suí, Îesu sero'ari",,
"o fugidor, o que costuma fugir, o fujão",kanhembora,,
Aquentam-me,Xe pé,,
Como se eu fosse,Xe só îarameté,,
Eu estava pendente,Xe apy'am,,
"Não querendo comer, venho",Na mba'e 'u potá ruã aîur,,
Quantos são esses deuses?,Mobype a'e Tupã?,,
"E ainda mais um batizado, transgressor da boa lei, encontrando um padre, alegrar-se-á muito","Memetipó nhemongaraibypyra tekokatu abŷara abaré supé ogûasema, sorybetéûne",,
Convenci-o a ir,Aîmoîekûer,,
Um servo do príncipe esbofeteou sua cara,Morubixaba boîá amõ osobá-petek,,
Que o mates para mim diante do pajé ruim,T'ereîuká ixébe paîé-aíba supé,,
Eu sou fino,Iî aeté - Ele é fino Xe aeté,,
"Ora, já agora leve-o",Ne'ĩ serasóbo ko'yté,,
"o que é de cada dia, o que está ao longo dos dias",ara rupindûara,,
Adversária da morte,Te'õ rupîara nhẽ,,
"Que rezem por mim a Deus como retribuição de eu os amar, de eu os honrar","T'otupã-mongetá xe resé ixé o aûsuba, ixé o moeté repyramo",,
"Sua mãe, cobrindo-o bem, defende-o do frio","I xy, i aso'ikatûabo, oîopîá ro'y suí",,
É o que deve ser expulso da igreja,Tupãoka suí i mosemymbyra,,
Hoje mesmo os malditos queimam,Oîeí bé muru kaî,,
"Os que ele torna padres e seus substitutos na missa tomam o pão em suas mãos, benzendo-o",Semimboabaré sekobîara bé missa pupé miapé rari o pópe sobasapa,,
"Seus antigos pecados fazendo estar diante deles, seus furtos também",Sekomemûãagûera serekóbone sobaké bé i nhemondá bé,,
Mostram-se a urdir mentiras,E'i mo'ema monhanga,,
Eu não tenho anzol,Na xe pindáî,,
íngua de virilha,akó-a'ynha,,
Será que é um morcego?,Andyrá ruãpe é?,,
Contigo Nosso Senhor está,Nde irũnamo Îandé Îara rekóû,,
Mas quando a gente se benzerá?,Marãneme-tepe asé îobasabine?,,
quebrador de pedras,itá kasara,,
"roupa verde, pano verde",aoboby,,
"Eis que, como está no céu, Nosso Senhor está dentro do pão","Akó ybakype ogûekó îakatu, Îandé Îara rekóû miapepûera",,
O homem que comete furto de algo,Abá mba'e resé omondarõba'e,,
Tua alma está muito branca,I morotĩngatu nde 'anga,,
"Soquei-o, compactando",Aîapasok,,
Elas estão sempre cheias,Tynysẽ memẽ,,
"Amaldiçoamos o diabo, a ti somente obedecendo muito","Oroîmomburu anhanga, nde nhõ nde rapîaretébo",,
"Oh, eu sou assassino, causa do temor aos pecados, mesmo dos reis","Té! Morapitîara ixé, angaîpaba sykyîeba, morubixaba îepé",,
fio embotado,aembé-korõîa,,
Sua remissão foi meu encargo,Sepyrama xe pûaîtaba,,
Sendo mau,O angaîpabamo,,
Avaliei-o,Asepyenõî,,
Arranca-te o nome para que sejas muito famoso,Eîerok ta nde rerapûãngatu,,
Calcei-me os sapatos,Aîepyapasá-mondeb,,
Açoutei-lhe o irmão,Aîtyby-nupã,,
A gente obedece também a seu próprio chefe,Og ubixaba abé asé osapîá,,
Não cometas furto,Emondarõ umẽ,,
"No meio do caminho, meninos fizeram assalto a mim","Pé ku'ape, kunumĩ pu'ama'ubi xe ri",,
Desviei-me,Apîá,,
Movimento-me,Akué,,
"Pela estrela que os guia, como a que mostra o caminho",Îasytatá serekoarama resé pé kuabe'ẽsaramo,,
O sol faz as pessoas terem muita sede,Kûarasy oporomo'y'useîeté,,
Eu sou maior que tu,Ixé nde sosé,,
o lado direito dele,iî apé,,
Veio bem detrás de mim,Xe pytáî bé turi,,
"Eu estou chagado, eu tenho muitas chagas",Xe îá-xe îaó,,
Não vens para me vingar?,Nd'ereîuri xe repyka?,,
"o que está (ou deve ser) preso em ferros, o que está (ou deve ser) amarrado pelos pés",i pukusãmoinymbyra,,
Pondo-me segundo a vontade de Deus,Tupã remimotara rupi xe moingóbo,,
Visito os aposentos dos índios,Aîosub abá koty,,
Todos vieram?,Opápe turi?,,
Dentro de um só pão vê tu a variedade de coisas,Oîepé mi'u pupé esepîak tekó paraba,,
Para o desaparecimento dos vestígios da transgressão da palavra de Deus,Tupã nhe'enga abŷagûera rakypûera kanhemagûama resé,,
Na cidade chamada Roma,Taba Roma 'îápe,,
Para honrar a Deus,Tupã moeteagûama resé,,
Desvirginaste alguma menina? Segundo tua vontade ou ela resistiu completamente?,Eresugûykápe kunhataĩ amõ? Semimotara rupipe koîpó i popyatã-mbápe?,,
Ele está muito maduro,I apaîé - Ele está maduro I apaîegûasu,,
"Por que, quando os inimigos cercam tua terra, o dia todo e a noite toda, estás preocupando-te com eles, não dormindo?","Marãnamo-pakó tobaîara nde retama pîareme ko'arapukuî pysaré ereîkó sesé enhemosako'îabo, ekere'yma?",,
"Desviaste de alguém, detestando-o, para não o ver?",Ereîpynekûápe abá i amotare'yma nhẽ sepîaka suí?,,
o que foi pai,tugûera,,
O que faz também um homem furtar alguma coisa,Oîmomondarõba'e abé abá mba'e resé,,
Ainda estou de pé,A'ã bé,,
Pintaste-te a boca para sorrir para os homens?,"Ereîeîuru-mopiningype, abá supé epukamirĩamo?",,
Eu sou agradável,Xe matueté,,
Levanto-me,A'am,,
Dormiste muitas vezes com ódio?,Ereroker-etápe îoamotare'yma?,,
Matais,Peîuká,,
Teus olhos misericordiosos volta em minha direção,Nde resá poraûsubara erobak ixé koty,,
"Escudo-me, defendo-me",Aîepîar,,
"O dia em que esses fatos se consumaram (lit, tempo da consumação desses fatos) os cristãos não estavam felizes",Ara kó tekó aûîesaba cristãos rorybe'ymamo,,
Como o fogo do diabo o fogo dele é penoso?,Anhanga ratá îabépe satá rasyramo?,,
Um só é o conteúdo de minha rede,Oîepé xe pysá pora,,
Eu estou-me agitando,Xe akurẽ-kurẽî,,
"Cumpriste as palavras de teu confessor, a auto-flagelação, os jejuns?","Ereîmoporype nde monhemombegûara nhe'enga, nhenupã, îekuakuba?",,
Eu sou o diabo esquentador de gente,Xe anhanga moropé,,
"É muito, com efeito, o grande zelo",Setá nhẽ kunu'umusu,,
"Pensai que, nalgum dia, a morte virá para bater em vossas portas",Penheangerekó amõ 'ara pupé te'õ pe rokena motaka turagûama resé,,
"Será que estais sossegados, sem mais, nos vossos montes de maldades?",Pe apysykĩ serã peîkóbo pe rekomemûã aty-atyra pupé?,,
Quem fez isso outrora?,Abápe aîpoba'e oîmonhang erimba'e?,,
Com seu próprio irmão não pode ninguém se casar,O kybyra resé nd'e'ikatuî abá omendá,,
"Ao passar minha família, tu cuidavas dela","Xe anama gûatasápe, nde morerekoá sesé",,
A felicidade no céu,Ybakype toryba,,
Nasceu para nós hoje, - O'a îandébo kori,,
"Ah, quem me dera eu tivesse ido!",Asó me'ĩmo mã!,,
na tua terra,nde retãme,,
Levando uma outra semelhante a ela,Sapixara rerasóbono,,
"Portanto, eu vim","Emonãnamo, xe ruri",,
Destila tuas lágrimas,Nde resa'y eîmondyky,,
vespa pontuda,kabatĩ,,
"pedra de afiar que gira, pedra de afiar de barbeiro",itaky-nhatimana,,
Dei-o a meu pai,Aîme'eng xe ruba pé,,
Oh! Estes são castelhanos?,Tó! Kasîanap'ikó?,,
"Entram grandes espinhos, espetando sua cabeça, furando-a toda","Oîké îugûasu i akanga kutuka, opá i mombuka",,
"ilha de mato, CAPÃO",ka'a-pa'ũ,,
"Fica-nos atacando, pensando em perverter-nos","Îandé repenhã-penhã, îandé momoxy mo'anga",,
O que me cabe é tomar cauim,Xe potaba kaûĩ rá,,
E com essa tua mentira tornaste alguém famoso?,A'epe ebokûé nde îuraragûaîa pupé eremoerapûã abá amõ?,,
Tirarão suas maldades deles,Oîmbo'ir i angaîpaba i xuíne,,
"Que fez antes de morrer, estando pronto?",Marãpe erimba'e sekóû o e'õ îanondé o ekoaûîéramo?,,
Vem para fazê-lo experimentar o sofrimento,Eîori i moporaraa'anga,,
de onde? donde?,umã suí?,,
Lado a lado seus cadáveres ao longo do mar estavam,O îoybyri se'õmbûera paranã ybyri i kûáî,,
Fazendo sair de tua alma o que havia no teu paganismo,Nde nhemongaraibe'yma pupé oîkoba'e mosema nde 'anga suí,,
Serão muitos os fatos que assustarão as pessoas,Setá tekó oporomondyîba'ene,,
Estou pressionado (isto se diz quando já se está para ir),Gûebirãîari nhote aîkó,,
Com eles os animais e os pássaros ajuntarei para destruí-los,Sesé so'o gûyrá aîmoîese'a i mokanhemane,,
A terra ficou levantando,Yby obu-obur,,
Fazendo-me enxergar,Xe moma'ẽmo,,
Não se arrependeram alguns de seus vitupérios após o injuriarem?,Nd'oîmoasyîpe amõ o nhe'engaibagûera iî a'o ré?,,
"Na verdade, ver-me-ás futuramente estar sentado ao lado da mão direita de Deus-Pai",Anheté pesepîak irã Tupã tuba 'ekatûaba koty xe gûapyka xe renane,,
Eu fui rendido,Xe aûîé,,
Honrando-o falsamente como seu Deus,O Tupãnamo i moeté-a'upa,,
Eu tenho muitos (parentes),Xe retá,,
"Foi, porventura?",Osó ruã-tepe é?,,
O julgamento de Deus de nós,Tupã asé rekokuapaba,,
"Estou bem estabelecido (isto é, estou firmemente assentado)",Aĩngatu,,
Ela é leitosa,I 'aysyk,,
Realizar-se-ão futuramente,I por irãne,,
"De manhã, cuidando de sua comida",Ko'ẽme gûemi'urama resé onhemosaînana,,
Suas palavras ásperas não cessam,I nhe'engasy n'opabi,,
Uma coroa de espinhos enroscados,-Mba'epe onong i akanga 'arybo? -Îuatĩ-apapûara apynha - Que puseram sobre sua cabeça?,,
O que conta o que não sabe bem,O eminguá-katue'yma oîmombe'uba'e,,
Confessar-se a cada ano,Seixu îabi'õ nhemombe'u,,
curral de vacas,tapi'irokaîa,,
Fazendo-a estar como presa de Aguaixaí,Agûaîxay rembiaramo i moingóbo,,
"ao longo do caminho, todo o caminho",pé pukuî,,
Este é o meu princípio,Kó xe ypy,,
"Este dia honramos Nele, os judeus agiram em conjunto, com pedras, ficando a atirar em Santo Estêvão, quebrando sua cabeça","Kó 'ara îamoeté I pupé îudeus itá reropotyrõû, Santo Estevão apîá-apîábo, i akanga kábo",,
Estou preso nos ferros,Itá resé aín,,
Os opostos daqueles pecados assim se enunciam,Aîpó tekoangaîpaba robaîara nã e'i,,
"Não teve mãe, não tem corpo, não teve começo","N'i xyî, na setéî, n'i ypyî",,
É muito medonho o diabo?,I abaeté-katupe Anhanga?,,
"Fui a bom tempo, fui a propósito",Aûîebéramo asó,,
Está pronto o guaitacá ou o filho do guaianá?,Sekoaûîépe gûaîtaká koîpó gûaîanã ra'yra?,,
Porventura a tentação é algo semelhante a uma juçana?,Îusana abŷare'yma nhẽ serã tentação?,,
A ira de Deus atrairás para ti mesmo,Tupã nhemoŷrõ nhẽ ereîxûé nde îoupéne,,
terra levantada,yby-'ama,,
quando ele peida,sepynõneme,,
"Argumentei contra suas palavras, com efeito",Aînhe'engapypyk îepé,,
"Eu não enxergo (isto é, eu sou cego)",N'ama'ẽî,,
"Ah, que bom seria se Deus me levasse!",Marãîasûaramo Tupã xe rerasóû mã!,,
Como as coisas devagar,A'é umanĩ mba'e gûabo,,
Não porque eu fizesse algum mal,Na marã xe rekóreme ruã,,
"Que lancemos fora nossa maldade, não acreditando nos pajés, em danças e rodopios","T'oroîtyk oré poxy, paîé rerobîare'yma, moraseîa, mbyryryma",,
Vou frequentemente,Asó py'i,,
prender tapuias,tapuîa rara,,
Eu tenho mãos sardentas,Xe pó-pinim,,
Até mesmo gritou comigo,Xe aká tekatunhẽ,,
Irritando-se com o diabo,Anhanga pé oîemoŷrõmo ,,
Eu estou imaturo,Xe kyr,,
Reunindo seus ossos no chamado Vale de Josafat,I kangûera reŷnhanga ybytygûaîa Îosaphat 'îápe,,
o que é igual a algo ou a alguém,îandûara,,
"Viram somente muitas chamas de fogo, parecidas com nossas línguas","Tatá-endy-etá, asé apekũ-abyare'yma anhõ osepîak",,
e portanto,emonãnamo é,,
"Eu tenho buzina, eu buzino",Xe remimby,,
Far-nos-ia remoçar cada vez que nós o comêssemos,Îandé o 'u îabi'õ îandé moybymo,,
"Por isso mesmo, o que os agrada em alguma coisa transgride a palavra de Deus",Nd'e'i te'e mba'e amõ resé i moîekosupara Tupã nhe'enga abŷabo,,
"Fugiram dele, deixando-o","Oîabab i xuí, seîá",,
topo da escada,mytamytá-ypy,,
"Logo, vencendo os temiminós, habitantes daqui, frequentá-los-ei","Koromõ, keygûara temiminõ moaûîébo, asapekóne",,
Não cruzei suas palmas das mãos,N'asasabi i popytera,,
Amai vosso criador,Pesaûsu pe monhangara,,
Olhaste também com desejo para a vagina de alguma?,Erema'ẽ-nhemomotarype amõ rapopé reséno?,,
prensa de cana-de-açúcar,u'ubae'ẽ-yamĩsaba,,
menos ou menor que aquele,akûeîa gûyri nhote,,
ao amanhecer,ko'ẽme,,
"Eu estou inchado, eu tenho calombos",Xe gûa'a-gûa'a,,
Falei duramente,Anhe'eng-atã,,
prensa de espremer cana-de-açúcar,u'ubae'ẽ kambykaba,,
"Mas não foste tu, porventura, que te atraíste pelas mulheres?",Na nde ruã-te-pakó kunhã ri ereîemomotá?,,
"Esse é meu antigo enforcador, uma taturana, um tamanduá","Akó xe îubykarûera, tataûrana, tamandûá !",,
Vamos ver se fará hoje realmente algum milagre diante de mim,Oîmonhang ipó kori milagre amõ xe robakéne re'a,,
A água transformou em vinho,Y anhẽ monhangi kaûĩnamo,,
"O que bebe somente na medida, que acontece?","Oîá nhote kagûarape, marã?",,
Arei-o,Asyby'ab,,
Aquieta-te Verdadeiramente este é teu caminho,Nde arybé Anheté kó nde rapé,,
"Está segundo minha medida, somente",Xe îá nhote,,
ao longo dos dias,ara rupi,,
"o que é frito, a fritura",i moxyryrykypyra,,
Já todos os tamoios foram,Opá umã tamũîa sóû,,
Estamos entrecruzados,Oroîekunasab,,
"Por isso mesmo alguém, antes de se casar, confessa-se de seus pecados",Nd'e'i te'e abá o mendá îanondé onhemombegûabo o angaîpagûera resé,,
Veio também sua panela para que os cozinhe adiante de mim,Oú bé senha'ẽpepó t'omoîy xe renondé,,
No mesmo dia em que tu a comeres cairá a morte em ti,Ara nde i gûaba pupé bé o'a te'õ nde reséne,,
Ajuntamo-nos,Oronhemondysyk,,
Balanço meu rabo,Aîmobabak xe rûaîa,,
"Como ages embriagando-te de cauim? Fazes o que não deves, então?",-Marãpe ereîkó kaûĩ suí esabeypó? Ereîkomemûãpe a'ereme?,,
"Ó meu filhinho, em um momento desapareceste de mim!","Xe membyrĩ mã, korite'ĩ-aíb-eté erekanhem xe suí",,
"Que vos preocupeis muito com ele, ensinando-o acerca da doutrina","Ta penhemosaînãngatu sesé, nhembo'esaba resé i mbo'ebo",,
o que profere as ladainhas,Ladainhas ra'angara,,
Detestando-se em seu coração,O py'ape oîeroŷrõmo,,
Come ainda,Okaru bé,,
Mas meu fogo apagou-se,Xe ratá-te ogûé!,,
"Para ensinar as pessoas, assim procedeu",Oporombo'ebo nãîabé sekóû,,
"Seu sangue era muito, na terra escorrendo, dentro do horto","Sugûy turusu, ybype osyryka, mityma pupé",,
"Eis aqui também a ingapema pintada, para que arrebente a cabeça dos malditos","Kó bé ingapé-kûatiara, t'aîakã-mombuk muru",,
Censuram? Quem?,Oporakakab? Abá?,,
"Vem, dize o nome, ó sim, dos que tu venceste por aí","Îori, esenõî angá kûeîbo nde remimoaûîé",,
Acalentei-a,Aîmboyî,,
"Estou há longo tempo (isto é, tardo)",Oîeí aîkó,,
Voltou a viver dos que morreram,Omanõba'epûera suí sekobeîebyri,,
"Certamente, eis que percebendo isso, deixei ontem minha casa","Aûîeté, kó anga andupa, aseîá kûesé xe roka",,
Cutuquei-o,Aîpekãî,,
"Os bem-aventurados e os santos no céu, que vêem a Deus, ultrapassam o número dos dias que o ano tem",Marangatuba'e santos ybakype Tupã repîakaretá osasá 'ara ro'y remierekó papasaba,,
Eu sou agourento,Xe morangygûan,,
Da mesma forma que fulano matou alguém há tempos,Mba'enakó ahẽ amõ îukáû akûeîme,,
Parti-o pelo meio,Oîopytera rupi aîasy'ab,,
lua cheia,îasy-obagûasu,,
"intervalo de água, ilha",y-pa'ũ,,
"o que é raro, poucas vezes visto ou que se não acha a cada passo",setapokãba'e,,
Eu estou estirado,Aîepysó gûitupa,,
Tosta alguma farinha,Esapek u'i amõ,,
Sara mesmo minha alma somente com tuas palavras,opûerab é ipó xe 'anga nde nhe'enga pupé nhote,,
"Vingar-me-ei dele no futuro, certamente",Aîepyk ipó irã seséne,,
Na superfície das águas os peixes estavam,Y ape'arybo pirá kûáî,,
suas túnicas ficando a rasgar,o aobusu mondoró-ndoroka,,
Quem Deus fez primeiro como habitantes do céu?,Abá ranhẽpe erimba'e Tupã oîmonhang-ypy ybaka porama?,,
E a aproximação do parto de uma grávida não é causa de se ter medo também?,"A'epe muru'apora membyrasy kakara, na nheangûaba bé ruã?",,
"A vida de minha alma, que eu perdi, fará devolver a mim",Xe 'anga rekobepûera xe remimokanhẽûera oîmoîebyrukar ixébone,,
o magro que convidei,xe remipoîangaîbara,,
Esbofeteei suas têmporas,Aîatypetek,,
A crença no Deus verdadeiro encheu meu interior,Tupã-eté rerobîara îaîporaká xe ybỹîa,,
"Esses, na verdade, não honram a Deus",A'e ipó Tupã n'omoangaturami,,
Vomitaste cauim quando te encheu?,Ereîmoîebyrype kaûĩ nde poesemõneme?,,
O que batizou não pode casar-se com aquela que batizou,Oporoerokyba'epûera nd'e'ikatuî omendá o emierokûera resé,,
"o que é igual a algo ou a alguém, a igualha de, o igual de (VLB, II, 123) (V tb îakatu e îá)",îabendûara,,
Não perdoa,N'i nhyrõî,,
Visito os aposentos dos índios,Aîosub abá koty,,
Aos tapuias trouxe as velhas de além de Magueá,Tapuîpe gûaîbĩ aru amõ Magûeá suí,,
Anuncia os que serão casados na igreja nos feriados,Ogûeronhe'eng i mendarypyrama Tupãokype marãtekoabe'yma pupé,,
por ocasião de meu retorno,xe atimandápe,,
Fi-lo mal,Aîmonhã-memûã,,
"Na verdade, somente estas retirei dos malditos",Kó nhõ anosẽ îepé moxy suí,,
Que nós sejamos corajosos,T'oré pyatã,,
logo que vim,xe rura rupibé,,
"Atravessando o céu, foi, deixando-te","Ybaka rasapa, osó, nde reîá",,
Tão logo vindo ele,Oú abé,,
o Senhor Deus,Pa'i Tupã,,
Transgride também aquele (mandamento) o que faz resguardo por causa do parto de sua esposa?,Oîaby bépe aîpó o emirekó membyrara resé oîekuakuba'e?,,
De madrugada levanto-me,Îeîbé apu'am,,
morador de Pacatá,Pakataygûara,,
Servi a comida dele,Asemi'u-erokûab,,
Eu tenho os buracos da orelhas tapados,Xe apysakûá-îe'o,,
Eu tenho o coração palpitante,Xe py'a-tytyk,,
"Atrás de uma cerca feita de pedras, tomou a casa dos animais de criação como sua pousada",Ybyrá itá monhangymbyra kupépe so'o mimbaba roka ogûar og upabamo,,
"Rapei-lhe o queixo, barbeei-o",Asendybá-apin,,
Pranteando o que o visita,O supara rapirõmo,,
muitos meninos,kunumĩ-etá,,
Ele é azul,Soby,,
mulher de baixa estatura,kunhã-mirĩ,,
"Esse santo a vida de seu mestre escreveu para nós, deixando-a","Kó santo o mbo'esara rekopûera erimba'e oîkûatiar îandébo, seîá",,
Deram-lhe de beber?,-Oîmo'y'upe gûá?,,
Defequei (ou fui defecar),Aka'apîasó,,
"parida, mulher que gerou filhos",membyrasara,,
o que entra para junto de mim,xebe teîkeara,,
Sou novato nisto,ikó ramõ - ser novato - Aîkó ramõ anga resé,,
estando aflito,tekotebẽboramo oîkóbo,,
"Tendo falta do acompanhamento da farinha (isto é, da carne ou do peixe)",U'i tyrama resé ekotebẽmo,,
Eu tenho cachaço grande,Xe aîurupygûasu,,
Sei lá!,Sé ruã!,,
Mas os guardiães da gente são os anjos?,Asé rarõanamo-tepe karaibebé rekóû?,,
o namorado de tua filha,nde raîyra aba'yba,,
Fogo em que se elimina a dívida de nossos pecados,Tatá asé angaîpaba repy mondykaba,,
Eu sou temporão,Xe ranhẽ,,
"São um único e mesmo Deus esse Deus-Pai, Deus-Filho e Deus-Espírito Santo?","Oîepé Tupã memẽpe a'e Tupã-Tuba, Tupã-Ta'yra, Tupã-Espírito Santo?",,
Replico a Pero,Aînhe'ẽpoepyk Pero,,
Tendo também coroas vermelhas e brilhantes,Akanetá-pyrã-beraba reroínano,,
Ele dorme Não o acordes!,Okerĩ Nd'eremombaki!,,
Eu vos mato,Ixé opoîuká,,
"É no final da missa que entras sempre, manifestamente consciente?","Missa mondykápe épe ereîké îepi, nde îesûere'yîpe?",,
Alimentar os famintos,Ambyasybora poîa,,
Fazendo estar os outros bem longe dele,I xuí-katu amõba'e rerekóbo,,
"Importuna-me bem, irritando-me muitíssimo, aquela lei nova","Xe moaîu-marangatu, xe moŷrõ-etekatûabo, aîpó tekó-pysasu",,
O que tem a bem-aventurança é o que é pobre por sua própria vontade,Tekokatueté rerekoara o emimotarybo é i mba'ee'ymba'e,,
Curaste os doentes,Eremombûeîrá mara'abora,,
Em Deus somente faze estar tua alma,Tupana ri nhõ nde 'anga eîmoín,,
a mortandade da caça,so'o paba,,
O sol eclipsa-se,Kuarasy onhemoputun,,
"Destruiu outrora os tamoios, os valentes","Tamũîa, kyre'ymbagûera, omombab erimba'e",,
Tomaste o animal que a onça matou?,Ereîápe so'o îagûara remiîukapûera?,,
Eram muitos os que estavam a castigá-lo?,- Setápe i nupã-nupãsara?,,
Dizem que o homem fez assim antes,Emonã îé abá rekóû raẽ,,
Mas não castigará o homem seu filho e seu escravo?,N'oînupãî xûé-tepe abá o a'yra o embiaûsubane?,,
Separemos os que assim procederam,Emonã tekoarûera îaîpe'a,,
Que dê hoje a nós seu filho muito belo,T'oîme'eng kori îandébo o memby-porangeté,,
Ajudas teu pai e tua mãe?,Ereîpopytybõpe nde ruba nde sy abé?,,
Ele é pequenino Ta'yrĩ'i-nhota'ub (ou Ta'yrĩ'i-a'ub) - Ele é pequenino,Ta'yrĩ'ĩ,,
Moderei-os,Anhonen,,
Zune como o vento,Ybytu îabé osunung,,
Enterrai-me vós,Xe aty peîepé,,
"Eu estou febril, eu tenho febre",Xe rakub,,
"Espera, eu hei de ir primeiro","Eambé, xe ranhẽ t'akûáne",,
as boas obras dos que são bons,i angaturamba'e remimonhãngatu,,
cova da nuca,atuá-pyko'ẽ,,
ao vir a lua para visitá-la,o supa îasy rureme,,
quando a ave bate asas,gûyrá pepekeme,,
O sol certamente brilha após passar a grande noite,"Kûarasy nipó oberá, putunusu kûab'iré",,
Eis que sobre o capim ele está deitado,Kapi'i sosé kó tuî,,
De que espécie será que é isto? (ou Que será que é isto?),Marãba'e-p'iã ri?,,
"Sou íntimo deles, isto é, sou o que eles honram",Semimoetéramo aîkó,,
Dobrei-o,Aîapapûar,,
Eu somente beberei tudo,Xe nhõ a'u pakatune,,
Eu tenho palavras afáveis,Xe nhe'engangaturam,,
"Tendo saudades do nenenzinho, vim de minha casa","Pitangĩ repîaka'upa, aîur xe roka suí",,
Entraste com ele em teu aposento?,Ereroîképe nde kotype?,,
Que eu afaste o proceder antigo para que não esteja no mal,Tekopûera t'aîpe'a t'aîkó umẽne marani,,
"O nome da terra deles é Mboijy, ali assando-os e comendo-os","Setama rera Mboîy, a'epe i moîypa, i gûabo",,
Trouxeste tua caixa?,Ererupe nde karamemûã?,,
"Qual era, mesmo, o nome dele?",Marã-takó ahẽ rera?,,
Eram bons na totalidade quando Deus começou a criá-los?,I angaturam sykype erimba'e Tupã o monhang-ypyreme?,,
Perdoa também Deus a nós?,I nhyrõ bépe Tupã asébe?,,
"Hei de ir cumprir essas palavras, juntando muitos dos meus servos","T'asó aîpó nhe'enga mopó, xe boîá reŷnhangetábo",,
Comecei-o,Aîypymoín,,
Não diferem uns dos outros,N'oîkoéî o îosuí,,
"Ah, oxalá eu sofresse por Deus muitíssimos infortúnios!",Aîporará temõ Tupã resé mba'easy katupabẽ mã!,,
Em teu nome guardo-me,Nde rera pupé anhenong,,
Era muito grande aquela cruz?,Turusu-katupe a'e cruz erimba'e?,,
"Flechei todos eles, capturando-os, amarrando-os","Aîybõ mbá, i pysyka, i apytĩamo",,
mancebo de pouca idade,kunumĩgûasu-kakuabamo,,
"Espremeste-te após alguém fazer sexo contigo, não querendo filhos?",Ereîeamĩpe nde resé abá rekó riré nde memby-potare'ymamo?,,
Aqueles pregados junto dele também,Aîpó i pyri i moîarypyrûera abé,,
Eu sou um circuncidado,Xe api'a,,
Reparti-os pela metade,Oîopytera rupi aîmoîa'ok,,
Mas não se esforçam esses por aprender sempre?,N'osa'angi-tep'akó nhembo'e ko'arapukuî?,,
O cauim está pela metade da vasilha somente,Kamusi ku'a rupi nhote kaûĩ reni,,
Sou traidora de meu marido,Amondarõ xe mena suí,,
"Por isso mesmo, até a terra que a gente pisa detesta os cadáveres daqueles",Nd'e'i te'e yby asé purungaba tiruã aîpoba'e re'õmbûera reroŷrõmo,,
Não irás futuramente à guerra?,Nd'eresóî xópe irã gûarinĩ?,,
"Adivinha, vamos ver, o que bateu em ti!",Eîkuá ra'u nde ri opûaryba'e!,,
"por dois meses [lit, duas luas]",mokõî îasy,,
Nós somos gêmeos,Kõîgûera oré,,
Eu tenho uma grande grenha,Xe 'abebogûasu,,
Guarda-te de o levares,Teumẽ teké serasóbo nhandu ruã,,
gosto de carne,so'o ré,,
"as porções miúdas dela, o refugo dela",i akytãmbûera,,
"coisa quente, quentura",mba'e-akuba,,
Comunhão a cada Páscoa,Páscoa îabi'õ tupãrara,,
Dá-me ânsia de vômito minha comida,Xe mbouk xe remi'u,,
Entremeei-as,Aîmoîoparab,,
Dormiste com ódio muitas vezes?,Ereroker-etápe îoamotare'yma?,,
É ele o que dá o bem desses,A'e aé koba'e katu me'engara re'a,,
"Diante deles os diabos ajuntando-se, querendo engoli-los","Sobaké Anhanga onheŷnhanga, i mokona motá",,
Tenta-nos demais o diabo?,Asé ra'angetekatu Anhanga?,,
"O bondoso São Lourenço guarda vossa terra, elevando-vos","São Lourenço-angaturama osarõ nhẽ pe retama, pe mopu'ama",,
Furo orelhas,Anambi-kutuk,,
Lembrai-vos da morte,Penhemoma'enduar te'õ resé,,
Isso é o que é destinado a mim,Xe resendûara ebokûea,,
Não lhe quis fazer mal o neném compadecedor,Nd'îaîmomarã-potari pitangĩ-moraûsubara,,
maltratar a seu próximo,o apixara rerekoaíba,,
Já tinha dado Judas aos judeus o meio de reconhecer Nosso Senhor?,Oîkuapá-me'eng umûãpe Îudas Îandé Îara îudeus supé erimba'e?,,
Catei-lhe a cabeça,Aî'abiú,,
Pão que porta a vida para os amigos de Deus,Miapé tekobé îara Tupã raûsupara pé,,
Como disse Pilatos aos seus aprisionadores?,Marã e'ipe Pilatos serekoaretá supé?,,
"meios de contar das duas mãos da gente (isto é, os dedos)",mokõî asé pó papasaba,,
Lambi-o,Asereb,,
meu sobrinho,xe ri'yra,,
"Fiquei carregado com ele (isto é, carreguei-o, levei-o às costas)",Ambosyî ahẽ resé,,
"Fez-lhe perguntas de novo, mas não achando maldade alguma dele","Oporandu benhẽ, n'i angaîpaba amõ supé ogûasema ruã-te",,
Vem para me adornar,Eîori xe moîegûaka,,
"Ele está enferrujado, ele tem ferrugem (pex, o ferro)",Sepoti,,
Eis que até mesmo contra Deus murmura,Tupã resé tiruã kó nhe'enga reîtyki,,
Água é o que não tem essa ilha,Y angaba'eamẽ ebokûé 'ypa'ũ,,
"Engolir-me-á hoje, como sempre","Xe mokõ kori, îandune",,
Sofre pela gente,Sosang poresé,,
Vários homens brancos são pecadores,Karaíba amõ amõ i angaîpá,,
Fiquei-o contando,Aîkuabe'u-be'u,,
Em que parte do corpo ele o flechou?,I mba'epepe i nhybõû?,,
Por que mais a gente reconhece o dia dos santos?,Mba'erama ri bépe asé santos 'ara kuabi?,,
Eu estou debilitado,Xe aíb,,
Afio-a,Asaembe'e,,
Querendo nossa preocupação com o futuro estado de nossa alma,Îandé 'anga rekorama resé îandé putupaba potá,,
"Na verdade, não são conhecedores das coisas","Anhẽ, n'i tekokuabi",,
Enforquei-o,Aîubyk,,
Deixei ontem minha casa para ouvir a missa dentro desta (igreja),Aseîá kûesé xe roka kó pupé missa rendupa,,
A partilha entre si de suas obras por Deus,Tupã resé marã o ekó o îoupé moîa'oîa'okaba,,
Como diz a outra petição da gente?,Marã e'ipe amõaé asé îeruresaba?,,
Como se eu fosse lá,A'epe xe só îaramẽ,,
Detestas completamente a confiança dele em si mesmo?,Ereroŷrõ-mbápe o îoesé i îerobîara?,,
Obedeço às palavras dele,Aînhe'engapîar,,
mortandade de gente,mbaba,,
"Ruim por ruim, ele é, de fato, um pouco melhor (isto é, ele é menos ruim que os outros)",Ahẽ nakó i angaturã-be'ĩ,,
Fica aumentando sua bondade,I angaturama nhẽ oîrumõ-rumõ,,
Escondo-me bem,Aîemĩngatu,,
Os chefes velhos falam sempre a eles,Morubixaba tuîba'e onhe'eng memẽ i xupé,,
"Eu mesmo, como se viu, já vos disse isso",Ixé aé ã a'é umûã nakó peẽme,,
Vós mesmos vos danais ao ficar perturbando esta aldeia,Peẽ aé peîekûá kó taba pobu-pobu,,
Esfalfei-o,Aîmoa'ypab,,
Todos e quaisquer homens que morreram com o amor a Cristo,Pabẽ abá tetiruã Cristo raûsuba bé ogûeromanõba'epûera,,
Queimei carvão,Asapy tatapynha,,
"rio acima, a montante",y-apyrakoty,,
"Leva-o, olha lá!",Erasó ké raré,,
"Vinde, levai os malditos, erguendo-os, embrulhando-os","Peîori, perasó muru, supi i pokeka",,
Queimo campinas,Akusu-mondyk,,
"Antigamente frequentavas nossa terra, amando-a","Akûeîme eresapekó oré retama, saûsupa",,
Barreei a casa com terra,Oka aîyby-apetek,,
por que seria que? por que razão haveria de?,marãpemo?,,
Tomei-lhe a dianteira,Asapekysym,,
Como reza aquela outra petição nossa?,Marã e'ipe amoaé asé îeruresaba?,,
Parece voar,Obebé-berame'ĩ,,
"Poucos nesta aldeia moram, estando a salvar-se","Mokõnhõ kó taba pupé sekóû, oîepysyrõ okupa",,
Estai aqui esperando-me,Iké nhẽ peîkó xe rarõmo,,
"Vem, mãe de meu senhor, para fazê-lo estar contigo dentro de minh'alma","Eîori, xe îara sy, xe 'anga pupé serupa!",,
Mulheres virgens que morreram com seu corpo incorrupto,Kunhã-kûare'yma gûeté-marane'yma bé ogûeromanõba'epûera,,
"O que esgota verdadeiramente o cauim, esse é o fazedor de mal","Kaûĩ mboapŷareté, a'e marã monhangara",,
este outro (e não ele),ikó-te,,
Por sua morte Deus-Pai bem perdoa a nós?,Se'õagûera resépe Tupã tuba nhyrõngaturamo asébo?,,
Vós mentis,Pe îuraragûaî,,
Com ele honrando-te,I ndibé nde moetébo,,
Eu sou de pequeno tamanho,Xe ra'yrĩ-a'ub,,
ajuntamento de pedregulhos,itakurubi-tyba,,
Eu tenho muitos parentes,Xe mũetá,,
Trazendo o resplendor de Deus,Tupã beraba reru,,
"Quem, hoje, é como eu?",Abápe kori xe îá?,,
Por isso mesmo os que conversam com eles transgridem a palavra de Deus,Nd'e'i te'e i mongetasara Tupã nhe'enga abŷabo,,
vida longa de minha alma,xe 'anga rekó-puku,,
Adiantei-me,Akûabĩ,,
"Serão bons, doravante, os que eu guardo de costume","I angaturam, ko'yré, xe remiarõ îandune",,
Narrar as coisas segundo o modo em que Deus o instruiu,Tupã o motekokuapaba rupi mba'e mombe'u,,
"Os habitantes do céu afligiram-se, vendo-o humilhar-se",Ybakygûara onhemoputupab i nhemomoreaûsuba repîaka,,
manchas diversas,pará-paraba,,
Antes sua ida para junto dele no céu que sua ida para o inferno,Ybakype i pyri o só îanondé Anhanga ratápe o só suí,,
"o que quer mal, o que detesta",amotare'ymbara,,
Como o confitente procede?,Marãpe nhemombegûara rekóû?,,
Será que é por isso que Deus transformou a costela de nosso pai primeiro no corpo de sua esposa?,Emonãnamo serã Tupã îandé rubypy arukangûera nhẽ monhangi semirekó retéramo?,,
"Será que é um morcego, uma borboleta ou uma cuíca?","Andyrá ruãpe é, panama koîpó gûaîkuíka?",,
Ela requeima,Taî,,
Arranquei-lhe a casca (fal de árvore ou madeira),Aîpé-'ok,,
Queimo-o,Asapy,,
Dá anzóis para mim,Eîme'eng pindá ixébe,,
Eu tive vertigem (ou eu estou enjoado),Xe resagûyryb,,
Trabalho com mariscos,Paranãmbora ri aîkó,,
"Que possa nossa alma crer nele, anunciando-o todos os dias",T'e'ikatu oré 'anga serobîá i mombegûabo 'aré-'arebo,,
"Cobriste tua esposa quando sucedia o sangue dela (isto é, na sua menstruação)?","Ereîopykype nde remirekó, sugûy sekóreme?",,
"Arrepende-se muito de sua maldade, não querendo repeti-la",Oîmboasy-katu o angaîpaba seroîeby-potare'yma,,
A graça que ele dá não acaba,Graça semime'enga n'opabi,,
"Passaste à frente de tudo, nosso inimigo vencendo para sempre","Opá ereîopûã, oré sumarã reîtyka memẽ",,
Bendita és entre as mulheres,I mombe'ukatupyramo ereîkó kunhã suí,,
"São Sebastião também, o que cuidava das guerras, destruiu os tamoios, os valentes","São Sebastião abé, marana rerekoarûera, tamũîa, kyre'ymbagûera, omombab erimba'e",,
"Ah, quem me dera bater nele!",Apûar temõ sesé mã!,,
"tempo, lugar, modo, finalidade, etc de comer, de pastar",karûaba,,
Ameaço-o muito,Aîmomboî-katu,,
"Entregando tua alma, que Deus dignifica, para o diabo",Nde 'anga Tupã remimomba'eté me'enga anhanga pé,,
toco de braço,îybá-asyka,,
"Em caso de divulgação de sua morte, o próprio padre responsável por ele que o julgue","Se'õagûera rerapûaneme, abaré serekoara aé t'osekokuab",,
Sendo mãe de Deus é que ela é a causa verdadeira da bondade dele,Tupã syramo oîkóbo é i angaturambabetéramo sekóû,,
Todos eles voltaram para trás,Opá i îeakypûereroîebyri,,
reflexo ou resplendor do mar,paranãendy,,
"Tu, finalmente, perdoa a mim",Nde nhyrõ-tene xébo,,
"Que coisas, pois, hoje eu fiz?",Marã-marã-pakó îeí xe rekóû?,,
Veio a aurora,Our ko'emytanga,,
Hospedar os peregrinos,Atara mombytá,,
Que desapareça vossa lei antiga,T'okanhẽ pe rekopûera,,
Estou a ponto de ir Vou daqui a pouquinho,A'ar apyrĩ - Estou prestes a cair Our apyrĩ - Está já para vir Asó apyri'ĩ,,
o que irá para o céu,ybakype soarama,,
As criancinhas também têm somente o pecado de nosso pai primeiro,Pitangĩ abé îandé rubypy angaîpaba nhõ ogûerekó,,
Conhece o modo pelo qual o padre te tratou ao te batizar,Eîkuab abaré nde mongaraipápe nde rerekoagûera,,
Estando de cor preta,Moroún oîkóbo,,
"Mas não teve mãe, sendo Deus verdadeiro?",N'i xyîtepe Tupã-etéramo oîkóbo?,,
Vemos sempre as suas pegadas,Îasepîak îepi i pypora,,
"pedaço de roupa, retalho de pano",aopesembûera,,
A aldeia está assentada de comprido,Opukubo taba reni,,
Tu foste torpe com alguma irmã de tua esposa ou com sua parente próxima?,Nde poxype nde remirekó asykûereté amõ resé koîpó i mũ-mbyryba?,,
"Que estejamos perto de ti, espantando nossos inimigos","T'oroîkó nde ypype nhẽ, oré sumarã mondyîa",,
Tenho-a como minha namorada,Xe kunhã'ybamo arekó,,
Eh! Onde ele está?,Tó! Mamõpe ahẽ rekóû?,,
Estou na penúria,Atyabor,,
Vou beber cauim!,T'aka'une!,,
Peca muito o homem que fica fazendo as pessoas fumarem?,I angaîpabetépe abá oporomopetymbûabo?,,
"Perdoará hoje, certamente, a mim",I nhyrõ ipó kori ixébene,,
Deus me atrai,Xe momotar Tupã,,
"jorro d'água, ITORORÓ, bica d'água",y-tororoma,,
Mandam que os batizados honrem o domingo após Nosso Senhor o santificar com seu retorno à vida,Domingo momba'eté-ukari i mongaraibypyretá supé o ekobé îebyragûera pupé Îandé Îara i mongaraib'iré,,
"o que tem fama, o que é famoso",serapûanyba'e,,
Não pode outra pessoa batizar em vez do padre?,Nd'e'ikatupe amõaé abá oporomongaraípa abaré suí?,,
"Ó, hei de ir!","T'asóne, gûy!",,
Faze transformar os moradores do rio,Eîmonhangukar 'ygûara,,
A armadilha caiu (apanhando caça),O'ar mundé,,
Não nos deixes tu fazer cair em tentação,Oré mo'arukar umẽ îepé tentação pupé,,
Pronuncia-o bem,Esa'ãngatu,,
"coisa cotidiana, o que é de cada dia",ko'arapukuîndûara,,
O que se casa bem contra sua vontade,O emimotare'yma-katu omendaryba'e,,
corda de rede,upá-sama,,
a que ingere veneno,mosangygûaba gûara,,
Tu me escaldaste,Xe rũî îepé,,
Pelo Deus verdadeiro faço perguntas a ti,Tupãeté resé aporandub endébe,,
Veio detrás de mim,Xe atuaî turi,,
Que me guarde sempre,Ta xe rarõ memẽ îepi,,
Nem por isso eu vou para longe,Naroîaî mamõ xe sóû,,
Ambas as minhas coxas adormeceram,Opá xe uba îesyî,,
E confessaste que tu as roubaste?,A'epe ereîmombe'u a'e resé nde mondá?,,
"Oxalá agora alguma pessoa, habitante do fogo do inferno, levantasse aqui na nossa multidão","Temone ko'yr Anhanga ratá pora, abá amõ opu'ama iké îandé re'yîpemo",,
"tempo, lugar, modo, etc de estar em pé",ambaba,,
"fibras esvoaçantes (isto é, fibras finas)",pó-bebé,,
Eu iria inutilmente,Îepémo asó,,
Eu sou molengão,Xe membek,,
"Isso não seria possível enumerar, ainda que o sol se pusesse!","Aîpó n'i papasabi, kûarasymo oîké îepémo!",,
"E por outra parte, semelhantemente, o próprio mar será mais terrível do que é seu costume",Kokoty paranã aé rame'ĩ o abaetéramo erimba'e gûekoagûera sosé,,
Queimar-vos-ão as chamas!,Pe rapy tataendyne!,,
Obedecem-me bem os índios,Xe rapîakatu abá,,
Faremos o que ele fez,Semimonhangûera îamonhangyne,,
"por aí, por ali, por esse lugar",eboûĩ rupi,,
Não vi os de cá,N'asepîaki kybõygûara,,
Eis aqui também meu rabo comprido,Kó bé xe rûaî-puku,,
Eu sou tísico,Xe angaîbabîar,,
Para onde será que eu irei?,Mamõ serã xe sóûne?,,
"São Pedro puxou a espada, ferindo um amigo do chefe, chamado Malco",S Pedro itangapema osekyî morubixaba rembiaûsuba Malko seryba'e apixapa,,
"ajuntamento de búzios (nome antigo de Cabo Frio, RJ)",gûatapy-tyba,,
Não pode alguém casar-se com seu parente verdadeiro?,Nd'e'ikatuîpe abá o mũeté resé omendá?,,
"Vai, pois",Ekûãî rõ,,
Agitamo-nos,Orondururuk,,
Fez-me arder as pernas,Xe retymã-moîosar,,
"Ajudei-o em suas palavras (isto é, ajudei-o naquilo que dizia, argumentando a favor dele)",Aînhe'ẽ-pytybõ,,
Que mau é ele!,Tieté maniîabo a'e!,,
Guardai-vos de serdes maus doravante,"Peteumẽ, pe poxyramo angiré",,
rio direito,y-atã,,
"Trespassaram suas mãos juntamente com seus pés, sobre a cruz pregando meu senhor","Îaîpó-asá-sá i py resébe, krusá sosé nhẽ xe îara moîá",,
propondo ser bom,xe katurama momboîa,,
poucas vezes,amõamõme é,,
Mas que faremos com estas muitíssimas riquezas?,Marã-tepe ang mba'e-katupabẽ orogûerekóne?,,
sinal de golpe com pedra,itá-pora,,
Dentro de nosso coração colocando sua lei,Îandé py'a pupé sekó mondepa,,
"Insultam-se as velhas, odeiam-se","Oîoa'o-a'o gûaîbĩ, oîoamotare'ỹ",,
Mostra o erro de minhas palavras,Eîkuabe'eng xe nhe'engaipaba,,
É usual os bons homens tratarem bem as pessoas,Sekoab apŷabangaturama i porerekó-katu,,
Fazendo escorrer o sangue dele,Sugûy mosyryka i xuí,,
Apresentei-o,Arokûab,,
Vem para destruir o maldito,"Eîori, muru mombapa",,
Eu estou adoentado,Xe rekoruînhẽ,,
Aproxima-se o nascimento de S João,Okakar S João 'aragûera,,
eis que amanheceu,ko'ẽ kó,,
O pão que apanhou em suas mãos devolveu-o como seu corpo e o vinho como seu sangue,"Miapé o pópe o emiîara i moîebyû o etéramo, kaûĩ og ugûyramo",,
"Batendo numa mulher grávida, matando o bebê dela","Kunhã muru'abora resé opûá, pitanga îukábo i xuí",,
Eis que teu filho me fez mudar de idéia,Xe resaekoabok ikó nde ra'yra,,
Talvez ele fosse se eu dissesse,Osó ipóne re'a gûi'îabo mona'ẽ,,
Coisa beiçuda!,Mba'e-embegûasu!,,
Eu sou torto,Xe apẽ,,
Caso com uma mulher,Aîkó kunhã rupi,,
poucas vezes,amõneme é,,
a mãe de meus filhos,xe ra'ysy,,
Chegamos sucessivamente,Orosy-syk,,
Por confundir o inimigo sua alma,O 'anga sumarã o mbo'eaíme,,
"Tem muito cauim, por acaso, meu avô Jaguaruna?",I kaûĩgûasu-pipó xe ramûĩa Îagûaruna?,,
"Faço a brincadeira, o jogo",Nhemosaraîa aîmonhang,,
Quem não reconheceria ter comido algo bom?,Abámo mba'e-katu 'uagûera n'oîkuabi xûé?,,
Trazei também a ingapema!,Ingapema bé peru!,,
a que é (ou deve ser) alforriada,i mokunhãetepyra,,
Jazo de costas,Oatukupepyterybo aîub,,
"No final de minha fala, ele falou",Xe nhe'enga apyrûerype ahẽ nhe'engi,,
Convenço-o,Aîmoapapub,,
"o que porta pestes, coisa pestilencial",mbabyîara,,
"Que queimem em teu fogo, para que os pecados dos malditos tenham retribuição","T'okaî nde ratá pupé, ta sepy muru angaîpaba",,
Que me livre das dificuldades,Ta xe pysyrõ marãtekó suí,,
Ainda que eu já tivesse ido,Aûîebé-temo xe só-umani,,
"Tu te agitaste, querendo fazer-nos viver","Nde ereîemosusuni, oré moingobé-potá",,
Dizendo palavras más acerca de coisas nojentas,Mba'epoxy koty onhe'engaíbamo,,
As juntas de seus ossos afastando umas das outras,I kanga îepotasaba pe'abo o îosuí,,
"Indo para fora, deixando de ouvir missa","Kûepe osóbo, missa renduba reîá",,
"A dança é que é boa, enfeitar-se, tingir-se as pernas com urucu","Moraseîa é i katu, îegûaka, îetymã-gûanga",,
Fingindo fazer viver as pessoas,Oporomoingobé-mo'anga,,
Tornou-te muito bondosa o senhor Deus,Nde moangaturameté pa'i Tupã,,
"Queimo-te hoje, como de costume!","Oroapy kori, îandu!",,
"boquitorto, homem da boca torta",abaîuru-apẽ,,
Fiz taipa de pilão,Aybysosok,,
"O que bebe somente o suficiente, que acontece?","Oîá nhote kagûarape, marã?",,
"ponta de topete, pontinha aguda de cabelo que alguns têm na testa",Tetobapy-apûá,,
Eu sou antigo filho de Jetuú Criei-me dentro dela,Xe Îetu'u ra'yrûera Anhemonhang i pupé,,
Cuidado para não o levares,Erasó umẽ ké,,
"E onde está aquele limbo, morada das crianças que não foram batizadas?",Umãmepe a'e putunusu pitanga nhemongaraibypyre'yma rekoaba rekóû?,,
Não hei de ir (dito por mulher),Asó umẽpe ky,,
Eu tenho um nervo encolhido,Xe raîyîeapar,,
Faço-o ruim,Aîmoangaîpab,,
Mostrando sua própria beleza mais que o sol,Kûarasy sosé o poranga kuabe'enga,,
Tu te alegraste por alguém cometer furto delas?,Nde rorype sesé abá mondarõagûera resé?,,
"Meu senhor, eis que eu não sou digno de que entres em meu coração","Xe îar, na xe angaturami ã a'emo ereîké xe py'ape",,
"Eu sou Guaixará bebedor de cauim, grande cascavel, onça, trucidador de gente","Gûaîxará kagûara ixé, mboîtiningusu, îagûara, morapitîara",,
curtinho,asangĩ,,
calos já duros,mbyru'apûera,,
lêndeas de piolho (do corpo),mokyrana'yra,,
Deste veneno para uma mulher grávida?,Ereîme'engype mosangygûaba kunhãmuru'abora supé?,,
Com alegria honramos este dia,Tesãîa pupé kó 'ara îaîmoeté,,
raízes angulosas (nome de lugar),sapopema,,
Medi-o,Asa'ang,,
Havemos de ir contigo,T'orosóne nde rupi,,
Retribuindo seu regozijo com ele,O morybagûera poepyka,,
"Quando a gente se batiza, põe seu próprio entendimento?",Asé îemongaraíme o 'ara moíni?,,
"Salve Rainha, mãe de misericórdia","Salve Rainha, moraûsubara sy",,
tranca da porta,okena kokaba,,
Que eu esteja contigo,T'aîkó nde irũ,,
Aparei-o,Anhopan,,
"ajuntamento de cana-de-açúcar, canavial",u'ubae'ẽndyba,,
"um par de pares, quatro",oîoirũîrũ,,
"Acabado isso, ele se casa",Aûîé-katu i mendari,,
Aqui estou eu,Kobé aîkó,,
Ameacei Pedro com um pau,Asenopu'am Pedro ybyrá pupé,,
Bem que o chamei,Îepé asenõî,,
Meu senhor é que me mandou fazê-lo,Xe îara é xe pûaî sesé,,
Sobre ela morrendo Nosso Senhor para nos resgatar,I 'arybo omanõmo Îandé Îara îandé repyme'engagûera resé,,
interesse pela lei de Deus,Tupã rekó resé nhemoryryîa,,
Eu estou maleitoso,Xe karasy,,
"Coisa muito boa é a confissão, como modo de impedir, também, tua ida para o inferno",Mba'e-eté anhẽ nhemombe'u Anhanga ratápe nde sorambûera morambûesabamono,,
"Compadece-te um pouco de mim, ó morte!",Xe raûsubá-mirĩ îepé te'õ gûé!,,
Perdoa tu nossas maldades a nós como nós perdoamos aos que nos tratam mal,Nde nhyrõ oré angaîpaba resé orébe oré rerekomemûãsara supé oré nhyrõ îabé,,
"Ah, quem me dera tivesse o padre um pouquinho de piedade de mim, mandando-me pôr em outra parte!","Xe raûsubá-mirĩ temõ abaré, amongoty nhõte xe moinuká mã!",,
Vou para a casa,Asó okype,,
Eis que procuramos Jesus de Nazaré,Iesus Nazareno ikó orosekar,,
Fi-lo meu senhor,Amombiaryîar,,
"Eu hei de bem apanhar-te, na minha armadilha fazendo-te cair","Xe t'oropysy-katu, xe mundépe nde mbo'a",,
Querendo imitar os atos de Nosso Senhor,Îandé Îara rekoagûera ra'anga motá,,
Ofereci-lhes comida,Asemi'u-erekûab,,
"capim que fica estalando, junco",kapi'ĩ-pururuka,,
Fiz preparativos para receber o inimigo,Anhemosako'i tobaîara resé,,
"Ah, quem me dera comer veneno para que eu morresse!",A'u temõ mba'eaíba mã a'emo nhẽ xe re'õû,,
Estou tendo polução,Apu-apuk,,
Eu estou atolado,Xe pykûab,,
Esbofeteando suas faces,Setobapé sosoka,,
Eu sou uma pessoa desprezível,Xe abangaíba,,
O que tem a bem-aventurança é o que não agride,Tekokatueté rerekoara onherane'ymba'e,,
Não tem modo de o comer,N'i gûabi,,
Eu tenho barba ruiva,Xe rendybá-aîub,,
Endireitei-o,Aîaparok,,
"Lava-o, fazendo brilhar meu coração","Eîmoîasyk, xe py'a moberapa",,
Descreve tua terra para mim,Emombe'u nde retama ixébe,,
"Após entrarem em colapso o sol, a lua, a terra, o mar, então os anjos vêm","Kûarasy, îasy, yby, paranã rekomemûã roiré a'ereme karaibebé ruri",,
estando eu,gûitekóbo,,
Porventura fizeram-se muito maus os homens após se multiplicarem?,Onhemoangaîpabeté serã apŷaba o îeapyká-eté roîré?,,
Traze os habitantes do Paraíba para aumentar nossa terra,Eru Paraibygûara oré retama irumõmo,,
Que espécie de mulher é Santa Maria?,Marãba'e kunhãpe Santa Maria?,,
Eu não me afasto deles,Ixé n'aîeîyî i xuí,,
Ocupando-me de ti,Nde ri xe nhemboryryîa,,
com ele,ahẽ pabẽ,,
"Eu tenho palavras enganosas, falsas",Xe nhe'ẽ-puraké,,
Passo jenipapo nele,passo jenipapo Aîîanypá-mongy,,
"Portanto, esses são os mandamentos do Senhor Deus a nós",Irõ ianga Pa'i Tupã îandé rekomonhangaba,,
Torno a trazer a roupa,Aroîebyr aoba,,
Parto,Aîepabok,,
"terra avermelhada, barro",yby-pytanga,,
o nó dela (da madeira),i puru'ã,,
É difícil essa língua,I abaíb aîpó nhe'enga,,
Querendo furar os buracos das orelhas da gente,Asé apysakûá-puka potá,,
Eu fiz confusão,Xe apaîugûá,,
teu nome,nde rera,,
Eis que agora eu hei de perecer!,Akanhem kó ixé re'a,,
Eis que aqui estou,Aín,,
Queres ouro?,Ereîpotápe itaîuba?,,
ter-nos-iam amaldiçoado,îandé momburu meémo,,
injúria recíproca (com palavras),îoa'o,,
Meu filho!,Xe ra'yt!,,
Acreditas em falsas oferendas?,Ererobîápe îetanonga'uba?,,
Constituímos-te chefe,Oromoingó tubixabamo,,
Quantos são os chefes principais por aqui?,Mobype tubixá-katu kybõ?,,
"Que nos renovemos, repelindo completamente os costumes antigos","T'îanhemopysasu, tekopûera pe'apapa",,
Ordenei-o,Aîmoabaré,,
Eu afrouxei,Xe apapub,,
"o que caça, caçador",ka'amondoara,,
Sei lá!,-Abá ra'yrape ûĩ?! -Sé! -Filhos de quem eram esses?!,,
"Já se juntaram por causa disso muitos moços bebedores de cauim, os pervertedores desta aldeia","Onheŷnhang umã sesé kunumĩ-etá kagûara, kó taba moangaîpapara",,
Minha família te ama,Xe anama nde raûsu,,
Lançando palavras contra a lei de Deus,Tupã rekó koty nhe'enga reîtyka,,
"Descendo com seus choros, indo com seus gritos Nem por isso eles acabarão","O îase'o rerogûeîypa, ogûasẽ-gûasema rerasóbo Ndaeroîaî xûé i pabine",,
"A mim é como que pedra (isto é, parece pedra)",Itá berame'ĩ ixébo,,
"Ah, como me importuna o fedor dele!",Xe moaîu-te i nema mã!,,
"Sim, hei de ir para onde me mandam Mesmo porque eu, em meu coração, assim quero fazer","Îé t'asóne xe mondoápe Memeté ixé, xe py'ape, emonã tekó potá",,
Indo eu para trabalhar,Ûiporabykŷabo gûixóbo,,
É muito terrível meu nome,I abaeté-katu xe rera,,
homem severo,abaposykyîe'yma,,
homem sovina,abá-pûapẽîara,,
Sempre atam as mãos dos diabos,Memẽ anhanga popûari,,
mingau grudento,minga'u-pomonga,,
Sairá também futuramente de lá?,Osem-y bépe irã eboûinga suíne?,,
Hás de confessar primeiro tua atração por eles,Sesé nde nhemomotaragûera ranhẽ t'ereîmombe'u,,
"Vamos, devagar, para queimar a terra dos malditos","T'îasó, mbegûé t'ixapy moxy retama",,
o que é felpudo,sabiîuakytãba'e,,
Mas que nós não paremos de chamá-la,Îandé-te îapyk umẽ senõîa,,
"Se ele tem muita dor quando o empalidece e quando o deixa doente aquilo que se abrandará, quanto mais aquilo que não se abrandará","O moaîureme o momara'areme a'e i arybeba'erama biã sasyeté, memetipó i arybeba'erame'yma",,
"Se longamente ficas pranteando teus amigos ou teus parentes, por que não queres chorar nem um pouquinho por causa de teus antigos pecados?",Kype rakó ereín nde raûsupara koîpó nde mũ rapirõmo marãpe nde rekoangaîpagûera resé é nd'ereîase'o-mirĩngatutenhẽ-motari?,,
Vou como teu substituto,Asó nde rekobîaramo,,
mas antes,-te nakó,,
Eu sou nadador (ou sei nadar),Xe 'ytab,,
Ele está feliz,Soryb,,
Eu sou muito longevo,Xe rekosûé-katu,,
"Todo o céu preenches, o mar e a terra firme também","Opá ybaka ereîmopó, paranã, yby abé",,
Faze perdoar a nós,Emoîerekûab orébo,,
"Com pranto estai, como modo de louvar o que entra junto a vós, como modo de o receber","Îase'o rakó perekó peẽmo teîkeara moetesabamo, i mobasembabamo",,
"Enfim, esses temiminós não tomam a lei de Deus, não a amam, não a acatam","Aûîé, kó temiminõ nd' ogûari Tupã rekó, nd'osaûsubi, n'omotybi",,
"Ambas as minhas coxas tremem, endurecendo","Opá xe uba îesyî, oîemoatãmo",,
remédio portador de cura,mosanga mûeîrabyîara,,
"coisa cotidiana, o que é de cada dia",ara-îabi'õndûara,,
"Melhor que isso me seria, pois, morrer",I xosémo nã ky xe re'õ,,
"A cobra, antes de fazer destruir a vida daquele que morde, deixa sua própria vida, ao pisarem sua cabeça","Mboîa o emindu'u rekobé mokanhemukar-y îanondé, o ekobé reîari o akanga patukasagûerype",,
"Aimbirê, vem diante de mim! Apressa-te!","Aîmbiré, eîori xe robaké! Nde apûan!",,
Que vá Guaixará para o fogo,Gûaîxará t'osó tatápe,,
A cobra deixa sua própria vida ao pisarem sua cabeça,Mboîa o ekobé reîari o akanga patukasagûerype,,
"São muitos os não conhecidos que Deus somente, o criador deles, conhece",Se'yî i kuabypyre'yma Tupã i monhangara remingûaba nhõ,,
São Filipe e São Tiago são os que devem ser honrados neste dia,"S Filipe, STiago kó 'ara i moetepyra",,
"Ao vir eu, encontrei o que guardara","Xe rureme, asobaîtĩ xe remierekopûera",,
querendo também que nós afrouxemos nossa carne,îandé ro'o îandé i momby'a-potáno,,
Contaste para alguém que tu ficaste passando a mão em mulheres?,Ereîmombe'upe kunhã resé nde pokó-pokokagûera abá supé?,,
"Ficamos bradando, como desterrados",Orosapuká-pukaî i pe'apyramo,,
"Apoio-me sobre o braço, estando deitado",Aîeatyrung gûitupa,,
"Assim tratada, uma pessoa certamente chega bem",Emonã serekopyra rakó abá obasẽ-porang,,
Como a gente procederá para obedecer a Deus?,Marãngatupe asé rekóû Tupã o apîaraûama rine?,,
Toleraste as pessoas em sua crença no pajé?,Ereîmorype abá paîé rerobîaragûama resé?,,
"Por isso, na verdade, é que a gente detesta o pecado mais que a morte?",Nd'e'i te'e ipó asé pecado moabaetébo te'õ sosé?,,
O nosso chamado à mãe de Deus fá-lo sofrer muito,Tupã sy îandé senõîa oîmoasy-katu-eté,,
Aparei-o,Asembe'y-kytĩ,,
Por isso mesmo os homens erigem-te em dirigente deles,Apŷaba nd'e'i te'e o 'ybamo nde mo'ama,,
Hei de mexer hoje as igaçabas,T'aîpobu kori ygasaba,,
Tendo-lhe amor,Saûsuba rerekóbo,,
Antigamente pescava bem os peixes,"Akûeîme, rakó, pirá asekyî-marangatu",,
Não quis em nós o assalto de nosso inimigo,N'oîpotari îandé ri îandé sumarã pu'ama,,
Tenho-o na cintura,Xe ku'aî arekó,,
"Derramando o seu sangue, ficaram a açoitá-lo","Sugûy mombukapa, îaînupã-nupã",,
Somos vizinhos uns dos outros,O îoamundabamo oroîub,,
"em baixo, na lájea",ybype,,
Um certo judeu velho mostrou o lugar em que ela fora enterrada,Amõ îudeu-tuîba'e i tymagûera kuabe'engi,,
Não se hão de esvanecer nem um pouco minhas palavras acerca daqueles futuros fatos,N'i rambûé-mirĩî xûé aîpó tekorama resé xe nhe'engane,,
Tiveste amizade com um homem pecador?,-Ereîekotyápe abá-angaîpaba resé?,,
Tu foste desonesto com alguma irmã verdadeira de tua esposa?,Nde poxype nde remirekó asykûereté amõ resé?,,
Costumo alimentar gente,Xe poropoîxûer,,
Deus-Pai fez-te vir,Tupã Tuba nde mbouri ,,
Santificando-se na pia batismal,Moromoîasukaba pupé onhemongaraípa,,
"Apoiando-me na vossa valentia, quero ir","Pe ratãngatu resé gûiîekoka, asó-potá",,
ponta de pedra,itá-atĩ,,
Eu tenho a pele quente,Xe pirakubor,,
A seu pai somente o homem obedece?,Og uba anhõpe abá osapîá?,,
Resgatei os índios,Aporepŷan apŷaba,,
"Vela bem por mim, mandando que não me façam cair","Ema'enãngatu xe ri, xe mbo'are'ym-uká",,
"Tu mentiste ao te confessares, disfarçando teus pecados?","Nde remo'emype nde nhemombegûápe, nde angaîpaba mo'anga?",,
Hoje eu deveria ir,Kori monẽ asó,,
Dou roça a Pedro,Aîkó-me'eng Pedro,,
cordão de contas,mbo'yrysy,,
"Eia, que estejais alegres","Pene'ĩ, ta pe rory",,
Tornou-te mais formosa que ela,Nde moaysó-eté i xuí,,
"Na verdade hei de me enfeitar, pretejando-me","Aûîeté pakó, aîegûak ûinhemoúna",,
Que é a morte?,Mba'epe te'õ?,,
Hoje o matou,Kori i îukáû,,
"sábio fingido, pseudo-sábio",mba'ekugûapara'uba,,
"Todo o céu preenches, o mar e a terra também","Opá ybaka ereîmopó, paranã, yby abé",,
Um frio que faz as pessoas tremerem muito,Ro'y oporomoryryîeteba'e,,
Eu estou desinchado,Xe rurunhyng,,
Invocam as mulheres o pajé Caruara,Osekyî kunhã maîé Karûara,,
meu igual,xe arõana,,
"Dei-o por dar (isto é, de graça)",Aîme'engĩ,,
Lembrai-vos do que se sofre no inferno,Penhemoma'enduá Anhanga ratápe i porarapyra resé,,
o que enforcou gente,moroîubykarûera,,
"Eis que, na verdade, esse ato é o que tem o dom de nos fazer fracassar",Anhẽ ã aîpó tekó îandé mopanem-y-îara,,
Por causa de sua crença nele não duvidando,Serobîara resé o akasange'ymamo,,
casa de barro,nhau'umoka,,
Fi-lo enriquecer,Aîmomba'e,,
Inclina-se,-Oîerokype asé Cruz supé? -Oîeroky -A gente se inclina junto à cruz?,,
pescador com puçá-guaçu,pysagûasu-eîtykara,,
"Vamos, devagar, para fazer o assalto","T'îasó, mbegûé, îapu'ama",,
Em que ocasiões a gente se confessará?,Mba'e-mba'eremepe asé nhemombe'une?,,
Dou topadas no esteio,Aîapi okytá,,
lenitivo de minha fome,xe ambyasy posanga,,
licor de aipim,aîpi 'y,,
"A dança é que é boa, enfeitar-se, avermelhar-se, ficar fazendo feitiços","Moraseîa é i katu, îegûaka, îemopyranga, karaimonhã-monhanga",,
o que tem olhos que são luxuriosos,sesá-poropotaryba'e,,
"Hei de me confessar ainda hoje, antes de me surpreender a morte","T'anhemombe'une kori bé, te'õ xe resapy'a e'ymebé ká",,
Hei de comer todo o banquete de Jacaré-guaçu!,T'a'u pá Îakaregûasu pepyra!,,
Hei de ver tua face,T'asepîáne nde robá,,
"Lavou-se as mãos à vista da multidão (isto é, como o que a multidão vê)",Oîepó-eî te'yîa remiepîakamo,,
Arranca de minha casa a poeira dos pés,Eîpytybyrok xe roka,,
"Por acaso estava o maldito com a cintura fendida, balançando?",I ku'a-bok serã moxy oatimunga?,,
"rapariga (por desprezo, pejorativo)",kunhataĩ-a'uba,,
As juntas de seus ossos afastando umas das outras,I kanga îepotasaba pe'abo o îosuí,,
Tenho-o como meu par para dança,Xe andaramo arekó,,
Guardai-vos de serdes maus doravante,Peteumẽ pe poxyramo angiré,,
"Dentro dele está Jesus Cristo, em todo o seu ser e em seu espírito","I pupé Îesu Cristo rekóû, o ekó îakatu tenhẽ i 'anga abé",,
Rangem-me os dentes,Xe rãî-ngyrỹî,,
"Queimo-te hoje, como de costume!","Oroapy kori, îandu!",,
Forçaste uma solteira antes de lhe fazer mal?,Ereîukaípe mendare'yma i momoxy îanondé?,,
Não o deixo de querer,N'aîpotare'ymi,,
Aproximei-me de Guenum (a Ilha dos Frades),Arokakar Gûenũ,,
"O que não recebe a Deus (isto é, não comunga) a cada Quaresma",Îekuakubusu îabi'õ Tupã ogûare'ymba'e,,
"Eu açouto gente, de costume",Xe poronupã îá,,
Eu sou ladrão,Xe mondá,,
Abre a porta de tua casa,Esokendabok nde roka,,
"Corrige-os, censura-os, para que queiram livrar-se do inferno","Enonhẽ, eîakaká, t'oîepysyrõ-motá anhanga ratá suí",,
Tiro a sua ferrugem,Aîkytyngok,,
Esbofeteio as costas de suas mãos,Aîpokupé-petek,,
Eu estou adoentado,Xe rekoruruînhẽ,,
"Eu estava, mesmo, esquecendo, não que o quisesse omitir","Xe resaraî é gûitekóbo, n'aseîá-potá ruã!",,
"Estas rãs, minhas presas, que as comas","Ikó îu'i, xe rupîara, t'ere'u",,
Eu tenho olhos zarcos,Xe resá-îub,,
Enruguei-me,Anheãî,,
arraia pitoca (nome de uma aldeia),îabebyrasyka,,
Querem afugentar-te,Nde monhegûasẽ-motá,,
Vou como catador de pedras,Asó itá piaramo,,
Guarda-te de o levares,Teumẽ ké serasóbo rá,,
"Eu sou o grande tamoio Aimbirê, uma sucuriju, um tauató","Xe tamuîusu Aîmbiré, sukuriîu, tagûató",,
"Transtorno o coração das velhas, irritando-as, fazendo-as brigar","Aîpobu gûaîbĩ py'a, i moŷrõmo, i momarana",,
chumbada do anzol,pindá posyîtaba,,
"Ao chegar o dia oitavo (duas vezes quatro), cortaram seu prepúcio","Mokõî oîoirundyk oito 'ara sykeme, i 'apira mondoki",,
Apertei meus passos,Aîmoatã xe rapupa'ũ,,
Não seremos miseráveis,Nd'oré poreaûsubi xûéne,,
Tu costumas levantar-te diante de teu pai?,Nde pu'amixûé nde ruba pé?,,
Não pode com ela casar-se enquanto a mantiver em esconderijo,Nd'e'ikatuî sesé omendá mimbápe serekó pukuî,,
Eu sou pecador como meu pai,Xe ruba rupi é xe angaîpabamo,,
Não me mexo,N'amyĩ,,
Eu tenho olhos enevoados,Xe resá-oby,,
Mesmo o que assassina na guerra (transgride o mandamento de Deus)?,Gûariniãme oporapitiba'e tiruãpe?,,
"Ao comer junto de seus discípulos antes de sua morte, no dia posterior",Oîrã o e'õ îanondé o emimbo'e pyri o karûápe,,
Ainda que eu já fosse,Aûîebé-te xe só-umani,,
"há bem pouco tempo, agora há pouco, agorinha mesmo","kûesé-té'ĩ, kûesé-té'ĩ-mbyryb, kûesé-té'ĩbé, kûesé-bé'ĩ, kûesé-pyryb",,
Jazo imóvel,Aîubé,,
Que fez neste mundo depois que cresceu?,Marãpe sekóû ikó 'ara pupé o kakuab'iré?,,
Eu hei de ir primeiro,Xe ranhẽ t'akûáne,,
Escaparão futuramente os animais quadrúpedes?,Okûabépe irã so'o?,,
"E por outra parte, semelhantemente, o próprio mar será mais terrível do que é seu costume, as ondas fazendo grande estrondo",Kokoty paranã aé rame'ĩ o abaetéramo erimba'e gûekoagûera sosé yapenunga ryapugûasuramo,,
Eu tenho cabelo crespo,Xe akangaíb,,
Não me faças demorar,Xe mombuku umẽ îepé,,
Eu sou bem feito,Xe aysó,,
Detestando-os mais que tudo o que se deve detestar neste mundo,Seroŷrõmo opakatu ikó 'ara pupé seroŷrõmbyra sosé,,
Eu sou elegante nas palavras,Xe nhe'ẽ-matueté,,
Eu estou fendido em diversas partes,Xe îurubó-bok,,
"Eis que sofrem muito, tendo sua vida envergonhada",Sasyeté niã ogûekomara'ara reroína,,
o que está vestido,iî aoba'e,,
"não deve ser, não será assim","aan ipó, aan ipó biã",,
"Tão logo ao sair a alma da gente de seu próprio corpo, seu envoltório, Deus a julga","Ogûeté suí, o uru suí, asé 'anga sẽme bé, Tupã sekomonhangi",,
"Jogou o pagamento por seu senhor no templo, indo finalmente enforcar-se",O îara repypûera reîtyki Tupãokype aûîé osóbo oîeaîubyka,,
as que vão para o purgatório,Purgatório pupé osoba'e,,
Deve ter ido,Osó ipó re'a,,
"Ah, se viesse!",Tera'ute oú,,
"Dormiu demais seu cadáver, estando deitado no lugar em que o puseram?",Okeretápe se'õmbûera o mondebagûerype oupa?,,
"É visto, com efeito, que ela conserva a incorruptibilidade dos cadáveres daqueles",Sepîakypyra niã aîpoba'e re'ombûera o marane'yma rerekó,,
Não ficou ninguém no campo de batalha,N'opytáî amõ abá maranápe,,
"Esta agia assim, longe de ti",Emonã rakó sekóû nde suí,,
Envolvendo seu rosto com véus,Aobybĩ pupé sobá ubana,,
Nada,-Mba'epe aûîeramanhẽ serekopyrama ikó 'ara pupé? -Aani ã biã - Que é o que será conservado para sempre neste mundo?,,
"Desvirginaste alguma menina, furando-a?","Ereîmombukype kunhataĩ amõ, i mokûá?",,
"Pensai que, algum dia, a morte virá para bater em vossas portas, em despreparo, surpreendendo-vos","Penheangerekó amõ 'ara pupé te'õ pe rokena motaka turagûama resé é, nhemosako'ie'yma pupé, pe pokosupa",,
"No meio da terra fazendo um fogo inextinguível, que não se apagará",Yby apyterype tatá-amororé ogûeba'erame'yma monhanga,,
"cinzas do alguidar, da bacia, feitas pelas chamas",nha'ẽpesẽ-uba,,
"Envergonha-se o sol de nascer, diante de teu brilho","Otĩ kûarasy osema, nde beraba robaké",,
Não me acostumei,N'aîepokuabi,,
"Após aquele revirar-se do mundo, então os anjos vêm",A'e 'ara îepubur'iré a'ereme karaibebé ruri,,
O que entrou em vossas almas,Pe 'angyme oîkeba'epûera,,
convés da embarcação,ygara rokabytera,,
"Que bom que existes, ó meu senhor!",Aûîebeté ereîkó xe îar-y gûé!,,
Eu fico salivando,Xe rendy-rendy,,
"de uma só parte, de um só lado",amongoty nhõ,,
Eu sou travessa,Xe resaarũaíb,,
Tua bondade não cessa,Nde angaturama n'opyki,,
"Envergonhai-vos aqui também, após terdes amado as coisas más",Penhenotĩ iké bé mba'e-memûã raûsub'iré,,
"armação de fios, roca de fiar",inimbó-'yba,,
Agradeci-o,Aîkugûab,,
"Olha, arrasamos todos os tupinambás que estavam no Paraguaçu","Ma'ẽne, tupinambá Paragûasupendarûera opakatu îamombá",,
Eu não tenho com que bater,Na xe pûasabi,,
tirante a vermelho,pyrangaíb,,
o bom do Pedro,Pero angaba,,
"Eia, hei de ir contigo","Ne'ĩ, t'asó nde irũmo",,
a abertura da saia dela,Iî ikeboka,,
"Ah, quem me dera esconder alguma coisa do fulano!",Anhomim temõ ahẽ mba'e amõ mã!,,
Fiz-lhe cócegas,Aîmokyxyk,,
Entristeci-me,Anhemoingotebẽ,,
Tive a segunda menstruação,Aîeporero'ypok,,
"Caem às vezes os frutos de suas árvores sendo ainda flores, outras vezes em seu estado verde, outras vezes caem após madurarem","Okuî rakó amũme 'ybarambûera o 'yba suí 'ybotyramo oîkóbo bé, amõ rakó ogûakyra pupé i kuî, amõ rakó ogûaîub'iré i kuî",,
No seu próprio ombro levanta a cruz,O ati'yba ri kurusá osupi,,
Não somos diferentes,Nd'oroîoabyî,,
A gente não come carne de caça no dia de jejum,Nd'o'uî asé so'o îekuakuba 'ara pupé,,
Aumentaram as riquezas para mim,Ono'ong mba'e ixébo,,
Esses (mandamentos) estão implícitos nos que dizem como?,Marã e'iba'e pupépe aîpoba'e ruî?,,
Torrei-o,Asa'embé,,
Um prisioneiro fazeis-me sempre libertar,Mundepora amõ îepé peîmosemukar ixébe îepi,,
Tomamo-lo de ombro a ombro,Oîoybari orogûar,,
Teu costumeiro desejo sensual não se separava verdadeiramente de ti,Nde poropotarixûera nd'o'ir-etéî nde suí,,
Cortei um pedaço dela,Aîasy-'ab,,
Acariciaste tua namorada com quem brincaste desonestamente?,Ereîmomorangype nde kunhã'yba nde i moîaruagûera?,,
gargalo fino (como da cabaça),anhurĩ,,
Os homens estão acostumados comigo,Apŷaba xe pokuá,,
Eu estou calombento,Xe asur,,
Os homens que roubam mulheres,Apŷaba kunhã ri i mondaba'e,,
"Que lancemos fora nossa maldade, não acreditando nos pajés","T'oroîtyk oré poxy, paîé rerobîare'yma",,
Aqui estamos alegrando-nos para festejarmos teu dia,Kó oroîkó oronhemborypa nde 'ara momorangápe,,
Os beatos e os santos que Deus faz ir consigo para o céu são muitos,Marangatuba'e santos ybakype Tupã remieroîeoîa setá,,
"Após acabar este desterro comum, faze a nós vê-lo",Ikó îope'asagûera syk'iré esepîakukar orébe,,
Eis que veio o que me entregará,Aîpó xe me'engarama ruri,,
"carreirão, caminho pequeno para quem vai a pé",pé-mirĩ,,
"Eu sou Guaixará bebedor de cauim, comedor de gente","Gûaîxará kagûara ixé, morûara",,
Tu te entristeceste ao alguém tratar bem teu próximo?,Nde arurupe abá nde rapixara rerekó-katureme?,,
Estou dependurado,Aîasekó,,
"saco, teia ou teagem dos miolos",aputu'ũ-aoba,,
"O forro que se casou com uma escrava verdadeira, pensando falsamente ""-eis que esta é forra"", não se casou","Mbiaûsube'yma mbiaûsubeté resé omendaryba'e ""-miaûsube'yma kó"" o'îaba'upa, n'omendari",,
"Vem para lavar minha alma, branqueando-a","Eîori xe 'anga reîa, i motinga",,
"o que é líquido, o que é ralo",tykuba'e,,
Que cheire muito bem a palavra de Deus a ele,Ta syapûãngatu Tupã rekó i xupé,,
o doente que está ao teu lado,mba'easybora nde kotypendûara,,
Ficando a experimentar poções,Mosanga ra'ã-ra'anga,,
"agora mesmo, agora neste instante",ko'yr-y bé,,
Desceu aonde nós estamos,Ogûeîy îandé rekoápe,,
"Quanto mais um caminhante se aflige por um caminho que não conhece, mais deseja logo ver o dia","Memeté rakó pé o eminguabe'yma rupi oguataba'e o angekotebẽnamo, korikorinhẽa'ub 'ara repîaki",,
O que se compraz em seu sonho mau,O ké-poxy omboryba'e,,
"Não abrandam sua raiva, não perdoam","N'oîmogûabi o nhemoŷrõ, n'i nhyrõî",,
Acalmei-me,Aîukatu,,
À direita de Jesus tu somente estás,Îesu 'ekatuápe nde nhõ ereîmbé,,
"Sabendo disso, impedirias a transgressão da palavra de Deus","Aîpó kuapamo, ereîmorambûé Tupã nhe'enga abyrambûeramo",,
"Brigarão, cuspirão um no outro?","Omarãmonhangype, oîoendyne?",,
Evita ir,Eteumẽ esóbo,,
As pedras ficaram-se quebrando pelo meio,Itá oîeká-îeká oîopyterybo,,
De modo algum,-N'asé ruã-tepe o emi'urama oîmonhang? - Aani - Mas não é a gente que faz sua comida?,,
Fico andando à toa,Agûatá-gûatá tenhẽ,,
o que fica aumentando seus pecados,o angaîpaba irumõ-rumõsara,,
Mesmo dando-o à luz sua mãe bondosa estava virgem?,I mbo'a tiruãpe i xy-angaturama rekóû ababykagûere'ymamo?,,
Os que assim dizem,Nã e'iba'e,,
braço de rio,y-akã,,
o que é (ou deve ser) feito morrer,i momanõmbyra,,
"Como diz alguém, tendo medo da morte, não querendo fazer estar por longo tempo sua falta de confissão?",Marã e'ipe abá te'õ suí onheangûabo o nhemombe'ue'yma mokûá-puku potare'yma?,,
As que dizem coisas más,Marã e'îara,,
"Quem não saberia ter comido algo bom, esquecendo-se da excelência de seu sabor?",Abámo mba'e-katu 'uagûera n'oîkuabi xûé sé katûagûera resé o esaraîamo?,,
"Atravessam suas mãos, assim como seus pés, sobre a cruz pregando meu Senhor","Îaîpó-asá-sá i py resebé, krusá sosé nhẽ xe Îara moîá",,
Quantas vezes o homem transgride aquele (mandamento) após atrair-se por uma mulher?,Mbobype abá aîpoba'e oîaby kunhã resé o nhemomotar'iré?,,
Vai-te daqui já!,Ekûá ké suí ra'a!,,
Ele não foi mesquinho antes de tua vinda aqui diante de mim,Na sa'ubi iké xe robaké nde rur'e'ymebé,,
"Não acabam os desejos sensuais, a lascívia, as maledicências","N'opabi moropotara, tesãînana, marã'é",,
"Que sejais futuramente os que terão a verdadeira felicidade na nossa terra desejada, no céu","Ta peîkó irã mba'ekatueté rerekoaramo îandé retãpotasápe, ybakype",,
Caiu-me uma tormenta,O'ar yaíba ixébo,,
doador de nossa vida,îandé rekobé me'engara,,
Dar de beber aos sedentos,Useîbora mbo'y'u,,
Nós somos muitos,Oré retá,,
Qual outro é conhecedor senão ele?,Ma'e-kugûapara aé-amẽ ahẽ?,,
"Vinde, para vos voltar para Deus, levando-o convosco em vossos corações","Peîori, pebaka Tupã koty, pe py'a pupé serupa",,
Eu tenho bafo fedorento,Xe ybĩî-rem,,
Eu tenho impigem,Xe titing,,
Os homens batizados honram este dia,Apŷá-serokypyra kó 'ara oîmoeté,,
Não querendo transgredir a boa lei,Tekó-katu aby potare'yma,,
Que venhas para levar-me para o alto,T'ereîu ybaté xe rerasóbo,,
Eu me escafedo ao ir,Xe rembykãî gûixóbo,,
Bem no teu coração disseste isso?,Nde py'ape-katupe aîpó eré?,,
Preparando-se para a futura ressurreição do senhor Jesus,Pa'i Îesus rekobeîebyragûama resé onhemosako'îabo,,
Pedindo para nos ajudarem (etim - pela nossa futura ajuda),Îandé pytybõagûama resé oîerurébo,,
"Tataurana, traze aqui tua muçurana!","Tataûrana, eru ké nde musurana!",,
Ali assando-os e comendo-os,"A'epe i moîypa, i gûabo",,
Não o deixes afastar daqui minha morada,Eseîyî-ukar umẽ iké suí xe retama,,
Infamam-me pelas costas,Xe kupébo xe mombe'u,,
"Passaste as mãos nalguma virilha de mulher, estando enternecido?","Erepo'ẽpe kunhã rapopé amõ pupé, nde akyramo?",,
"Fi-lo aos trancos, fi-lo confusamente",Aîapixosok,,
"Ao passar a quarta-feira de cinzas sagradas começa o grande jejum, chamado Quaresma","Quarta-feira tanimbukaraíba rasápe, îekuakupabusu Quaresma 'îaba nheypyrungi",,
Mãe de Deus muito bela,Tupã sy-porangeté,,
"E ao partir muitas vezes o padre a hóstia em pedaços, em cada pedaço Nosso Senhor Jesus Cristo está?",A'epe abaré hóstia pese'õ-etá-etáreme i pese'õmbûera îabi'õ Îandé Îara Îesu Cristo rekóû?,,
"Grita tu, lamenta-te!","- Nde rasẽ, eîeapirõ!",,
Tu tens namorada?,Nde kunhã'ype?,,
dia muito bom,arangaturam-eté,,
"Tu te preocupaste com que teu filho, os que estão em tua casa, teus vizinhos ouvissem a missa desde o começo dela?","Erenhemosaînanype nde ra'yra, nde roka pora nde rambyagûá missa iî ypyrungápe sendubagûama ri?",,
"Depois disso, finalmente, volta-se em direção a eles, falando muito terrivelmente",A'e roîré ko'yté i koty obaka onhe'eng-abaetéramo,,
Não me dá vontade de comer,Na xe îuruéî,,
"Neste vale, lugar de choro",Ikó ybytygûaîa îasegûaba pupé,,
"São João criancinha, ao estar no ventre, ficou saltando","São João pitangĩ, tygépe o endápe opor-oporĩ",,
"Ergueu-se com as feridas de suas mãos, de seus pés, de seu flanco?","O pó, o py, o yké kutukagûera bépe erimba'e ogûeropu'am?",,
"Tu, no paraíso para sempre estás","Endé, Tupã rorypápe aûîeramanhẽ ereîkó",,
Não desiste nosso inimigo de sempre nos tentar,N'i apori oré sumarã îepinhẽ oré ra'anga,,
Com sabão esfreguei-o,Itayîuîa pupé aîkytyk,,
dois ladrões,mokõî mondabora,,
Quem são os que rogam por nós a Deus?,Abá-abápe asé resé Tupã mongetasaramo sekóû?,,
Estiraram-no sobre a cruz,Oîpysó ybyraîoasaba 'arybo,,
Esfreguei-o com cera,Aîkytyk iraîty pupé,,
animal quadrúpede que não se come,so'o-aíba,,
Ainda que somente uma migalha dele a gente come,I kurubipûera anhõte îepé asé o'u,,
Eu sou comilão,Xe karu,,
Compadece-te de nós,Oré raûsubá îepé,,
Deixou de estar sua divindade em seu cadáver?,Oîkó-po'ipe i tupã se'õmbûera pupé?,,
"Não era Pedro, mas, sim, seu irmão","Na Pero ruã, tybyra a'e",,
"Os anos passaram muitas vezes, causa de atraso da ida do homem para o céu?","Okûabetápe erimba'e seîxu, ybakype abá só moabaîpaba?",,
"Despiram-no, amarrando-lhe as mãos numa coluna de pedra, fazendo-o estar de pé","Oîaobok, itá okytá resé i popûá i mo'ama",,
"Comeu aquele fruto, causa de morte?","O'u nhẽpe a'e 'ybá, tegûama?",,
Faço lisonjas ao homem,Anhemokunu'unu'uma'ub abá resé,,
"ao longo do dia, todo o dia",ara pukuî,,
Ele é o anjo que encomenda o enforcamento,"Karaibebé a'e, moroîubyka puaîtara",,
"Que sejamos corajosos, sim, suportando as coisas dolorosas","T'oré pyatã, angá, mba'e-asy porarábo",,
"Muito devagar ele o mata (lit, não se mostra ele finalmente matando-o)",Nd'e'i ymûanĩ ahẽ i îukábo,,
palmito de juçara,îeîsaru'ã,,
Digo mal dele,Aîmombe'uaíb,,
Faço-me matar,Aîeîuká-ukar,,
barrancos,yby'ã-by'ama,,
Eu tenho muito pitiú,Xe pyti'ugûasu,,
Puxa-o rijamente!,Esekyî-atã!,,
"Confesso a ti, senhor padre","Anhemombe'u ndebe, pa'i abaré",,
"Cortei o pé dela (isto é, da parreira, da mandioca, etc)",Aî'ybab,,
comida dos anjos,apŷabebé remi'u,,
Lacei a perna dele,Aîpukuîurar,,
"filho em gestação, feto",memby-kyra,,
Eu tenho diarréia,Xe rygeaíb,,
para fazer passar a hóstia em nossa boca,hóstia mongûapagûama resé asé îuru resé,,
Senhor Jesus,Pa'i Îesu,,
Não dando para seu dono a coisa sumida que ele achou,Mba'e-kanhema o basemagûera i îara supé i me'enge'yma,,
Bem logo nos livremos,Taûîé-te t'îanhembo'i,,
Ficará injuriando seu marido por ele assim proceder?,Oîa'o-îa'ope o mena emonã sekó reséne?,,
Picar-me-ia o marigui,- Xe su'umo marigûi,,
"Após lançar fora de seu meio os vícios, o homem não os faz voltar consigo para seu meio, dispersando-os","O koty suí mba'epoxy reîtyk'iré, abá nd'ogûeroîebyri o kotype, i mosãîa",,
Tocam na cabeça da gente,Opokok asé akanga resé,,
"Piscaste para alguma, também?",Eresapumimype amõ supéno?,,
"Por sua maldade, todos os homems destrói","O ekopoxy resé, opabĩ abá mondyki",,
Pode o padrinho casar-se com aquele que batiza?,E'ikatupe morerokarûera omendá o emierokûera resé?,,
"Tu, em teus braços ergueste Jesus","Endé, nde îybápe Îesu eresupi",,
Soltei as algemas dele,Aîpopûasá-rab,,
Não dormi absolutamente para procurá-los,N'aker-angáî sekasápe,,
Faço-a chocar os ovos,Aîmoîoupi'aerub,,
Em que lado porá os que são bons?,Marangotype i angaturamba'e nongine?,,
Cortei um pedaço,Asykûera aîasy'ab,,
Eu fui mentiroso dizendo isso,Xe remo'em aîpó gûi'îabo,,
As doenças da alma do homem com ela saram bem,Abá 'anga mara'ara i pupé opûeîrá-katu,,
"Em vão eles se esquivam, querendo fazer passar as flechas","E'i tenhẽ onhemoîtỹamo, u'uba mongûá-potá",,
A que nos faz viver na virtude,Tekokatu resé îandé moingoara,,
"Eia, roga por nossa virtude!",Katunhẽ eîerurébo oré katûagûama ri,,
"Eu tenho o andar escarrapachado (isto é, abro muito as pernas ao andar)",Xe atá-îaî,,
Uma criancinha és (ou na condição de uma criancinha estás),Pitangĩnamo ereîkó…,,
De meu pesado sono despertando-me,Xe keranama mombaka,,
os parentes de minha mulher,xe ra'ysé,,
Em terra ele se transformará,Ybyramo i nhemonhangyne,,
Ajuntai-vos todos com eles!,Penheŷnhang pabẽ sesé!,,
"É bonita esta igreja, contendo muitos enfeites!","I porang kó tupãoka, îegûakabetá rerupa!",,
"Eu sou o que é antigo, o de tempos atrás",Erimba'endûarûera ixé,,
"Fazemos oferendas às sepulturas, pondo algumas coisas (nelas)",Îatyby-poî ma'e amõ nonga,,
Pélo a testa a mim mesma,Aîobabo'o,,
Confortando-se tão somente na virtude,Tekokatu resé nhõngatu o apysykamo,,
Tu és sempre nosso remédio,Nde îepi oré posanga,,
Eu sou um aleijado,Xe ate'ẽ,,
Irritam completamente as pessoas,Oporoîrarõ mbá,,
"Tua alma entregando para o diabo, ele se compraz muito","Nde 'anga me'enga anhanga pé, oangabó-katu",,
Debalde vou,Aûîebé-te asó,,
"Mataram, na verdade, a outra pessoa que não aquele assassino",Ahẽ morapitîarûera taté nhẽ anhẽ ybŷá oîuká,,
Eu estaria bem arrumado se o levasse,A'emopeé ixé serasó-a'ubi é,,
Escondendo ser parente legítimo dela,O mũetéramo sekó kuakupa,,
"Olha, arrasamos todos os tupinambás que estavam no Paraguaçu","Ma'ẽne, tupinambá Paragûasupendarûera opakatu îamombá",,
"Vinde, levai os malditos","Peîori, perasó muru",,
Foi meu pai também,Osó xe ruba béno,,
Querendo fazer passar as flechas,U'uba mongûá-potá,,
Deito-me,Aîepysó,,
Ainda bem que todos vós queimareis à uma,Iîamuru opabenhẽ pekaî oîepegûarane,,
morcegão voador,andyragûasu-bebé,,
O período anterior ao dia dele é dia em que se jejua,I 'ara renondesaba 'ara îekuakupaba,,
Toleraste o desejo sensual em direção a ti?,Eresepîakĩpe îopotara nde kotype?,,
Pelei-lhe a testa,Asobabo'o,,
Ele secou,Typab,,
ribanceira da terra,yby-esapykanga,,
Dei-o de graça,Aîme'eng tenhẽ,,
Coloquei colar nele,Aîpo'y-rung,,
Coloquei-me colar,Aîepo'y-rung,,
Eu sou redondo,Xe amandab,,
Dia de guarda e de jejum,"Ara i pîasaba, îekuakupaba",,
Fazendo-nos ir para o céu,Ybakype îandé sorama monhanga,,
Quê? Que é? (respondendo ao que chamou),Mba'e-pipó?,,
Quantas vezes te confessaste ou comungaste?,Mobype erenhemombe'u koîpó eretupãar?,,
"Eu sou um mísero índio, de fato",Xe abá-aibĩ anhẽ,,
Vou para resgatar os índios,Asó apŷaba porepŷana,,
"Vieram para consolá-lo, confortando-o","Our i moapysyka, i motagaypa",,
Eu soluço,Xe îeîok,,
"Teus pecados estando a aumentar, com efeito",Nde rekomemûã rumõ-rumõmo nhẽ,,
Eu tenho cachaço grande,Xe aŷpygûasu,,
"Tenhamos, de fato, as coisas boas, apartando-as do que é mau",Îarekó é rakó mba'e-katu i poxyba'e suí i mouruébo,,
Vais em busca de meu pai?,Xe ruba supépe eresó?,,
Desvirginaste alguma menina?,Ereîmombukype kunhataĩ amõ?,,
teia de aranha,nhandu'i-kesaba,,
Fiquei falando em favor dele,Asepy-sepyk,,
É muito má a vontade destas vossas presas,I angaîpab-eté kó pe rembiá potasaba,,
Preparai-vos!,Peîemosako'i!,,
Quantas vezes a lua desapareceu ou o caju madurou?,Mbobype îasy kanhemi koîpó akaîu 'aîubamo?,,
Dei uma cambalhota,Anheatĩapyr,,
"Não te convém o riso, não te fica bem o riso",Na nde arõî nde puká,,
Fico fazendo mimos,Anhemopoîá-poîaî,,
"Vela bem por mim, fazendo que não me derrubem","Ema'enãngatu xe ri, xe mbo'are'ymuká",,
"Mostra-se fixo, está fixo, apresenta-se fixo",Ten e'i,,
Hei de levar todos para meu fogo,T'arasó pá xe ratápe,,
"Apanhei-as (pex, frutas num pano)",Aîapûapyk,,
"Eu tenho casca (isto é, de ferida prestes a sarar) estalada",Xe pé-pok,,
"Vieste para te confessar, ó meu filhinho?","Enhemombegûabo ereîur, xe ra'yrĩ gûé?",,
Segura-o por enquanto,Eîpysyk ranhẽ,,
"Veio há pouco por tua causa, adiantando-se aos temiminós","Oú ramõ nde resé, temiminõ rokesyma",,
"Que entres em meu coração, guardando meu interior","Xe nhy'ãme t'ereîké, xe py'a moingatûabo",,
Não por minha causa sua morte ocorrerá,Na xe resé ruã i îukasaba 'arine,,
"Por esta aldeia luzir, eu estou junto de vós","Kó taba renyreme, pe pyri nhẽ xe rekóû",,
estátua,abá ra'angaba,,
Paguei-o,Asepyme'eng,,
"Ao comer junto dos seus discípulos, o pão que tomou em suas mãos devolveu-o como seu corpo","Gûemimbo'e pyri o karûápe, miapé o pópe gûemiîara i moîebyû gûetéramo",,
Mudei minhas palavras,Asekoabok xe nhe'enga,,
Eu sou mau de costume,Xe memûã îá,,
grande folha caída,sobûerusu,,
"O que leva aquele que recebe o óleo santo em sua testa (isto é, seu padrinho de crisma) não pode casar-se com ele",O sybápe îandy-karaíba rasara rerasoara nd'e'ikatuî sesé omendá,,
Queres que eu te unte com óleo bento?,Ereîpotápe îandy-karaíba pupé ixé nde pixyba?,,
seu senhor,i îara,,
ferimentos mútuos,îoapixaba,,
castrado,sapi'a'ỹî'okypyra,,
"Lourenço tostado atou minhas mãos, queimando-me, oprimindo-me","Rorẽ-ka'ẽ xe popûá, xe rapŷabo, xe apypyka",,
"Imediatamente, água e seu sangue dele vazaram, escorrendo","Aûnhenhẽ 'y sugûy abé i xuí i 'emi, osyryka",,
o que é cabeçudo (como o virote),i akangagûaba'e,,
"Ah, se eu tivesse ido para o céu!",Asó me'ĩmo ybakype mã!,,
Eis que não obedeço a meu pai verdadeiro,N'asapîari kó xe rubeté,,
O que supõe saber as coisas,I mba'e-kuá-mo'anga'uba'e,,
var de chapéu,akangaó-îepepira,,
Não omiti nada,N'aîkuakubi mba'e,,
"Por causa da estrela sua guardiã, como indicadora do caminho para eles",Îasytatá serekoarama resé pé 'îaramo i xupé,,
sangradouro de rio,y-mombukaba,,
Não fui de modo algum,N'asó-angáî,,
Que fez Deus outrora com nosso pai primeiro por causa de seu proceder assim?,Marãpe erimba'e Tupã îandé rubypy rerekóû emonã sekoagûera ri?,,
Eu não tenho resistência,Na xe rosangi,,
"É formosa, certamente, a lua, vindo com sua grande face","Î aysó, nipó, îasy, og obagûasu reru",,
"Haveis de bem recobrar o fôlego no futuro, após vos cansardes",Ta pe putu'ẽngatuté irã pe îemokane'õ ré,,
"Se meter a mão neste nosso fogo é terrível, quanto mais ali","Ikó îandé ratá pupé asé po'ema biã iî abaeté, memetaé a'epe",,
"Transgridem, certamente, algumas vezes, somente",Oîaby ipó amõme é,,
"mingau grosso, massa (que se punha sobre queijo, manjar branco, etc)",apytaîyka,,
Trazei também o tacape!,Ingapema bé peru!,,
Mostrai bem o que é essa Santíssima Trindade,Peîmoîekuakatu aîpó Santíssima Trindade rekó,,
o que se defronta com a morte,Tegûama porarasara,,
Digo isso com razão,Supi aîpó a'é,,
"Este mundo é a terra prometida dos animais quadrúpedes, dos peixes e dos pássaros","So'o, pirá, gûyrá retãme'engaba é ikó 'ara",,
Capim às pressas colocando,Kapi'ĩ anhẽ rerupa,,
Por acaso arrancaram sua roupa?,Oîaobok serã gûá?,,
Eu estava ainda cansado,Xe pûeraî mbyté,,
"Portanto, corrige-te logo, antes que a morte te surpreenda","Emonãnamo enhenonhen esapy'a, te'õ nde resapy'a e'ymebé",,
"Procedo bem, tendo a intenção de ir para o céu",Aîkó-katu t'asóne ybakype ûi'îabo,,
Os guardadores de cabra querem visitar seu Senhor, Sygûasumé rerekoara oîosu-potá o îara,,
"Ficando a esperar ansiosamente a morte (Ar, Cat, 158v) Korikorinhẽa'ub 'ara repîaki, i moanhẽmo - Deseja logo ver o dia, ficando ansioso por ele",Te'õ moanhẽ-anhẽmo,,
homem muito entendido,abá-tekokugûá-katu,,
"Depois disso, o cauim transbordante nas igaçabas atrai-os","Ygasápe kaûĩ-tuîa, a'e ré, îamomotá",,
Por que o coloca nos nossos pés?,Mba'erama resépe i nongi asé pype?,,
"Eis que também minhas presas hei de dar algumas para ti, para que quebres suas cabeças","Kobé xe rembiaretá t'ame'ẽne amõ endébo, i akanga t'ereîoká",,
"Sobre grelhas de moquear, de ferro, assaram-no",Moka'ẽ itá îurá 'arybo sesyri,,
enxada de ferro,itá-syra,,
Que será que a gente detestará?,Mba'epe asé ogûeroŷrõ ra'ene?,,
Eh! Onde ele está?,Tó! Mamõpe ahẽ rekóû?,,
Crês que o pajé ruim é o que tem o dom dos prodígios?,Ererobîápe paîé-aíba mosangyîaramo sekó?,,
"Hei de ir junto de ti, hoje, para comer aqueles reis","T'asó nde pyri, kori, aîpó tubixaba gûabo",,
Observei-o,Asepîakatu,,
"Como um pobre, tomou a casa dos animais de criação como sua pousada",Mba'eîare'yma îabé so'o mimbaba roka ogûâr og upabamo,,
Untei as penas nele,Asá-mongy,,
"Taquari e Tapera, que está diante dela, acreditam em mim","Takûary, sobaîygûara, Tapera, xe rerobîá",,
"Mostra-se com firmeza, está fixo",Ten e'i,,
Tu tiveste palavras muito resmungonas?,Nde nhe'ẽ-kuru-kurukype?,,
Que não deixem de crer em mim,Ta xe rerobîapo'ir umẽ,,
Havemos de nos ajudar um ao outro para criarmos nossos filhos,T'oroîopytybõne oré poromonhangagûera mongakuapa,,
Contar aos homens a futura felicidade deles,Abá supé sekokatusagûama mombe'u,,
Os que não são escondidos perdoa bem a eles,I kuakubypyre'yma i nhyrõngatu i xupé,,
"Está molestando as pessoas, ficando a confundir as aldeias",Oporomoaîu oîkóbo taba moapaîugûá-îugûabo,,
"Imaginai, ó meus filhinhos, imaginai que estais deitados em vossa morte","Peîmo'ang ra'u xe ra'yrĩ gûé, peîmo'ang pe re'õ pupé pe ruba",,
Tirei faísca dele,Aîmoendyîab,,
"Dormes, Guaixará?","Ereképe, Gûaîxará?",,
Fazendo-os levantar imediatamente,I mopu'ama kûeîeténe,,
"Se o sol faz as pessoas terem muita sede, tanto mais estando no fogo as pessoas desejam beber","Kûarasy abiã oporomo'y'useî-eté, memetaé tatápe oína abá o'useî-etéramo",,
Meu quinhão és tu!,Xe potaba nde!,,
Chego-me ao fogo,Arobyk tatá,,
Que estejam os chefes e os moçacaras junto a mim,"Morubixá, mosakara, t'e'i ixébo!",,
Tragamo-lo!,T'iru! ou Iru!,,
Eu também danço com meus parentes,Xe abé xe anametá aroporaseî,,
Movi-o,Aîmomỹî,,
Peço a Deus por minha virtude,Aîeruré Tupã supé xe angaturãgûama resé,,
quando ele diz algo acerca do bem proceder de nossa alma,asé 'anga tekokaturama resé marã i 'ereme,,
"São maus estes teus servos, não me tratam bem","I angaîpá kó nde boîá, na xe rerekó-katuî",,
No ventre de uma moça gerando-se como uma criança,Kunhãmuku rygépe pitangamo onhemonhanga,,
"Muito bem, eis que aqui estou, trazendo para ti estes siris","Auîebeté kó aîkó, ndébo ko siri reru",,
Nado,A'ytab,,
Eu sou covarde,Xe abang,,
Foram de novo alguns soldados para quebrar as pernas daqueles dois ladrões,Osó bé amõ maranaritekoara a'e mokõî mondá retymã mopena,,
"Com cravos espetando suas mãos, pregando-as","Itapygûá pupé i pó kutuka, i moîá",,
Encalhei a canoa,Aîmoîar ygara,,
Onde deixou os outros?,Umãmepe amoaé reîari?,,
Roí-o,Aîakarãî,,
"Eu estou cansado, eu estou com sono!","Xe pûeraî, xe ropesyî!",,
Nem por isso se importa com o resgate de seus antigos pecados,Ndaeroîaî o ekoangaîpagûera repyme'engagûama resé o putupabamo,,
Tiveste relações com uma virgem também?,Ereîkópe kûare'ymano resé?,,
É um modo de assustar o diabo,Anhanga mosykyîaba,,
Sobram-te galinhas e porcos,"Nde resemõ arinhama, taîasu",,
Não o teríamos trazido a ti se ele não tivesse pecado,N'orogûeruri xûémo ndebe i angaîpabe'ỹmemo,,
Eu sou aleijado,Xe apar,,
O jejum difere de não comer carne,Îekuakuba oîkoé so'o gûabe'yma suí,,
Ai! Por acaso é o Lourenço tostado?,Kaî! Rorẽ-ka'ẽ-piã?,,
Lançaste algum menino sobre ti por desejo sensual?,Ereîtykype kunumĩ amõ nde 'arybo moropotara suí?,,
Ocupa-me tu,Xe pûaî îepé,,
a que mata seu marido,o mena îukasara,,
Eu sou grosseirão,Xe aíbusu,,
Uniu-se a nós,Îandé ri oîese'a,,
Que tenhais medo disso,Ta pesykyîé ianga suí,,
Tu tens polução?,Nde purepukype?,,
"Roga a Deus por nós, os que somos pecadores",Etupãmongetá oré i angaîpaba'e resé,,
Como Deus fará com os que os cumprem?,Marãpe Tupã i moposara rerekóûne?,,
Assim dizem sempre,Nã e'i memẽ îepi,,
"Ataquemo-los, prendamo-los antes que se consolem","Îasepenhan, îaîpysyk i apysyk' e'ymebé",,
Afirmamos que isso é o que deve ser festejado,Îaîmombe'u aîpó i momorangymbyra,,
Vamos ver se vem!,Tera'umo ou!,,
Basta! Não me despertes!,Aûîé! Teumẽ xe mombaka!,,
"Vêm em vão para me afastar os ditos ""padres""","Oú tenhẽ xe pe'abo ""abaré"" 'îaba",,
Por quantas coisas a gente pede?,Mboby mba'e resépe asé îeruréû?,,
Que habitante do mundo há como tu?,Abápe 'ara pora oîkó nde îabé?,,
Então também as almas de todos os que morreram virão quando forem chamadas,A'ereme bé opá omanõba'epûera 'angûera ruri o enõîndápe,,
Com água nos molham a cabeça,Y pupé asé 'apiramõû,,
Cortei-lhe o prepúcio,Aî'amopikytĩ,,
"É aparência, somente, este mundo falso",A'uba nhote ikó 'ara'uba,,
Nem sequer um só homem pode livrar-se da morte,Oîepé tiruã abá nd'e'ikatuî oîepysyrõmo te'õ suí,,
Percebendo que a morte sucederia a si,O îoesé te'õ 'aragûama andupa,,
Meu senhor vos mata,Pe îuká xe îara,,
Imitaste os homens maus?,Eresa'angype abá-memûã?,,
"Importuna-me bem, irritando-me muitíssimo, aquela lei nova","Xe moaîu-marangatu, xe moŷrõetekatûabo, aîpó tekó-pysasu",,
Esse é o que eu flechei?,Akó xe remiybõmbûera?,,
Onde ele mora?,Umãmepe sekóû?,,
curral dos porcos,taîasu rokaîa,,
"Eu estava-me, mesmo, esquecendo e não querendo omiti-lo","Xe resaraî é gûitekóbo, n'aseîá-potá ruã!",,
lembrando nós,îandé ma'enduaramo,,
Bebendo cauim só o suficiente,Oîakatu nhote okagûabo-eté,,
"raiz fedorenta, SAPOREMA, doença que ataca as plantas",sapó-rema,,
"Hei de frequentar Ibioca, revirarei também Itaoca e, enfim, Jupaoguaó","Ybyoka asapekóne, Itaoka abé aîpobu, rumby, Îupaogûaóne",,
Reprimir o desejo de coisas más,Mba'e-aí-potara renonhena,,
coisa mirrada ou muito seca,tining-atã,,
"Ele estava nu, cobrindo-o sua própria mãe com seu véu","I katupenhẽ, i xy aé ipó opîá o akangaobĩ pupé",,
filhote de cão,îagûara'yra,,
Muito bem! Que venha!,Aûîebeté! T'oú!,,
Arranca de minha casa a poeira dos pés,Eîpy-tybyrok xe roka,,
Não sei se morrerei nesta noite que surgirá,N'aîkuabi ikó pytuna o'aba'erama pupé xe re'õnama,,
"Fugiram dele, deixando-o","Oîabab i xuí, seîá",,
Os homens reconheceram-no como Deus verdadeiro?,Abá Tupãetéramo sekokuabi?,,
Ele sempre vai,Memẽ nhẽ i xóû îepi,,
Tinjo as pernas,Aîpitupuku,,
Vem para derrotar meus inimigos,Eîori xe sumarã reîtyka,,
Ele tomou os traços dos olhos de seu pai,Og uba resá ahẽ ogûar,,
Pelo chão também escorreu seu sangue?,Yby rupi bépe sugûy syryki?,,
muito longe,apûé-katu,,
Muitíssimas coisas más eles acharão,Mba'e-memûãngatupabẽ resé i îekosubyne,,
Dificultando a primeira menstruação,Nhemondîara mo'ybatatãmo,,
Qual é a causa da sujeira de nossa alma?,Mba'epe asé 'anga ky'asabamo?,,
Bem feito que adoeceu!,Iîá omba'easyramo!,,
"estrutura de cume, cumieira",apyrytá,,
Filhos de quem eram esses?!,Abá ra'yrape ûĩ?!,,
Que habitante do mundo há como tu?,Abápe 'ara pora oîkó nde îabé?,,
Mas são eles os que mandam fazer cauim,A'e-te kaûĩ pûaîtara,,
Enfim de volta!,Irõ bé!,,
Esse homem e sua esposa gastaram todas as suas riquezas,Kó abá semirekó abé opá o mba'e mombabi,,
Estou,Aîmẽ,,
Para bem pagarmos nós a transgressão da palavra de Deus,Tupã nhe'engabŷagûera îandé i moepykatûagûama resé,,
Trouxe todos (ou Trouxe tudo),Aru-pab,,
Vamos ao seu caminho,T'îasó sapépe,,
Mas não iríamos para o céu se ele não morresse?,Nd'îasóî xûé-tepemo ybakype se'õe'ỹmemo?,,
Como sem ti,Amba'e-'u nde suí,,
Não havia nenhuma pessoa que se compadecesse dele?,Nd'oîkóîpe abá amõ i poreaûsuberekosaramo?,,
"Ah, oxalá esconda eu as boas coisas dele",Anhomim temõ i mba'e-katu mã!,,
As criancinhas também têm somente o pecado de nosso pai primeiro,Pitangĩ abé îandé rubypy angaîpaba nhõ ogûerekó,,
Eu tenho fôlego comprido,Xe pytu-muku,,
Com algum neto seu não pode ninguém se casar,O emiarirõ amõ resé nd'e'ikatuî abá omendá,,
Eu sou amarelo,I îub - Ele é amarelo Xe îub,,
Que ele fique dentro de vós como fica com seu estado de feto no ventre de sua mãe,"O sy rygépe o pitanga reropytá îabé, t'opytá pe pupé",,
"Era bela, outrora, Miaí, minha antiga região","I porang, erimba'e, Mia'y, xe retãmbûera",,
Oxalá não fosse eu,Na xe ruã-eté ikó mã,,
"Outrora, passando por cima dela, eu fui causa de te fazer agir","Akûeîme, i apyrasapa, xe nde moingosaba é",,
"Em tuas mãos sentando-se, vai o menino, consolando-te","Nde pópe ogûapyka, osó kunumĩ nde moapysyka",,
"Verdadeira estância de Deus, filha de Deus","Tupã rendabeté, Tupã raîyra",,
Fazendo nosso pai primeiro casar com nossa mãe primeira,Îandé rubypy momendá îandé sy-ypy resé,,
És um nenenzinho,Pitangĩnamo ereîkó,,
Caí doente,Xe mba'easy-'ar,,
Cobrindo-o com seu véu,Opîá o akangaobĩ pupé,,
Eu estou úmido,Xe ryby'y,,
Feriste alguém também?,Ereî'apixabype amõno?,,
Em seu ventre Deus tomou seu próprio corpo,Sygépe o eterama Tupã tari ,,
Desencontramo-nos,Oroîopynekûab,,
"Ah, beliscar-me-á hoje!","Xe pixã korine, mã!",,
Nem me cruzei as palmas das mãos,N'aîasabi pó-pytera,,
Eu estou ricamente vestido de roupas,Xe aó-mondé-matueté,,
Confessa bem a nós que és o filho de Deus,Eîmombe'u-katu Tupã ra'yramo nde rekó orébe,,
"Verdadeiramente, eis aqui teu caminho, o que tu procuras","Anheté, kó nde rapé, a'e nde remiekara",,
"De costume, eu não ando a estas horas",Sekoabanhẽ nãnyme xe gûatae'ym,,
Mas eis que minha alma não está aflita,Xe 'anga-t'iã n'i marani,,
Para onde a multidão numerosíssima levou Nosso Senhor da casa de Caifás após o amanhecer?,Mamõpe erimba'e te'yî-katupabẽ Îandé Îara rerasóû Kaiphás roka suí ko'em'iré?,,
o que é temido,iî abaeteba'e,,
Como disse Nosso Senhor para o que esbofeteou seu rosto?,Marã e'ipe Îandé Îara og obá petekarûera supé?,,
Eu manquejo,Xe parĩ,,
Não estou acostumado,N'abîari,,
"Para uma grande escuridão, na verdade, iriam",Pytunusupe émo i xóûmo,,
Fiz todos os jejuns,Aîá pá îekuakuba,,
"Esse somente é, de fato, teu nome?",Aîpó nhõ-pipó nde rera?,,
Então já estava São João Batista no ventre de sua mãe,A'ereme oín uman São João Batista o sy rygépe,,
"Ah, mas como me importuna o fedor dele!",Xe moaîu-te i nema mã!,,
Acendemos o fogo,Tatá îaîmondyk,,
Eu sou mestre,Morombo'esara ixé,,
Queres comer farinha puba?,Ereî'useîpe u'i-puba?,,
"Mas quem, outrora, como vossas coisas os índios deu?","Abá-tepe, erimba'e, pe mba'erama resé apŷaba me'enga'ubi?",,
Ameaçaste alguém?,Ereîmomburupe amõ?,,
Ficando a aumentar teu temor também,Nde nheangûaba bé irumõ-rumõmo,,
vida eterna,tekobé-apyrasye'yma,,
Eu sou novo,Xe pysasu,,
Ele conosco caminharia,A'emo îandé resé i atarimo,,
"Se alguém escondesse os atos passados uma só vez, Deus não perdoaria","Oîkuakumo amõ abá tekopûera oîepé'ĩ nhõmo, Tupana n'i nhyrõî xómo",,
"É, totalmente, uma comida de morte",Te'õ remi'u pabẽ,,
Meu senhor!,Xe 'a!,,
A mãe de Deus está sabendo todas as coisas,Tupã sy opabenhẽ mba'e oîkuab oîkóbo,,
"Elas, certamente, são más","A'e, rakó, i angaîpá",,
Eu tenho usagre,Xe 'apiraíb,,
Encolho-me,Aîeapûapyk,,
Arruinei a todos,Aîmomoxy pabenhẽ,,
vencedora,moroîtykara,,
Haveria de morrer certamente a criança de mim após eu querer comer caça,Omanõ îepémo pitanga xe suí ixé so'o 'useî tenhẽ roîrémo re'ĩ,,
Bocejei,Aîeîurupirar,,
Ouvindo missa nos dias que devem ser honrados,Ara i momba'etepyra pupé missa rendupa,,
Onde (está) Tatapitera? Onde (está) Caumondá?,Umãpe Tatapytera? Umãpe Ka'umondá?,,
"Parti dele, para que não vos corte em pedaços!","Pepo'i i xuí, aîpó n'opoasyk-asykabi",,
"daí, desse lugar (em que estás)",eboûĩ suí,,
"Por que a gente em sua boca a assinala também (isto é, a cruz)?",Marãnamope asé o îurupe sa'angino?,,
"Talvez seja o anjo, guardião verdadeiro desta aldeia","-Karaibebé serã, kó taba rarõaneté",,
"Arruinei a todos, fazendo-os roubar também","Aîmomoxy pabenhẽ, i momondarõmo bé",,
Eu estou amontoado,Xe rapûá,,
Levo-o junto de mim,Arasó xe apyri,,
"Fico à espera dele, fico no caminho dele",Aîpiarõ,,
"Pensai que, algum dia, a morte virá mesmo para bater em vossas portas, surpreendendo-vos",Penheangerekó amõ 'ara pupé te'õ pe rokena motaka turagûama resé é pe pokosupa,,
Eu tenho o interior das pálpebras trêmulo,Xe ropé-py-sysyî,,
um pouco mais para cá,kybõ-ngoty-pyryb,,
Que aumenteis o amor a Deus neste mundo,Ikó 'ara pupé Tupã raûsubagûera ta pemoîoapyr,,
"Por amar muito vossas almas, como seus discípulos vos tomaram","Pe 'anga raûsukatûápe, o boîáramo pe rari",,
"Revelou-se a eles somente, alegrando-os",Oîepîakukar i xupé nhõ i moesãîa,,
Hoje mesmo hei de te fazer ir,Kori é t'oromondóne,,
Santa Maria é o seu nome,"""Santa Maria"" sera",,
"Como os soldados que o agarravam trataram-no, então?",Marãpe gûarinĩetá i pysykara serekóû a'ereme?,,
Este é o máximo,Kó-tene i îaeté,,
Fiquei-o esfregando com gordura,Aîkyty-kytyk mba'e-kagûera pupé,,
Trouxeste teu fumo?,Ererupe nde petyma?,,
"pele esfolada, fora da carne",pirûera,,
"Ao lado uns dos outros seus cadáveres estavam, ao longo do mar",O îoybyri se'õmbûera paranã ybyri i kûáî,,
Segundo a vontade de Deus,Tupã remimotara rupi,,
"O laço está quedo O pássaro é que vai dentro dele, caindo","Îusana oĩ nhote Gûyrá aé osó i pupé, o'á",,
licor de mangaba,mangaby,,
Ele passou diante de Ilhéus,Nhoesembé robabo i kûáî,,
Mataram erradamente a fulano em lugar do assassino,Ahẽ morapitîarûera tatenhẽ anhẽ ybŷá oîuká,,
Todos os meus pêlos se arrepiaram,Opá xe raba bybyri,,
Não se cansam de rezar a Deus,N'oîeruré-pytubari Tupã supé,,
"São João criancinha, estando no ventre, ao perceber tua vinda, ficou saltando","São João pitangĩ, tygépe o endápe, nde rura andupápe, o por-oporĩ",,
Cumpri minha palavra,Aîmopor xe nhe'enga,,
Não me desterres tu,Xe pe'a umẽ îepé,,
Todos os habitantes da terra destruiu com um dilúvio,Opab erimba'e yby pora 'yporu pupé i mokanhemi,,
Eu sou risonho,Xe pukasûer,,
"Eu tinha o pescoço caído (isto é, por um desmaio Também se diz do figo derrubado, por estar muito maduro)",Xe aîurar,,
Aguço a ponta dela,Asapûá-mobyr,,
Sejamos bons para aqueles homens,T'i marangatu apó abá pé,,
Confiamos em ti,Oroîerobîá nde ri,,
"Vem, ó meu senhorzinho, para que esteja muito feliz minha alma por causa do teu nascimento","Eîori, xe îarĩ gûé, ta sorybeté xe 'anga nde 'aragûera resé",,
as moças habitantes das aldeias,kunhãmuku taba pora,,
"Reproduzi-me, procriei",Aîeapyká,,
Lançaste algum menino que estava aconchegado a ti sobre ti por desejo sensual?,Ereîtykype kunumĩ amõ nde abiîxûara nde 'arybo moropotara suí?,,
Esbofeteei a nuca dele,Aîatuá-petek,,
Nós somos numerosos,Oré re'yî,,
"Eu sou aquele em quem se deve acreditar, o que tem nome Guaixará","Ixé serobîarypyra, Gûaîxará seryba'e",,
Faço agouros para ele,Asaybõ,,
Eu fiz confusão,Xe apererá,,
Mais que a roupa batida é a brancura de sua alma,Akó aoba i putukapyra sosé o 'anga tinga,,
gordura de vaca,tapi'i-kaba,,
"Eu não estou forte (isto é, estou debilitado pela doença, pela fome, etc)",Na xe pyatãî,,
Ele está boquiaberto,I îurupukĩ ahẽ oîkóbo,,
Amarra tua rede ao lado de mim,Eîotĩ nde kesaba xe porupi,,
Não! Meu quinhão és tu!,Aã! Xe potaba nde!,,
Uma púrpura colocando nele,Amõ aopyranga mondepa sesé,,
Fiz-lhe dentes,Asãîngá,,
Queres sair em vão de debaixo de nossas mãos,Eresẽ-potá tenhẽ oré pó gûyra suí,,
"Levou sua mãe e seus discípulos sobre o cume do monte chamado ""das Oliveiras""",Ybytyra Olivete seryba'e apyra 'arybo o sy o boîá rerasóû,,
Tinjo-lhe os pés (com urucu),Aîpy-gûang,,
"Perdoar-lhe-ia Nosso Senhor se ele lhe dissesse ""-perdoa tu a mim""?","I nhyrõ nhẽpemo Îandé Îara i xupé ""nde nhyrõ ixébe"" o îoupé i 'erememo?",,
A senhora desta aldeia compadece-se grandemente das pessoas,Kó tabyîara ndaeté i poraûsubari,,
Fi-la engravidar,Aîmomburu'a,,
"Os que estão em Maratauá acreditam em minhas palavras, entregando suas almas em minhas mãos","Marataûãme tekoara ogûerobîá xe nhe'enga, xe pópe o 'anga me'enga",,
Apartaste alguma mulher de seu marido?,Ereîmombo'irype kunhã amõ i mena suí?,,
"o fujão, o que tem costume de fugir",kanhembora,,
"peso de orelha, orelheira",nambi-paîa,,
Eu sou torto do olho,Xe resab,,
levantadoras de mentiras,mo'ema mopu'ambara,,
"Ele, com seu trabalho, ajudou-o",A'e o porabykysaba pupé oîpytybõ,,
"Mal a gente diz algo, já se irrita",Îeperibe'ĩ asé marã i 'éû onhemoŷrõ ymûan,,
"Caem às vezes os frutos de suas árvores, sendo ainda flores, outras vezes caem em seu estado verde","Okuî rakó amũme 'ybarambûera o 'yba suí 'ybotyramo oîkóbo bé, amõ rakó ogûakyra pupé i kuî",,
"Como vês, eu sou muito forte, um diabo que domina as guerras","Irõ, xe ratãngatu, anhanga maranyîara",,
o que tem sede de justiça,tekokatu 'useîtara,,
tamanduá topetudo,tamandûá-atyrabebó,,
"lugar em que o sol se põe, poente, oeste",kûarasy reîkeaba,,
"Querendo tua virtude, detesto minha cultura antiga","Nde rekokatu potá, aroŷrõ xe rekopûera",,
Não há absolutamente servos meus,N'i tyb-angáî xe boîá,,
Mudei-a,Aseyî,,
Seguindo o rastro das mulheres,Kunhã rakypûemondóbo,,
"Dizendo maldades à toa para alguém, dando-lhe má fama","Abá supé marã o'îabo tenhẽ, i moerapûana",,
Por longo espaço de tempo ele se deteve,Ymûanĩ ahẽ rekóû,,
Virá novamente Jesus Cristo do céu?,Our-y bépe irã Jesus Cristo ybaka suíne?,,
Eu sou um homem soberbo,Abá-porerobîare'yma ixé,,
Entreouvi tuas palavras,Asendubaíb nde nhe'enga,,
"É mole, está sob as mãos do diabo","I membek, Anhanga pó gûyrybo nhẽ sekóû",,
Vem para ver tua futura terra,Îandé repîaka our! - Veio para nos ver! Eîori nde retamûama repîaka,,
"Eu, o diabão assado","Xe, anhangusu-mixyra",,
Essa é uma cidade?,Tabusupe ûĩ?,,
Que se alegrem nossos filhos!,Ta sory îandé ra'yra !,,
"produtivo, de bom rendimento",ybykûab,,
Surpreendi os pecadores,Angaîpaba aîpokosu,,
"Havemos de chegar ao céu, ao lugar em que tu te revelas",T'orobasẽne ybakype nde îepîakukasápe,,
Estais na condição de fetos de vosso senhor,Peín pe îara momburu'abamo nhẽ,,
minha barba branca,xe rendybaá-tinga,,
"Vituperaste pelas costas a teu pai, a teu mestre?","Ereîkupeanga'ope nde ruba, nde mbo'esara?",,
Queimou tua alma o fogo dele,Nde 'anga osapy satá,,
Eu estou esquelético,Xe kangûer,,
Quando virá?,Moîrãpe turine?,,
"Resististe a teu marido quando quis chegar-se a ti, estando deitada longe dele?",Ereîmomaranype nde mena nde reroby-potareme i amongoty eîupa?,,
Bem feito para o maldito! Seus fígados hão de ser minha porção,Iîá muru! I py'apûera xe potabamo t'oîkó,,
Aí são muitas as mulheres que se estão oferecendo para Deus,A'epe se'yî kunhã Tupã supé onheme'engyba'e oîkóbo,,
Vou por minha vontade,Xe remimotarybo asó,,
Eu tenho inclinação a me irritar,Xe nhemoŷrõndûer,,
Bem nesse momento perdoou a Pilatos,A'eîbé Pilatos supé oîerekûabamo,,
Mas esconde-me tu dele!,Xe mĩ-te îepé i xuí!,,
Ficam invocando a morte,Osekyî-sekyî te'õ,,
Não trouxe nenhum parati,Nd'aruri amõ parati,,
"Eu tenho os buracos das orelhas perdidos (isto é, não ouço nada)",Xe apysakûá-kanhem,,
"E os rapazes que perseguem mulheres, fugindo sempre?","A'epe kunumĩgûasu kunhã oîmomosemba'e, onhegûasema memẽ?",,
Rocei,Aka'anupã,,
"Ah, eu fui muito pecador!",Xe angaîpabeté'i ra'u mã!,,
Embrulhei-o,Aîapugûar,,
em sua terra,setãme,,
E este?,A'e-p'ikó?,,
Que recrudesça minha antiga maldade!,T'oîepun xe marandûera!,,
"Igualmente, após dá-lo à luz, estando virgem","A'erame'ĩ i mbo'ar'iré, omarane'ymamo",,
Apanho caranguejos,Ausá-'ok,,
Faço que não o vejo,N'asepîake'ym-a'ubi,,
Tu te importas com teu filho?,Nde putupápe nde ra'yra resé?,,
Temos nossas coisas comuns,Îarekó îandé îomba'e,,
mulher viúva,kunhã-mene'õ,,
Eu hei de ser bom,Xe katupe ká,,
O marido dela não temeu comê-lo,I mena nd'o'u-poûsubi,,
Certamente vemos sempre as marcas de seus pés,Anhẽ serã îasepîak îepi i py-pora,,
Benze a gente sua comida?,Osobasápe asé o emi'urama?,,
Moro de parede-meia,Apyri aîkó,,
banco redondo,apykabapu'a,,
Nossos cadáveres levantar-se-ão todos?,Asé re'õmbûera pu'am-pabine?,,
os dons do Espírito Santo,Espírito Santo remime'enga,,
"Após arrependerem-se de seu procedimento, os índios vão confessar-se","O ekó moasy riré, abá sóû îemombegûabo",,
Mata (ou matam),Oîuká,,
as crianças que completam dois anos,pitanga mokõî ro'y omoaûîeba'e,,
Bordei-o,Asemberung,,
Parece flutuar,Obebuî-berame'ĩ,,
Fiz confusão,Arekorekó,,
"Obedecei ao padre, vosso mestre","Pesapîá abaré, pe mbo'esara",,
"É ele o que dá o bem desses, com certeza",A'e aé koba'e katu me'engara re'a,,
Qual é o nome do chefe dos anjos que confiam em Deus?,Marãpe karaibebé Tupã resé îerobîasara rubixaba rera?,,
minhas palavras engasgadas,xe nhe'ẽ-pa'ama,,
Ele me deixou sem palavras,Xe nhe'ẽmbyk ahẽ,,
Fá-los-ei voar comigo,Arobebéne,,
"Não me chames pelo nome diante dele, senão me mata!","Xe renõî umẽ îepé i xupé, na xe îukáî!",,
Chegou a nós sua luz para sempre,Osyk oré ri sendy îepinhẽ,,
nó da garganta,aseó-kytã,,
Sigo-lhe o rastro,Asakypûembour,,
"Invocaste o Anhanga, o Taguaíba, o Curupira, o Jurupari ou a morte para alguém?","Eresykyîpe Anhanga, Tagûaíba, Kurupira, Îurupari koîpó te'õ abá supé?",,
Empanturrei as pessoas,Aporomoebykatã,,
Numa certa noite,Putuna amõ resé,,
nossas coisas mútuas,oré îomba'e,,
O que pede ao pajé por trabalhos,Marãtekorama resé paîé mongetasara,,
Confundindo as aldeias desde a Galiléia,Taba moapaîugûá-îugûábo Galilea suí-katu,,
"Eis que a todos nós vence, como também já venceu os antepassados",Opá ã îandé moaûîéû tamyîpagûama moaûîé ymã îabé bé,,
Que vá Guaixará para o fogo!,Gûaîxará t'osó tatápe!,,
o que retribui verdadeiramente o amor de Deus a si,Tupã o aûsuba poepykareté,,
Por isso mesmo os escravos festejam este dia,Nd'e'i te'e miasûbetá ikó 'ara momoranga,,
"Caem algumas vezes os frutos de suas árvores, sendo ainda flores, outras vezes em seu estado verde, outras vezes caem após seu amadurecimento","Okuî rakó amũme 'ybarambûera o 'yba suí 'ybotyramo oîkóbo bé, amõ rakó ogûakyra pupé i kuî, amõ rakó ogûaîub'iré i kuî",,
Terá a mulher ciúmes de seu marido?,Sygûyrõpe kunhã o mena reséne?,,
Desarmaste as armadilhas de teu próximo?,Ereîmopyĩpe nde rapixara mundé?,,
Tu és guardião de mim,Nde morerekoar xe ri,,
Eia de novo!,Ne'ĩ bé!,,
o que está tingido de jenipapo,i îanypapyxunyba'e,,
"o que rompe o sangue de uma moça, o que a desvirgina",kunhataĩ rugûy kasara,,
"O sol brilha, certamente, após passar a grande noite","Kûarasy, nipó, oberá, putunusu kûab'iré",,
Esbofeteaste as têmporas de alguém?,Ereî'atypetekype amõ abá?,,
canoa de junco,piripiri-ygara,,
"Não é minha escrava, mas, sim, minha esposa","Na xe remiaûsuba ruã, xe remirekó a'e",,
Antigamente esses habitantes da aldeia sob minhas mãos estavam,Akûeîme kó tabygûara xe pó gûyrybo sekóû,,
quarto traseiro que se parte de um animal ou de uma pessoa,ugûera,,
guardião dos tapuias,tapuîa rarõsara,,
"São muitas, com efeito, as grandes igaçabas",Setá nhẽ ygasabusu,,
Contigo sempre estou,Nde resé memẽ oroîkó,,
saída de gente,morosema,,
o que manda matá-lo,i îuká-ukasara,,
"Eu tenho bom abrigo, eu estou bem abrigado","Xe 'ang - Eu tenho abrigo, eu estou abrigado Xe 'ãngatu",,
"peixão, peixe grande",piragûasu,,
Contigo sempre estamos,Nde resé memẽ oroîkó ,,
Por longo tempo ele se deteve,Ymûanĩ ahẽ rekóû,,
Aguço-a,Asapûapin,,
Abraçando a cintura de teu companheiro,Nde rapixara ku'a îubana,,
"o que é circuncidado, o que tem o prepúcio cortado",i 'amopikytĩpyra,,
A que coisa chamamos graça?,Mba'e supépe asé graça i 'éû?,,
"detrás da casa, atrás da casa",ó-kupépe,,
"Vem, coisa fedorenta, coisa nojenta, borá!","Eîori, mba'enem, mba'e-poxy, mborá!",,
Come moderadamente,Nde îanhõte mba'e e'u,,
Castrei-os,Asapi'anupã,,
Acudi-o,Asopenhan,,
Mas minha sujeira era muita,Xe ky'a-te turusu,,
"Ah, quem me dera o tivesse matado!",Aîukámo mã!,,
Apressei-me muito,Anhemoaîu-katu,,
Vê bem a tua frente para que não te percas no caminho do céu,Esepîá-katu nde renonderama ybaka pîarype nde ropare'ymamo,,
Não querendo conversar com ele,I mongetá-potare'yma,,
Tu mesmo assim procedeste,Nde aé ipó emonã ereîkó,,
Eu sou arisco,Xe resaeté,,
"Tu voltas o rosto para trás, olhando com a ponta dos olhos, sorrindo, espreguiçando-te","Nde atybak, nde resá-popybo ema'ẽmo, epukamirĩamo, eîepokábo tenhẽ",,
Nós somos gêmeos,Oré kõî,,
Ela tem pecados variadíssimos,I angaîpá-pará-pará,,
Seus fígados hão de ser minha porção,I py'apûera xe potabamo t'oîkó,,
"Assim tratado, certamente fica bem, satisfazendo-se com o que o distingue","Emonã serekopyra, rakó opytá-katu, o apysykamo o moingoeara ri",,
"É formosa, certamente, a lua, vindo com sua grande face","I aysó, nipó, îasy, og obagûasu reru",,
Que quebres suas cabeças,I akanga t'ereîoká,,
Flechou-me em lugar vital,Xe aépe xe ybõû,,
enquanto eu o faço,ixé i monhanga pukuî,,
Durmo com roupa,Aroker aoba,,
Enxuguei-o,Aîmokang,,
Os pecadores que não se confessam bem,I angaîpaba'e onhemombe'ukatue'ymba'e,,
Não queiras nem um pouquinho que eu vá para o fogo,Eîpotá-mirĩ umẽ tatápe xe soaûama,,
Fiz que não o conhecia,N'aîkugûabe'ym-a'ubi,,
Receando por suas almas,O 'anga resé oîeangûabo,,
"Quer ter relações sexuais com ela, como de costume",Oîkó-potá sesé îandu,,
Eu estou caindo de sono,Xe kerapará-parar,,
Faze-me tu valente para que eu me oponha ao maldito,"Xe mopyatã îepé, t'apu'am muru resé",,
"Com um neto ou uma neta, com algum descendente não pode ninguém se casar",O emiminõ koîpó o emiarirõ amõ îeapyká resé nd'e'ikatuî abá omendá,,
Fiz fogueira,Aîatapygûasu,,
"O cão é ávido (isto é, bom de caça, quer tudo apanhar)",I mba'epotar îagûara,,
"Não perdoam, não são afáveis","N'i nhyrõî, n'i îerekûabi",,
Eu estou liso,Xe sym,,
Chefe dos que ficaram no céu,Ybakype opytaba'epûera rubixaba,,
Santa Maria é o nome dela,Santa Maria sera,,
canto dela,sendybangã,,
"na ponta, no punho da rede",apy anhãî,,
argola de ferro,itá-apynha,,
colher de madeira (com que as índias mexiam suas bebidas e mingaus),ybyrá pesẽ,,
Depressa haja minha comida!,Keremẽ xe remi'u rekoaba!,,
Eu sou hábil,Xe pokarugûar,,
"A lua foi comida (isto é, a lua eclipsou-se)",Îasy mba'e i 'upyra,,
Embelezou-te grandemente,Ndaeté nde momorangi,,
"Um rapaz, não chegando aos catorze anos, não pode casar-se com ninguém","Kunumĩgûasu catorze ro'y resé i xyke'yma, nd'e'ikatuî abá resé omendá",,
"Como a gente faz à tarde, antes de dormir?","Marãpe asé rekóû karukeme, o ker-y îanondé?",,
Eu estou corcunda,Xe aŷpyasur,,
Fazendo desaparecer nossa morte,Îandé re'õ mokanhema,,
var de peneira,urupemusu,,
"Eva, nossa mãe primeira, atraiu-se muito pelo belo fruto","Eva, îandé sy-ypy, onhemomotar-eté 'ybá-poranga resé",,
Caí,Agûyapy,,
"E a mim é que faz vir hoje para vos empurrar, enxotando-vos desta sua terra","Xe-te xe mboú kori pe moanhana, pe mondóbo ikó setama suí",,
Não me desterres tu,Xe pe'a umẽ îepé,,
Façamo-lo cair conosco no fogo para fazê-lo queimar conosco,Îaro'a tatá pupé serokaîa,,
"Mal a gente diz algo, já se irrita","Îeperibe'ĩ asé marã i 'éû, onhemoŷrõ ymûan",,
Lanço [à água] a canoa,Aîtyk ygara,,
"Embora seja vinho, tão logo pronuncie o padre as palavras de Nosso Senhor Jesus Cristo, é seu sangue, na verdade","Kaûĩ biãaûîé, Îandé Îara Îesu Cristo nhe'engûera abaré sa'angireme, sugûyramo nhẽ sekóû",,
Por ser coisa que deve ser dividida, Mba'eramo i moîa'okypyra rekóreme,,
Nem por isso vou para longe,Naroîaî mamõ xe sóû,,
aquele em quem se deve acreditar,serobîarypyra,,
Por que razão eu o levaria?,Marãmope xe serasóû?,,
"Comemoramos este dia, lembrando-nos do tempo em que nô-la fizeram alcançar",Sesé îandé moîekosupagûera resé îandé ma'enduaramo kó 'ara îaîmoeté,,
"Antes dessas mortes, um certo homem muito mau, chamado Anti-Cristo, virá, exaltando-se",Aîpó te'õ îanondé irã amõ abá-angaîpabeté Anti-Cristo seryba'e ruri onhemoetébo,,
"Oh, oxalá viesse!","Té, temõ oú mã!",,
Por que ele vive tendo coisas boas mais que eu?,Marãmo ahẽ rekóû o mba'ekaturamo xe suí?,,
Ouve,Esendu,,
menor ainda que eu,xe gûyri bé,,
Por isso mesmo os moços entram sempre no lugar de beber cauim,Nd'e'i te'e kunumĩgûasu oîkébo memẽ kagûápe,,
Receio levá-lo,Arasó-poûsub,,
"Curou-o, somente tocando sua orelha, imediatamente fazendo-a sarar, grudando-a","Oîposanong, i nambi atõîa nhote, aûnhenhẽ i monga'ẽmo, i moîepotá",,
Fizeram feridas por seu corpo todo?,Seté îakatupe ybŷá i moperé-perebi?,,
"Não vitupereis as pessoas, ó meus filhos, para que tenhais seus bens","Pe poroanga'o umẽ, xe ra'yr-y gûé, ta perekó i mba'e",,
Eu enviuvei,Xe remirekoe'õ,,
"abaixo de mim, mais pequeno que eu",xe gûyri,,
Tu te enfureceste por causa de alguém?,Nde marãmotarype abá resé?,,
"Vomitaste cauim, brigando por causa dele?","Ereîmoîebype kaûĩ, sesé nde apore'ymamo?",,
Escapuli das mãos dele,Aîpomogûab,,
Eis que a cada Páscoa um prisioneiro fazeis-me libertar sempre,Aretegûasu îabi'õ ã mundepora moîepé peîmosemukar ixébe îepi,,
Ele se lembra,I ma'enduar,,
Ali ficai enquanto eu não vos informar acerca de vossa futura volta,Ebapó ta peîkó pe îebyragûama resé ixé nde momorandube'yma pukuî,,
"Que eu não adoeça, comendo-o",Ta xe maran umẽ i gûabo,,
Dentro dessa igreja Maria cresceu,Kó tupãoka pupé Maria kakuabi,,
socador de pilão,ungûá-obaîara,,
"Eles, na verdade, em três pessoas se distinguem, na união de seu único ser divino","A'e anhẽ mosapyr pessoaamo i îa'oki, oîepé og ekó-karaíba îese'ara pupé nhẽ",,
Por que não te escondes?,Marãpe nd'erenhemimi?,,
A mim certamente é que vós procurais,Xe ipó xe rekar peîepé,,
Rapamos nesta medida,Nãmo oroapin,,
Após tocar em seu segundo cônjuge,I mendá-mokõîa resé i byk'iré,,
É o suficiente?,Aûîé ruãpe?,,
Tomara não seja eu o que jazerá primeiro,N'aîkóî ipó irã tuîba'eramo ranhẽne re'a,,
"Antigamente estava aflito, praticando meus vícios","Akûeîme aîkotebẽ, xe rekopoxy purûabo",,
"Tende-o por vontade, tende-o para matá-lo","Perekó potasábo é, perekó i îukábo",,
dois homens,mokõî apŷaba,,
"Não existem mais as suas antigas terras Todas, desde então, não contêm muita coisa",N'i tybangáî setãmbûera Opá akûeîme n'i poretáî,,
Hoje eu deveria ir,Kori temone asómo,,
"pena de tucano para dança (isto é, pena que os índios levavam comumente quando dançavam",tukana tá-poraseîa,,
"Não que alguém se compadecerá deles, não que alguém vá libertá-los","Na abá o aûsubar-y îanondé ruã, na abá o pysyrõ îanondé ruãne",,
homem soberbo,abá-poroîukaíba,,
Tu mesmo dizes isso,Endé é aîpó eré,,
"Aquele pão o padre o partiu, certamente",A'e miapepûera abaré oîmbo'i re'a,,
Esse fez aquele céu que vemos,Kó a'e ybaka îandé remiepîakûama oîmonhang,,
a alma depois que sai do corpo,angûera,,
"Daqui vou para longe, outras aldeias frequentando","Kûé suí asó mamõ, amõ taba rapekóbo",,
São numerosos os que não são conhecidos,Se'yî i kuabypyre'yma,,
"Por isso mesmo as malditas correm, insultando-se muito umas às outras",Nd'e'i te'e moxy onhana oîoa'o-marangatûabo,,
forquilha de madeira,ybyrá kamby,,
Alegrando todas as velhas,Gûaîbĩ moesãîa mbá,,
"Para cima suas pernas mandou pregar e, para baixo, sua cabeça","Ybaté koty ogûetymã moîarukari,'yba koty o akanga",,
"E mentindo aquele que invoca sua própria alma, a alma de alguém ou também algum santo que está no céu, que acontece?","O'anga koîpó abá 'anga koîpó santo amõ ybakype tekoara renõîndara abé o îuraragûaîamo nhẽ, marãpe?",,
o tradutor do padre,abaré nhe'engerekoara,,
Eu sou todo manchado,Xe pinĩ-pinim,,
Mas sua vida é muito má,Sekó-te i poxyeté,,
Eu tenho as cavidades dos olhos encovadas,Xe resakûá-rorẽ,,
Fiz que não o vi,N'asendube'ym-a'ubi - Fiz que não o ouvi N'asepîake'ym-a'ubi,,
Minha coragem ainda existe,Oîkó bé xe taŷaíba,,
muito maior,turusu-katu-eté,,
Está pronto o guaitacá?,Sekoaûîépe gûaîtaká?,,
"Ele, de costume, agiria de outra maneira (isto é, se ele agiu assim é porque deves ter feito alguma coisa)",Marandé ipó ahẽ rekóû nhandu,,
"Sofreu, suportando o fogo","Sosang, tatá porarábo",,
Já transborda o cauim,Tynysẽ umã kaûĩ,,
Envergonhaste à toa tua esposa?,Ereîmomara'a tenhẽpe nde remirekó?,,
"A terra ferve, ficando a estremecer","Yby obu-obur, otumu-tumunga",,
Batendo numa mulher grávida,Kunhã muru'abora resé opûá,,
E os rapazes que perseguem mulheres?,A'epe kunumĩgûasu kunhã oîmomosemba'e?,,
"Vem para prová-los, pois",Eîori sa'anga rõ,,
milho de que se faz pão,abati-tinga,,
Não quero que os índios deixem isso,N'aîpotari abá seîara,,
"Dardejaste palavras em teu pai, respondendo ele agressivamente?","Erenhe'eng-ybõpe nde ruba, i îuruobaîtĩamo?",,
Deus o tomou,Tupã tari,,
Ela teve penca uma vez,Oîepé i pem,,
"""ajuntamento de ostras"", nome de um lugar",Rerityba,,
Derrubei-o,Aîaparaîtyk,,
Eu me escafedo ao ir,- Xe rembyrĩ gûixóbo,,
certo homem branco nobre,amõ karaíba mosakara,,
Posso vê-lo,A'ekatu sepîaka,,
Não conheço esse homem,N'aîkuabi a'e abá,,
costas corcovadas,kupé-asura,,
Guarda-te de me estranhares,Teumẽ xe mote'ebo,,
"Tu não sossegas, não sabendo as ações dos inimigos","Na nde apysyki, tobaîara rekorama kuabe'yma",,
prender escravos,tapuîa rara,,
Creio na vida que não acabará,Arobîar tekobé opaba'erame'yma,,
"Cantemos um pouquinho, primeiro, para festejarmos bem o dia",T'îanhe'engá-mirĩ ranhẽ 'ara momorãngatûabo,,
Medi a profundidade dele,Atypy-a'ang,,
Sou leve,Abebuîkatu,,
"Após passar o seu parto, Santa Maria levou seu filho Jesus para o templo","O membyraragûera kûab'iré, Santa Maria o membyra Îesus rerasóû Tupãokype",,
"Entrando nos seus antigos corpos, fazendo-os levantar imediatamente","Ogûetepûera pupé oîkŷabo, i mopu'ama kûeîeténe",,
"a saída do sol, o nascer do sol",kûarasy sembaba,,
Lanço palavras contra ele,Aîtyk nhe'enga sesé,,
Não trouxe nem mesmo um só,Oîepé tiruã nd'aruri,,
"Mandando-o ir, sem problemas, não ages como o que estima teu imperador César",I mondóbo nhẽ nd'ereîkóî César nde rubixaba raûsuparamo,,
esteira da canoa,ygara rakypûera,,
Que ajudemos um ao outro para criarmos nossos filhos,T'oroîopytybõne oré poromonhangagûera mongakuapa,,
O que fica escarnecendo das pessoas,Oporokurá-kuraba'e,,
Eu sou mais que tu,Nde sosé ixé,,
Pesquei peixes,Asekyî pirá,,
"Conhecendo esses teus pecados, sinto que tu queres ir para o fogo do diabo","Iang nde angaîpaba kuapa, anhandub Anhanga ratápe nde só potara",,
Soltei as peias dos pés dele,Aîpukusamb-ok,,
"o pai de meus filhos (isto é, meu marido legítimo)",xe membyra ruba,,
"Fui ao encontro do meio das águas (isto é, para o alto-mar)",Y pytera asopenhan,,
Ao estar o sol no meio do mundo,Kûarasy 'ara pyterype seneme,,
Passamos uns atrás dos outros,Orokûakeó,,
"Verdadeiramente, eis aqui teu caminho, aquele que tu procuras",Anheté kó nde rapé a'e nde remiekara,,
o que minh'alma busca,xe 'anga remiekara,,
Eu sou molengão,Xe rekoporeaûsub,,
"Retribuí o que ele escreveu (isto é, escrevi-lhe como ele fez a mim)",Aîpoepyk semikûatiara,,
"Eles mentem, um de cara para o outro","Semo'ẽ, oîobaúpa",,
"Eu sou uma jibóia, eu sou um socó, eu sou o grande tamoio Aimbirê","Xe îyboîa, xe sokó, xe tamuîusu Aîmbiré",,
"flor de planta, flor (em geral)",ybotyra,,
"Sumiu a canoa de mim (isto é, de minha vista)",Okanhem ygara xe suí,,
Dei-lhe porradas na cabeça,Aîaparupã,,
Para nos ensinar a orar a Deus,Tupã mongetá resé îandé mbo'ebo nhẽ,,
"outro dia, já não agora",karamosé é,,
"Sequei muito, sequei duramente",Atining-atã,,
1) quê? que dizes? (como o que não entendeu bem o que outrem disse ou respondendo ao que chamou),marã-pipó?,,
"Atacamo-los, prendemo-los, antes que se consolem","Îasepenhan, îaîpysyk, i apysyk' e'ymebé",,
Fazemos passar as flechas dos malditos,Îamongûá moxy ru'uba,,
"Que se alegrem, descansando","Ta soryb, oputugûabo",,
"Não era Deus Espírito Santo, mas um sinal da sua vinda","-Tupã Espírito Santo anhẽ a'e tatá? -Nda Tupã Espírito Santo ruã, tura îekuapaba é - Deus Espírito Santo era, na verdade, aquele fogo?",,
A fala de fulano repreendeu-me,Xe momotîasó ahẽ nhe'enga,,
Rapo-lhe a cabeça,Aî'apin,,
imagem de Deus,Tupã ra'angaba,,
Toco-a,Aîopy,,
Este caminho também é penoso,Ikó pé bé iî abaí,,
Furo-lhe a pele,Aîpi-kutuk,,
Matemos meu marido,T'îaîuká xe mena,,
"Dou passos largos, dou grandes passos",Xe rapupa'ũusu,,
"tempo, lugar, modo, etc de aparar, de rapar, etc",pindaba,,
Oprime-nos o coração,Oré py'a-pyk,,
Tu te alegras quando um homem apalpa teus seios?,Nde rorype nde kama abá sungáreme?,,
Olhando para o órgão sexual da mulher ou do homem,Kunhã koîpó abá remimborará resé oma'ẽmo,,
Eu tenho puxos,Xe rygeasypu'ãpu'am,,
Essas serão teu futuro assado,Aîpó nde remixyrama,,
Que ele deseje muito a lei de Deus,T'oî'useî-katu Tupã rekó,,
não há de ser (futuro),aani-xûé ipóne,,
"Tremo, ambas as minhas coxas adormeceram","Aryryî, opá xe uba îesyî",,
"Coisa muito boa é uma grande bebedeira, ficar vomitando cauim","Mba'eeté ka'ugûasu, kaûĩ moîeby-îebyra",,
Eu estou roxo furta-cor,Xe roby-kanugûá,,
Seu senhorzinho reconhecendo imediatamente,O îarĩ kuapa aunhenhẽ,,
Que se guarde fulano de falar,Te'itenhẽumẽ ahẽ onhe'enga,,
Está impedido também o homem de casar com os que sua irmã gera,Sarûab-y bé o endyra remimonhanga resé abá mendara,,
"Eles, na verdade, em três pessoas se distinguem, na união de seu único ser divino","A'e anhẽ mosapyr pessoaamo i îa'oki, oîepé og ekó-karaíba îese'ara pupé nhẽ",,
"Ah, quem me dera uma mulher viesse para o meu lado!",Our temõ kunhã xe posé mã!,,
"Há um padrinho meu, velho pervertedor dos tupis","Oîkobé xe rubangaba, tupi moangaîpaparûera",,
A boa crença em Deus de teu coração não se desprendeu,Tupã rerobîá-katu nde py'a suí nd'o'iri,,
Evocando a morte de meu Senhor,xe îara re'õ renõîa,,
O diabo me importuna,Anhanga xe moaîu,,
Preferiam outrora as pessoas que as matassem?,Oîpotarĩ-p'amẽ abá erimba'e o îuká?,,
Não! Irritei-me,Aani! Aîemoŷrõ,,
Vou para fazer resgates,Asó gûiporepŷana,,
"Nós assomamos em grande número, nós éramos muitos",Oré akoroí,,
"Fica muito feliz, de fato, o homem que se defronta com a morte, encontrando o que cura",Sorybeté rakó abá tegûama porarasara moroposanongara supé ogûasema,,
Eu fui bom antes de ir para o céu,Xe angaturam ybakype xe só îanondé,,
Flechou-o em lugar não mortal (ou não perigoso),Iî ara'ape inhybõû,,
São muitos os peixes que são gostosos?,Setápe pirá seba'e?,,
Vinha com púrpura e espinhos,Aopyranga îu abé ogûerur,,
"Desanima, sem mais, de suas diversões também",Omanõaibí o nhemosaraîtápe bé,,
Amarrei-lhe os calcanhares,Aîpytá-pûar,,
Diante de duas pessoas,Mokõî abá robaké,,
"Após não realizar nosso pai primeiro o que Deus havia dito, a morte surgiu nele e em nós também","Tupã 'îaba îandé rubypy i mopore'ym'iré, te'õ 'ari sesé îandé resé béno",,
"muito longe, fora ou ao revés do que é",aroane'ỹngatu,,
"Por quê vocês, maíras e perós, quer dizer, franceses e portugueses, vêm de tão longe procurar madeira para se aquecerem?","""Que veut dire que vous autres Mairs et Peros, c'est à dire François et Portugais, veniez de si loin querir du bois pour vous chauffer?""",,
"Ah, quem me dera não ter transgredido outrora tuas palavras!",N'aîabŷî xûé temõ erimba'e nde nhe'enga mã!,,
Cingi-o,Aîku'aman,,
"Como modo de honrar sua vinda, comemoramos este dia",Turagûera moetesabamo kó 'ara îamoeté,,
Ficaste quebrando a cabeça de teu filho antes de o abortar?,Ereîakangá-ngápe nde membyra i akyrar-y îanondé?,,
"Ao comer junto dos seus discípulos, o pão devolveu como seu corpo (Ar, Cat, 5) Kapi'ĩ sosé kó tuî, tapi'irusu karûápe - Eis que sobre o capim ele está deitado, no lugar em que a vaca come","Gûemimbo'e pyri o karûápe, miapé moîebyû gûetéramo",,
"Portanto, não morri com um pecado sequer!","Irõ, oîepé tiruã pecado n'aromanõî!",,
Lamentando terem nascido de suas mães,O sy suí o 'aragûera moasŷabo,,
"Tu foste gabola, lembrando-te de coisas más?",-Nde nhe'engapaparaípe mba'epoxy resé nde ma'enduaramo?,,
"Oh, muito bem!","Té, aûîé nipó!",,
"Se o que tem relações sexuais com uma solteira ou por ela se atrai transgride muito a palavra de Deus, tanto mais o que perverte uma casada ou o que se atrai por ela","Mene'yma resé oîkoba'e abiã koîpó sesé onhemomotaryba'e oîaby-eté Tupã nhe'enga, memetipó mendara momoxysara koîpó sesé nhemomotasara",,
Queres que ele te coma?,Ereîpotápe nde 'u?,,
Isso o Senhor Deus não quer,Ianga Pa'i Tupã n'oîpotari,,
"Meus dentes tiritam (isto é, batem com o frio) Xe rembé-tatak - Meu beiço tirita",Xe rãîtatak,,
Lourenço tostado atou minhas mãos,Rorẽ-ka'ẽ xe popûá,,
tuas palavras,nde nhe'enga,,
inimiga do diabo,Anhanga sumarã,,
Que não tenha medo de anunciar a Jesus Cristo,T'osykyîé umẽ Îesu Cristo mombegûabo,,
O próprio padre responsável por eles que o julgue,Abaré serekoara aé t'osekokuab,,
Nosso Senhor constituiu-me guardião da aldeia,Taba raroanamo nhẽ Îandé Îara xe moingóû,,
Não querendo proceder segundo a vontade de sua própria carne,Og o'o remimotara rupi oîkó-potare'yma,,
Acaso trouxeste muitas coisas?,Ereruretá serã?,,
Vou em busca de água,Y piaramo asó,,
Ficaria aumentando meus miseráveis pecados vivendo nesta terra,Aîrumõ-rumõmo xe rekoangaîpagûera'uba ikó yby pupé gûitekóbomo,,
É no final da missa que entras sempre?,Missa mondykápe épe ereîké îepi?,,
"Para ele trouxeram, como oferendas, ouro, resina dura que recende (isto é, incenso) e mirra","I xupé ogûeru îetanongabamo itaîuba, ysykatã syapûãba'e, mirra",,
"Vereis também, futuramente, minha vinda sobre as nuvens",Pesepîak irã ybytinga 'arybo xe rura béne,,
diminuto como isto,nãîbe'ĩnhot'a'ub,,
"barco de navio, barco salva-vidas",ygá-membyra,,
"Vendo-o, somente, é como pão",Sepîaka nhõ miapé berame'ĩ,,
Afligiu-o muito,Oîmomboreaûsu-katu,,
"Mataram seus corpos, mas suas almas foram-se para encontrar a vida que não acabará","Seté îukáû, i 'anga-te oîeoî tekobé opaba'erame'yma ri oîekosupa",,
Mordo-lhe a cabeça,Aî'a-su'u,,
"De diante deles ele foi, aos poucos, subindo",Sobaké suí mbegûé-mbegûé i xóû oîeupi,,
Está diante de mim,E'am xe reseî,,
Por que a gente reconhece o dia dos santos?,Marãnamope asé santos 'ara kuabi?,,
Pus espertadura nela,Aî'atype'apá-moín,,
bom trabalhador,morabuká-katu,,
casca de coco,inaîagûasu apepûera,,
Não conheço esse homem,N'aîkuabi a'e abá,,
Que perguntem ao padre ao se confessarem,T'oporandu abaré supé o nhemombegûápe,,
Eis que ele sempre vai,Osó memẽ n'akó îepi,,
"Excitaste-o, querendo expelir teu sêmen?",Ereîkapyrokype nde ra'y-pupuka potá?,,
"Antes que ela saiba, vamos para levar os malditos","I kuab'e'ymebé, îasó muru rerasóbo",,
sendo coisa antiga,o mba'epûeramo,,
Matei já os tupis,Aîuká umûã tupi,,
Eu sou leproso,Xe piryty,,
Repartimo-nos,Oronhemoîa'ok,,
Bem que disse isso,Îepé aîpó a'é,,
homem ignorante,abá-tekokuabe'yma,,
"Amo-a, por ela tendo cuidado","Asaûsu, sesé gûinhemoryryîa",,
A seus olhos eu hei de estar,Sesápe xe rekóû re'ĩ,,
Urdiste mentiras contra alguém?,Eresekyîpe îuraragûaîa abá supé?,,
Eu mesmo fiz assim,Ixé aé emonã aîkó,,
tendo o dom da vossa vida,pe rekobé me'engaba rerekóbo,,
"Urdiste mentiras contra alguém, envergonhando-o, fazendo-o ser tratado como mentiroso?",Eresekyîpe îuraragûaîa abá supé i motĩamo nhe'engabamo serekó-uká?,,
Cumpriste as palavras do governante da aldeia?,Ereîporakápe taba rerekoara nhe'enga?,,
"Todo seu sangue deu, morrendo","Opá og ugûy me'engi, omanomõ",,
"Cuidado, cuidado, menino, para que não te castigue o homem branco","Taté, taté, kunumĩ, na nde nupãî karaíba",,
Antigamente pescava bem os peixes,Akûeîme rakó pirá asekyî-marangatu,,
Também por embriaguez ficando a ferirem-se uns aos outros,Sabeypora suí bé oîoapixá-pixapa,,
Acenaste com a mão para alguma mulher?,Ereîepoeîtykype kunhã amõ supé?,,
"Somente o domingo que está no meio dela (isto é, da Quaresma)",Domingo anhõ i pytera rupi okûaba'e,,
Logo depois que morrerem irão para o céu os que foram assim desse jeito?,O manõ riremẽ serã emonã nungara sóû ybakypene?,,
Afilei-o bem fininho,Aîmopoîĩ,,
Eu estou bento,I mongaraibypyra ixé,,
"Vou à guerra, vou como guerreiro",Asó gûarinĩramo,,
"Semelhante a que é essa graça, o meio de fazê-los bons?",Mba'e nungarape aîpó graça i moangaturãsaba?,,
a satisfação dos cônjuges,mendara moîekosupaba,,
Eu sobrei,Xe rembyr,,
Como se fosse aquele que não morrerá,Akó omanõba'erame'yma berame'ĩ,,
Cada vez que tem medo da morte,Te'õ suí o nheangu îabi'õ,,
"Mas não pode a gente, de modo nenhum, contar o procedimento oculto de alguém?",Nd'e'ikatu angáî-tepe asé abá rekó-nhemima mombegûabo?,,
Endireitei-o,Aîapengok,,
O bondoso São Lourenço guarda vossa terra,São Lourenço-angaturama osarõ nhẽ pe retama,,
"ele (es, a, as) mesmo (os, a, as)",Ixé aé - Eu mesmo A'e aé,,
"Vai para prová-los, para que pratiquem maus atos",Eîori sa'anga t'oîpuru tekó-poxy,,
"Mas tu brilhas mais que ele, iluminando-nos todos com tua virtude","Nde-te ereberá i xosé, oré resapébo pá nde rekokatu pupé",,
Escabelei-o,Aî'abo'o-bo'o,,
"Eis que esta roupa será, adequadamente, de feriado",Ikó aoba niã aûîé-katutenhẽ Tupãnemendarama,,
Ferrei-o,Asapy,,
"Hei de ir, de fato?",Asóp'ixéne é?,,
Creio na subida dele ao céu,Arobîar ybakype i îeupiragûera,,
fruto dela,i 'a,,
"fogo do cauim, isto é, com que se coze o cauim",kaûĩ ratá,,
"Os bem-aventurados e os santos no céu, que vêem a Deus, ultrapassam o número dos dias que o ano tem","Marangatuba'e, Santos, ybakype Tupã repîakaretá, osasá 'ara ro'y remierekó papasaba",,
Meu preço é pouquinho,Xe repy mokonhõ'ĩ,,
Quem aquele (mandamento) transgride?,Abápe aîpoba'e oîaby?,,
"Não parece bem fazer ele a defesa da morte fora de Jesus Cristo, mas faz sentido que sua morte fosse a finalidade com que seu Pai o fez viver","N'i aîarõî Îesu Cristo taté é te'õ suí i îepirapûana, tuba i moingoaba se'õ a'e i aîarõ",,
Não ouço tuas palavras,N'asendubi nde nhe'enga,,
de madrugada,ka'amutumome,,
Parei,Apytá,,
"Mas eu a Deus, meu pai, rezava sempre, propondo ser bom, pranteando meus pecados","Ixé-te, Tupã, xe ruba, aîmongetá memẽ nhẽ, xe katurama momboîa, xe angaîpaba rapirõmo",,
"Esses, enfim, não diferem da cobra, isso porque a cobra, antes de fazer destruir a vida daquele que morde, deixa sua própria vida ao pisarem sua cabeça","Aîpoba'e tene nd'oîabyî mboîa, mba'etakó mboîa o emindu'u rekobé mokanhemukar-y îanondé, o ekobé reîari o akanga patukasagûerype",,
Não mates gente,Eporapiti umẽ,,
"O homem desanima, sem mais, de comer também",Omanõaibí abá o mba'e gûápe bé,,
"O fogo te convém verdadeiramente, para que nele te asses","Tatá nde arõeté, i pupé t'ereîesy",,
"Corta-o pela sua base (isto é, cerce)",Iî aŷpy rupi eîasy'ab,,
Não conhece a preocupação com sua própria morte,Ogûe'õnama resé nheangerekó n'oîkuabi,,
Vem para que faças ir de mim a maldade,Eîori t'eremondó xe suí tekoangaîpaba,,
A ele a gente pede pelo futuro viver de sua alma?,I xupépe asé îeruréû o 'anga rekorama resé?,,
"Ele, com a mãe de Deus, foi o que criou a Jesus, Deus",A'e niã Tupã sy irũnamo Tupã Jesus mongakuasaramo sekóû,,
Podem casar-se um com o outro?,E'ikatupe o îoesé omendá?,,
óleo de peixe,pirá-nhandy,,
Ferrei-o,Aîpyapasamoín,,
"Vamos, devagar, para fazer o assalto, para queimar a terra dos malditos","T'îasó, mbegûé, îapu'ama, t'ixapy moxy retama",,
Prendi-os um ao lado do outro,O îoybyri aîmoín,,
Uniram-se os homens maus,I îasear apŷabaíba,,
"Veio de novo, achando-os novamente no sono",Our benhẽ i kera pé nhẽ obasemano,,
Fui na direção do meio das águas,Y-pytera koty asó,,
Mas que vá Pero,Pero-te t'osó,,
Segui adiante,Akûabĩ tenondé,,
Já veio,Our ugûan,,
Vem para te compadeceres de nós,"Eîori, oré raûsubá",,
Apoiamo-nos em ti,Oroîekok nde resé,,
Eu sou curto,Xe apûa'ĩ,,
Remo,Aygapukuî,,
Esmigalhei-o,Aîkumirik,,
Dizem que é assim,Emonã i'e ra'e,,
Para as armadilhas eles levam gente,Mundépe i porerasóû,,
O que fica urdindo as palavras de alguém,Abá oînhe'ẽmonhã-monhangyba'e,,
Como será que um habitante do inferno viveria neste mundo se Deus o fizesse viver fora dali um mês?,Marãeté'ĩ ra'umope amõ Anhanga ratá pora rekóû ikó 'ara pupé oîepé îasy Tupã ebanõî suí o moingobérememo?,,
Eu sou um fujão,Xe îababixûer,,
A que cuida da virtude é a mãe de Deus bondosa,Tekokatu angagûara Tupã sy-angaturama,,
Para o monte chamado Calvário,Ybytyra Monte Calvário 'îápe,,
Eu estou enlameado,Xe ru'um,,
"Vela bem por mim, mandando que não me façam cair","Ema'enãngatu xe ri, xe mbo'are'ymuká",,
"Não existem mais absolutamente suas antigas terras Todas, há tempos, não contêm muita coisa",N'i tyb-angáî setãmbûera Opá akûeîme n'i poretáî,,
"Tu és a manhã, causa verdadeira da alegria do dia","Nde ko'ema, 'ara rorypabeté",,
"Sofrendo tudo o que é doloroso, que não se mitigará",Opakatu sasyeteba'e i arybeba'erame'yma porarábo,,
"Jesus, o que eu desejo","Îesu, xe remimotara",,
Limpo-o de ferrugem,Aîkytyngok,,
"Mostram-se a urdir mentiras, ficando a provar poções"," E'i mo'ema monhanga, mosanga ra'ã-ra'anga",,
"Tu és a manhã, verdadeira alegria do dia","Nde ko'ema, 'ara rorypabeté",,
"É natural dele (pex, um sinal que tem no rosto, que sempre ali esteve, que sempre foi assim e não é coisa nova)",Sekoaba nhẽ,,
o ocultamento das coisas,mba'e kuakubagûera,,
Que me livre Deus do pecado,Ta xe pe'a Tupã tekoangaîpaba suí,,
Varri os ciscos,Aytypeir,,
"Após seres grande, serás mãe de Deus","Nde reburusu riré, Tupã syramo ereîkóne",,
"tempo, lugar, instrumento, causa, modo, companhia, etc de matar",îukasaba,,
Como seus discípulos procederam vendo tratar assim a seu senhor?,Marãpe i boîá rekóû emonã o îara rerekó repîaka?,,
Engolir-me-á por aí alguma cobra grande,Xe mokõ kûepe mboîusu amõne,,
sujeira do menino,kunumĩ a'uba,,
Que mal eu agi outrora,Akûere'õ xe rekóû rimba'e re'ĩ,,
"Retiraram-no para o pátio, colocando uma cruz no ombro dele","Okarype senosemi, cruz nonga i ati'yba ri",,
Meu rosto é envelhecido,Xe robá tuîba'e,,
É certo que o comungante comungue algumas vezes (ou) sempre?,"A'eboépe Tupã rasara Tupã rari amõme, îepi?",,
"Eu vim do rio dos paratis para ver a mãe de Deus, ficando a enfeitar-me","Xe Parati 'y suí aîu Tupã sy repîaka, gûinhemoîegûá-îegûaka",,
"Eu, em vez disso, quero presas em alguns bêbados","Xe-te, xe rembiá-potá sabeypora amõ resé",,
Apenas não me matou,Sa'ĩ xe îukae'ymi,,
"metal vivo, isto é, o mercúrio",itá-ekobé,,
"Ah, vencer-me-ão hoje",Xe reîtyk korine mã!,,
por baixo das brenhas dela,iî aigûyra rupi nhẽ,,
Desenfiei-o,Asysymbo'ir,,
Maltrato-o,Arekomarã,,
pequeno como isto,nãmo-nhõta'ub,,
Se eu tivesse ido,Mba'emeémo asó,,
A mim também o flechado Bastião derrotou-me Não existe mais minha antiga bravura,Xe abé iî ybõmbyrûera Bastião xe moaûîé N'i tybi xe abaetepûera,,
"Eia, agora, contai, pois, os impedimentos dele",Pe'ĩ ko'yr sarûaba mombegûabo rõ,,
Arranquei-lhe as sementes,Asa'ỹî-ok,,
Eu estou muito empanturrado,Xe rebykatãgûasu,,
"Vem para espantar o maldito, para que não invista contra nós","Eîori muru mondyîa, t'opu'am umẽ oré ri",,
Será que a noite toda ages para fazer sumir as galinhas?,Pysaré serã ereîkó arinhama mokanhema?,,
"O próprio céu é o que Deus prepara para nós, lugar em que bem coloca nossa felicidade futura","Ybaka aé Tupã îandé resé i nhemosako'îaba, îandé mba'ekaturama nongatûaba re'a",,
"Para cima mandou pregar suas pernas e, para baixo, sua cabeça","Ybaté koty ogûetymã moîarukari, 'yba koty o akanga",,
Não comas este fruto,E'u ymẽ ikó 'ybá,,
Mata-o!,Eîuká!,,
"Bebeste cauim, temendo tua embriaguez?","Ereka'upe, nde sabeypora reroangûabo nhẽ?",,
tentando inutilmente o modo antigo de falar,o nhe'engabûera ra'angyîepébo,,
"Na verdade, três vezes negarás ser meu discípulo",Mosapy ipó xe boîáramo nde rekó ereîkuakub,,
Alimentando-o um pouco em teu seio,I poîa-mirĩ nde kama pupé,,
Fez Nosso Senhor algum (milagre) diante dele?,Oîmonhangype Îandé Îara amõ sobaké?,,
Solto o embrulho dele,Aîpokesá-rab,,
"Ó meu filhinho, lembra-te de que os que pereceram são objeto de esquecimento","Xe ra'yrĩ gûé, tesaraîtabamo okanhemba'epûera rekó resé nde ma'enduar",,
se eu arrotar (lit - no caso de meu arroto),xe eúme,,
"Sede verdadeira, não a de antes de tocar a água","Useîeté, na 'y atõî' îanondé ruã",,
Com seu sangue me lavou,Og ugûy pupé xe reî,,
Sou um menor de idade,Xe gûyrigûana,,
"Tupiniquins, habitantes daqui, espiões inimigos","Tupinakyîa, keygûara, tĩapyra moroupîara",,
Para as armadilhas eles levam gente,Mundépe i porerasóû,,
haste sem os grãos,ygûera,,
Ter-nos-iam amaldiçoado,Îandé momburu meémo,,
Gritei com ele,Aîakab,,
Eu tenho diarréia com sangue,Xe reîkûarugûy,,
"Sobra-me dinheiro, certamente",Xe resemõ îepé itaîuba,,
Como viajantes é que nós estamos nesta terra,Ataramo é asé rekóû ikó yby pupé,,
Desviei-o comigo,Aropîá,,
"de lado, de ilharga",o ykébo,,
Que estejam atacando gente,T'oporepenhã oîkóbo,,
Havemos de anunciar futuramente sua partida,T'îaîmombe'u é irã i îepaboka,,
Tornando possíveis coisas que são difíceis,Mba'e i abaiba'e moabaibe'yma,,
"Eu sou muito grosseiro, eu sou grosseirão",Xe ran - Eu sou grosseiro Xe ranusu,,
E Judas não se afligiu junto aos judeus por entregar a seu senhor?,A'epe Îudas n'oîkotebẽî Îudeus supé o îara me'engagûera resé?,,
trucidador,morapitîara,,
"Conforme seu próprio pedido, na cruz o pregaram","Cruz resé i moîari, i îeruresabo é",,
Ajo velhacamente,Aîkó-angaîpab,,
"Caem, às vezes, os que seriam os frutos das árvores, sendo ainda flores",Okuî rakó amũme 'ybarambûera o 'yba suí 'ybotyramo oîkóbo bé,,
Ela está afiada,Saembé,,
"Ao passar a quarta-feira das cinzas sagradas, o grande jejum chamado Quaresma começa","Quarta-feira tanimbu-karaíba rasápe, îekuakupabusu Quaresma 'îaba nheypyrungi",,
"És parecido com um chamusco, ó coisa fedorenta!","-Nde rapixara pixé, mba'enem-y îu!",,
"miolo, tutano de osso",kanga putu'uma,,
Teço roupas,Aaó-pyasab,,
Trato-o como se fosse meu filho,Xe ra'yra berame'ĩ arekó,,
Acaso Deus tem vista aguda para me ver?,Sesapysó a'upe é Tupã xe repîaka?,,
Não trabalhamos neste dia,N'îaporabykyî kó 'ara pupé,,
"Levantai-vos, vamos em seu caminho para encontrá-lo","Pepu'am, t'îasó sapépe sobaîtĩamo",,
"Que coisas, pois, eu fiz hoje?",Marã-marã-pakó îeí xe rekóû?,,
lasca de madeira,ybyrá-pesembûera,,
Não foi à toa que os feriados surgiram para nós como um intercalação no trabalho,Na tenhẽ ruã 'areté marãtekoaba ri oîoparabamo 'ari îandébo,,
Como modo de fazer voltar em si a virtude,Tekokatu reroîebysabamo,,
Enrolei o cipó no esteio,Aîmaman okytá ysypó pupé - Amarrei o esteio com cipó Aîmaman ysypó okytá resé,,
nariz achatado,tĩmbeba,,
Espero-o no seu caminho,Asapearõ,,
Pratiquei todos os jejuns,Aîá pá îekuakuba,,
Eu estou muito melancólico,Xe pytubarusu,,
Eis aqui meu arco,Kobé xe îurupara,,
"fio embotado (de faca, de machado, etc)",aembé-koroîa,,
Tenho jeito de o saber,Aîkugûab-arõan,,
Regurgitei,Atuî,,
palavra ruim,nhe'engasy,,
"Entram grandes espinhos, espetando sua cabeça","Oîké îugûasu, i akanga kutuka",,
Nesse dia proferem as ladainhas ao longo da procissão,Ebokûé 'ara pupé gûá osa'ang ladainhas îebyîebysaba rupi,,
"Logo, vencendo os temiminós, habitantes daqui, eu os frequentarei","Koromõ, keygûara temiminõ moaûîébo, asapekóne",,
Vem para nos arrancar o visgo,Eîori oré mongoka,,
Estava já Deus no ventre de Santa Maria?,Oín uãpe Tupã Santa Maria rygépe?,,
"Esse santo a vida de seu mestre escreveu para nós, deixando-a","Kó santo o mbo'esara rekopûera erimba'e oîkûatiar îandébo, seîá",,
Que pareçam juntar-se como um só,T'oîese'ar-y berame'ĩ oîepekaturamo,,
Estou-me agachando (em movimento),Anhemombé-mombeb gûitekóbo,,
"o que entrega os reféns, o redentor",morepy me'engara,,
Não pode alguém casar-se com seu parente verdadeiro?,Nd'e'ikatuîpe abá o anameté resé omendá?,,
"Vais, neste dia","Eresó, kó 'ara ri",,
Na minha aûsência é que ele disse isso,Xe kupépe é ahẽ aîpó i 'éû,,
Vieram para consolá-lo,Our i moapysyka,,
Despejei-o,Asekoabok,,
Eis que também minhas muitas presas hei de dar algumas a ti,Kobé xe rembiaretá t'ame'ẽne amõ endébo,,
É por causa do chefe que a aldeia é ótima,Morubixaba ri é taba matuetéramo,,
Pode o homem não cuidar de sua esposa?,E'ikatupe abá o emirekó resé oposykyîee'yma?,,
ouvir o sermão do padre,abaré nhe'ẽnhe'enga renduba,,
"Ah, quem me dera comer veneno para que eu morresse","-A'u temõ mba'eaíba mã, a'emo nhẽ xe re'õû",,
"na parte de dentro da embarcação (isto é, sob a cobertura dela)",ygá-pype,,
Meteste a mão nas partes erógenas de teu companheiro?,Erepo'ẽpe nde rapixara rapupé resé?,,
Um ladrão que fora posto na prisão,Abá-mondá mundeokype i mondebypyrûera,,
Acreditas em falsas oferendas ou em pajelanças?,Ererobîápe îetanonga'uba koîpó karaimonhanga?,,
Creio na descida dele para o meio da terra,Arobîar yby apyterype i gûeîybagûera,,
"Obedeceu, enfim, Pilatos à sua palavra, então?",Osapîápe Pilatos i nhe'enga a'ereme ko'yté?,,
Que tipo de mulher é Santa Maria?,Marãba'e kunhãpe Santa Maria?,,
Já transborda o cauim,Tynysẽ umã kaûĩ,,
sob a areia branca,ybyku'i-tinga gûyri,,
Penetram os cravos dentro de tua alma,Oîké itapygûá nde 'anga pupé,,
Seus antigos companheiros dei para os índios em troca de cauim,"Irũmbûera, kaûĩ repyrama ri, aîme'eng abá supé",,
Pus entradas no rosto dele,Asobagûá-moín,,
"Da mesma forma, a morte também entrou como componente deste mundo",Te'õ abé reîkéû ikó 'ara poramo oîá,,
"Fá-los-ei correr comigo, fá-los-ei voar comigo","Anonhan, arobebéne",,
cera de ouvidos,apysakûarygugûá,,
Faço sua futura casa,Aîmonhang sokûama,,
mina de ouro,itaîu-kûara,,
fazendo-me estar sozinho,oîepebẽ xe moingóbo re'ĩ,,
Logo eu estou feliz,Koromõ xe rorybamo,,
Que eu faça brilhar a face escura de Deus para minha alma,T'amoberab Tupã robá-pytuna xe 'anga supé,,
"Será que estais sossegados, sem mais, com vossos montes de maldades?",Pe apysykĩ serã peîkóbo pe rekomemûã aty-atyra pupé?,,
Faço roça,Akopir,,
Foram terríveis contra os malditos as flechas de São Sebastião,I abaeté muru supé São Sebastião ru'uba,,
"Eu não queria vir (mas vim), irando os homens brancos","Xe n'aîu-potari biã, karaíba moabaîtébo",,
Eu hei de vingar-te,Ixé t'oroepyk,,
"Já se juntaram por causa disso muitos moços bebedores de cauim, velhas e velhos também","Onheŷnhang umã sesé kunumĩetá kagûara, gûaîbĩ, tuîba'e abé",,
Abortei meu filho,Xe membyrakyrar,,
Tenho vida boa,Tekó-katu arekó,,
Eu tenho muitas comborças,Xe nhemõîetá,,
Comi,Akaru,,
Tendo relações sexuais com mulheres diante de sua companheira,O apixara robaké kunhã resé oîkóbo,,
Eu gemo dormindo,Xe keraíb,,
"Tratemo-los bem, junto de nós",T'i rekó-katu îandébe,,
Não deixam de ser presas de nossas mãos os que se confessam,N'opyki nhemombegûara îandé pó suí sembiara,,
o que é cabeçudo (como o virote),i apytagûaba'e,,
"Estai aqui esperando-me, junto de mim, não dormindo","Iké nhẽ peîkó xe rarõmo, xe pyri, pekere'yma",,
eia! (incitando com ênfase),ne'ĩ ne'ĩ!,,
Como o trataram ao dizer ele isso?,Marãpe ybŷá serekóû aîpó i 'ereme?,,
"Deus parece obter descanso, como se fazer quaisquer coisas fosse cansaço de Deus",Mutu'u resé Tupã îekosu-berame'ĩ Tupã kane'õ mba'e tetiruã monhanga îaramẽ,,
Como será que um habitante do inferno viveria neste mundo se Deus o fizesse viver fora dali um mês?,Marãeté'ĩ ra'umope amõ Anhanga ratá pora rekóû ikó 'ara pupé oîepé îasy Tupã ebanoĩ suí o moingobérememo?,,
O que trabalha perto de mim,Xe pyri marãtekoara,,
"Portanto, deixai de crer nele futuramente",Emonãnamo peteumẽ irã serobîá,,
Eu estou muito leve nas minhas coisas,Xe rekó-apepu-pepu,,
Mas seria difícil para as pessoas comer minha carne,A'e iîabaíbymo abá supé xe ro'o 'u,,
Todos eles voltaram-se para trás,Opá i îeakypûereroîebyri,,
Até mesmo em Deus este lança palavras,Tupã resé tiruã kó nhe'enga reîtyki,,
"Eram muitos, mesmo, todos os que diziam isso",Setá tenhẽ erimba'e opab aîpó 'îarûera,,
Voltou a viver dos que morreram,Omanõba'epûera suí sekobé-îebyri,,
Eu sou arredio,Xe îeîaî,,
Saí em fuga,Asem îepé,,
Princípio da compaixão,Moroaûsubara 'yba,,
pó de madeira (como o que faz o caruncho no pau),ybyrá ku'i,,
"Que amemos nosso pai, nosso verdadeiro criador","T'orosaûsu îandé ruba, îandé monhangareté",,
Quem são os que rogam a Deus por nós?,Abá-abápe asé resé Tupã mongetasaramo sekóû?,,
"Por isso mesmo o homem se confessa a seu substituto, o padre",Nd'e'i te'e abá soŷpyra abaré supé onhemombegûabo,,
Olha bem para nós!,Ema'ẽngatu oré ri!,,
Qual? Aquele Lourenço tostado?,Umã? Akó Rorẽ-ka'ẽ?,,
"Quantas são, necessariamente, as verdadeiras esposas de um homem?",Mobype amẽ abá remirekó-eté?,,
Mato gente,Aporoîuká,,
"Querendo devorar suas almas, a noite toda não dormi, absolutamente",I 'anga 'u-potá é pysaré n'aker-angáî,,
Como tu és mau!,Nde poxy ûĩ!,,
A gente se batiza muitas vezes?,Setápe asé nhemongaraíbi?,,
Não chamando o padre para o doente que está consigo,Mba'easybora o îoesendûara supé abaré renõîe'yma,,
E o escravo não obedecerá às palavras de seu senhor?,A'epe miaûsuba n'osapîari xûé o îara nhe'engane?,,
"""Vou para ir"" (isto é, vou para morar)",Gûixóbo asó,,
Nele as pessoas batem à tua vista,Sesé abá pûari nde resápe nhẽ,,
"Eis que era costume, por ocasião disso, pôr nome Assim, puseram como nome dele ""Jesus""",Ã tekó a'ereme moreroka Ké bŷá Îesus nongi seramo,,
Fiz meu filho dormir comigo,Aroker xe ra'yra,,
Tiveste relações sexuais com algum sodomita?,Ereîkópe tebira amõ resé?,,
Trouxe as velhas de além de Magueá,Gûaîbĩ aru amõ Magûeá suí,,
Aqueles velhos reis fedorentos?,-Akó tubixanẽmbûera?,,
"Vem, coisa fedorenta!","Eîori, mba'e-nem!",,
Olha para nós!,Ema'ẽ oré resé!,,
Dar também o quinhão de Deus naquilo que plantou primeiro,O emitymbûerypy pupé Tupã potá-me'engano,,
Que pesa mais ao que está ali do que tudo o que sofre?,Mba'epe sasyeté a'epe tekoara supé opakatu semiporará sosé?,,
"Haveria de morrer, na verdade, antes de se batizar",Omanõ îepémo oîemongaraíb'e'ymebé re'a,,
Meu corpo treme (de medo),Xe reté-piring,,
Golpeamos um ao outro,Oronheatõî,,
Por que será que ele não vem?,Marã serã ture'ymi?,,
"Morro eu próprio (isto é, sem que me matem)",Amanõ teé,,
Eu vou só,Ixé anhõ asó,,
Quase o matei,Aîukasûer,,
"o que está preso em ferros, o que está peado",i pukusamba'e,,
Sinto que tu queres ir para o fogo do diabo,Anhandub Anhanga ratápe nde só-potara,,
Machuco-lhe a cabeça,Aî'apirungá,,
"o sem-orelhas, coisa mocha",nambie'yma,,
Tapei-lhe a boca,Aîputupyk,,
Deverias ter sabido antes o que fazias,Ereîkuá ranhẽ meémo emonã nde rekorama,,
Eu espumei,Xe rendyîuî,,
Longamente nosso pai primeiro esteve chorando,Ipuku erimba'e îandé rubypy rekóû îase'o-monhanga,,
Eu tenho dores de parto,Xe membyrasy,,
O que Cristo deixa como chefes dos cristãos batizados,Cristãos i mongaraibypyra tekokuaparamo Cristo remieîara,,
"Detesta-te, emenda-te","Eîeroŷrõ, enhemomotiasó",,
Não trouxeste foices?,N'ererupe îyapara?,,
"No meio do caminho, meninos assaltaram-me mesquinhamente","Pé ku'ape, kunumĩ pu'ama'ubi xe ri",,
homem covarde,abá-ekoetee'yma,,
Com sua própria filha ninguém se casa,O aîyra resé abá n'omendari,,
Estou em guerra,Aîkó marana ri,,
sua orelha arrancada,i nambi-mondokypyra,,
Como coisa um do outro estão os que são casados,O îomba'eramo i momendarypyra rekóû,,
"""frio coalhado"", isto é, neve, geada",ro'ynhemoapysanga,,
Escondo-me bem estando deitado aqui,Aîemĩngatu kó gûitupa,,
Aoba -Marãba'e? -Pykasu-aba -Que trouxeste dentro de tua caixa? -Roupas -De que tipo? -De pena de pomba,-Mba'epe ereru nde karamemûã pupé?,,
"Eu, Tatapitera, inflamo os antigos ódios","Xe, Tatapytera asapy nhemoŷrõmbûera",,
Experimentemos a força dos homens conosco,T'isa'ang apŷaba marã îandé irũ,,
entalhe da flecha,u'uba nhã,,
Ficando a repreendê-lo por ocasião de seu erro,Sekomemûãneme senonhẽ-nonhena,,
Devolve o objeto de seu furto,Ogûeroîebyr o mondasagûera,,
lua nova,îasy-semamo,,
"Depois disso, vamos hoje para quebrar as cabeças dos reis",A'e ré kori îasó tubixaba akanga kábo,,
Lavou-se as mãos à vista da multidão,Oîepó-eî te'yîa remiepîakamo,,
Eu sou peçonhento,Xe ranhasy,,
serra braceira,ybyrakytĩabusu,,
Vendo os pagãos a virtude dos cristãos,Cristãos rekokatu repîaka é ipó imongaraibypyre'yma,,
"Tu fizeste mexericos, contando as palavras de teu próximo?",Nde mba'epûerype nde rapixarĩ nhe'engûera mombegûabo?,,
"mulher bondosa, não tocada por homem",kunhã-angaturama abá bykagûere'yma,,
Tu me alegras muito,Xe moory-katu îepé,,
Por que minha mãe me deu à luz outrora?,Marã-pakó xe sy xe mbo'ari erimba'e?,,
Ó! Não há modo de contar isso,Tó! Aîpó n'i papasabi!,,
casa de pedra,itá-oka,,
Eu estou de luto,Xe anhangyar,,
"Tu te compadeceste deles quando eles estavam doentes, tirando-lhes fogo?","Eresaûsubarype i mba'easyreme, satá-á",,
"Mas, então, eu amei isto?",Iang-tepe ixé asaûsub ra'e?,,
Quando cumprirás isso que dizes?,Erimba'epe aîpó nde 'îaba ereîmopóne?,,
Apressam-me estes meus súditos,Xe moanhẽ kó xe boîá,,
"estreitado em forma de pescoço, isto é, com estreitamento entre duas partes bojudas",anhurĩ,,
"Por teres misericórdia, nossa alma visitas","Moraûsuberekosápe, asé 'anga ereîosub",,
Alegrando todas as velhas,Gûaîbĩ moesãîa mbá,,
E finalmente?,Tépe?,,
Meus antigos e grandes pecados farei sair,Xe angaîpá-tubixagûera amosẽne,,
Veio novamente por tua causa,Oú ramõ nde resé,,
Agradando-se com o que o hospeda,O apysykamo o momytasara ri,,
"Ele é lampeiro como uma onça, seguindo nosso rastro","I ara'a îagûara îá, îandé rakypûemboú",,
o que é de dia,arybondûara,,
Como assim? Diante de uma madeira a gente faz reverência?,Marã? Ybyrá supé nhẽpe asé îerokyû?,,
bolinho de pão,miapé-mirĩ,,
Palavras de quem são aquelas?,Abá nhe'engûerape aîpó?,,
Que tenha reparação teu roubo,Ta sepy nde mondagûera,,
Não sentindo o peso de suas maldades,O angaîpaba posyîûera andube'yma,,
Eu lhe pelo o couro cabeludo,Aî'apirabo'o,,
mastro da embarcação,ygara rokytá,,
Haveis de bem recobrar o fôlego após vos cansardes,Ta pe putuẽngatuté irã pe îemokane'õ ré,,
Quantos são os chefes principais por aqui?,Mobype tubixá-katu kybõ?,,
"Eis que eu amo vossas almas, modificando os costumes antigos",Xe ikó asaûsu pe 'anga tekopûera rekoaboka,,
Que bom seria se eu fosse!,Marãîasûaramo asó mã!,,
"Mas agora, por minha causa, dentro de uma casinha estás","A'e ko'y, xe resé, ó-mirĩ pupé ereîkó",,
Fazendo o doente ter esperança,Mba'easybora moîerobîaruká,,
Faço Pedro ser padre,Aîmoabaré Pedro,,
Que tenhamos estes homens contra nossos inimigos,T'irekó ikó apŷaba îandé robaîara ri,,
Fez-nos viver,Îandé moingobé,,
Fazendo-me mudar de direção por aí,Kûeîbo nhẽ xe rerobaka,,
Tendo medo de que alguém o maltrate muito,abá ogûerekomemûãeté suí onheangûabo,,
Mostram-se a urdir mentiras,E'i mo'ema monhanga,,
cara de onça,îagûarobá,,
Veio o que está em tua busca,Nde piara our,,
antes de te esconderes,nhemim-y îanondé,,
"Invocaste em vão o nome de Deus, mentindo, sabendo ser mentira?","Eresenõî tenhẽpe Tupã rera, nde îuraragûaîamo nhẽ, îuraragûaîamo sekó kuapa?",,
Meu anzol muito ditoso há de pescar para ti,Xe pindá-porangeté t'opindaîtykyne endébo,,
Sofrerão algo estando ali?,Oîporarápe mba'e amõ a'epe oîkóbone?,,
"Que suas almas caiam logo, deixando seu criador, apegando-se, pois, a nós","I 'anga t'o'a taûîé, o monhangara reîá, rõ oby'a îandé resé",,
"pôr-do-sol, poente (etim - lugar em que o sol entra)",kûara reîkeaba,,
"Arrependendo-se de seus pecados, deplorando-os","O angaîpaba moasŷabo, seroîasegûabo",,
Morrendo vós,Pemanõmo,,
De sua vida má nos afastando,Sekó-poxy suí îandé reîyîa,,
Vem para espantar o diabo,Îori anhanga mondyîa,,
Hospedo-me com Pedro,Apytá Pero resé,,
"A terra também, então, agitando-se, tremendo","Yby abé a'ereme onhemonguébo, oryryîane",,
"Vi, outrora, a grande batalha de Gûaîxará","Asepîak, erimba'e, Gûaîxará maranusu",,
"Por que vocês, maíras e perós, quer dizer, franceses e portugueses, vêm de tão longe procurar madeira para se aquecerem?","""Que veut dire que vous autres Mairs et Peros, c'est à dire François et Portugais, veniez de si loin querir du bois pour vous chauffer?""",,
"Esse, enfim, não é diferente da cobra",Aîpoba'e-tene n'oîabyî mboîa,,
"Criancinha muito bela, creio muito em ti","Pitangĩ-porangeté, orogûerobîá-katu",,
homem muito preguiçoso,abá-ate'ymusu,,
"Jesus Cristo, o juiz","Îesu Cristo, tekomonhangara",,
"Eis que é penoso, certamente, remar canoa",Sasy nakó ygá-pukuîa,,
"Os moradores da aldeia, velhos, velhas, moços, homens, moças, como meus súditos todos em minhas mãos os tenho","Tapiîara, tuîba'e, gûaîbĩ, kunumĩgûasu, apŷaba, kunhãmuku, xe boîáramo pabẽ xe pópe arekó-katu",,
"Sê tu guardião de mim, sob tuas mãos colocando-me","Nde morerekoar xe ri, nde pó gûyrype xe nonga",,
"Que me livre Deus de meus inimigos, em toda parte, em minhas dificuldades",Ta xe pysyrõ Tupã xe sumarã suí kûepe marã xe rekoápe,,
Levantei-me dormindo,Apakaíb,,
Eu estou molhado,Xe akym,,
este desterro comum,ikó îope'asagûera,,
Não vos perceberam,Na pe andubi,,
Vou com Pedro,Orosó Pedro ndi,,
meu padrinho,xe rerokarûera,,
o que é (ou deve ser) enforcado,i îubykypyra,,
o grande chefe Aimbirê,tubixá-katu Aîmbiré,,
"Ah, eu haveria de queimar verdadeiramente no fogo do diabo!",Ixé tekatu-eté'ĩ ra'u anhanga ratápe akaîmo mã!,,
"Eu sou moçacara, eu sou forte","Xe posaká, xe ratã",,
"Apressam-me estes meus súditos, tendo saudades de mim hoje","Xe moanhẽ kó xe boîá, îeí xe repîaka'upa",,
Enruguei-me,Anhynhyng,,
"instrumento de desvio de água, sangradouro",y-mombîasaba,,
Ele comeu demais aquela coisa,O'u-eté-eté ahẽ mba'e,,
Vem para persegui-lo,Eîori i momosema,,
"Caiu a chuva sem parar, enchendo o mar, levantando-o bem acima do cume das montanhas","Okyr ko'ẽ-ko'ẽ amana, paranã mopungábo, ybytyra apyra sosé-katu i mopu'ama",,
O próprio céu é o que Deus prepara para nós,Ybaka aé Tupã îandé resé i nhemosako'îaba,,
Depois que tu sonhaste com uma mulher deleitaste-te no teu sonho com ela?,Kunhã resé nde posaûsub'iré ereîmborype sesé nde posaûsubagûera?,,
Tu vives? (Fórmula de saudação a quem chega),-Endépe ereîkó?,,
"Amarraram-no com corda, fazendo-o estar em pé",Oîxamysyk sero'ama,,
Vesti a roupa nele,Aîaó-mondeb,,
Que nos leve para seu lugar de felicidade consigo,T'îandé rerasó o orypápe o îoesé,,
Eu lhe mordo a cabeça,Aî'asu'u,,
Trancei-o,Anhopẽ,,
Lavando a maldade de nossa alma,Oré 'anga poxy reîa,,
Faça-se tua vontade,T'onhemonhang nde remimotara,,
Ainda que eu fosse,Îepémo asó,,
"Se tivesses vindo, já o teria matado","Nde rurememo, aîuká umûãmo",,
Não nos queremos bem,Nd'oronhoamotari,,
"Na casa de quem passaste, tomando-as [isto é, as coisas roubadas], antes de te esconderes?","Abá rokype erekûá, tá, nhemim-y îanondé?",,
Nossa verdadeira inimiga é a morte,Îandé robaîareté te'õ,,
Quem aqui dá a cara?,Abápe ké sobasẽ?,,
"Eia vós, avante!",Pe katunhẽ,,
Que esteja comigo também ao estar eu em ocupação,Xe irũnamo bé t'oîkó marã xe rekóreme,,
A vida ruim lançamos fora,Tekoaíba oromombó,,
Eu sou coxo,Xe pyte'em,,
indo eu de noite,putũ gûixóbo,,
Fui defecar,Ka'ape asó,,
Eu fedo,Xe ryapûanusu,,
Eu tenho a boca aberta,Xe îuru-îaî,,
casa de telha,kamusy-oka,,
Nós somos muitos,Oré anangatu,,
Como estas são vossas casas?,Anga îápe pe roka?,,
colares azuis,mo'yrobyeté,,
Que afastemos o diabo agora e para sempre,Anhanga t'îaîpe'a ko'yr aûîeramanhẽ,,
Mas quem entregou os índios como coisas vossas?,"Abá-tepe erimba'e, pe mba'erama resé apŷaba me'enga'ubi?",,
couraça que tem muitas lâminas,itaoba i apenhugûã-nhugûanyba'e,,
"Havemos de ir à dura guerra, cara a cara uns contra os outros?",T'îasó maranatãûãme o îoupé oîobaúpa?,,
Eu sou fedorento,Xe nem,,
"o que está no pote, o conteúdo do pote",kamusi-pora,,
Quem será como eu?,Abá serã xe îabé?,,
Levou-o com suas ataduras,I popûasaba resebé serasóû,,
Os ferros em mim estão presos,Itá xe resé seni,,
Assim deve de ser,Emonã ruãpe rĩ,,
Eu tenho o sangue escorrido,Xe rugûy-syryk,,
Esconde-te!,Enhemim!,,
Não respeitando o que Deus dissera,Tupã 'éagûera moabaetee'yma,,
Hei de te ajudar,T'oropytybõne,,
Deixa que vá,Te'inhẽ t'osó,,
Eu sou modesto,Xe kunusãî,,
ovo de arinhama,arinhama rupi'a,,
o que é (ou deve ser) louvado,i mombe'uporangymbyra,,
Concluí que ele está querendo matar alguém,Amõ îuká-potá ûĩ sekóû a'é,,
E a aproximação das dores de parto de uma grávida não é causa de se ter medo também?,"A'epe muruapora membyrasy kakara, na nheangûaba bé ruã?",,
Eu tenho flores,Xe potyr,,
Separamo-nos uns dos outros,Oroîa'ok oré îosuí,,
"vagem seca, pronta para ser colhida",topé-tininga,,
"Ela tem pecados variadíssimos, estando a tremer","Î angaîpá-pará-pará, oîemoryry-ryryîa",,
Cubro-o,Aîaob,,
Com toda uma corda amarraram-no,Opá sama pupé i apytĩû,,
"Envergonhar-se-ia, talvez, o que é mau",Otĩ nhẽmo serã i angaîpaba'e,,
Acreditas na dança do maracá?,Ererobîápe maraká poraseîa?,,
O que trabalha no domingo,Domingo pupé oporabykyba'e,,
Muito a propósito comportei-me como filho de Deus,A'eboé Tupã ra'yramo anhemoingó re'a,,
Viemos de longe,Îaîu kûepe suí,,
Eu sou sensível,Xe mba'emoasyîá,,
Uma notícia chegou-me aos ouvidos,Xe apysakûaraby moranduba,,
Arranco lenha,Aîepe'abar,,
adversário antigo de franceses,aîuruîubupîarûera,,
"Portanto, tomou este dia como tempo de honrá-los em conjunto",Emonãnamo kó 'ara rari oîepegûasu i moetesabamo,,
Tu mesmo és a causa de teu dano,Endé aé ereîekûá,,
farinha da mesma água da mandioca crua coalhada,typy'o-ku'i,,
Por que Deus os deu para a gente?,Mba'erama resépe Tupã i me'engi asébe?,,
Eu tenho amantes,Xe piraty,,
Por isso mesmo todos os homens estarão secos,Nd'e'i te'e opá abá tiningamo,,
Retirei as amarras dele,Aîmamã-rok,,
Desobedeci a meu pai,Aîmomaran xe ruba,,
Quantos são os mandamentos dele à gente?,Mobype a'e asé rekomonhangaba?,,
o que é afamado por aí,kûepe i moerapûanymbyra,,
Lembra-te bem de Deus-Filho ter-se feito menino por tua causa,Nde ma'enduá-katu nde resé Tupã Ta'yra nhemokunumĩagûera resé,,
Deram-lhe de beber?,Ose'ymype gûá?,,
"fugitivo, o que foge",kanhembara,,
Rejo pessoas,Aporoerekó,,
Levei as tuas coisas entre as minhas coisas,Arasó nde mba'e xe mba'e pupé,,
Meu ex-marido há de ser certamente,Xe mendûera ipó re'ĩ,,
"Eia, puxa-o enfim!",Ne'ĩ sekyîa ko'yté!,,
"Dessa maneira, vens para afastar nossa escuridão","Emonãnamo, ereîu oré putuna pe'abo",,
dificultando a primeira menstruação,nhemondy'ara mo'ybatatãmo,,
"Isso não tem meio de se contar, ainda que o sol se pusesse!","Aîpó n'i papasabi, kûarasymo oîké îepémo!",,
seu próprio corpo incorrupto,gûeté-marane'yma,,
"Quais as novidades, por acaso?",Marã-pipó moranduba?,,
"Querendo isso, fez-se homem, não deixando de ser Deus","Aîpó potá é erimba'e nhemoapŷabi, Tupãnamo o ekó po'ire'yma",,
Estiveste deitado outrora sobre tua amante como um rufião?,Ereîubype erimba'e nde agûasá 'arybo nde arãíbamo?,,
Veio para nos ver!,Îandé repîaka our!,,
Sovei-a,Aîaîuká,,
"Eu sou moçacara, eu sou forte","Xe posaká, xe ratã",,
Ficando de mal com Deus,Tupã resé oîeerekomemûãmo,,
Vai para trazer um pouco dela,Ekûãî îá reru,,
"São Tiago, primo de Jesus Cristo, Apóstolo, entregou sua cabeça e sua vida","S Tiago, Îesu Cristo ri'yra, Apóstolo, o akanga o ekobé me'engi",,
estes habitantes de Pernambuco,kó Paranambukygûara,,
o que tem seu próprio nome,ogûer-y îara,,
"O que ama muito a Deus, bem como o que ama a seu próximo também, não têm dificuldades em viver segundo os mandamentos de Deus","Tupã raûsupareté oîabekatu o apixara raûsupara bé, n'oîmoabaíbi Tupã asé rekomonhangaba rupi o ekó",,
Estando nós no amor de Deus,Tupã îoaûsuba pupé îaîkóbo,,
"meus prisioneiros (ie, aqueles que são inferiores a mim e que devem servir-me)",xe rûaîa,,
"Não encontro nem um pouco, absolutamente, algum ato passado deste homem no mal",N'abasẽ-mirĩ-angáî marãbirĩ ikó abá rekopûera amõ supé,,
trazendo farpas junto com o arco,arupare'aka îurupara ndi seru,,
Não obedecerá a ela,N'osapîari,,
"Contaste para as pessoas o mau procedimento de alguém, que somente tu viste?",Ereîmombe'upe abá rekopoxŷagûera oîepebẽ nde remiepîakûera abá supé?,,
Porventura eu não disse isso tudo?,Aîpó nd'a'eî pá ky?,,
Era eu,Ixé raka'e,,
Consolar os aflitos,Oîkotebẽba'e moapysyka,,
Em mim confiam,Xe resé oîerobîá,,
Suas túnicas ficando a rasgar,O aobusu mondoró-ndoroka,,
Hei de levar esta vasilha,T'arasó kó ygaporaîa,,
"Serão muito fedorentos, serão muito podres, corroídos de vermes e de bernes","I nemeté, i tuîuketé, tasoka, ura remimongûyamone",,
Creio na nossa futura ressurreição,Arobîar asé rekobeîebyragûama,,
Podem deixar um do outro?,E'ikatupe o îosuí opo'i?,,
"por ocasião de minha morte, quando me matarem",xe îukasápe,,
"Por isso, ando com o provincial hoje",Angari abaregûasu kori arogûatá,,
mais para cá,kokoty bé,,
Embebedava-te o cauim,Nde mondabeypó kaûĩ,,
A água benta seja o meio de viver de minha alma,Y i mongaraibypyra t'oîkó xe 'anga rekobesabamo,,
Eu sou ligeiro de mãos,Xe popy'i,,
"Nunca acaba de comer, não come fulano completamente as coisas",Nd'o'u-apyî ahẽ mba'e,,
matando as criações de alguém,abá reîmbaba îukábo,,
"Por isso tão somente nasceu dela, não lhe fazendo rombo","Nd'e'i te'e oá nhote i xuí, nd'i pekábo ruã",,
Sobre quê será nossa conversa?,Ma'e resé îandé nhomongetá?,,
Qual é o outro meio de curar nossa alma?,Marãpe amoaé îandé 'anga posanongaba?,,
Enfrentamo-nos,Oroîobaîar,,
Eles mentem de cara um para o outro,"Semo'ẽ, oîobaúpa",,
Estava muito satisfeito na morada deles,Xe apysy-katu sekoápe,,
Para a benção também do nosso trabalho,Îandé porabykysaba robasakatûagûama resé bé,,
Acaso todos os que estavam ali ficaram a injuriá-lo?,Opabenhẽ serã erimba'e a'epe tekoara iî a'oîa'oû?,,
Já anunciara o anjo a sua prima estar ela grávida dele,Oîmombe'u uman karaibebé i pyky'yra pé i puru'aramo sekó,,
"Suas próprias coisas, na verdade, a gente ama em seu coração","O mba'e, nipó, asé o py'a pupé saûsubi",,
"Tu, em teus braços, Jesus ergueste para alimentá-lo um pouco em teu seio","Endé, nde îybápe, Îesu eresupi i poîa-mirĩ nde kama pupé",,
Por isso mesmo ficava caindo com ela por causa do seu peso,Nd'e'i te'e sero'a-ro'a i posyîa suí,,
Em quais dias a gente se confessa?,Umãba'e 'ara pupé asé nhemombe'uû?,,
"Não serão somente poucos anos, mas para sempre",Na mboby nhõ ruã akaîu-'aîubane aûîeramanhẽ-te,,
"Eu tenho corcova, eu estou corcunda",Xe kupeasur,,
Eu tenho catarata,Xe resaoby,,
"de dia, todo o dia",arybo,,
Será que todos aqueles esbofeteadores dele ficaram a injuriá-lo?,-Opabenhẽ serã erimba'e a'e petekara iî a'o-îa'oû?,,
atrás de uma cerca feita de pedras,ybyrá itá-monhangymbyra kupépe,,
Guarda nossa terra de nossos inimigos,Esarõ oré retama oré sumarã suí,,
Eu tenho muitas bolhas,Xe piru'a-ru'a,,
"Iam mulheres, suas discípulas, pranteando-o",Osó kunhã semimbo'e-etá sapirõmo,,
Inchei-me muito as bochechas,Anhemoatypygûasu,,
Eu arquejo,Xe u'ukûar,,
O anjo da guarda está perto?,Karaibebé i ko'ĩ?,,
Aplacando a Deus,Tupã moîerekûapa,,
"Adão, nosso primeiro pai, fez-nos perder verdadeiramente, para nos queimarmos no fogo do diabo","Adão, oré rubypy, oré mokanhemeté, Anhanga ratápe nhẽ oré kaîaûama ri",,
São muito belas estas coisas para nós,I porangeté ã tekó îandébe,,
Estão queimando para sempre como pena de dizerem isso somente em suas bocas,Okaî oupa aûîeramanhẽ o îurupe nhote aîpó o 'eagûera repyramo,,
Atravessar a água elimina a sujeira dos pés,Y aé rasaba mby ky'a îaîmomemûã,,
Somente Deus é a verdade,Tupã anhõ mba'eeté,,
"Queremos amar-te muito, entregando-nos a ti","Oroaûsu-potá-katu, oroîeme'enga endébo",,
Eu sou acostumado,Sekoba'e ixé,,
Que sejamos dignos do que Cristo prometeu,T'oré angaturãne Cristo remienõîûera resé,,
Ele é muito grosso,Tubixabeté,,
"Daí ía para longe, frequentando outras aldeias","Kûé suí asó mamõ, amõ taba rapekóbo",,
"Entram grandes espinhos, espetando sua cabeça",Oîké îugûasu i akanga kutuka,,
"Quem aqui dá a cara, para cá olhando furtivamente?","Abápe ké sobasẽ, kûybõ oma'ẽ-nhemima?",,
Os habitantes da aldeia tenho-os bem em minhas mãos,Tapiîara xe pópe arekó-katu,,
"Ele nasceu de Maria, a que não foi tocada por homem",A'eba'e o'ar Maria abá bykagûere'yma suí,,
ovos de içá,ysá rupi'a,,
Proclamando a lei de Deus,Tupã rekó mombegûabo,,
Eu estou rouco,Xe îase'opyoú,,
Que se lembre bem de que Deus branqueou sua alma,T'onhemoma'enduá-katu Tupã o 'anga momorotingûera resé,,
"Hoje, assim, de modo nenhum impedem nossa estada","Kori, nã, îandé rekó îandé moarûapa angá",,
Mas quem há como eu?,Abá-tepe oîkó xe oîá?,,
"Que venha logo o que me guarda para me livrar dele, combatendo-o","T'oú taûîé xe rarõana xe pysyrõmo i xuí, i momarana!",,
Fiz-me homem,Anhemoabá,,
Então as estrelas cairão completamente,A'ereme îasytatá o apakuîamo,,
Fico escarnecendo das pessoas,Aporoîaî - Escarneço das pessoas Aporoîá-roîaî,,
"Tu, talvez, para retribuir, a vida má, o desejo sensual atiras nele o dia todo","Nde serã i poepyka tekomemûã, poropotara ereîapi ko'arapukuî",,
Maltratando-o todos os seus súditos,O boîaetá pabẽ serekomemûãmo,,
Invocaram falsos ditos contra ele,Marã'etenhẽa osekyî i xupé,,
Vê bem a tua frente para que não te percas no caminho do céu,Esepîá-katu nde renonderama ybaka piarype nde ropare'ymamo,,
"Ficaste bêbado de cauim, perdendo o juízo?","Eresabeyporype kaûĩ suí, 'ara mokanhema?",,
Colocando o boi capim às pressas para impedi-lo,Tapi'irusu sarûápe kapi'ĩ anhẽ rerupa,,
"Ambos tremerão hoje, assim que me virem","Mokõîbé osyî kori, xe repîaka rupibéne",,
Não ficam receosos os outros de não serem objetos do perdão de Deus?,N'oîkotebẽî amõba'e Tupã nhyrõsabe'yma?,,
Disse elegantemente,A'é muruangaba,,
Mesmo replicando as palavras de alguém a gente transgride a palavra de Deus?,Abá nhe'enga poepyka tiruãpe asé Tupã nhe'enga abyû?,,
Que mais?,Mba'epe amõ?,,
Tirei minha roupa,Aîo'ok xe aoba,,
Coisa beiçuda!,Xe rembegûasu - Eu tenho beiço grande Mba'e-embegûasu!,,
agora há pouco,korite'ĩ-mbyryb,,
após vertê-la dentro de alguma casca de coco,inaîagûasu apepûera amõ pupé i nhang'iré,,
"roupa de algodão grossa (isto é, malha para a defesa na guerra)",amyniîu-aó-poanama,,
Homem coitadinho,Abá-poreaûsubĩ,,
Em vão o padre quer fazê-la voltar para Deus,E'i tenhẽ abaré Tupã resé serobaka potara'upa,,
"Chorai continuamente, pranteando vossos pecados","Pe resangá, pe angaîpaba rapirõmo",,
Essas serão as que tu assarás,Aîpó nde remixyrama,,
Quando a guerra for aquilo que é justo,Marana supikatundûaramo sekóreme é,,
Muitíssimas lorotas invocaram contra ele,Tenhẽngatupabẽ osykyî i xupé,,
Caminhei o dia todo por causa da tua fama,Agûatá ko'arapukuî nde rerapûana resé,,
Eu tenho estatura elevada,Xe îeysá-puku,,
"Odeiam-te, expulsar-te-ão","Nde reroŷrõ, nde mombóne",,
Eis que ele é o adversário costumeiro das almas dos homens,Eboûĩ abá 'anga rupîatyba a'e,,
Que ela nos destrua para que vivamos contigo,"Orébe t'oré mondyki, nde irũmo t'oroîkobé",,
"No seu próprio ombro levanta a cruz De fraqueza, Jesus fá-la cair consigo","O ati'yba ri krusá osupi Membeka suí, Îesu sero'ari",,
"Seguindo o rastro das mulheres, os índios não desistem","Kunhã rakypûemondóbo, apŷaba n'i apysáî",,
"Vinde, levai os malditos, erguendo-os para sapecá-los em nosso fogo, derretendo-os","Peîori, perasó muru, supi îandé ratápe sapeka, i momembeka",,
minhas costas,xe atukupé,,
"Dançaram a noite toda, fazendo feitiçarias, antes de irem para o inferno","Oporaseî pysaré, oîemopaîeangaípa, tatápe o só îanondé",,
"roçado antigo, onde o mato cresceu de novo",kopûera,,
Penteio-o,Aîabyky,,
"Um frio que fará as pessoas tremerem muito, fazendo-as chorar","Ro'y oporomoryryîeteba'e, i moîasegûábone",,
coisa ganha com a espada,itangapema pora,,
"Compadeceste-te deles, procurando-lhes alimento?",Eresaûsubarype i poraká?,,
"Não vamos, ela nos castiga, fazendo-nos saltar no fogo","Îasó umẽ, îandé nupã, tatápe îandé mombómo",,
"São Pedro puxou a espada, cortando sua orelha",S Pedro itangapema osekyî i nambi mondoka,,
Eu sou antigo filho de Jetuú,Xe Îetu'u ra'yrûera,,
Por isso mesmo Deus aqueles lançou no fogo,Nd'e'i te'e Tupã a'eba'e reîtyka tatápe,,
Não querendo que o diabo esteja como seu senhor,Anhanga o îaramo sekó potare'yma,,
Entisnei o rosto dele,Asobaún,,
Esta aldeia transtorno sempre,Kó taba aîpobu memẽ,,
"Em reparação disso, mudaste-te de aldeia","Sepyápe, ereîakasó",,
Já vou,A'é uman ûixóbo,,
"Quem o fez outrora, começando a pronunciá-lo?","Abápe aîpoba'e oîmonhang erimba'e, sa'angypŷabo?",,
A todos os que assim vivem nosso fogo convém,Opá emonã tekoara îandé ratá îaîarõ,,
Dei-o em troca,Sekobîaramo aîme'eng,,
vergôntea de cará,kará-embó,,
Caminhei o dia todo,Agûatá ko'arapukuî,,
Eu sou leproso,Xe piraíb,,
lêndeas de piolho (da cabeça),kyba'yra,,
para a parte traseira dele,i 'anga koty,,
Eu tenho as orelhas cortadas,Xe nambi-asyk,,
"Não tenho vida direita (isto é, sou uma prostituta)",N'akakuabi,,
faze como te parece,ne'ĩ n'endé aé,,
Todos gostaram delas,I apysyk pabẽ sesé,,
"Tocaste no teu pênis, excitando-te?",Erepokokype nde rakûãîa resé enhemoagûyrõmo?,,
meu paizinho,xe rubĩ ,,
Mas chorai por vós mesmas,Peẽ aé-te peîeapirõ,,
"Quando eu morrer, que venhas","Xe îekyîme, t'ereîu",,
papo grande,aîusu,,
Nasci,Anhemonhang,,
"diabo mau, assassino","anhangaíba, morapitîara",,
"Não tenho a ver com ele, enfim (isto é, desisti dele)",N'aîkóî sesé ko'yté,,
"Num pano branco, por nossa causa, a imagem de seu rosto tomou",Aó-tinga pupé asé resé sobá ra'anga rari,,
"Urdiste mentiras contra alguém, envergonhando-o?",Eresekyîpe îuraragûaîa abá supé i motĩamo?,,
A causa da alegria de minha alma,Xe 'angorypaba,,
"Contendo a Deus, está cheio teu ventre","Tupana rerupa, i por nde rygé",,
Isso é muito difícil!,Iîabaíbeté aîpó!,,
"E, principalmente, eles são adversários de agressores",Memeté a'e morero'arupîara,,
Basta! Tu me matas!,Aûîé! Xe îuká îepé!,,
Aquento-o,Aîopé,,
Arredondei-o,Aîmoamandab,,
Diante de uma madeira a gente se inclina?,Ybyrá supé nhẽpe asé îerokyû?,,
Como criança está sentado nos braços de Maria,Pitangamo seni Maria îybápe,,
Cortaram seu prepúcio,I 'apira mondoki,,
Não que não soubesse o que buscava,Na sekasaba kuabe'yma ruã,,
Eu sou mandão,Xe poropûaîxûer,,
Rapei-lhe a barba,Asendybá-apin,,
"É assim, porventura, que respondes as palavras do chefe?",Emonã-pipó morubixaba erenhe'engobaîxûar?,,
Sua própria formosura também viram,O aysó abé osepîak,,
Faço-a soar,Aîmimby,,
Dar também o dízimo naquilo que plantou primeiro,O emitymbûerypy pupé Tupãpotá-me'engano,,
"Ah, muito bem, ficai tranquilos!","Erĩ, aûîé, peputu'u!",,
Todos os bens de meus avós joguei fora,Opá xe ramỹîa ma'epûera aîtyk,,
Eu sou muito delgado,Xe rembó nhẽ,,
Fazendo vir à tona seus atos escondidos,Sekó-nhemima monduîa,,
Tive alento,Xe 'ãur,,
Que a gente manda pôr em seu aposento como objeto de seu olhar?,Mba'epe asé oîmoinukar o kotype o ma'ẽsabamo?,,
"Vem, coisa fedorenta, coisa nojenta, borá, maritacaca, sanguessuga, tamarutaca!","Eîori, mba'enem, mba'e-poxy, mborá, miaratakaka, sebo'i, tamarutaka!",,
Escarneceste de alguma pessoa?,Ereîoîaîpe abá amõ?,,
desinteresse pela lei de Deus,Tupã rekó resé nhemoryryîe'yma,,
O maldito não difere de uma arara,Nd'oîabyî muru arara,,
Que tipo de coisa será que é isto?,Marãba'ep'iã ri?,,
Força de minha alma,Xe 'anga taŷaíba,,
Um homem ladrão que foi posto na prisão como pena de assassinatos,Abá-mondá morapitîagûera repyramo mundeokype i mondebypyrûera,,
A força vital das frutas aqui está,Ybá seté kó sekóû,,
"Eu estava de pés soltos, meus pés soltaram-se (pex, subindo eu a escada)",Xe py-'ir,,
Tu terás a alma limpa,Nde 'ã-kytyngokyne,,
"Podem também as pessoas casar-se diante de um outro padre, de acordo com a vontade do padre responsável por elas",Ikatu bé abá omendá amoaé abaré robaké abaré ogûerekoara remimotara rupi,,
"Quem, necessariamente, a gente chama, estando aflita?",Abáp'amẽ asé osenõî oîkotebẽmo?,,
"O homem desanima, sem mais, de suas danças também",Omanõaibí abá o poraseîtápe bé,,
"O diabo te agasta, de ti tendo medo","Anhanga nde moabaîté, nde suí osykyîébo",,
o ensinamento a nós da palavra de Deus,Tupã nhe'enga asé mbo'esaba,,
Eu sou manchado,Xe apŷab,,
"Logo então, muito rapidamente, levou-o para sempre para o fogo",A'eîbé korite'ĩ-aíb-eté serasóû aûîeramanhẽ tatápe,,
Meu fogo é o lugar em que queimarás,Xe ratá nde kaîaûama,,
"Ele nunca acaba de completar as roupas (lit, não se mostra ele, enfim, completando as roupas) Nd'e'i ymûanĩ osóbo - Nunca acaba ele de ir (lit, não se mostra finalmente indo)",Nd'e'i ymûanĩ ahẽ aoba moaûîébo,,
aldrava da porta,okena potãîa,,
"Isso é que deve ser bem amado, isso verdadeiramente","Aîpó saûsukatupyra, aîpó anhẽ",,
Eia! Que vás logo! Apressa-te!,Ne'ĩ! T'eresó taûîé! Nde apûan!,,
"de fora, do lado da rua",okara koty,,
"cinzas do alguidar, cinzas da bacia (feitas pelas chamas)",nha'ẽpesẽ-uba,,
"É penoso, de fato, remar canoa",Sasy nakó ygá-pukuîa,,
Bateste com um pau na tua esposa!,Ereropûar ybyrá nde remirekó resé!,,
Eu não estou sendo fantasioso,Na xe poranguî gûitekóbo,,
Transgredirei eu a lei de Deus procedendo assim?,Aîabyp'ixé Tupã rekó inã ûitekóbone?,,
Fi-lo rispidamente,Aîmonhang-îeaseî,,
Bateste com o pau na tua esposa!,Ereropûar ybyrá nde remirekó resé!,,
Recebemo-nos uns aos outros,Oroîopopysyk,,
rapazes muito fortes,kunumĩûasu-atã-atã,,
Por isso Deus transformou a costela de nosso pai primeiro em sua esposa?,Emonãnamope Tupã îandé rubypy arukanga nhẽ apóû semirekóramo?,,
Minha vaca que crio,Xe reîmbaba tapi'ira,,
Não querendo repetir seu pecado que ele detestava,O angaîpagûera o emieroŷrõagûera reroîeby-potare'yma,,
Tenho-te como meu filho,Orogûerekó xe ra'yramo,,
Nós estamos amontoados,Oré atyr,,
"Hei de ir adiante de vós, como vosso espião, primeiro","T'akûáne pe renondé, pe manhanamo, ranhẽ",,
Igualmente guarda vossa terra,Oîoîá osarõ nhẽ pe retama,,
Fazendo as pessoas detestarem umas às outras,Abá moîoamotare'ymuká,,
"Certo judeu velho mostrou o lugar em que ela foi enterrada, fazendo-nos alcançá-la","Amõ îudeu tuîba'e i tymagûera kuabe'engi, sesé îandé moîekosupa",,
"Honra a gente também outros dias, neles não trabalhando","Oîmoeté bé asé amõ amõ 'ara, i pupé oporabykye'yma",,
Perdendo o entendimento por causa de sua bebedeira,Sabeypora suí 'ara mokanhema,,
Eu sou paciente,Xe putumuku,,
Hei de tirar-lhe as dificuldades,T'aîabaíbokyne,,
Eu sou de bom semblante,Xe resakûanhyrõ,,
"Confessa-se alguém antes de ir à guerra, antes de embarcar num navio?","Onhemombe'upe abá gûarinĩnamo o só îanondé, ygarusupe o 'ar-y îanondé?",,
O sol se eclipsa,Kûarasy onhemoputun,,
Eu lhe faço ninho,Asayty-monhang,,
Eu sou um pouco bochechudo,Xe retobapé-pyryb,,
Andaste pelos caminhos de fontes com mulheres?,Eregûatápe nhãîmbiara rupi kunhã resé?,,
"Eu não sou resistente, eu não sou firme",Na xe popyatãî,,
todos os que estão nas ilhas,opá 'ypa'ũmendûara,,
Daí virá para julgar todos os que vivem e os que morreram,A'e suí turi oîkobeba'e omanõba'epûera pabẽ rekomonhangane,,
Forrei-o,Aîapŷuban,,
Eu tusso,Xe u'u,,
Não pode a boca de ninguém contar as coisas muito dolorosas no inferno,Nd'e'ikatuî abá îuru Anhanga ratápe tekó-asyeté mombegûabo,,
Salteio,Aporero'ar,,
Não beberás hoje o que eu mastigo,Nd'ere'uî xó kori xe remindu'une!,,
"empenadura de flecha, isto é, penas de asas de pássaros que eram atadas às flechas",u'upepó,,
Vivendo para ir ao encontro da virtude,Tekokatu repenhandápe peîkóbo,,
Eu não,Na ixé ruã,,
Nas armadilhas fiz os malditos entrarem,Kotype muru amoingé,,
remanso d'água,y-îebyra,,
"Atravessando o oceano, fui para fazer pecar os tupis","Paranãgûasu rasapa, asó tupi moangaîpapa",,
Cura-se às vezes,Opûerab amõnume,,
Tomei-o em seco,Asa'ubar,,
"Amarram-lhe as mãos fortemente, fazendo-lhe mal","Îapopûaratã, i moangaîpapa",,
Esse homem e sua esposa também fizeram acabar todas as suas riquezas,Kó abá semirekó abé opá o mba'e mombabi,,
Faço papa dela,Aîka'u,,
"Ficou saltando, reconhecendo imediatamente Jesus, seu senhorzinho","Opor-oporĩ, Îesu o îarĩ kuapa aûnhenhẽ",,
Eu sou gago,Xe nhe'ẽrueru,,
Junto de si mesmo ninguém lhes dá de comer,O pyri abá n'omomba'e'uî,,
"Por que vieste, ó meu muito amado?",Mba'e resépe ereîur xe remiaûsukatu gûi?,,
A palavra de Deus experimentei,Tupã nhe'enga asa'ang,,
Futuros defuntos somos todos nós,Ambyrama pabẽ îandé,,
"Desatei a boca dele (isto é, do cavalo), desencabrestei-o",Aîuru-sambok,,
Estou de joelhos,O endypy'ãe'yîbo aín,,
Eu tenho barba ruiva,Xe rendybaá-îub,,
Picar-me-ia o marigui,Xe su'umo marigûi,,
Eu já estou desvirginada,Xe kûar ymûan,,
"Que era, mesmo, aquilo? (como quem se esquece do que passou)",Mba'e-takó?,,
Eu permaneço seu guardião,Aîkobé n'ixé sarõana,,
"Que é, porventura, daquele?",Umã-pakó? Umã-takó? ou Umã-pakó akûea?,,
Sentou-se em público,Te'yîpe nhẽ i gûapyki,,
Queimemo-lo!,T'ixapy! ou Ixapy!,,
Deverias ter sabido antes do teu agir assim,Ereîkuá ranhẽ meémo emonã nde rekorama,,
"Ah, não estamos acovardados!","Erĩ, nd'oré abangabi!",,
Haveis de bem recobrar o fôlego após vos cansardes,Ta pe putu'ẽngatueté irã pe îemokane'õ ré,,
"Os que não acreditavam nele trabalharam em conjunto, ficando a flechá-lo",Serobîasare'yma potyrõû iî ybõîybõmo,,
Quanto foi o pagamento?,Mbobype sepy?,,
Mas ele não era Deus?,Na Tupã ruã-tepe a'e?,,
Nós estamos em igualdade,Oîoîá îandé,,
Suas antigas lembranças das coisas aí se retirarão,Mba'e resé o nhemoma'enduaragûera a'epe onhenosẽne,,
Encaixotei-me as coisas,Anhemba'e-nhang,,
"Muito bem, pois! Hei de comer todo o banquete de Jacaré-guaçu!","Aûîebeté, rõ! T'a'u pá Îakaregûasu pepyra!",,
"A dança é que é boa, enfeitar-se, untar suas penas","Moraseîa é i katu, îegûaka, sa-mongy",,
Sei fazer isso,A'ekatu eboûinga resé,,
Deus revelar-se-á a mim,Tupã îepîakukari xebene,,
Deixei ontem minha casa,Aseîá kûesé xe roka,,
Encurtei-o,Aîapûapyk,,
Vós me matais,Xe îuká peîepé,,
de madrugada,ka'amutumo,,
De ti a morte não se aproximou,Nde resé te'õ n'osyki,,
desde minha vinda,xe rura agûerabé,,
"Surpreendi-o, na verdade",Asesapy'a é nakó,,
Queimar-vos-ão as chamas de fogo!,Pe rapy tatá-endyne!,,
Pondo-o dentro de um túmulo de pedra,Itá karamemûã pupé i mondepa,,
Levo carga,Ambosyî,,
"Eia, hei de ir contigo!",Ne'ĩ t'asó nde irũmo!,,
"Esta aldeia, não disseste maldades a ela ainda?","Ikó tabape, marã nd'eréîpe i xupé ranhẽ?",,
Não desejes gente,Eporopotar umẽ ,,
corpo morto,Teté-kanhema,,
"Destruiremos a aldeia, como de costume",Îamombá taba îandune,,
agora há pouco,korite'ĩ-mbyryb,,
Ele nunca acaba de completar as roupas,Nd'e'i ymûanĩ ahẽ aoba moaûîébo,,
Mostrando-o aos judeus,Îudeus supé sepîakuká,,
Verdadeiros amaldiçoadores de Deus no fogo te assaram,Tupã momburûareté tatá pupé nde resyri,,
Que sejamos dignos do lugar futuro de nosso regozijo,T'oré angaturãne oré îekosubagûama ri,,
Nossa alma visitas,Asé 'anga ereîosub,,
Eu sou muito pecador,Xe angaîpab-eté,,
"Que confesses a transgressão da palavra de Deus, a persistência nisso também","Tupã nhe'enga abŷagûera t'ereîmombe'u, apore'ymagûera béno",,
Por nos amar mais do que nossa mãe ama seus próprios filhinhos,Asé sy o membypitanga raûsuba sosé asé raûsume nhẽ,,
Lavro as madeiras,Aybyrá-pan,,
O que foge com uma mulher contra sua vontade não pode casar-se com ela,Kunhã reroîabapara semimotare'yma rupi nd'e'ikatuî sesé omendá,,
Ensina falsamente as pessoas a provarem a palavra de Deus,Oporombo'e-a'u Tupã nhe'enga ra'anga,,
"Confessam seus pecadilhos somente Os que são muito grandes deixam-nos, escondendo-os do padre","Oîmombe'u o angaîpá-mirĩ anhõ Tubixabeté oseîá, abaré suí i mima",,
"Escaparão futuramente os animais, os pássaros?","Okûabépe irã so'o, gûyrá?",,
Eu sempre ensinei as pessoas publicamente,Te'yîpe memẽ nhẽ ixé aporombo'e,,
"Como a esses, matarei os que costumam pecar","Anga îá, angaîpabora aîuká",,
muito longe,kûé-kûeîpe é,,
"Enfim, tendo-se vingado, obedeceram-me","Rumby oîeepyka, xe rapîá",,
"esteio, alicerce de casa",okytá,,
o grande número de dias de tua vida,nde rekobesaba 'ara retá,,
Esses temiminós malvados nossa lei detestam,Kó temiminó-poxy îandé rekó ogûeroŷrõ,,
meu pescador,xe porakasara,,
Afinei-o muito,Aîmoa'yrĩngatu,,
Em seu ventre Deus recebeu seu próprio corpo,Sygépe o eterama Tupã tari,,
Em roupas brancas envolveram-no,Aó-tinga pupé i nhubani,,
"Como o vento zune, tremendo por causa de sua bravura","Ybytu îabé osunung, î abaeté suí osyîa",,
Para nos honrarem os índios fazem festa,Îandé moetébo apŷaba nhemosaraî,,
Eis que ele é mau!,E'i tieté ahẽ maniîabo niã!,,
Teus olhos misericordiosos volta em minha direção,Nde resá-poraûsubara erobak ixé koty,,
Tomando o leite de sua mãe,O sy kambûabo oúpa,,
Acordo de madrugada,Îeîbé apak,,
Eu dou à luz,Xe membyrar,,
Eu sou sábio,Xe mba'ekugûab,,
"Logo então a cruz ergueram, fincando-a?",A'eîbépe ybŷá cruz mo'ami i atykábo?,,
Pôr o bispo em nossa testa o óleo santo,Asé sybápe abaregûasu nhandy-karaíba nonga,,
Sairão ainda futuramente dali?,Osem-y bépe irã a'e suíne?,,
O que cria mentiras por causa de alguém,Abá resé mo'ema oîmonhangyba'e,,
"Eis que meu corpo não está disposto, amolecendo","Xe reté ã n'oîkoetéî, omembeka",,
"Enfim, o Filho de Deus nos julgará",Rumby Tupã Ta'yra îandé rekomonhangane,,
Preocupam-se todos os cristãos em saber isso?,-Onhemosaînan pabẽpe cristãos aîpoba'e kuabaûama resé?,,
"A chuva ficava amanhecendo a cair, enchendo o mar","Oky-ko'ẽ-ko'ẽ amana, paranã momungábo",,
Eu sou terrível,Xe taŷgaíb,,
"borbotão d'água, água que brota para cima",y-bura,,
Tenho a carne arrepiada,Xe ro'o-piring,,
"Vem, compadecedor de mim",Eîori xe poraûsubara,,
O que é comum é aquela mulher quebrar em pedaços nossas cabeças,Sekoaba'e kûé kunhã oré akanga i apiti,,
"Eva atraiu-se muito pelo belo fruto, colhendo-o",Eva onhemomotareté 'ybá-poranga resé iî ykyébo,,
Segurei-o fortemente,Aîpysyk-atã,,
Fiquei-o simulando,Aîmorã-moran,,
"Na casa de quem passaste tomando-as, antes de te esconderes?","Abá rokype erekûá tá, nhemim-y îanondé?",,
Eu tenho bens,Xe mba'e,,
Eis que aqui nós estamos,Orokub ikó,,
querendo ir tu para o lado de gente,mosé esó-potá,,
Sustituindo suas palavras para os que o ouviram,Ogûenduparûera supé o nhe'enga rekobîarõmo,,
como criança gerando-se,pitangamo onhemonhanga,,
Em tuas mãos nossa alma está,Nde pópe oré 'anga ruî,,
Ser cordato com um pequeno proceder no mal de alguém,Abá marã sekoagûerĩ resé nherane'yma,,
"Ah, excelente!","Té, aûîé-katutenhẽ!",,
Sofreste a morte,Te'õ ereîporará,,
"E os cadáveres da gente, que sucede a eles?","A'epe asé re'õmbûera, marã?",,
Peço a Pedro por roupa,Aîeruré aoba resé Pedro supé,,
"Acredita, meu padrinho, hão de te apresar hoje","Erobîá, xe rubangab, ta nde moembiá kori",,
remédio bom,mosãngatu,,
Sou um novato,Aîkó pysasuramo,,
"Despiram-no, amarrando-lhe as mãos numa coluna de pedra","Oîaobok, itá-okytá resé i popûá",,
Três são as potências de nossa alma a respeito das coisas,Mosapyr ma'e resé asé 'anga 'ekatuaba,,
Eu tenho muitos bernes,Xe ur - Eu tenho berne Xe u-xe ur,,
Ó mesquinho repositório de muitíssimas coisas más!,Mba'e-poxy-katupabẽ ruru-a'ub-y gûé!,,
"Tenho meu modo de ser diferente (VLB, I, 103), Oré rekó-rekó-aé oroerekó - Temos nossos modos de ser diferentes",Xe rekó-aé arekó,,
Tu mesmo és causa de teu dano,Endé aé ereîekûá,,
Hei de ser bom,"""Xe katupe ká""",,
Não haverá outra comida?,N'i tybi xûépe amõ mi'u?,,
"Fico girando em círculos, fico rodeando (como o que se perdeu ou que busca alguma coisa)",Anhatimã-timanĩ,,
Enterrando os antigos maus hábitos,Tekopoxypûera tyma,,
"daí, desse lugar (em que estás)",ebanõîa suí,,
"Enfim, os moços escondem seus muito maus procedimentos",Aûîé kunumĩgûasu o ekó-aíbeté oîomim,,
"encontros das asas, isto é, a parte superior delas, onde vão fazendo a volta e onde nascem as penas maiores",pepó-ypy,,
Dei um tombo,Ayapyĩ,,
"Talvez seja o anjo, guardião verdadeiro desta aldeia","Karaibebé serã, kó taba rarõaneté",,
pescando bem os canapus,kunapu rekyî-etébo,,
"Assim, desta maneira, na verdade, a gente subirá para o céu, após lançar fora seu grande peso","Nandé rakó asé îeupiri ybakypene, o posyîusu reîtyk'iré",,
Provejo-me das minhas coisas,Anhemosaînan xe mba'erama resé,,
água sem mistura,y anhẽ,,
"Logo, vencendo os temiminós, habitantes daqui, frequentá-los-ei","Koromõ keygûara temiminõ moaûîébo, asapekóne",,
Que a gente evoca diante dele como sua esperança?,"Mba'epe asé osenõî i xupé, o îerobîasabamo?",,
Ainda hoje fazendo-os cair,A'ebé kori i mbo'ane,,
"Ali também estão os meninos, as meninas, as moças que guardaram seus corpos em Deus","A'epe bé kunumĩ, kunhataĩ, kunhãmuku Tupã resé ogûeté onongatuba'epûera rekóû",,
"o próprio Pedro, Pedro mesmo",Pedro aé,,
resto do tronco de árvore que fica na terra após o seu corte,ypypûera,,
Está muito desfigurado meu rosto,I te i té xe robá,,
"Guardai-vos de inventar impedimentos ao casamento, contando o que não é verdade",Peteumẽ mendara moarupaba mo'anga'upa supindûare'yma mombegûabo,,
Para julgar todos os que vivem e os que morreram,"Oîkobeba'e, omanõba'epûera pabẽ rekomonhanga",,
Não o temais,Peîpoûsub ymẽ,,
minha herança,xe potaba,,
Não querendo que se apague a luz de nossa alma,Asé 'anga resapesaba gûeba potare'yma,,
"Ah, esquadrinham todos os lugares por nós","Té, oîoakypûereká îandébe",,
Eu sou furioso,Xe marãmotar,,
"o que tem pênis, macho",sakûãîba'e,,
"Vamos dar uma volta, primeiro",Îaîebyîeby ranhẽ,,
Desde ontem não como nada,Kûesé bé mba'e n'a'uî,,
Mando matá-lo,Aîuká-ukar,,
Não mato,Aîukae'ym,,
Três pessoas vieram,Mosapyr abá our,,
Pus-me espertadura,Aîe'atype'a,,
"Estando diante de Deus, de mim não te afastas","Tupã robaké eîkóbo, xe suí nd'eresyryki",,
Não pode o que não é padre fazer as coisas assim?,Nd'e'ikatuîpe abaréramo oîkoe'ymba'e emonã tekó monhanga?,,
Estavam dormindo de aflição,Oker okûapa tekotebẽ suí nhẽ,,
"Estando nós no amor de Deus, a verdadeira felicidade temos","Tupã îoaûsuba pupé îaîkóbo, tekokatu-eté îarekó",,
folha tenra,só-kyra,,
É para mim terrível vê-los,I abaeté sepîaka ixébo,,
Ele é gostoso,Sé,,
Qual é o modo verdadeiro de chamar os batizados?,Marãpe i mongaraibypyramo renõîndabeté?,,
Hei de embebedar-me!,T'asabeypó!,,
Estando eu em casa de cristãos,Karaibokype ûitekóbo,,
Eu sou ríspido,Xe îeaseîxûer,,
Hei de me aproximar de minha futura e verdadeira vida,Arokakar xe rekobé-etérama re'ĩ,,
pescaria com puçá-guaçu,pysagûasu-eîtykaba,,
poleiro das aves,gûyrá rendaba,,
Dou-o em recompensa,Aîme'eng sepyramo,,
"o sem mãe, o órfão de mãe",sye'yma,,
"Tão logo ao ouvir o teu nome, o diabo está tremendo","Nde rera rendupa abé, Anhanga ryryî okûapa",,
"Contaste o mau procedimento de alguém, que somente tu viste, para as pessoas?",Ereîmombe'upe abá rekopoxŷagûera oîepebẽ nde remiepîakûera abá supé?,,
"Haveis de vos consolar muito futuramente, após acabar a batalha",Ta peapysyketé irã marana pab'iré,,
"Em reparação disso, mudaste-te de aldeia","Sepŷápe, ereîakasó",,
Eis que aqui ele está deitado,Kó tuî kó,,
porto das canoas,ygara îepotasatyba,,
"Desesperar-se-ão muito, certamente, os que são maus",I anhamãngatu nipó i angaîpaba'e-ne,,
Saqueei-lhe as coisas completamente,Aîmba'e-pysyrõ-mbab,,
"mata ótima, de boa madeira",ka'aeté,,
"Eia, para não serdes semelhantes a uma maldição a vosso senhor",Pe'ĩ pe îara momburu îasûara suí,,
rarissimamente,marangatuabé é,,
Fá-lo sofrer o frio,Îaîmomboreaûsu ro'y,,
"Eu tenho presas, eu faço presas, eu apreso",Xe rembiar,,
Fico-o mastigando (sem dentes),Anhagûã-nhagûãî,,
Pode a gente trocar seu próprio nome ao receber aquele?,E'ikatupe asé aîpoba'e rasápe ogûera rekobîarõmo?,,
"Por isso mesmo Deus te repeliu, desde então o fogo para sempre queimando-te","Nd'e'i te'e Tupã nde pe'abo, a'epûerype tatá aûîerama nde rapŷabo",,
"Por isso mesmo, tendo saudades um do outro, ficam tristes","Nd'e'i te'e oîoepîaka'upa, o karukasyramo",,
"Este meu tacape não está à toa nas minhas mãos, mas, sim, é o instrumento com que vos racharei","Kó xe itangapema xe pópe nd'oîkóî tenhẽ, pe mombokaûama é",,
Procuremos alimentos para aqueles homens,T'i poraká apó abá,,
"Curou-o, somente tocando sua orelha","Oîposanong, i nambi atõîa nhõte",,
"Que amemos a mãe de Deus, por ela interessando-nos","Tupã sy t'îasaûsu, sesé îanhemoryryîa",,
Que experimentemos a força dos homens conosco,T'isa'ang apŷaba marã îandé irũ,,
para adiante de Lisboa,Lisboa amongoty,,
somente um bocado,oîepé îuru nhõ,,
Culpei-o falsamente,Asenõî tenhẽ,,
a vaca que crio,xe reîmbaba tapi'ira,,
o limite de minha roça,xe kó robapy,,
Estejamos em união,Oîepegûasu t'îaîkó,,
Para que creiam os que se batizarão,T'ogûerobîá oîemongaraiba'erama,,
Tiveste relações sexuais com alguma mulher como tua prostituta?,Ereîkópe kunhã amõ resé nde sugûaraîyramo?,,
"Não foste tu, certamente, que te atraíste pelas mulheres?",Na nde ruã-te p'akó kunhã ri ereîemomotá?,,
salvador da gente,moropysyrõana,,
Eu caí de sono,Xe ker-aparar,,
Havemos de ir,T'asóne - Hei de ir T'orosóne,,
Vivei verdadeiramente com a rainha Graça,Peîkó-eté Grácia rainha ndibé,,
"Eis aqui meu arco, eis aqui as farpas","Kobé xe îurupara, kobé arupare'aka",,
Estando eu junto de ti,Nde pyri gûitekóbo nhẽ,,
Logo o viu,Koromõ sepîaki,,
Mas livra-nos tu das coisas más,Oré pysyrõ-te îepé mba'e-aíba suí,,
Ando perdido,Xe ropá-ropar,,
Eu tenho o rabo cortado,Xe rûaîasyk,,
Os que estão achegados a ti,Nde resé serosypyra,,
Eu sou habilidoso,Xe kyre'ym,,
"Fi-lo estar como forro, alforriei-o",Abaetéramo aîmoingó,,
As namoradas me amavam,Kunhã'yba xe raûsu,,
E os rapazes que perseguem mulheres?,A'epe kunumĩgûasu kunhã oîmomosemba'e?,,
Vestir os nus,Ikatupendûara moaoba,,
De maneira nenhuma,-Setápe asé nhemongaraíbi? - Aani - A gente batiza-se muitas vezes?,,
Eis que aqui estou como teu filho pecador,Kobé aîkó nde ra'yrangaîpabĩnamo,,
Que cheguemos ao alto,Ybaté t'orobasẽ,,
Querendo abertos os buracos das orelhas da gente,Asé apysakûá-puka potá,,
cal de ostra,reri ku'i,,
"Tremo, ambas as minhas coxas adormeceram","Aryryî, opá xe uba îesyî",,
Alarguei meus passos,Aîmoatã xe rapupa'ũ,,
Arrependendo-se ele de ter batido em ti,Nde resé i pûaragûera moasŷabo,,
castrado,sapi'a'okypyra,,
Invocando a Deus ou sua própria alma ou a cruz ou algo verdadeiro,Tupã koîpó o 'anga koîpó cruz koîpó anheté renõîa,,
"Eu não tenho boca cuidadosa (isto é, sou destemido em falar)",Na xe îuruposykyîéî,,
"Por causa disso, agora amo a meu senhor Jesus","Aîpoba'e ri, ko'y asaûsu xe îara Îesu",,
"Eu sou cristão, eu sou virtuoso","Xe cristão, xe karaí",,
"Filhos de índios, certamente","Abá ra'yra, ipó",,
Eu sou malhado na cabeça,Xe 'apititing,,
Fazei a Deus Nosso Senhor perdoar a mim,Peîmonhyrõ Tupã Îandé Îara ixébo,,
largamente,marangatu-eté,,
"Baixou a cabeça, ficando a gritar",Oîeaŷbyk ogûasem-asemamo,,
neném compadecedor,pitangĩ-moraûsubara,,
Eu sou visitador,Xe posubixûer,,
suas coisas comuns,i îomba'e,,
"Caem, às vezes, os frutos das suas árvores, sendo ainda flores",Okuî rakó amũme 'ybarambûera o 'yba suí 'ybotyramo oîkóbo bé,,
Eu lhe pélo o couro cabeludo,Aî'apir-abo'o,,
"meu irmão gêmeo, o que nasceu juntamente comigo",xe kõîgûera,,
a que é (ou deve ser) alforriada,i mokunhãmbyra,,
"Esse é meu antigo enforcador, querendo enforcar-me novamente!",Akó xe îubykarûera xe îubyk benhẽ potá!,,
Por que bates em mim?,Marãpe erepûar xe resé?,,
Feriste alguém também?,Ereîapixabype amõno?,,
Que a gente honra ao erguer o padre o cálice da missa?,Mba'epe asé oîmoeté abaré itaîukamusi rupireme?,,
"Dói-me a cabeça (e não o corpo na qual ela está, que não participa do processo descrito pelo verbo)",Sasy xe akanga xe suí,,
Embarco contigo,A'ar nde pupé,,
"Eis que somente ele tem coisas boas, em vez de mim!","Ahẽ nhõ ikó i mba'e-katu, xe suí mã!",,
Dentro de uma casinha estás,Ó-mirĩ pupé ereîkó,,
Matemos juntos o que diz isso,Îaîuká memẽ aîpó 'îara,,
Que vos lembreis deste dia em que descansei após terminá-las todas,Ta pe ma'enduar ikó 'ara ixé i moaûîé pá roîré xe putu'uagûera resé,,
Eu sou calvo,Xe 'akuî,,
Fica pisando o maldito,-Muru ri opurũ-purung,,
Eu sou pardo,Xe pytang,,
"Detestando-os muito, tratai-los muito mal","I amotare'ym-etébo, perekó-aí-aí",,
escória do ferro,itá repoti,,
Torci-o,Aîpepyr,,
"Não em vão Deus disse isso, não dizendo ""- pode ser""","Nd'e'i te'e Tupã aîpó o'îabo ""re'ĩ"" o'eyma",,
"Somente desejando-a, nela tocando também","I potá nhote, sesé opokoka abé",,
Longamente eu o estive fazendo,Ipuku xe rekóû i monhanga,,
Que coisa é que fica batendo no rosto de seu próprio chefe?,Mba'e-embiarĩ-pakó og ubixaba robá resé opûá-opûar?,,
terceiro,momosapysara,,
"Calava-se, estando de pé, não respondendo as palavras deles","Opyk o'ama, i nhe'engobaxûare'yma",,
"Eu sou enfermiço, doentio (isto é, tenho propensão para adoecer amiúde)",Xe mba'easy-potar îá,,
querendo fazer-nos preparar,îandé monhemosako'i-potá,,
Ele é fundo,Typy,,
Confio muito em mim mesmo,Aîerobîá-katu xe îoesé,,
Eu também sou um porco,Xe abé taîasugûaîa,,
Hei de vê-lo,T'asepîáne,,
"Ostra Grande, nome de pessoa",Reriûasu,,
Comeste carne no tempo de não a comer?,Ere'upe so'o i gûabe'yma pupé?,,
"Ah, bom tempo aquele em que lá fui!",Kûesenhe'ymĩkaé xe sóû a'epe mã!,,
quando ele defeca,sepotireme,,
Procedo muito mal,Marã-marã tenhẽ aîkó,,
Eu estou esfalfado,Xe ra'ypab,,
Tragamos quaisquer coisas para esses,T'irur ma'e tiruã anga pé,,
Entornei-o,Anhosen,,
"Estando com suas roupas brancas, como recompensa de o terem batizado",O aó-tinga o mongaraibagûera repyramo reroína,,
Com seu sopro somente dando vida a ele,O pytu pupé nhote tekobé me'enga i xupé,,
Não se separa algumas vezes da alma da gente?,Nd'o'iripe amõnyme asé 'anga suí?,,
"Tomaste remédio, não querendo ficar grávida?",Ereposangu'upe nde puru'a-potare'ymamo?,,
"Mas vinho mesmo, de fato, colocam dentro dele?",Kaûĩ aé ruã-tepe ybŷá onong i pupé?,,
Enfim eu vou,Rumby gûixóbo,,
Sujei-o de visgo,Anhomong,,
Eu tenho olhos esbugalhados,Xe resá-ynhusu,,
"Suportando a escuridão, estamos muito aflitos","Putunusu porarábo, oroîkotebẽngatu",,
Todos os vícios colocaram bem em seus corações,Opabĩ tekoaíba mondebi-katu o py'ape,,
"A gente confessa totalmente, de costume, seus próprios pecados?",Oîmombe'u pakatupe amẽ asé o angaîpagûera?,,
Levei-o secretamente,Arasó-nhemim,,
"Eis que com seu corpo deve estar sua divindade, nos pedacinhos também, inteiramente","I Tupã irũmo bé kó seté rekóû, pesembûeri pupé bé gûetépe-katu re'a",,
Como o saberão?,Marãpe i kugûabine?,,
"por aí, por ali",eboûinga rupi,,
Não por me amar,Na xe raûsupeî,,
"Eu sou mediano, eu não sou grande nem pequeno",Xe boîá,,
"Disseste falsamente que ele disse isso, sendo maledicente?","""-E'i kó"" eré tenhẽpe nde îuruaíbamo?",,
Não faz sentido ele fazer a defesa da morte fora de Jesus Cristo,N'i aîarõî Îesu Cristo taté é te'õ suí i îepirapûana,,
Ergui a espinhela,Aîpusu'ã-mogûyr,,
Pilei-lhe as taipas,Aîybysosok,,
Uma coisa amarga com vinagre misturaram,Mba'e-py'aûpîara kaûĩaîasy resé i monani,,
Descasquei-o,Aîape'ok,,
caminho impraticável,pé-aíba,,
"meu clítoris, meu tamatiá",Xe ramati'ã,,
cova de sepultura,Tyby-kûara,,
"Tomaste, sem razão, alguma coisa de alguém?",Ereîar tenhẽpe abá mba'e amõ?,,
Puni-o,Arekomarã,,
"Faço intervalos em minhas entradas na igreja (isto é, entro uma vez sim, outra não)",Aîmopa'ũ-pa'ũ nhote Tupãokype xe reîké,,
"Saiu para o pátio, chorando muito dolorosamente","Osem okarype, oîase'o-asy-katûabo",,
Querendo conhecer seus casamentos antigos,I mendarymana kuaba potá,,
Eles se tratam uns aos outros como semelhantes por causa de sua irmandade,O îoasykûera ri îasûaramo i îogûerekóû,,
Estou em cilada,Kotype aîub,,
Eu tenho fala rápida,Xe nhe'ẽ-mby'i,,
Não contém mais nada minha bolsa,N'i pori be'ĩ xe aîó,,
"Quando chegou a morte, para junto de Deus-Pai Jesus fez-te subir","Te'õ mbasembápe, Tupã Tuba pyri Îesu nde rupiri",,
Levanto-me,Abyr,,
Pagaste aquilo que tu usaste?,Eresepyme'engype nde remiporupûera?,,
Se tivesses sido bom,Nde marangatu meémo,,
Quem és tu?,Abápe nde?,,
Mas acreditais realmente em Deus?,Perobîar-y-tepe aé Tupã?,,
Envolvendo com véus seu rosto,Aobybĩ pupé sobá ubana,,
Ela fez seu marido comer o fruto de modo vil,A'e o mena supé 'ybá-'u-ukar-a'ubi,,
Bebi água,A'y-'u,,
por um triz que não,-sûerĩ,,
"Castiga o maldito, fazendo-o correr","Moxy oînupã, i monhana",,
Estão sempre cheias as igaçabas,Tynysẽ memẽ ygasaba,,
Eu estou muito desfigurado,Xe té xe té,,
"A que ingere uma poção, querendo matar seu feto",O puru'a îuká-potá mosanga o'uba'e,,
Não deixarei de o querer,N'aîpotare'ymi xûéne,,
Estou sendo um tanto arrogante,Aîerobîá-pyryb gûitekóbo,,
enseada ou baía de mar,paranãngûá,,
"Para confortar tua alma, nós o ficamos abraçando","Nde 'anga moapysykápe, oroîaîubã-îubã",,
"brandamente, suavemente",mbegûé-katu,,
Vôo como este vento,Abebé kó ybytu îá,,
"Eu estou febril, eu tenho febre",Xe akanunduk,,
Por acaso todos os que estavam ali ficaram a injuriá-lo?,Opabenhẽ serã erimba'e a'epe tekoara iî a'o-îa'oû?,,
"Vim de motu próprio, vim de própria vontade",Aîur é,,
"farinha puba, farinha d'água, ou seja, de mandioca curtida, que se espremia no tipiti e que se passava pela urupema",u'i-puba,,
Não comas este fruto que me é reservado,E'u umẽ ikó 'ybá xe rekoate'ỹmbaba,,
Madeira é o que falta,Ybyrá angapeẽamẽ,,
Sou leviano,Abebuînhẽ,,
Qual é o preço delas?,Mba'epe sepyrama?,,
A gente o faz ir em busca de padre também?,Abaré abépe asé oîpiamondó?,,
"Morro falsamente, isto é, desmaio, desfaleço",Amanõ-aíb,,
Finjo que não o quero,N'aîpotare'ym-a'ubi,,
Arrebentando as coisas de alguém,Abá mba'e mombuka,,
Segui pelo mar (em navio) 'Y rupi agûatá - Andei pelo rio (de barco),Paranã rupi agûatá,,
Ao lado de sua mãe a criança está deitada,O sy posé pitanga ruî,,
Lembra-te já do término de tuas coisas,Nde ma'enduar nde rekó pabagûama resé rá,,
Acreditas em falsas oferendas?,Ererobîápe îetanonga'uba?,,
"Por isso mesmo é que, em seus corações ficando a refletir, desafiam muito a Deus","Nd'ei te'e, o py'a pupé oîemongetá-ngetábo, Tupã momburukatûabo",,
Catorze são aquelas coisas em que creremos,Catorze asé remierobîarama,,
"O tucum é estopento (isto é, fibroso como a estopa)",Tukũ sybyr,,
Parti-o pelo meio,Oîopyterybo rupi aîmombok,,
Ponde uma cruz diante deste doente como objeto da visão de seus olhos,Peîmoín amõ cruz oîepé kó mara'abora robaké sesá ma'ẽndabamo,,
Procedendo de que forma o homem o transgride?,Marã oîkóbo bépe abá i abyû?,,
"Tentastes em vão, por pouco tempo, não dormir perto de mim",Pesa'ang îepé korite'ĩ nhõte xe pyri pekere'yma,,
o avesso dele,i py,,
Fiquei-a beliscando,Aîpĩ-pin,,
Aonde ele foi após acabar de comer?,Mamõpe i xóû o mba'e'u-pab'iré?,,
Estou quieto,Aîubĩote,,
Ficaram todos gritando com ele,Oposẽ-posẽ pabenhẽ sesé,,
"Embora me evoques os atos, daqueles arrependo-me","Xe rekó-ekyî îepé, a'epûera aîmoasy",,
"Assim como a gente reconhece o dia dos santos, do mesmo modo, também, até mesmo seus ossinhos a gente cultua, tendo-os no pescoço","Oîabo asé santos 'ara kuabi, oîabo bé asé i kangûerĩ tiruã momba'etéû, o aîuri serekóbo",,
Dizendo que um canto de pássaro ou um urro de onça são agouros,Gûyrá koîpó îagûara nhe'enga supé morangygûana o'îabo,,
"Por se compadecer de mim, minh'alma faz firme","Xe raûsubasápe, xe 'anga moteni",,
"E quanto a ti, Boiuçu?","Marãpe nde, Mboîusu?",,
"Alguém não reconheceria ter comido algo bom, esquecendo-se da excelência de seu sabor?",Abámo mba'e-katu 'uagûera n'oîkuabi xûé sé katûagûera resé o esaraîamo?,,
pedra de beiço pontuda,metarapûá,,
Dei coisas para outra pessoa que não a meu pai,Aîme'eng mba'e xe ruba taté nhẽ,,
"prenseiro, o que prensa",pokasara,,
"madeira fina, ótima",ybyrá-eté,,
três dedos dos pés,mosapyr mysã,,
Que me faça viver longamente,Ta xe moingobé-puku,,
Pensa em vir para vos espantar,Oú-mo'ang pe mondyîa,,
Eu sou mal-encarado,Xe robasy,,
o que está junto de Deus,Tupã pyri oîkoba'e,,
"na ponta da rede, no punho da rede",api anhãî,,
"Ainda sendo criancinha aquele Nosso Senhor Jesus Cristo era conhecedor de quaisquer coisas, como em sua idade adulta?",O pitangĩnamo bépe a'e Îandé Îara Îesu Cristo mba'e tetiruã kuaparamo sekóû o kakuaba îabé?,,
beco ou rua estreita,onhoba'ũ-mirĩ,,
Vinde para pranteá-lo ao entrar ele em vós,Peîori sapirõagûama resé pe pupé seîkéreme,,
Agora tua concepção trouxe grande alegria,"Ko'y, nde nhemonhangaba ogûeru torybeté",,
aquele outro,akó amõaé,,
Eles estarão muitíssimo doentes,I mara'a tenhẽ,,
"Eia, roga por nossa virtude!",Katunhẽ eîerurébo oré katûagûama ri!,,
"Querendo que ele entre para junto de vós mesmos, lançai fora vossas maldades","Pe îoupé seîké potá, peîtyk pe angaîpaba",,
A morte é a ameaça daqueles que se casam verdadeiramente,Te'õ a'e mendasareté momboîsabamo,,
Eu quero presas nas pessoas de alguns bêbados,Xe rembiá-potá sabeypora amõ resé,,
Querendo logo levar-nos,Asé rerasó sapy'a potá,,
"Os chefes velhos falam sempre a eles, repreendendo-os, censurando-os","Morubixaba tuîba'e onhe'eng memẽ i xupé, senonhena, i akakapa",,
Derrama tuas lágrimas,Eîmo'ẽ nde resa'y,,
"A lã em roupa transformamos (isto é, da lã fazemos roupa)",So'o ragûera aobamo îaîmonhang,,
"Embora eles tenham igrejas para ficar rezando, a todos arruinei","I Tupãok îepé, Tupãmongetá-ngetábo, aîmomoxy pabenhẽ ",,
cera dos ouvidos,apysá-ygugûá,,
Transformo o ferro em anzol,Aîmonhang itá pindáramo,,
Que ela faça seu mui belo filho perdoar a nós,O memby-porangeté t'omoîerekûab orébo,,
Estou quieto,Aîubĩ,,
a companheira de minha mãe,xe sy'yra,,
"daí, desse lugar (que tu dizes)",aîpó suí,,
Nosso inimigo vencendo para sempre,Oré sumarã reîtyka memẽ,,
"Ontem, é verdade, alguns sumiram","Kûeîsé, rakó, amõ kanhemi",,
"a descida dele (pex, de um monte)",seroapy'ambaba,,
Que Deus dará para a gente no céu?,Mba'epe Tupã oîme'eng asébe ybakypene?,,
Sede corajosos junto de vosso inimigo,Peîkoeté pe robaîara pé,,
Vivo mal,Aîkó-poxy,,
"Hoje, assim, de modo nenhum nos impedem nossa estada","Kori, nã, îandé rekó îandé moarûapa angá",,
Enjoa-te de teu velho modo de ser!,Eîmoting nde rekopûera!,,
"Por causa disso, com efeito, agora o amo","Aîpó resé nhẽ, ko'y asaûsu",,
"Ai, quem me dera ir com ele hoje!",Asó temõ kori ahẽ irũmo mã!,,
meu soltar de grunhidos,xe kororõ-pysyrõ,,
fedor de boca,îurunema,,
"Tu estás muito feliz, ilusoriamente, envergonhando meus súditos","Nde rory-roryb-a'u, xe boîá momara'a",,
Não deixes de o querer,Eîpotare'ymumẽ,,
remador de canoa,ygá-pukuîtara,,
E a aproximação do parto de uma grávida não é também motivo de se ter medo?,- A'epe muru'apora membyrasy kakara na nheangûaba bé ruã?,,
Finjo que vou,Asó-asó-a'ub,,
Por isso mesmo as malditas correm,Nd'e'i te'e moxy onhana,,
Reatei-o,Aîapytĩatã,,
Qual é teu nome?,Marãpe nde rera?,,
"Eis que, como está no céu, Nosso Senhor está dentro do pão nas mãos do padre, com certeza","Akó ybakype ogûekó îakatu, Îandé Îara rekóû miapepûera pupé nhẽ abaré pópe re'a",,
"Rompeu-se teu coração, por amor a ele","Obok nde nhy'ã, saûsuba resé",,
homem intolerante,abá-poromborybe'yma,,
Hei de contar os pecados deles para que tu acredites em mim,T'aîpapáne i angaîpaba ta xe rerobîá îepé,,
"Ah, tão somente eu, na verdade, sofrerei isto!",Xe nhõngatueté koba'e aîporaráne mã!,,
Não há muitos restos deles,N'i tyb-etáî semyrûera,,
"Que seja minha mãe, de fato",Xe syramongatu t'oîkó,,
"Iam mulheres, discípulas dele, pranteando-o",Osó kunhã semimbo'e-etá sapirõmo,,
"Eis que sofrem muito os que Deus repeliu, tendo sua vida envergonhada","Sasyeté niã Tupã remipe'apûera, ogûekó-mara'ara reroína",,
Porventura a tentação é coisa semelhante a um laço?,Îusana abŷare'yma nhẽ serã tentação?,,
"São Sebastião destruiu os tamoios, os valentes","São Sebastião tamũîa, kyre'ymbagûera, omombab erimba'e",,
"Abri-me a boca, bocejei",Aîeîuru-pirar,,
"Lentamente, enfim, o homem perde entendimento, sua vista aguda de outrora desaparece, tentando inutilmente a fala","Mbegûé é ko'yté abá tekokuá kanhemi, sesapysopûera kanhemi, o nhe'engabûera ra'ang îepébo",,
"Que entres no meu coração, guardando bem meu interior","Xe nhy'ãme t'ereîké, xe py'a moingatûabo",,
"O próprio Deus a gente honra, de costume",Tupã aé namẽ asé oîmoeté,,
a que amamenta,mokambûara,,
Estou desleixando,Atumbé-tumbek,,
"Eia, meu aliado!",Ne'ĩ xe atuasar,,
"Enfim, de volta!",Irõ bé!,,
"Jesus, guardião da alegria",Iesu toryberekoara,,
É certeiro esse maldito,I pûakatu kó muru,,
três chefes,mosapyr morubixaba,,
"Isso é assim, certamente",Emonã ûĩ re'a,,
Antigamente eu ficava sempre junto de ti,Akûeîme apytá memẽ nde pyri,,
Temos coisas comuns,Îarekó o îomba'e,,
Abusaste de alguma criança no seu sono?,Ereîapyaípe pitanga amõ i kerype?,,
Eu estou embasbacado,Xe rembeirĩ,,
"Enfim, os moços escondem seus muito maus procedimentos","Aûîé, kunumĩgûasu o ekó-aíbeté oîomim",,
"Estão felizes os anjos, festejando este dia","Sory karaibebé, ikó 'ara momoranga",,
Qual é a causa de nos amar Santa Maria?,Mba'epe Santa Maria asé raûsupaba?,,
"Não fomos nós, mas nossos subordinados","Na oré ruã, oré kyra é",,
Beijei-o,Aîpyter,,
Eu estou em guerra,Xe marãmotar,,
"Assim como tu não queres que alguém furte de ti tuas coisas, guarda-te de furtar as coisas de alguém","Nde îosuí nde mba'e resé abá mondarõ nde i potare'yma îabé, teumẽ abá mba'e resé é mondarõmo",,
Obedeceste às palavras do governante da aldeia ou a teu mestre?,Ereîporakápe taba rerekoara nhe'enga koîpó nde mbo'esara?,,
Quase fui,Asosûé,,
Eu tenho mãos rápidas para assim agir,Xe pó-py'i emonã gûitekóbo,,
debaixo da pedra,itá gûyrype,,
"Meu irmão, perdoa tu a mim","Xe rybyt, nde nhyrõ xebo",,
"Eis meus chifrões, meus dentes","Kó xe 'akusu, xe ranha",,
Tenho jeito para a coisa,A'ekatu mba'e resé,,
Roupa branca mandando colocar nele como meio de maltratá-lo,Aó-tinga mondebuká sesé serekomemûãsabamo,,
"por aí, por essa parte",ebapó rupi,,
"conhecedor de animais, bom de caça (fal de cão)",so'o-kugûaba,,
Sabem bem de sua futura saída dali?,Oîkuá-katupe a'e suí o semagûama?,,
Dói muito ao homem perceber sua morte,Sasy-eté abá supé ogûe'õnama anduba,,
Faça-se tua vontade,T'onhemonhang nde remimotara,,
Escolheu-a para sua futura mãe,I pysyrõû o syrama resé,,
Sua busca de gente nas pessoas das mulheres,Kunhã ri i moreká,,
Morreram todos,Omanõ-mbá,,
Vou com Pedro,Orosó Pedro pabẽ,,
A ponte derrubam,Îarybobõ omonguî,,
Livra-me tu!,Xe pysyrõ îepé!,,
Espalham pelas aldeias homens que pregam às pessoas,Apŷaba abá mombegûara oîmosãî taba rupi,,
Que índios são esses?,Mba'e apŷabap'aîpó?,,
"rapaz (por desprezo, pejorativo)",kunumĩ-a'uba,,
Eu tenho muito preço,Xe repy-etá,,
Ele é grande,Xe reburusu - Eu sou grande Seburusu,,
Eu tenho olhos tortos,Xe py-bang - Eu tenho os pés tortos Xe resá-bang,,
Pedro foi primeiro,Pedro ranhẽ osó,,
"de que parte de, de que lugar específico? (Pex, perguntando a alguém que vem de Paraguaçu de qual das fazendas ali situadas ele vem)",umã suí-katu?,,
"Tenho medo, tremo!","Asykyîé, aryryî!",,
Deste as coisas sumidas que tu achaste para seu dono?,Ereîme'engype mba'e-kanhema nde basemagûera i îara supé?,,
"O homem, ao morrer um filho seu, fica longamente em pranto",Abá o a'yra re'õneme oîase'o-erekó-puku,,
"os que foram seus companheiros, seus ex-companheiros",irũmbûera,,
Fiquei em pranto,Aîase'o-rekó,,
"Segundo seu costume, certamente Deus perdoará a ti, afinal",O poekûabo ipó Tupã nhyrõnamo ndebe ko'yténe,,
Cavei-o duramente,Asybykoî-atã,,
Açoito gente frequentemente,Xe poronupã îaby,,
Tomei-o às costas,Aîar xe aseî,,
Eu tenho mestre,Xe porombo'esar,,
Pagou outrora por seu proceder assim?,Osepyme'engype erimba'e emonã o ekoagûera?,,
Os índios atacarás,Apŷaba eresepenhãne,,
E agora?,ko'yr é-katuetépe?,,
Nós nos combatemos uns aos outros,Oroîogûerekó,,
Não sejas mentiroso por causa de ninguém,Nde remo'em umẽ abá resé,,
Eis que este é discípulo de Jesus,Iesus boîá ã ikó,,
"Eis que minha alma, lugar de tua vinda, há de estar como teu leito","Kó xe 'anga, nde rusaba, nde rupabamo t'oîkó",,
Atraíste alguma mulher para junto de teu próximo?,Ereîmonharõpe kunhã amõ nde rapixara pyri?,,
Sofrerá também alguma coisa ali estando?,Oîporará abépe mba'e amõ eboûĩme oîkóbone?,,
"Suportando o choro, o menino belo está deitado","Îase'o porarasápe, kunumĩ-poranga ruî",,
Tapei-o,Asesaatyká,,
"o que estava à sua direita (isto é, a companhia do lado da sua mão direita)",i 'ekatûaba kotysaba é,,
Eu estou úmido,Xe akymaíb,,
Tendo alegria após sua morte,O manõ riré toryba rerekóbo,,
É difícil para mim tentá-los,I abaí xebo sa'anga,,
Guarda-te de abandonar tua obra,Teumẽ nde rekó mote'ebo,,
Que não aconteça de alguma coisa te deixar ignorante,Te'itenheumẽ mba'e amõ nde motekokuabe'yma,,
afastando o diabo,anhanga pe'abo,,
O que não repete seus antigos pecados,O angaîpagûera reroîebysare'yma,,
cacos de pedra,itá-pesembûera,,
Pelo sinal da Santa Cruz livra-nos tu,Santa Cruz ra'angaba resé oré pysyrõ îepé,,
"Não são segundo a quantidade deles os peixes que ele apanha (isto é, o que ele pesca é muito aquém dos peixes que há)",N'i îáî pirá sembiara,,
Eu vivo papeando,Xe nhe'engixûer gûitekóbo,,
Por que libertas aquele por quem nos cansamos?,Marãpe ereîpysyrõ oré kane'õagûera?,,
"Tu foste chocarreira, estando deitada sobre teu próximo?",Nde arũaípe nde rapixara 'arybo eîupa?,,
Por que alguém se casa?,Mba'erama resépe abá mendari?,,
Que coisa buscas?,Mba'e resépe ereîkó?,,
Coze o peixe,Emoîyb pirá,,
Pus o sapato,Aîpyapasá-mondeb,,
"Isso é referente a mim, isso é o que me concerne",Xe resendûara ebokûea,,
minha antiga região,xe retãmbûera,,
Hei de ser bom,Xe katupe ká,,
Furou também minha cabeça,Omombuk-y bé xe akanga,,
"Que disseram seus adversários, indo?",Marã e'ipe supîarûera osóbo?,,
tipo de corte de cabelo dos índios (etim - cabelo de morcego),andyrá-'aba,,
"Apressa-te, corre, vem!","Nde apûan, enhan, eîu!",,
Diz-se que vou,Asó ra'e,,
Saiu para o pátio,Osem okarype,,
Usaste feitiço?,Mosangape ereîpuru?,,
"Como os inimigos e os soldados, apanhando-o, trataram-no, então?","Marãpe tobaîaretá, maranaritekoara, i pysyka, serekóû a'ereme?",,
Semelhante a uma roupa de querejuá que brilha mais que o sol,Aó-kereîûá kûarasy sosé oberaba'e nungara,,
rego d'água,y rapé,,
Veio um grande chefe,Oú tubixá-katu,,
"Tão logo indo eu, ele veio",Xe só abé turi,,
A gente os tem cada um o seu próprio (anjo da guarda)?,O îabi'õpe asé serekóû?,,
"Fi-lo apresador de mim (isto é, deixei-me vencer por ele)",Aîmoembiaryîar ahẽ xe îoesé,,
Não por sair eu,Na xe sẽmbeî,,
"Não faz efeito, às vezes, nosso remédio",Sarûab amõme asé posangygûaba,,
Já não quero viver neste mundo falso,N'aîkó-potari ymã ikó 'ara'uba pupé,,
Agi ordenadamente,Peîkó-aturõ,,
"Ao chegar o oitavo dia, cortaram seu prepúcio",Mokõî oîoirundyk oito 'ara sykeme i 'apira mondoki,,
"Todos eles voltaram para trás, caindo no chão de costas -","Opá i îeakypûereroîebyri, o atukupé pyterybo o'á ybype",,
"Portanto, como escravos do diabo tornamo-nos totalmente?",Emonãnamope anhanga remiaûsubamo pabẽ asé nhemonhangi?,,
Ai! Por que bates em mim?,Akaîgûá! Marãpe xe ri erepûá?,,
arraia pitoca,Îabebyrasyka,,
Cortei madeira,Aybyrá-kytĩ,,
É o modo de ser deles? (ou É natural deles?),Sekoaba nhẽpe?,,
Eu estou faminto,Xe ambyasy,,
Eu sou destro,Xe poîabab,,
o que vai à roça,kopîasoara,,
"o que é sem mistura, puro, de uma só espécie",oîeperemõndûara,,
Apoio sua cabeça,Aî'a-kok,,
Antes de fazer embelezar sua alma,O 'anga moporangukar e'ymebé,,
Eu tenho arrepiamentos,Xe aning-aning,,
saca,aîogûasu,,
Arranquei o miolo dele,Aîputu'umbok,,
tempo de rogar a Deus pelas almas,angûera resé Tupã mongetasagûama,,
"Caburé, vem correndo para que comamos os inimigos!","Kaburé, îori enhana tobaîara t'îa'u!",,
Confessaste-te antes de nascer teu filho?,Erenhemombe'upe nde memby-kuî îanondé?,,
Tu não me detestas,Na xe reroŷrõî îepé,,
"palavras grosseiras, de zombaria",nhe'ẽ-memûã,,
"Vinde, para comer a criança, engolindo completamente o menino","Peîori pitanga gûabo, kunumĩ mokona mbá",,
Este homem trago aqui para que o reconheçais,Ikó abá arur iké ta peîkuab,,
Mas eu me esqueci completamente,Xe resaraî-te-katu,,
Eu sou barulhento,Xe ryapu,,
"o doente, o que está doente",mara'asara,,
"Que nossa alma ele visite, dispersando os vícios dela","Oré 'anga t'oîosu, sekopoxy mosasãîa",,
Reza a gente muito frequentemente para Santa Maria?,Oîmongetá-py'i-py'ipe asé Santa Maria?,,
Não deu certo minha ida,I rambûer xe só,,
Hei de dar ova de peixe para ti,T'ame'ẽne pirá ruba endébo,,
bolota de sal,îukyrapu'a,,
Jesus fez-te subir,Îesu nde rupiri,,
O rosto da criança está alegre para eles,Pitanga robá sesãî i xupé,,
Perguntei a Pero por seu pai,Aporandub Pero supé tuba resé,,
Eu sobrei,Xe rembyrûer,,
Sara mesmo minha alma apenas com tuas palavras,Opûerab é ipó xe 'anga nde nhe'enga pupé nhote,,
mãos entorpecidas,pó-e'õ,,
Para quem a gente reza?,Abá supépe asé îeruréû?,,
Estou-me apoiando sobre o braço (estando deitado),Aîeatykok gûitupa,,
"Entram grandes espinhos, espetando sua cabeça","Oîké îugûasu, i akanga kutuka",,
"neste vale, lugar de chorar",ikó ybytygûaîa îasegûaba pupé,,
"A ele, certamente, beijarei suas faces",A'e ipó asetobapé-pyténe,,
Tu ou eu,Endé konipó ixé,,
Vamos a terra (diz o que está no navio),T'îasó ybyetépe,,
por quê?,mba'e resé?,,
fibras sujas,pó-ky'a,,
Eis que sofrem muito os que Deus repeliu,Sasyeté niã Tupã remipe'apûera,,
Estiveste no roçado para plantar roça,Ereîkó kopira resé kó tyma,,
Traze água para mim,Erur 'y ixébe,,
Veio para visitar esta minha terra outrora,Our kó xe yby supa rimba'e,,
"Que eles gritem, chorando!","Ta sasẽ, oîasegûabo!",,
Eu dou tropeçada,Xe pysakang,,
Deve ser substituída a esposa verdadeira?,Sekobîarõmbyrape temirekó-eté?,,
"Aqui alguém está, certamente",Ké abá rekóû anhẽ,,
o que se batiza,oîasukyba'e,,
Fazendo alguém ser seu alcoviteiro,O manhanamo abá moingóbo,,
Andaste pelos caminhos de fontes com mulheres?,Eregûatápe nhaîmbiara rupi kunhã resé?,,
"Hás de confessar primeiro tua atração por eles O que diz respeito aos casados, depois",mendasara resendûara tekori,,
Bem devagar o fiz,Mbegûé-katu aîmonhang,,
Imediatamente ficaram gritando,Aûnhenhẽ sasẽ-sasemamo,,
aljava de ferro,itá-u'uburu,,
Um pau me desconjuntou o pé,Xe py-mongaraû ybyrá,,
"Não tem limite, não tem fim","N'i sykabi, n'i papabi",,
Havemos de chegar ao céu,T'orobasẽne ybakype,,
"Sua vista aguda desaparece, tapando-se seus ouvidos","Sesapysopûera kanhemi, iî apysaká oîe'obo",,
"Por isso mesmo, então, os judeus a puxaram fortemente, fazendo vir junto a pele dele também","Nd'e'i te'e a'ereme Îudeus sykyîatãmo, i pira abé reru",,
Encosto-me nele,Aîekok sesé,,
Fiquei-o esfregando com coisa gordurosa,Aîkyty-kytyk mba'e-kagûera pupé,,
Atrai-me a roupa daquele,Xe momotar ahẽ aoba,,
A borboleta tornou-se pássaro,Panama onhemogûyrá,,
Um homem ladrão que foi posto na prisão como pena de chacinas,Abá-mondá morapitîagûera repyramo mundeokype i mondebypyrûera,,
injuriando-o,i agûabo,,
"Dois ladrões, um à sua direita e o outro à sua esquerda","Mokõî mondabora, i 'ekatûaba koty amõ, a'e amõ i asu koty",,
Hei de ir tocar tuas pálpebras,T'asóne nde ropé syka,,
"dois e dois no total (isto é, quatro)",mokõ-mokõî syk,,
Não te apropries das coisas de ninguém,Teumẽ abá mba'e resé é mondarõmo,,
Acaso o que será deixado é tudo?,Seîarypyrama ruã-tepe mba'e tetiruã kûáî?,,
nosso anjo da guarda,îandé karaibebé,,
Vou buscar água (à fonte),A'ypîasó,,
Em eu falando,Gûinhe'enga abé,,
Cortei a fila deles,Asysy-mondok,,
"Eles são, realmente, muito fortes",Satãngatu-te nipó,,
Não cessarão de dizer maldades,Marã 'é n'opyki xóne,,
Contando as maldades escondidas de alguém,Abá angaîpá-nhemima mombegûabo,,
Para uma grande escuridão é que iriam,Pytunusupe émo i xóûmo,,
Limpou seu rosto com um pano branco,Osobá-syb aó-tinga pupé,,
Eu tenho vermes (na carne podre),Xe rasok,,
Eu tenho pernas tortas,Xe retymãnhemang,,
tear de redes,inĩ-ytá,,
Saí há pouco dele,Asẽ amo'ĩ i xuí,,
pena de gavião,gûyragûasu-aba,,
Ainda bem que Deus me livrou do diabo!,Aûîeteramo rimba'e Tupã xe pysyrõ Anhanga suí re'a,,
A consorciação deles em toda a parte,I îogûerekó kûeîkûeîbo,,
"Vou em busca de meu pai (isto é, por meu pai)",Asó xe ruba pé,,
Então matarei alguns,A'ereme amõ aîukáne,,
Como que para ele ficaste gritando hoje,I xupé îasûá oîeí eresapuká-pukaî,,
Não se afligem por nada,N'oîkotebẽî ma'e amõ resé,,
Salto com ela,Aropor,,
protetora dos aflitos,moreaûsuba rerekoara,,
Eu estou triste,Xe karukasy,,
Torci-me a mão,Aîepó-mongaraû,,
Deus somente seja a causa de temor ao diabo,Tupã anhõ Anhanga sykyîabamo t'oîkó,,
Ele é o anjo que encomenda o enforcamento,"Karaibebé a'e, moroîubyka pûaîtara",,
Eu sou esquecidiço,Xe resaraîpotar,,
além do rio,y robaî,,
"Eu, dele perguntando, vim da minha casa","Ixé sesé gûiporandupa, xe roka suí aîu",,
"Estejas bem, ó meu mestre!","Eîkobé-katu, xe mbo'esar gûy!",,
"Eu não tenho prepúcio (isto é, eu sou circuncidado)",Na xe 'amopiri,,
"Surpreendeu-me ele, vindo","Xe resapy'a ahẽ, oú",,
Ele é bom se o que é contado é mesmo verdade,I marangatu supi é i mombe'upyra rekóreme é,,
"Maria, mulher bondosa, engravidando, conforme dizem, o vício amaldiçoa","Maria, kunhãngatu, o puru'aramo, ra'e, tekopoxy oîmomburu",,
Vem para arrancá-lo logo do interior dela,Îori sekyîa taûîé i py suí,,
Anuncia os que serão casados,Ogûeronhe'eng i mendarypyrama,,
Vanglorio-me,Aîerobîatenhẽ,,
Terão bernes e terão vermes os corpos miseráveis dos homens pecadores e das mulheres pecadoras,"I ur, sasok abá-angaîpaba, kunhã-angaîpaba reté-a'ubane",,
"Existe meu auxiliar verdadeiro, o que trabalha junto de mim","Oîkobé xe pytybõanameté, xe pyri marãtekoara",,
Hei de comer hoje seus braços (arrancados),T'a'u kori i îybapûera,,
Não quero ir para longe,N'asó-potari mamõ…,,
"peixe imprestável (isto é, que não é bom para se comer)",pirá-poxy,,
"Arrepiando-te, o desejo sensual aumentou teus olhos?","Enhemopiringa, moropotara nde resá moîo'arype?",,
Adoeci com ele,Aromara'ar,,
Ao lado uns dos outros seus cadáveres estavam ao longo do mar,O îoybyri se'õmbûera paranã ybyri i kûáî,,
Atraiu-se minha alma pela beleza de tua alma,Onhemomotá xe 'anga nde 'anga poranga ri,,
Estareis aflitos hoje,Pe poreaûsu korine,,
"Sim, eis aqui também minhas garras, meu rabo comprido, meus ganchos","Îé, kó bé xe pûapẽ, xe rûaîpuku, xe tyãîa",,
"Tu mentiste acerca de teu próximo, difamando-o?",Nde remo'emype nde rapixara resé i moerapûanaípa?,,
Eis que a todos nós vence,Opá ã îandé moaûîéû,,
O que perseguiu o cão de seu próximo,O apixara reîmbaba îagûara remimomosẽgûera,,
cutelo de ferro,itá-kysegûasu,,
"Assa-me o Lourenço tostado, embora eu seja um rei","Xe resy Lorẽ-ka'ẽ, xe morubixaba biã",,
O juiz mandou desorelhar o ladrão,Morubixaba mondá îaînambi-'okukar,,
Estive por longo tempo,Ymûanĩ xe rekóû,,
Por acaso ele tinha o sangue escorrido pelo rosto e pelas costas?,Sugûy-syryk serã sobá rupi i atukupé rupi bé?,,
Eles se consolam muitíssimo,I apysy-katueté,,
Os padrinhos junto ao padre ou a outra pessoa não podem casar-se com o que batizaram,Abaré koîpó amõ abá pyri morerokarûera nd'e'ikatuî omendá gûemierokûera resé,,
Traze peixe para que o coma,Eru pirá t'a'une,,
Fica aflito o padre por passar ali,Oîkotebẽ abaré uĩ gûasapaûama ri,,
"Afastando o diabo, assim como a morte","Anhanga pe'abo, te'õ resebé",,
Eis que grandemente a aflição oprime minha alma,Naetenhẽ ã tekotebẽ xe 'anga apypyki,,
Que estes em quem mandas lancem fora toda a maldade,Kó nde remimbûaîetá t'oîtyk pá tekopoxy,,
Eu fiz confusão,Xe apaxixã,,
Digo que está muito bem (aceitando como opinião própria ou concedendo algo),Ne'ĩ a'é,,
Esses homens são os que portam riquezas para nós,Aîpó abá ma'e îara îandébe,,
Amando tua grande beleza,Nde porãngatu raûsupa,,
Acaso estava o maldito com a cintura fendida?,I ku'a-bok serã moxy?,,
Confia em mim,Eîerobîá xe resé,,
O sol certamente brilha após passar a grande noite,Kûarasy nipó oberá putunusu kûab'iré,,
Invejar as coisas boas de alguém,Abá mba'ekatu moasy,,
Deixai-os estar deitados,Te'inhẽ oupa,,
Choravas sempre,Ereîase'o îepi,,
Para ele ficaste gritando hoje,I xupé oîeí eresapuká-pukaî,,
É muito misericordiosa a mãe de Deus,I poraûsubá-katu Tupã sy,,
"Aqui os homens estão, na verdade, para me ficar ameaçando",Ké abá rekóû anhẽ xe renopu'ã-pu'ama,,
Afastará os que são maus dos que são bons?,Oîpe'ape i angaîpaba'e i angaturamba'e suíne?,,
Não quero que ele se achegue a vós,N'aîpotari pe ri i xyka,,
Desceu para o centro da terra,Ogûeîyb yby apyterype,,
"Ontem, é verdade que alguns sumiram","Kûeîsé, rakó, amõ kanhemi",,
Apenas não me fez morrer,Sãî na xe momanõî,,
Meus pés escorregaram,Xe py-syryk,,
"Serão fedorentos, serão muito podres, corroídos de vermes e de bernes","I nem-eté, i tuîuketé, tasoka, ura remimongûyamone",,
"A mãe de Deus, a que me ameaça","Tupã sy, xe momburûara",,
Que disse a mulher que guardava a porta a São Pedro?,Marã e'ipe kunhã okena rerekoara S Pedro supé?,,
"Finalmente abre-se a terra engolindo-os, finalmente com o diabo vão os que pecam","Teîpó yby oîe'apa, i mokona, teîpó Anhanga irũnamo i angaîpaba'e osóbo",,
"Pranteai logo vossa miséria, estai a vos lastimar","Taûîé pe poreaûsubagûama rapirõmo, peîemoangekoaíb peína",,
Vida longa de minha alma,Xe 'anga rekó-puku,,
É verdade isso?,Anhẽpe ûĩé?,,
"Graça é seu nome, eis que esta é a que deve ser chamada ""tua rainha""","Grácia sera, kó nde rainhamo senõîmbyra",,
Eu estou tingido de jenipapo,Xe îanypagûer,,
Insisti,Na xe apysáî,,
"Alternaste alguns dias de guarda, não entrando na igreja?","Ereîmopa'ũpe 'areté amõ, Tupãokype eîkee'yma?",,
"A cruz, lugar em que se pregou a Cristo, Nosso Senhor, os judeus a enterraram",Cruz Cristo Îandé Îara moîaragûera îudeus otym erimba'e,,
Haveria de cair,A'arixûer,,
Nós temos muitas igrejas,Oré tupãoketá,,
Vomitas cauim?,Ereîmoîebype kaûĩ?,,
Lembrai-vos das almas dos defuntos,Penhemoma'enduar ambyra 'angûera,,
Olhando na ponta dos teus olhos,Nde resá-popybo ema'ẽmo,,
Não há como passar por mim para os que caminham,N'i tybi xe rasapaba ogûataba'e supé,,
Que é isso? (respondendo ao que chamou),Mba'ep'ipó?,,
Procedeste segundo a determinação do padre a ti?,Ereîkópe abaré nde moingoaba rupi?,,
Deixa que venha primeiro,T'oú turi - Deixa-o que venha T'oú turi ranhẽ,,
"o que escurece roupas, o tintureiro",aó-moundara,,
Em sua cabeça batendo com aquela cana,I akanga resé a'e takûara reropûá,,
Arrancando suas aflições,I poraûsuboka,,
Distribuo-os,Aîma'e'ĩ,,
"Ando despido, vivo despido",Ikatupe aîkó,,
"Ai, que enfadonho és tu, de fato!",Tekatunheté rakûé endé hegûy!,,
Quando supõe cair em si a morte,Te'õ o îoesé i 'a-mo'angeme,,
Para quem a gente reza pela felicidade futura de sua alma?,Abá supépe asé îeruréû o 'anga rekokaturama resé?,,
Logo depois que morrerem irão para o céu os que foram semelhantes a algo assim?,O manõ riremẽ serã emonã nungara sóû ybakypene?,,
Será que eu irei?,Asóp'ixéne ri?,,
Talvez queira agarrar-me novamente este pássaro grande,Xe pysy-potar-y bé serã kó gûyragûasu,,
"NANAÚ, NANAUÍ, licor de ananás, bebida fermentada que os índios faziam com tal fruta",naná-'y,,
Parece bem que sua morte fosse a finalidade com que seu pai o fez viver,Tuba i moingoaba se'õ a'e i aîarõ,,
Levo uma vida boa,Tekó-katu aîporará,,
Eu estou admirado contigo,Xe putupab nhẽ nde ri,,
Vela por nós,Ema'ẽngatu oré ri,,
pessoa paroleira,abá-nhe'engixûera,,
Chegou a nós sua luz para sempre,Osyk oré ri sendy îepi nhẽ,,
Confiando na formosura de muitos de si,O matueté aysó resé é oîerobîá,,
Hei de ouvir em vão,T'asendu tenhẽ,,
"Vingo-me, de fato, deles, após tornar-se bom seu povo","Aîepyk anhẽ sesé, i anama katu riré",,
"Na verdade, hei de enfeitar-me (ou já me enfeito), pintando-me de preto",Aûîeté pakó aîegûak ûiîemoúna,,
bem tardiamente,ariré é,,
Tu no paraíso para sempre estás,Endé tupãrorypápe aûîeramanhẽ ereîkó,,
Eu tenho um preço baixinho,Xe repy-mokonhõ'ĩ,,
Meu entendimento todo fiz desaparecer,Xe tekokuaba opá amokanhem,,
Indo para a borda da floresta,Ka'a-embe'ype osóbo,,
Eu sou calvo,Xe 'apytekuî,,
homem fugido,abá-kanhema,,
Ficando a tomar poções para não gerar uma criança,Pitanga nhemonhanga suí oîeposanõ-sanonga,,
Eu sou alto,Xe puku,,
Mexi-as,Aîapamonan,,
"Embora tão somente uma vez uns anjos tenham transgredido a palavra de Deus, por causa disso, somente, Deus os fez ser diabos","Oîepé nhõngatu erimba'e karaibebé Tupã nhe'enga abyû biã, sesé nhõ Tupã i moingóû Anhangamo",,
"Eu lamento-me, de costume (isto é, reclamo de qualquer coisa)",Xe mba'e-moasy îá,,
"Enfim, à sua esquerda estando os que foram pecadores",Aûîé i asu koty é i angaîpaba'epûera oîkóbone,,
ao te trespassar o vento,ybytu nde rasapápe,,
Eu tenho muita felpa,Xe rabusu,,
Aqui estamos para nos alegrar,Kó oroîkó oronhemborypa,,
"Hei de comer hoje seus braços, Caburé, suas pernas","T'a'u kori i îybapûera, Kaburé, setymãmbûera",,
"Queimou tua alma o fogo dele, descendo",Nde 'anga osapy satá ogûeîypa,,
habitante de fronteira,tatobapyygûara,,
Aqui vem um urutaurana,Ké urutaûrana ruri!,,
Essas não conhecem o pecado,Eboinga tekoaíba nd'oîkuabi,,
Meu pai foi?,Xe rubape osó?,,
"Vinde, abraçai o neném compadecedor","Peîori, peîaîubã pitangĩ-moraûsubara",,
"É terrível o senhor Jesus, fazendo tremer nosso inimigo","I abaeté pa'i Îesu, îandé sumarã mondyîa",,
Ralando-o,Seébo,,
"Tomaste as coisas de alguém, o objeto do furto de teu próximo ou o que ele esconde?","Ereîarype abá mba'e, nde rapixara mondarõagûera koîpó semimima?",,
Eu estou poento,Xe yî,,
Abundar-me-á futuramente toda a felicidade desejada,Xe resemõ irã mba'ekatu-pabẽ i potarypyra,,
Vou atrás dele,Sakypûeri asó,,
"Guardai-vos de querer ser como eu, mas, antes, se eu estivesse como vós, todas as coisas dolorosas sofreria neste mundo para aplacar a Deus","Peteumẽ xe îabé peîkó-potá, xe monẽ pe îabé gûitekóbomo opá mba'easy aîporará ikó 'ara pupé Tupã monhyrõmomo!",,
O vício atiramos fora,Tekoaíba oromombó,,
"Como recompensa de seu muito amor a Ele, Deus levou-o certamente, com seu corpo, para o céu","Ogûaûsukatuagûera repyramo, Tupã ipó serã serasóû seté resebé ybakype",,
"Logo depois de dizerem aquilo para ele, lançou o pagamento por seu senhor no templo","Aîpó oîoupé 'é abé, o îara repypûera reîtyki Tupãokype",,
Aqui está teu danador,Oîkobé nde arûara é,,
Por ocasião de um dia santo foste para longe?,Tupãneme nhẽpe eresó kûepe?,,
Quando foi para visitá-la? -Por ocasião da gravidez de seu filho São João,-Erimba'epe i xóû i xupa? -I membyra São João rurureme,,
Rompeu-se teu coração por amor a ele,Obok nde nhy'ã saûsuba resé,,
Eis que a noite toda ele não dormiu para ficar perturbando os índios!,"Pysaré kó i kere'ymi, apŷaba pobu-pobu!",,
o que Deus dá segundo seus propósitos,Tupã remime'enga o ekopotasaba rupi,,
"O cão é ávido (isto é, bom de caça, que quer tudo apanhar)",I mba'e-potar îagûara,,
"Lentamente, enfim, o homem perde entendimento, sua tosse irrompendo","Mbegûé é ko'yté abá tekokuá kanhemi, iî u'u osororoka",,
De modo nenhum os temiminós tiram seus nomes antigos,Naînanĩ temiminõ o erumûana mombó,,
Bendita és tu entre as mulheres,I mombe'ukatupyramo ereîkó kunhã suí,,
"Detestaste teu próximo, ficando a pôr-lhe nomes também?","Ereîamotare'ymype nde rapixara, serok-y -bé-kybémo?",,
Muito bem! Hei de ser castelhano,Aûîé nipó! Kasianamo t'aîkó,,
"É doloroso deixar o vício, a vida má, contudo, depois disso, o homem consola-se muito","Sasy tekopoxy, tekomemûã pe'a biã, aûîeté a'e roîré abá apysykaturamo",,
Para fazer-te festa minha família fez-me vir,Ndebo toryba monhanga xe anama xe mbouri,,
"Vai para prová-los, pois, para que transgridam a palavra de Deus","Eîori sa'anga, rõ, t'otupã-nhe'engaby",,
"Bateste numa mulher grávida, matando o feto dela? (Isto é, só o feto é que foi morto, não a mãe)","Erepûarype kunhã muru'abora resé, pitanga îukábo i xuí?",,
Vomitei,Agûe'en,,
"Para confortar a tua alma, nós o ficamos abraçando","Nde 'anga moapysykápe, oroîaîubã-îubã",,
Eu sou fibroso,Xe raîy-raîyk,,
Vou para arrancar lenha,Asó îepe'abá,,
um dia muito reluzente,aresakangeté,,
Nós nos igualamos um ao outro,Oronhomoîoîá,,
"A terra, todas as nuvens que caem do céu cobri-la-ão",Yby opá ybytinga ybaka suí o'aryba'e i aso'iûne,,
"por isso, portanto",emonã resé,,
Dá também Deus neste mundo algumas coisas aos que são bons?,Oîme'eng-y bépe Tupã ikó 'ara pupé mba'e amõ i angaturamba'e supéno?,,
"Ah, eu fui muito pecador!",Xe angaîpabeté'ĩ ra'u mã!,,
Eu sou o grande tamoio Aimbirê,Xe tamũîusu Aîmbiré,,
"Falaste duramente a alguém, irritando-o?","Erenhe'eng-aparatãpe abá supé, i moŷrõmo?",,
"Deu-me pancada de ponta, somente (isto é, sem me furar)",Xe sok îõte,,
"Visitaste o covo de alguém, esvaziando-o?",Ereîosubype abá îeke'a i poroka?,,
Aos poucos a ave se torna papuda,Mbegûé-mbegûé gûyrá nhemoaî,,
"São famosos esses moçacaras, que esgotam verdadeiramente o cauim","Serapûan kó mosakara, kaûĩ mboapŷareté",,
"doença superficial, indisposição, doença fraca",mba'easy-aíba,,
"Mas eu, tendo saudades de ti, quero-te muito bem","Xe-te, nde repîaka'upa, oroamotá-katu",,
o que dá a eles a virtude,i xupé tekokatu me'engara,,
"Amaldiçoa-te, temendo ver tua face","Nde momburu, nde robá repîá-poûsupa",,
Não fazer ataque às pequenas maldades dos homens,Abá marã sekoagûerĩ resé nherane'yma,,
A gente o honra mesmo como a seu próprio pai?,Og uba îakatu tenhẽpe asé i moetéû?,,
Queres teu batismo?,Ereîpotápe nde nhemoîasuka?,,
"Isto era muito preto, de fato",Moroũ-mbyry nakó,,
Aqueles serão saciados,A'eba'e i moytarõmbyramo sekóûne,,
Desceu para o meio da terra,Ogûeîyb yby apyterype,,
"Vinde índios, em uníssono","Peîori apŷabetá, oîepé",,
Os que têm a bem-aventurança são os que choram,Tekokatueté rerekoara oîase'oba'e,,
de que parte? de que lado? (mais específico que mamõ suí? - donde?),marãngoty suí?,,
"A chuva ficava amanhecendo a cair, enchendo o mar","Oky-ko'ẽ-ko'ẽ amana, paranã mopungábo",,
Vem para lavar minha alma,Eîori xe 'anga reîa,,
Mais que todas as coisas dolorosas que estão neste mundo,Opakatu ikó 'ara pupîara mba'easy sosé,,
A gente pede a Deus somente pelas coisas que deve comer?,Mba'e i 'upyra resé nhõpe asé îeruréû Tupã supé?,,
Matador de nossa alma,Îandé 'anga îukasara,,
Eu estou inchado,Xe pungá,,
Vai neste dia,Osó kó 'ara pupé,,
"o que anuncia as coisas, o pregador",mba'e reronhe'engara,,
"Eis-me aqui, eis que aqui estou",Aîkó,,
"Creio na repartição das virtudes dos santos (isto é, na comunhão dos santos)",Arobîar santos rekokatu nhemoîa'oîa'oka,,
"Como disseram os judeus, seus perseguidores, para ele?",Marã e'ipe Îudeus i piaretá i xupé?,,
Defequei,Aka'ab,,
Tendo medo dos judeus,Îudeus suí osykyîébo,,
Em tua direção fazendo-me voltar,Nde koty xe rerobaka,,
Todas as pessoas vão fazendo as ladainhas,Opakatu abá sóû ladainhas monhanga,,
"Nosso espião vá primeiro, à frente de nós",Îandé manhana ranhẽ t'osó îandé renondé,,
Eu meço a profundidade do rio,Aty-ypy-a'ang,,
Não desobedecem nem sequer um pouco os habitantes do céu à vontade de Deus?,N'oîmomarã-mirĩ-angáîpe ybakygûara Tupã remimotara?,,
"O homem que tenta, sem resultado, ter relações sexuais com uma mulher, não pode casar-se",Apŷaba kunhã resé o ekó osa'ang-îepeba'e nd'e'ikatuî omendá,,
"A gente diz ""anjos"" para eles por irem eles por sua vontade para longe, como que voando, muito rapidamente","Korite'ĩ-aíbeté obebébo berameĩ kûepe o emimotarybo i xóreme ""karaibebé "" asé i 'éû i xupé",,
Estou deitado de bruços,Oobapybo aîub,,
Folgo muito em ouvi-lo,Asendu-potakatu,,
Estão sempre cheias as igaçabas,Tynysẽ memẽ ygasaba,,
Digo a verdade,Anheté a'é,,
a união à nossa carne,îandé ro'o resé îese'aragûera,,
É terrível para mim vê-los,I abaeté sepîaka ixébo,,
Estou com ele,Irũnamo aîkó,,
esse mesmo,ebokûé aé,,
Ordenhei-a,Aîkambyamĩ,,
"Aprende acerca da palavra de Deus, em que crerá",Onhembo'e Tupã nhe'enga o emierobîarama resé,,
Vamos em seu caminho para encontrá-lo,T'îasó sapépe sobaîtĩamo,,
Por que ele vive tendo coisas boas mais que eu?,Marãmo ahẽ rekóû o mba'e-katuramo xe suí?,,
a que tem nome Santa Maria,Santa Maria seryba'e,,
Eu estava ainda cansado,Xe pûeraî mbyté,,
Vim de novo para externar minha alegria,Aîur-y bé xe roryba mombegûabo,,
As pedras ficaram-se quebrando ao meio,Itá oîeká-îeká o îopyterybo,,
Eu sou ligeiro de mãos,Xe poapyî,,
"Basta, tu me matas!","Aûîé, xe îuká îepé!",,
"Transgridem muito a palavra de Deus os que se casam, sendo traidores um do outro?",Oîabyetépe omendaryba'e Tupã nhe'enga o îosuí omondarõmo?,,
"Tendo medo, farias bem","Esykyîébomo, ereîkó-katumo",,
"Tu, ao contrário, obedece a ele!",-Esapîá-te!,,
"Leva-o, vamos ver! Vamos ver se o levas!",Erasóne ra'u!,,
Após vertê-la dentro do recipiente em que a bebe ou de alguma casca de coco,I gûaburu koîpó inaîagûasu apepûera amõ pupé i nhang'iré,,
"Fazemos passar as flechas dos malditos, diante deles esquivando-nos","Îamongûá moxy ru'uba, i xupé îaîemoîtỹamo",,
Estavas realmente dormindo?,Ereké-pipó eîupa?,,
"Que retire as coisas más de minha alma, enchendo-a com seu amor",T'ogûenosem mba'e-aíba xe 'anga suí o poroaûsuba resé i moynysema,,
água doce,y-eté,,
Por isso mesmo o ladrão é o que deve ser enforcado como pena de seus roubos passados,Nd'e'i te'e abá mondá iî aîubykypyramo oîkóbo o mondarõagûera repyramo nhẽ,,
"Oxalá eu esteja muito bela, para que os homens me desejem","Xe porangeté temomã, a'emo abá xe potari",,
Imitei-o fingidamente,Asa'ang-a'ub,,
Mostrando-lhe certa árvore que estava no meio do seu jardim,Amõ 'yba gûemityma pyterype o'amba'e kuabe'enga,,
"Eia, vamos logo!","Ene'ĩ, t'îasó taûîé!",,
o que está neste mundo,ikó 'ara pora,,
Não há coisa alguma de que ele não conte os detalhes,Nd'oîkóî mba'e amõ semiasapy-papare'yma re'a,,
Não sou eu que vou,Na ixé ruã asó,,
Eis que enfim já chega!,Aûîé ã ko'yté!,,
Não sabe o senhor que eu sou um beberrão?,Nd'oîkuabipe ta'a kagûaramo xe rekó?,,
Eu estou hirto,Xe aparatã,,
Porei armadilhas para eles,Aîekotyrung seséne,,
"o que toca o tambor, o tamborileiro",gûarará mopusara,,
"todos juntos, todos à uma vez, à uma",oîepekatu,,
Enterrando os antigos vícios,Tekopoxypûera tyma,,
Eis que eu sou homem,Xe abá niã ixé,,
Por isso mesmo será só chorar sem parar,Nd'e'i te'e îase'o anhõ monhanga i mombyke'ymane,,
Sus! Avante!,Pe'ĩ tîá!,,
o que está doente,i mara'aryba'e,,
Que os comam os que ficaram em nossas casas,T'o'u îandé roŷpyrûera,,
Eu estou olheirento,Xe resakûarumbyk,,
"Como recompensa também de seu arrependimento delas (isto é, das coisas más)",I moasyagûera repyramono,,
Mas seria difícil para as pessoas comer minha carne,A'e iî abaíbymo abá supé xe ro'o 'u,,
"pele imunda (isto é, lepra)",piryty,,
Verto o sangue dele,Asugûy-mo'ẽ,,
Não queiras que te lance no inferno para se vingar de ti,Eîpotar umẽ nde resé o îepykápe anhanga ratápe nde reîtyka,,
Hei de ir adiante de vós,T'akûáne pe renondé,,
"Estas rãs, que as comas em retribuição por isso",Ikó îu'i t'ere'u sepy resé,,
"É bonita esta igreja, contendo muitos enfeites!","I porang kó tupãoka, îegûakabetá rerupa!",,
dia muito quente,arakubeté,,
As estrelas bem longe se escondem,Îasytatá kûepe é i nhemimi,,
Quem devoraremos primeiro?,Abápe îa'u raẽne?,,
"Destila tuas lágrimas, por detestá-los",Nde resa'y eîmondyky seroŷrõsápe,,
Os reis apressados junto ao nenenzinho vieram,Reîá-anhẽ  pitangĩ supé oú,,
Eu tenho pés tortos,Xe are'a,,
Comeste terra?,Ere'upe yby?,,
Cuidado ao esconder-lhe o que faz,Tîaté i mĩme i xupé marã oîkóbo,,
Jazo de lado,Opemo aîub,,
"Existe meu auxiliar verdadeiro, o chefão Aimbirê","Oîkobé xe pytybõanameté, tubixakatu Aîmbiré",,
Acredita a gente nisso?,Ogûerobîarype asé eboûinga?,,
Entra hoje em meu coração,Eîké kori xe nhy'ãme,,
Aguei-a,Aîamõ,,
A ti ficamos bradando,Ndebe orosapuká-pukaî,,
Levando nossa alma para o céu,Ybakype asé 'anga rerasóbo,,
Atei-lhe penas,Aîpepó-pûar,,
"os tupiniquins, habitantes daqui",tupinakyîa keygûara,,
"Não faz mal, não há problema",Na sasyî,,
"Enfim, obedeceram-me","Rumby, xe rapîá",,
Onde Deus está?,Mamõpe Tupã rekóû?,,
Fujo,Aîabab,,
Dormiu demais seu cadáver?,Okeretápe se'õmbûera?,,
"Igualmente a morte está entre os moços e entre os velhos, não longe, mas nem por isso deixa de chegar às outras pessoas","Oîoîá te'õ rekóû kunumĩgûasu suí tuîba'e suí bé, napûeî, ndaroîaî amõ abá mopanemi",,
Somente quando bebes cauim tu queres ser valente?,Kagûápe nhõ nde ratãngatu-potá?,,
Por que põe sua saliva no nariz da gente?,Mba'erama ripe asé tĩme o endy moíni?,,
"No caso de ser difícil frustrar-se essa minha morte, que não se faça minha vontade","Aîpó xe re'õnama rambûera abaíme, t'onhemonhang umẽ xe remimotara",,
Este dia é feriado,Kó 'ara marãtekoabe'yma,,
Eis que eu tenho sede,Xe 'useî ã,,
Estando a destilar coisa muito amarga,Mba'e-rob-eté tuku-tuku okûapa,,
Que estejas prostrado no lugar de se fazerem sofrimentos,T'ereîub moreaûsuba monhangápe,,
Padeci acidentes,Amanõmanõ,,
"É famosa Guaraparim, tendo uma igreja","Serapûan Gûaraparĩ, Tupãoka rerokupa",,
Folgo,Aîkonhẽ,,
o que eu como costumeiramente,xe remi'utyba,,
Foste à roça no domingo ou em algum dia de guarda?,Erekopîasópe domingo koîpó 'areté amõ pupé?,,
sua cerviz ficando a esmurrar,i aŷpy atyká-tykábo,,
o que é feito de barro,nha'uma suí i monhangymbyra,,
Lembra-te bem de que morreu por tua causa,Nde ma'enduá-katu nde resé se'õagûera resé,,
Que queimem em teu fogo,T'okaî nde ratá pupé,,
"Estou com muitos furos, estou esburacado",Apu-puk,,
"Vem no dia de nossa terra, para visitá-la","Eîori oré retama 'ara rupi nhẽ, i xupa",,
Como diz o primeiro deles?,Marã e'ipe iîypy?,,
Toma logo meu coração e minha alma como coisas tuas,Xe py'a xe 'anga eîar nde mba'eramo taûîé,,
"Por ele fazer a defesa do amor a Jesus Cristo, mataram-no","Îesu Cristo raûsuba resé i îepirapûaneme, bŷá i îukáû",,
água corrente,y-syryka,,
Saiu para o pátio chorando muito dolorosamente,Osem okarype oîase'oasykatûabo,,
"Os cristãos como uma unidade, a consorciação deles","I mongaraibypyretá oîepegûasu îasûá, i îogûerekó anhẽ",,
Estava agradável a mim meu jogo,I porambyrambykĩ xe nhemosaraîa ixébo,,
o que proclama suas palavras,i nhe'enga mombegûara,,
Que lancemos fora nossa maldade,T'oroîtyk oré poxy,,
"estorvo do anzol, isto é, corda com que se reata este",pindá-aŷpypûasaba,,
O que tem a bem-aventurança é o que não agride,Tekokatueté rerekoara onherane'ymba'e,,
"Urdiste mentiras contra alguém, desonrando-o?",-Eresekyîpe îuraragûaîa abá supé i motĩbyka?,,
"Assim como a nós, Deus vê as minúcias de todas as coisas","Îandé îá, Tupã opakatu mba'e rasapy-epîaki",,
Passeei,Aîebyîebyr,,
"Perdoa-lhes, ó meu pai!","Nde nhyrõ i xupé, xe rub-y gûy !",,
"Mandando fazê-los embarcar numa arca de madeira, semelhante a um navio","Ybyrá karamemûã, ygarusu nungara pupé, i mo'aruká",,
Por isso mesmo as malditas correm como faíscas de fogo,Nd'e'i te'e moxy onhana tatá piririka îá,,
o limite de minha roça,xe kó sykaba,,
"Serão muito terríveis os fatos, futuramente, para os que são maus, levantando-se com sua fealdade, com seus corpos escuros","I abaeté-katu irã tekó i angaîpaba'e supéne, o poxy, o eté-una reropu'ama",,
"Mandando fazê-los embarcar numa arca de madeira, semelhante a um navio","Ybyrá karamemûã, ygarusu nungara pupé i mo'ar-uká",,
Nesta noite tomou início,Kó pytuna ri sy-ari,,
Inventei-o,Aîypymonhang,,
Quem faz louvar o nome de Deus?,Abá-abápe Tupã rera oîmoeté-ukar?,,
"Os que não criam nele trabalharam em conjunto, ficando a flechá-lo","Serobîasare'yma potyrõû, iî ybõîybõmo",,
Eu lhe pélo a cabeça,Aî'abo'o,,
tremor de maleita,karasy-ryryîa,,
"Comedor deles, sobram-me sauiás, causa das caçadas","I gûara, îeporakaba, xe resemõ saûîá",,
Afastai-vos daquele que eu guardo!,Pepo'i xe remiarõ suí!,,
"tijucal, grande atoleiro, pântano",tuîukusu,,
Colares azuis não vistos (ainda),Mo'yrobyeté sepîakypyre'yma,,
"Por isso mesmo os moços, por os convidarem os chefes, entram sempre no lugar de beber cauim","Nd'e'i te'e kunumĩgûasu, morubixaba o sogûápe, oîkébo memẽ kagûápe",,
Depois desse momento hei de atacá-los,A'e ré t'asepenhan,,
"a descida dele (pex, de um monte)",serogûeîypaba,,
Tu não tens o coração arrebentado de aflição,Tekotebẽ suí nde nhy'ã-boke'ymi,,
"Durante a estada dele no ventre de sua mãe, Deus o santificou",O sy rygépe sekó remebé Tupã i mongaraíbi,,
Acordo bem de madrugada,Îeîbeté apak,,
De meu pesado sono despertando-me,Xe keranama mombaka,,
"Eu, Tatapitera, assim como meu grande fogo, inflamo os antigos ódios","Xe, Tatapytera, xe tatagûasu îabé, asapy nhemoŷrõmbûera",,
Não querendo sua infelicidade,Sekomemûã potare'yma,,
Trouxe muitas destas ostras,Aruretá kó reri,,
"Envaideço-me sem motivo (isto é, de coisas más)",Anhemoeté-a'ub,,
Faço Pedro ter roupa,Aîmoaob Pedro,,
Eu não tenho preço alto,Na xe repy-marangatuî,,
Não poderás doravante juntar-te a tua esposa por ser isso um procedimento muitíssimo inconveniente,"Nd'erékatuî xûé angiré nde remirekó rerobyka, ã tekó-abaíbeté-katureme",,
muitas chamas de fogo,tatá-endy-etá,,
Achaste-os por perto?,Mbype erebasẽ i xupé?,,
Chegaste perto junto a eles?,Mbype erebasẽ i xupé?,,
Acaso tu és o rei dos judeus?,Îudeus rubixabapiã nde?,,
Eu sou rechonchudinho,Xe apebĩ,,
Entrei nos caminhos das fontes,Aîké nhãîmbiara pupé,,
"coisa manifesta, pública, coisa notória por ser vista",ikatupesûara,,
"coisa manifesta, pública, coisa notória por ser vista",ikatupendûara,,
Para afugentar o diabo,Anhanga monhegûasemagûama resé,,
Dei-o a troco de dinheiro,Itaîuba repyramo aîme'eng,,
Fecharam aquele túmulo com uma pedra grande,Osokendab a'e karamemûã itagûasu pupé,,
Ia de costume,Asó amẽîepi,,
Ainda o faço,A'é byter i monhanga,,
"Morreu na velhice (D'Evreux, Viagem, 133), O tuîba'e pupé te'õ kuapa - Conhecendo a morte em sua velhice",Tuîba'epe se'õû,,
Não sentimos cansaço,N'îaîandubi kane'õ,,
"Irrita-o, empurra-o para seu fogo","Oîrarõ, oîmoanhã satápe",,
"Tendo isso que ele disse, seus discípulos tomaram o pão em suas mãos","Aîpó i 'eagûera rerekóbo, semimbo'e-etá miapé rari o pópe",,
Podem também as pessoas casar-se diante de um outro padre,Ikatu bé abá omendá amoaé abaré robaké,,
"Ficaste bêbado de cauim, perdendo o juízo?",Eresabeyporype kaûĩ suí 'ara mokanhema?,,
"Faze-me tu valente, para que eu me oponha ao maldito, para sempre vencendo-o","Xe mopyatã îepé, t'apu'am muru resé, aûîérama i moaûîébo",,
Fazendo levar imediatamente para o céu os que resgataram bem seus pecados ainda neste mundo,Ikó 'ara pupé bé o angaîpagûera repyme'ẽngatusarûera ybakype aûnhenhẽ serasó-uká,,
"Vem, para que recebas a lei deles","Îori, t'ereîá sekó",,
Este pajé ruim tem espírito protetor,Supixûar ikó paîé-angaíba,,
Ele está salgado demais,Se'ẽ-moxy,,
Quero mamar,Akambu-seî,,
Confessa-se alguém antes de embarcar num navio?,Onhemombe'upe abá ygarusupe o 'ar-y îanondé?,,
não matando,îukae'yma,,
"à flor d'água, na superfície da água",y-apé 'arybo,,
as juntas da cabeça,akanga îepotasaba,,
Faço muito barulho ao andar,Xe py-ambugûasu,,
"E por outra parte, semelhantemente, o próprio mar será mais terrível do que é seu costume, fazendo as ondas grande estrondo",Kokoty paranã aé rame'ĩ o abaetéramo erimba'e gûekoagûera sosé yapenunga ryapugûasuramo,,
São vistos os cadáveres daqueles manterem sua incorruptibilidade três ou quatro anos após os enterrarem,Sepîakypyra niã aîpoba'e re'ombûera o marane'yma rerekó mosapyr koîpó oîoirundyk seîxu ybŷá o tym'iré,,
o ofício de Pedro,Peró rekoaba,,
"Escondeste algum pecado teu do padre, envergonhando-te dele?","Ereîkuakupe nde angaîpaba amõ abaré suí, senotĩamo nhẽ?",,
Grudei penagens nele,Aîgûaîaý-moîar,,
"primeiro filho do homem, primogênito",ta'yrypy,,
Eis que a noite toda ele não dormiu,Pysaré kó i kere'ymi,,
Não é muito forte o homem branco,Na satãngatuî maíra!,,
Não sabes que Deus lançou neste mundo também tudo o que a gente sofre costumeiramente?,Nd'ereîkuabype Tupã opakatu ikó 'ara pupé îandé remimborará-tyba abé seîtykagûera?,,
Tiveste relação sexual com pessoa solteira?,Ereîkópe abá-mendare'yma resé?,,
tua excitação pelas coisas más,Mba'e-poxy resé nde ara'a,,
Por que haveria eu de o levar?,A'emop'ixé serasó-a'ubi é?,,
Eu tenho o pé adormecido,Xe py-îesyî,,
Baixo conversemos para que não o percebam os índios,Mbegûé îaîomongetá t'onhandu umẽ abá,,
Por aí as mulheres casadas ficavas pervertendo,Kûepe kunhã-mendarûera ereîmomoxy-moxy,,
um pouquinho mais,pyrybĩ,,
Que bom que meu próximo tenha coisas boas!,Aûîé ipó xe rapixara mba'e-katuramo,,
tão somente uma vez,oîepé nhõngatu,,
Amarra tua rede de dormir ao longo de mim,Eîotĩ nde kesaba xe porupi,,
"Vim, voltando",Aîur gûiîeby,,
Isso dirá somente a ele ou contará ao padre para que o repreenda,Aîpó e'i nhote i xupéne konipó abaré supé i mombe'uû i akakapagûama reséne,,
Põe mais outro,Enhonong-y bé amõ,,
Jesus salvador da gente,Iesu moropysyrõana,,
alguns santos,amõ amõ santos,,
"Transgridem muito a palavra de Deus os que se casam, traindo-se um ao outro?",Oîaby-etépe omendaryba'e Tupã nhe'enga o îosuí omondarõmo?,,
Apavorei-o,Aîangerasó,,
Não estão casados os que não se casam diante de duas outras pessoas também,Amõ abá abé mokõî robaké omendare'ymba'e n'omendari,,
orelhas caídas,nambi-xoré,,
O que ama verdadeiramente a Deus não tem dificuldades em viver segundo os mandamentos de Deus,Tupã raûsupareté n'oîmoabaíbi Tupã asé rekomonhangaba rupi o ekó,,
Ela embarrou nos seus ramos,Sakã resé i îepokoki,,
"Em tuas mãos sentando-se, vai o menino","Nde pópe ogûapyka, osó kunumĩ",,
É muito mal feito aquilo que fazes,I ranusu nhẽ kûé nde remimonhanga,,
Eu caí rodando,Xe aparaîereb,,
Procuramos Jesus Nazareno,Iesu Nazareno orosekar,,
Deus fez uma certa mulher bondosa,Tupã amõ kunhãngatu monhangi,,
"Oh, que fulano este!",Te'ĩ kó ahẽ mã!,,
Assim ajo conforme meu pai,Xe ruba rupi é emonã aîkó,,
"Pois se levas cães, se estiverem eles ao lado um do outro da sua própria raça, acolhem-se um pouco mais","Îagûara biãé ererasó, gûa'ysé o îoesé posé o ẽme, oîepysyrõ bé'ĩ",,
Já te ungi com o óleo bento,Oropixyb umã îandy-karaíba pupé,,
Morro com virtude,Aromanõ tekokatu,,
"marca de dentes, sinal de dentada",tãî-mbora,,
"Os que são maus, que o tomam, recebem a morte em si",I poxyba'e tasara te'õ ogûar o îoupé,,
"Oh! Que há aqui, na verdade, semelhante a um canindé azul?","To! Anhẽ, mba'epe ké kanindé-oby îasûara?",,
Maior que esta casa,Kó oka sosé,,
Eu sou pequeno,Xe risi'ĩ,,
gordura de animal,mba'e-kagûera,,
"Esse, somente, é de fato teu nome?",Aîpó nhõ-pipó nde rera?,,
O diabo nos capturou,Anhanga îandé pysyki,,
A seus próprios companheiros não querem bem,O irũ n'oîamotari,,
Louvo-te muito por me teres salvado,Oromoeté-katu nde xe pysyrõagûera resé,,
Eu não tenho dentes,Na xe rãî,,
Sus! Ide!,Pene'ĩ pesóbo,,
Devolvendo sua antiga firmeza,Îepytasokûera eroîeby,,
Esgotei a água dele,Aîtyapyî,,
"Embora tentásseis, estivestes deitados só pouco tempo junto a mim","Pesa'ang îepé, peuî korite'ĩ nhote xe pyri",,
Peneirei a farinha,Au'i-mogûab,,
Querendo afastar de si mesmo o transtorno,O îosuí pubura pe'a potá,,
alguém (h),amõ ahẽ,,
"Logo, decerto, passarás no lugar onde moro",Koromõ ipó eregûatá xe rekoápe,,
mau ar,araíba,,
como criança estando deitado,pitangamo oupa,,
"Qual é nosso consolo, então?",Mba'epe asé apysykabamo a'ereme?,,
cabelos arrepiados e desgrenhados,a-tyrá-bebó,,
Eles mandariam enforcá-los?,A'emo oîubyk-uká?,,
Para o desaparecimento dos vestígios da maldade de nossa alma,Asé 'anga suí asé angaîpaba rakypûera kanhemagûama resé,,
Que se abstenha ele de dizer isso,Te'itenhẽumẽ ahẽ aîpó o'îabo,,
"Estai com pranto, como modo de honrar o que entra para junto de vós",Îase'o rakó perekó peẽmo teîkeara moetesabamo,,
Multiplico-o,Aîrumõ,,
"Junto do diabo lançando-os, com o qual queimará para sempre",Anhanga pyri seîtyka aûîeramanhẽ i kaîagûama,,
"lugar em que nasce o sol, o oriente",kûara sembaba,,
Hás de ser,Nde ram,,
"E aquelas mulheres não resistem, combatendo-os?",A'epe a'e kunhã n'onherani i momarana?,,
Por que a gente se persignará muitas e muitas vezes?,Marãnamope asé îobasabetá-etáûne?,,
A chuva caiu lentamente,Osaybi amana,,
"Zune como o vento, tremendo por causa de sua bravura","Ybytu îabé osunung, i abaeté suí osyîa",,
A ti nos apegamos,Oroby'a nde resé,,
Hei de viver bem como eles,Aîkó-katupe i îabé ká,,
"Falando primeiro a seus filhos, que divide (isto é, os bons dos maus)",Ogûemimoîa'oka ogûa'yra pé ranhẽ onhe'enga,,
"Amarrei penas de asa nela (isto é, na flecha)",Aîpepó-pûar,,
Erra muito o homem que se fica fazendo pajé?,I angaîpabetépe abá onhemopaîé-paîébo?,,
Como se eu dissesse,Xe 'é îasûaramo n'aé,,
"Sob minhas mãos tenho os moços pecadores, os velhos crescidos","Xe pó gûyrype arekó kunumĩgûasu-angaîpaba, tunhãba'e-kakuaba",,
Afago-lhe a cabeça,Aî'apixyb,,
Semelhante a gotas de sangue,Tugûy tykyrûera abŷare'yma,,
Ele é mais bonito,Turusueté - Ele é maior I porangeté,,
Pegou-se firmemente sua roupa com que ele foi castigado às suas chagas?,Oîar-atã serã i aoba i nupãsagûera i moperé-perebagûera resé?,,
Que se compadeçam dele os judeus,T'oîporeaûsuberekó îudeus,,
Esfreguei-lhe a caspa,Aîpiku'i-momemûã,,
Castrei-o,Asapi'a'yĩ'ok,,
São Pedro puxou a espada,S Pedro itangapema osekyî,,
Que sejais futuramente os que terão a verdadeira felicidade na nossa terra prometida,Ta peîkó irã mba'ekatu-eté rerekoaramo îandé retãme'engápe,,
não já assim,na emonani,,
"Salve Rainha, mãe de misericórdia, vida, a que é doce","Salve Rainha, moraûsubara sy, tekobé, se'ẽba'e",,
Quantas vezes a lua desapareceu ou o caju madurou?,Mbobype îasy kanhemi koîpó akaîu aîubamo?,,
"De cada dez, repartir uma de nossas coisas com Deus",Opá kombó îabi'õ Tupã supé oîepé asé mba'e moîa'oka,,
Meu coração ficando a revirar,Xe py'a pobu-pobu,,
"o que é morto, o que deve ser morto, o morto",i îukapyra,,
Elas são grandes?,Turusupe?,,
Pus-me as trouxas no panacu,Anhepanakũ-nhang,,
Acusando uma mulher para seu marido,Kunhã kuauká i mena supé,,
Quais as novidades? Quais as novas?,Marãpe moranduba?,,
"o que fia (Fig, Arte, 119), fiandeira",pobandara,,
Há poucos dias mandaste tua esposa como espiã,Kûesé nde remirekó manhanamo ereîmondó,,
Eu não duro muito,Na xe rekosûeri,,
Estragaste as coisas de teu próximo?,Ererekomemûãpe nde rapixara mba'e?,,
Que não esteja pelas casas para afrouxar nossas almas,T'oîkó umẽ oka rupi oré 'anga monguébo,,
futuro marido,menama,,
imitando tua virtude,nde rekokatu ra'anga,,
Que me tratem como a seu próprio deus,O tupãnamo ta xe rerekó,,
"Dizendo, digo asneiras (isto é, quando digo algo, digo asneiras)",A'é tenhẽ marã gûi'îabo,,
"Serão bons, doravante, os que eu guardo de costume",I angaturam ko'yré xe remiarõ îandune,,
Quem é o inimigo da gente?,Abápe asé sumarã?,,
Eu tenho sofrimento de sobra,Xe rosang-esemõ,,
Eu tenho olhos claros,Xe resá-ting,,
Eu cochilo,Xe ropebypebyk,,
Todos os homens destrói,Opabĩ abá mondyki,,
Bem à sua semelhança o fez?,Gûupi-katupe i monhangi?,,
Eu estou febril,Xe rakûar,,
"Finquei-me, fiz pé firme",Aîeatyká,,
Por isso mesmo os que tiram seu chapéu para eles transgridem a palavra de Deus,Nd'e'i te'e i xupé o akangaó-'okara Tupã nhe'enga abŷabo,,
Entrei nos caminhos de fontes,Aîké nhãîmbiara pupé,,
palavras desatinadas,nhe'ẽ-tekokugûabe'yma,,
"Ah, bem parece!",Îasûareté mã!,,
"Logo, decerto, passarás no lugar em que moro, chegando (por mar)","Koromõ ipó eregûatá xe rekoápe, eîepotáne",,
Limpou seu rosto com um pano branco,Osobá-syb aó-tinga pupé,,
Os que acreditam em sonhos,Mosaûsuba rerobîasara,,
A gente não se esquece do que é saboroso só na aparência,Seba'e-a'uba nhote resé asé na sesaraî,,
"Penetram grandes espinhos, espetando sua cabeça","Oîké îugûasu, i akanga kutuka",,
o que é (ou deve ser) malquisto,i amotare'ymymbyra,,
E como alguém procederá encontrando o que esqueceu?,A'epe marã abá rekóû a'e o esaraîagûera supé ogûasemane?,,
"""-Entrai na igreja"" disse ele de modo louvável","""-Peîké Tupãokype"" e'i muruangaba",,
Fiquei estremecendo,Asy-syî,,
Eu tenho covinhas,Xe pygûaî,,
"""Ah, coitadinho de mim"" é o que é ouvido aí","""Xe poreaûsubeté'ĩ mã!"" sendubypyramo a'epe",,
Não se cansam de pedir a Deus pelos que os resgataram,N'oîeruré-pytubari Tupã supé ogûenosemarûera resé,,
"Quereis que eu solte para vós a Jesus, vosso rei?",Peîpotápe Îesus pe rubixaba ixé i mosema peẽme?,,
São muito temíveis teus chifres,Iîabaeté-katu nde 'aka,,
"Aí também, certamente, o homem sofre",A'epe bé rakó abá nhupatĩû,,
"Isso dizendo, eu não estou tíbio","Aîpó gûi'îabo, n'akyî ixé",,
À serra eu fui para encontrar-me com nossos súditos,Ybytyrype xe sóû îandé boîá rerosupa,,
Sou desprezível,Aîkomemûã,,
Não verão sequer seu corpo brilhante?,Seté-beraba tiruãpe n'osepîaki xûéne?,,
Tanto mais porque eles são adversários de agressores,Memeté a'e morero'arupîara,,
meu avô Jaguaruna,xe ramũîa Îagûaruna,,
Que não aconteça de algo te deixar ignorante,Te'itenhẽumẽ mba'e amõ nde motekokuabe'yma,,
Até mesmo gritou comigo,Xe aká tekatu nhẽ,,
roda de madeira (para algodão),ybyrá-babaka,,
"gozador, brincalhão, zombeteiro",nhemosaraîxûera,,
"Eram muitos os que estavam a castigá-lo? -Eram muitos, ficando a revezar-se uns com os outros nisso","-Setápe i nupã-nupãsara? -Setá, sesé oîoporu-porûabo",,
Impedem os casamentos,Mendara omoarûab,,
Virei-o ao contrário,Arobak,,
nas roças,kóbo,,
"Tem medo de ti o diabo, odiando-te","Osykyîé nde suí Anhanga, nde moabaetébo",,
Eu sou confuso,Xe abaíb,,
Estão bem felizes,Sory-porang,,
Pegou-se fortemente sua roupa às suas chagas?,Oîaratã serã i aoba i moperé-perebagûera resé?,,
Esse nome é o que me convém,Aîpó tera xe arõana,,
Tu não me detestas,Na xe reroŷrõî îepé,,
A gente é parecida à criança que não tem pecado?,Pitanga i angaîpabe'ymba'e rapixaramo nhẽpe asé rekóû?,,
Teu poder aquietou este mundo,Nde 'ekatu kó 'ara moapysyki,,
"Tu fizeste mexericos, contando as palavras de teu próximo?","Nde mba'epûerype, nde rapixarĩ nhe'engûera mombegûabo?",,
É por isso que o batizais junto ao padre,Aîporama resé é peîmongaraíb abaré pyri,,
"Nós, ao contrário, havemos de ir ao encontro da nossa pátria","Îandé-te, îandé retama t'ixepenhan",,
Eu fui o primeiro deles,Ixé iîypy,,
Rouba-o aí por perto,Mbype emondarõ sesé,,
Mas não tentam esses aprender sempre?,N'osa'angi-tep'akó nhembo'e ko'arapukuî?,,
o que tem barba ruiva,sendybaá-îuba'e,,
Sou seu parceiro de dança,I nhandaramo aîkó,,
De modo nenhum os temiminós tiram seus nomes antigos,Nainanĩ temiminõ o erumûana mombó,,
Agi ordenadamente para que se quede em vós,Peîkó-aturõ t'oby'ar pe ri,,
Eu sou o que é rico,I mba'eba'e ixé,,
Eu sou fibroso,Xe raîu-raîu,,
Leio-o,Asa'ang,,
E de que maneira é homem verdadeiro como nós?,A'epe marã apŷabetéramo sekóû îandé îabé?,,
Arrepiei-me,Aîepoká,,
Estou acordando,Apak gûitupa,,
"Seus amigos, os franceses, trouxeram armas de fogo em vão","Saûsupara, aîuruîuba, mokaba ogûeru tenhẽ",,
Os cristãos não eram muitos,Karaíba na setáî,,
"Deus te fez viver, guardando-te, não somente por uma semana, não somente por um ano, mas por muitos anos","Nde moingobé Tupã, nde rerekóbo n'oîepé îasy nhõ ruã, n'oîepé seîxu nhõ ruã, setá nhẽ seîxu-te",,
"Queremos muito amar-te, entregando-nos a ti","Oroaûsu-potá-katu, oroîeme'enga endébo",,
o magro que convido para comer,xe remipoîangaîbara,,
"casas do lado, vizinhança",amỹîoka,,
O desejo sensual aumentou teus olhos?,Moropotara nde resá moîo'arype?,,
Daqui a pouquinho castigo-o,Aînupã apyri'ĩ,,
Aceitei dinheiro de Pedro,Aîar itaîuba Pedro suí,,
"Aos olhos dos homens somente, mas não de verdade,",Abá resápe nhote na supi ruã-te,,
Esses homens são os que portam riquezas para nós,Aîpó abá ma'e îara îandébe,,
marca antiga de pedrada,itá-porûera,,
Fiz oferenda para o pajé,Anhetanong paîé resé,,
"-Quem és tu? -Sarauaia, adversário antigo de franceses","-Abápe nde? -Saraûaîa, aîuruîubupîarûera",,
quinhão de Deus dízimo,Tupã potaba,,
São numerosos os que te procuram,Se'yî nhẽ nde rekasara,,
O grão-sacerdote de nome Caifás,Morerekoara Caifás seryba'e,,
Fiquei-o esfregando com gordura,Aîkyty-kytyk mba'ekagûera pupé,,
Já se juntaram por causa disso muitos moços bebedores de cauim e as moças que dão de beber às pessoas,"Onheŷnhang umã sesé kunumĩetá kagûara, kunhãmuku i more'ymbara",,
Instruir os que são ignorantes,I tekokuabe'ymba'e motekokuaba,,
Completamente ele me revistou,Opá ahẽ xe subi,,
Não hei de deitar a perder a meu pai,Amote'e umẽpe xe ruba ká,,
Tu outrora me salvaste,Nde erimba'e xe pysyrõ îepé,,
Hei de ir para cumprir essas palavras,T'asó aîpó nhe'enga mopó,,
Brinco,Anhemosaraî,,
cantinho dela,sûá'ĩ,,
"lugar de se abrigar da água, barra de porto",y-mbîasaba,,
A maldade fez feder minha alma,Xe 'anga omonem tekoangaîpaba,,
Algo semelhante a um navio,Ygarusu nungara,,
"Para visitar a aldeia, eu fui à serra","Taba supa, ybytyrype xe sóû",,
"Eia, amarrai os malditos!","Pe'ĩ, peîpûá muru!",,
Cuspi-o,Anhomun,,
"de alguma parte, dalgures",kûeîpe suí,,
ajudante de São Lourenço,São Lourenço pytybõana,,
"Aproximando-me da morte, meus grandes pecados antigos farei sair","Te'õ rerobyka é, xe angaîpá-tubixagûera amosẽne",,
"Os bem-aventurados e os santos no céu, que vêem a Deus, ultrapassam o número dos dias que o ano tem","Marangatuba'e santos ybakype, Tupã repîakaretá, osasá 'ara ro'y remierekó papasaba",,
Tenho-o bem na minha cintura,Xe ku'aî bé arekó,,
pelos campos,nhũbo,,
"A dança é que é boa, enfeitar-se, fumar","Moraseîa é i katu, îegûaka, petymbu",,
teu sêmen ejaculado,nde ra'y-pupuka,,
"Eu sou Guaixará, bebedor de cauim, grande boicininga","Gûaîxará kagûara ixé, mboîtiningusu",,
"Ah, que dizes!?",Teté marã e'îabo mã!?,,
Quantos são os que recebem compaixão?,Mbobype saûsubarypyra?,,
tomou o pão em suas mãos,miapé rari o pópe,,
"Entreouvi tuas palavras (isto é, ouvi-as superficialmente)",Asendub-aíb nde nhe'enga,,
Após vertê-la dentro de alguma casca de coco,Inaîagûasu apepûera amõ pupé i nhang'iré,,
Nas armadilhas fiz os malditos entrarem,Kotype muru amoingé,,
Eu sou magro,Xe angaîbor,,
Prendi-o a uma pedra,Aîmoín itá resé,,
Voltou a vir ao lugar em que tinha deixado seus discípulos?,Ouîebype erimba'e o boîá reîasagûerype?,,
De modo algum os temiminós tiram seus nomes antigos,Nainanĩ temiminõ o erumûana mombó,,
Hei de me esconder bem,Aîemĩngatu-pe ká,,
"Eu sou rechonchudão (isto é, de corpo muito largo)",Xe asangusu,,
Presumo que ele deve ter ido,"""Osó ipó re'a"" a'é",,
"Mas eu, amando minh'alma, fico quieto em minha terra","Xe-te, xe 'anga raûsupa, aby'arĩ xe retãme",,
Conhece bem as guerras,Oîkuá-katu marana,,
A ti somente louvando-te muito!,Nde nhõ nde moetekatûabo!,,
O que reflete sobre sua morte,Se'õagûera resé onheangerekoba'e,,
A terceira (virtude) dele é a satisfação dos cônjuges,I momosapysaba mendara moîekosupaba,,
Que perdoe Deus a nós,T'i nhyrõ Tupã orébo,,
fininho,po'i'i,,
Adversária da morte,Te'õ rupîara nhẽ,,
"Estou pela metade (pex, afundado n'água)",Xe ragûé rupi aín,,
arrependendo-te fracamente de teus atos passados,nde rekopûera moasy-bebuîa,,
Eu sou raro,Xe kûaî,,
Atraio a Pedro,Aîmomotar Pedro,,
ira que te impregna,nhemoŷrõ nde momungasara,,
O que te põe nu,Ikatupe nde moĩndara,,
Coze algum cauim,Emoîyb kaûĩ amõ,,
"faval, plantação de favas",komandagûasu-tyba,,
Por que não queres chorar nem mesmo um pouquinho?,Marãpe nd'ereîase'o-mirĩngatutenhẽ-motari?,,
"instrumento de aquentar o fogo, abano, abanador",tatá pegûaba,,
Há de prantear a gente o desaparecimento de seu pai e de sua mãe,Osapirõ-n'asé og uba o sy kanhemagûera,,
"Indo, eu me escafedo",Xe rebinhỹ gûixóbo,,
Trouxeste algumas facas de ferro?,Ererupe itá kysé amõ?,,
Oxalá Deus mandasse os cadáveres de toda parte falarem,Omonhe'eng-uká temõ Tupã te'õmbûera kóbo,,
Que está deitado aqui?,Mba'epe ké tuî?,,
Para as coisas que costuma sofrer não tendo paciência,Mba'e o emimborará-tyba supé og osange'ymamo,,
Ele está um pouco melhor,I katu be'ĩ,,
Vim de minha casa,Aîur xe roka suí,,
"Quando ele mama, ela fica alegre","I kambuneme, sory",,
Que fazem conosco os que nos batizam?,Marãpe asé rerokara asé rerekóû?,,
"Não dou ouvidos, não me importo",Na xe apysáî,,
Fico-o chacoteando,Aîkurá-kurab,,
Trazendo um pouco de linha,Inimbó'i amõ reru,,
Que estejamos perto de ti,T'oroîkó nde ypype nhẽ,,
Trouxe muitas destas ostras,Aruretá kó reri,,
comichão da pele,mbiremonã,,
Nossa comida de cada dia dá hoje para nós,Oré remi'u 'ara îabi'õndûara eîme'eng kori orébe,,
acompanhante de caminhada,atá-irũ,,
Coisa muito boa é uma grande bebedeira,Mba'e-eté ka'ugûasu,,
"Depois disso, vamos quebrar as cabeças dos reis",A'e ré kori îasó tubixaba akanga kábo,,
"Qual é a causa de nossa alegria, então?",Mba'epe asé moesãîndaba a'ereme?,,
o que socorre gente,morepenhandara,,
"Ladroeiras, palavras más sobejavam-te, danças, diversões, vômitos, bebedeiras, guerras","Mondarõ, nhe'engaíba nde resemõ, moraseîa, nhemoryba, gûe'ena, ka'uaíba, marana",,
O que tem relações sexuais com o que não é seu cônjuge,O mendasabe'yma resé oîkoba'e,,
"Enchendo o mar, levantando-o bem acima do cume das montanhas","Paranã momungábo, ybytyra apyra sosé katu i mopu'ama",,
Estou-me recolhendo,Anhenong gûitupa,,
Não honram seu criador,N'omoetéî o monhangara,,
Ofendeste teu pai?,Ereînhe'engybõpe nde ruba?,,
Minha alma fez feder a vida pecaminosa,Xe 'anga omonem tekoangaîpaba,,
Teriam ido para longe?,Osó meémo mamõ?,,
"no vértice, no ápice",apyteri,,
À direita de Jesus somente tu estás,Îesu 'ekatûápe nde nhõ ereimbé,,
Tu falaste mal de alguém?,Nde îuru'arype abá amõ resé?,,
a maldade de suas palavras,o nhe'enga poxŷagûera,,
Eu sou inchado,Xe susu'a,,
sardas do rosto,tobá pinima,,
Alegrando-se com a morte de alguém,Abá re'õagûera resé og orybamo,,
O que manda um falso pajé sugar outra pessoa,Paîé-a'uba supé amõ abá oîxuban-ukaryba'e,,
"Eis que aqui estou, o que vos enxota",Aîkobé pe mondoarama,,
Minha casa está escura,I pytun xe roka,,
cabeça (arrancada) de peixe,pirá akangûera,,
"Após vir Sarauaia, destruiremos a aldeia, como de costume","Saraûaîa rur'iré, îamombá taba îandune",,
Não há nada errado,N'i tybi mba'e-memûã,,
"Que transformou outrora em mundo? (isto é, de que fez o mundo?)",Mba'epe erimba'e oîmonhang 'aramo?,,
Para ser a futura mãe de Deus ela foi feita,Tupã syrama ri i monhangymbyra…,,
Fizeste resguardo por causa do parto de tua mulher?,Ereîekuakupe nde remirekó membyrara resé?,,
água salgada (do mar),y-e'ẽ,,
É coisa que falta,Mba'e angaba'eamẽ,,
Qual era mesmo o nome dele?,Marã-takó ahẽ rera?,,
Bem com os meus olhos vi que tu as escondeste,Xe resá pupé-katu asepîak nde i mimagûera,,
Como peregrinos é que a gente mora nesta terra,Ataramo é asé rekóû ikó yby pupé,,
Aceitaste suas palavras ao dar ordens a ti para alguma coisa boa?,Ereîmorype i nhe'enga mba'e-katu resé nde pûaîme?,,
O que come terra ou outra coisa,Yby koîpó mba'e amõ gûara,,
"Quando era ele rei, foi maltratado",Morubixabamo sekóreme serekomemûãmbyramo sekóû,,
ajuntamento de pedras,itá re'yîa,,
Sorvi o caldo,Aîty-kukur,,
Ainda bem que o faz correr consigo!,Iîá muru senonhana!,,
começando a pronunciá-lo,sa'ang-ypŷabo,,
Não confio em Macaxeras,Nd'arobîari Makaxera,,
Não estaremos mais aflitos,Nd'oroîkotebẽ béî xóne,,
parede de casa,ó-pyá,,
"Aonde chegaram com Nosso Senhor, finalmente?",Mamõpe gûá Îandé Îara rerosyki ko'yté?,,
"De forma inadequada, certamente, está o regente do canto",Aroane'ym nakó nhe'engaryba rekóû,,
"Derrama tuas lágrimas, pranteando a vergonha de tua alma","Eîmo'ẽ nde resa'y, nde 'anga i momara'aragûera rapirõmo",,
Nós estamos juntos,Oré apûanã,,
"pelas costas, na ausência, à traição",kupébo,,
Andei sumido,Akanhẽ-kanhem,,
Sua lei pôs ordem em nossa antiga vida má,Sekó omongaturõ îandé rekó-poxypûera,,
Nós vos matamos,Oré opoîuká,,
Não são muitos meus pecados,Na setáî xe angaîpaba,,
Contigo quero estar,Nde irũnamo aîkó-potá,,
"Com uma lança de ferro espetou seu flanco, estourando suas entranhas","Itamina pupé iî yké kutuki, i nhy'ã moboka",,
Fizeste sexo com uma mulher com alguém observando-o?,Ereîkópe kunhã resé abá remiandubamo?,,
este outro (e não ele),ikoba'e-te,,
Ajudaste alguém num roubo?,Ereîpytybõpe abá mondá resé?,,
"Estão em grande número, são muitos",Tyk e'i,,
Assei,Amixyr,,
"Imaginai, em vossa morte, estardes vós deitados",Peîmo'ang pe re'õ pupé pe ruba,,
Emplumei-o,Asamongy,,
Mandaste tua esposa ir em busca de mulheres?,Ereîopûaîpe nde remirekó kunhã resé?,,
"dali, daquele lugar",ûĩinga suí,,
Tu deste à luz por tua vontade?,Nde membyrápe erimba'e nde remimotarybo?,,
Riscaram todo o teu corpo com ferro pontiagudo,Opá nde reté raíri itatîãîa pupé,,
Fazendo zombaria diante dele,Sobaké o memûãnamo,,
Fi-lo suar,Asyaîká,,
Quebrei-me,Aîeká,,
o que é circuncidado,i api'aba'e,,
Eu sou travesso,Xe resakûé-kûé,,
Consolas teu pai e tua mãe em suas aflições?,Ereîmoîekosupe nde ruba nde sy sekotebẽsaba ri?,,
retribuindo o amor a ti,nde raûsuba poepyka,,
O que me cabe é tomar cauim,Xe potaba kaûĩ rá,,
Hei de contar os modos de impedi-los,I moarûapaba t'aîmombe'une,,
"o que paga, o que resgata",osepyme'engyba'e,,
Vieste do céu,Ybaka suí ereîur,,
Com eles alio-me,Sesé nhẽ aîekotyá,,
"margem de rio, praia, ourela de mar ou rio",y-embe'yba,,
"Deixai, pois, estes meus discípulos irem com saúde",T'e'i nhẽ ã xe boîá o marane'yma rerasóbo rõ,,
Aguço-a,Asapûa'ok,,
Dizem que o homem fez assim antes,Emonã îé abá rekóû rãé,,
peneira rala,urupẽ-mokanga,,
"Embora eles tenham igrejas, a todos arruinei",I tupãok îepé aîmomoxy pabenhẽ,,
mulher bondosa e estéril,kunhã-marangatu-membyre'yma,,
Contando as maldades escondidas de alguém para quem não as conhece,Abá angaîpá-nhemima i kuapare'yma supé mombegûabo,,
"Portanto, eu vim a ti","Emonãnamo, xe ruri ndébo",,
"Que a Maria alegremos, a lei do diabo repelindo","Maria t'îambory, Anhanga rekó reîyîa",,
lavadeira ou lavador de roupas,aopotukasara,,
palavras vãs,nhe'ẽ-tenhẽa,,
Afasta-te! Vai-te daqui já!,Eîepe'a! Ekûá ké suí ra'a!,,
Creio que Deus perdoa às pessoas,Arobîar moroupé Tupã nhyrõ,,
Por que não seriam muito fortes?,Marãmo satãngatue'ymamo?,,
Eu tenho diarréia,Xe rebykasy,,
Não porque não queira,N'i potare'ỹme ruã,,
fazendo estar bem minha alma!,xe 'anga moingó-katûabo!,,
Hei de ir cumprir essas palavras,T'asó aîpó nhe'enga mopó,,
a mim (ou para mim),Ixé supé,,
"Eva, nossa mãe primeira, atraiu-se muito pelo belo fruto, de acordo com a palavra da serpente","Eva, îandé sy-ypy, onhemomotareté 'ybá-poranga resé, mboîa nhe'enga rupi",,
E também as esposas de seus filhos,Ta'y-taty abé,,
Paga o objeto de seu furto,Oîmoepy o mondasagûera,,
Minhas palavras somente cumprirás,Xe nhe'enga nhõ ereîporaká,,
Prendi-os um ao lado do outro,O îoybyri aîmoín,,
Prendi-os uns ao lado dos outros,O îoyby-ybyri aîmoín,,
São muitas as grandes igaçabas,Setá nhẽ ygasabusu,,
Já saíste da grande escuridão,Eresem ymã putunusu suí,,
"a vida que não acabará (isto é, a vida eterna)",tekobé opaba'erame'yma,,
Toma-nos a dianteira sempre o diabo,Îandé rokesỹ memẽ anhanga,,
Compadeceste-te de tua mãe e de teu pai?,"Eresaûsubápe nde sy, nde ruba?",,
monte de terra,yby-atyra,,
"Eia, depressa desviando-me","Ne'ĩ, taûîé, xe reîyîa",,
"Eles, na verdade, em três pessoas se distinguem",A'e anhẽ mosapyr pessoaamo i îa'oki,,
Ameacei-o,Aropu'am,,
Deste atenção a tua confissão?,Ereîeapysaká-katupe nde nhemombe'urama resé?,,
Deixei esse cadáver seu,Aseîá kó se'õmbûera,,
os restos de nossos pecados,asé angaîpaba rembyrûera,,
Que se acautelem futuramente os habitantes da terra para que não creiam nele,T'onhemosako'i irã yby pora t'ogûerobîar umẽ,,
"O próprio Deus, com sua santidade, as almas e os corpos deles fez","Tupã aé, o karaíba pupé, i 'anga seté monhangi",,
por causa de seu próprio pai,og uba resé,,
Com sua própria neta não pode ninguém casar-se,O emiminõ resé nd'e'ikatuî abá omendá,,
"O cauim transbordante nas igaçabas, depois disso, os atrai","Ygasápe kaûĩ-tuîa, a'e ré, îamomotá",,
"marca de espada, sinal de ferimento com espada",itangapẽ-mbora,,
buraco do chão,yby kûara,,
Tomo-o no meu ombro,Xe ati'yba ri aîar,,
"Ah, ai de mim, o fogo do diabo sofrerei para sempre!","Ixé tekatuete'ĩ ra'u, Anhanga ratá aîporará aûîeramanhẽne mã!",,
"Das cuias ficando a quebrar as pontas, afrontaste os homens","Kuîa nhẽ i tĩ-ngá-tĩ-ngábo, ereîanga'o abá",,
"Por isso mesmo os malditos se alegram por causa deles, fazendo disputa por eles","Nd'e'i te'e moxy sesé og orybamo, sesé oîomoaîuabo",,
Fi-lo emergir comigo,Arobur,,
"""Ele deve ter ido"", disse eu em suposição","""Osó ipó re'a"" a'é angá",,
"Eu sou um espião, um velho poltrão","Xe manhana, manembûera",,
Não serei pecador doravante,Na xe rekopoxyî xûé angiréne,,
Viemos muitos,Oroîurusu,,
Vingo-me deles,Aîeepyk anhẽ sesé,,
espinhas do rosto,Tobá kuruba,,
"Seu sangue era muito, oprimindo sua alma","Sugûy turusu, i 'anga apypyka",,
"Como, então, futuramente, os homens dirão, invocando-o, ao circundarem-nos muitíssimos inimigos?",Marã e'ipe irã abá a'ereme tobaîá-katupabẽ o amaneme sekyîabone?,,
"Espera! Que venha o maldito, primeiro","Enhambé! T'oú-te muru, ranhẽ",,
Eu tenho palavras desatinadas,Xe nhe'engetá,,
Mas livra-nos do mal!,Oré pysyrõ-te mba'eaíba suí,,
Dando para ele alguma semelhante a si,I xupé o apixara amõ me'enga,,
Quem foi o que o entregou?,Abápe i me'engarama?,,
Começando-os logo,Taûîé iîypyrunga,,
var de chapéu em forma de cogumelo,akangaoburupé,,
"Eu também os meus parentes trazendo, faço-os dançar comigo",Xe abé xe anametá aroporaseî seru,,
Não é longe,N'apûéî,,
"Portanto, prendo-te!",Irõ oropokosub!,,
Está cheio teu ventre,I por nde rygé,,
Frustrei-me,Xe rambûer,,
Hei de pescar para ti,T'oroporaká,,
Mandei um homem em busca de pindoba,Aîopûaî amõ abá pindoba resé,,
Por isso mesmo eles não se deleitam com as boas coisas,Nd'e'i te'e mba'e-katu resé oîekosube'yma,,
"Ataca-o, Sarauaia!","Esepenhan, Saraûaî!",,
Nomes de quem são esses?,Abá-abá rerape eboinga?,,
Aqui estou para levar seu ventre e também seus pulmões para minha sogra velha,Kó aîkó sygepûera t'arasó i nhy'ãbebuîa abé xe raîxó-gûaîbĩ supé,,
característica de homem mau,apŷabaíba rekoaba é,,
Confundindo esta aldeia,Ikó taba apamonana,,
Que olhe para nós o neném compadecedor,T'oma'ẽ îandé resé pitangĩ-moraûsubara,,
Vai por aí,Ebokûé rupi ekûab,,
Seus matadores repartiram-nas uns com os outros,I îukasarama oîmoîa'ok o îoupé,,
Vivendo como se estivessem unidos,T'oîese'ar-y berame'ĩ oîkóbo,,
Mas não tentam esses aprender sempre?,N'osa'angi-te-p'akó nhembo'e ko'arapukuî?,,
"Para onde meus amigos foram, sem mais?",Marãngotype xe îekotyasaba sóû-'ĩ,,
Jazia ao lado de mim,Xe ybyri tuî,,
A ti suspiramos,Ndebe oronheangerur,,
Arranca a miséria de minha alma para que esteja firme em ti,"Eporeaûsubok xe 'anga, t'i pyatã nde resé",,
Ai! Guarda-te de me queimar!,Akaî! Teumẽ xe rapŷabo!,,
Assim deve ser,Emonã ruãpe é,,
Ai! Queima-me Deus!,Erĩ! Xe rapy Tupã!,,
Eu tenho terçol,Xe ropepirekó,,
"Tu tiveste polução, tendo desejos sensuais?",Erenhemoa'ypupukype nde poropotaramo?,,
Cortei a fila deles,Asysy-mondok,,
refletindo sobre suas maldades,onheangerekóbo o angaîpagûera resé,,
"Faz a cruz em nossa testa com ele (isto é, com óleo)",Asé sybasab i pupé,,
Eu não sou constante,Na xe rekoposyî,,
Hei de dar ovas de peixe para ti,T'ame'ẽne pirá ruba endébo,,
Surpreendeu-te Deus a deleitar-te com nossas palavras,Nde resapy'ari Tupã oré nhe'enga morypa,,
pau do casco (da canoa),apé-'yba,,
Dou laçadas nela,Aîmokusambar,,
Em terra não os mandando transformar,Ybyramo i moingoukare'yma,,
Veio das alturas,Ybaté suí oú,,
Antigamente pescava bem os peixes,"Akûeîme, rakó, pirá asekyî-marangatu",,
Ele tem o rosto muito alegre,Xe resãî - Eu estou alegre Sobá-esãîngatu,,
"Quando morre seu cônjuge verdadeiro, uma pessoa não pode casar-se com algum irmão ou irmã dele","O me'engabeté re'õneme, abá nd'e'ikatuî omendá i asykûera amõ resé",,
remédio de nossos antigos desejos sensuais,moropotaragûera posanga,,
Sede valentes junto de vosso inimigo,Peîkoeté pe robaîara pé,,
"Que nada! Vou vencê-los, como sempre",Erĩ! Aîmoaûîé îandune,,
Trouxeram pólvora em vão,Mokaba ogûeru tenhẽ,,
"Aproximando-se da morte, suou bastante","Te'õ rerobyka, syaî-tekatu",,
"possivelmente, provavelmente",emonã ipó re'a,,
E porventura na hóstia está Jesus Cristo?,A'e serãne hóstia pupé Îesu Cristo rekóû?,,
Mas olha primeiro! Olha cá! (como que mostrando alguma coisa notável),Ema'ẽ-te ranhẽ!,,
meu parceiro,xe rapixara,,
"Ide logo daqui, apartando-vos com vosso grande fedor!","Pekûá, taûîé, ké suí, pe nemeté rerosyîa!",,
Já se juntaram a eles muitos moços bebedores de cauim,Onheŷnhang umã sesé kunumĩetá kagûara,,
Somente com Ele os olhos dos homens se satisfazem no céu,Sesé nhõ abá resá apysykamo ybakype,,
Mandei um homem ir em busca de palma,Aîopûaî amõ abá pindoba resé,,
Esforça-te por causa de Deus,Enhemopyatã Tupã resé,,
Sou fujão (sou inclinado a fugir),Aîababixûer,,
"Caem, às vezes, os frutos das suas árvores, sendo ainda flores",Okuî rakó amũme ybarambûera o 'yba suí ybotyramo oîkóbo bé,,
Para mãe de Deus é feita,Tupã syrama ri i monhangymbyra,,
faca de taquara,takûá-kysé,,
Para mãe de Deus é que é feita,Tupã syrama ri i monhangymbyra,,
"Tua alma elimina a posse do céu com coisas fétidas e más, borrando-a por causa delas","Nde 'anga ybaka rerekoarambûera mba'enẽ-memûã pupé oîmomemûã, sesé i monana",,
Eu sou Sauiaetá Famoso é meu nome,Ixé Saûîaetá Serapûã xe renoĩndaba,,
lugar costumeiro de minha pescaria,xe pindaeîtykatyba,,
Tem tu compaixão de nós durante nossa vida,Oré raûsubá îepé oré rekobé pukuî,,
Estava-me agradável meu jogo,I porambyrambyk xe rekó ixébo - São-me agradáveis meus afazeres I porambyrambykĩ xe nhemosaraîa ixébo,,
Santa Maria está supondo a aproximação de seu parto,Santa Maria o membyrá-kakara omo'ã-mo'ang,,
"Agiste como não devias, certamente",Marandé ipó ereîkó,,
furna em penedos ou rochas,itá-kûarusu,,
Pode a gente trocar seu próprio nome?,E'ikatupe asé ogûera rekobîarõmo?,,
O que não quer ir para onde está o que ele detesta para não o ver,O emiamotare'yma rekoápe osó-potare'ymba'e sepîaka suí,,
entrando em tua casa,nde rokype oîkébo,,
"Tornaste-te pajé, fazendo sucções?",Erenhemopaîépe eposubana?,,
Eles bem sabem que não mudarão?,Oîkuá-katupe i îekûaboke'ymagûama?,,
Moro com Pedro,Kó taba pupé aîkó - Moro nesta aldeia Aîkó iké xe roka pupé - Moro aqui em minha casa Aîkó Pero irũnamo,,
Deveria mandá-lo,Aîmondó-monẽmo,,
Tu tiveste excitação com teu amante?,-Nde regûyrõpe nde agûasá resé?,,
Voltou a vir aonde tinha deixado seus discípulos?,Oú-îebype erimba'e o boîá reîasagûerype?,,
Cheguei (por terra),Agûasem,,
passarinho,gûyrá-mirĩ,,
Morrendo nós,Oromanõmo,,
Embelezando-te totalmente,Opabĩ nde momoranga,,
Urdiste mentiras contra alguém?,Eresekyîpe îuraragûaîa abá supé?,,
Amando tua grande beleza,Nde porãngatu raûsupa,,
Desejando ardentemente ver tua face,Nde robá repîaka'upa,,
Tremeram após te matarem,Oryryî nde îuká ré,,
porca fêmea,taîasu-kunhã,,
"Ah, que velhaco!",Angaîpaba maniîabo mã!,,
"o mais cedo possível, em um momento",korite'ĩ-aíb-eté,,
Enfeitei-me,Anhemongatyrõ,,
Querendo revirar minha casa,Xe roka pobu-potá,,
Apodreci,Atuîuk,,
Desembarcando seu senhor na própria cachoeira,O îara opeá ytupe é,,
"Arrepender-nos-emos, de coração, dos maus procedimentos",Îaîmoasy marãtekoagûera îandé py'a suíne,,
"São muito molestos, certamente, quando a lua está escura, os tropeços de nossa caminhada","Iîabaíb-eté nhẽ rakó îasy putuneme, asé atá mysakanga",,
Eu estou descoroçoado,Xe akangûyr,,
Sempre atam as mãos dos diabos quando querem em vós suas presas,Memẽ anhanga popûari pe ri sembiá-potasápe,,
"Por sua vontade é que ele se entregou aos seus adversários, não resistindo?",O emimotarybo épe erimba'e i nheme'engi og upîarama pé onherane'yma?,,
"Nessa igreja Maria cresceu e, após a maturidade dela, Deus entregou-a a São José","Kó tupãoka pupé Maria kakuabi, i aûîé ré é Tupã i me'engi São José pé",,
"Vem, coisa fedorenta, coisa nojenta!","Eîori, mba'enem, mba'e-poxy!",,
"antigamente, após a criação do mundo", raka'e 'ara nhemonhang'iré,,
"Ah, oxalá ele viesse!",Marãîasûaramo turi mã!,,
Fiz-lhe uma gaiola,Asuru-monhang,,
Por acaso ele teve seu intestino caído totalmente pelo lugar em que se rasgou sua cintura?,Opakatu serã sygeapûá-kuîamo i ku'a sorokaba rupi?,,
Minha morte não há de ser ainda,Nd'e'i ipó xe re'õnama ranhẽ re'a,,
Uma coisa amarga misturaram com vinagre,Mba'e-py'aûpîara kaûĩaîasy resé i monani,,
Amarrei-lhe as pernas,Aîkupy-pûar,,
Eu estou rugoso,Xe axixã,,
Penteio-me,Aîeabyky,,
baliza do caminho,pé kugûapaba,,
Ide depressa!,Pekûá esapy'a!,,
Foram S Pedro e São João,"Osó S Pedro, São João abé",,
Ficando a tomar poções para não se gerar uma criança,Pitanga nhemonhanga suí oîeposanõ-sanonga,,
"cabeleira, peruca",agûera,,
"Fizeste o pajé ser feiticeiro, acreditando nele?","Ereîmoupixûarype paîé, serobîá?",,
Sua remissão foi minha determinação,Sepyrama xe pûaîtaba,,
Faço-o muito apressadamente,Aîapó-anhẽ-anhẽ,,
"Sarauaia, vem para beber cauim","Saraûaî, îori ekagûabo",,
Estou menstruada,Aîkoaíb,,
o que toca a quando eu fui,xe soremendûara,,
Matamos,Îaîuká,,
"Quanto mais um caminhante por um caminho que não conhece se aflige, mais deseja logo ver o dia","Memeté rakó pé o eminguabe'yma rupi oguataba'e o angekotebẽnamo, korikorinhẽa'ub 'ara repîaki",,
É certo que foi?,Osó ruãpe é?,,
Cheguei (por mar),Aîepotar,,
Eu sou um homem vadio,Abá-ekotenhẽ ixé,,
Para o alto do chamado Monte das Oliveiras levou sua mãe e seus discípulos,Ybytyra Olivete seryba'e apyterybo o sy o boîá rerasóû,,
Honrar a Deus,Tupã moabaeté,,
A morte estava dentro deles como sua pena,Sepyramo é anhẽ te'õ rekóû i pupé,,
Fartei-me de comê-lo,Aî'useîmogûab,,
Das cuias quebrando as pontas,Kuîa nhẽ i tĩ-ngá-tĩ-ngábo,,
ir para a guerra,marãmonhangápe só,,
Eis que agora eu pereço,Akanhem kó ixé re'a,,
"Aimbirê, levemos os malditos logo","Aîmbiré, îarasó muru taûîé",,
"Seu sangue era muito, escorrendo no chão",Sugûy turusu ybype osyryka,,
Lacei-o pelo pescoço,Aîaîurar,,
"E ao partir muitas vezes o padre a hóstia em pedaços, em cada pedaço dela Nosso Senhor Jesus Cristo está?",A'epe abaré hóstia pese'õ-etá-etáreme i pese'õmbûera îabi'õ Îandé Îara Îesu Cristo rekóû?,,
"Portanto, essa é a primeira finalidade de se aspergir a gente com água benta",Irõ aîpó 'y-karaíba pupé asé îeepyîtabypy,,
"A noite em que estava ele como presa dos judeus, os cristãos não estavam felizes","Putuna îudeus i pysykagûeramo sekóreme, cristãos rorybe'ymamo",,
Pôr o bispo em nossa testa o óleo sagrado,Asé sybápe abaregûasu nhandy-karaíba nonga,,
Todos os lugares preenche,Opakatu mamõ mopori,,
"Em que direção eram, pois, meus atos passados?",Marangoty-pakó xe rekopûera é?,,
As almas dos homens morrem ao transgredirem a palavra de Deus,Abá 'anga re'õû nhẽ Tupana nhe'enga abŷápe,,
Deus-Pai,Tupã Tuba,,
"Embora me evoques os atos, daqueles arrependi-me, bem resgatando-os também","Xe rekoekyî îepé, a'epûera aîmoasy, i mboepykatûabo bé",,
Como disse a seu pai antes de morrer?,Marã e'ipe og uba supé o îekyî'îanondé?,,
Como teus filhos estando nós,Nde membyramo orokupa,,
"São muito molestos, certamente, os tropeços de nossa caminhada, o fatigar-se","Iî abaibeté nhẽ rakó asé atá mysakanga, asé mopytubara",,
"Assim que pôs sua alma em seu corpo, Deus a preservou","I 'anga seté pupé i mondepa bé, Tupã i pe'aû",,
É enjoativa minha comida,I ting xe remi'u,,
o cauim que é preparado para meu recebimento,kaûĩ xe renotara,,
Ficaram todos gritando por causa disso,Oposẽ-posẽ pabenhẽ sesé,,
Que deteste muito o diabo,T'aroŷrõngatu anhanga,,
os que põem armadilhas bem nos caminhos das fontes,nhãîmbiara pupé-katu oîekotyrungyba'e,,
Que farão no céu?,Marãpe sekóû ybakypene?,,
cabeceiras de rio,y-apyra,,
"De fato, quiseste matar mesmo o bondoso São Lourenço","Supi é, ereîuká-potar é São Lourenço-angaturama",,
O oposto da avareza é a liberalidade,Tekate'yma robaîara tekate'yme'yma,,
Apartá-lo-íamos dele precisamente depois disso?,Îaîpe'a nhẽmope i xuí a'e roîré katu?,,
Deus fez vir um anjo no sonho de São José para o avisar,Tupã karaibebé mbouri São José mosaûsuba pupé i momorandupa,,
"Afastou-se daqueles seus três discípulos, então?",Oîeîyîpe a'e o boîá mosapyr suí a'ereme?,,
"Como um cão, atacou-me",Îagûara rame'ĩ xe repenhani,,
corpo morto de peixe,pirá re'õmbûera,,
Eu estou com a base com firmeza,Xe ypy ten,,
"Tocaste nas tuas pudendas, abrindo-lhes a pele?",Erepokokype nde rapopé resé i pipekábo?,,
Dizem que fui?,Asó serãne ra'e?,,
Com meu cônjuge verdadeiro somente hei de ter relações sexuais,Xe mendasabeté resé nhõ t'aîkóne,,
poeira da terra,yby tubyra,,
Então foi?,Osó-tepe ra'e é?,,
"armadilha de ratos, ratoeira",gûabiru rupîara,,
Toquei-o,Anhatõî,,
Guardei todos os jejuns,Aîá pá îekuakuba,,
"É muito feliz, certamente, o homem, após alcançar alguma verdade",Sorybeté rakó abá mba'eeté amõ resé o îekosub'iré,,
coleira de ferro para prender pessoas,itá-îurutá,,
Eu tenho palavras ásperas,Xe nhe'engasy,,
O que tem jeito para ele sou eu,Iî arõana ixé,,
Os maus padecem açoites,Angaîpaba oîporará îonupã,,
"Que se frustre esse meu futuro sofrimento, que eu o faça passar","T'i rambûer iã xe remimborarama, t'amongûabyne",,
Deveria eu por bem ensiná-lo,Aîmbo'e be'ĩmo mã,,
a segunda vez dele,i mokõîa,,
o limiar da porta,okena robapy,,
"No caso de morrer algum, o que fica não pode casar-se com algum irmão ou irmã de seu cônjuge falecido","Amõ re'õneme, opytaba'e nd'e'ikatuî omendá o mendasabambyra asykûera amõ resé",,
"Arrependeu-se, depois disso, de ter comido aquele fruto?",Oîmoasype a'e riré a'e 'ybá 'uagûera?,,
"Que disse Deus, vendo seu frouxo pudor?",Marã e'ipe Tupã i tĩîeraba repîaka?,,
Enfileirei-o,Asysyrung,,
Para outra coisa que não o pássaro a flecha foi,Gûyrá taté u'uba sóû,,
Leva-o completamente,Ererasó nhetekatunhẽpeũî,,
isso mesmo,ebokûeîba'e a'e,,
Eu sou melhor que tu,Xe katu-eté nde suí,,
"Ave Maria, a que está cheia de graça","Ave Maria, graça resé tynysemba'e",,
Vou mesmo castigar-te,A'e tenhẽ nde nupãmone,,
"Aqueles serão os futuros habitantes do fundo do nosso fogo, os que serão queimados","Aîpó îandé ratá gûyra porama, sapypyrama",,
Do céu vieste,Ybaka suí ereîur,,
Viram seus discípulos a vinda dele?,Osepîakype i boîá tura?,,
"lugar em que dormem os japuguaçus, também antigo nome da Ilha de Santana, da cota leste do Brasil",îapugûasu-kesaba,,
Eram muitos mesmo todos os que diziam isso,Setá tenhẽ erimba'e opab aîpó 'îarûera,,
Fiz fogo,Aîatapy,,
"Eia, amai a Jesus, a verdade!","Îesu, mba'eeté, pe'ĩ, pesaûsu!",,
Veio de novo ao lugar em que estavam deitados seus discípulos?,Our benhẽpe o boîá rupápe?,,
"São muito molestos, certamente, os tropeços de nossa caminhada",Iîabaíbeté nhẽ rakó asé atá mysakanga,,
"Forçaste alguma mulher, sendo tu ladino com ela?","Ereîukaípe kunhã amõ, sesé nde ara'apy'iramo?",,
Afasta o diabo deste dia em diante,Eîpe'a Îurupari kó 'ara suí,,
Esbofeteei suas nádegas,Sebira aîpetek,,
Afasta-te!,Eîepe'a!,,
Fiei o algodão,Aamyniîu-poban,,
Eu sou muito barulhento,Xe pugûasu,,
"Eu, tão somente",Ixé anhotenhẽ,,
Toma mais outro,Eîar-y bé amõ,,
Eu sou garrido,Xe araakasyk,,
Vou-me esconder!,Asópe ûinhemima ká!,,
"Eis aí teu filho, ó mulher!","Ebokûé nde membyra, kunhã gûé!",,
Mudo-me,Asem,,
Caprichei nele,Aîmomatueté,,
"Ficaste impotente diante de tua esposa, detestando-a?","Erenhemote'õ'ape nde remirekó supé, i amotare'yma nhẽ?",,
"Estou atrás dele (isto é, no seu encalço)",Sakypûeri aîkó,,
"É no final da missa que entras sempre, manifestamente consciente?","Missa mondykápe épe ereîké îepi, nde îesûere'yîpe",,
a palavra de Deus,Tupana nhe'enga,,
"Na verdade, ver-me-eis futuramente estar sentado ao lado direito de Deus-Pai",Anheté pesepîak irã Tupã Tuba 'ekatuaba koty xe gûapyka xe renane,,
A canoa já está pronta,I aûîé umûã ygara,,
"Ah, eu estou muito quente aqui!",Xe rakubeté kó mã!,,
Passou a aflição,I pûer tekoaíba,,
Põe a espada na bainha dela,Eîmondeb itangapema surupe,,
Fiz-lhe cócegas,Aîpokirik,,
meu escravo,xe remiaûsuba,,
"Se me mandasse, iria","Xe mondórememo, asómo",,
"Contaste a maledicência de alguém, sendo mexeriqueiro?",Ereîmombe'upe abá marã'eagûera nde mba'epûeramo?,,
Eu estou com a boca entreaberta,Xe îuru-bok,,
"Muito a propósito comportei-me como filho de Deus, fazendo-me batizar","A'eboé Tupã ra'yramo anhemoingó re'a, gûinhemoîasukuká",,
"A dança é que é boa, enfeitar-se, pintar-se de preto","Moraseîa é i katu, îegûaka, îemoúna",,
"Semelhantemente a isso fizeram com seus pés, pregando-os também com cravos?",A'e rame'ĩpe ybŷá i py rerekóû itapygûá pupé i moîáno?,,
Aliaste-te com tua comborça?,Ereîekotyápe nde nhemõîa resé?,,
"Vem, nomeia os que tu derrotas por aí","Îori, esenõî angá kûeîbo nde remimoaûîé",,
São muito molestos os tropeços de nossa caminhada,Iî abaíbeté asé atá mysakanga,,
Obra-prima sou eu,Ixé-tene îaeté,,
O próprio Deus distinguiu o padre como seu substituto,Tupã é abaré oîmoîa'ok gûekobîaramo,,
Sob a areia branca,Ybyku'i-tinga gûyri,,
"Mulher bondosa, uma virgem",Kunhã-angaturama ababykagûere'yma,,
A cada dez dar um como quinhão de Deus,Opá kó mbó îabi'õ moîepé me'enga Tupã potabamo,,
Não se afligem os outros?,N'oîkotebẽî amõba'e,,
Fiz enfiada de peixes,Aîmoapytam pirá,,
"O homem que tenta, sem êxito, ter relações sexuais com uma mulher, não pode casar",Apŷaba kunhã resé o ekó osa'angîepéba'e nd'e'ikatuî omendá,,
"Sê tu guardião de mim, sob tuas mãos colocando-me","Nde morerekoar xe ri, nde pó gûyrype xe nonga",,
homem membrudo,abá-tubixaba,,
"Hei de ir para o rio dos paratis, ao bando dos tupiniquins","T'asóne parati'ype, tupinakyîa re'yîpe",,
Ficando a chacotear as pessoas,oporokurá-kurapa,,
"Coloquei uma ponte, fiz uma ponte",Anharybobõ-rung,,
Finalmente ele a levou,Té ahẽ serasóbo ko'yté,,
"Curou-o, somente tocando sua orelha, imediatamente fazendo-a sarar, colando-a","Oîposanong i nambi atõîa nhote, aûnhenhẽ i monga'ẽmo, i moîepotá",,
"O cauim está pela metade da vasilha, somente",Kamusi ku'a rupi nhote kaûĩ reni,,
"Na missa toma o pão em suas mãos, benzendo-o, sobre ele pronunciando as palavras de Nosso Senhor Jesus Cristo","Missa pupé miapé rari o pópe, sobasapa, i 'arybo Îandé Îara Îesu Cristo nhe'engûera ra'anga",,
Para a coutada do rei ele foi para cortar madeira,Morubixaba ybyragûype ahẽ sóû ybyrá-'apa,,
raramente,amõneme nhõ,,
muitas coisas miúdas,ta'yrĩ-rĩ,,
"Assassinaste gente após acabar a guerra, matando prisioneiros?","Ereporapitipe marana pab'iré, mbiarûera nhẽ îukábo?",,
"Muito bem, então! Que venha","Aûîebeté, rõ! T'oú",,
Deixo-o levar,Arasó-ukar,,
"Ergueu-se com as feridas de suas mãos, de seus pés e de seu flanco?","O pó, o py, o yké kutukagûera bépe erimba'e ogûeropu'am?",,
Untei as penas de pássaro (para me emplumar com elas),Aîmongy gûyrá-aba,,
Igualmente fazem o mal,Oîoîá marã sekóû,,
"Eia, que eu vá!",Ene'ĩ t'asóne!,,
Faço trejeitos com a boca,Xe îuru-memûã,,
"Eis que sobre o capim ele está deitado, no lugar de comer da vaca","Kapi'ĩ sosé kó tuî, tapi'irusu karuápe",,
medroso,sykyîebora,,
Que deteste a vida má,T'aroŷrõ tekomemûã,,
Escondendo ser sua parente verdadeira a que ele perverteu,O emimomoxypûera o mũetéramo sekó kuakupa,,
o patrimônio dado a mim por meu pai,xe ruba xe mba'eme'engaba,,
lua minguante,îasy-angaîbara,,
Tendo saudades de tua face,Nde robá repîaka'upa ,,
Reconciliei-os um com o outro,Anhonongatu o îoupé,,
Desvirginaste alguma menina?,Eresugûykápe kunhataĩ amõ?,,
Eu sou exaltado,Xe kagûaíb,,
Gastei-o totalmente,Aîmongûy-pab,,
Os que confessou com os que escondeu voltará a confessar,O emimombe'upûera o emikuakugûera irũmo bé i mombe'uîebyrine,,
Lado a lado seus cadáveres ao longo do mar estavam,Oîoybyri se'õmbûera paranã ybyri i kûáî,,
Eis que vou,Asó ikó,,
Defeco,Apoti,,
Vim para informar-te sobre minhas chacinas,Aîu nde momorandupa xe porapiti resé,,
Veio também sua panela para que os cozinhe adiante de mim,"Oú bé senha'ẽpepó, t'omoîy xe renondé",,
"Vai, por acaso?",Osó nipó?,,
Farei todos pecarem de novo,Aîmoangaîpá pá benhẽne,,
"E pois, como há de ser?",marã-tepene?,,
Bem nesse momento perdoou a Pilatos,A'eîbé Pilatos supé oîerekûabamo,,
"Hoje, assim, nossa estada de modo nenhum nos impedem","Kori, nã, îandé rekó îandé moarûapa angá",,
Manda pregá-lo na cruz,Eîmoîar-ukar ybyraîoasaba resé,,
Estou bem (deitado) Aûîé aîkó - Estou bem,Aûîé aîub,,
"Eu estou no cio, eu estou saída",Xe kûaruru,,
"Eia, advogada nossa!","Ene'ĩ, oré îeruresar!",,
"Para onde Pilatos retirou-o, então?",Mamõpe Pilatos senosemi a'ereme?,,
A mirra de polpa era o anúncio de sua futura morte pela gente,To'o suí mirra moroesé se'õagûama mombegûaba,,
Abrimos caminho,Oroîepeká,,
A Santa Maria o pecado não chegou,Santa Maria resé tekopoxy nd'obasemi,,
Queimar-vos-ão as chamas!,Pe rapy tatá-endyne!,,
Eis que o tempo está para chuva,Amãpytuna ã,,
"Estão queimando, conservando suas vidas",Okaî oúpa o ekobé rerekóbo,,
Tinjo-o com jenipapo,Aîmongy îanypaba resé,,
Induziste alguém a coisas más em seus futuros atos?,Ereîmoîesuerype abá mba'eaíba ri sekorama resé?,,
"Ontem, aos brancos deram combate","Kûesé, karaíba ri i pokoki",,
Esfreguei a pele dele,Aîpi-momemûã,,
"Com ele, hoje, vamos atacar os temiminós, cercando imediatamente sua terra","I ndi, kori, t'îasó temiminõ repenhana, aûnhenhẽ setama amana",,
"Dizendo algo, digo asneiras",A'é tenhẽ marã gûi'îabo,,
"Serão bons, doravante","I angaturam, ko'yré",,
Eu sou muito gordo,Xe kyragûasu,,
Já ia,Osó ymûã,,
Vendi coisas,Amba'e-ma'e'ĩ,,
"Somente estas, na verdade, retirei dos malditos","Kó nhõ anosẽ, îepé, moxy suí",,
o que foi encarcerado na prisão,mundeokype i mondebypyrûera,,
Pu-los em enfiada,Asysybõ,,
Tragamo-lo!,Îaru!,,
"Alegrai-vos, meus filhos, por minha causa","Pe rory, xe ra'yretá, xe ri",,
Santa Maria está pensando na aproximação de seu parto,Santa Maria o membyrá-kakara omo'ã-mo'ang,,
Eis que eu faço as pessoas estarem sempre na bebedeira,Ixé kó ka'u resé aporomoingó îepi,,
este outro (e não ele),koba'e-te,,
"Ah! Na verdade hei de me enfeitar, pintando-me de preto",Erĩ! Aûîeté-pakó aîegûak ûinhemoúna,,
Estes habitantes da aldeia sob minhas mãos estavam,Kó tabygûara xe pó gûyrybo sekóû,,
o desejo sensual que ele não torna costumeiro,moropotara semipokuabe'yma,,
Amando muito sua santificação,O karaibagûama raûsukatûabo,,
Como a gente procede para o cumprimento da vontade de Deus?,Marãpe asé rekóû Tupã remimotara moporagûama resé,,
"Sendo ignorantes, sem mais, assim me tratam",O tekokuabe'ymamo nhẽ emonã xe rerekóû,,
"do lado da superfície de, do lado de fora de (pex, de um vaso, de algo que tenha lado interior e exterior)",i apé koty,,
"Vivo na mancebia, vivo amancebado",Agûasá pupé aîkó,,
Que não te moleste o diabo,Ta nde moangekoaíb umẽ Anhanga,,
Eu tenho a carne palpitante,Xe ro'o-tytyk,,
O que se preocupa com Deus,Tupã resé o nheangerekosara,,
"Após nossa perdição, Deus fez uma mulher bondosa","Îandé kanhem'iré, Tupã amõ kunhãngatu monhangi",,
"O ouro era o meio de anunciar que ele era um príncipe, um rei","Itaîuba morubixaba, Reiamo sekó mombegûaba",,
"Que sejamos corajosos, sim","T'oré pyatã, angá",,
Não! Estou bêbado,Aanumẽne! Asabeypó,,
Trata-la-á como uma escrava?,Miaûsuba îabépe serekóûne?,,
Eis que vou (não se podendo traduzir por eis que fui),Asó iã,,
Eu arquejo,Xe ukûakûar,,
Parece flutuar,Obebuî-berame'ĩ,,
Para que Deus criou a esposa dele? -Para sua futura ajudante,-Mba'erama resépe Tupã semirekorama monhangi? -I pytybõsarama resé,,
marca antiga de facada,itá-kysé-porûera,,
"Esse santo, pela primeira vez, fez verter seu sangue",Kó santo ranhẽ ypy og ugûy mo'ẽ-ukar,,
Eis que são vistos os cadáveres daqueles manterem sua incorruptibilidade,Sepîakypyra niã aîpoba'e re'õmbûera o marane'yma rerekó,,
"Expulsou-o do Paraíso Terreal, sua morada",Oîmosem Paraíso Terreal sekoaba suí,,
"Porventura é terra, na verdade, a nossa carne?",Yby anhẽ nipó asé ro'o?,,
"Meu anzol muito ditoso há de pescar para ti, puxando bem os canapus e as arabaianas verdadeiras","Xe pindá-porangeté t'opindaîtykyne endébo, kunapu rekyîetébo, gûaraobanhaneté",,
como retribuição por seu procedimento,sekoagûera repyramo,,
Com pranto estai como modo de louvar o que entra junto a vós,Îase'o rakó perekó peẽmo teîkeara moetesabamo,,
Qual outro é guerreiro senão ele?,Maratekoara aé-amẽ ahẽ?,,
A gente se inclina para os santos que estão no céu também?,Oîerokype asé santos ybakypendûara supé bé?,,
Ide pelas aldeias,Pekûá taba rupi,,
"Tua casa santa edificamos, amando-te, tua imagem fazendo estar conosco","Nde rokangaturamûama oroîmoĩ, nde raûsupa, nde ra'angaba rerokupa",,
"Sendo isso assim como é, vós também não reconheceis que vos enterrarão?",Aîpó e'ymetépe peẽ bé ybŷa pe tymagûama na peîkuabi?,,
Quem cumpre aquele (mandamento)?,Abápe aîpoba'e oîmopor?,,
Que vá (com ênfase),T'e'i osóbo,,
ainda agorinha,ramo'ĩ,,
Levei todos,Opab arasó,,
linha de pescar delgada,pindasã-po'i,,
"Sua mãe, cobrindo-o bem, defende-o do frio","I xy i aso'ikatûabo, oîopîá ro'y suí",,
"Eu não queria vir, irando os homens brancos","Xe n'aîu-potari biã, karaíba moabaîtébo",,
Eu tenho a mão parcialmente descoberta,Xe robá-seb - Eu tenho o rosto parcialmente descoberto Xe pó-seb,,
Nomeia tudo,Esenõî mbá,,
"Não tendes ouvidos, como de costume","Na pe apysáî, îandu",,
Os que têm a beatitude são os que apaziguam as pessoas,Tekokatueté rerekoara oporomonhyrõba'e,,
Porventura tinha o maldito sua cintura rompida?,I ku'a-sorok serã moxy?,,
Eis que ides Ides (agora),Pesó ûĩ,,
Vou ao caminho das pessoas,Asó morapépe,,
"Conhece bem as guerras, ficando a esperar escondido as pessoas","Oîkuá-katu marana, morapearõ-arõmo",,
"Aimbirê, levemos os malditos logo, para alegrar os que ficaram em nossas casas","Aîmbiré, îarasó muru taûîé, îandé roŷpyra moesãîa",,
Detesto minha lei antiga,Aroŷrõ xe rekopûera,,
o que foi morto,miîukapûera,,
Ele passou defronte de Nhoesembé,Sobábo akûab - Diante deles passei Nhoesembé robábo i kûáî,,
Novamente o soube,Aîkugûab amõ,,
"o que Deus faz, o feito de Deus",Tupana remimonhanga,,
Pensaste nalguma mulher?,Nde py'anhemongetápe kunhã amõ resé?,,
Uma roupa vermelha colocando nele,Amõ aó-pyranga mondepa sesé,,
Meu senhor Jesus sofre pela gente,Xe îara Îesu sosang poresé,,
Acaso todo o seu intestino caiu pela fissura de sua cintura?,Opakatu serã sygeapûá-kuîamo i ku'a sorokaba rupi?,,
Com seu filho não se importando,O a'yra resé oputupabe'ymamo,,
O que me guarda é o habitante do céu,Xe rarõana ybakygûara,,
Está molestando as pessoas,Oporomoaîu oîkóbo,,
para nosso encorajamento,asé mopyatãgûama resé,,
"Amando os homens, nós nos preocupamos com eles",Apŷaba raûsupa nhẽ oré putupá sesé,,
Desfaleço de fome,Amanõaíb ambyasy suí,,
Eu estou caindo de sono,Xe kerá-kerar,,
Eu não tenho sapatos,Na xe pyapasabi,,
"A noite toda, após sua grande bebedeira, vou falar aos ouvidos dos índios","Pysaré, i ka'ugûasu riré, asó abá rerobobõmo",,
Eis que a virtude somente há de ser o modo de se libertar da morte,Tekokatu anhõ ã te'õ suí îepysyrõsabeté re'a,,
"Vem para arrancar logo, de dentro dela, o tinhoso","Îori sekyîa taûîé, i py suí, serubu",,
Muito bem! (consentindo),Aûîé ipó!,,
os que devem ser honrados,i moetepyra,,
Por que a gente põe a cruz na testa?,Marãnamope asé o sybápe îoasaba moíni?,,
"Vim para ficar de vez (isto é, para morar)",Gûitu aîur,,
Como será que um habitante do inferno viveria neste mundo?,Marãeté'ĩ ra'umope amõ Anhanga ratá pora rekóû ikó 'ara pupé?,,
O que acredita na dança do chocalho,Maraká poraseîa rerobîasara,,
O que nos faz estar segundo a vontade de Deus,Tupã remimotara rupi asé moingosara,,
"E o que, torpemente, tem relações sexuais com sua parenta verdadeira?",A'epe o mũeté resé oîkopoxyba'e?,,
Lembrando-se de que Deus os honra muito no céu,Ybakype Tupã i moeté-katu resé o ma'enduaramo,,
maldade (lit - qualidade da alma ruim),angaipaba,,
"Vossos avós todos com pranto estavam, recolhendo-se","Pe ramỹîa pabẽ rakó îase'o rerekóû, îemoingeabo",,
Tu costumas levantar-te no lugar em que estás diante de teu pai?,Nde pu'amixûé nde îekûápe nde ruba pé?,,
"Existe a confissão, remédio portador de cura","Oîkobé îemombe'u, mosanga mûeîrabyîara",,
"Caem às vezes os frutos de suas árvores, sendo ainda flores, outras vezes em seu estado verde, outras vezes após amadurecerem caem","Okuî rakó amũme 'ybarambûera o 'yba suí 'ybotyramo oîkóbo bé, amõ rakó ogûakyra pupé i kuî, amõ rakó ogûaîub'iré i kuî",,
Eu brilho,Xe rendy,,
Chamo os homens,Asenõî apŷabetá,,
Eu sou manchado,Xe rabarab,,
E Judas não se afligiu junto aos judeus pela traição a seu senhor?,A'epe Îudas n'oîkotebẽî Îudeus supé o îara me'engagûera resé?,,
Dentro de um túmulo de pedra o puseram,Itá karamemûã pupé i nongi,,
"Ah, nossos avós muito quiseram verdadeiros substitutos seus para nós",Té! Oîpotareté îandé ramuîa o ekobîareté îandébe,,
Nem por isso eu vou para longe,Ndaroîaî mamõ xe sóû,,
Mas esconde-me dele!,Xe mĩ-te îepé i xuí!,,
Também por embriaguez ficando a ferirem-se uns aos outros,Sabeypora suí bé oîoapixá-pixapa,,
Jazo acordado,Aîubé,,
Piquei-o,Aîopi,,
Este santo faz aquele que a ele roga alcançar suas coisas sumidas ou seu escravo fugido,Kó santo o mongetasara oîmoîekosub i mba'e i kanhẽmbyra koîpó semiaûsuîababa supé,,
Fico a espojar-me,Anhemonduby-ndubyr,,
Do nada fez nossa alma,Nama'eruã oîmonhang asé 'angamo,,
Eu faço bochecha (comendo),Xe ratypygûasu,,
Pratica o que tu aprendeste,Eîporu nde nhembo'eagûera,,
Trago-o no meu colo,Xe ambyî arekó,,
Lamento tua ida,Aîmoasy nde só,,
Eu sou mal-encarado,Xe resakûarasy,,
Devem ser substituídos a esposa ou o marido verdadeiros que estão em vossas residências?,Sekobîarõmbyrape temirekoeté koîpó meneté pe retãmendûara?,,
Que coisas quer o diabo?,Mba'e-mba'epe Anhanga oîpotar?,,
Assim havemos de nos acariciar?,Nã takó îomomoranga re'a?,,
Eu chorei até ficar com olhos avermelhados,Xe resaapytãpytang,,
"Aprende acerca da palavra de Deus em que crerá, que cumprirá também",Onhembo'e Tupã nhe'enga o emierobîarama resé o emiporama resé bé,,
Resisti-lhe (defendendo-me),Anheran i xupé,,
"Ele (isto é, o mar, o rio) não é fundo",Na typyî,,
"Que venha, por teus pedidos, Deus para nos fazer felizes","T'oú, nde îeruresápe, Tupã oré moorypa",,
"Será que Nosso Senhor estava muito angustiado, longamente rezando a Ele?",I angekoaí-katu serã Îandé Îara i mongetapukûabo?,,
Eis que o adversário costumeiro da alma do homem é ele,Eboûĩ abá 'anga rupîatyba a'e,,
campo limpo,nhũasyma,,
"Cobrindo-o sua própria mãe, na verdade, com seu véu",I xy aé ipó opîá o akangaobĩ pupé,,
"Eis que era costume, então, batizar",Ã tekó a'ereme moreroka,,
Se não fosse a vinda do fulano,Ahẽ ruraba a'eîponomã,,
Todos os seus discípulos para tuas mãos fazendo-os passar,Opá o boîá nde pópe i mongûapa,,
"E o que tem excitação por sua amante, que acontece?","A'epe o agûasá resé segûyrõba'e, marã?",,
Firmei-o comigo,Aroten,,
Não desiste nosso inimigo de sempre nos tentar,N'i apori oré sumarã îepi nhẽ oré ra'anga,,
"Hei de me confessar ainda hoje, antes de me surpreender a morte","T'anhemombe'une kori bé, te'õ xe resapy'a e'ymebé",,
É muitíssimo terrível cair o homem nas mãos de Deus,I abaeté-tekatueté Tupã pópe abá 'ara,,
A bondade de sua vida em mim se fortaleça,Sekopûera angaturama xe resé t'oîeratã,,
Estou na medida,Taé a'e,,
"Por isso mesmo os moços entram sempre no lugar de beber cauim, ali atacando as moças","Nd'e'i te'e kunumĩgûasu oîkébo memẽ kagûápe, a'epe kunhãmuku repenhana",,
Trava-me a língua esta fruta,Xe apekũ-mombyk ikó 'ybá,,
Eu estou amargo,Xe 'ak,,
"o que tem fome, o faminto",i ambyasyba'e,,
Estou sendo muito miserável,Xe poreaûsukatu gûitekóbo,,
"Sobre grelhas de moquear, de ferro, assaram-no",Moka'ẽ itá îurá 'arybo sesyri,,
Guardando-nos,Îandé rarõmo,,
Ensoberbeci-me acerca de mim mesmo,Aîerobîá xe îoesé,,
Ele é muito bom,I katu-pyryb,,
Mas não foi nosso pai que fez nosso corpo?,N'asé ruba ruã-tepe asé reté oîmonhang?,,
Ela é fininha e comprida,Ta'yrĩ'i-muku,,
É-lhe natural a valentia,Sekoaba é kyre'ymbaba,,
"Ao fustigar o sol a terra, eu vim","Ara yby sokeme, xe ruri",,
Colocando-o dentro de um túmulo de pedra em que ninguém estava enterrado,Itá karamemûã abá tymagûere'yma pupé i mondepa,,
por meio da oração,tupãmongetá pupé,,
"pedra de amolar que gira, pedra de barbeiro",itakynhatimana,,
Interessando-se também por sua felicidade,Sekobekaturama resé bé onhemboryryîa,,
Irei hoje ao mar,Asó kori paranãmene,,
Entregando-me à morte tu me beijas o rosto,Te'õ supé xe me'enga xe robá-pyter îepé,,
Pusemo-nos em fila,Oroîeysyrung,,
Que não esteja o maldito perto de mim,T'oîkó umẽ moxy xe ypybo,,
"Por isso mesmo o homem que quer a virtude se esvazia de corpo, fazendo-o jejuar","Nd'e'i te'e abá tekokatu potasara og o'opore'yma, i moîekuakupa",,
Ficaste dono daquilo que alguém esqueceu?,Ereîpysyrõpe abá resaraîagûera?,,
"Sua vida bondosa tendo, nossa alma regozija-se","Sekó-katu rerekóbo, îandé 'anga îekosubi",,
indo eu voando,gûymaenhẽ gûixóbo,,
Arei-a,Aîybyyby'ab,,
Eu tenho diarréia com sangue,Xe rebykasy-pyrang,,
Continuei,Aîepotabẽ,,
"Após fazer a São João Batista, seu primo, batizá-lo",São João Batista o i'yra pé onhemoîasuk-ukar'iré,,
"cabeça baixa, desânimo",akã-gûyra,,
como este,kó îá,,
Eis que vou,Ebokûé asó,,
"o que lavra as madeiras, o carpinteiro",ybyrá pandara,,
Não sei (ignoro),N'a'ekatuî,,
Faço-o ficar com firmeza,Ten amo'e,,
Acovardo-me,Amembek,,
Quase que fui,Asó só,,
"A mãe de Deus, senhora desta aldeia, não queirais apresá-la","Tupã sy, kó tabyîara, na pemoembiá-potari",,
Tendo dor de suas queimaduras,O kaîa moasŷabo,,
"Os corpos dos que são bons serão sutis, brilhando mais que o sol",I angaturamba'e reté i pokãngatu kûarasy sosé oberapa,,
Hei de cumprir tuas palavras,T'aîmopóne nde nhe'enga,,
A respeito dele lembrando-se,Sesé oma'enduaramo,,
Graças a Deus meu pai veio!,Our-eté'ĩ xe ruba mã!,,
Não poderás doravante juntar-te a tua esposa,Nd'erekatuî xûé angiré nde remirekó rerobyka-ne,,
E vosso rei não tem riquezas?,A'epe n'oerekóî pe rubixaba ma'e?,,
extremidades de minhas mãos,xe pó apyra,,
Para um príncipe que tinha nome Anás,Morubixaba Anás seryba'e supé,,
"Em vão crêem em ti (lit, acham-se, em vão, crendo em ti)",E'i tenhẽ nde rerobîá,,
Apropriaste-te de alguma coisa?,Nde mondápe mba'e amõ resé?,,
"A gente mesma acovarda-se, consentindo-o",Asé aé oîemoabangá i mborypa,,
Hei de obedecer muito a ele doravante,Asapîá-katupe angiré ká,,
Acenaste com a cabeça para alguma mulher?,Ereîe'aîtykype kunhã amõ supé?,,
"Atiras nele, o dia todo, as palavras mentirosas",Nhe'ẽ-porangu ereîapi ko'arapukuî,,
Hei de revirar seu ventre opilado!,T'aîpobu sygé-aponga!,,
Dentro de tuas entranhas como criança estando (deitado),Nde ybỹîa pupé pitangamo oúpa,,
"Tua alma está muito branca, como roupa lavada","Morotĩngatu nde 'anga, aoba i potukapyra rame'ĩ ",,
Orando eu para Deus,Tupã supé ûiîerurébo,,
Estavam dormindo por causa da aflição,Oker okûapa tekotebẽ suí nhẽ,,
Assim hoje procederei,Emonã kori aîkóne,,
Mas que procurais nesta minha terra?,Mba'e-tepe peseká kó xe retama pupé?,,
"Escaparão futuramente os animais de caça, os pássaros, os peixes, as matas?","Okûabépe irã so'o, gûyrá, pirá, ka'a?",,
"Levaram-no, com suas ataduras, para Pilatos, o governador",Pilatos ybyrarerekoara supé i popûasaba resebé serasóû,,
Faço-as umas atrás das outras (se são muitas),Aîmoîoakypûé-kypûer,,
Fazendo-me erguer o rosto,Xe moobaybaka,,
Vim do céu pelo interior de vossas ocas,Aîur ybaka suí pe rokybỹîa rupi,,
Ao lado de sua própria mãe a criança está deitada,O sy posé pitanga ruî,,
"Ao comer junto dos seus discípulos, o pão que apanhou em suas mãos devolveu-o","Ogûemimbo'e pyri o karuápe, miapé o pópe gûemiîara i moîebyû",,
"Fizemo-nos passar uns aos outros, passamos uns com os outros",Oroîoerokûab,,
"Cantemos um pouquinho, primeiro",T'îanhe'engá-mirĩ ranhẽ,,
Hei de ir contigo hoje,T'asó nde pyri kori,,
"muitos outeiros, serrania",ybyty-bytyra,,
Não cozendo sequer sua comida,O emi'urama tiruã moîybe'yma,,
Eu sou certeiro,Xe pûakatu,,
E no caso de não acabar sua dívida neste mundo?,A'epe ikó 'ara pupé sepy syke'ỹme?,,
Também não pode aquele excomungado miserável ouvir a missa,Nd'e'ikatu béî aîpó i pe'apyra'uba missa renduba resé,,
"Hei de comer hoje seus braços (fora do corpo, isto é, o que foram seus braços)",T'a'u kori i îybapûera,,
"Ah, como desejo aquela mulher casada!",Aîpotá-te kûé kunhã-mendara mã!,,
enfeitando minha cabeça,xe akanga moîegûaka,,
Chamusquei-o,Asereb,,
Amarrei-o pelos pés,Aîpukusãmoín,,
Quanto mais eu haveria de ir,Memetémo n'ixé ûixóbo,,
Prega-o na cruz,Eîmoîar ybyraîoasaba resé,,
Choravas sempre,Ereîase'o îepi,,
"Seus antigos companheiros, então, em troca de cauim dei aos índios","Irũmbûera, akûeîmebé, kaûĩ repyrama ri aîme'eng abá supé",,
Em meio de campo repartindo-os,Nhũ-myterype i mbo'îabo,,
Todos os bens de meus avós joguei fora,Opá xe ramyîa ma'epûera aîtyk,,
Cortei-lhe a garganta,Aîaseó-mondok,,
São um monte os seus antigos vícios,I aty sekopoxypûera,,
Não pode com ela casar-se enquanto a mantiver em esconderijo,Nd'e'ikatuî sesé omendá mimbápe serekó pukuî,,
Que puseram sobre sua cabeça?,Mba'epe onong i akanga 'arybo?,,
"Viram os anjos a Deus, seu criador, quando ele começou a criá-los?",Osepîápe karaibebé Tupã o monhangara o monhang-ypyreme?,,
Espremi mandioca,Amiamĩ,,
"Junto a ela, primeiramente, os padres foram, anunciando a Deus","I xupé, ranhẽ, abaré, Tupã mombegûabo, i xóû",,
A todos os homens ama para o bem deles,…Opabĩ abá raûsubi i katurama resé,,
"Aimbirê, vem diante de mim!","Aîmbiré, eîori xe robaké!",,
dia de guarda e de jejum,"ara i pîasaba, îekuakupaba",,
A não ser que Deus não a fizesse estar consigo,Tupã serekó e'ymetemonaémo,,
Lancei-o no chão,Aîmombor ybype,,
Eu sou rechonchudo,Xe asang,,
É difícil para mim tentá-los,I abaí xébo sa'anga,,
Com uma lança espetou seu flanco,Itamina pupé iî yké kutuki,,
Não pode outra pessoa batizar em vez do padre?,Nd'e'ikatuîpe amoaé abá oporomongaraípa abaré suí?,,
Vinde para receber as determinações a vós no lugar em que vos ajuntais,Peîori pe nheŷnhangápe pe rekorama rá,,
tirante a vermelho,pyrã-mbyryb,,
"Além disso, atrai-os o cauim transbordante nas igaçabas",Ygasápe kaûĩ-tuîa a'e ré îamomotá,,
Vamos hoje para trazer alguns assim desse jeito,Emonã nungara amõ t'îasó kori seru,,
Mandando-os fazer afastar-se logo de suas maldades,I angaîpaba suí i moîepe'aesapy'a-uká,,
Benzi-me a testa,Aîesybasab,,
Por que bates em mim?,Marãpe xe ri erepûá?,,
Ele tem olhos claros como seu pai,Og uba rupi ahẽ resatingamo,,
Para nos honrar os índios fazem festa,Îandé moetébo apŷaba nhemosaraî,,
riacho,yekûabusu,,
Pesco com rede,Aîeporakar,,
Como o nosso perdão aos que nos tratam mal,Oré rerekomemûãsara supé oré nhyrõ îabé,,
Nós somos poucos (em relação ao número de pessoas que seriam necessárias),Oré retapokang,,
"Não encontrei nem um pouquinho, absolutamente, algum ato deste homem no mal",N'abasẽ-mirĩ-angáî marãbirĩ ikó abá rekopûera amõ supé,,
"Consola-se muito o homem, de fato, com as coisas que estão contidas neste mundo",Onhemoapysy-katu rakó abá mba'e ikó 'ara pora resé,,
E como alguém procederá encontrando aquilo que esqueceu?,A'epe marã abá rekóû a'e o esaraîagûera supé ogûasemane?,,
Os que se fizeram matar por causa de Deus,Tupã resé oîeîuká-ukaba'epûera,,
Botei-me os ovos,Aîupi'a-mombor,,
Vem para amedrontá-lo,Eîori i mosykyîébo,,
Veio atrás de mim,Xe pytaî turi,,
É terrível minha captura,I abaîté xe rembiasaba,,
Ajo mal,Marani aîkó,,
"sobre os ombros de duas pessoas, de um e do outro ombro (como a levar uma escada muito comprida)",o îoati'yba ri,,
Eis que também minhas muitas presas hei de dar algumas a ti,Kó bé xe rembiaretá t'ame'ẽne amõ endébo,,
Mencionaste o nome de alguém para o padre?,Ereîmombe'upe abá rera abaré supé?,,
"Querem, sem mais, que as amem, ficando a enfeitar-se","O aûsuba oîpotarĩ, oîemomorã-moranga",,
ponta de galho,sakãpyra,,
os reis inimigos de Deus,Tupã sumarã reîa,,
Arranquei o invólucro dele,Aînhubã-rok,,
cume de casa,okapyra,,
"Eis que aqui estou, procurando-te",Kó xe rekóû nde reká,,
Urinei,Akaruk,,
Todas as nuvens que caem do céu cobrirão a terra,Yby opá ybytinga ybaka suí o'aryba'e i aso'iûne,,
"O que, dizendo em vão ""-Eis que é assim, por Deus"", não o cumpre","I pore'ymba'e ""-emonã kó Tupã resé"" o'îabo tenhẽ",,
Eu não levanto a cabeça,Na xe 'aîubyri,,
Querendo que eles se afastem de Deus,Tupã suí i îepe'a-potá,,
Irrito-me habitualmente,Xe îemoŷrõndûer îá,,
Amortalhei-os,Aîapyear,,
Três de seus discípulos,Mosapyr o boîá,,
"Aimbirê, levemos os malditos logo para alegrar os que ficaram em nossas casas","Aîmbiré, îarasó muru taûîé îandé roŷpyra moesãîa",,
Faz-me sair sempre da aldeia o padre,Xe mosẽ memẽ taba suí abaré,,
Passamos uns atrás dos outros,Orokûaka'ar,,
couraça com lâminas,itaoba i apenhugûã-nhugûanyba'e,,
"Minha embarcação (isto é, a que me contém, não aquela que me pertence)",Xe ruru,,
Por causa da estrela sua guardiã,Îasytatá serekoarama resé,,
fazendo-te viver no meu coração,nde moingóbo xe py'ape,,
"Cresceram muito as águas (isto é, subiu a maré)",Our paranã - Subiu a água do mar Ourusu 'y,,
Estareis aflitos hoje,Peporeaûsu korine,,
Logo o vento se levantará,Koromõ ybytu pu'amine,,
Aqui é minha casa,Iké xe roka,,
"Enfim, os moços escondem seus muito maus procedimentos, calam-nos","Aûîé kunumĩgûasu o ekoaibeté oîomim, oîkuaku",,
Não beberás hoje o que eu mastigo,Nd'ere'uî xó kori xe remindu'une!,,
Poucos moram nesta aldeia,Mokõînhõ kó taba pupé sekóû,,
"Estava-se calando, não respondendo as palavras deles","Opyk o'ama, i nhe'engobaîxûare'yma",,
Suportando as coisas dolorosas por causa de Deus,Mba'e-asy porarábo Tupana resé,,
Esfregaste teu pênis excitado?,Ereîkytykype nde ragûyrõ?,,
Fiz-me rapaz,Akakuab,,
Olhando detidamente para alguma que foi casada,Mendarûera amõ resé enhemosapysóbo,,
o que seria morto,miîukarambûera,,
"casa assobradada (lit, casa alta)",okybaté,,
Eu me calei,Xe nhe'endok,,
outra coisa,mba'e-aé,,
"Vem, meu compadecedor, por tua bondade","Eîori xe poreaûsubara, nde angaturama ri",,
minhas coisinhas,xe mba'e'ĩ,,
"Ah, se tivesse percebido isso outrora!",Anhandu beémo erimba'e angûama mã!,,
Aquele padre que te batiza dá uma vela na tua mão,A'e abaré nde mongaraipara iraîtytataendy me'engi nde pópe,,
Estou à parte,Aindé,,
Socorri-o,Asepenhan,,
Falastes torpemente para vós mesmos?,Penhe'eng poxype pe îoupé?,,
"Segundo o rito dos judeus, seu prepúcio cortaram",Îudeos ekomonhangábo i 'apira mondoki,,
Mas me esconde tu dele!,Xe mĩ-te îepé i xuí!,,
Com seus irmãos não pode ninguém se casar,O asykûera resé nd'e'ikatuî abá omendá,,
"Uma moça, não tendo doze anos e um rapaz também, não chegando aos catorze anos, não podem casar-se com ninguém","Kunhãmbuku doze ro'y rerekoare'yma, kunumĩgûasu abé catorze ro'y resé i xyke'yma nd'e'ikatuî abá resé omendá",,
Sou feito,Aîemonhang,,
princípio da compaixão,moroaûsubara 'yba,,
"Trouxe muitas destas ostras, com elas querendo alimentar-te","Aruretá kó reri, i pupé nde poî-potá",,
"cara ruim, mau humor",tobasy,,
"Estava longe tua lembrança das coisas, estando a conversar contigo mesmo?","Oîkó kûepe mba'e resé nde ma'enduara, enhemongetábo ekupa?",,
enaltecendo vossos antigos pecados,pe rekopoxypûera momoranga,,
"águas tranquilas, bonança",y-katu,,
Jazi atravessado na rede,Asasab pé gûitupa - Estava atravessado no caminho Aînĩ-asab,,
"Chamusquei o casco dela (isto é, da embarcação, para calafetá-la)",Aîapé-ereb,,
meu estrado,Xe rendaba,,
Eu fiz confusão,Xe apatynã,,
"Eram muitos, para se revezarem uns aos outros nisso, ficando cansados","Setá, sesé oîopuru-purûabo o kane'õ-ne'õnamo",,
"Vim, atravessando o oceano",Paranãgûasu rasapa aîu,,
caçador de pacas,paka rupîara,,
Tomai este meu sangue como vosso resgate,Peîar kó niã xe rugûy pe repyramo,,
poleiro de aves,gûyrá-kesaba,,
"Escondo-me bem, estando deitado aqui",Aîemĩngatu kó gûitupa,,
levemente,bebuî-nhõte,,
Para nos honrar os índios fazem festa,Îandé moetébo apŷaba nhemosaraî,,
Tirei o luto,Aîeaibok,,
"Assim também fizeram com seus pés, pregando-os com cravos?","A'e îá bépe gûá i py rerekóû, itapygûá pupé i moîáno?",,
"Embora ele fosse nosso pai primeiro, o que (lhe) foi dito foi ""-Não comas este fruto""","Aûîeté a'e îandé rubypy, ""-E'u umẽ ikó 'ybá"" 'îagûera",,
Todas as aldeias abrasou,Opabẽ taba mondyki,,
Desprezando-vos completamente antes de fazer entrar vosso senhor,Peîeroŷrõmo aûîé-katu pe îara moingé îanondé,,
Aqui estou para levar seu ventre e também seus pulmões para minha sogra velha,Kó aîkó sygepûera t'arasó i nhy'ãbebuîa abé xe raîxó-gûaîbĩ supé,,
Fez-te subir por te honrar,Nde rupiri nde moetesápe,,
Quem é a que fala a Deus por nós?,Abápe asé resé Tupã mongetasara sekóû?,,
Fico andando à toa,Agûatá-gûatá-tenhẽ,,
Ele mesmo está em todas as igrejas?,A'e memẽpe tupãoka îakatu i kûáî?,,
Cheirei-o,Asetun,,
Que queres?,Ma'epe ereîpotar?,,
Cerquei-o,Aîpemim,,
Uma pessoa em vão enfia a mão num recipiente de água benta,Abá opo'ẽ tenhẽ 'y-karaíba ruru pupé,,
"Conforme ela, curaste os doentes",Supibé eremombûeîrá mara'abora,,
Eu resmungo,Xe nhe'ẽkurukuruk,,
Não foi algum discípulo seu atrás dele?,Nd'osóîpe i boîá amõ sakypûeri?,,
Eu me derreti,Xe ryku,,
Vou novamente,Asó benhẽ,,
"Consola-te muito, enfim, após tua saída da escuridão, da aflição de tua alma",Nde apysy-katu ko'yté pytunusu nde 'anga moingotebẽsagûera suí nde sem'iré,,
Apartei-os,Aîmoîa'ok,,
o que é ruivo,i aîuba'e,,
o que perseguiu o cão de seu próximo,o apixara reîmbaba îagûara remimomosẽgûera,,
Tua pureza seja igual em mim,Nde poropotare'yma t'oîakatu xe resé,,
"Ah, um homem pecador há de ter mais coisas boas que eu!",Abá-angaîpabĩ takó mba'e-katu ogûerekó xe suí mã!,,
"dali, daquela parte (que tu e eu sabemos - nvis)",akûea suí,,
Vou para beber água,Asó 'y gûabo,,
Eu tenho pintas,Xe pinim,,
bem em frente do mar,paranã robaîkatu,,
"Depois disso, os malvados estão, a altas horas, atravessando o interior das ocas","A'e ré, moxy rekóû pysaîé okybỹîa asá-asapa",,
Perdendo o entendimento por causa de bebedeira,Sabeypora suí 'ara mokanhema,,
var de peneira,urupẽ-mby'i,,
A gente o honra como a seu próprio pai?,Og uba îakatutenhẽpe asé i moetéû?,,
